0,1,2,3,4,5,6,7
Name,BMF-LIVE CATTLE CONTINUOUS - LIFE DAYS,BMF-LIVE CATTLE CONTINUOUS - OPEN INTEREST,BMF-LIVE CATTLE CONTINUOUS - PRICE HIGH,BMF-LIVE CATTLE CONTINUOUS - PRICE LOW,BMF-LIVE CATTLE CONTINUOUS - OPENING PRICE,BMF-LIVE CATTLE CONTINUOUS - SETT. PRICE,BMF-LIVE CATTLE CONTINUOUS - VOLUME TRADED
MNEM,BMYCS00,BMYCS00,BMYCS00,BMYCS00,BMYCS00,BMYCS00,BMYCS00
DATATYPE,L,OI,PH,PL,PO,PS,VM
NAME,BMF-LIVE CATTLE CONTINUOUS,BMF-LIVE CATTLE CONTINUOUS,BMF-LIVE CATTLE CONTINUOUS,BMF-LIVE CATTLE CONTINUOUS,BMF-LIVE CATTLE CONTINUOUS,BMF-LIVE CATTLE CONTINUOUS,BMF-LIVE CATTLE CONTINUOUS
ISOCUR,BRL,BRL,BRL,BRL,BRL,BRL,BRL
2001-08-03 00:00:00+00:00,,1230.0,,,,,1217.0
2001-08-06 00:00:00+00:00,53.0,6729.0,43.85,43.8,43.85,43.8,118.0
2001-08-07 00:00:00+00:00,52.0,6923.0,43.72,43.65,43.7,43.69,417.0
2001-08-08 00:00:00+00:00,51.0,7010.0,43.66,43.6,43.6,43.66,328.0
2001-08-09 00:00:00+00:00,50.0,6746.0,43.8,43.72,43.8,43.72,684.0
2001-08-10 00:00:00+00:00,49.0,6846.0,43.65,43.55,43.65,43.56,357.0
2001-08-13 00:00:00+00:00,46.0,6943.0,43.39,43.39,43.39,43.39,344.0
2001-08-14 00:00:00+00:00,45.0,7024.0,43.53,43.45,43.45,43.47,1086.0
2001-08-15 00:00:00+00:00,44.0,6757.0,43.37,43.3,43.35,43.31,544.0
2001-08-16 00:00:00+00:00,43.0,6941.0,43.47,43.4,43.4,43.47,293.0
2001-08-17 00:00:00+00:00,42.0,6986.0,43.52,43.52,43.52,43.52,201.0
2001-08-20 00:00:00+00:00,39.0,7076.0,43.5,43.43,43.45,43.5,129.0
2001-08-21 00:00:00+00:00,39.0,7076.0,,,,43.5,
2001-08-22 00:00:00+00:00,37.0,7118.0,43.21,43.21,43.21,43.21,235.0
2001-08-23 00:00:00+00:00,36.0,6935.0,43.3,42.97,43.3,43.0,904.0
2001-08-24 00:00:00+00:00,35.0,6977.0,42.95,42.85,42.85,42.95,202.0
2001-08-27 00:00:00+00:00,32.0,6945.0,42.85,42.8,42.8,42.83,422.0
2001-08-28 00:00:00+00:00,31.0,7086.0,43.0,42.8,42.8,42.99,310.0
2001-08-29 00:00:00+00:00,30.0,7226.0,42.95,42.9,42.9,42.95,332.0
2001-08-30 00:00:00+00:00,29.0,7122.0,42.9,42.8,42.8,42.87,523.0
2001-08-31 00:00:00+00:00,28.0,6631.0,42.79,42.76,42.79,42.76,520.0
2001-09-03 00:00:00+00:00,58.0,6684.0,44.25,44.19,44.19,44.22,306.0
2001-09-04 00:00:00+00:00,57.0,6753.0,44.21,44.11,44.21,44.11,201.0
2001-09-05 00:00:00+00:00,56.0,6283.0,44.24,43.95,44.24,43.95,1166.0
2001-09-06 00:00:00+00:00,55.0,6307.0,44.05,43.87,43.99,43.92,253.0
2001-09-07 00:00:00+00:00,55.0,6307.0,,,,43.92,
2001-09-10 00:00:00+00:00,51.0,6127.0,43.85,43.65,43.85,43.69,449.0
2001-09-11 00:00:00+00:00,50.0,6127.0,43.9,43.6,43.6,43.84,477.0
2001-09-12 00:00:00+00:00,49.0,6078.0,43.75,43.7,43.75,43.7,148.0
2001-09-13 00:00:00+00:00,48.0,6031.0,43.7,43.55,43.65,43.7,252.0
2001-09-14 00:00:00+00:00,47.0,6089.0,43.71,43.6,43.71,43.6,304.0
2001-09-17 00:00:00+00:00,44.0,6111.0,43.8,43.6,43.6,43.8,194.0
2001-09-18 00:00:00+00:00,43.0,6166.0,44.3,43.85,43.85,44.25,941.0
2001-09-19 00:00:00+00:00,42.0,6174.0,44.6,44.25,44.3,44.45,820.0
2001-09-20 00:00:00+00:00,41.0,6383.0,44.77,44.45,44.45,44.75,790.0
2001-09-21 00:00:00+00:00,40.0,6035.0,45.2,44.4,44.75,45.15,970.0
2001-09-24 00:00:00+00:00,37.0,6087.0,45.35,45.15,45.15,45.3,232.0
2001-09-25 00:00:00+00:00,36.0,6228.0,45.66,45.3,45.3,45.65,619.0
2001-09-26 00:00:00+00:00,35.0,6294.0,46.2,45.8,45.8,46.1,622.0
2001-09-27 00:00:00+00:00,34.0,6313.0,46.1,45.87,46.0,46.1,1044.0
2001-09-28 00:00:00+00:00,33.0,6397.0,47.2,46.1,46.25,47.13,1877.0
2001-10-01 00:00:00+00:00,60.0,6175.0,48.0,47.4,47.75,47.6,1007.0
2001-10-02 00:00:00+00:00,59.0,6335.0,47.5,46.6,47.5,46.8,701.0
2001-10-03 00:00:00+00:00,58.0,6392.0,46.75,46.3,46.5,46.73,697.0
2001-10-04 00:00:00+00:00,57.0,6473.0,46.9,46.77,46.8,46.84,388.0
2001-10-05 00:00:00+00:00,56.0,6453.0,47.08,46.85,46.85,47.05,344.0
2001-10-08 00:00:00+00:00,53.0,6449.0,47.7,47.2,47.2,47.6,703.0
2001-10-09 00:00:00+00:00,52.0,6693.0,47.99,47.4,47.5,47.65,793.0
2001-10-10 00:00:00+00:00,51.0,6871.0,47.95,47.7,47.74,47.88,550.0
2001-10-11 00:00:00+00:00,50.0,6719.0,48.25,48.0,48.0,48.25,548.0
2001-10-12 00:00:00+00:00,50.0,6719.0,,,,48.25,
2001-10-15 00:00:00+00:00,46.0,6721.0,47.95,47.7,47.75,47.95,828.0
2001-10-16 00:00:00+00:00,45.0,6794.0,48.1,47.99,48.0,48.1,355.0
2001-10-17 00:00:00+00:00,44.0,6920.0,48.2,47.99,48.15,48.2,466.0
2001-10-18 00:00:00+00:00,43.0,7035.0,48.4,47.95,48.2,48.35,403.0
2001-10-19 00:00:00+00:00,42.0,7279.0,49.2,48.3,48.45,49.05,712.0
2001-10-22 00:00:00+00:00,39.0,7236.0,49.5,48.81,48.81,49.25,735.0
2001-10-23 00:00:00+00:00,38.0,7262.0,48.82,48.59,48.8,48.8,655.0
2001-10-24 00:00:00+00:00,37.0,7311.0,48.9,48.7,48.71,48.8,498.0
2001-10-25 00:00:00+00:00,36.0,7470.0,48.8,48.45,48.8,48.5,586.0
2001-10-26 00:00:00+00:00,35.0,7111.0,48.4,47.8,48.4,47.85,1338.0
2001-10-29 00:00:00+00:00,32.0,7210.0,47.65,47.2,47.6,47.25,391.0
2001-10-30 00:00:00+00:00,31.0,7223.0,47.4,47.1,47.3,47.14,442.0
2001-10-31 00:00:00+00:00,30.0,4759.0,47.35,47.0,47.1,47.01,654.0
2001-11-01 00:00:00+00:00,57.0,4833.0,46.4,46.3,46.4,46.3,592.0
2001-11-02 00:00:00+00:00,57.0,4833.0,,,,46.3,
2001-11-05 00:00:00+00:00,53.0,4912.0,46.6,46.3,46.35,46.47,345.0
2001-11-06 00:00:00+00:00,52.0,4927.0,46.28,46.2,46.28,46.21,283.0
2001-11-07 00:00:00+00:00,51.0,4969.0,46.15,46.0,46.15,46.15,290.0
2001-11-08 00:00:00+00:00,50.0,4967.0,46.1,45.8,46.1,45.85,343.0
2001-11-09 00:00:00+00:00,49.0,4807.0,45.8,45.3,45.75,45.35,629.0
2001-11-12 00:00:00+00:00,46.0,4934.0,45.25,45.1,45.1,45.15,595.0
2001-11-13 00:00:00+00:00,45.0,4919.0,45.5,45.35,45.4,45.49,514.0
2001-11-14 00:00:00+00:00,44.0,4932.0,45.8,45.5,45.6,45.7,417.0
2001-11-15 00:00:00+00:00,44.0,4932.0,,,,45.7,
2001-11-16 00:00:00+00:00,42.0,5017.0,45.6,45.3,45.5,45.3,432.0
2001-11-19 00:00:00+00:00,39.0,5079.0,45.5,45.25,45.5,45.25,351.0
2001-11-20 00:00:00+00:00,38.0,5117.0,45.6,45.2,45.3,45.5,515.0
2001-11-21 00:00:00+00:00,37.0,5127.0,45.75,45.6,45.6,45.72,341.0
2001-11-22 00:00:00+00:00,36.0,5159.0,45.95,45.7,45.7,45.84,307.0
2001-11-23 00:00:00+00:00,35.0,4957.0,46.5,46.0,46.1,46.5,1525.0
2001-11-26 00:00:00+00:00,32.0,5036.0,46.6,46.25,46.25,46.55,277.0
2001-11-27 00:00:00+00:00,31.0,4976.0,46.5,46.4,46.4,46.45,356.0
2001-11-28 00:00:00+00:00,30.0,5115.0,46.7,46.5,46.5,46.55,500.0
2001-11-29 00:00:00+00:00,29.0,5156.0,46.79,46.6,46.6,46.74,182.0
2001-11-30 00:00:00+00:00,28.0,4735.0,46.91,46.8,46.9,46.9,350.0
2001-12-03 00:00:00+00:00,59.0,4941.0,45.75,45.5,45.75,45.7,340.0
2001-12-04 00:00:00+00:00,58.0,4913.0,45.89,45.66,45.7,45.66,348.0
2001-12-05 00:00:00+00:00,57.0,4965.0,45.69,45.59,45.69,45.6,751.0
2001-12-06 00:00:00+00:00,56.0,4876.0,45.55,45.2,45.55,45.3,1210.0
2001-12-07 00:00:00+00:00,55.0,4825.0,45.4,45.25,45.25,45.35,333.0
2001-12-10 00:00:00+00:00,52.0,4674.0,45.2,45.2,45.2,45.2,305.0
2001-12-11 00:00:00+00:00,51.0,4598.0,45.1,45.0,45.05,45.01,537.0
2001-12-12 00:00:00+00:00,50.0,4415.0,45.0,44.7,45.0,44.8,481.0
2001-12-13 00:00:00+00:00,49.0,4330.0,44.6,44.5,44.6,44.59,505.0
2001-12-14 00:00:00+00:00,48.0,4603.0,44.7,44.55,44.6,44.6,568.0
2001-12-17 00:00:00+00:00,45.0,4600.0,44.65,44.5,44.65,44.6,155.0
2001-12-18 00:00:00+00:00,44.0,4754.0,45.0,44.7,44.7,44.95,379.0
2001-12-19 00:00:00+00:00,43.0,4930.0,45.0,44.8,45.0,44.9,427.0
2001-12-20 00:00:00+00:00,42.0,4930.0,45.0,44.8,44.9,44.8,316.0
2001-12-21 00:00:00+00:00,41.0,5040.0,45.0,44.9,44.9,44.95,367.0
2001-12-24 00:00:00+00:00,41.0,5040.0,,,,44.95,
2001-12-25 00:00:00+00:00,41.0,5040.0,,,,44.95,
2001-12-26 00:00:00+00:00,41.0,5040.0,,,,44.95,
2001-12-27 00:00:00+00:00,35.0,5044.0,45.4,45.25,45.25,45.35,539.0
2001-12-28 00:00:00+00:00,34.0,4714.0,45.35,45.0,45.32,45.01,433.0
2001-12-31 00:00:00+00:00,34.0,4714.0,,,,45.01,
2002-01-01 00:00:00+00:00,34.0,4714.0,,,,45.01,
2002-01-02 00:00:00+00:00,57.0,5069.0,44.55,44.3,44.3,44.55,471.0
2002-01-03 00:00:00+00:00,56.0,5186.0,44.6,44.4,44.55,44.5,241.0
2002-01-04 00:00:00+00:00,55.0,5380.0,44.3,44.2,44.3,44.21,382.0
2002-01-07 00:00:00+00:00,52.0,5454.0,44.4,44.3,44.3,44.4,330.0
2002-01-08 00:00:00+00:00,51.0,5539.0,44.35,44.34,44.35,44.34,317.0
2002-01-09 00:00:00+00:00,50.0,5830.0,44.45,44.3,44.35,44.41,1213.0
2002-01-10 00:00:00+00:00,49.0,5603.0,44.32,44.05,44.3,44.08,1302.0
2002-01-11 00:00:00+00:00,48.0,5647.0,44.3,43.95,44.3,43.96,326.0
2002-01-14 00:00:00+00:00,45.0,5607.0,44.0,43.8,43.9,43.86,228.0
2002-01-15 00:00:00+00:00,44.0,5721.0,43.95,43.86,43.95,43.95,314.0
2002-01-16 00:00:00+00:00,43.0,5817.0,43.88,43.85,43.85,43.88,330.0
2002-01-17 00:00:00+00:00,42.0,5916.0,44.1,43.9,44.0,43.91,428.0
2002-01-18 00:00:00+00:00,41.0,5986.0,44.05,43.75,43.81,43.95,409.0
2002-01-21 00:00:00+00:00,38.0,6017.0,44.19,44.0,44.15,44.0,451.0
2002-01-22 00:00:00+00:00,37.0,6086.0,44.15,44.1,44.1,44.13,416.0
2002-01-23 00:00:00+00:00,36.0,6127.0,44.4,44.13,44.13,44.4,548.0
2002-01-24 00:00:00+00:00,35.0,6188.0,44.55,44.35,44.4,44.39,772.0
2002-01-25 00:00:00+00:00,35.0,6188.0,,,,44.39,
2002-01-28 00:00:00+00:00,31.0,6131.0,44.34,44.28,44.3,44.32,542.0
2002-01-29 00:00:00+00:00,30.0,6343.0,44.4,44.35,44.4,44.4,1680.0
2002-01-30 00:00:00+00:00,29.0,6348.0,44.4,44.35,44.4,44.4,292.0
2002-01-31 00:00:00+00:00,28.0,6429.0,44.66,44.46,44.46,44.64,1058.0
2002-02-01 00:00:00+00:00,55.0,6535.0,44.05,44.0,44.03,44.01,286.0
2002-02-04 00:00:00+00:00,52.0,6627.0,44.02,43.95,44.02,43.96,433.0
2002-02-05 00:00:00+00:00,51.0,6706.0,43.92,43.8,43.92,43.85,265.0
2002-02-06 00:00:00+00:00,50.0,6901.0,44.0,43.95,44.0,43.97,529.0
2002-02-07 00:00:00+00:00,49.0,7159.0,44.1,44.0,44.1,44.07,515.0
2002-02-08 00:00:00+00:00,48.0,7481.0,44.2,44.1,44.2,44.09,726.0
2002-02-11 00:00:00+00:00,48.0,7481.0,,,,44.09,
2002-02-12 00:00:00+00:00,48.0,7481.0,,,,44.09,
2002-02-13 00:00:00+00:00,43.0,7530.0,44.3,44.15,44.15,44.25,543.0
2002-02-14 00:00:00+00:00,42.0,7706.0,44.2,44.14,44.18,44.15,352.0
2002-02-15 00:00:00+00:00,41.0,7899.0,44.31,44.28,44.31,44.31,582.0
2002-02-18 00:00:00+00:00,38.0,7911.0,44.25,44.2,44.25,44.2,410.0
2002-02-19 00:00:00+00:00,37.0,8221.0,44.4,44.2,44.2,44.4,1011.0
2002-02-20 00:00:00+00:00,36.0,8388.0,44.65,44.6,44.6,44.65,793.0
2002-02-21 00:00:00+00:00,35.0,8647.0,44.85,44.75,44.8,44.75,650.0
2002-02-22 00:00:00+00:00,34.0,8885.0,44.78,44.76,44.78,44.77,585.0
2002-02-25 00:00:00+00:00,31.0,8978.0,44.94,44.8,44.8,44.94,210.0
2002-02-26 00:00:00+00:00,30.0,8809.0,45.01,45.0,45.0,45.0,395.0
2002-02-27 00:00:00+00:00,29.0,8975.0,44.91,44.86,44.91,44.86,338.0
2002-02-28 00:00:00+00:00,28.0,6823.0,44.88,44.85,44.85,44.88,438.0
2002-03-01 00:00:00+00:00,60.0,7072.0,44.3,44.2,44.2,44.27,371.0
2002-03-04 00:00:00+00:00,57.0,7133.0,44.4,44.29,44.29,44.35,288.0
2002-03-05 00:00:00+00:00,56.0,7304.0,44.35,44.26,44.35,44.26,280.0
2002-03-06 00:00:00+00:00,55.0,7469.0,44.3,44.11,44.3,44.14,409.0
2002-03-07 00:00:00+00:00,54.0,7544.0,44.2,44.03,44.1,44.03,359.0
2002-03-08 00:00:00+00:00,53.0,7718.0,44.09,43.8,44.09,43.86,303.0
2002-03-11 00:00:00+00:00,50.0,7811.0,44.0,43.86,43.86,44.0,301.0
2002-03-12 00:00:00+00:00,49.0,7876.0,44.15,44.05,44.08,44.05,274.0
2002-03-13 00:00:00+00:00,48.0,7992.0,43.9,43.8,43.9,43.85,295.0
2002-03-14 00:00:00+00:00,47.0,8101.0,43.95,43.9,43.95,43.9,350.0
2002-03-15 00:00:00+00:00,46.0,8216.0,44.0,43.95,44.0,43.95,677.0
2002-03-18 00:00:00+00:00,43.0,8337.0,44.0,43.8,43.95,43.81,371.0
2002-03-19 00:00:00+00:00,42.0,8458.0,43.9,43.8,43.8,43.85,319.0
2002-03-20 00:00:00+00:00,41.0,8332.0,43.9,43.78,43.9,43.78,742.0
2002-03-21 00:00:00+00:00,40.0,8333.0,43.85,43.65,43.8,43.66,543.0
2002-03-22 00:00:00+00:00,39.0,8414.0,43.62,43.55,43.55,43.6,402.0
2002-03-25 00:00:00+00:00,36.0,8366.0,43.57,43.15,43.57,43.15,910.0
2002-03-26 00:00:00+00:00,35.0,8648.0,43.25,42.5,43.25,42.65,1116.0
2002-03-27 00:00:00+00:00,34.0,8755.0,42.89,42.75,42.89,42.82,471.0
2002-03-28 00:00:00+00:00,33.0,8630.0,43.0,42.9,42.9,42.93,491.0
2002-03-29 00:00:00+00:00,33.0,8630.0,,,,42.93,
2002-04-01 00:00:00+00:00,60.0,8279.0,42.91,42.9,42.91,42.91,856.0
2002-04-02 00:00:00+00:00,59.0,8405.0,42.79,42.5,42.79,42.5,449.0
2002-04-03 00:00:00+00:00,58.0,8046.0,42.8,42.53,42.53,42.79,859.0
2002-04-04 00:00:00+00:00,57.0,8069.0,42.8,42.7,42.8,42.75,214.0
2002-04-05 00:00:00+00:00,56.0,7650.0,42.82,42.7,42.82,42.78,847.0
2002-04-08 00:00:00+00:00,53.0,7078.0,42.78,42.71,42.78,42.74,995.0
2002-04-09 00:00:00+00:00,52.0,7149.0,42.75,42.7,42.74,42.7,331.0
2002-04-10 00:00:00+00:00,51.0,7138.0,42.7,42.56,42.7,42.56,434.0
2002-04-11 00:00:00+00:00,50.0,7237.0,42.55,42.1,42.55,42.26,352.0
2002-04-12 00:00:00+00:00,49.0,7450.0,42.2,42.0,42.2,42.01,504.0
2002-04-15 00:00:00+00:00,46.0,7586.0,42.2,42.1,42.2,42.11,252.0
2002-04-16 00:00:00+00:00,45.0,7242.0,42.11,41.9,42.11,41.92,1084.0
2002-04-17 00:00:00+00:00,44.0,7583.0,42.35,41.65,42.35,41.66,818.0
2002-04-18 00:00:00+00:00,43.0,7572.0,41.69,41.55,41.66,41.65,670.0
2002-04-19 00:00:00+00:00,42.0,7504.0,41.65,41.4,41.65,41.45,898.0
2002-04-22 00:00:00+00:00,39.0,7640.0,41.35,41.3,41.31,41.3,367.0
2002-04-23 00:00:00+00:00,38.0,7267.0,41.35,41.0,41.3,41.0,1277.0
2002-04-24 00:00:00+00:00,37.0,6861.0,41.01,40.65,41.0,40.7,1369.0
2002-04-25 00:00:00+00:00,36.0,6695.0,41.3,40.5,41.3,40.5,871.0
2002-04-26 00:00:00+00:00,35.0,7012.0,40.35,40.2,40.35,40.2,715.0
2002-04-29 00:00:00+00:00,32.0,6398.0,40.1,40.05,40.1,40.07,1404.0
2002-04-30 00:00:00+00:00,31.0,5591.0,40.42,40.35,40.4,40.42,727.0
2002-05-01 00:00:00+00:00,31.0,5591.0,,,,40.42,
2002-05-02 00:00:00+00:00,57.0,5785.0,42.9,42.5,42.5,42.9,477.0
2002-05-03 00:00:00+00:00,56.0,5848.0,43.1,42.9,43.0,43.0,797.0
2002-05-06 00:00:00+00:00,53.0,5919.0,43.2,43.1,43.1,43.2,143.0
2002-05-07 00:00:00+00:00,52.0,6315.0,43.55,43.2,43.2,43.54,980.0
2002-05-08 00:00:00+00:00,51.0,6512.0,43.59,43.43,43.55,43.43,684.0
2002-05-09 00:00:00+00:00,50.0,6629.0,43.45,43.25,43.3,43.26,538.0
2002-05-10 00:00:00+00:00,49.0,6732.0,43.4,43.0,43.4,43.0,911.0
2002-05-13 00:00:00+00:00,46.0,6740.0,43.1,43.0,43.0,43.02,343.0
2002-05-14 00:00:00+00:00,45.0,6958.0,43.1,43.0,43.05,43.0,406.0
2002-05-15 00:00:00+00:00,44.0,7111.0,43.1,42.8,42.86,43.05,513.0
2002-05-16 00:00:00+00:00,43.0,7256.0,42.94,42.8,42.9,42.82,402.0
2002-05-17 00:00:00+00:00,42.0,7407.0,42.82,42.6,42.82,42.65,596.0
2002-05-20 00:00:00+00:00,39.0,7654.0,42.6,42.45,42.6,42.5,506.0
2002-05-21 00:00:00+00:00,38.0,7774.0,42.9,42.45,42.5,42.84,384.0
2002-05-22 00:00:00+00:00,37.0,8083.0,42.9,42.55,42.89,42.57,603.0
2002-05-23 00:00:00+00:00,36.0,8310.0,42.65,42.6,42.61,42.62,418.0
2002-05-24 00:00:00+00:00,35.0,8519.0,42.85,42.6,42.62,42.8,528.0
2002-05-27 00:00:00+00:00,32.0,8786.0,42.95,42.6,42.8,42.65,687.0
2002-05-28 00:00:00+00:00,31.0,8878.0,42.6,42.55,42.6,42.58,635.0
2002-05-29 00:00:00+00:00,30.0,9036.0,42.59,42.55,42.59,42.56,493.0
2002-05-30 00:00:00+00:00,30.0,9036.0,,,,42.56,
2002-05-31 00:00:00+00:00,28.0,8070.0,42.57,42.55,42.55,42.55,363.0
2002-06-03 00:00:00+00:00,58.0,8109.0,43.8,43.72,43.78,43.74,309.0
2002-06-04 00:00:00+00:00,57.0,8321.0,43.8,43.7,43.71,43.71,523.0
2002-06-05 00:00:00+00:00,56.0,8543.0,43.85,43.73,43.74,43.83,505.0
2002-06-06 00:00:00+00:00,55.0,8316.0,44.0,43.8,43.9,43.99,1109.0
2002-06-07 00:00:00+00:00,54.0,8427.0,44.1,43.8,44.05,43.91,657.0
2002-06-10 00:00:00+00:00,51.0,8647.0,43.91,43.75,43.91,43.76,638.0
2002-06-11 00:00:00+00:00,50.0,8782.0,43.73,43.7,43.7,43.71,270.0
2002-06-12 00:00:00+00:00,49.0,8945.0,43.77,43.71,43.72,43.77,529.0
2002-06-13 00:00:00+00:00,48.0,9045.0,43.85,43.8,43.8,43.8,375.0
2002-06-14 00:00:00+00:00,47.0,9198.0,43.8,43.6,43.8,43.6,530.0
2002-06-17 00:00:00+00:00,44.0,9252.0,43.65,43.55,43.55,43.65,346.0
2002-06-18 00:00:00+00:00,43.0,9511.0,43.91,43.6,43.61,43.85,615.0
2002-06-19 00:00:00+00:00,42.0,9620.0,43.96,43.85,43.9,43.9,698.0
2002-06-20 00:00:00+00:00,41.0,9063.0,44.0,43.74,43.9,43.78,2576.0
2002-06-21 00:00:00+00:00,40.0,9144.0,43.9,43.85,43.9,43.85,291.0
2002-06-24 00:00:00+00:00,37.0,9325.0,43.86,43.75,43.86,43.8,476.0
2002-06-25 00:00:00+00:00,36.0,9424.0,43.81,43.7,43.81,43.73,602.0
2002-06-26 00:00:00+00:00,35.0,9503.0,43.93,43.73,43.75,43.93,581.0
2002-06-27 00:00:00+00:00,34.0,9577.0,44.14,43.95,43.95,44.09,675.0
2002-06-28 00:00:00+00:00,33.0,8770.0,44.24,44.1,44.11,44.16,1172.0
2002-07-01 00:00:00+00:00,60.0,8909.0,44.9,44.75,44.8,44.88,306.0
2002-07-02 00:00:00+00:00,59.0,8958.0,45.4,44.88,44.9,45.3,398.0
2002-07-03 00:00:00+00:00,58.0,9018.0,45.45,45.3,45.4,45.3,941.0
2002-07-04 00:00:00+00:00,57.0,9331.0,45.3,45.1,45.3,45.11,722.0
2002-07-05 00:00:00+00:00,56.0,9552.0,45.35,45.11,45.35,45.25,530.0
2002-07-08 00:00:00+00:00,53.0,9731.0,45.35,45.22,45.35,45.28,587.0
2002-07-09 00:00:00+00:00,53.0,9731.0,,,,45.28,
2002-07-10 00:00:00+00:00,51.0,9882.0,45.16,45.0,45.1,45.01,707.0
2002-07-11 00:00:00+00:00,50.0,10125.0,45.0,44.9,44.95,44.9,452.0
2002-07-12 00:00:00+00:00,49.0,10263.0,45.2,45.0,45.0,45.15,740.0
2002-07-15 00:00:00+00:00,46.0,10193.0,45.4,45.2,45.34,45.26,381.0
2002-07-16 00:00:00+00:00,45.0,10366.0,45.35,45.15,45.26,45.29,431.0
2002-07-17 00:00:00+00:00,44.0,10583.0,45.5,45.29,45.4,45.44,1175.0
2002-07-18 00:00:00+00:00,43.0,10795.0,45.6,45.31,45.6,45.43,470.0
2002-07-19 00:00:00+00:00,42.0,11073.0,45.93,45.4,45.45,45.8,737.0
2002-07-22 00:00:00+00:00,39.0,11036.0,46.2,45.9,45.9,46.1,1147.0
2002-07-23 00:00:00+00:00,38.0,9413.0,46.45,46.0,46.0,46.41,2733.0
2002-07-24 00:00:00+00:00,37.0,9320.0,46.75,46.45,46.45,46.72,1262.0
2002-07-25 00:00:00+00:00,36.0,9150.0,46.8,46.65,46.67,46.66,1238.0
2002-07-26 00:00:00+00:00,35.0,9121.0,47.12,46.5,46.6,47.1,1116.0
2002-07-29 00:00:00+00:00,32.0,8300.0,47.45,47.2,47.3,47.38,2199.0
2002-07-30 00:00:00+00:00,31.0,7085.0,48.8,47.5,47.5,48.31,2966.0
2002-07-31 00:00:00+00:00,30.0,2722.0,49.5,48.5,48.5,48.76,5340.0
2002-08-01 00:00:00+00:00,60.0,2557.0,51.3,50.0,51.0,50.0,947.0
2002-08-02 00:00:00+00:00,59.0,2571.0,50.0,48.5,49.66,49.55,447.0
2002-08-05 00:00:00+00:00,56.0,2713.0,50.65,49.6,49.6,50.63,507.0
2002-08-06 00:00:00+00:00,55.0,2806.0,51.14,50.7,50.7,51.1,473.0
2002-08-07 00:00:00+00:00,54.0,2902.0,51.1,50.85,50.98,50.95,708.0
2002-08-08 00:00:00+00:00,53.0,3122.0,51.4,50.6,51.3,50.8,755.0
2002-08-09 00:00:00+00:00,52.0,3403.0,51.55,50.75,50.75,51.55,570.0
2002-08-12 00:00:00+00:00,49.0,3552.0,52.8,51.5,51.5,52.8,753.0
2002-08-13 00:00:00+00:00,48.0,3554.0,53.55,52.4,52.5,53.25,542.0
2002-08-14 00:00:00+00:00,47.0,3505.0,52.9,52.4,52.5,52.85,779.0
2002-08-15 00:00:00+00:00,46.0,3890.0,53.5,52.69,52.69,53.5,1028.0
2002-08-16 00:00:00+00:00,45.0,4178.0,54.1,53.5,53.6,53.55,821.0
2002-08-19 00:00:00+00:00,42.0,4283.0,53.3,52.7,53.3,52.85,892.0
2002-08-20 00:00:00+00:00,41.0,4726.0,53.2,53.0,53.0,53.1,960.0
2002-08-21 00:00:00+00:00,40.0,4860.0,53.4,53.24,53.4,53.24,737.0
2002-08-22 00:00:00+00:00,39.0,4882.0,52.9,52.9,52.9,52.9,280.0
2002-08-23 00:00:00+00:00,38.0,5091.0,53.1,52.8,52.85,53.1,409.0
2002-08-26 00:00:00+00:00,35.0,5197.0,54.15,52.8,54.15,52.85,315.0
2002-08-27 00:00:00+00:00,34.0,5408.0,53.35,52.7,52.71,53.15,800.0
2002-08-28 00:00:00+00:00,33.0,5511.0,53.5,53.2,53.2,53.25,462.0
2002-08-29 00:00:00+00:00,32.0,5376.0,52.56,51.66,52.5,51.66,731.0
2002-08-30 00:00:00+00:00,31.0,4879.0,51.4,50.75,51.4,50.81,881.0
2002-09-02 00:00:00+00:00,59.0,4563.0,52.4,51.5,52.38,51.71,652.0
2002-09-03 00:00:00+00:00,58.0,4586.0,51.84,51.5,51.8,51.67,327.0
2002-09-04 00:00:00+00:00,57.0,4468.0,51.7,51.3,51.6,51.7,721.0
2002-09-05 00:00:00+00:00,56.0,4527.0,52.35,51.78,51.78,52.2,752.0
2002-09-06 00:00:00+00:00,55.0,4570.0,52.7,51.8,52.01,52.65,397.0
2002-09-09 00:00:00+00:00,52.0,4598.0,52.9,51.85,52.5,52.76,361.0
2002-09-10 00:00:00+00:00,51.0,4745.0,53.0,52.15,52.7,52.2,623.0
2002-09-11 00:00:00+00:00,50.0,4865.0,52.35,51.7,52.3,52.0,631.0
2002-09-12 00:00:00+00:00,49.0,4913.0,52.75,51.81,52.1,52.6,426.0
2002-09-13 00:00:00+00:00,48.0,4810.0,52.95,52.4,52.4,52.8,489.0
2002-09-16 00:00:00+00:00,45.0,4793.0,52.9,52.45,52.75,52.45,521.0
2002-09-17 00:00:00+00:00,44.0,4729.0,52.9,52.49,52.6,52.78,639.0
2002-09-18 00:00:00+00:00,43.0,4763.0,53.25,52.8,52.8,53.05,432.0
2002-09-19 00:00:00+00:00,42.0,4847.0,53.3,52.35,53.25,52.35,1095.0
2002-09-20 00:00:00+00:00,41.0,4646.0,52.5,52.1,52.4,52.25,840.0
2002-09-23 00:00:00+00:00,38.0,4389.0,52.45,51.85,52.35,52.25,664.0
2002-09-24 00:00:00+00:00,37.0,4352.0,53.2,52.35,52.35,53.18,1190.0
2002-09-25 00:00:00+00:00,36.0,4518.0,53.7,53.16,53.3,53.2,1048.0
2002-09-26 00:00:00+00:00,35.0,4506.0,53.5,52.95,53.21,53.46,596.0
2002-09-27 00:00:00+00:00,34.0,4628.0,53.97,53.48,53.48,53.85,632.0
2002-09-30 00:00:00+00:00,31.0,4490.0,54.35,53.95,53.99,54.34,606.0
2002-10-01 00:00:00+00:00,59.0,4545.0,55.5,55.2,55.5,55.35,262.0
2002-10-02 00:00:00+00:00,58.0,4586.0,55.5,54.4,55.5,54.45,292.0
2002-10-03 00:00:00+00:00,57.0,4634.0,55.4,54.7,54.7,55.31,408.0
2002-10-04 00:00:00+00:00,56.0,4584.0,55.6,55.4,55.4,55.4,379.0
2002-10-07 00:00:00+00:00,53.0,4660.0,55.4,54.95,55.4,55.25,352.0
2002-10-08 00:00:00+00:00,52.0,4706.0,55.5,55.0,55.1,55.15,268.0
2002-10-09 00:00:00+00:00,51.0,4827.0,55.7,55.31,55.31,55.65,413.0
2002-10-10 00:00:00+00:00,50.0,4973.0,56.05,55.75,55.8,56.01,523.0
2002-10-11 00:00:00+00:00,49.0,5036.0,56.3,55.9,56.2,55.95,286.0
2002-10-14 00:00:00+00:00,46.0,5152.0,56.7,55.61,56.0,56.7,390.0
2002-10-15 00:00:00+00:00,45.0,5220.0,57.0,56.4,56.6,57.0,365.0
2002-10-16 00:00:00+00:00,44.0,5253.0,57.7,56.8,57.0,57.7,211.0
2002-10-17 00:00:00+00:00,43.0,5297.0,58.0,57.5,57.7,57.8,605.0
2002-10-18 00:00:00+00:00,42.0,5377.0,57.8,57.3,57.7,57.35,783.0
2002-10-21 00:00:00+00:00,39.0,5534.0,58.35,57.5,57.5,58.3,643.0
2002-10-22 00:00:00+00:00,38.0,5643.0,58.65,58.4,58.5,58.55,581.0
2002-10-23 00:00:00+00:00,37.0,5695.0,58.9,58.55,58.55,58.77,328.0
2002-10-24 00:00:00+00:00,36.0,5839.0,58.8,58.43,58.75,58.43,418.0
2002-10-25 00:00:00+00:00,35.0,6007.0,59.0,58.31,58.45,59.0,474.0
2002-10-28 00:00:00+00:00,32.0,6214.0,59.3,58.8,59.0,58.85,424.0
2002-10-29 00:00:00+00:00,31.0,6054.0,58.96,58.7,58.9,58.69,877.0
2002-10-30 00:00:00+00:00,30.0,6104.0,58.76,58.5,58.72,58.67,677.0
2002-10-31 00:00:00+00:00,29.0,3016.0,58.9,58.25,58.9,58.29,359.0
2002-11-01 00:00:00+00:00,59.0,3027.0,57.6,57.5,57.5,57.59,253.0
2002-11-04 00:00:00+00:00,56.0,3080.0,57.7,57.5,57.5,57.69,207.0
2002-11-05 00:00:00+00:00,55.0,3125.0,57.65,57.4,57.6,57.4,148.0
2002-11-06 00:00:00+00:00,54.0,3112.0,57.75,57.1,57.4,57.74,465.0
2002-11-07 00:00:00+00:00,53.0,3167.0,57.95,57.8,57.95,57.85,121.0
2002-11-08 00:00:00+00:00,52.0,3328.0,57.9,57.6,57.85,57.8,405.0
2002-11-11 00:00:00+00:00,49.0,3434.0,58.13,57.55,57.75,57.55,368.0
2002-11-12 00:00:00+00:00,48.0,3499.0,58.25,57.6,57.6,58.24,249.0
2002-11-13 00:00:00+00:00,47.0,3776.0,58.35,57.95,58.35,58.0,495.0
2002-11-14 00:00:00+00:00,46.0,3817.0,58.35,56.26,58.35,56.6,924.0
2002-11-15 00:00:00+00:00,46.0,3817.0,,,,56.6,
2002-11-18 00:00:00+00:00,42.0,3751.0,56.9,56.5,56.9,56.9,306.0
2002-11-19 00:00:00+00:00,41.0,3731.0,56.75,56.25,56.75,56.3,533.0
2002-11-20 00:00:00+00:00,40.0,3825.0,56.5,55.3,56.3,55.6,1075.0
2002-11-21 00:00:00+00:00,39.0,3859.0,55.75,55.3,55.3,55.75,337.0
2002-11-22 00:00:00+00:00,38.0,3879.0,55.8,55.4,55.8,55.65,388.0
2002-11-25 00:00:00+00:00,35.0,3956.0,55.7,55.4,55.6,55.7,289.0
2002-11-26 00:00:00+00:00,34.0,4031.0,55.7,55.3,55.7,55.46,266.0
2002-11-27 00:00:00+00:00,33.0,4013.0,55.35,55.1,55.35,55.18,149.0
2002-11-28 00:00:00+00:00,32.0,3977.0,55.1,54.85,55.1,55.0,743.0
2002-11-29 00:00:00+00:00,31.0,3472.0,55.0,54.65,54.8,54.7,431.0
2002-12-02 00:00:00+00:00,60.0,3513.0,53.95,53.7,53.8,53.85,555.0
2002-12-03 00:00:00+00:00,59.0,3480.0,54.05,53.8,53.8,54.05,465.0
2002-12-04 00:00:00+00:00,58.0,3521.0,54.86,54.7,54.86,54.75,835.0
2002-12-05 00:00:00+00:00,57.0,3613.0,55.25,54.9,54.9,55.25,655.0
2002-12-06 00:00:00+00:00,56.0,3537.0,55.5,55.2,55.25,55.3,321.0
2002-12-09 00:00:00+00:00,53.0,3334.0,55.75,55.6,55.6,55.75,308.0
2002-12-10 00:00:00+00:00,52.0,3335.0,56.7,56.0,56.0,56.6,376.0
2002-12-11 00:00:00+00:00,51.0,3248.0,56.9,56.5,56.59,56.5,472.0
2002-12-12 00:00:00+00:00,50.0,3079.0,57.1,56.4,56.5,56.8,573.0
2002-12-13 00:00:00+00:00,49.0,3142.0,56.89,56.64,56.89,56.64,322.0
2002-12-16 00:00:00+00:00,46.0,3328.0,56.3,55.7,56.0,55.85,329.0
2002-12-17 00:00:00+00:00,45.0,3379.0,56.05,55.5,55.5,56.05,244.0
2002-12-18 00:00:00+00:00,44.0,3444.0,56.2,55.89,56.2,55.9,351.0
2002-12-19 00:00:00+00:00,43.0,3402.0,56.0,55.7,56.0,55.79,374.0
2002-12-20 00:00:00+00:00,42.0,3416.0,55.9,55.6,55.8,55.62,538.0
2002-12-23 00:00:00+00:00,39.0,3323.0,55.7,55.5,55.5,55.7,183.0
2002-12-24 00:00:00+00:00,39.0,3323.0,,,,55.7,
2002-12-25 00:00:00+00:00,39.0,3323.0,,,,55.7,
2002-12-26 00:00:00+00:00,36.0,3292.0,56.35,55.69,55.69,56.35,410.0
2002-12-27 00:00:00+00:00,35.0,3329.0,57.0,56.7,56.8,57.0,191.0
2002-12-30 00:00:00+00:00,32.0,2085.0,57.0,56.85,57.0,56.85,370.0
2002-12-31 00:00:00+00:00,32.0,2085.0,,,,56.85,
2003-01-01 00:00:00+00:00,32.0,2085.0,,,,56.85,
2003-01-02 00:00:00+00:00,57.0,2122.0,55.6,55.5,55.6,55.55,188.0
2003-01-03 00:00:00+00:00,56.0,2081.0,55.6,55.4,55.6,55.4,144.0
2003-01-06 00:00:00+00:00,53.0,2120.0,55.55,54.95,55.2,55.35,305.0
2003-01-07 00:00:00+00:00,52.0,2079.0,55.6,55.3,55.4,55.6,220.0
2003-01-08 00:00:00+00:00,51.0,2160.0,55.4,54.9,55.4,54.9,232.0
2003-01-09 00:00:00+00:00,50.0,2197.0,54.89,54.7,54.7,54.81,141.0
2003-01-10 00:00:00+00:00,49.0,2236.0,54.5,54.0,54.5,54.11,217.0
2003-01-13 00:00:00+00:00,46.0,2240.0,54.4,54.25,54.3,54.25,209.0
2003-01-14 00:00:00+00:00,45.0,2283.0,54.65,54.0,54.0,54.55,141.0
2003-01-15 00:00:00+00:00,44.0,2323.0,54.55,54.3,54.55,54.4,185.0
2003-01-16 00:00:00+00:00,43.0,2258.0,54.6,54.5,54.5,54.6,307.0
2003-01-17 00:00:00+00:00,42.0,2339.0,55.0,54.0,54.7,54.0,385.0
2003-01-20 00:00:00+00:00,39.0,2433.0,54.1,53.4,54.1,53.4,686.0
2003-01-21 00:00:00+00:00,38.0,2390.0,53.85,53.29,53.29,53.7,622.0
2003-01-22 00:00:00+00:00,37.0,2384.0,54.02,53.8,53.8,54.02,271.0
2003-01-23 00:00:00+00:00,36.0,2381.0,54.3,54.0,54.2,54.02,209.0
2003-01-24 00:00:00+00:00,35.0,2423.0,54.46,54.1,54.2,54.4,192.0
2003-01-27 00:00:00+00:00,32.0,2392.0,54.9,54.39,54.39,54.68,185.0
2003-01-28 00:00:00+00:00,31.0,2478.0,54.66,54.5,54.5,54.5,516.0
2003-01-29 00:00:00+00:00,30.0,2515.0,55.0,54.55,54.55,54.85,276.0
2003-01-30 00:00:00+00:00,29.0,2233.0,55.3,54.95,54.95,55.2,747.0
2003-01-31 00:00:00+00:00,28.0,2153.0,55.4,55.09,55.24,55.15,464.0
2003-02-03 00:00:00+00:00,56.0,2198.0,54.5,54.3,54.5,54.3,294.0
2003-02-04 00:00:00+00:00,55.0,2255.0,54.45,53.9,54.0,54.42,258.0
2003-02-05 00:00:00+00:00,54.0,2350.0,54.42,54.25,54.42,54.25,350.0
2003-02-06 00:00:00+00:00,53.0,2721.0,54.2,54.2,54.2,54.1,635.0
2003-02-07 00:00:00+00:00,52.0,2827.0,54.1,54.0,54.1,54.1,250.0
2003-02-10 00:00:00+00:00,49.0,2828.0,54.6,54.1,54.1,54.49,199.0
2003-02-11 00:00:00+00:00,48.0,2905.0,55.55,54.9,54.9,55.55,616.0
2003-02-12 00:00:00+00:00,47.0,2999.0,55.5,55.1,55.4,55.15,920.0
2003-02-13 00:00:00+00:00,46.0,3185.0,55.0,54.75,55.0,54.75,464.0
2003-02-14 00:00:00+00:00,45.0,3257.0,55.1,55.0,55.05,55.05,233.0
2003-02-17 00:00:00+00:00,42.0,3305.0,55.3,54.95,54.95,55.3,413.0
2003-02-18 00:00:00+00:00,41.0,3111.0,55.45,55.35,55.4,55.37,668.0
2003-02-19 00:00:00+00:00,40.0,3233.0,55.45,55.3,55.4,55.45,508.0
2003-02-20 00:00:00+00:00,39.0,3315.0,55.39,55.25,55.3,55.39,459.0
2003-02-21 00:00:00+00:00,38.0,3323.0,55.5,55.25,55.39,55.3,598.0
2003-02-24 00:00:00+00:00,35.0,3403.0,55.6,55.45,55.55,55.49,248.0
2003-02-25 00:00:00+00:00,34.0,3460.0,55.45,55.29,55.45,55.3,244.0
2003-02-26 00:00:00+00:00,33.0,3550.0,55.55,55.45,55.48,55.5,292.0
2003-02-27 00:00:00+00:00,32.0,3458.0,56.0,55.5,55.5,55.85,552.0
2003-02-28 00:00:00+00:00,31.0,2556.0,55.85,55.61,55.84,55.64,253.0
2003-03-03 00:00:00+00:00,31.0,2556.0,,,,55.64,
2003-03-04 00:00:00+00:00,31.0,2556.0,,,,55.64,
2003-03-05 00:00:00+00:00,56.0,2529.0,55.4,54.3,55.4,54.3,87.0
2003-03-06 00:00:00+00:00,55.0,2543.0,54.45,54.3,54.45,54.35,145.0
2003-03-07 00:00:00+00:00,54.0,2558.0,54.27,54.18,54.24,54.18,202.0
2003-03-10 00:00:00+00:00,51.0,2645.0,54.5,54.2,54.2,54.5,207.0
2003-03-11 00:00:00+00:00,50.0,2700.0,54.52,54.35,54.52,54.4,243.0
2003-03-12 00:00:00+00:00,49.0,2662.0,54.7,54.4,54.4,54.66,157.0
2003-03-13 00:00:00+00:00,48.0,2724.0,54.82,54.55,54.55,54.8,596.0
2003-03-14 00:00:00+00:00,47.0,2739.0,54.9,54.7,54.75,54.9,153.0
2003-03-17 00:00:00+00:00,44.0,2763.0,55.1,55.0,55.0,55.1,92.0
2003-03-18 00:00:00+00:00,43.0,2739.0,55.0,54.95,55.0,54.98,149.0
2003-03-19 00:00:00+00:00,42.0,2757.0,54.89,54.8,54.89,54.81,162.0
2003-03-20 00:00:00+00:00,41.0,2774.0,54.84,54.75,54.8,54.83,144.0
2003-03-21 00:00:00+00:00,40.0,2899.0,54.9,54.65,54.84,54.68,446.0
2003-03-24 00:00:00+00:00,37.0,3001.0,54.75,54.34,54.75,54.35,412.0
2003-03-25 00:00:00+00:00,36.0,2991.0,54.65,54.3,54.5,54.6,215.0
2003-03-26 00:00:00+00:00,35.0,3318.0,54.3,54.2,54.3,54.2,826.0
2003-03-27 00:00:00+00:00,34.0,3382.0,54.4,54.3,54.3,54.37,388.0
2003-03-28 00:00:00+00:00,33.0,3361.0,54.56,54.37,54.5,54.56,351.0
2003-03-31 00:00:00+00:00,30.0,2975.0,54.6,54.5,54.51,54.62,419.0
2003-04-01 00:00:00+00:00,59.0,2937.0,54.05,53.65,53.65,54.05,59.0
2003-04-02 00:00:00+00:00,58.0,2949.0,54.3,54.05,54.05,54.24,384.0
2003-04-03 00:00:00+00:00,57.0,2990.0,54.29,54.1,54.29,54.11,288.0
2003-04-04 00:00:00+00:00,56.0,3003.0,54.1,54.0,54.1,54.01,98.0
2003-04-07 00:00:00+00:00,53.0,3032.0,54.01,53.9,54.0,53.95,284.0
2003-04-08 00:00:00+00:00,52.0,3120.0,53.93,53.83,53.9,53.86,297.0
2003-04-09 00:00:00+00:00,51.0,3060.0,53.85,53.66,53.85,53.68,163.0
2003-04-10 00:00:00+00:00,50.0,3136.0,53.9,53.63,53.7,53.89,394.0
2003-04-11 00:00:00+00:00,49.0,3246.0,53.95,53.75,53.95,53.8,176.0
2003-04-14 00:00:00+00:00,46.0,3256.0,53.8,53.55,53.8,53.57,156.0
2003-04-15 00:00:00+00:00,45.0,3276.0,53.6,53.53,53.57,53.58,277.0
2003-04-16 00:00:00+00:00,44.0,3439.0,53.78,53.5,53.5,53.75,353.0
2003-04-17 00:00:00+00:00,43.0,3365.0,54.0,53.64,53.87,53.7,1057.0
2003-04-18 00:00:00+00:00,43.0,3365.0,,,,53.7,
2003-04-21 00:00:00+00:00,43.0,3365.0,,,,53.7,
2003-04-22 00:00:00+00:00,38.0,3380.0,53.67,53.6,53.6,53.66,164.0
2003-04-23 00:00:00+00:00,37.0,3311.0,53.67,53.47,53.67,53.58,697.0
2003-04-24 00:00:00+00:00,36.0,3297.0,53.65,53.1,53.58,53.19,531.0
2003-04-25 00:00:00+00:00,35.0,3473.0,53.25,52.94,53.2,52.98,646.0
2003-04-28 00:00:00+00:00,32.0,3485.0,53.0,52.77,53.0,52.79,615.0
2003-04-29 00:00:00+00:00,31.0,3631.0,52.89,51.8,52.89,51.84,598.0
2003-04-30 00:00:00+00:00,30.0,3736.0,51.76,51.2,51.76,51.2,891.0
2003-05-01 00:00:00+00:00,30.0,3736.0,,,,51.2,
2003-05-02 00:00:00+00:00,59.0,3670.0,51.75,51.42,51.6,51.7,422.0
2003-05-05 00:00:00+00:00,56.0,3834.0,51.62,51.5,51.5,51.62,484.0
2003-05-06 00:00:00+00:00,55.0,3867.0,52.2,51.9,51.9,52.16,739.0
2003-05-07 00:00:00+00:00,54.0,3974.0,52.05,51.88,51.88,52.01,506.0
2003-05-08 00:00:00+00:00,53.0,4037.0,52.1,52.04,52.05,52.04,337.0
2003-05-09 00:00:00+00:00,52.0,4058.0,52.15,51.99,52.15,52.05,740.0
2003-05-12 00:00:00+00:00,49.0,3976.0,52.25,51.9,51.9,52.25,259.0
2003-05-13 00:00:00+00:00,48.0,3730.0,52.75,52.35,52.4,52.75,813.0
2003-05-14 00:00:00+00:00,47.0,3419.0,53.1,52.7,52.75,52.85,881.0
2003-05-15 00:00:00+00:00,46.0,3374.0,52.85,52.64,52.75,52.7,1340.0
2003-05-16 00:00:00+00:00,45.0,2922.0,52.85,52.7,52.7,52.69,417.0
2003-05-19 00:00:00+00:00,42.0,2916.0,52.75,52.7,52.71,52.7,139.0
2003-05-20 00:00:00+00:00,41.0,2980.0,52.9,52.7,52.9,52.7,433.0
2003-05-21 00:00:00+00:00,40.0,3182.0,52.9,52.8,52.8,52.84,753.0
2003-05-22 00:00:00+00:00,39.0,3000.0,52.99,52.5,52.9,52.51,279.0
2003-05-23 00:00:00+00:00,38.0,3011.0,52.05,51.9,52.0,51.9,568.0
2003-05-26 00:00:00+00:00,35.0,3197.0,51.85,51.65,51.76,51.85,424.0
2003-05-27 00:00:00+00:00,34.0,3194.0,52.1,51.85,51.85,52.1,254.0
2003-05-28 00:00:00+00:00,33.0,3205.0,52.25,51.8,52.11,51.83,193.0
2003-05-29 00:00:00+00:00,32.0,3490.0,52.05,51.8,51.95,52.01,378.0
2003-05-30 00:00:00+00:00,31.0,2655.0,52.05,51.9,52.0,52.0,652.0
2003-06-02 00:00:00+00:00,59.0,2666.0,54.8,54.7,54.7,54.7,101.0
2003-06-03 00:00:00+00:00,58.0,2759.0,54.75,54.75,54.75,54.75,177.0
2003-06-04 00:00:00+00:00,57.0,2895.0,54.94,54.75,54.75,54.94,526.0
2003-06-05 00:00:00+00:00,56.0,2723.0,55.0,54.55,54.9,54.65,398.0
2003-06-06 00:00:00+00:00,55.0,2645.0,54.64,54.4,54.5,54.4,517.0
2003-06-09 00:00:00+00:00,52.0,2624.0,54.4,54.4,54.4,54.4,90.0
2003-06-10 00:00:00+00:00,51.0,2602.0,54.75,54.4,54.44,54.75,233.0
2003-06-11 00:00:00+00:00,50.0,2621.0,55.25,54.9,55.25,54.9,260.0
2003-06-12 00:00:00+00:00,49.0,2642.0,55.07,54.8,54.8,54.85,160.0
2003-06-13 00:00:00+00:00,48.0,2643.0,54.9,54.79,54.9,54.8,250.0
2003-06-16 00:00:00+00:00,45.0,2668.0,55.1,54.9,54.9,55.1,489.0
2003-06-17 00:00:00+00:00,44.0,2750.0,55.4,55.05,55.2,55.28,478.0
2003-06-18 00:00:00+00:00,43.0,2744.0,55.7,55.35,55.5,55.67,472.0
2003-06-19 00:00:00+00:00,43.0,2744.0,,,,55.67,
2003-06-20 00:00:00+00:00,41.0,2703.0,56.05,55.89,55.89,55.97,361.0
2003-06-23 00:00:00+00:00,38.0,2742.0,55.9,55.75,55.9,55.79,210.0
2003-06-24 00:00:00+00:00,37.0,2811.0,55.89,55.72,55.75,55.72,565.0
2003-06-25 00:00:00+00:00,36.0,2812.0,56.1,55.75,55.75,56.1,298.0
2003-06-26 00:00:00+00:00,35.0,2858.0,56.83,56.3,56.3,56.79,741.0
2003-06-27 00:00:00+00:00,34.0,2898.0,56.75,56.6,56.75,56.5,283.0
2003-06-30 00:00:00+00:00,31.0,2630.0,56.65,56.4,56.55,56.54,416.0
2003-07-01 00:00:00+00:00,59.0,2676.0,58.5,58.32,58.5,58.35,186.0
2003-07-02 00:00:00+00:00,58.0,2698.0,58.2,58.0,58.2,58.06,247.0
2003-07-03 00:00:00+00:00,57.0,2692.0,58.3,57.75,58.3,57.77,616.0
2003-07-04 00:00:00+00:00,56.0,2741.0,57.9,57.59,57.9,57.61,203.0
2003-07-07 00:00:00+00:00,53.0,2697.0,57.6,57.5,57.6,57.5,386.0
2003-07-08 00:00:00+00:00,52.0,2709.0,57.55,57.45,57.45,57.55,139.0
2003-07-09 00:00:00+00:00,52.0,2709.0,,,,57.55,
2003-07-10 00:00:00+00:00,50.0,2814.0,57.75,57.55,57.75,57.7,395.0
2003-07-11 00:00:00+00:00,49.0,3033.0,57.7,57.49,57.7,57.5,443.0
2003-07-14 00:00:00+00:00,46.0,3057.0,57.5,57.38,57.5,57.4,202.0
2003-07-15 00:00:00+00:00,45.0,3149.0,57.5,57.3,57.5,57.35,178.0
2003-07-16 00:00:00+00:00,44.0,3242.0,57.55,57.35,57.35,57.55,253.0
2003-07-17 00:00:00+00:00,43.0,3401.0,57.63,57.4,57.63,57.41,323.0
2003-07-18 00:00:00+00:00,42.0,3403.0,57.55,57.4,57.4,57.55,393.0
2003-07-21 00:00:00+00:00,39.0,3448.0,57.7,57.5,57.65,57.65,443.0
2003-07-22 00:00:00+00:00,38.0,3448.0,57.65,57.4,57.65,57.41,295.0
2003-07-23 00:00:00+00:00,37.0,3529.0,57.49,57.0,57.49,57.15,306.0
2003-07-24 00:00:00+00:00,36.0,3529.0,57.31,57.24,57.24,57.31,299.0
2003-07-25 00:00:00+00:00,35.0,3684.0,57.31,57.0,57.31,57.05,359.0
2003-07-28 00:00:00+00:00,32.0,3764.0,57.5,57.15,57.15,57.49,286.0
2003-07-29 00:00:00+00:00,31.0,3995.0,57.65,57.4,57.55,57.4,497.0
2003-07-30 00:00:00+00:00,30.0,4011.0,57.44,57.3,57.4,57.35,194.0
2003-07-31 00:00:00+00:00,29.0,3684.0,57.42,57.05,57.3,57.05,300.0
2003-08-01 00:00:00+00:00,60.0,3733.0,59.5,59.5,59.5,59.5,186.0
2003-08-04 00:00:00+00:00,57.0,3844.0,59.6,59.5,59.55,59.6,375.0
2003-08-05 00:00:00+00:00,56.0,4073.0,60.0,59.89,59.89,59.95,554.0
2003-08-06 00:00:00+00:00,55.0,4170.0,60.1,59.79,60.1,59.82,412.0
2003-08-07 00:00:00+00:00,54.0,4196.0,59.83,59.83,59.83,59.83,197.0
2003-08-08 00:00:00+00:00,53.0,4217.0,59.87,59.83,59.83,59.87,288.0
2003-08-11 00:00:00+00:00,50.0,4338.0,59.83,59.7,59.83,59.75,294.0
2003-08-12 00:00:00+00:00,49.0,4397.0,59.75,59.55,59.75,59.6,277.0
2003-08-13 00:00:00+00:00,48.0,4504.0,59.78,59.75,59.75,59.78,277.0
2003-08-14 00:00:00+00:00,47.0,4593.0,59.9,59.84,59.88,59.85,299.0
2003-08-15 00:00:00+00:00,46.0,4740.0,60.1,59.85,60.1,59.85,460.0
2003-08-18 00:00:00+00:00,43.0,5148.0,59.95,59.7,59.95,59.75,677.0
2003-08-19 00:00:00+00:00,42.0,5324.0,59.85,59.82,59.85,59.85,390.0
2003-08-20 00:00:00+00:00,41.0,5105.0,60.25,60.0,60.15,60.16,851.0
2003-08-21 00:00:00+00:00,40.0,5225.0,60.5,60.16,60.17,60.46,561.0
2003-08-22 00:00:00+00:00,39.0,5026.0,61.0,60.5,60.5,60.87,578.0
2003-08-25 00:00:00+00:00,36.0,4925.0,61.2,60.85,60.9,60.9,472.0
2003-08-26 00:00:00+00:00,35.0,5000.0,61.21,61.1,61.1,61.15,351.0
2003-08-27 00:00:00+00:00,34.0,5123.0,61.25,60.8,61.25,60.82,887.0
2003-08-28 00:00:00+00:00,33.0,5238.0,60.94,60.5,60.8,60.59,1280.0
2003-08-29 00:00:00+00:00,32.0,4567.0,60.89,60.64,60.65,60.64,524.0
2003-09-01 00:00:00+00:00,59.0,4658.0,63.45,63.16,63.16,63.45,251.0
2003-09-02 00:00:00+00:00,58.0,4750.0,63.8,63.51,63.6,63.7,643.0
2003-09-03 00:00:00+00:00,57.0,5127.0,63.9,63.6,63.8,63.75,632.0
2003-09-04 00:00:00+00:00,56.0,5164.0,63.78,63.5,63.5,63.58,302.0
2003-09-05 00:00:00+00:00,55.0,5349.0,63.5,63.39,63.5,63.45,581.0
2003-09-08 00:00:00+00:00,52.0,5538.0,63.99,63.55,63.55,63.7,455.0
2003-09-09 00:00:00+00:00,51.0,5604.0,63.75,63.4,63.75,63.45,458.0
2003-09-10 00:00:00+00:00,50.0,5855.0,63.4,62.8,63.4,63.12,627.0
2003-09-11 00:00:00+00:00,49.0,5878.0,63.15,62.7,63.15,62.88,374.0
2003-09-12 00:00:00+00:00,48.0,5903.0,63.0,62.7,62.9,62.71,319.0
2003-09-15 00:00:00+00:00,45.0,5925.0,62.8,62.6,62.6,62.77,327.0
2003-09-16 00:00:00+00:00,44.0,5822.0,62.85,62.2,62.85,62.3,717.0
2003-09-17 00:00:00+00:00,43.0,5711.0,62.4,62.15,62.4,62.27,835.0
2003-09-18 00:00:00+00:00,42.0,5757.0,62.36,62.18,62.27,62.22,337.0
2003-09-19 00:00:00+00:00,41.0,6089.0,62.2,61.95,62.2,62.1,1072.0
2003-09-22 00:00:00+00:00,38.0,5892.0,62.25,62.0,62.2,62.1,662.0
2003-09-23 00:00:00+00:00,37.0,5959.0,62.25,62.05,62.1,62.1,517.0
2003-09-24 00:00:00+00:00,36.0,5773.0,62.25,61.85,62.1,61.9,682.0
2003-09-25 00:00:00+00:00,35.0,5841.0,61.9,61.65,61.85,61.69,459.0
2003-09-26 00:00:00+00:00,34.0,5857.0,61.8,61.45,61.7,61.45,456.0
2003-09-29 00:00:00+00:00,31.0,5838.0,61.46,61.2,61.45,61.21,633.0
2003-09-30 00:00:00+00:00,30.0,4680.0,61.5,61.22,61.32,61.33,588.0
2003-10-01 00:00:00+00:00,58.0,4772.0,63.65,63.35,63.35,63.55,629.0
2003-10-02 00:00:00+00:00,57.0,4892.0,63.5,63.15,63.5,63.2,617.0
2003-10-03 00:00:00+00:00,56.0,5194.0,63.7,63.6,63.61,63.61,518.0
2003-10-06 00:00:00+00:00,53.0,5706.0,63.85,63.4,63.65,63.8,1294.0
2003-10-07 00:00:00+00:00,52.0,5869.0,64.4,63.7,63.75,63.8,515.0
2003-10-08 00:00:00+00:00,51.0,5892.0,63.8,63.5,63.7,63.66,562.0
2003-10-09 00:00:00+00:00,50.0,5828.0,63.6,63.3,63.6,63.35,1014.0
2003-10-10 00:00:00+00:00,49.0,5953.0,63.35,63.2,63.35,63.35,324.0
2003-10-13 00:00:00+00:00,46.0,5949.0,63.45,63.3,63.44,63.4,100.0
2003-10-14 00:00:00+00:00,45.0,5967.0,63.45,63.25,63.35,63.45,340.0
2003-10-15 00:00:00+00:00,44.0,6053.0,63.6,63.4,63.45,63.59,590.0
2003-10-16 00:00:00+00:00,43.0,5959.0,63.6,63.15,63.6,63.17,783.0
2003-10-17 00:00:00+00:00,42.0,5653.0,63.2,62.7,63.2,62.7,1269.0
2003-10-20 00:00:00+00:00,39.0,5682.0,62.8,62.55,62.75,62.56,476.0
2003-10-21 00:00:00+00:00,38.0,5569.0,62.7,62.4,62.7,62.61,763.0
2003-10-22 00:00:00+00:00,37.0,5485.0,62.62,62.0,62.61,62.03,591.0
2003-10-23 00:00:00+00:00,36.0,5545.0,62.35,62.1,62.2,62.27,759.0
2003-10-24 00:00:00+00:00,35.0,5671.0,62.55,62.3,62.35,62.55,480.0
2003-10-27 00:00:00+00:00,32.0,5459.0,62.7,62.47,62.6,62.48,917.0
2003-10-28 00:00:00+00:00,31.0,5440.0,62.55,62.35,62.55,62.39,412.0
2003-10-29 00:00:00+00:00,30.0,5474.0,62.57,62.3,62.31,62.55,546.0
2003-10-30 00:00:00+00:00,29.0,5718.0,62.81,62.59,62.59,62.81,753.0
2003-10-31 00:00:00+00:00,28.0,3705.0,63.05,62.81,62.81,63.05,522.0
2003-11-03 00:00:00+00:00,57.0,3738.0,64.15,63.8,63.99,63.9,246.0
2003-11-04 00:00:00+00:00,56.0,3838.0,64.0,63.7,63.8,63.95,391.0
2003-11-05 00:00:00+00:00,55.0,3949.0,63.8,63.3,63.8,63.34,488.0
2003-11-06 00:00:00+00:00,54.0,3880.0,63.4,62.95,63.34,63.0,440.0
2003-11-07 00:00:00+00:00,53.0,3842.0,63.05,63.0,63.05,63.03,401.0
2003-11-10 00:00:00+00:00,50.0,3642.0,63.03,62.6,63.03,62.7,519.0
2003-11-11 00:00:00+00:00,49.0,3745.0,62.8,62.69,62.7,62.8,360.0
2003-11-12 00:00:00+00:00,48.0,4348.0,62.8,62.39,62.8,62.55,831.0
2003-11-13 00:00:00+00:00,47.0,4509.0,62.6,62.27,62.6,62.3,476.0
2003-11-14 00:00:00+00:00,46.0,4877.0,62.3,62.15,62.3,62.19,806.0
2003-11-17 00:00:00+00:00,43.0,4897.0,62.2,61.8,62.2,61.8,552.0
2003-11-18 00:00:00+00:00,42.0,4989.0,61.8,61.5,61.8,61.51,1090.0
2003-11-19 00:00:00+00:00,41.0,5078.0,61.45,61.1,61.4,61.1,907.0
2003-11-20 00:00:00+00:00,40.0,5263.0,61.2,61.0,61.2,61.05,796.0
2003-11-21 00:00:00+00:00,39.0,5324.0,61.0,60.6,61.0,60.85,450.0
2003-11-24 00:00:00+00:00,36.0,5329.0,60.9,60.84,60.85,60.89,316.0
2003-11-25 00:00:00+00:00,35.0,5406.0,60.9,60.67,60.85,60.82,483.0
2003-11-26 00:00:00+00:00,34.0,5502.0,61.05,60.7,60.85,60.7,1080.0
2003-11-27 00:00:00+00:00,33.0,5269.0,60.64,60.46,60.6,60.6,1106.0
2003-11-28 00:00:00+00:00,32.0,3841.0,60.57,60.46,60.55,60.46,1031.0
2003-12-01 00:00:00+00:00,60.0,3915.0,59.63,59.6,59.63,59.61,285.0
2003-12-02 00:00:00+00:00,59.0,3963.0,59.89,59.61,59.69,59.82,518.0
2003-12-03 00:00:00+00:00,58.0,4207.0,60.07,59.75,59.85,59.85,689.0
2003-12-04 00:00:00+00:00,57.0,4482.0,59.85,59.5,59.85,59.57,614.0
2003-12-05 00:00:00+00:00,56.0,4688.0,59.5,59.1,59.5,59.16,892.0
2003-12-08 00:00:00+00:00,53.0,4697.0,59.21,59.1,59.11,59.2,344.0
2003-12-09 00:00:00+00:00,52.0,4589.0,59.45,59.1,59.2,59.31,685.0
2003-12-10 00:00:00+00:00,51.0,4570.0,59.45,59.35,59.38,59.35,179.0
2003-12-11 00:00:00+00:00,50.0,4657.0,59.5,59.35,59.4,59.45,424.0
2003-12-12 00:00:00+00:00,49.0,4694.0,59.45,59.0,59.45,59.01,925.0
2003-12-15 00:00:00+00:00,46.0,4457.0,59.0,58.85,58.85,58.95,509.0
2003-12-16 00:00:00+00:00,45.0,4313.0,59.25,59.01,59.01,59.24,611.0
2003-12-17 00:00:00+00:00,44.0,4162.0,59.35,59.2,59.3,59.3,542.0
2003-12-18 00:00:00+00:00,43.0,4274.0,59.4,59.25,59.3,59.38,426.0
2003-12-19 00:00:00+00:00,42.0,4325.0,59.45,59.35,59.45,59.38,375.0
2003-12-22 00:00:00+00:00,39.0,4331.0,59.4,59.3,59.35,59.35,247.0
2003-12-23 00:00:00+00:00,38.0,4414.0,59.45,59.35,59.35,59.44,378.0
2003-12-24 00:00:00+00:00,38.0,4414.0,,,,59.44,
2003-12-25 00:00:00+00:00,38.0,4414.0,,,,59.44,
2003-12-26 00:00:00+00:00,35.0,4478.0,60.0,59.32,59.35,59.88,669.0
2003-12-29 00:00:00+00:00,32.0,4391.0,59.95,59.88,59.88,59.92,218.0
2003-12-30 00:00:00+00:00,31.0,3079.0,60.01,59.85,59.9,60.0,239.0
2003-12-31 00:00:00+00:00,31.0,3079.0,,,,60.0,
2004-01-01 00:00:00+00:00,31.0,3079.0,,,,60.0,
2004-01-02 00:00:00+00:00,56.0,3099.0,60.05,59.99,60.0,60.05,142.0
2004-01-05 00:00:00+00:00,53.0,3231.0,60.35,60.3,60.3,60.35,347.0
2004-01-06 00:00:00+00:00,52.0,3368.0,60.3,60.1,60.25,60.2,319.0
2004-01-07 00:00:00+00:00,51.0,3467.0,60.45,60.3,60.33,60.45,620.0
2004-01-08 00:00:00+00:00,50.0,3510.0,60.65,60.55,60.55,60.6,431.0
2004-01-09 00:00:00+00:00,49.0,3651.0,60.4,60.25,60.4,60.3,234.0
2004-01-12 00:00:00+00:00,46.0,3744.0,60.4,60.2,60.2,60.31,365.0
2004-01-13 00:00:00+00:00,45.0,3894.0,60.5,60.27,60.4,60.27,362.0
2004-01-14 00:00:00+00:00,44.0,4265.0,60.2,60.13,60.2,60.13,531.0
2004-01-15 00:00:00+00:00,43.0,4295.0,60.0,59.75,60.0,59.79,301.0
2004-01-16 00:00:00+00:00,42.0,4087.0,59.64,59.4,59.64,59.46,457.0
2004-01-19 00:00:00+00:00,39.0,4212.0,59.35,59.3,59.3,59.34,188.0
2004-01-20 00:00:00+00:00,38.0,4550.0,59.2,59.15,59.15,59.16,516.0
2004-01-21 00:00:00+00:00,37.0,4521.0,59.2,58.94,59.15,59.0,960.0
2004-01-22 00:00:00+00:00,36.0,5114.0,58.91,58.59,58.9,58.6,857.0
2004-01-23 00:00:00+00:00,35.0,5237.0,58.75,58.5,58.65,58.5,552.0
2004-01-26 00:00:00+00:00,32.0,5557.0,58.7,58.6,58.69,58.7,579.0
2004-01-27 00:00:00+00:00,31.0,5719.0,58.61,58.5,58.61,58.5,343.0
2004-01-28 00:00:00+00:00,30.0,5953.0,58.6,58.49,58.49,58.6,514.0
2004-01-29 00:00:00+00:00,29.0,5963.0,58.76,58.55,58.55,58.76,391.0
2004-01-30 00:00:00+00:00,28.0,5137.0,58.84,58.79,58.79,58.84,518.0
2004-02-02 00:00:00+00:00,58.0,5176.0,58.36,58.35,58.36,58.35,108.0
2004-02-03 00:00:00+00:00,57.0,5224.0,58.55,58.5,58.5,58.55,391.0
2004-02-04 00:00:00+00:00,56.0,5346.0,58.45,58.45,58.45,58.48,603.0
2004-02-05 00:00:00+00:00,55.0,5599.0,58.5,58.4,58.4,58.5,339.0
2004-02-06 00:00:00+00:00,54.0,5775.0,58.35,58.35,58.35,58.35,446.0
2004-02-09 00:00:00+00:00,51.0,5999.0,58.18,58.15,58.18,58.15,416.0
2004-02-10 00:00:00+00:00,50.0,5963.0,58.12,58.12,58.12,58.12,428.0
2004-02-11 00:00:00+00:00,49.0,6170.0,58.0,57.9,57.97,58.0,437.0
2004-02-12 00:00:00+00:00,48.0,6314.0,57.93,57.88,57.88,57.93,314.0
2004-02-13 00:00:00+00:00,47.0,6455.0,57.93,57.65,57.93,57.7,294.0
2004-02-16 00:00:00+00:00,44.0,6520.0,57.7,57.7,57.7,57.7,201.0
2004-02-17 00:00:00+00:00,43.0,6954.0,57.68,57.6,57.6,57.66,694.0
2004-02-18 00:00:00+00:00,42.0,7070.0,57.71,57.65,57.66,57.67,532.0
2004-02-19 00:00:00+00:00,41.0,7316.0,57.47,57.43,57.45,57.45,811.0
2004-02-20 00:00:00+00:00,40.0,7560.0,57.58,57.45,57.45,57.6,706.0
2004-02-23 00:00:00+00:00,40.0,7560.0,,,,57.6,
2004-02-24 00:00:00+00:00,40.0,7560.0,,,,57.6,
2004-02-25 00:00:00+00:00,35.0,7853.0,57.7,57.65,57.7,57.65,411.0
2004-02-26 00:00:00+00:00,34.0,8077.0,57.77,57.69,57.7,57.77,367.0
2004-02-27 00:00:00+00:00,33.0,7513.0,57.8,57.68,57.8,57.68,1029.0
2004-03-01 00:00:00+00:00,60.0,7652.0,57.2,57.2,57.2,57.2,454.0
2004-03-02 00:00:00+00:00,59.0,7828.0,57.3,57.2,57.2,57.3,427.0
2004-03-03 00:00:00+00:00,58.0,7967.0,57.38,57.3,57.3,57.36,729.0
2004-03-04 00:00:00+00:00,57.0,8277.0,57.51,57.45,57.51,57.5,439.0
2004-03-05 00:00:00+00:00,56.0,8419.0,57.48,57.45,57.48,57.45,265.0
2004-03-08 00:00:00+00:00,53.0,8525.0,57.39,57.39,57.39,57.43,238.0
2004-03-09 00:00:00+00:00,52.0,8689.0,57.43,57.43,57.43,57.43,338.0
2004-03-10 00:00:00+00:00,51.0,8869.0,57.4,57.4,57.4,57.4,302.0
2004-03-11 00:00:00+00:00,50.0,9176.0,57.56,57.5,57.5,57.56,679.0
2004-03-12 00:00:00+00:00,49.0,9060.0,57.59,57.4,57.59,57.43,638.0
2004-03-15 00:00:00+00:00,46.0,9187.0,57.4,57.2,57.4,57.2,478.0
2004-03-16 00:00:00+00:00,45.0,9633.0,57.2,57.01,57.1,57.02,529.0
2004-03-17 00:00:00+00:00,44.0,9805.0,56.9,56.86,56.9,56.88,489.0
2004-03-18 00:00:00+00:00,43.0,10023.0,56.9,56.85,56.88,56.87,942.0
2004-03-19 00:00:00+00:00,42.0,10168.0,56.91,56.9,56.91,56.9,904.0
2004-03-22 00:00:00+00:00,39.0,10263.0,57.35,57.3,57.3,57.38,166.0
2004-03-23 00:00:00+00:00,38.0,10361.0,57.45,57.3,57.45,57.3,304.0
2004-03-24 00:00:00+00:00,37.0,10566.0,57.25,57.2,57.21,57.25,357.0
2004-03-25 00:00:00+00:00,36.0,10854.0,57.4,57.35,57.4,57.36,549.0
2004-03-26 00:00:00+00:00,35.0,11057.0,57.48,57.4,57.44,57.45,712.0
2004-03-29 00:00:00+00:00,32.0,11345.0,57.55,57.5,57.5,57.51,664.0
2004-03-30 00:00:00+00:00,31.0,11587.0,57.6,57.55,57.59,57.6,692.0
2004-03-31 00:00:00+00:00,30.0,11421.0,57.56,57.53,57.55,57.55,671.0
2004-04-01 00:00:00+00:00,60.0,11467.0,56.96,56.78,56.96,56.8,334.0
2004-04-02 00:00:00+00:00,59.0,11621.0,56.83,56.79,56.79,56.83,407.0
2004-04-05 00:00:00+00:00,56.0,11618.0,56.9,56.78,56.8,56.85,384.0
2004-04-06 00:00:00+00:00,55.0,11452.0,57.0,56.85,56.85,56.98,701.0
2004-04-07 00:00:00+00:00,54.0,11361.0,57.05,56.9,56.97,57.01,889.0
2004-04-08 00:00:00+00:00,53.0,11548.0,57.01,56.9,57.01,56.99,767.0
2004-04-09 00:00:00+00:00,53.0,11548.0,,,,56.99,
2004-04-12 00:00:00+00:00,49.0,11820.0,57.03,56.97,56.98,57.03,353.0
2004-04-13 00:00:00+00:00,48.0,12313.0,57.31,57.05,57.05,57.31,1458.0
2004-04-14 00:00:00+00:00,47.0,12677.0,57.31,57.15,57.31,57.21,654.0
2004-04-15 00:00:00+00:00,46.0,12769.0,57.11,57.0,57.05,57.11,392.0
2004-04-16 00:00:00+00:00,45.0,12939.0,57.33,57.06,57.06,57.15,618.0
2004-04-19 00:00:00+00:00,42.0,13211.0,57.27,57.15,57.2,57.26,848.0
2004-04-20 00:00:00+00:00,41.0,13787.0,57.75,57.15,57.27,57.75,1585.0
2004-04-21 00:00:00+00:00,41.0,13787.0,,,,57.75,
2004-04-22 00:00:00+00:00,39.0,13379.0,57.9,57.64,57.8,57.66,1894.0
2004-04-23 00:00:00+00:00,38.0,14088.0,57.85,57.54,57.66,57.81,1366.0
2004-04-26 00:00:00+00:00,35.0,14141.0,58.0,57.74,57.74,58.0,408.0
2004-04-27 00:00:00+00:00,34.0,13930.0,58.25,58.0,58.0,58.24,1755.0
2004-04-28 00:00:00+00:00,33.0,14241.0,58.5,58.15,58.19,58.21,1663.0
2004-04-29 00:00:00+00:00,32.0,14376.0,58.35,58.1,58.15,58.26,506.0
2004-04-30 00:00:00+00:00,31.0,13088.0,58.45,58.26,58.29,58.31,2641.0
2004-05-03 00:00:00+00:00,58.0,12663.0,59.35,59.29,59.35,59.35,671.0
2004-05-04 00:00:00+00:00,57.0,12681.0,59.69,59.35,59.35,59.4,1031.0
2004-05-05 00:00:00+00:00,56.0,12948.0,59.55,59.4,59.5,59.5,1377.0
2004-05-06 00:00:00+00:00,55.0,13393.0,59.8,59.5,59.5,59.61,1143.0
2004-05-07 00:00:00+00:00,54.0,13493.0,59.8,59.6,59.6,59.81,593.0
2004-05-10 00:00:00+00:00,51.0,13753.0,60.4,60.0,60.0,60.4,969.0
2004-05-11 00:00:00+00:00,50.0,13804.0,61.2,60.4,60.4,60.95,2161.0
2004-05-12 00:00:00+00:00,49.0,14248.0,61.2,60.9,61.05,61.15,1774.0
2004-05-13 00:00:00+00:00,48.0,13540.0,62.05,61.5,61.5,61.87,3160.0
2004-05-14 00:00:00+00:00,47.0,13709.0,61.68,61.38,61.51,61.45,994.0
2004-05-17 00:00:00+00:00,44.0,13745.0,61.15,60.85,61.15,61.01,842.0
2004-05-18 00:00:00+00:00,43.0,13905.0,61.39,61.1,61.15,61.35,447.0
2004-05-19 00:00:00+00:00,42.0,13344.0,61.85,61.3,61.5,61.55,3106.0
2004-05-20 00:00:00+00:00,41.0,13264.0,61.7,61.4,61.4,61.7,525.0
2004-05-21 00:00:00+00:00,40.0,13010.0,62.5,62.0,62.0,62.4,1892.0
2004-05-24 00:00:00+00:00,37.0,12706.0,62.71,62.45,62.47,62.71,1557.0
2004-05-25 00:00:00+00:00,36.0,11614.0,62.56,61.75,62.56,61.8,1946.0
2004-05-26 00:00:00+00:00,35.0,11921.0,61.85,61.45,61.85,61.46,1090.0
2004-05-27 00:00:00+00:00,34.0,11827.0,61.89,61.65,61.75,61.7,1300.0
2004-05-28 00:00:00+00:00,33.0,11657.0,61.69,61.45,61.69,61.46,932.0
2004-05-31 00:00:00+00:00,30.0,9100.0,61.75,61.45,61.45,61.7,774.0
2004-06-01 00:00:00+00:00,59.0,9187.0,64.45,64.24,64.24,64.45,399.0
2004-06-02 00:00:00+00:00,58.0,9368.0,64.6,64.25,64.6,64.26,1181.0
2004-06-03 00:00:00+00:00,57.0,9435.0,64.5,64.16,64.16,64.5,678.0
2004-06-04 00:00:00+00:00,56.0,9514.0,64.65,64.4,64.5,64.41,1074.0
2004-06-07 00:00:00+00:00,53.0,9484.0,64.5,64.4,64.5,64.49,399.0
2004-06-08 00:00:00+00:00,52.0,9522.0,64.35,64.15,64.35,64.15,424.0
2004-06-09 00:00:00+00:00,51.0,8852.0,64.1,63.5,64.1,63.56,1530.0
2004-06-10 00:00:00+00:00,51.0,8852.0,,,,63.56,
2004-06-11 00:00:00+00:00,49.0,8671.0,63.6,63.25,63.5,63.47,815.0
2004-06-14 00:00:00+00:00,46.0,8639.0,63.4,63.3,63.4,63.35,454.0
2004-06-15 00:00:00+00:00,45.0,8284.0,63.5,63.17,63.35,63.25,1071.0
2004-06-16 00:00:00+00:00,44.0,8369.0,63.35,63.1,63.35,63.15,1045.0
2004-06-17 00:00:00+00:00,43.0,8016.0,63.21,63.0,63.16,63.21,1553.0
2004-06-18 00:00:00+00:00,42.0,7938.0,63.26,62.95,63.21,62.95,1692.0
2004-06-21 00:00:00+00:00,39.0,7932.0,63.0,62.75,62.95,62.85,1248.0
2004-06-22 00:00:00+00:00,38.0,8022.0,62.87,62.65,62.85,62.68,759.0
2004-06-23 00:00:00+00:00,37.0,8336.0,62.75,62.1,62.75,62.15,1832.0
2004-06-24 00:00:00+00:00,36.0,8621.0,62.1,61.81,62.0,61.9,1082.0
2004-06-25 00:00:00+00:00,35.0,8803.0,62.0,61.55,61.85,61.65,554.0
2004-06-28 00:00:00+00:00,32.0,9304.0,61.7,61.4,61.69,61.45,1257.0
2004-06-29 00:00:00+00:00,31.0,9205.0,61.65,61.4,61.55,61.45,650.0
2004-06-30 00:00:00+00:00,30.0,8043.0,61.6,61.05,61.49,61.07,1269.0
2004-07-01 00:00:00+00:00,61.0,8102.0,63.8,63.6,63.6,63.7,687.0
2004-07-02 00:00:00+00:00,60.0,8079.0,64.1,63.8,63.89,63.83,941.0
2004-07-05 00:00:00+00:00,57.0,8178.0,63.83,63.65,63.7,63.69,290.0
2004-07-06 00:00:00+00:00,56.0,8260.0,63.7,63.5,63.69,63.55,433.0
2004-07-07 00:00:00+00:00,55.0,8278.0,63.65,63.4,63.55,63.42,736.0
2004-07-08 00:00:00+00:00,54.0,8441.0,63.42,63.05,63.42,63.08,551.0
2004-07-09 00:00:00+00:00,54.0,8441.0,,,,63.08,
2004-07-12 00:00:00+00:00,50.0,8575.0,63.25,62.8,63.1,62.8,440.0
2004-07-13 00:00:00+00:00,49.0,8914.0,62.8,62.7,62.8,62.7,1381.0
2004-07-14 00:00:00+00:00,48.0,9632.0,62.85,62.4,62.6,62.41,2292.0
2004-07-15 00:00:00+00:00,47.0,9340.0,62.45,62.15,62.45,62.44,1847.0
2004-07-16 00:00:00+00:00,46.0,9142.0,63.0,62.45,62.45,62.73,1118.0
2004-07-19 00:00:00+00:00,43.0,9027.0,62.91,62.73,62.73,62.91,599.0
2004-07-20 00:00:00+00:00,42.0,8949.0,63.01,62.79,62.95,62.8,292.0
2004-07-21 00:00:00+00:00,41.0,8922.0,62.8,62.6,62.8,62.75,555.0
2004-07-22 00:00:00+00:00,40.0,9006.0,62.9,62.7,62.84,62.75,315.0
2004-07-23 00:00:00+00:00,39.0,9094.0,62.9,62.79,62.8,62.82,428.0
2004-07-26 00:00:00+00:00,36.0,9701.0,62.81,62.65,62.8,62.66,962.0
2004-07-27 00:00:00+00:00,35.0,9500.0,62.85,62.7,62.7,62.71,694.0
2004-07-28 00:00:00+00:00,34.0,9489.0,62.72,62.55,62.71,62.58,553.0
2004-07-29 00:00:00+00:00,33.0,9824.0,62.79,62.45,62.55,62.65,1228.0
2004-07-30 00:00:00+00:00,32.0,7543.0,63.0,62.57,62.73,63.0,3010.0
2004-08-02 00:00:00+00:00,59.0,7498.0,65.6,65.5,65.5,65.61,536.0
2004-08-03 00:00:00+00:00,58.0,7079.0,65.6,65.4,65.6,65.54,1174.0
2004-08-04 00:00:00+00:00,57.0,7200.0,65.3,65.2,65.3,65.23,570.0
2004-08-05 00:00:00+00:00,56.0,7361.0,65.05,64.86,65.05,65.01,888.0
2004-08-06 00:00:00+00:00,55.0,7301.0,65.15,64.9,65.0,65.06,743.0
2004-08-09 00:00:00+00:00,52.0,7455.0,65.0,64.88,65.0,64.92,354.0
2004-08-10 00:00:00+00:00,51.0,7572.0,64.8,64.65,64.8,64.7,854.0
2004-08-11 00:00:00+00:00,50.0,7801.0,64.6,64.4,64.55,64.49,677.0
2004-08-12 00:00:00+00:00,49.0,8161.0,64.4,64.15,64.4,64.15,1828.0
2004-08-13 00:00:00+00:00,48.0,7510.0,64.25,63.75,64.25,64.05,1545.0
2004-08-16 00:00:00+00:00,45.0,7501.0,63.95,63.81,63.9,63.91,865.0
2004-08-17 00:00:00+00:00,44.0,7556.0,63.95,63.7,63.95,63.72,667.0
2004-08-18 00:00:00+00:00,43.0,7884.0,63.65,63.2,63.65,63.2,1093.0
2004-08-19 00:00:00+00:00,42.0,8187.0,63.2,62.95,63.05,62.98,782.0
2004-08-20 00:00:00+00:00,41.0,8113.0,62.97,62.85,62.97,62.9,1135.0
2004-08-23 00:00:00+00:00,38.0,8522.0,62.8,62.6,62.74,62.75,948.0
2004-08-24 00:00:00+00:00,37.0,8617.0,62.8,62.73,62.73,62.75,407.0
2004-08-25 00:00:00+00:00,36.0,9021.0,62.74,62.35,62.71,62.39,1117.0
2004-08-26 00:00:00+00:00,35.0,9313.0,62.39,61.8,62.39,61.8,1727.0
2004-08-27 00:00:00+00:00,34.0,9542.0,61.85,61.65,61.85,61.65,1811.0
2004-08-30 00:00:00+00:00,31.0,9668.0,61.65,61.6,61.65,61.65,1468.0
2004-08-31 00:00:00+00:00,30.0,7658.0,61.7,61.55,61.65,61.58,808.0
2004-09-01 00:00:00+00:00,58.0,8124.0,62.89,62.77,62.86,62.8,800.0
2004-09-02 00:00:00+00:00,57.0,8461.0,63.1,62.8,62.8,63.0,1200.0
2004-09-03 00:00:00+00:00,56.0,8903.0,63.1,62.67,62.95,62.7,1727.0
2004-09-06 00:00:00+00:00,53.0,9088.0,62.9,62.15,62.9,62.15,1274.0
2004-09-07 00:00:00+00:00,53.0,9088.0,,,,62.15,
2004-09-08 00:00:00+00:00,51.0,8993.0,62.35,62.08,62.15,62.1,1553.0
2004-09-09 00:00:00+00:00,50.0,8995.0,62.35,61.85,62.35,61.85,1955.0
2004-09-10 00:00:00+00:00,49.0,9629.0,61.95,61.5,61.8,61.6,1926.0
2004-09-13 00:00:00+00:00,46.0,9848.0,61.6,61.45,61.6,61.5,1209.0
2004-09-14 00:00:00+00:00,45.0,9932.0,61.55,61.42,61.5,61.55,471.0
2004-09-15 00:00:00+00:00,44.0,10256.0,61.5,61.0,61.5,61.08,1306.0
2004-09-16 00:00:00+00:00,43.0,10273.0,61.05,60.76,61.05,60.77,1083.0
2004-09-17 00:00:00+00:00,42.0,10314.0,60.85,60.6,60.75,60.6,993.0
2004-09-20 00:00:00+00:00,39.0,10480.0,60.59,60.15,60.59,60.4,1542.0
2004-09-21 00:00:00+00:00,38.0,10692.0,60.4,60.2,60.4,60.24,979.0
2004-09-22 00:00:00+00:00,37.0,10980.0,60.2,60.0,60.2,60.0,1735.0
2004-09-23 00:00:00+00:00,36.0,11552.0,60.04,59.71,60.0,59.73,1577.0
2004-09-24 00:00:00+00:00,35.0,11983.0,59.73,59.38,59.7,59.4,1511.0
2004-09-27 00:00:00+00:00,32.0,12026.0,59.4,59.2,59.4,59.2,630.0
2004-09-28 00:00:00+00:00,31.0,12204.0,59.44,59.2,59.2,59.31,500.0
2004-09-29 00:00:00+00:00,30.0,12609.0,59.75,59.2,59.75,59.31,2764.0
2004-09-30 00:00:00+00:00,29.0,11730.0,59.53,59.3,59.31,59.5,1036.0
2004-10-01 00:00:00+00:00,60.0,11921.0,62.2,61.6,61.65,62.2,731.0
2004-10-04 00:00:00+00:00,57.0,11953.0,62.65,62.2,62.2,62.65,1150.0
2004-10-05 00:00:00+00:00,56.0,11821.0,62.69,62.4,62.69,62.47,772.0
2004-10-06 00:00:00+00:00,55.0,12028.0,62.75,62.35,62.35,62.74,872.0
2004-10-07 00:00:00+00:00,54.0,12169.0,62.7,62.46,62.64,62.6,644.0
2004-10-08 00:00:00+00:00,53.0,12000.0,63.0,62.74,62.74,62.85,1140.0
2004-10-11 00:00:00+00:00,50.0,12031.0,62.9,62.3,62.85,62.35,470.0
2004-10-12 00:00:00+00:00,50.0,12031.0,,,,62.35,
2004-10-13 00:00:00+00:00,48.0,11997.0,62.6,62.25,62.35,62.6,440.0
2004-10-14 00:00:00+00:00,47.0,12046.0,62.7,62.5,62.6,62.5,573.0
2004-10-15 00:00:00+00:00,46.0,12278.0,62.57,62.31,62.4,62.45,750.0
2004-10-18 00:00:00+00:00,43.0,12393.0,62.45,62.25,62.45,62.25,416.0
2004-10-19 00:00:00+00:00,42.0,12632.0,62.45,62.34,62.45,62.4,767.0
2004-10-20 00:00:00+00:00,41.0,12559.0,62.7,62.4,62.5,62.54,945.0
2004-10-21 00:00:00+00:00,40.0,12486.0,62.4,62.2,62.4,62.28,703.0
2004-10-22 00:00:00+00:00,39.0,12539.0,62.28,62.2,62.25,62.2,847.0
2004-10-25 00:00:00+00:00,36.0,12625.0,62.2,61.9,62.2,61.95,595.0
2004-10-26 00:00:00+00:00,35.0,12699.0,62.2,61.86,61.95,62.15,784.0
2004-10-27 00:00:00+00:00,34.0,13008.0,62.39,62.2,62.32,62.3,752.0
2004-10-28 00:00:00+00:00,33.0,13457.0,62.6,62.3,62.35,62.55,1387.0
2004-10-29 00:00:00+00:00,32.0,11711.0,62.85,62.55,62.6,62.82,1541.0
2004-11-01 00:00:00+00:00,59.0,11888.0,64.24,63.95,64.0,64.23,581.0
2004-11-02 00:00:00+00:00,59.0,11888.0,,,,64.23,
2004-11-03 00:00:00+00:00,57.0,12095.0,64.5,64.23,64.38,64.3,701.0
2004-11-04 00:00:00+00:00,56.0,12161.0,64.27,64.05,64.27,64.15,710.0
2004-11-05 00:00:00+00:00,55.0,12167.0,64.15,63.85,64.07,64.01,787.0
2004-11-08 00:00:00+00:00,52.0,12176.0,64.3,64.0,64.0,64.26,261.0
2004-11-09 00:00:00+00:00,51.0,12120.0,64.45,64.25,64.3,64.45,465.0
2004-11-10 00:00:00+00:00,50.0,12523.0,64.9,64.35,64.4,64.8,1168.0
2004-11-11 00:00:00+00:00,49.0,12537.0,64.93,64.74,64.89,64.74,704.0
2004-11-12 00:00:00+00:00,48.0,12666.0,64.77,64.5,64.77,64.55,615.0
2004-11-15 00:00:00+00:00,48.0,12666.0,,,,64.55,
2004-11-16 00:00:00+00:00,44.0,12664.0,64.6,64.43,64.53,64.55,490.0
2004-11-17 00:00:00+00:00,43.0,12688.0,64.8,64.55,64.59,64.71,864.0
2004-11-18 00:00:00+00:00,42.0,13328.0,64.9,64.65,64.75,64.9,996.0
2004-11-19 00:00:00+00:00,41.0,13789.0,65.13,64.7,64.72,64.98,918.0
2004-11-22 00:00:00+00:00,38.0,13915.0,64.9,64.65,64.9,64.78,600.0
2004-11-23 00:00:00+00:00,37.0,14208.0,64.9,64.65,64.78,64.89,872.0
2004-11-24 00:00:00+00:00,36.0,14809.0,64.85,64.65,64.66,64.79,1347.0
2004-11-25 00:00:00+00:00,35.0,14664.0,64.65,64.0,64.6,64.15,994.0
2004-11-26 00:00:00+00:00,34.0,14718.0,64.14,63.65,64.14,63.66,1326.0
2004-11-29 00:00:00+00:00,31.0,14828.0,63.9,63.2,63.76,63.4,1275.0
2004-11-30 00:00:00+00:00,30.0,12492.0,63.5,63.2,63.5,63.25,1118.0
2004-12-01 00:00:00+00:00,61.0,12695.0,64.15,63.8,63.85,64.02,934.0
2004-12-02 00:00:00+00:00,60.0,12773.0,64.1,63.1,64.1,63.37,1359.0
2004-12-03 00:00:00+00:00,59.0,12929.0,63.5,63.2,63.37,63.21,1158.0
2004-12-06 00:00:00+00:00,56.0,12777.0,63.1,62.7,63.1,62.93,1791.0
2004-12-07 00:00:00+00:00,55.0,12193.0,62.6,62.31,62.6,62.32,1789.0
2004-12-08 00:00:00+00:00,54.0,11926.0,62.5,61.85,62.32,61.85,2215.0
2004-12-09 00:00:00+00:00,53.0,11980.0,61.94,61.65,61.88,61.81,887.0
2004-12-10 00:00:00+00:00,52.0,12102.0,62.3,61.9,62.1,61.91,833.0
2004-12-13 00:00:00+00:00,49.0,12043.0,61.65,61.5,61.65,61.61,671.0
2004-12-14 00:00:00+00:00,48.0,10687.0,61.61,61.35,61.6,61.36,2006.0
2004-12-15 00:00:00+00:00,47.0,10537.0,61.36,60.91,61.36,60.91,734.0
2004-12-16 00:00:00+00:00,46.0,10574.0,60.8,60.65,60.8,60.7,627.0
2004-12-17 00:00:00+00:00,45.0,10635.0,61.23,60.7,60.7,61.18,606.0
2004-12-20 00:00:00+00:00,42.0,10804.0,61.29,61.0,61.29,61.15,514.0
2004-12-21 00:00:00+00:00,41.0,10490.0,61.15,60.95,60.95,61.15,958.0
2004-12-22 00:00:00+00:00,40.0,10591.0,61.18,60.6,61.09,60.89,666.0
2004-12-23 00:00:00+00:00,39.0,10379.0,60.85,60.76,60.8,60.76,834.0
2004-12-24 00:00:00+00:00,39.0,10379.0,,,,60.76,
2004-12-27 00:00:00+00:00,35.0,10511.0,60.76,60.73,60.76,60.73,1018.0
2004-12-28 00:00:00+00:00,34.0,10945.0,60.8,60.73,60.73,60.73,2787.0
2004-12-29 00:00:00+00:00,33.0,9790.0,60.88,60.73,60.73,60.8,1512.0
2004-12-30 00:00:00+00:00,32.0,8391.0,60.9,60.75,60.9,60.75,197.0
2004-12-31 00:00:00+00:00,32.0,8391.0,,,,60.75,
2005-01-03 00:00:00+00:00,56.0,8576.0,61.26,61.2,61.25,61.21,459.0
2005-01-04 00:00:00+00:00,55.0,8631.0,61.2,60.7,61.2,60.7,730.0
2005-01-05 00:00:00+00:00,54.0,8547.0,60.8,60.3,60.7,60.33,833.0
2005-01-06 00:00:00+00:00,53.0,8693.0,60.2,59.94,60.2,60.1,993.0
2005-01-07 00:00:00+00:00,52.0,8866.0,60.3,60.1,60.2,60.22,527.0
2005-01-10 00:00:00+00:00,49.0,9032.0,60.35,60.15,60.3,60.15,566.0
2005-01-11 00:00:00+00:00,48.0,8953.0,59.95,59.4,59.95,59.47,928.0
2005-01-12 00:00:00+00:00,47.0,8662.0,59.4,59.2,59.4,59.24,598.0
2005-01-13 00:00:00+00:00,46.0,8679.0,59.01,58.5,59.0,58.5,1972.0
2005-01-14 00:00:00+00:00,45.0,9083.0,58.65,58.3,58.55,58.4,1276.0
2005-01-17 00:00:00+00:00,42.0,9205.0,58.4,58.05,58.4,58.08,868.0
2005-01-18 00:00:00+00:00,41.0,9241.0,57.93,57.55,57.93,57.55,1384.0
2005-01-19 00:00:00+00:00,40.0,9242.0,57.6,57.08,57.58,57.2,857.0
2005-01-20 00:00:00+00:00,39.0,9270.0,57.39,57.2,57.2,57.35,683.0
2005-01-21 00:00:00+00:00,38.0,9293.0,57.35,56.9,57.35,56.98,763.0
2005-01-24 00:00:00+00:00,35.0,7852.0,57.1,56.96,56.96,57.09,660.0
2005-01-25 00:00:00+00:00,35.0,7852.0,,,,57.09,
2005-01-26 00:00:00+00:00,33.0,9500.0,56.96,56.8,56.96,56.8,1151.0
2005-01-27 00:00:00+00:00,32.0,9624.0,56.86,56.6,56.83,56.61,688.0
2005-01-28 00:00:00+00:00,31.0,9775.0,56.72,56.61,56.61,56.7,1776.0
2005-01-31 00:00:00+00:00,28.0,8993.0,56.72,56.65,56.7,56.72,759.0
2005-02-01 00:00:00+00:00,58.0,9207.0,56.65,56.45,56.45,56.54,491.0
2005-02-02 00:00:00+00:00,57.0,9277.0,56.7,56.54,56.54,56.7,952.0
2005-02-03 00:00:00+00:00,56.0,9550.0,57.09,56.7,56.7,57.08,627.0
2005-02-04 00:00:00+00:00,55.0,9736.0,58.1,57.25,57.25,58.01,1175.0
2005-02-07 00:00:00+00:00,55.0,9736.0,,,,58.01,
2005-02-08 00:00:00+00:00,55.0,9736.0,,,,58.01,
2005-02-09 00:00:00+00:00,50.0,9805.0,58.0,57.98,58.0,58.0,284.0
2005-02-10 00:00:00+00:00,49.0,9885.0,58.2,57.9,58.1,57.9,904.0
2005-02-11 00:00:00+00:00,48.0,10323.0,57.91,57.71,57.8,57.9,1124.0
2005-02-14 00:00:00+00:00,45.0,9583.0,58.15,57.9,58.15,57.99,1691.0
2005-02-15 00:00:00+00:00,44.0,9727.0,58.0,57.85,58.0,57.9,900.0
2005-02-16 00:00:00+00:00,43.0,9721.0,58.6,58.19,58.19,58.6,610.0
2005-02-17 00:00:00+00:00,42.0,10316.0,59.1,58.5,58.5,58.9,1618.0
2005-02-18 00:00:00+00:00,41.0,10536.0,59.1,58.69,58.9,59.1,1531.0
2005-02-21 00:00:00+00:00,38.0,10509.0,59.35,59.2,59.25,59.34,1092.0
2005-02-22 00:00:00+00:00,37.0,10595.0,59.7,59.55,59.55,59.6,456.0
2005-02-23 00:00:00+00:00,36.0,10776.0,59.49,59.09,59.49,59.1,1097.0
2005-02-24 00:00:00+00:00,35.0,10861.0,59.0,58.6,58.75,58.94,1065.0
2005-02-25 00:00:00+00:00,34.0,11182.0,58.6,58.35,58.6,58.45,974.0
2005-02-28 00:00:00+00:00,31.0,10254.0,58.2,57.7,58.0,57.7,1206.0
2005-03-01 00:00:00+00:00,59.0,10455.0,57.7,57.6,57.7,57.66,595.0
2005-03-02 00:00:00+00:00,58.0,10666.0,57.85,57.7,57.75,57.8,487.0
2005-03-03 00:00:00+00:00,57.0,10704.0,58.2,57.36,57.5,58.17,1098.0
2005-03-04 00:00:00+00:00,56.0,10809.0,58.17,57.85,58.15,57.9,756.0
2005-03-07 00:00:00+00:00,53.0,10962.0,58.2,58.06,58.14,58.15,729.0
2005-03-08 00:00:00+00:00,52.0,11184.0,58.4,58.1,58.4,58.15,653.0
2005-03-09 00:00:00+00:00,51.0,11234.0,58.39,58.15,58.25,58.19,874.0
2005-03-10 00:00:00+00:00,50.0,12256.0,58.35,57.75,58.34,57.85,2220.0
2005-03-11 00:00:00+00:00,49.0,11956.0,57.9,57.66,57.7,57.87,1313.0
2005-03-14 00:00:00+00:00,46.0,12076.0,58.19,57.9,57.95,58.19,754.0
2005-03-15 00:00:00+00:00,45.0,11874.0,58.44,58.15,58.15,58.44,855.0
2005-03-16 00:00:00+00:00,44.0,11891.0,58.39,57.7,58.39,58.0,1279.0
2005-03-17 00:00:00+00:00,43.0,11896.0,57.9,57.3,57.85,57.4,872.0
2005-03-18 00:00:00+00:00,42.0,11912.0,57.2,56.8,57.15,56.8,1636.0
2005-03-21 00:00:00+00:00,39.0,12019.0,57.0,56.7,57.0,57.0,857.0
2005-03-22 00:00:00+00:00,38.0,12000.0,57.0,56.7,56.7,56.8,840.0
2005-03-23 00:00:00+00:00,37.0,12414.0,57.19,57.0,57.0,57.15,1188.0
2005-03-24 00:00:00+00:00,36.0,12491.0,57.1,56.9,56.9,57.0,380.0
2005-03-25 00:00:00+00:00,36.0,12491.0,,,,57.0,
2005-03-28 00:00:00+00:00,32.0,12506.0,57.05,56.9,57.0,57.05,450.0
2005-03-29 00:00:00+00:00,31.0,12835.0,56.89,56.75,56.75,56.8,995.0
2005-03-30 00:00:00+00:00,30.0,13255.0,56.72,56.6,56.7,56.65,843.0
2005-03-31 00:00:00+00:00,29.0,11362.0,56.7,56.55,56.6,56.65,322.0
2005-04-01 00:00:00+00:00,60.0,11416.0,57.55,57.3,57.3,57.55,245.0
2005-04-04 00:00:00+00:00,57.0,11422.0,57.7,57.55,57.55,57.67,331.0
2005-04-05 00:00:00+00:00,56.0,11455.0,57.75,57.45,57.45,57.75,214.0
2005-04-06 00:00:00+00:00,55.0,11525.0,57.74,57.15,57.74,57.19,1467.0
2005-04-07 00:00:00+00:00,54.0,11507.0,57.2,56.5,57.2,56.55,937.0
2005-04-08 00:00:00+00:00,53.0,11623.0,56.56,56.2,56.56,56.28,599.0
2005-04-11 00:00:00+00:00,50.0,11560.0,56.28,56.1,56.2,56.25,372.0
2005-04-12 00:00:00+00:00,49.0,11508.0,56.1,55.9,56.1,55.9,839.0
2005-04-13 00:00:00+00:00,48.0,11657.0,55.79,55.4,55.7,55.46,728.0
2005-04-14 00:00:00+00:00,47.0,11706.0,55.47,54.9,55.47,55.01,924.0
2005-04-15 00:00:00+00:00,46.0,11719.0,55.2,54.66,55.0,54.89,928.0
2005-04-18 00:00:00+00:00,43.0,11630.0,54.9,54.5,54.9,54.5,660.0
2005-04-19 00:00:00+00:00,42.0,11870.0,54.4,54.1,54.4,54.11,924.0
2005-04-20 00:00:00+00:00,41.0,11796.0,54.15,53.85,54.05,53.99,1049.0
2005-04-21 00:00:00+00:00,41.0,11796.0,,,,53.99,
2005-04-22 00:00:00+00:00,39.0,11980.0,53.85,53.7,53.85,53.71,1079.0
2005-04-25 00:00:00+00:00,36.0,11872.0,53.59,53.2,53.5,53.39,913.0
2005-04-26 00:00:00+00:00,35.0,11951.0,53.9,53.25,53.25,53.88,1853.0
2005-04-27 00:00:00+00:00,34.0,11820.0,53.9,53.6,53.9,53.69,1151.0
2005-04-28 00:00:00+00:00,33.0,11739.0,54.0,53.65,53.69,53.94,1710.0
2005-04-29 00:00:00+00:00,32.0,10963.0,54.39,53.9,53.95,53.96,1316.0
2005-05-02 00:00:00+00:00,59.0,11054.0,55.65,55.45,55.45,55.64,356.0
2005-05-03 00:00:00+00:00,58.0,11302.0,55.4,55.15,55.4,55.25,1166.0
2005-05-04 00:00:00+00:00,57.0,11375.0,55.0,54.8,55.0,54.85,1151.0
2005-05-05 00:00:00+00:00,56.0,11784.0,54.85,54.65,54.85,54.68,1295.0
2005-05-06 00:00:00+00:00,55.0,12168.0,54.7,54.25,54.45,54.55,1291.0
2005-05-09 00:00:00+00:00,52.0,12439.0,54.85,54.7,54.85,54.82,664.0
2005-05-10 00:00:00+00:00,51.0,12992.0,55.35,55.1,55.1,55.34,1204.0
2005-05-11 00:00:00+00:00,50.0,13065.0,56.15,55.55,55.8,55.73,1331.0
2005-05-12 00:00:00+00:00,49.0,12940.0,56.4,56.1,56.39,56.34,1267.0
2005-05-13 00:00:00+00:00,48.0,13050.0,56.34,55.8,56.2,55.98,872.0
2005-05-16 00:00:00+00:00,45.0,13036.0,56.15,55.8,55.8,55.99,600.0
2005-05-17 00:00:00+00:00,44.0,12911.0,56.1,56.09,56.09,56.1,737.0
2005-05-18 00:00:00+00:00,43.0,12884.0,55.85,55.7,55.85,55.72,946.0
2005-05-19 00:00:00+00:00,42.0,12943.0,55.68,55.1,55.68,55.25,566.0
2005-05-20 00:00:00+00:00,41.0,13028.0,55.1,54.7,55.05,54.83,663.0
2005-05-23 00:00:00+00:00,38.0,13090.0,54.76,54.5,54.5,54.72,840.0
2005-05-24 00:00:00+00:00,37.0,12857.0,54.88,54.59,54.59,54.82,875.0
2005-05-25 00:00:00+00:00,36.0,13113.0,54.85,54.75,54.8,54.77,1259.0
2005-05-26 00:00:00+00:00,36.0,13113.0,,,,54.77,
2005-05-27 00:00:00+00:00,34.0,13248.0,54.9,54.6,54.9,54.67,784.0
2005-05-30 00:00:00+00:00,31.0,13319.0,54.6,54.5,54.6,54.52,822.0
2005-05-31 00:00:00+00:00,30.0,7940.0,54.75,54.5,54.7,54.61,1429.0
2005-06-01 00:00:00+00:00,58.0,7841.0,56.6,56.5,56.51,56.55,830.0
2005-06-02 00:00:00+00:00,57.0,7808.0,56.35,55.95,56.35,55.96,950.0
2005-06-03 00:00:00+00:00,56.0,8008.0,56.0,55.65,55.65,55.99,1050.0
2005-06-06 00:00:00+00:00,53.0,8001.0,56.3,56.2,56.3,56.3,619.0
2005-06-07 00:00:00+00:00,52.0,7973.0,56.49,56.3,56.49,56.32,519.0
2005-06-08 00:00:00+00:00,51.0,7802.0,56.1,55.9,56.0,55.95,1393.0
2005-06-09 00:00:00+00:00,50.0,7840.0,56.0,55.9,56.0,55.95,523.0
2005-06-10 00:00:00+00:00,49.0,7971.0,55.93,55.81,55.85,55.83,538.0
2005-06-13 00:00:00+00:00,46.0,8238.0,55.8,55.57,55.7,55.59,930.0
2005-06-14 00:00:00+00:00,45.0,8244.0,55.6,55.31,55.31,55.42,861.0
2005-06-15 00:00:00+00:00,44.0,8523.0,55.35,55.12,55.35,55.16,901.0
2005-06-16 00:00:00+00:00,43.0,8576.0,55.17,54.84,55.17,54.93,1304.0
2005-06-17 00:00:00+00:00,42.0,8795.0,54.9,54.75,54.86,54.87,1198.0
2005-06-20 00:00:00+00:00,39.0,8911.0,54.85,54.79,54.8,54.82,570.0
2005-06-21 00:00:00+00:00,38.0,8991.0,54.97,54.82,54.82,54.87,658.0
2005-06-22 00:00:00+00:00,37.0,8976.0,54.89,54.79,54.79,54.81,615.0
2005-06-23 00:00:00+00:00,36.0,8953.0,54.65,54.47,54.65,54.5,732.0
2005-06-24 00:00:00+00:00,35.0,9108.0,54.5,54.2,54.5,54.26,1172.0
2005-06-27 00:00:00+00:00,32.0,9225.0,54.15,53.95,54.15,54.0,1178.0
2005-06-28 00:00:00+00:00,31.0,9310.0,54.1,54.1,54.1,54.1,874.0
2005-06-29 00:00:00+00:00,30.0,9673.0,53.93,53.85,53.9,53.92,1158.0
2005-06-30 00:00:00+00:00,29.0,8514.0,54.0,53.8,53.92,53.85,1515.0
2005-07-01 00:00:00+00:00,61.0,8647.0,55.5,55.25,55.32,55.47,599.0
2005-07-04 00:00:00+00:00,58.0,8888.0,55.4,55.38,55.38,55.4,503.0
2005-07-05 00:00:00+00:00,57.0,8946.0,55.2,54.9,55.2,55.03,1324.0
2005-07-06 00:00:00+00:00,56.0,9391.0,55.08,54.85,55.05,54.9,957.0
2005-07-07 00:00:00+00:00,55.0,9649.0,54.85,54.31,54.85,54.34,1336.0
2005-07-08 00:00:00+00:00,54.0,9844.0,54.3,54.2,54.24,54.26,560.0
2005-07-11 00:00:00+00:00,51.0,10080.0,54.2,53.8,54.2,53.89,1246.0
2005-07-12 00:00:00+00:00,50.0,10218.0,53.6,53.3,53.58,53.3,1299.0
2005-07-13 00:00:00+00:00,49.0,10332.0,53.15,52.95,53.15,53.1,1336.0
2005-07-14 00:00:00+00:00,48.0,10440.0,53.6,53.1,53.1,53.24,658.0
2005-07-15 00:00:00+00:00,47.0,10849.0,53.46,53.3,53.3,53.41,919.0
2005-07-18 00:00:00+00:00,44.0,10970.0,53.4,53.3,53.4,53.38,656.0
2005-07-19 00:00:00+00:00,43.0,10893.0,53.5,53.2,53.4,53.29,1294.0
2005-07-20 00:00:00+00:00,42.0,11412.0,53.36,52.8,53.2,52.86,1600.0
2005-07-21 00:00:00+00:00,41.0,11220.0,52.7,52.4,52.6,52.4,1636.0
2005-07-22 00:00:00+00:00,40.0,11575.0,52.51,52.3,52.3,52.41,1159.0
2005-07-25 00:00:00+00:00,37.0,11393.0,52.9,52.45,52.8,52.89,1763.0
2005-07-26 00:00:00+00:00,36.0,10994.0,53.05,52.1,53.05,52.19,2509.0
2005-07-27 00:00:00+00:00,35.0,10977.0,52.22,51.9,52.15,51.95,2319.0
2005-07-28 00:00:00+00:00,34.0,11361.0,52.0,51.8,52.0,51.86,1868.0
2005-07-29 00:00:00+00:00,33.0,11026.0,52.51,52.16,52.4,52.5,1154.0
2005-08-01 00:00:00+00:00,60.0,11019.0,55.6,54.49,54.5,55.35,1553.0
2005-08-02 00:00:00+00:00,59.0,11289.0,55.6,54.7,55.15,54.89,1027.0
2005-08-03 00:00:00+00:00,58.0,11147.0,54.75,53.9,54.75,53.94,1373.0
2005-08-04 00:00:00+00:00,57.0,11189.0,54.3,53.6,53.9,53.96,902.0
2005-08-05 00:00:00+00:00,56.0,11401.0,54.0,53.6,53.91,53.78,768.0
2005-08-08 00:00:00+00:00,53.0,11573.0,53.7,53.5,53.5,53.58,812.0
2005-08-09 00:00:00+00:00,52.0,11614.0,53.5,52.75,53.5,52.85,1039.0
2005-08-10 00:00:00+00:00,51.0,11573.0,53.0,52.35,52.95,52.42,1591.0
2005-08-11 00:00:00+00:00,50.0,11762.0,53.3,52.38,52.42,53.21,1488.0
2005-08-12 00:00:00+00:00,49.0,12110.0,53.5,52.6,52.85,52.63,1381.0
2005-08-15 00:00:00+00:00,46.0,12268.0,52.7,52.05,52.7,52.11,1272.0
2005-08-16 00:00:00+00:00,45.0,12842.0,52.45,52.01,52.01,52.38,1357.0
2005-08-17 00:00:00+00:00,44.0,12994.0,52.37,51.9,52.2,52.05,1494.0
2005-08-18 00:00:00+00:00,43.0,13144.0,52.0,51.3,52.0,51.66,3677.0
2005-08-19 00:00:00+00:00,42.0,12873.0,52.5,51.01,51.68,51.82,3315.0
2005-08-22 00:00:00+00:00,39.0,12377.0,51.6,50.96,51.6,50.99,1956.0
2005-08-23 00:00:00+00:00,38.0,12452.0,51.3,50.82,51.3,50.89,1443.0
2005-08-24 00:00:00+00:00,37.0,12529.0,50.75,50.25,50.75,50.35,2280.0
2005-08-25 00:00:00+00:00,36.0,12570.0,50.2,49.9,50.2,49.9,2042.0
2005-08-26 00:00:00+00:00,35.0,12862.0,49.9,49.5,49.85,49.55,1687.0
2005-08-29 00:00:00+00:00,32.0,13462.0,49.7,49.44,49.6,49.45,1901.0
2005-08-30 00:00:00+00:00,31.0,13791.0,49.3,48.8,49.2,49.05,2307.0
2005-08-31 00:00:00+00:00,30.0,11793.0,49.2,49.0,49.05,49.01,2355.0
2005-09-01 00:00:00+00:00,60.0,12096.0,50.7,50.25,50.45,50.68,1288.0
2005-09-02 00:00:00+00:00,59.0,12676.0,50.65,50.1,50.65,50.2,1407.0
2005-09-05 00:00:00+00:00,56.0,12984.0,50.45,50.0,50.1,50.25,1013.0
2005-09-06 00:00:00+00:00,55.0,13179.0,50.25,49.7,50.25,49.73,2851.0
2005-09-07 00:00:00+00:00,55.0,13179.0,,,,49.73,
2005-09-08 00:00:00+00:00,53.0,13178.0,50.08,49.8,49.8,49.99,2726.0
2005-09-09 00:00:00+00:00,52.0,13935.0,50.7,50.0,50.0,50.61,1717.0
2005-09-12 00:00:00+00:00,49.0,13874.0,51.0,50.4,50.79,50.88,1707.0
2005-09-13 00:00:00+00:00,48.0,12758.0,52.4,50.65,50.88,52.4,4843.0
2005-09-14 00:00:00+00:00,47.0,12269.0,53.25,51.7,52.75,51.96,3559.0
2005-09-15 00:00:00+00:00,46.0,12284.0,52.5,51.81,51.95,52.03,1199.0
2005-09-16 00:00:00+00:00,45.0,12379.0,52.84,52.1,52.1,52.77,1868.0
2005-09-19 00:00:00+00:00,42.0,12649.0,53.3,52.35,52.57,53.07,2438.0
2005-09-20 00:00:00+00:00,41.0,12672.0,53.1,52.55,53.0,52.69,2148.0
2005-09-21 00:00:00+00:00,40.0,13074.0,53.65,52.7,52.7,53.34,1883.0
2005-09-22 00:00:00+00:00,39.0,13079.0,54.0,53.4,53.41,53.97,2514.0
2005-09-23 00:00:00+00:00,38.0,12196.0,55.58,53.75,53.75,55.5,5904.0
2005-09-26 00:00:00+00:00,35.0,12153.0,56.0,55.15,55.45,55.51,2331.0
2005-09-27 00:00:00+00:00,34.0,12369.0,56.05,55.51,55.61,56.03,1647.0
2005-09-28 00:00:00+00:00,33.0,12474.0,57.71,56.29,56.3,57.2,2820.0
2005-09-29 00:00:00+00:00,32.0,12570.0,57.4,56.35,56.9,56.99,1903.0
2005-09-30 00:00:00+00:00,31.0,10649.0,57.5,56.7,57.2,56.93,830.0
2005-10-03 00:00:00+00:00,58.0,10800.0,59.25,57.9,58.0,59.12,1350.0
2005-10-04 00:00:00+00:00,57.0,10539.0,60.89,59.15,59.25,60.89,3151.0
2005-10-05 00:00:00+00:00,56.0,10635.0,62.5,60.49,61.4,61.64,2521.0
2005-10-06 00:00:00+00:00,55.0,11330.0,63.0,61.15,61.2,63.0,3277.0
2005-10-07 00:00:00+00:00,54.0,11801.0,63.1,62.0,62.6,62.72,1615.0
2005-10-10 00:00:00+00:00,51.0,11912.0,63.1,60.84,62.8,60.84,794.0
2005-10-11 00:00:00+00:00,50.0,11851.0,59.3,58.72,59.3,58.72,857.0
2005-10-12 00:00:00+00:00,50.0,11851.0,,,,58.72,
2005-10-13 00:00:00+00:00,48.0,11613.0,56.99,56.67,56.67,56.67,2224.0
2005-10-14 00:00:00+00:00,47.0,11349.0,59.0,53.7,53.7,57.73,5327.0
2005-10-17 00:00:00+00:00,44.0,10909.0,57.9,56.9,57.9,57.27,1057.0
2005-10-18 00:00:00+00:00,43.0,10748.0,56.6,55.85,56.6,56.26,1471.0
2005-10-19 00:00:00+00:00,42.0,10373.0,56.2,54.8,56.2,55.29,1776.0
2005-10-20 00:00:00+00:00,41.0,10096.0,56.55,53.36,55.0,53.46,1917.0
2005-10-21 00:00:00+00:00,40.0,9755.0,53.99,51.59,53.25,53.0,1795.0
2005-10-24 00:00:00+00:00,37.0,10014.0,53.5,51.15,53.1,51.15,368.0
2005-10-25 00:00:00+00:00,36.0,10008.0,52.5,49.36,49.36,52.2,1864.0
2005-10-26 00:00:00+00:00,35.0,10206.0,54.02,52.2,52.5,54.02,1093.0
2005-10-27 00:00:00+00:00,34.0,10559.0,55.91,54.9,55.5,55.91,889.0
2005-10-28 00:00:00+00:00,33.0,10091.0,57.6,55.6,56.8,57.56,2247.0
2005-10-31 00:00:00+00:00,30.0,7993.0,59.5,57.49,57.5,58.89,1046.0
2005-11-01 00:00:00+00:00,58.0,8108.0,58.4,55.27,58.2,56.45,1311.0
2005-11-02 00:00:00+00:00,58.0,8108.0,,,,56.45,
2005-11-03 00:00:00+00:00,56.0,8297.0,57.0,55.0,57.0,56.78,1252.0
2005-11-04 00:00:00+00:00,55.0,8444.0,57.49,55.8,56.5,55.96,830.0
2005-11-07 00:00:00+00:00,52.0,8580.0,57.4,55.9,56.2,57.34,1108.0
2005-11-08 00:00:00+00:00,51.0,8783.0,58.5,57.3,57.65,57.85,1424.0
2005-11-09 00:00:00+00:00,50.0,8938.0,57.9,56.51,57.85,57.01,1078.0
2005-11-10 00:00:00+00:00,49.0,9051.0,56.95,55.3,56.8,55.68,1239.0
2005-11-11 00:00:00+00:00,48.0,9089.0,56.35,55.55,56.35,55.81,660.0
2005-11-14 00:00:00+00:00,45.0,9330.0,56.0,55.6,55.6,55.92,222.0
2005-11-15 00:00:00+00:00,45.0,9330.0,,,,55.92,
2005-11-16 00:00:00+00:00,43.0,9393.0,55.65,55.0,55.3,55.14,702.0
2005-11-17 00:00:00+00:00,42.0,9410.0,55.01,53.99,55.0,54.0,1489.0
2005-11-18 00:00:00+00:00,41.0,9368.0,53.6,52.8,53.6,53.43,1067.0
2005-11-21 00:00:00+00:00,38.0,9356.0,53.75,52.95,53.6,53.44,665.0
2005-11-22 00:00:00+00:00,37.0,9689.0,54.1,53.3,53.5,53.37,1702.0
2005-11-23 00:00:00+00:00,36.0,9754.0,53.3,52.51,53.15,52.61,1173.0
2005-11-24 00:00:00+00:00,35.0,9836.0,52.45,52.2,52.3,52.31,639.0
2005-11-25 00:00:00+00:00,34.0,10119.0,52.4,51.31,52.2,51.48,1043.0
2005-11-28 00:00:00+00:00,31.0,10254.0,52.0,51.6,51.7,51.77,476.0
2005-11-29 00:00:00+00:00,30.0,10358.0,52.15,51.4,51.7,52.13,1160.0
2005-11-30 00:00:00+00:00,29.0,8629.0,52.8,51.6,52.2,51.68,1430.0
2005-12-01 00:00:00+00:00,61.0,8620.0,51.55,50.95,51.55,51.01,759.0
2005-12-02 00:00:00+00:00,60.0,8703.0,52.2,50.8,50.8,51.17,773.0
2005-12-05 00:00:00+00:00,57.0,8700.0,51.35,49.99,51.29,50.1,861.0
2005-12-06 00:00:00+00:00,56.0,8874.0,50.6,49.3,50.6,49.8,932.0
2005-12-07 00:00:00+00:00,55.0,8930.0,49.8,48.9,49.75,49.01,1072.0
2005-12-08 00:00:00+00:00,54.0,9239.0,48.8,48.3,48.8,48.59,1016.0
2005-12-09 00:00:00+00:00,53.0,9158.0,49.7,47.9,48.4,48.0,1460.0
2005-12-12 00:00:00+00:00,50.0,9281.0,48.5,47.5,47.5,48.25,601.0
2005-12-13 00:00:00+00:00,49.0,9472.0,49.93,48.14,48.14,49.93,1263.0
2005-12-14 00:00:00+00:00,48.0,9544.0,50.2,49.4,49.85,49.51,1101.0
2005-12-15 00:00:00+00:00,47.0,9724.0,51.24,49.39,49.8,51.24,839.0
2005-12-16 00:00:00+00:00,46.0,9812.0,53.03,51.3,51.5,52.68,1674.0
2005-12-19 00:00:00+00:00,43.0,9736.0,53.15,51.0,52.69,51.26,743.0
2005-12-20 00:00:00+00:00,42.0,9955.0,52.3,49.99,51.0,51.66,975.0
2005-12-21 00:00:00+00:00,41.0,10006.0,51.89,51.0,51.6,51.02,956.0
2005-12-22 00:00:00+00:00,40.0,10020.0,51.65,51.01,51.01,51.22,356.0
2005-12-23 00:00:00+00:00,39.0,10098.0,51.6,51.0,51.5,51.04,504.0
2005-12-26 00:00:00+00:00,36.0,9950.0,51.65,51.4,51.45,51.54,524.0
2005-12-27 00:00:00+00:00,35.0,9943.0,52.05,51.65,51.8,51.96,384.0
2005-12-28 00:00:00+00:00,34.0,9981.0,52.0,50.5,52.0,50.6,417.0
2005-12-29 00:00:00+00:00,33.0,9867.0,50.8,50.0,50.75,50.1,2050.0
2005-12-30 00:00:00+00:00,33.0,9867.0,,,,50.1,
2006-01-02 00:00:00+00:00,53.0,9843.0,50.77,50.77,50.77,50.77,116.0
2006-01-03 00:00:00+00:00,52.0,9767.0,50.3,50.08,50.3,50.2,507.0
2006-01-04 00:00:00+00:00,51.0,9804.0,50.2,49.65,50.2,49.78,510.0
2006-01-05 00:00:00+00:00,50.0,9930.0,49.8,49.3,49.8,49.36,609.0
2006-01-06 00:00:00+00:00,49.0,10016.0,49.3,49.29,49.29,49.3,339.0
2006-01-09 00:00:00+00:00,46.0,10156.0,49.2,48.8,49.2,48.93,842.0
2006-01-10 00:00:00+00:00,45.0,10349.0,49.1,48.8,49.0,49.03,358.0
2006-01-11 00:00:00+00:00,44.0,10499.0,49.15,48.5,49.0,49.02,595.0
2006-01-12 00:00:00+00:00,43.0,9966.0,49.15,48.8,49.0,49.02,1146.0
2006-01-13 00:00:00+00:00,42.0,10196.0,50.73,49.2,49.3,50.73,1121.0
2006-01-16 00:00:00+00:00,39.0,10304.0,50.4,50.21,50.4,50.3,366.0
2006-01-17 00:00:00+00:00,38.0,10280.0,50.0,49.61,50.0,49.85,401.0
2006-01-18 00:00:00+00:00,37.0,9743.0,49.5,48.11,49.5,48.79,1344.0
2006-01-19 00:00:00+00:00,36.0,9759.0,49.3,49.1,49.3,49.15,594.0
2006-01-20 00:00:00+00:00,35.0,9613.0,48.9,48.5,48.85,48.52,918.0
2006-01-23 00:00:00+00:00,32.0,9675.0,49.2,48.1,48.1,49.18,287.0
2006-01-24 00:00:00+00:00,31.0,9409.0,49.22,49.0,49.15,49.15,815.0
2006-01-25 00:00:00+00:00,31.0,9409.0,,,,49.15,
2006-01-26 00:00:00+00:00,29.0,9684.0,50.5,50.0,50.5,50.15,1447.0
2006-01-27 00:00:00+00:00,28.0,9705.0,50.15,49.9,49.9,50.1,491.0
2006-01-30 00:00:00+00:00,25.0,9931.0,51.65,50.4,50.4,51.65,968.0
2006-01-31 00:00:00+00:00,24.0,7750.0,51.98,51.6,51.98,51.65,838.0
2006-02-01 00:00:00+00:00,58.0,7852.0,52.45,52.3,52.3,52.44,520.0
2006-02-02 00:00:00+00:00,57.0,8010.0,53.15,52.6,52.6,53.15,784.0
2006-02-03 00:00:00+00:00,56.0,8269.0,52.6,52.4,52.6,52.49,865.0
2006-02-06 00:00:00+00:00,53.0,8425.0,53.02,52.7,52.7,52.79,468.0
2006-02-07 00:00:00+00:00,52.0,8529.0,52.05,51.3,51.9,51.4,1208.0
2006-02-08 00:00:00+00:00,51.0,8708.0,52.0,51.4,51.9,51.45,1035.0
2006-02-09 00:00:00+00:00,50.0,8590.0,51.3,50.8,51.0,50.8,795.0
2006-02-10 00:00:00+00:00,49.0,8619.0,50.75,50.75,50.75,50.75,242.0
2006-02-13 00:00:00+00:00,46.0,8680.0,50.7,50.7,50.7,50.7,257.0
2006-02-14 00:00:00+00:00,45.0,8643.0,50.8,50.7,50.75,50.75,487.0
2006-02-15 00:00:00+00:00,44.0,8718.0,50.5,50.2,50.5,50.22,453.0
2006-02-16 00:00:00+00:00,43.0,8800.0,49.9,49.85,49.9,49.88,477.0
2006-02-17 00:00:00+00:00,42.0,8827.0,49.85,49.5,49.85,49.5,766.0
2006-02-20 00:00:00+00:00,39.0,8949.0,49.2,49.2,49.2,49.65,421.0
2006-02-21 00:00:00+00:00,38.0,9082.0,50.3,50.3,50.3,50.3,723.0
2006-02-22 00:00:00+00:00,37.0,9204.0,49.95,49.95,49.95,49.95,638.0
2006-02-23 00:00:00+00:00,36.0,9231.0,50.35,50.0,50.3,50.15,424.0
2006-02-24 00:00:00+00:00,35.0,8778.0,50.0,50.0,50.0,50.0,516.0
2006-02-27 00:00:00+00:00,35.0,8778.0,,,,50.0,
2006-02-28 00:00:00+00:00,35.0,8778.0,,,,50.0,
2006-03-01 00:00:00+00:00,58.0,8831.0,49.9,49.8,49.8,49.88,210.0
2006-03-02 00:00:00+00:00,57.0,8880.0,49.79,49.75,49.75,49.79,473.0
2006-03-03 00:00:00+00:00,56.0,9113.0,49.6,49.35,49.4,49.55,960.0
2006-03-06 00:00:00+00:00,53.0,9225.0,49.75,49.65,49.65,49.68,381.0
2006-03-07 00:00:00+00:00,52.0,9570.0,51.41,49.9,49.9,51.39,2216.0
2006-03-08 00:00:00+00:00,51.0,10074.0,51.4,51.2,51.4,51.21,1246.0
2006-03-09 00:00:00+00:00,50.0,10585.0,52.4,51.6,51.99,51.7,1197.0
2006-03-10 00:00:00+00:00,49.0,10646.0,51.1,51.05,51.05,51.09,678.0
2006-03-13 00:00:00+00:00,46.0,10900.0,51.4,51.01,51.2,51.16,804.0
2006-03-14 00:00:00+00:00,45.0,11184.0,50.7,50.4,50.7,50.5,696.0
2006-03-15 00:00:00+00:00,44.0,11335.0,50.1,50.0,50.01,50.07,764.0
2006-03-16 00:00:00+00:00,43.0,11472.0,50.05,49.2,50.05,49.39,961.0
2006-03-17 00:00:00+00:00,42.0,11632.0,49.85,49.0,49.85,49.13,624.0
2006-03-20 00:00:00+00:00,39.0,11761.0,49.5,49.25,49.25,49.44,445.0
2006-03-21 00:00:00+00:00,38.0,11939.0,49.6,49.2,49.6,49.48,753.0
2006-03-22 00:00:00+00:00,37.0,12284.0,49.4,49.15,49.4,49.2,1143.0
2006-03-23 00:00:00+00:00,36.0,12245.0,49.2,49.0,49.1,49.2,537.0
2006-03-24 00:00:00+00:00,35.0,12528.0,49.4,49.05,49.05,49.4,400.0
2006-03-27 00:00:00+00:00,32.0,12681.0,49.6,49.35,49.6,49.36,644.0
2006-03-28 00:00:00+00:00,31.0,12783.0,49.9,49.5,49.7,49.6,469.0
2006-03-29 00:00:00+00:00,30.0,12756.0,49.85,49.6,49.85,49.75,519.0
2006-03-30 00:00:00+00:00,29.0,12746.0,50.39,49.9,50.0,50.25,1035.0
2006-03-31 00:00:00+00:00,28.0,12595.0,50.35,50.29,50.3,50.31,524.0
2006-04-03 00:00:00+00:00,58.0,12987.0,50.8,50.45,50.5,50.68,827.0
2006-04-04 00:00:00+00:00,57.0,13145.0,51.15,50.8,50.9,50.94,1305.0
2006-04-05 00:00:00+00:00,56.0,13031.0,51.1,50.75,50.9,51.1,1403.0
2006-04-06 00:00:00+00:00,55.0,13346.0,51.4,51.2,51.3,51.38,1593.0
2006-04-07 00:00:00+00:00,54.0,13764.0,51.9,51.5,51.5,51.71,858.0
2006-04-10 00:00:00+00:00,51.0,14073.0,52.05,51.65,51.89,52.01,583.0
2006-04-11 00:00:00+00:00,50.0,14449.0,52.0,51.0,51.9,51.04,922.0
2006-04-12 00:00:00+00:00,49.0,14600.0,51.6,51.14,51.14,51.49,930.0
2006-04-13 00:00:00+00:00,48.0,14663.0,51.95,51.4,51.4,51.79,390.0
2006-04-14 00:00:00+00:00,48.0,14663.0,,,,51.79,
2006-04-17 00:00:00+00:00,44.0,14850.0,52.3,52.0,52.0,52.3,1130.0
2006-04-18 00:00:00+00:00,43.0,15134.0,52.3,51.8,52.1,51.81,740.0
2006-04-19 00:00:00+00:00,42.0,15177.0,51.8,50.51,51.79,50.85,1067.0
2006-04-20 00:00:00+00:00,41.0,15197.0,50.9,50.0,50.61,50.08,879.0
2006-04-21 00:00:00+00:00,41.0,15197.0,,,,50.08,
2006-04-24 00:00:00+00:00,37.0,15111.0,50.6,49.5,49.5,50.29,480.0
2006-04-25 00:00:00+00:00,36.0,15228.0,50.6,50.3,50.3,50.41,472.0
2006-04-26 00:00:00+00:00,35.0,15351.0,50.45,49.97,50.44,50.07,718.0
2006-04-27 00:00:00+00:00,34.0,15472.0,50.1,49.9,50.1,49.96,607.0
2006-04-28 00:00:00+00:00,33.0,15207.0,50.0,49.5,50.0,49.5,818.0
2006-05-01 00:00:00+00:00,33.0,15207.0,,,,49.5,
2006-05-02 00:00:00+00:00,59.0,15315.0,51.0,50.3,51.0,50.33,1041.0
2006-05-03 00:00:00+00:00,58.0,15472.0,50.24,49.8,50.2,49.85,663.0
2006-05-04 00:00:00+00:00,57.0,15464.0,50.2,49.76,50.0,49.82,508.0
2006-05-05 00:00:00+00:00,56.0,15479.0,50.3,49.97,49.97,50.24,983.0
2006-05-08 00:00:00+00:00,53.0,15617.0,50.9,50.4,50.4,50.78,711.0
2006-05-09 00:00:00+00:00,52.0,15644.0,50.3,50.2,50.3,50.24,552.0
2006-05-10 00:00:00+00:00,51.0,15590.0,50.15,49.9,50.05,50.01,714.0
2006-05-11 00:00:00+00:00,50.0,15676.0,50.15,49.9,50.05,50.07,670.0
2006-05-12 00:00:00+00:00,49.0,15799.0,50.2,50.0,50.1,50.16,817.0
2006-05-15 00:00:00+00:00,46.0,15650.0,50.55,49.8,50.5,50.0,829.0
2006-05-16 00:00:00+00:00,45.0,15792.0,49.8,49.5,49.7,49.65,575.0
2006-05-17 00:00:00+00:00,44.0,16277.0,50.05,49.7,49.75,49.92,954.0
2006-05-18 00:00:00+00:00,43.0,16352.0,49.7,49.6,49.6,49.65,895.0
2006-05-19 00:00:00+00:00,42.0,16028.0,50.0,49.6,49.66,49.8,1253.0
2006-05-22 00:00:00+00:00,39.0,16353.0,51.54,50.25,50.25,50.51,1463.0
2006-05-23 00:00:00+00:00,38.0,16184.0,50.6,50.3,50.4,50.55,1240.0
2006-05-24 00:00:00+00:00,37.0,16606.0,51.0,50.7,50.8,50.99,1711.0
2006-05-25 00:00:00+00:00,36.0,16680.0,51.0,50.3,51.0,50.4,1534.0
2006-05-26 00:00:00+00:00,35.0,17089.0,50.4,49.9,50.4,50.01,1165.0
2006-05-29 00:00:00+00:00,32.0,17173.0,50.35,50.01,50.01,50.29,1297.0
2006-05-30 00:00:00+00:00,31.0,17459.0,50.9,50.31,50.31,50.5,887.0
2006-05-31 00:00:00+00:00,30.0,14116.0,50.75,50.45,50.45,50.5,1901.0
2006-06-01 00:00:00+00:00,60.0,14075.0,52.7,52.5,52.7,52.59,786.0
2006-06-02 00:00:00+00:00,59.0,14241.0,52.5,52.2,52.2,52.45,427.0
2006-06-05 00:00:00+00:00,56.0,14104.0,52.45,52.35,52.45,52.35,288.0
2006-06-06 00:00:00+00:00,55.0,14239.0,52.5,52.35,52.4,52.49,884.0
2006-06-07 00:00:00+00:00,54.0,14409.0,52.25,52.25,52.25,52.25,585.0
2006-06-08 00:00:00+00:00,53.0,14480.0,52.09,51.75,52.01,51.8,778.0
2006-06-09 00:00:00+00:00,52.0,14671.0,51.8,51.35,51.8,51.46,972.0
2006-06-12 00:00:00+00:00,49.0,14986.0,51.7,51.51,51.6,51.7,671.0
2006-06-13 00:00:00+00:00,48.0,15319.0,52.0,51.7,51.7,51.85,1075.0
2006-06-14 00:00:00+00:00,47.0,15661.0,51.8,51.6,51.6,51.76,627.0
2006-06-15 00:00:00+00:00,47.0,15661.0,,,,51.76,
2006-06-16 00:00:00+00:00,45.0,16084.0,51.8,51.64,51.8,51.64,756.0
2006-06-19 00:00:00+00:00,42.0,16336.0,51.5,51.15,51.5,51.32,792.0
2006-06-20 00:00:00+00:00,41.0,16529.0,51.5,51.32,51.35,51.33,792.0
2006-06-21 00:00:00+00:00,40.0,17009.0,51.2,50.6,51.2,50.72,1816.0
2006-06-22 00:00:00+00:00,39.0,17110.0,50.75,50.52,50.52,50.75,1138.0
2006-06-23 00:00:00+00:00,38.0,17251.0,50.85,50.7,50.8,50.72,398.0
2006-06-26 00:00:00+00:00,35.0,17291.0,50.6,50.4,50.4,50.52,631.0
2006-06-27 00:00:00+00:00,34.0,17438.0,50.7,50.4,50.6,50.5,690.0
2006-06-28 00:00:00+00:00,33.0,17796.0,50.65,50.36,50.6,50.43,923.0
2006-06-29 00:00:00+00:00,32.0,18319.0,50.4,50.2,50.4,50.25,1600.0
2006-06-30 00:00:00+00:00,31.0,16474.0,50.3,50.17,50.25,50.27,416.0
2006-07-03 00:00:00+00:00,59.0,16859.0,52.2,51.8,52.2,51.89,2616.0
2006-07-04 00:00:00+00:00,58.0,17069.0,52.05,51.7,51.9,52.0,852.0
2006-07-05 00:00:00+00:00,57.0,17236.0,52.3,52.1,52.1,52.16,714.0
2006-07-06 00:00:00+00:00,56.0,17770.0,52.25,52.15,52.23,52.2,1088.0
2006-07-07 00:00:00+00:00,55.0,17907.0,53.2,52.05,52.05,53.0,1257.0
2006-07-10 00:00:00+00:00,52.0,18231.0,53.3,52.8,52.9,53.26,1056.0
2006-07-11 00:00:00+00:00,51.0,18661.0,53.9,53.35,53.35,53.4,2103.0
2006-07-12 00:00:00+00:00,50.0,18908.0,53.4,53.05,53.3,53.32,1619.0
2006-07-13 00:00:00+00:00,49.0,19023.0,53.7,53.3,53.5,53.39,460.0
2006-07-14 00:00:00+00:00,48.0,19465.0,53.7,53.38,53.38,53.65,1157.0
2006-07-17 00:00:00+00:00,45.0,19576.0,53.9,53.75,53.9,53.77,823.0
2006-07-18 00:00:00+00:00,44.0,19730.0,54.2,54.0,54.15,54.09,1968.0
2006-07-19 00:00:00+00:00,43.0,19663.0,54.2,53.85,54.05,53.92,1549.0
2006-07-20 00:00:00+00:00,42.0,19689.0,54.3,53.86,53.88,54.29,1513.0
2006-07-21 00:00:00+00:00,41.0,21142.0,54.35,53.95,54.3,54.3,2511.0
2006-07-24 00:00:00+00:00,38.0,21861.0,55.2,54.3,54.5,55.09,2391.0
2006-07-25 00:00:00+00:00,37.0,22649.0,55.25,54.8,55.14,55.09,1812.0
2006-07-26 00:00:00+00:00,36.0,23410.0,55.3,55.0,55.0,55.29,1927.0
2006-07-27 00:00:00+00:00,35.0,24033.0,55.98,55.3,55.3,55.7,2661.0
2006-07-28 00:00:00+00:00,34.0,24855.0,56.6,55.8,55.8,56.54,2378.0
2006-07-31 00:00:00+00:00,31.0,23120.0,56.8,56.1,56.3,56.17,2293.0
2006-08-01 00:00:00+00:00,59.0,23942.0,58.5,58.05,58.5,58.39,2152.0
2006-08-02 00:00:00+00:00,58.0,25642.0,58.65,58.3,58.6,58.32,3381.0
2006-08-03 00:00:00+00:00,57.0,26164.0,58.55,58.05,58.1,58.4,2052.0
2006-08-04 00:00:00+00:00,56.0,26859.0,58.45,58.01,58.01,58.24,1114.0
2006-08-07 00:00:00+00:00,53.0,27158.0,58.5,56.9,58.26,57.35,2847.0
2006-08-08 00:00:00+00:00,52.0,27044.0,57.95,57.4,57.4,57.58,1698.0
2006-08-09 00:00:00+00:00,51.0,27549.0,57.57,57.1,57.57,57.26,3148.0
2006-08-10 00:00:00+00:00,50.0,27676.0,58.0,56.97,57.22,57.94,2068.0
2006-08-11 00:00:00+00:00,49.0,27970.0,58.2,57.58,57.75,58.1,1265.0
2006-08-14 00:00:00+00:00,46.0,28136.0,58.25,58.0,58.2,58.1,651.0
2006-08-15 00:00:00+00:00,45.0,28255.0,58.25,57.7,58.25,57.71,936.0
2006-08-16 00:00:00+00:00,44.0,28536.0,57.65,57.2,57.56,57.56,1604.0
2006-08-17 00:00:00+00:00,43.0,28990.0,57.56,57.15,57.55,57.5,1678.0
2006-08-18 00:00:00+00:00,42.0,29370.0,57.5,57.05,57.5,57.08,1196.0
2006-08-21 00:00:00+00:00,39.0,29866.0,57.6,56.72,57.05,57.5,1676.0
2006-08-22 00:00:00+00:00,38.0,29969.0,57.95,57.45,57.6,57.95,1064.0
2006-08-23 00:00:00+00:00,37.0,30591.0,58.3,57.7,57.95,58.0,1907.0
2006-08-24 00:00:00+00:00,36.0,30121.0,58.0,57.76,57.9,57.92,1423.0
2006-08-25 00:00:00+00:00,35.0,29877.0,58.2,57.6,57.8,58.16,1520.0
2006-08-28 00:00:00+00:00,32.0,30055.0,58.4,58.25,58.4,58.35,1179.0
2006-08-29 00:00:00+00:00,31.0,30468.0,58.5,58.3,58.45,58.39,1210.0
2006-08-30 00:00:00+00:00,30.0,32281.0,58.68,58.29,58.44,58.4,3874.0
2006-08-31 00:00:00+00:00,29.0,27801.0,58.45,58.0,58.45,58.11,1481.0
2006-09-01 00:00:00+00:00,60.0,27964.0,60.31,60.1,60.1,60.24,1180.0
2006-09-04 00:00:00+00:00,57.0,28173.0,60.6,60.1,60.25,60.48,942.0
2006-09-05 00:00:00+00:00,56.0,28146.0,60.5,60.05,60.48,60.34,1217.0
2006-09-06 00:00:00+00:00,55.0,28234.0,60.6,60.35,60.35,60.5,1329.0
2006-09-07 00:00:00+00:00,55.0,28234.0,,,,60.5,
2006-09-08 00:00:00+00:00,53.0,28197.0,60.64,59.85,60.5,60.3,1876.0
2006-09-11 00:00:00+00:00,50.0,28249.0,60.6,60.3,60.3,60.52,1117.0
2006-09-12 00:00:00+00:00,49.0,28299.0,60.99,60.52,60.52,60.91,1214.0
2006-09-13 00:00:00+00:00,48.0,29293.0,61.25,60.85,60.9,61.04,2218.0
2006-09-14 00:00:00+00:00,47.0,28870.0,61.55,61.05,61.05,61.5,3182.0
2006-09-15 00:00:00+00:00,46.0,27933.0,61.7,61.4,61.6,61.62,2234.0
2006-09-18 00:00:00+00:00,43.0,28415.0,62.4,61.63,61.63,62.35,1811.0
2006-09-19 00:00:00+00:00,42.0,28165.0,62.8,62.35,62.4,62.76,1131.0
2006-09-20 00:00:00+00:00,41.0,28147.0,62.8,62.5,62.8,62.6,1045.0
2006-09-21 00:00:00+00:00,40.0,28341.0,62.75,62.4,62.65,62.61,2114.0
2006-09-22 00:00:00+00:00,39.0,28160.0,63.1,62.56,62.68,62.64,1889.0
2006-09-25 00:00:00+00:00,36.0,28243.0,62.94,62.7,62.8,62.87,1779.0
2006-09-26 00:00:00+00:00,35.0,27995.0,63.1,62.9,62.9,63.02,2643.0
2006-09-27 00:00:00+00:00,34.0,28476.0,63.65,62.96,63.0,63.59,2210.0
2006-09-28 00:00:00+00:00,33.0,29526.0,63.95,63.55,63.55,63.9,2815.0
2006-09-29 00:00:00+00:00,32.0,27437.0,64.19,63.85,64.0,64.15,2420.0
2006-10-02 00:00:00+00:00,59.0,27365.0,65.2,64.45,64.45,65.2,2248.0
2006-10-03 00:00:00+00:00,58.0,27268.0,65.5,64.75,65.2,65.05,2225.0
2006-10-04 00:00:00+00:00,57.0,27497.0,65.05,64.3,65.05,64.91,3300.0
2006-10-05 00:00:00+00:00,56.0,26793.0,65.0,63.0,64.81,63.76,4299.0
2006-10-06 00:00:00+00:00,55.0,27101.0,64.61,63.6,63.8,64.47,1458.0
2006-10-09 00:00:00+00:00,52.0,27792.0,64.74,64.25,64.55,64.3,1278.0
2006-10-10 00:00:00+00:00,51.0,27843.0,64.65,64.4,64.5,64.6,1668.0
2006-10-11 00:00:00+00:00,50.0,28629.0,64.5,63.8,64.5,63.8,3109.0
2006-10-12 00:00:00+00:00,50.0,28629.0,,,,63.8,
2006-10-13 00:00:00+00:00,48.0,29162.0,63.8,63.18,63.8,63.2,1846.0
2006-10-16 00:00:00+00:00,45.0,28098.0,63.25,61.45,63.2,62.28,4667.0
2006-10-17 00:00:00+00:00,44.0,25722.0,62.0,60.11,62.0,60.11,8880.0
2006-10-18 00:00:00+00:00,43.0,24125.0,60.4,59.3,59.7,59.97,4762.0
2006-10-19 00:00:00+00:00,42.0,21884.0,60.0,58.05,59.96,58.59,6278.0
2006-10-20 00:00:00+00:00,41.0,20617.0,58.95,57.9,58.7,58.12,4420.0
2006-10-23 00:00:00+00:00,38.0,20287.0,58.7,58.25,58.3,58.65,1964.0
2006-10-24 00:00:00+00:00,37.0,19410.0,58.65,57.01,58.65,57.26,3575.0
2006-10-25 00:00:00+00:00,36.0,18058.0,57.3,56.65,57.3,57.0,3729.0
2006-10-26 00:00:00+00:00,35.0,18171.0,57.4,56.25,57.19,56.27,2913.0
2006-10-27 00:00:00+00:00,34.0,17662.0,56.54,56.01,56.23,56.41,1752.0
2006-10-30 00:00:00+00:00,31.0,16860.0,57.2,56.5,56.5,56.92,3795.0
2006-10-31 00:00:00+00:00,30.0,12475.0,57.15,56.5,57.0,56.53,2281.0
2006-11-01 00:00:00+00:00,57.0,11799.0,55.3,54.8,55.3,55.1,1924.0
2006-11-02 00:00:00+00:00,57.0,11799.0,,,,55.1,
2006-11-03 00:00:00+00:00,55.0,11811.0,55.15,54.75,54.95,55.15,1061.0
2006-11-06 00:00:00+00:00,52.0,11696.0,55.25,55.0,55.2,55.09,542.0
2006-11-07 00:00:00+00:00,51.0,11944.0,55.1,53.65,55.1,53.65,2284.0
2006-11-08 00:00:00+00:00,50.0,12220.0,54.0,53.15,53.65,53.48,1767.0
2006-11-09 00:00:00+00:00,49.0,12581.0,53.2,52.31,53.2,52.7,2935.0
2006-11-10 00:00:00+00:00,48.0,12875.0,53.5,52.51,52.6,53.47,1833.0
2006-11-13 00:00:00+00:00,45.0,13181.0,54.65,53.49,53.49,54.61,2608.0
2006-11-14 00:00:00+00:00,44.0,13098.0,55.5,53.9,54.9,53.91,2339.0
2006-11-15 00:00:00+00:00,44.0,13098.0,,,,53.91,
2006-11-16 00:00:00+00:00,42.0,13484.0,54.5,53.7,54.1,53.75,2295.0
2006-11-17 00:00:00+00:00,41.0,13574.0,53.8,53.15,53.65,53.46,2164.0
2006-11-20 00:00:00+00:00,41.0,13574.0,,,,53.46,
2006-11-21 00:00:00+00:00,37.0,13787.0,52.44,52.35,52.44,52.4,2149.0
2006-11-22 00:00:00+00:00,36.0,13827.0,52.4,51.5,52.4,51.85,2454.0
2006-11-23 00:00:00+00:00,35.0,14313.0,51.85,50.2,51.8,50.23,3258.0
2006-11-24 00:00:00+00:00,34.0,14576.0,51.98,50.0,50.3,51.6,2099.0
2006-11-27 00:00:00+00:00,31.0,14628.0,51.5,50.9,51.3,51.3,863.0
2006-11-28 00:00:00+00:00,30.0,14625.0,51.89,49.8,51.3,50.5,2064.0
2006-11-29 00:00:00+00:00,29.0,14703.0,51.45,50.55,50.55,51.36,1582.0
2006-11-30 00:00:00+00:00,28.0,12120.0,52.65,51.6,51.7,52.31,2161.0
2006-12-01 00:00:00+00:00,61.0,12624.0,52.25,51.9,52.1,52.02,1032.0
2006-12-04 00:00:00+00:00,58.0,12866.0,52.4,51.65,52.3,51.73,871.0
2006-12-05 00:00:00+00:00,57.0,12596.0,52.9,51.73,51.73,52.76,2939.0
2006-12-06 00:00:00+00:00,56.0,12752.0,53.3,51.2,53.0,51.75,3203.0
2006-12-07 00:00:00+00:00,55.0,12908.0,51.8,51.05,51.8,51.16,1685.0
2006-12-08 00:00:00+00:00,54.0,13202.0,51.5,50.5,51.3,50.94,1598.0
2006-12-11 00:00:00+00:00,51.0,13519.0,51.25,50.9,50.95,51.01,809.0
2006-12-12 00:00:00+00:00,50.0,13606.0,50.95,50.51,50.8,50.69,835.0
2006-12-13 00:00:00+00:00,49.0,13795.0,50.8,50.35,50.6,50.43,1894.0
2006-12-14 00:00:00+00:00,48.0,14050.0,50.6,50.15,50.33,50.37,1153.0
2006-12-15 00:00:00+00:00,47.0,14168.0,50.5,50.2,50.3,50.5,614.0
2006-12-18 00:00:00+00:00,44.0,14193.0,50.7,50.35,50.65,50.6,738.0
2006-12-19 00:00:00+00:00,43.0,14346.0,50.5,49.7,50.5,50.19,830.0
2006-12-20 00:00:00+00:00,42.0,14486.0,50.8,50.0,50.2,50.6,577.0
2006-12-21 00:00:00+00:00,41.0,14745.0,50.7,50.55,50.6,50.65,632.0
2006-12-22 00:00:00+00:00,40.0,14163.0,51.0,50.75,50.8,50.93,742.0
2006-12-25 00:00:00+00:00,40.0,14163.0,,,,50.93,
2006-12-26 00:00:00+00:00,36.0,15379.0,51.35,50.79,50.8,51.27,1043.0
2006-12-27 00:00:00+00:00,35.0,15810.0,51.55,50.8,51.3,50.9,937.0
2006-12-28 00:00:00+00:00,34.0,14142.0,51.3,50.6,50.9,50.88,1288.0
2006-12-29 00:00:00+00:00,34.0,14142.0,,,,50.88,
2007-01-01 00:00:00+00:00,34.0,14142.0,,,,50.88,
2007-01-02 00:00:00+00:00,57.0,14162.0,51.24,51.15,51.24,51.19,203.0
2007-01-03 00:00:00+00:00,56.0,14414.0,51.35,51.2,51.2,51.33,389.0
2007-01-04 00:00:00+00:00,55.0,15180.0,51.2,51.15,51.15,51.18,484.0
2007-01-05 00:00:00+00:00,54.0,15565.0,51.38,51.29,51.29,51.34,1363.0
2007-01-08 00:00:00+00:00,51.0,15898.0,51.5,51.35,51.35,51.48,638.0
2007-01-09 00:00:00+00:00,50.0,15591.0,51.8,51.55,51.65,51.6,3028.0
2007-01-10 00:00:00+00:00,49.0,15450.0,51.8,51.6,51.8,51.68,632.0
2007-01-11 00:00:00+00:00,48.0,15426.0,51.65,51.6,51.6,51.65,246.0
2007-01-12 00:00:00+00:00,47.0,15448.0,51.65,51.5,51.6,51.59,221.0
2007-01-15 00:00:00+00:00,44.0,15704.0,51.65,51.55,51.6,51.6,688.0
2007-01-16 00:00:00+00:00,43.0,15903.0,51.85,51.6,51.6,51.75,666.0
2007-01-17 00:00:00+00:00,42.0,16037.0,52.15,51.75,51.75,52.03,753.0
2007-01-18 00:00:00+00:00,41.0,16588.0,52.4,51.91,52.1,52.05,1500.0
2007-01-19 00:00:00+00:00,40.0,17141.0,52.35,52.15,52.3,52.26,1057.0
2007-01-22 00:00:00+00:00,37.0,16407.0,52.69,52.4,52.4,52.58,1295.0
2007-01-23 00:00:00+00:00,36.0,15951.0,52.7,52.45,52.55,52.64,1664.0
2007-01-24 00:00:00+00:00,35.0,18221.0,52.65,52.27,52.6,52.3,4024.0
2007-01-25 00:00:00+00:00,35.0,18221.0,,,,52.3,
2007-01-26 00:00:00+00:00,33.0,18698.0,52.25,52.0,52.2,52.13,929.0
2007-01-29 00:00:00+00:00,30.0,17781.0,52.65,52.0,52.0,52.45,557.0
2007-01-30 00:00:00+00:00,29.0,18238.0,53.05,52.35,52.45,52.92,2508.0
2007-01-31 00:00:00+00:00,28.0,13664.0,53.1,52.7,53.1,53.03,2640.0
2007-02-01 00:00:00+00:00,57.0,13953.0,52.45,52.3,52.3,52.45,866.0
2007-02-02 00:00:00+00:00,56.0,14120.0,52.6,52.4,52.55,52.62,520.0
2007-02-05 00:00:00+00:00,53.0,14597.0,53.11,52.55,52.55,53.11,1102.0
2007-02-06 00:00:00+00:00,52.0,14833.0,53.25,53.15,53.15,53.2,1216.0
2007-02-07 00:00:00+00:00,51.0,15267.0,53.54,53.42,53.49,53.5,1455.0
2007-02-08 00:00:00+00:00,50.0,15705.0,53.4,52.75,53.4,53.0,3066.0
2007-02-09 00:00:00+00:00,49.0,15951.0,53.15,52.8,52.8,53.2,736.0
2007-02-12 00:00:00+00:00,46.0,15876.0,53.55,53.4,53.4,53.55,725.0
2007-02-13 00:00:00+00:00,45.0,16736.0,53.85,53.3,53.3,53.75,2171.0
2007-02-14 00:00:00+00:00,44.0,16525.0,53.9,53.65,53.75,53.65,1230.0
2007-02-15 00:00:00+00:00,43.0,16919.0,54.15,53.8,53.8,54.1,1026.0
2007-02-16 00:00:00+00:00,42.0,17056.0,54.36,54.19,54.2,54.36,717.0
2007-02-19 00:00:00+00:00,42.0,17056.0,,,,54.36,
2007-02-20 00:00:00+00:00,42.0,17056.0,,,,54.36,
2007-02-21 00:00:00+00:00,37.0,17383.0,54.9,54.7,54.7,54.9,968.0
2007-02-22 00:00:00+00:00,36.0,17800.0,55.4,54.99,55.0,55.4,1348.0
2007-02-23 00:00:00+00:00,35.0,18395.0,55.8,55.4,55.4,55.6,2042.0
2007-02-26 00:00:00+00:00,32.0,18338.0,55.75,55.4,55.6,55.5,1008.0
2007-02-27 00:00:00+00:00,31.0,18989.0,55.9,55.5,55.5,55.75,1491.0
2007-02-28 00:00:00+00:00,30.0,17492.0,55.9,54.9,55.8,54.95,2503.0
2007-03-01 00:00:00+00:00,60.0,17764.0,54.0,54.0,54.0,54.1,1044.0
2007-03-02 00:00:00+00:00,59.0,17957.0,54.2,54.1,54.1,54.1,540.0
2007-03-05 00:00:00+00:00,56.0,18275.0,54.4,54.4,54.4,54.4,1053.0
2007-03-06 00:00:00+00:00,55.0,18792.0,54.6,54.0,54.5,54.05,974.0
2007-03-07 00:00:00+00:00,54.0,20116.0,53.95,53.94,53.94,53.95,1298.0
2007-03-08 00:00:00+00:00,53.0,20301.0,54.09,53.7,53.7,54.09,716.0
2007-03-09 00:00:00+00:00,52.0,20439.0,54.37,54.37,54.37,54.37,943.0
2007-03-12 00:00:00+00:00,49.0,20813.0,54.15,54.15,54.15,54.15,867.0
2007-03-13 00:00:00+00:00,48.0,21265.0,53.99,53.99,53.99,53.99,904.0
2007-03-14 00:00:00+00:00,47.0,22046.0,54.0,53.1,53.95,53.1,2499.0
2007-03-15 00:00:00+00:00,46.0,22261.0,53.35,53.35,53.35,53.35,771.0
2007-03-16 00:00:00+00:00,45.0,22936.0,53.0,53.0,53.0,53.0,1537.0
2007-03-19 00:00:00+00:00,42.0,23095.0,53.3,53.2,53.2,53.3,568.0
2007-03-20 00:00:00+00:00,41.0,23146.0,54.1,53.35,53.35,54.1,1901.0
2007-03-21 00:00:00+00:00,40.0,23715.0,53.9,53.9,53.9,53.9,982.0
2007-03-22 00:00:00+00:00,39.0,24120.0,54.3,54.3,54.3,54.3,1153.0
2007-03-23 00:00:00+00:00,38.0,24201.0,54.72,54.4,54.4,54.72,1738.0
2007-03-26 00:00:00+00:00,35.0,24168.0,54.89,54.7,54.8,54.89,815.0
2007-03-27 00:00:00+00:00,34.0,24359.0,54.8,54.8,54.8,54.8,691.0
2007-03-28 00:00:00+00:00,33.0,24770.0,55.1,54.89,54.89,55.1,1065.0
2007-03-29 00:00:00+00:00,32.0,24892.0,55.13,54.55,55.13,54.6,810.0
2007-03-30 00:00:00+00:00,31.0,22597.0,55.0,54.6,55.0,54.9,1516.0
2007-04-02 00:00:00+00:00,59.0,22351.0,53.6,53.25,53.6,53.42,881.0
2007-04-03 00:00:00+00:00,58.0,22992.0,53.59,53.2,53.5,53.26,1298.0
2007-04-04 00:00:00+00:00,57.0,22989.0,53.5,53.3,53.35,53.5,1154.0
2007-04-05 00:00:00+00:00,56.0,22581.0,53.75,53.6,53.65,53.67,541.0
2007-04-06 00:00:00+00:00,56.0,22581.0,,,,53.67,
2007-04-09 00:00:00+00:00,52.0,22682.0,54.0,53.75,53.8,53.9,1220.0
2007-04-10 00:00:00+00:00,51.0,22980.0,54.15,53.75,53.95,54.04,2629.0
2007-04-11 00:00:00+00:00,50.0,23224.0,54.13,53.9,53.9,54.06,1147.0
2007-04-12 00:00:00+00:00,49.0,23993.0,54.15,53.9,53.9,54.09,2618.0
2007-04-13 00:00:00+00:00,48.0,24445.0,54.3,53.96,54.2,54.24,1266.0
2007-04-16 00:00:00+00:00,45.0,24701.0,54.41,54.2,54.3,54.38,644.0
2007-04-17 00:00:00+00:00,44.0,26211.0,54.5,53.9,54.5,53.96,2625.0
2007-04-18 00:00:00+00:00,43.0,26974.0,53.9,53.2,53.9,53.3,2711.0
2007-04-19 00:00:00+00:00,42.0,26738.0,53.45,53.15,53.3,53.22,1539.0
2007-04-20 00:00:00+00:00,41.0,26989.0,53.02,52.8,53.02,52.82,1669.0
2007-04-23 00:00:00+00:00,38.0,27142.0,53.05,52.8,52.82,52.99,448.0
2007-04-24 00:00:00+00:00,37.0,26972.0,53.5,53.0,53.0,53.16,829.0
2007-04-25 00:00:00+00:00,36.0,27644.0,53.16,52.95,53.16,53.01,1422.0
2007-04-26 00:00:00+00:00,35.0,28018.0,53.5,53.2,53.25,53.42,1850.0
2007-04-27 00:00:00+00:00,34.0,27646.0,53.7,53.5,53.6,53.63,1138.0
2007-04-30 00:00:00+00:00,31.0,25169.0,53.89,53.72,53.72,53.8,910.0
2007-05-01 00:00:00+00:00,31.0,25169.0,,,,53.8,
2007-05-02 00:00:00+00:00,58.0,25639.0,54.55,54.4,54.4,54.5,1483.0
2007-05-03 00:00:00+00:00,57.0,25861.0,54.6,54.2,54.55,54.3,1511.0
2007-05-04 00:00:00+00:00,56.0,26175.0,54.31,54.2,54.31,54.2,949.0
2007-05-07 00:00:00+00:00,53.0,26405.0,54.4,54.3,54.3,54.35,1180.0
2007-05-08 00:00:00+00:00,52.0,26943.0,54.55,54.25,54.5,54.25,2168.0
2007-05-09 00:00:00+00:00,51.0,27255.0,54.2,54.0,54.15,54.03,1232.0
2007-05-10 00:00:00+00:00,50.0,27285.0,54.19,54.05,54.11,54.1,1044.0
2007-05-11 00:00:00+00:00,49.0,27216.0,54.5,54.3,54.3,54.42,1165.0
2007-05-14 00:00:00+00:00,46.0,26926.0,55.0,54.48,54.48,54.74,1757.0
2007-05-15 00:00:00+00:00,45.0,28860.0,55.1,54.8,54.8,55.1,3884.0
2007-05-16 00:00:00+00:00,44.0,29072.0,55.35,54.99,55.0,55.13,3141.0
2007-05-17 00:00:00+00:00,43.0,30215.0,55.39,55.14,55.2,55.19,3066.0
2007-05-18 00:00:00+00:00,42.0,28272.0,55.2,54.75,55.2,54.76,1067.0
2007-05-21 00:00:00+00:00,39.0,28424.0,54.95,54.8,54.8,54.91,999.0
2007-05-22 00:00:00+00:00,38.0,28532.0,55.0,54.5,54.8,54.5,1921.0
2007-05-23 00:00:00+00:00,37.0,29282.0,54.6,54.36,54.4,54.46,1777.0
2007-05-24 00:00:00+00:00,36.0,29128.0,54.7,54.3,54.5,54.7,1038.0
2007-05-25 00:00:00+00:00,35.0,29183.0,54.9,54.61,54.66,54.79,823.0
2007-05-28 00:00:00+00:00,32.0,29744.0,55.4,54.79,54.79,55.35,1706.0
2007-05-29 00:00:00+00:00,31.0,30515.0,55.85,55.45,55.5,55.79,2965.0
2007-05-30 00:00:00+00:00,30.0,30918.0,56.0,55.69,55.9,55.83,1954.0
2007-05-31 00:00:00+00:00,29.0,27877.0,56.31,55.86,55.86,56.31,3211.0
2007-06-01 00:00:00+00:00,60.0,30290.0,59.0,58.5,58.5,58.7,5079.0
2007-06-04 00:00:00+00:00,57.0,30628.0,58.99,58.5,58.5,58.98,1543.0
2007-06-05 00:00:00+00:00,56.0,31309.0,58.99,58.8,58.99,58.97,1313.0
2007-06-06 00:00:00+00:00,55.0,30180.0,59.15,58.9,59.02,59.15,2203.0
2007-06-07 00:00:00+00:00,55.0,30180.0,,,,59.15,
2007-06-08 00:00:00+00:00,53.0,30931.0,59.5,59.15,59.2,59.39,2314.0
2007-06-11 00:00:00+00:00,50.0,31099.0,59.53,59.15,59.53,59.15,855.0
2007-06-12 00:00:00+00:00,49.0,32255.0,59.5,59.15,59.15,59.41,2411.0
2007-06-13 00:00:00+00:00,48.0,33835.0,59.6,59.45,59.45,59.6,4820.0
2007-06-14 00:00:00+00:00,47.0,34505.0,59.85,59.6,59.7,59.85,3060.0
2007-06-15 00:00:00+00:00,46.0,35350.0,60.1,59.8,59.85,59.95,3144.0
2007-06-18 00:00:00+00:00,43.0,34889.0,60.05,59.8,60.05,59.8,1584.0
2007-06-19 00:00:00+00:00,42.0,35847.0,60.2,60.0,60.0,60.1,2240.0
2007-06-20 00:00:00+00:00,41.0,37092.0,60.51,60.3,60.3,60.45,3190.0
2007-06-21 00:00:00+00:00,40.0,38008.0,60.75,60.35,60.53,60.7,3587.0
2007-06-22 00:00:00+00:00,39.0,39899.0,61.0,60.75,60.76,60.95,2644.0
2007-06-25 00:00:00+00:00,36.0,41390.0,61.1,60.9,61.0,60.9,3380.0
2007-06-26 00:00:00+00:00,35.0,42657.0,61.1,60.9,60.96,60.9,2038.0
2007-06-27 00:00:00+00:00,34.0,41543.0,61.14,60.9,61.04,61.08,5315.0
2007-06-28 00:00:00+00:00,33.0,41590.0,61.61,61.3,61.35,61.61,3459.0
2007-06-29 00:00:00+00:00,32.0,41990.0,62.0,61.5,61.69,61.85,5242.0
2007-07-02 00:00:00+00:00,60.0,42205.0,62.55,62.25,62.5,62.4,1343.0
2007-07-03 00:00:00+00:00,59.0,42754.0,62.55,62.0,62.55,62.07,2091.0
2007-07-04 00:00:00+00:00,58.0,43250.0,61.95,61.45,61.95,61.69,4028.0
2007-07-05 00:00:00+00:00,57.0,44124.0,61.99,61.6,61.7,61.88,2288.0
2007-07-06 00:00:00+00:00,56.0,44726.0,62.1,61.68,61.99,61.85,1230.0
2007-07-09 00:00:00+00:00,56.0,44726.0,,,,61.85,
2007-07-10 00:00:00+00:00,52.0,45625.0,62.15,61.8,61.8,62.08,4325.0
2007-07-11 00:00:00+00:00,51.0,46477.0,62.45,62.2,62.2,62.42,2523.0
2007-07-12 00:00:00+00:00,50.0,47136.0,62.5,62.25,62.5,62.44,1657.0
2007-07-13 00:00:00+00:00,49.0,47777.0,62.7,62.45,62.5,62.54,1826.0
2007-07-16 00:00:00+00:00,46.0,47903.0,62.7,62.55,62.6,62.58,2483.0
2007-07-17 00:00:00+00:00,45.0,48420.0,62.64,62.46,62.55,62.59,1213.0
2007-07-18 00:00:00+00:00,44.0,48976.0,62.8,62.42,62.64,62.69,1202.0
2007-07-19 00:00:00+00:00,43.0,49077.0,62.7,62.5,62.7,62.59,1204.0
2007-07-20 00:00:00+00:00,42.0,49962.0,62.9,62.65,62.65,62.8,1980.0
2007-07-23 00:00:00+00:00,39.0,50767.0,63.1,62.9,62.9,63.07,1947.0
2007-07-24 00:00:00+00:00,38.0,51426.0,63.25,63.0,63.1,63.1,1911.0
2007-07-25 00:00:00+00:00,37.0,52665.0,63.54,63.07,63.07,63.49,3769.0
2007-07-26 00:00:00+00:00,36.0,53154.0,63.7,63.46,63.5,63.55,2255.0
2007-07-27 00:00:00+00:00,35.0,54432.0,63.8,63.6,63.65,63.75,4648.0
2007-07-30 00:00:00+00:00,32.0,55297.0,63.95,63.61,63.9,63.74,1736.0
2007-07-31 00:00:00+00:00,31.0,50140.0,63.85,63.45,63.75,63.8,4266.0
2007-08-01 00:00:00+00:00,58.0,51573.0,64.34,63.6,64.0,63.91,5486.0
2007-08-02 00:00:00+00:00,57.0,51491.0,64.2,63.71,64.0,63.9,5592.0
2007-08-03 00:00:00+00:00,56.0,50967.0,64.2,63.95,63.99,64.03,4332.0
2007-08-06 00:00:00+00:00,53.0,52026.0,64.6,64.07,64.2,64.43,3741.0
2007-08-07 00:00:00+00:00,52.0,54561.0,64.85,64.45,64.5,64.75,6387.0
2007-08-08 00:00:00+00:00,51.0,55750.0,65.1,64.7,64.8,64.87,5354.0
2007-08-09 00:00:00+00:00,50.0,55593.0,64.95,64.46,64.95,64.81,4721.0
2007-08-10 00:00:00+00:00,49.0,55782.0,64.85,64.5,64.8,64.67,5865.0
2007-08-13 00:00:00+00:00,46.0,55782.0,64.56,63.45,64.55,63.79,6431.0
2007-08-14 00:00:00+00:00,45.0,57042.0,63.9,63.5,63.7,63.61,2844.0
2007-08-15 00:00:00+00:00,44.0,57185.0,64.0,61.39,63.62,62.77,9334.0
2007-08-16 00:00:00+00:00,43.0,57949.0,62.4,61.3,62.1,61.61,7620.0
2007-08-17 00:00:00+00:00,42.0,57909.0,62.4,61.4,61.6,62.12,4130.0
2007-08-20 00:00:00+00:00,39.0,57515.0,63.15,62.2,62.2,63.02,4581.0
2007-08-21 00:00:00+00:00,38.0,57953.0,63.45,62.97,63.05,63.17,3422.0
2007-08-22 00:00:00+00:00,37.0,55611.0,63.0,62.0,62.9,62.19,6225.0
2007-08-23 00:00:00+00:00,36.0,55882.0,62.6,61.9,62.05,62.21,4008.0
2007-08-24 00:00:00+00:00,35.0,55687.0,62.4,61.8,62.1,62.27,8858.0
2007-08-27 00:00:00+00:00,32.0,56368.0,62.5,62.05,62.05,62.49,2526.0
2007-08-28 00:00:00+00:00,31.0,54405.0,62.93,62.5,62.5,62.75,5303.0
2007-08-29 00:00:00+00:00,30.0,54259.0,62.6,61.62,62.6,61.74,4879.0
2007-08-30 00:00:00+00:00,29.0,54339.0,61.65,61.0,61.6,61.42,2285.0
2007-08-31 00:00:00+00:00,28.0,49493.0,61.4,60.93,61.4,61.11,2855.0
2007-09-03 00:00:00+00:00,58.0,50812.0,61.39,60.8,60.9,61.36,3437.0
2007-09-04 00:00:00+00:00,57.0,53852.0,62.0,61.15,61.4,61.49,5784.0
2007-09-05 00:00:00+00:00,56.0,53129.0,61.6,60.96,61.6,61.02,3889.0
2007-09-06 00:00:00+00:00,55.0,53129.0,61.5,60.8,60.91,61.32,3955.0
2007-09-07 00:00:00+00:00,54.0,54058.0,,,,61.32,
2007-09-10 00:00:00+00:00,51.0,54835.0,61.49,61.2,61.35,61.33,1839.0
2007-09-11 00:00:00+00:00,50.0,54731.0,61.4,60.75,61.26,60.85,6103.0
2007-09-12 00:00:00+00:00,49.0,54956.0,60.8,60.3,60.8,60.39,3156.0
2007-09-13 00:00:00+00:00,48.0,55992.0,60.3,59.15,60.3,59.36,4980.0
2007-09-14 00:00:00+00:00,47.0,53203.0,59.4,58.8,59.0,58.94,8024.0
2007-09-17 00:00:00+00:00,44.0,53007.0,59.2,58.5,58.86,58.81,4397.0
2007-09-18 00:00:00+00:00,43.0,54223.0,58.95,58.5,58.7,58.84,3327.0
2007-09-19 00:00:00+00:00,42.0,54456.0,59.5,58.5,58.71,59.37,4767.0
2007-09-20 00:00:00+00:00,41.0,55860.0,61.44,59.45,59.45,61.43,7797.0
2007-09-21 00:00:00+00:00,40.0,55519.0,63.58,60.8,61.54,61.23,8278.0
2007-09-24 00:00:00+00:00,37.0,57788.0,62.69,61.15,61.5,62.54,3511.0
2007-09-25 00:00:00+00:00,36.0,60275.0,63.3,62.41,62.7,62.76,5939.0
2007-09-26 00:00:00+00:00,35.0,60097.0,62.8,62.2,62.77,62.59,3817.0
2007-09-27 00:00:00+00:00,34.0,60033.0,63.0,62.55,62.65,62.92,3014.0
2007-09-28 00:00:00+00:00,33.0,53198.0,63.26,62.82,63.0,63.22,4408.0
2007-10-01 00:00:00+00:00,60.0,54333.0,64.1,63.75,63.8,63.92,2358.0
2007-10-02 00:00:00+00:00,59.0,54640.0,64.05,63.75,63.85,64.02,3217.0
2007-10-03 00:00:00+00:00,58.0,52221.0,64.99,64.09,64.1,64.84,6107.0
2007-10-04 00:00:00+00:00,57.0,52775.0,65.2,64.85,64.9,64.93,5528.0
2007-10-05 00:00:00+00:00,56.0,51598.0,64.95,62.66,64.5,64.69,11502.0
2007-10-08 00:00:00+00:00,53.0,50733.0,64.69,63.8,64.5,64.06,3105.0
2007-10-09 00:00:00+00:00,52.0,48854.0,64.0,62.8,64.0,63.01,7329.0
2007-10-10 00:00:00+00:00,51.0,48314.0,63.0,62.0,63.0,62.85,5046.0
2007-10-11 00:00:00+00:00,50.0,48495.0,63.4,63.1,63.14,63.34,2395.0
2007-10-12 00:00:00+00:00,50.0,48495.0,,,,63.34,
2007-10-15 00:00:00+00:00,46.0,49244.0,63.8,63.3,63.4,63.36,3471.0
2007-10-16 00:00:00+00:00,45.0,50295.0,63.95,63.3,63.37,63.81,3546.0
2007-10-17 00:00:00+00:00,44.0,51626.0,64.04,63.6,64.04,63.91,4062.0
2007-10-18 00:00:00+00:00,43.0,52731.0,64.4,63.98,63.98,64.27,6962.0
2007-10-19 00:00:00+00:00,42.0,52554.0,64.59,64.15,64.15,64.24,3977.0
2007-10-22 00:00:00+00:00,39.0,52546.0,64.4,63.9,64.38,64.0,3530.0
2007-10-23 00:00:00+00:00,38.0,55060.0,65.1,64.1,64.1,64.99,7798.0
2007-10-24 00:00:00+00:00,37.0,56544.0,65.7,65.0,65.0,65.46,5694.0
2007-10-25 00:00:00+00:00,36.0,55868.0,65.79,64.9,65.01,65.61,4023.0
2007-10-26 00:00:00+00:00,35.0,56400.0,66.09,65.6,65.6,66.01,5029.0
2007-10-29 00:00:00+00:00,32.0,56596.0,66.84,66.04,66.04,66.75,3526.0
2007-10-30 00:00:00+00:00,31.0,54936.0,67.99,66.9,66.9,67.92,5582.0
2007-10-31 00:00:00+00:00,30.0,30137.0,68.29,67.7,67.99,68.22,2497.0
2007-11-01 00:00:00+00:00,57.0,30342.0,67.0,66.7,66.9,66.75,1116.0
2007-11-02 00:00:00+00:00,57.0,30342.0,,,,66.75,
2007-11-05 00:00:00+00:00,53.0,29931.0,67.4,66.4,66.7,67.16,3857.0
2007-11-06 00:00:00+00:00,52.0,29721.0,68.0,67.59,67.6,67.82,4277.0
2007-11-07 00:00:00+00:00,51.0,29906.0,69.3,67.85,67.85,69.01,4176.0
2007-11-08 00:00:00+00:00,50.0,30451.0,69.7,68.7,69.2,68.9,3224.0
2007-11-09 00:00:00+00:00,49.0,30620.0,69.4,67.6,69.0,67.93,4474.0
2007-11-12 00:00:00+00:00,46.0,30870.0,68.69,67.9,67.9,67.94,2387.0
2007-11-13 00:00:00+00:00,45.0,31650.0,68.98,67.9,67.91,68.93,4915.0
2007-11-14 00:00:00+00:00,44.0,32040.0,69.6,69.0,69.21,69.19,4684.0
2007-11-15 00:00:00+00:00,44.0,32040.0,,,,69.19,
2007-11-16 00:00:00+00:00,42.0,32347.0,69.6,69.2,69.3,69.28,1857.0
2007-11-19 00:00:00+00:00,39.0,32248.0,71.5,69.59,69.6,71.16,5073.0
2007-11-20 00:00:00+00:00,39.0,32248.0,,,,71.16,
2007-11-21 00:00:00+00:00,37.0,32202.0,73.0,71.35,71.5,72.78,7623.0
2007-11-22 00:00:00+00:00,36.0,33115.0,74.2,73.0,73.0,74.12,6878.0
2007-11-23 00:00:00+00:00,35.0,34242.0,75.15,74.25,74.3,75.01,6681.0
2007-11-26 00:00:00+00:00,32.0,34137.0,76.4,75.15,75.15,75.96,5954.0
2007-11-27 00:00:00+00:00,31.0,34599.0,76.2,75.1,75.85,75.39,5974.0
2007-11-28 00:00:00+00:00,30.0,35173.0,75.8,72.76,75.39,72.81,9622.0
2007-11-29 00:00:00+00:00,29.0,33589.0,73.1,70.27,72.3,70.27,8259.0
2007-11-30 00:00:00+00:00,28.0,25637.0,71.9,69.8,69.85,71.5,6545.0
2007-12-03 00:00:00+00:00,59.0,26328.0,69.75,67.89,67.89,69.17,4369.0
2007-12-04 00:00:00+00:00,58.0,26855.0,70.0,68.5,70.0,68.7,4150.0
2007-12-05 00:00:00+00:00,57.0,26240.0,68.52,67.0,68.52,67.09,5936.0
2007-12-06 00:00:00+00:00,56.0,25777.0,67.45,65.0,67.2,65.18,6064.0
2007-12-07 00:00:00+00:00,55.0,25477.0,66.5,64.9,65.0,66.07,5850.0
2007-12-10 00:00:00+00:00,52.0,25490.0,66.7,65.8,66.3,66.07,2390.0
2007-12-11 00:00:00+00:00,51.0,26058.0,67.1,66.1,66.1,66.71,4081.0
2007-12-12 00:00:00+00:00,50.0,26291.0,66.8,65.5,66.65,65.74,5767.0
2007-12-13 00:00:00+00:00,49.0,24739.0,65.7,64.2,65.7,65.02,9370.0
2007-12-14 00:00:00+00:00,48.0,24247.0,66.1,64.9,65.5,65.96,5016.0
2007-12-17 00:00:00+00:00,45.0,24649.0,67.25,66.09,66.09,66.97,3712.0
2007-12-18 00:00:00+00:00,44.0,24881.0,68.0,65.9,67.2,66.21,6562.0
2007-12-19 00:00:00+00:00,43.0,23834.0,66.4,65.6,66.25,66.16,3528.0
2007-12-20 00:00:00+00:00,42.0,24401.0,66.31,65.6,66.1,66.07,1952.0
2007-12-21 00:00:00+00:00,41.0,25727.0,66.5,65.8,66.4,66.48,2868.0
2007-12-24 00:00:00+00:00,41.0,25727.0,,,,66.48,
2007-12-25 00:00:00+00:00,41.0,25727.0,,,,66.48,
2007-12-26 00:00:00+00:00,36.0,26239.0,68.1,66.48,66.48,68.01,3815.0
2007-12-27 00:00:00+00:00,35.0,27239.0,69.8,68.1,68.2,69.28,5971.0
2007-12-28 00:00:00+00:00,34.0,22811.0,70.3,69.55,69.6,69.82,3456.0
2007-12-31 00:00:00+00:00,34.0,22811.0,,,,69.82,
2008-01-01 00:00:00+00:00,34.0,22811.0,,,,69.82,
2008-01-02 00:00:00+00:00,58.0,23367.0,69.19,68.42,69.19,68.73,1156.0
2008-01-03 00:00:00+00:00,57.0,24073.0,69.75,68.75,68.75,69.75,5377.0
2008-01-04 00:00:00+00:00,56.0,23918.0,71.0,69.7,69.8,69.7,5440.0
2008-01-07 00:00:00+00:00,53.0,25250.0,70.2,69.64,69.91,70.2,3758.0
2008-01-08 00:00:00+00:00,52.0,24722.0,71.1,70.3,70.3,70.79,7000.0
2008-01-09 00:00:00+00:00,51.0,25488.0,70.81,70.25,70.79,70.25,4340.0
2008-01-10 00:00:00+00:00,50.0,26219.0,71.3,70.1,70.3,71.3,4765.0
2008-01-11 00:00:00+00:00,49.0,26692.0,72.0,71.2,71.5,71.7,2875.0
2008-01-14 00:00:00+00:00,46.0,27289.0,72.2,71.5,71.8,72.2,4001.0
2008-01-15 00:00:00+00:00,45.0,27939.0,72.6,71.7,72.2,71.8,3972.0
2008-01-16 00:00:00+00:00,44.0,28913.0,72.5,71.7,71.7,72.5,4401.0
2008-01-17 00:00:00+00:00,43.0,28843.0,72.9,71.25,72.6,71.51,5757.0
2008-01-18 00:00:00+00:00,42.0,28865.0,71.89,71.1,71.75,71.7,3889.0
2008-01-21 00:00:00+00:00,39.0,29096.0,72.09,71.6,71.7,71.85,1748.0
2008-01-22 00:00:00+00:00,38.0,30237.0,72.0,71.1,71.7,71.35,2659.0
2008-01-23 00:00:00+00:00,37.0,30715.0,72.0,71.35,71.36,72.0,4162.0
2008-01-24 00:00:00+00:00,36.0,32124.0,72.5,71.8,72.0,72.49,6539.0
2008-01-25 00:00:00+00:00,36.0,32124.0,,,,72.49,
2008-01-28 00:00:00+00:00,32.0,33036.0,72.8,72.2,72.4,72.6,4413.0
2008-01-29 00:00:00+00:00,31.0,34602.0,72.7,70.2,72.7,71.24,7411.0
2008-01-30 00:00:00+00:00,30.0,34012.0,70.99,68.75,70.89,69.0,10907.0
2008-01-31 00:00:00+00:00,29.0,30491.0,68.8,66.59,68.2,67.25,9056.0
2008-02-01 00:00:00+00:00,59.0,29896.0,67.0,66.39,66.4,67.0,4714.0
2008-02-04 00:00:00+00:00,59.0,29896.0,,,,67.0,
2008-02-05 00:00:00+00:00,59.0,29896.0,,,,67.0,
2008-02-06 00:00:00+00:00,54.0,29959.0,67.7,67.5,67.5,67.7,1315.0
2008-02-07 00:00:00+00:00,53.0,30330.0,70.06,68.49,68.49,70.06,5660.0
2008-02-08 00:00:00+00:00,52.0,30401.0,70.5,69.9,70.5,69.96,3185.0
2008-02-11 00:00:00+00:00,49.0,30390.0,70.6,70.1,70.3,70.6,3260.0
2008-02-12 00:00:00+00:00,48.0,29840.0,71.4,70.6,70.75,71.0,6896.0
2008-02-13 00:00:00+00:00,47.0,29914.0,71.16,70.66,71.0,71.16,2330.0
2008-02-14 00:00:00+00:00,46.0,30805.0,72.05,71.2,71.2,71.65,3979.0
2008-02-15 00:00:00+00:00,45.0,31068.0,71.8,71.25,71.7,71.3,2497.0
2008-02-18 00:00:00+00:00,42.0,31273.0,71.95,71.01,71.5,71.16,1851.0
2008-02-19 00:00:00+00:00,41.0,31740.0,71.3,70.51,71.3,70.6,2718.0
2008-02-20 00:00:00+00:00,40.0,32753.0,71.8,70.25,70.5,71.15,4265.0
2008-02-21 00:00:00+00:00,39.0,33252.0,71.6,71.0,71.6,71.25,3248.0
2008-02-22 00:00:00+00:00,38.0,32684.0,72.3,71.1,71.1,72.0,4399.0
2008-02-25 00:00:00+00:00,35.0,32893.0,72.7,72.35,72.7,72.6,1803.0
2008-02-26 00:00:00+00:00,34.0,33088.0,73.3,72.4,72.6,73.3,3590.0
2008-02-27 00:00:00+00:00,33.0,33692.0,74.2,73.3,73.5,73.81,5900.0
2008-02-28 00:00:00+00:00,32.0,34508.0,74.5,73.9,74.0,74.17,5456.0
2008-02-29 00:00:00+00:00,31.0,30816.0,74.49,74.16,74.2,74.35,4499.0
2008-03-03 00:00:00+00:00,58.0,30459.0,73.45,73.05,73.35,73.2,1552.0
2008-03-04 00:00:00+00:00,57.0,30668.0,74.0,73.0,73.3,73.9,3136.0
2008-03-05 00:00:00+00:00,56.0,30943.0,74.89,74.0,74.0,74.65,3229.0
2008-03-06 00:00:00+00:00,55.0,31248.0,74.65,74.0,74.65,74.49,2065.0
2008-03-07 00:00:00+00:00,54.0,31830.0,74.6,73.8,74.6,73.8,1466.0
2008-03-10 00:00:00+00:00,51.0,32526.0,73.61,73.61,73.61,73.61,1127.0
2008-03-11 00:00:00+00:00,50.0,32953.0,74.52,73.61,73.7,74.52,2047.0
2008-03-12 00:00:00+00:00,49.0,33318.0,74.8,74.3,74.52,74.7,1538.0
2008-03-13 00:00:00+00:00,48.0,34315.0,75.5,74.5,74.6,75.4,4859.0
2008-03-14 00:00:00+00:00,47.0,35092.0,75.0,74.74,75.0,74.74,2069.0
2008-03-17 00:00:00+00:00,44.0,35708.0,74.7,74.5,74.7,74.5,3121.0
2008-03-18 00:00:00+00:00,43.0,36163.0,75.2,74.6,74.6,75.2,4746.0
2008-03-19 00:00:00+00:00,42.0,36181.0,76.0,75.2,75.3,75.76,3752.0
2008-03-20 00:00:00+00:00,41.0,36392.0,75.76,75.6,75.6,75.79,3542.0
2008-03-21 00:00:00+00:00,41.0,36392.0,,,,75.79,
2008-03-24 00:00:00+00:00,37.0,37692.0,76.5,75.76,75.76,76.15,2597.0
2008-03-25 00:00:00+00:00,36.0,37512.0,76.5,76.15,76.15,76.39,3807.0
2008-03-26 00:00:00+00:00,35.0,38601.0,76.8,76.3,76.4,76.66,3246.0
2008-03-27 00:00:00+00:00,34.0,39589.0,76.85,76.65,76.85,76.7,2910.0
2008-03-28 00:00:00+00:00,33.0,39691.0,78.0,77.0,77.0,77.69,3676.0
2008-03-31 00:00:00+00:00,30.0,36996.0,78.0,77.69,77.85,78.0,3308.0
2008-04-01 00:00:00+00:00,59.0,37354.0,78.0,77.25,77.25,77.86,4497.0
2008-04-02 00:00:00+00:00,58.0,37754.0,78.4,77.9,77.99,78.19,3906.0
2008-04-03 00:00:00+00:00,57.0,38636.0,78.3,75.46,78.25,75.55,8297.0
2008-04-04 00:00:00+00:00,56.0,39071.0,77.55,75.55,75.55,76.64,3639.0
2008-04-07 00:00:00+00:00,53.0,38980.0,77.25,76.1,76.8,76.31,2433.0
2008-04-08 00:00:00+00:00,52.0,39688.0,77.3,75.5,76.0,76.81,3000.0
2008-04-09 00:00:00+00:00,51.0,40009.0,77.8,76.8,76.9,77.62,3845.0
2008-04-10 00:00:00+00:00,50.0,40270.0,77.95,76.3,77.7,76.49,5790.0
2008-04-11 00:00:00+00:00,49.0,40296.0,77.45,76.5,76.6,76.9,3549.0
2008-04-14 00:00:00+00:00,46.0,41246.0,77.0,75.2,77.0,75.84,3516.0
2008-04-15 00:00:00+00:00,45.0,42206.0,75.9,75.4,75.6,75.9,3415.0
2008-04-16 00:00:00+00:00,44.0,41780.0,76.6,75.6,75.7,76.49,3620.0
2008-04-17 00:00:00+00:00,43.0,41222.0,77.2,76.01,76.55,77.09,3804.0
2008-04-18 00:00:00+00:00,42.0,40578.0,77.89,77.2,77.2,77.77,5045.0
2008-04-21 00:00:00+00:00,42.0,40578.0,,,,77.77,
2008-04-22 00:00:00+00:00,38.0,40144.0,78.1,77.85,77.9,78.05,5174.0
2008-04-23 00:00:00+00:00,37.0,41932.0,78.1,77.3,78.1,77.39,6288.0
2008-04-24 00:00:00+00:00,36.0,42637.0,77.8,76.8,77.5,77.35,4226.0
2008-04-25 00:00:00+00:00,35.0,42872.0,77.5,76.5,77.3,76.76,4168.0
2008-04-28 00:00:00+00:00,32.0,43400.0,77.25,76.5,76.8,77.07,1748.0
2008-04-29 00:00:00+00:00,31.0,43643.0,77.74,77.1,77.1,77.65,3783.0
2008-04-30 00:00:00+00:00,30.0,40430.0,78.1,77.6,77.8,77.91,6345.0
2008-05-01 00:00:00+00:00,30.0,40430.0,,,,77.91,
2008-05-02 00:00:00+00:00,59.0,39308.0,80.0,79.9,80.0,79.9,6251.0
2008-05-05 00:00:00+00:00,56.0,40030.0,81.0,79.8,79.8,81.0,8567.0
2008-05-06 00:00:00+00:00,55.0,40732.0,81.0,80.6,81.0,80.65,7776.0
2008-05-07 00:00:00+00:00,54.0,40971.0,81.36,80.99,80.99,81.29,4114.0
2008-05-08 00:00:00+00:00,53.0,41357.0,82.0,81.4,81.5,82.0,5217.0
2008-05-09 00:00:00+00:00,52.0,42116.0,82.85,82.2,82.2,82.59,9259.0
2008-05-12 00:00:00+00:00,49.0,42306.0,82.75,82.5,82.6,82.5,4842.0
2008-05-13 00:00:00+00:00,48.0,42688.0,84.5,83.0,83.0,84.0,7117.0
2008-05-14 00:00:00+00:00,47.0,41595.0,85.5,84.0,84.0,84.75,8436.0
2008-05-15 00:00:00+00:00,46.0,42178.0,85.3,84.1,84.1,85.15,6826.0
2008-05-16 00:00:00+00:00,45.0,43277.0,85.5,85.25,85.25,85.36,4881.0
2008-05-19 00:00:00+00:00,42.0,45041.0,86.2,85.9,86.2,85.9,6581.0
2008-05-20 00:00:00+00:00,41.0,47433.0,86.5,85.45,86.5,85.45,9507.0
2008-05-21 00:00:00+00:00,40.0,50464.0,85.4,85.0,85.0,85.4,11105.0
2008-05-22 00:00:00+00:00,40.0,50464.0,,,,85.4,
2008-05-23 00:00:00+00:00,38.0,51996.0,86.8,85.5,85.5,86.8,6443.0
2008-05-26 00:00:00+00:00,35.0,52625.0,87.5,86.8,86.8,87.5,5818.0
2008-05-27 00:00:00+00:00,34.0,52513.0,88.5,88.15,88.15,88.35,8788.0
2008-05-28 00:00:00+00:00,33.0,55852.0,88.5,87.6,88.5,88.0,11578.0
2008-05-29 00:00:00+00:00,32.0,56940.0,88.15,87.65,88.1,88.01,8258.0
2008-05-30 00:00:00+00:00,31.0,56738.0,89.05,88.25,88.25,89.05,8007.0
2008-06-02 00:00:00+00:00,59.0,57617.0,94.0,91.8,92.2,93.71,6181.0
2008-06-03 00:00:00+00:00,58.0,59065.0,94.9,93.35,94.0,94.05,10097.0
2008-06-04 00:00:00+00:00,57.0,59784.0,94.45,93.85,94.05,94.17,5008.0
2008-06-05 00:00:00+00:00,56.0,60754.0,95.0,94.2,94.2,94.83,5930.0
2008-06-06 00:00:00+00:00,55.0,62078.0,97.0,95.05,95.3,96.85,9190.0
2008-06-09 00:00:00+00:00,52.0,62722.0,97.2,96.7,97.0,96.86,3419.0
2008-06-10 00:00:00+00:00,51.0,64723.0,97.99,96.75,97.0,97.69,8532.0
2008-06-11 00:00:00+00:00,50.0,66185.0,98.49,97.01,97.89,98.08,6198.0
2008-06-12 00:00:00+00:00,49.0,67695.0,98.1,96.3,98.1,97.24,6195.0
2008-06-13 00:00:00+00:00,48.0,69879.0,97.5,95.7,97.5,95.8,10738.0
2008-06-16 00:00:00+00:00,45.0,70120.0,96.5,95.0,95.7,95.66,6085.0
2008-06-17 00:00:00+00:00,44.0,70222.0,96.5,95.7,95.75,96.31,5669.0
2008-06-18 00:00:00+00:00,43.0,70345.0,98.0,96.3,96.36,97.64,7386.0
2008-06-19 00:00:00+00:00,42.0,70527.0,98.0,96.8,97.55,97.06,3895.0
2008-06-20 00:00:00+00:00,41.0,72794.0,97.05,93.67,97.0,94.54,13118.0
2008-06-23 00:00:00+00:00,38.0,72145.0,94.3,91.24,94.11,91.24,7838.0
2008-06-24 00:00:00+00:00,37.0,71626.0,93.7,90.1,90.1,91.47,10612.0
2008-06-25 00:00:00+00:00,36.0,70826.0,92.1,88.27,92.0,88.27,12697.0
2008-06-26 00:00:00+00:00,35.0,69045.0,90.6,87.2,87.8,88.45,13572.0
2008-06-27 00:00:00+00:00,34.0,70800.0,91.35,88.4,88.6,91.17,8919.0
2008-06-30 00:00:00+00:00,31.0,72111.0,93.5,91.2,91.2,92.62,10569.0
2008-07-01 00:00:00+00:00,59.0,70938.0,93.5,91.55,91.55,91.86,6595.0
2008-07-02 00:00:00+00:00,58.0,71494.0,92.65,91.9,91.9,92.0,3693.0
2008-07-03 00:00:00+00:00,57.0,71994.0,92.7,91.0,92.3,91.54,6441.0
2008-07-04 00:00:00+00:00,56.0,71679.0,92.0,88.51,91.95,89.92,7875.0
2008-07-07 00:00:00+00:00,53.0,71598.0,90.89,90.0,90.0,90.43,5070.0
2008-07-08 00:00:00+00:00,52.0,71443.0,91.0,90.25,90.75,90.88,2107.0
2008-07-09 00:00:00+00:00,52.0,71443.0,,,,90.88,
2008-07-10 00:00:00+00:00,50.0,70947.0,92.3,90.9,91.2,91.93,2451.0
2008-07-11 00:00:00+00:00,49.0,70064.0,91.8,89.0,91.8,89.11,7641.0
2008-07-14 00:00:00+00:00,46.0,69441.0,89.11,87.2,88.75,87.68,7017.0
2008-07-15 00:00:00+00:00,45.0,69086.0,89.5,86.0,87.5,89.0,5988.0
2008-07-16 00:00:00+00:00,44.0,69478.0,88.7,86.5,88.7,86.88,7752.0
2008-07-17 00:00:00+00:00,43.0,68474.0,86.5,84.5,86.5,84.72,11492.0
2008-07-18 00:00:00+00:00,42.0,66700.0,85.7,83.51,84.5,84.69,9863.0
2008-07-21 00:00:00+00:00,39.0,67007.0,86.35,84.7,85.8,85.06,5102.0
2008-07-22 00:00:00+00:00,38.0,67220.0,85.65,84.1,84.5,85.4,4992.0
2008-07-23 00:00:00+00:00,37.0,67745.0,88.0,85.5,86.0,87.5,9780.0
2008-07-24 00:00:00+00:00,36.0,66552.0,90.5,88.0,88.1,90.08,13441.0
2008-07-25 00:00:00+00:00,35.0,68829.0,91.5,90.01,90.5,90.54,10048.0
2008-07-28 00:00:00+00:00,32.0,69297.0,92.3,90.8,90.8,92.08,7192.0
2008-07-29 00:00:00+00:00,31.0,71338.0,93.1,92.25,92.45,92.8,11468.0
2008-07-30 00:00:00+00:00,30.0,72709.0,92.8,89.56,92.8,89.6,12298.0
2008-07-31 00:00:00+00:00,29.0,67844.0,92.0,89.1,89.5,91.24,13117.0
2008-08-01 00:00:00+00:00,60.0,69712.0,91.0,87.52,91.0,87.54,8855.0
2008-08-04 00:00:00+00:00,57.0,68892.0,88.52,86.9,88.52,87.81,6044.0
2008-08-05 00:00:00+00:00,56.0,68796.0,88.4,86.5,88.15,86.7,7648.0
2008-08-06 00:00:00+00:00,55.0,68933.0,87.0,85.6,87.0,86.54,8163.0
2008-08-07 00:00:00+00:00,54.0,69164.0,86.3,84.2,86.2,84.4,7650.0
2008-08-08 00:00:00+00:00,53.0,68804.0,87.35,83.8,84.1,86.45,9407.0
2008-08-11 00:00:00+00:00,50.0,68813.0,85.74,85.36,85.5,85.52,3206.0
2008-08-12 00:00:00+00:00,49.0,69691.0,86.0,85.2,85.4,85.33,6307.0
2008-08-13 00:00:00+00:00,48.0,69426.0,84.4,83.0,83.8,83.93,6807.0
2008-08-14 00:00:00+00:00,47.0,70717.0,86.86,84.2,84.25,86.86,6700.0
2008-08-15 00:00:00+00:00,46.0,69257.0,89.05,86.4,87.4,88.64,9268.0
2008-08-18 00:00:00+00:00,43.0,68081.0,90.7,88.8,89.0,90.27,5517.0
2008-08-19 00:00:00+00:00,42.0,65524.0,91.5,89.5,90.35,89.59,10323.0
2008-08-20 00:00:00+00:00,41.0,64609.0,90.0,88.5,89.5,89.6,7061.0
2008-08-21 00:00:00+00:00,40.0,64547.0,90.5,89.4,89.89,90.23,3758.0
2008-08-22 00:00:00+00:00,39.0,65186.0,91.2,90.25,90.5,90.73,4118.0
2008-08-25 00:00:00+00:00,36.0,64520.0,91.0,88.9,90.95,89.92,5412.0
2008-08-26 00:00:00+00:00,35.0,63552.0,91.7,89.61,89.75,91.37,7579.0
2008-08-27 00:00:00+00:00,34.0,64601.0,91.4,90.6,91.4,90.92,3494.0
2008-08-28 00:00:00+00:00,33.0,63290.0,90.7,88.87,90.7,89.37,6900.0
2008-08-29 00:00:00+00:00,32.0,56742.0,89.6,88.1,88.49,89.01,4812.0
2008-09-01 00:00:00+00:00,60.0,56429.0,91.0,89.21,90.1,89.93,2791.0
2008-09-02 00:00:00+00:00,59.0,56896.0,90.3,89.1,90.0,90.05,4655.0
2008-09-03 00:00:00+00:00,58.0,56768.0,92.4,89.9,90.3,91.31,5540.0
2008-09-04 00:00:00+00:00,57.0,57023.0,91.59,90.02,91.0,90.26,4598.0
2008-09-05 00:00:00+00:00,56.0,57646.0,90.48,89.02,89.9,90.23,4643.0
2008-09-08 00:00:00+00:00,53.0,57433.0,90.47,89.8,90.35,90.05,2879.0
2008-09-09 00:00:00+00:00,52.0,58632.0,90.8,89.7,90.0,90.27,4900.0
2008-09-10 00:00:00+00:00,51.0,59555.0,90.4,89.2,90.2,89.39,5787.0
2008-09-11 00:00:00+00:00,50.0,60472.0,89.4,88.0,89.2,88.2,6612.0
2008-09-12 00:00:00+00:00,49.0,61251.0,88.98,87.3,87.8,87.97,5720.0
2008-09-15 00:00:00+00:00,46.0,58494.0,88.5,87.7,87.71,88.17,1574.0
2008-09-16 00:00:00+00:00,45.0,59349.0,88.55,87.4,88.0,88.33,5147.0
2008-09-17 00:00:00+00:00,44.0,58662.0,89.69,87.85,88.45,89.37,5861.0
2008-09-18 00:00:00+00:00,43.0,57720.0,90.9,89.4,89.45,90.69,6107.0
2008-09-19 00:00:00+00:00,42.0,57929.0,91.6,90.5,90.5,91.34,5388.0
2008-09-22 00:00:00+00:00,39.0,58982.0,91.99,90.85,91.0,91.79,5275.0
2008-09-23 00:00:00+00:00,38.0,58933.0,92.5,91.3,91.98,92.46,5289.0
2008-09-24 00:00:00+00:00,37.0,59440.0,92.85,92.04,92.49,92.43,7570.0
2008-09-25 00:00:00+00:00,36.0,59590.0,92.8,92.19,92.35,92.62,4645.0
2008-09-26 00:00:00+00:00,35.0,58915.0,93.15,92.6,92.79,92.81,3312.0
2008-09-29 00:00:00+00:00,32.0,56896.0,94.5,92.55,92.85,94.03,6815.0
2008-09-30 00:00:00+00:00,31.0,50573.0,94.29,93.21,93.81,93.43,8005.0
2008-10-01 00:00:00+00:00,58.0,50707.0,94.75,93.4,94.7,93.79,5314.0
2008-10-02 00:00:00+00:00,57.0,49532.0,94.7,93.9,93.9,94.46,6358.0
2008-10-03 00:00:00+00:00,56.0,49653.0,95.48,94.3,94.35,95.13,5406.0
2008-10-06 00:00:00+00:00,53.0,47657.0,95.3,93.9,95.3,94.93,6617.0
2008-10-07 00:00:00+00:00,52.0,46622.0,96.65,94.99,94.99,96.44,5340.0
2008-10-08 00:00:00+00:00,51.0,45606.0,98.2,96.17,96.17,97.57,5044.0
2008-10-09 00:00:00+00:00,50.0,44848.0,98.05,96.6,97.3,97.99,4040.0
2008-10-10 00:00:00+00:00,49.0,45270.0,98.2,94.57,98.2,95.79,6531.0
2008-10-13 00:00:00+00:00,46.0,45085.0,96.2,94.85,95.85,95.84,2652.0
2008-10-14 00:00:00+00:00,45.0,45497.0,96.0,95.0,95.5,95.33,3854.0
2008-10-15 00:00:00+00:00,44.0,44607.0,95.7,95.2,95.2,95.5,2980.0
2008-10-16 00:00:00+00:00,43.0,43699.0,95.5,94.1,95.5,94.32,5456.0
2008-10-17 00:00:00+00:00,42.0,40743.0,94.6,92.3,94.25,92.5,8508.0
2008-10-20 00:00:00+00:00,39.0,40309.0,92.99,91.9,92.2,92.15,2135.0
2008-10-21 00:00:00+00:00,38.0,40317.0,92.7,91.51,92.15,91.7,3559.0
2008-10-22 00:00:00+00:00,37.0,39426.0,91.86,89.8,91.86,90.18,7456.0
2008-10-23 00:00:00+00:00,36.0,38930.0,90.3,87.5,89.99,88.46,8170.0
2008-10-24 00:00:00+00:00,35.0,38153.0,88.39,86.0,88.0,86.3,7567.0
2008-10-27 00:00:00+00:00,32.0,35326.0,87.5,86.0,86.0,86.96,5350.0
2008-10-28 00:00:00+00:00,31.0,35070.0,87.0,85.4,86.75,85.75,4854.0
2008-10-29 00:00:00+00:00,30.0,34201.0,85.7,83.65,85.7,84.32,5855.0
2008-10-30 00:00:00+00:00,29.0,34347.0,85.7,84.2,84.3,84.84,5953.0
2008-10-31 00:00:00+00:00,28.0,21600.0,87.2,84.9,84.99,87.03,9980.0
2008-11-03 00:00:00+00:00,56.0,21671.0,89.2,88.0,88.0,88.41,3254.0
2008-11-04 00:00:00+00:00,55.0,20686.0,89.48,88.75,89.0,89.1,3422.0
2008-11-05 00:00:00+00:00,54.0,20786.0,89.0,87.8,89.0,88.74,4946.0
2008-11-06 00:00:00+00:00,53.0,21030.0,90.5,89.0,89.0,90.34,5332.0
2008-11-07 00:00:00+00:00,52.0,20862.0,90.7,89.89,90.5,90.55,1924.0
2008-11-10 00:00:00+00:00,49.0,20420.0,91.1,90.25,90.25,90.98,2007.0
2008-11-11 00:00:00+00:00,48.0,20470.0,91.5,89.45,91.0,90.07,6563.0
2008-11-12 00:00:00+00:00,47.0,20928.0,90.4,89.5,90.35,90.06,2943.0
2008-11-13 00:00:00+00:00,46.0,20311.0,91.12,89.8,89.8,90.82,4325.0
2008-11-14 00:00:00+00:00,45.0,20543.0,91.0,90.35,90.5,90.47,2322.0
2008-11-17 00:00:00+00:00,42.0,21707.0,90.35,89.5,90.35,89.78,2376.0
2008-11-18 00:00:00+00:00,41.0,22078.0,89.65,88.01,89.6,88.26,3722.0
2008-11-19 00:00:00+00:00,40.0,22485.0,88.7,87.8,88.3,88.01,2231.0
2008-11-20 00:00:00+00:00,40.0,22485.0,,,,88.01,
2008-11-21 00:00:00+00:00,38.0,22656.0,88.0,86.15,88.0,86.28,2079.0
2008-11-24 00:00:00+00:00,35.0,22763.0,87.45,86.2,86.2,86.47,2815.0
2008-11-25 00:00:00+00:00,34.0,22569.0,87.19,85.51,86.5,86.99,3731.0
2008-11-26 00:00:00+00:00,33.0,23530.0,87.75,86.4,86.85,87.22,4016.0
2008-11-27 00:00:00+00:00,32.0,23551.0,87.3,85.86,87.22,86.1,5281.0
2008-11-28 00:00:00+00:00,31.0,16916.0,86.7,86.05,86.05,86.22,2761.0
2008-12-01 00:00:00+00:00,60.0,15952.0,85.6,83.9,85.6,84.05,3822.0
2008-12-02 00:00:00+00:00,59.0,15132.0,84.25,81.2,84.0,81.52,4682.0
2008-12-03 00:00:00+00:00,58.0,15442.0,82.3,80.5,81.65,80.95,4879.0
2008-12-04 00:00:00+00:00,57.0,15115.0,81.55,79.0,81.15,79.44,5746.0
2008-12-05 00:00:00+00:00,56.0,15620.0,78.99,76.66,78.77,77.59,3507.0
2008-12-08 00:00:00+00:00,53.0,15719.0,78.5,77.5,77.71,78.29,1119.0
2008-12-09 00:00:00+00:00,52.0,15883.0,77.4,75.6,77.0,75.99,2720.0
2008-12-10 00:00:00+00:00,51.0,16354.0,75.7,73.53,75.5,73.95,3377.0
2008-12-11 00:00:00+00:00,50.0,15424.0,74.9,71.47,74.0,74.59,5845.0
2008-12-12 00:00:00+00:00,49.0,15444.0,76.2,73.8,74.45,74.49,3989.0
2008-12-15 00:00:00+00:00,46.0,15256.0,75.3,73.75,74.5,74.42,1997.0
2008-12-16 00:00:00+00:00,45.0,15210.0,76.1,74.3,74.4,75.94,4424.0
2008-12-17 00:00:00+00:00,44.0,14907.0,78.59,76.2,76.2,78.59,5851.0
2008-12-18 00:00:00+00:00,43.0,15103.0,80.15,78.9,79.29,79.79,5021.0
2008-12-19 00:00:00+00:00,42.0,15384.0,80.0,78.6,79.9,79.12,2122.0
2008-12-22 00:00:00+00:00,39.0,16796.0,80.35,79.1,79.15,80.31,3007.0
2008-12-23 00:00:00+00:00,38.0,14689.0,81.0,80.35,80.5,80.87,2498.0
2008-12-24 00:00:00+00:00,38.0,14689.0,,,,80.87,
2008-12-25 00:00:00+00:00,38.0,14689.0,,,,80.87,
2008-12-26 00:00:00+00:00,35.0,15575.0,82.9,80.5,80.95,82.81,2596.0
2008-12-29 00:00:00+00:00,32.0,16936.0,84.0,83.09,83.09,83.61,3021.0
2008-12-30 00:00:00+00:00,31.0,16936.0,85.0,83.6,83.95,84.04,852.0
2008-12-31 00:00:00+00:00,31.0,16936.0,,,,84.04,
2009-01-01 00:00:00+00:00,31.0,16936.0,,,,84.04,
2009-01-02 00:00:00+00:00,56.0,14828.0,,,,81.55,
2009-01-05 00:00:00+00:00,53.0,14918.0,82.3,81.55,81.55,81.1,3638.0
2009-01-06 00:00:00+00:00,52.0,14753.0,79.98,79.98,79.98,79.98,3472.0
2009-01-07 00:00:00+00:00,51.0,14303.0,79.44,79.44,79.44,79.44,4231.0
2009-01-08 00:00:00+00:00,50.0,14182.0,79.5,79.5,79.5,79.54,1750.0
2009-01-09 00:00:00+00:00,49.0,14027.0,79.76,79.76,79.76,79.76,1562.0
2009-01-12 00:00:00+00:00,46.0,14031.0,80.66,80.0,80.0,80.66,2803.0
2009-01-13 00:00:00+00:00,45.0,13557.0,79.53,79.53,79.53,79.53,3264.0
2009-01-14 00:00:00+00:00,44.0,13677.0,79.38,79.38,79.38,79.38,1435.0
2009-01-15 00:00:00+00:00,43.0,14053.0,79.78,79.78,79.78,79.78,2863.0
2009-01-16 00:00:00+00:00,42.0,14116.0,79.5,79.5,79.5,79.68,2264.0
2009-01-19 00:00:00+00:00,39.0,14539.0,79.8,79.2,79.5,79.49,2292.0
2009-01-20 00:00:00+00:00,38.0,14591.0,79.6,79.3,79.5,79.4,1286.0
2009-01-21 00:00:00+00:00,37.0,14870.0,80.0,79.37,79.37,79.85,2414.0
2009-01-22 00:00:00+00:00,36.0,15455.0,80.3,80.09,80.1,80.2,1585.0
2009-01-23 00:00:00+00:00,35.0,15886.0,81.19,80.2,80.2,81.18,2397.0
2009-01-26 00:00:00+00:00,32.0,15990.0,82.5,81.2,81.2,82.29,2352.0
2009-01-27 00:00:00+00:00,31.0,15987.0,82.85,81.6,82.2,81.8,1564.0
2009-01-28 00:00:00+00:00,30.0,15903.0,82.6,81.5,82.0,82.0,2069.0
2009-01-29 00:00:00+00:00,29.0,16400.0,82.14,80.7,82.0,81.15,2202.0
2009-01-30 00:00:00+00:00,28.0,11340.0,81.24,80.72,81.0,80.8,5215.0
2009-02-02 00:00:00+00:00,57.0,11374.0,80.17,80.17,80.17,80.17,1412.0
2009-02-03 00:00:00+00:00,56.0,11688.0,80.01,80.01,80.01,80.01,3261.0
2009-02-04 00:00:00+00:00,55.0,13082.0,79.16,79.16,79.16,79.16,3746.0
2009-02-05 00:00:00+00:00,54.0,13331.0,78.4,78.4,78.4,78.4,2123.0
2009-02-06 00:00:00+00:00,53.0,13396.0,78.0,78.0,78.0,78.0,1332.0
2009-02-09 00:00:00+00:00,50.0,13104.0,79.0,78.8,79.0,78.65,2737.0
2009-02-10 00:00:00+00:00,49.0,13742.0,78.0,78.0,78.0,78.0,3678.0
2009-02-11 00:00:00+00:00,48.0,13927.0,77.25,77.25,77.25,77.25,1582.0
2009-02-12 00:00:00+00:00,47.0,14625.0,78.5,77.0,77.5,78.0,3947.0
2009-02-13 00:00:00+00:00,46.0,14674.0,79.01,79.0,79.0,79.25,2492.0
2009-02-16 00:00:00+00:00,43.0,14390.0,79.2,79.2,79.2,79.2,1121.0
2009-02-17 00:00:00+00:00,42.0,14738.0,79.52,78.8,79.52,79.25,3888.0
2009-02-18 00:00:00+00:00,41.0,15697.0,78.95,78.83,78.95,78.89,1863.0
2009-02-19 00:00:00+00:00,40.0,15555.0,79.0,78.3,78.55,78.53,1682.0
2009-02-20 00:00:00+00:00,39.0,15523.0,78.5,78.3,78.5,78.3,712.0
2009-02-23 00:00:00+00:00,39.0,15523.0,,,,78.3,
2009-02-24 00:00:00+00:00,39.0,15523.0,,,,78.3,
2009-02-25 00:00:00+00:00,34.0,15069.0,78.8,78.3,78.35,78.8,1011.0
2009-02-26 00:00:00+00:00,33.0,15490.0,78.7,77.7,78.6,78.2,3373.0
2009-02-27 00:00:00+00:00,32.0,15593.0,77.7,76.76,77.7,76.76,4331.0
2009-03-02 00:00:00+00:00,59.0,15916.0,73.97,73.97,73.97,73.97,1590.0
2009-03-03 00:00:00+00:00,58.0,15509.0,74.9,74.21,74.9,74.21,6243.0
2009-03-04 00:00:00+00:00,57.0,15430.0,74.5,74.0,74.0,74.3,7753.0
2009-03-05 00:00:00+00:00,56.0,15593.0,73.5,73.5,73.5,73.5,5212.0
2009-03-06 00:00:00+00:00,55.0,16211.0,73.26,73.26,73.26,73.26,2883.0
2009-03-09 00:00:00+00:00,52.0,16320.0,74.07,74.07,74.07,74.07,2169.0
2009-03-10 00:00:00+00:00,51.0,17096.0,73.97,73.8,73.95,73.8,6165.0
2009-03-11 00:00:00+00:00,50.0,17080.0,73.01,73.0,73.01,73.09,5227.0
2009-03-12 00:00:00+00:00,49.0,18097.0,72.72,72.72,72.72,72.72,3313.0
2009-03-13 00:00:00+00:00,48.0,18427.0,72.66,72.66,72.66,72.66,2346.0
2009-03-16 00:00:00+00:00,45.0,17549.0,73.6,73.0,73.0,73.6,3003.0
2009-03-17 00:00:00+00:00,44.0,17359.0,73.71,73.6,73.7,73.6,3421.0
2009-03-18 00:00:00+00:00,43.0,17864.0,74.7,73.5,73.5,74.7,4838.0
2009-03-19 00:00:00+00:00,42.0,18624.0,76.0,74.99,75.0,77.0,6173.0
2009-03-20 00:00:00+00:00,41.0,18096.0,76.6,76.6,76.6,76.6,3330.0
2009-03-23 00:00:00+00:00,38.0,18095.0,77.14,77.0,77.0,77.75,2510.0
2009-03-24 00:00:00+00:00,37.0,18613.0,77.41,77.41,77.41,77.41,2247.0
2009-03-25 00:00:00+00:00,36.0,18348.0,77.2,77.0,77.0,77.6,3423.0
2009-03-26 00:00:00+00:00,35.0,18513.0,77.9,77.15,77.9,77.15,2279.0
2009-03-27 00:00:00+00:00,34.0,18584.0,77.0,77.0,77.0,77.0,1422.0
2009-03-30 00:00:00+00:00,31.0,18133.0,77.0,77.0,77.0,77.75,4794.0
2009-03-31 00:00:00+00:00,30.0,17521.0,78.5,78.0,78.0,78.3,3882.0
2009-04-01 00:00:00+00:00,58.0,17768.0,77.95,76.71,77.65,77.79,3204.0
2009-04-02 00:00:00+00:00,57.0,17822.0,78.4,77.3,77.8,78.02,2278.0
2009-04-03 00:00:00+00:00,56.0,18285.0,78.65,78.0,78.0,78.16,2114.0
2009-04-06 00:00:00+00:00,53.0,18878.0,78.35,77.02,78.35,77.4,3032.0
2009-04-07 00:00:00+00:00,52.0,18658.0,77.6,76.6,77.4,77.29,3164.0
2009-04-08 00:00:00+00:00,51.0,17170.0,77.7,76.52,77.4,77.6,4369.0
2009-04-09 00:00:00+00:00,50.0,17085.0,78.15,77.5,77.79,77.83,2089.0
2009-04-10 00:00:00+00:00,50.0,17085.0,,,,77.83,
2009-04-13 00:00:00+00:00,46.0,17139.0,78.6,77.7,77.85,78.44,2329.0
2009-04-14 00:00:00+00:00,45.0,17117.0,79.55,78.5,78.65,78.86,3597.0
2009-04-15 00:00:00+00:00,44.0,17087.0,78.88,77.9,78.87,77.96,2482.0
2009-04-16 00:00:00+00:00,43.0,17335.0,78.5,77.7,77.97,78.18,2098.0
2009-04-17 00:00:00+00:00,42.0,17646.0,78.15,77.5,78.01,77.87,2170.0
2009-04-20 00:00:00+00:00,39.0,17762.0,78.6,77.5,77.77,78.54,1870.0
2009-04-21 00:00:00+00:00,39.0,17762.0,,,,78.54,
2009-04-22 00:00:00+00:00,37.0,17670.0,78.67,77.4,78.67,77.51,3749.0
2009-04-23 00:00:00+00:00,36.0,17925.0,77.63,77.06,77.5,77.28,2402.0
2009-04-24 00:00:00+00:00,35.0,18254.0,77.6,76.75,77.23,77.49,2822.0
2009-04-27 00:00:00+00:00,32.0,18288.0,78.14,77.45,77.6,78.05,2622.0
2009-04-28 00:00:00+00:00,31.0,18279.0,78.49,77.85,78.14,78.18,3464.0
2009-04-29 00:00:00+00:00,30.0,18234.0,78.25,77.76,78.15,77.88,1542.0
2009-04-30 00:00:00+00:00,29.0,18260.0,77.9,77.11,77.71,77.74,3196.0
2009-05-01 00:00:00+00:00,29.0,18260.0,,,,77.74,
2009-05-04 00:00:00+00:00,57.0,18365.0,79.56,79.45,79.56,79.55,880.0
2009-05-05 00:00:00+00:00,56.0,18566.0,79.35,79.05,79.35,79.05,1919.0
2009-05-06 00:00:00+00:00,55.0,18650.0,79.05,78.83,78.83,78.95,1494.0
2009-05-07 00:00:00+00:00,54.0,19009.0,79.25,78.82,78.82,79.04,1513.0
2009-05-08 00:00:00+00:00,53.0,19128.0,79.7,79.1,79.1,79.51,1980.0
2009-05-11 00:00:00+00:00,50.0,18793.0,80.2,79.35,79.69,79.93,2484.0
2009-05-12 00:00:00+00:00,49.0,18990.0,81.25,80.0,80.0,81.25,5422.0
2009-05-13 00:00:00+00:00,48.0,19633.0,81.7,80.95,81.44,81.46,3582.0
2009-05-14 00:00:00+00:00,47.0,19998.0,81.83,81.41,81.5,81.47,2777.0
2009-05-15 00:00:00+00:00,46.0,20159.0,81.9,81.6,81.6,81.75,2500.0
2009-05-18 00:00:00+00:00,43.0,20628.0,82.65,81.85,81.85,82.5,3848.0
2009-05-19 00:00:00+00:00,42.0,21370.0,82.8,82.1,82.75,82.3,3803.0
2009-05-20 00:00:00+00:00,41.0,21781.0,83.15,82.5,82.5,82.85,5891.0
2009-05-21 00:00:00+00:00,40.0,21288.0,82.88,81.7,82.85,81.8,6978.0
2009-05-22 00:00:00+00:00,39.0,20752.0,82.8,81.71,81.71,82.6,4365.0
2009-05-25 00:00:00+00:00,36.0,20865.0,83.5,82.4,82.5,83.31,4233.0
2009-05-26 00:00:00+00:00,35.0,21009.0,83.8,83.4,83.5,83.45,5218.0
2009-05-27 00:00:00+00:00,34.0,21205.0,83.6,83.1,83.5,83.55,1910.0
2009-05-28 00:00:00+00:00,33.0,21775.0,84.15,83.6,83.8,84.05,3585.0
2009-05-29 00:00:00+00:00,32.0,18228.0,84.6,83.81,84.05,83.95,2455.0
2009-06-01 00:00:00+00:00,60.0,18711.0,85.49,85.0,85.46,85.35,2877.0
2009-06-02 00:00:00+00:00,59.0,18765.0,85.05,84.7,84.9,85.0,3117.0
2009-06-03 00:00:00+00:00,58.0,18628.0,84.7,83.8,84.7,84.15,3663.0
2009-06-04 00:00:00+00:00,57.0,18831.0,84.65,84.15,84.51,84.45,3429.0
2009-06-05 00:00:00+00:00,56.0,19121.0,84.9,84.3,84.3,84.9,2239.0
2009-06-08 00:00:00+00:00,53.0,19406.0,85.15,84.9,84.9,84.9,2163.0
2009-06-09 00:00:00+00:00,52.0,19198.0,85.09,84.64,84.89,84.64,2530.0
2009-06-10 00:00:00+00:00,51.0,19198.0,84.8,84.15,84.8,84.28,3282.0
2009-06-11 00:00:00+00:00,50.0,19177.0,,,,84.28,
2009-06-12 00:00:00+00:00,49.0,19285.0,84.68,84.27,84.3,84.27,1601.0
2009-06-15 00:00:00+00:00,46.0,19479.0,84.4,83.7,84.4,83.7,1484.0
2009-06-16 00:00:00+00:00,45.0,19922.0,84.4,83.9,83.92,84.35,2593.0
2009-06-17 00:00:00+00:00,44.0,20526.0,84.65,84.35,84.35,84.36,2266.0
2009-06-18 00:00:00+00:00,43.0,21044.0,84.2,83.85,84.16,84.01,1644.0
2009-06-19 00:00:00+00:00,42.0,21204.0,84.27,83.9,84.27,83.96,480.0
2009-06-22 00:00:00+00:00,39.0,21496.0,84.4,83.79,83.9,83.79,2220.0
2009-06-23 00:00:00+00:00,38.0,21673.0,84.2,83.79,84.2,83.79,1275.0
2009-06-24 00:00:00+00:00,37.0,21568.0,83.7,83.35,83.7,83.55,2259.0
2009-06-25 00:00:00+00:00,36.0,22174.0,83.7,83.55,83.6,83.8,1468.0
2009-06-26 00:00:00+00:00,35.0,23385.0,84.16,83.7,83.81,84.07,3473.0
2009-06-29 00:00:00+00:00,32.0,22609.0,84.5,84.3,84.4,84.4,3353.0
2009-06-30 00:00:00+00:00,31.0,22229.0,84.55,83.75,84.44,83.8,2143.0
2009-07-01 00:00:00+00:00,61.0,23097.0,85.6,84.6,85.55,84.6,3808.0
2009-07-02 00:00:00+00:00,60.0,23517.0,85.1,84.41,85.1,84.41,2725.0
2009-07-03 00:00:00+00:00,59.0,24170.0,84.44,84.01,84.25,84.23,2577.0
2009-07-06 00:00:00+00:00,56.0,24287.0,85.3,84.7,84.72,85.3,3031.0
2009-07-07 00:00:00+00:00,55.0,24692.0,85.6,85.17,85.38,85.25,2185.0
2009-07-08 00:00:00+00:00,54.0,24692.0,85.19,84.35,85.19,84.35,3170.0
2009-07-09 00:00:00+00:00,53.0,25515.0,,,,84.35,
2009-07-10 00:00:00+00:00,52.0,24823.0,84.4,83.7,84.17,84.4,2604.0
2009-07-13 00:00:00+00:00,49.0,25090.0,83.9,83.45,83.85,83.51,1424.0
2009-07-14 00:00:00+00:00,48.0,25074.0,84.1,83.51,84.05,83.51,3301.0
2009-07-15 00:00:00+00:00,47.0,24825.0,84.15,83.7,83.75,84.12,3440.0
2009-07-16 00:00:00+00:00,46.0,25218.0,84.1,83.8,84.1,83.95,2355.0
2009-07-17 00:00:00+00:00,45.0,25535.0,84.1,83.31,83.95,84.0,3106.0
2009-07-20 00:00:00+00:00,42.0,25661.0,84.2,83.85,84.0,83.97,1471.0
2009-07-21 00:00:00+00:00,41.0,26119.0,84.19,83.7,83.97,83.58,3500.0
2009-07-22 00:00:00+00:00,40.0,27223.0,83.55,82.66,83.35,82.85,6298.0
2009-07-23 00:00:00+00:00,39.0,26969.0,82.84,81.59,82.84,81.59,7817.0
2009-07-24 00:00:00+00:00,38.0,26969.0,81.95,81.65,81.9,81.79,3663.0
2009-07-27 00:00:00+00:00,35.0,26604.0,81.9,81.6,81.9,81.7,2836.0
2009-07-28 00:00:00+00:00,34.0,26441.0,82.15,81.65,81.7,82.15,3815.0
2009-07-29 00:00:00+00:00,33.0,26435.0,82.2,81.82,82.2,82.1,2618.0
2009-07-30 00:00:00+00:00,32.0,26404.0,82.25,81.38,82.15,81.38,3760.0
2009-07-31 00:00:00+00:00,31.0,24248.0,81.5,81.2,81.35,81.2,1802.0
2009-08-03 00:00:00+00:00,58.0,24475.0,82.62,82.2,82.62,82.2,1725.0
2009-08-04 00:00:00+00:00,57.0,24501.0,81.2,80.0,81.2,80.48,6754.0
2009-08-05 00:00:00+00:00,56.0,23227.0,80.4,79.3,80.2,80.15,5660.0
2009-08-06 00:00:00+00:00,55.0,22579.0,80.35,79.4,80.2,80.35,4681.0
2009-08-07 00:00:00+00:00,54.0,23030.0,80.35,79.75,80.15,80.2,3481.0
2009-08-10 00:00:00+00:00,51.0,22977.0,80.29,80.0,80.0,80.2,2028.0
2009-08-11 00:00:00+00:00,50.0,23516.0,81.05,80.27,80.27,81.0,4186.0
2009-08-12 00:00:00+00:00,49.0,23917.0,81.1,80.1,81.1,81.15,3580.0
2009-08-13 00:00:00+00:00,48.0,23379.0,81.5,81.25,81.49,81.41,2622.0
2009-08-14 00:00:00+00:00,47.0,24207.0,81.45,80.3,81.45,80.7,3433.0
2009-08-17 00:00:00+00:00,44.0,24341.0,80.64,80.29,80.5,80.43,1441.0
2009-08-18 00:00:00+00:00,43.0,24386.0,80.5,79.9,80.5,79.94,2568.0
2009-08-19 00:00:00+00:00,42.0,24772.0,79.9,78.6,79.79,78.78,4040.0
2009-08-20 00:00:00+00:00,41.0,24359.0,79.4,78.76,78.76,79.4,3903.0
2009-08-21 00:00:00+00:00,40.0,24468.0,79.55,79.2,79.41,79.53,3109.0
2009-08-24 00:00:00+00:00,37.0,24497.0,79.3,79.0,79.3,79.15,1088.0
2009-08-25 00:00:00+00:00,36.0,24406.0,79.5,79.15,79.5,79.44,1921.0
2009-08-26 00:00:00+00:00,35.0,24204.0,79.5,78.7,79.49,79.1,4053.0
2009-08-27 00:00:00+00:00,34.0,23953.0,79.1,78.59,79.1,79.1,2947.0
2009-08-28 00:00:00+00:00,33.0,23872.0,79.09,78.9,79.09,78.9,739.0
2009-08-31 00:00:00+00:00,30.0,20551.0,78.48,77.9,78.48,77.99,4582.0
2009-09-01 00:00:00+00:00,59.0,20045.0,80.57,79.3,80.5,79.38,3078.0
2009-09-02 00:00:00+00:00,58.0,19684.0,80.15,78.91,79.31,79.1,2616.0
2009-09-03 00:00:00+00:00,57.0,19330.0,79.2,78.02,79.2,78.34,3274.0
2009-09-04 00:00:00+00:00,56.0,19484.0,79.5,78.0,78.4,79.34,2843.0
2009-09-07 00:00:00+00:00,56.0,19484.0,,,,79.34,
2009-09-08 00:00:00+00:00,52.0,19413.0,79.8,78.7,79.4,79.27,1756.0
2009-09-09 00:00:00+00:00,51.0,19609.0,80.2,79.0,79.27,79.87,2879.0
2009-09-10 00:00:00+00:00,50.0,19619.0,80.0,78.7,80.0,78.75,3791.0
2009-09-11 00:00:00+00:00,49.0,19687.0,79.0,78.36,78.73,78.74,1949.0
2009-09-14 00:00:00+00:00,46.0,19816.0,79.41,78.66,78.74,79.35,1749.0
2009-09-15 00:00:00+00:00,45.0,20448.0,79.95,79.11,79.3,79.84,2595.0
2009-09-16 00:00:00+00:00,44.0,20620.0,80.07,78.9,79.93,79.35,2951.0
2009-09-17 00:00:00+00:00,43.0,20996.0,80.38,79.3,79.35,80.28,4236.0
2009-09-18 00:00:00+00:00,42.0,22231.0,81.9,80.25,80.3,81.56,7461.0
2009-09-21 00:00:00+00:00,39.0,22534.0,81.77,80.9,81.6,81.53,2764.0
2009-09-22 00:00:00+00:00,38.0,22461.0,82.7,81.42,81.57,82.6,5213.0
2009-09-23 00:00:00+00:00,37.0,23335.0,83.0,81.35,82.65,81.6,4562.0
2009-09-24 00:00:00+00:00,36.0,22990.0,81.8,80.66,81.8,81.61,3023.0
2009-09-25 00:00:00+00:00,35.0,22852.0,82.3,81.45,81.5,82.02,2525.0
2009-09-28 00:00:00+00:00,32.0,22954.0,82.9,81.9,82.01,82.83,2968.0
2009-09-29 00:00:00+00:00,31.0,23096.0,82.95,82.4,82.9,82.75,1789.0
2009-09-30 00:00:00+00:00,30.0,21913.0,82.78,82.32,82.6,82.72,2048.0
2009-10-01 00:00:00+00:00,60.0,22347.0,83.85,83.0,83.85,83.28,3141.0
2009-10-02 00:00:00+00:00,59.0,22250.0,83.24,82.5,83.08,82.84,2613.0
2009-10-05 00:00:00+00:00,56.0,22138.0,82.65,81.8,82.4,82.05,3561.0
2009-10-06 00:00:00+00:00,55.0,22148.0,82.3,81.4,82.25,81.48,4180.0
2009-10-07 00:00:00+00:00,54.0,21900.0,81.19,80.71,81.19,80.74,5068.0
2009-10-08 00:00:00+00:00,53.0,21492.0,80.7,80.5,80.66,80.64,2703.0
2009-10-09 00:00:00+00:00,52.0,21666.0,81.1,80.3,80.6,80.96,2510.0
2009-10-12 00:00:00+00:00,52.0,21666.0,,,,80.96,
2009-10-13 00:00:00+00:00,48.0,22008.0,81.35,80.56,81.0,81.07,3329.0
2009-10-14 00:00:00+00:00,47.0,21828.0,81.13,80.21,81.13,80.37,5993.0
2009-10-15 00:00:00+00:00,46.0,23036.0,80.49,79.6,80.15,80.35,6563.0
2009-10-16 00:00:00+00:00,45.0,22874.0,80.95,80.15,80.48,80.15,4825.0
2009-10-19 00:00:00+00:00,42.0,22624.0,80.35,80.0,80.1,80.06,1654.0
2009-10-20 00:00:00+00:00,41.0,22118.0,80.2,78.8,80.15,78.87,5407.0
2009-10-21 00:00:00+00:00,40.0,20411.0,78.82,77.7,78.76,77.78,6207.0
2009-10-22 00:00:00+00:00,39.0,20527.0,78.6,77.4,77.52,78.52,3038.0
2009-10-23 00:00:00+00:00,38.0,21088.0,78.7,77.3,78.7,77.56,3110.0
2009-10-26 00:00:00+00:00,35.0,20728.0,78.5,77.4,77.5,78.34,2848.0
2009-10-27 00:00:00+00:00,34.0,21044.0,78.39,77.06,78.29,77.11,7798.0
2009-10-28 00:00:00+00:00,33.0,21622.0,77.15,75.96,77.1,76.27,5364.0
2009-10-29 00:00:00+00:00,32.0,21624.0,76.8,76.4,76.45,76.7,2734.0
2009-10-30 00:00:00+00:00,31.0,11679.0,77.95,76.8,76.81,77.58,4977.0
2009-11-02 00:00:00+00:00,31.0,11679.0,,,,77.58,
2009-11-03 00:00:00+00:00,57.0,12160.0,77.6,76.95,77.3,77.5,1915.0
2009-11-04 00:00:00+00:00,56.0,12512.0,77.7,77.4,77.6,77.4,2625.0
2009-11-05 00:00:00+00:00,55.0,12748.0,77.95,77.25,77.3,77.64,2820.0
2009-11-06 00:00:00+00:00,54.0,13194.0,77.65,77.25,77.65,77.31,1766.0
2009-11-09 00:00:00+00:00,51.0,13097.0,77.15,76.71,77.0,77.02,2927.0
2009-11-10 00:00:00+00:00,50.0,14463.0,77.43,76.85,77.19,76.9,4575.0
2009-11-11 00:00:00+00:00,49.0,15333.0,77.0,76.26,76.99,76.41,5424.0
2009-11-12 00:00:00+00:00,48.0,16097.0,76.45,75.75,76.45,75.93,4659.0
2009-11-13 00:00:00+00:00,47.0,15940.0,75.8,74.7,75.8,74.8,7128.0
2009-11-16 00:00:00+00:00,44.0,15049.0,75.1,74.65,74.75,74.98,2871.0
2009-11-17 00:00:00+00:00,43.0,14465.0,75.15,74.0,74.99,74.31,4949.0
2009-11-18 00:00:00+00:00,42.0,14555.0,75.18,74.1,74.26,75.12,3251.0
2009-11-19 00:00:00+00:00,41.0,14834.0,75.15,74.41,75.15,74.89,2772.0
2009-11-20 00:00:00+00:00,41.0,14834.0,,,,74.89,
2009-11-23 00:00:00+00:00,37.0,14862.0,75.45,74.66,74.67,75.27,2226.0
2009-11-24 00:00:00+00:00,36.0,15594.0,75.35,73.7,75.3,73.88,5660.0
2009-11-25 00:00:00+00:00,35.0,14991.0,73.9,72.6,73.85,72.98,4640.0
2009-11-26 00:00:00+00:00,34.0,15612.0,73.4,71.9,73.01,72.04,4611.0
2009-11-27 00:00:00+00:00,33.0,16015.0,72.69,71.85,72.03,72.61,5519.0
2009-11-30 00:00:00+00:00,30.0,10481.0,72.6,71.02,72.57,71.15,5304.0
2009-12-01 00:00:00+00:00,59.0,10910.0,71.69,71.35,71.4,71.36,2747.0
2009-12-02 00:00:00+00:00,58.0,10729.0,72.2,71.35,71.35,72.06,5071.0
2009-12-03 00:00:00+00:00,57.0,10600.0,73.33,72.06,72.06,73.32,4205.0
2009-12-04 00:00:00+00:00,56.0,10794.0,73.4,72.4,73.4,73.3,2577.0
2009-12-07 00:00:00+00:00,53.0,11155.0,73.7,73.0,73.14,73.46,2177.0
2009-12-08 00:00:00+00:00,52.0,11721.0,73.85,73.35,73.46,73.53,3884.0
2009-12-09 00:00:00+00:00,51.0,12695.0,73.48,72.55,73.48,72.6,6464.0
2009-12-10 00:00:00+00:00,50.0,13191.0,73.2,72.9,73.2,72.9,3389.0
2009-12-11 00:00:00+00:00,49.0,13031.0,73.9,73.1,73.11,73.78,3015.0
2009-12-14 00:00:00+00:00,46.0,13835.0,75.0,73.7,73.7,74.91,6171.0
2009-12-15 00:00:00+00:00,45.0,13055.0,74.99,73.75,74.99,73.8,5444.0
2009-12-16 00:00:00+00:00,44.0,13203.0,73.9,73.05,73.54,73.25,4913.0
2009-12-17 00:00:00+00:00,43.0,13746.0,74.4,73.15,73.3,74.37,5875.0
2009-12-18 00:00:00+00:00,42.0,13707.0,74.5,74.0,74.36,74.38,4853.0
2009-12-21 00:00:00+00:00,39.0,13425.0,74.8,74.25,74.55,74.65,2400.0
2009-12-22 00:00:00+00:00,38.0,13610.0,75.25,74.6,74.8,74.9,3252.0
2009-12-23 00:00:00+00:00,37.0,13468.0,75.1,74.65,75.0,74.78,1829.0
2009-12-24 00:00:00+00:00,37.0,13468.0,,,,74.78,
2009-12-25 00:00:00+00:00,37.0,13468.0,,,,74.78,
2009-12-28 00:00:00+00:00,32.0,13704.0,75.3,74.76,74.94,75.23,2150.0
2009-12-29 00:00:00+00:00,31.0,13784.0,75.55,75.15,75.3,75.49,2699.0
2009-12-30 00:00:00+00:00,30.0,8260.0,75.79,75.45,75.6,75.67,1549.0
2009-12-31 00:00:00+00:00,30.0,8260.0,,,,75.67,
2010-01-01 00:00:00+00:00,30.0,8260.0,,,,75.67,
2010-01-04 00:00:00+00:00,53.0,8406.0,75.0,74.9,75.0,75.0,1684.0
2010-01-05 00:00:00+00:00,52.0,8162.0,75.0,74.45,75.0,74.26,4097.0
2010-01-06 00:00:00+00:00,51.0,7833.0,74.26,73.5,74.26,73.4,3599.0
2010-01-07 00:00:00+00:00,50.0,8192.0,74.1,73.5,73.58,73.8,2914.0
2010-01-08 00:00:00+00:00,49.0,8462.0,73.69,73.3,73.69,73.01,1626.0
2010-01-11 00:00:00+00:00,46.0,8749.0,73.9,73.6,73.85,73.6,2026.0
2010-01-12 00:00:00+00:00,45.0,9292.0,74.7,73.75,73.75,74.4,4738.0
2010-01-13 00:00:00+00:00,44.0,9272.0,74.5,73.85,74.4,74.4,2236.0
2010-01-14 00:00:00+00:00,43.0,9776.0,74.99,74.49,74.49,74.9,3816.0
2010-01-15 00:00:00+00:00,42.0,10227.0,75.0,74.6,74.9,74.99,1771.0
2010-01-18 00:00:00+00:00,39.0,10037.0,74.85,74.55,74.85,74.8,1810.0
2010-01-19 00:00:00+00:00,38.0,10043.0,74.7,74.5,74.6,74.51,1873.0
2010-01-20 00:00:00+00:00,37.0,10252.0,74.96,74.5,74.5,74.96,2311.0
2010-01-21 00:00:00+00:00,36.0,10780.0,76.01,75.09,75.09,76.01,5024.0
2010-01-22 00:00:00+00:00,35.0,10323.0,76.6,76.1,76.1,76.59,3994.0
2010-01-25 00:00:00+00:00,35.0,10323.0,,,,76.59,
2010-01-26 00:00:00+00:00,31.0,10190.0,76.75,76.27,76.55,76.5,3500.0
2010-01-27 00:00:00+00:00,30.0,10158.0,76.49,75.95,76.49,76.03,3793.0
2010-01-28 00:00:00+00:00,29.0,10074.0,76.69,75.65,75.65,76.45,3532.0
2010-01-29 00:00:00+00:00,28.0,7925.0,76.84,76.25,76.63,76.55,3030.0
2010-02-01 00:00:00+00:00,58.0,7725.0,76.9,76.25,76.4,76.6,1809.0
2010-02-02 00:00:00+00:00,57.0,7948.0,76.6,75.7,76.49,75.6,3873.0
2010-02-03 00:00:00+00:00,56.0,7925.0,75.79,75.75,75.75,75.5,3008.0
2010-02-04 00:00:00+00:00,55.0,7586.0,75.7,75.7,75.7,75.6,3447.0
2010-02-05 00:00:00+00:00,54.0,7337.0,76.2,75.9,75.6,76.4,1936.0
2010-02-08 00:00:00+00:00,51.0,7513.0,76.5,76.31,76.31,76.28,1053.0
2010-02-09 00:00:00+00:00,50.0,8031.0,76.1,76.0,76.01,76.0,3435.0
2010-02-10 00:00:00+00:00,49.0,8695.0,75.57,75.35,75.57,75.5,3532.0
2010-02-11 00:00:00+00:00,48.0,8286.0,76.3,76.0,76.01,76.07,2868.0
2010-02-12 00:00:00+00:00,47.0,7968.0,76.0,75.7,75.7,75.85,1102.0
2010-02-15 00:00:00+00:00,47.0,7968.0,,,,75.85,
2010-02-16 00:00:00+00:00,47.0,7968.0,,,,75.85,
2010-02-17 00:00:00+00:00,42.0,7897.0,76.5,76.5,76.5,76.5,581.0
2010-02-18 00:00:00+00:00,41.0,8024.0,76.8,76.7,76.78,76.7,2406.0
2010-02-19 00:00:00+00:00,40.0,8474.0,76.75,76.6,76.71,77.0,2650.0
2010-02-22 00:00:00+00:00,37.0,8167.0,77.63,76.95,76.95,77.55,4452.0
2010-02-23 00:00:00+00:00,36.0,8658.0,78.3,77.66,77.66,78.12,4351.0
2010-02-24 00:00:00+00:00,35.0,8674.0,78.25,77.75,77.87,78.15,1866.0
2010-02-25 00:00:00+00:00,34.0,9187.0,78.84,78.0,78.25,78.73,2753.0
2010-02-26 00:00:00+00:00,33.0,8117.0,78.95,77.86,78.79,77.8,9221.0
2010-03-01 00:00:00+00:00,60.0,8518.0,78.39,77.3,77.62,77.36,2544.0
2010-03-02 00:00:00+00:00,59.0,8704.0,77.75,76.95,77.33,77.28,2746.0
2010-03-03 00:00:00+00:00,58.0,8933.0,77.45,76.9,77.39,77.34,2850.0
2010-03-04 00:00:00+00:00,57.0,9340.0,78.1,77.11,77.6,77.8,4042.0
2010-03-05 00:00:00+00:00,56.0,9492.0,78.5,77.61,77.85,78.49,3814.0
2010-03-08 00:00:00+00:00,53.0,9458.0,78.7,78.06,78.4,78.65,2872.0
2010-03-09 00:00:00+00:00,52.0,10831.0,78.8,78.16,78.53,78.46,4271.0
2010-03-10 00:00:00+00:00,51.0,10950.0,78.55,77.9,78.48,78.08,8743.0
2010-03-11 00:00:00+00:00,50.0,11149.0,78.4,77.65,78.07,77.74,3047.0
2010-03-12 00:00:00+00:00,49.0,11417.0,78.4,77.7,77.7,78.33,2198.0
2010-03-15 00:00:00+00:00,46.0,11248.0,78.57,78.0,78.32,78.49,1914.0
2010-03-16 00:00:00+00:00,45.0,12085.0,79.25,78.6,78.6,79.12,3981.0
2010-03-17 00:00:00+00:00,44.0,13326.0,79.65,79.0,79.0,79.14,3896.0
2010-03-18 00:00:00+00:00,43.0,13459.0,79.9,79.1,79.12,79.84,3526.0
2010-03-19 00:00:00+00:00,42.0,14017.0,80.3,79.7,79.8,80.11,4007.0
2010-03-22 00:00:00+00:00,39.0,14107.0,80.3,79.7,79.7,80.18,2733.0
2010-03-23 00:00:00+00:00,38.0,14283.0,80.3,79.8,80.2,80.09,2659.0
2010-03-24 00:00:00+00:00,37.0,14301.0,80.7,80.1,80.15,80.63,3889.0
2010-03-25 00:00:00+00:00,36.0,14408.0,81.15,80.51,80.51,81.04,4064.0
2010-03-26 00:00:00+00:00,35.0,14903.0,81.23,80.81,81.11,81.19,3703.0
2010-03-29 00:00:00+00:00,32.0,15389.0,81.2,80.82,81.1,80.85,4215.0
2010-03-30 00:00:00+00:00,31.0,15775.0,81.15,81.05,81.05,81.09,4213.0
2010-03-31 00:00:00+00:00,30.0,14770.0,81.17,81.11,81.13,81.22,5561.0
2010-04-01 00:00:00+00:00,60.0,15909.0,83.79,82.85,82.87,83.42,5153.0
2010-04-02 00:00:00+00:00,60.0,15909.0,,,,83.42,
2010-04-05 00:00:00+00:00,56.0,16636.0,84.5,83.45,83.45,84.33,3596.0
2010-04-06 00:00:00+00:00,55.0,17423.0,84.38,83.25,84.36,83.5,7607.0
2010-04-07 00:00:00+00:00,54.0,18621.0,84.0,83.1,83.5,83.35,5376.0
2010-04-08 00:00:00+00:00,53.0,18939.0,84.1,81.71,83.2,82.36,8823.0
2010-04-09 00:00:00+00:00,52.0,18965.0,82.36,81.15,82.36,81.5,9259.0
2010-04-12 00:00:00+00:00,49.0,18889.0,81.65,80.9,81.49,81.22,2231.0
2010-04-13 00:00:00+00:00,48.0,18889.0,82.48,81.3,81.35,82.15,4272.0
2010-04-14 00:00:00+00:00,47.0,19396.0,82.39,81.1,82.2,81.21,4124.0
2010-04-15 00:00:00+00:00,46.0,19165.0,81.6,81.03,81.3,81.17,4321.0
2010-04-16 00:00:00+00:00,45.0,19458.0,81.35,80.42,81.2,80.81,4845.0
2010-04-19 00:00:00+00:00,42.0,19226.0,81.9,80.5,80.91,81.62,3307.0
2010-04-20 00:00:00+00:00,41.0,19446.0,82.45,81.75,81.75,82.0,4204.0
2010-04-21 00:00:00+00:00,41.0,19446.0,,,,82.0,
2010-04-22 00:00:00+00:00,39.0,20083.0,82.05,80.55,82.05,80.62,3464.0
2010-04-23 00:00:00+00:00,38.0,20066.0,81.0,80.01,80.38,80.41,3315.0
2010-04-26 00:00:00+00:00,35.0,20363.0,81.0,80.13,80.31,80.24,1879.0
2010-04-27 00:00:00+00:00,34.0,20528.0,80.75,80.28,80.4,80.7,3071.0
2010-04-28 00:00:00+00:00,33.0,20478.0,80.65,80.05,80.6,80.12,2082.0
2010-04-29 00:00:00+00:00,32.0,20845.0,80.49,79.85,80.09,80.34,3073.0
2010-04-30 00:00:00+00:00,31.0,19896.0,81.2,79.9,80.45,81.15,2313.0
2010-05-03 00:00:00+00:00,58.0,19635.0,82.32,82.32,82.32,82.32,1364.0
2010-05-04 00:00:00+00:00,57.0,19928.0,82.02,81.51,82.02,81.67,4245.0
2010-05-05 00:00:00+00:00,56.0,20106.0,81.6,80.7,81.6,80.73,4618.0
2010-05-06 00:00:00+00:00,55.0,20438.0,80.56,80.5,80.55,80.5,3787.0
2010-05-07 00:00:00+00:00,54.0,20094.0,81.7,81.0,81.0,81.32,2450.0
2010-05-10 00:00:00+00:00,51.0,20866.0,81.05,80.7,81.03,80.8,2327.0
2010-05-11 00:00:00+00:00,50.0,20199.0,81.2,80.5,80.6,81.1,3239.0
2010-05-12 00:00:00+00:00,49.0,20254.0,81.5,81.0,81.09,81.21,2014.0
2010-05-13 00:00:00+00:00,48.0,21655.0,80.88,80.5,80.6,80.5,4342.0
2010-05-14 00:00:00+00:00,47.0,21871.0,80.5,80.2,80.2,80.31,1074.0
2010-05-17 00:00:00+00:00,44.0,21924.0,80.8,80.0,80.3,80.55,2154.0
2010-05-18 00:00:00+00:00,43.0,22641.0,81.59,80.4,80.55,81.46,4571.0
2010-05-19 00:00:00+00:00,42.0,22518.0,81.8,81.6,81.6,81.65,3146.0
2010-05-20 00:00:00+00:00,41.0,22913.0,82.2,81.91,81.95,82.18,4846.0
2010-05-21 00:00:00+00:00,40.0,22964.0,82.3,82.0,82.0,82.28,2500.0
2010-05-24 00:00:00+00:00,37.0,23267.0,82.4,82.0,82.0,82.19,1497.0
2010-05-25 00:00:00+00:00,36.0,23377.0,82.3,81.6,82.3,82.0,2506.0
2010-05-26 00:00:00+00:00,35.0,23437.0,82.6,82.2,82.31,82.32,5655.0
2010-05-27 00:00:00+00:00,34.0,24021.0,82.75,82.1,82.2,82.68,3009.0
2010-05-28 00:00:00+00:00,33.0,24523.0,83.0,82.2,82.8,82.28,3192.0
2010-05-31 00:00:00+00:00,30.0,22132.0,82.25,81.9,82.19,81.94,3696.0
2010-06-01 00:00:00+00:00,59.0,22255.0,83.16,82.51,82.6,83.06,3101.0
2010-06-02 00:00:00+00:00,58.0,22703.0,83.6,82.95,83.0,83.59,2890.0
2010-06-03 00:00:00+00:00,58.0,22703.0,,,,83.59,
2010-06-04 00:00:00+00:00,56.0,23226.0,83.5,82.7,83.49,83.04,2043.0
2010-06-07 00:00:00+00:00,53.0,23215.0,82.98,82.46,82.46,82.8,1507.0
2010-06-08 00:00:00+00:00,52.0,23275.0,83.05,82.67,82.67,82.71,1805.0
2010-06-09 00:00:00+00:00,51.0,23683.0,83.3,82.7,82.7,83.19,2819.0
2010-06-10 00:00:00+00:00,50.0,23771.0,83.05,82.62,82.93,82.68,2440.0
2010-06-11 00:00:00+00:00,49.0,23953.0,82.7,82.5,82.62,82.62,958.0
2010-06-14 00:00:00+00:00,46.0,23966.0,83.05,82.4,82.51,83.0,975.0
2010-06-15 00:00:00+00:00,45.0,24395.0,83.5,83.2,83.2,83.4,2543.0
2010-06-16 00:00:00+00:00,44.0,24270.0,83.49,82.82,82.82,83.37,1617.0
2010-06-17 00:00:00+00:00,43.0,24497.0,83.5,83.04,83.5,83.06,1184.0
2010-06-18 00:00:00+00:00,42.0,24726.0,83.5,82.9,83.01,83.26,1237.0
2010-06-21 00:00:00+00:00,39.0,24670.0,83.69,83.3,83.31,83.47,1427.0
2010-06-22 00:00:00+00:00,38.0,25064.0,83.95,83.6,83.6,83.87,2533.0
2010-06-23 00:00:00+00:00,37.0,25575.0,84.3,83.62,83.87,83.99,3590.0
2010-06-24 00:00:00+00:00,36.0,25674.0,84.25,83.75,84.09,83.87,1736.0
2010-06-25 00:00:00+00:00,35.0,25939.0,84.25,83.65,83.65,84.11,1542.0
2010-06-28 00:00:00+00:00,32.0,26053.0,84.35,84.1,84.15,84.24,1251.0
2010-06-29 00:00:00+00:00,31.0,26406.0,84.3,84.06,84.06,84.28,2878.0
2010-06-30 00:00:00+00:00,30.0,24607.0,84.6,84.3,84.34,84.32,2614.0
2010-07-01 00:00:00+00:00,61.0,24922.0,84.75,84.6,84.6,84.65,2109.0
2010-07-02 00:00:00+00:00,60.0,25109.0,84.65,84.2,84.65,84.25,1954.0
2010-07-05 00:00:00+00:00,57.0,25602.0,84.0,83.56,84.0,83.57,2943.0
2010-07-06 00:00:00+00:00,56.0,25762.0,83.85,83.5,83.54,83.79,2554.0
2010-07-07 00:00:00+00:00,55.0,25607.0,83.7,83.3,83.7,83.34,1817.0
2010-07-08 00:00:00+00:00,54.0,26755.0,83.4,83.0,83.3,83.38,5378.0
2010-07-09 00:00:00+00:00,54.0,26755.0,,,,83.38,
2010-07-12 00:00:00+00:00,50.0,27047.0,83.85,83.49,83.54,83.73,1512.0
2010-07-13 00:00:00+00:00,49.0,27198.0,84.0,83.65,83.65,84.0,3082.0
2010-07-14 00:00:00+00:00,48.0,28159.0,84.45,84.0,84.0,84.2,4275.0
2010-07-15 00:00:00+00:00,47.0,28613.0,84.35,84.0,84.26,84.11,2027.0
2010-07-16 00:00:00+00:00,46.0,28643.0,84.1,83.8,84.0,84.1,1231.0
2010-07-19 00:00:00+00:00,43.0,28896.0,84.3,84.04,84.04,84.27,1595.0
2010-07-20 00:00:00+00:00,42.0,28617.0,84.8,84.45,84.45,84.78,4500.0
2010-07-21 00:00:00+00:00,41.0,27964.0,85.49,85.0,85.0,85.45,3810.0
2010-07-22 00:00:00+00:00,40.0,28487.0,85.55,85.0,85.5,85.44,3941.0
2010-07-23 00:00:00+00:00,39.0,28981.0,86.2,85.45,85.45,86.15,2757.0
2010-07-26 00:00:00+00:00,36.0,30078.0,86.7,86.2,86.2,86.55,4452.0
2010-07-27 00:00:00+00:00,35.0,30344.0,86.84,86.35,86.49,86.7,2948.0
2010-07-28 00:00:00+00:00,34.0,30882.0,86.5,85.6,86.49,85.78,8721.0
2010-07-29 00:00:00+00:00,33.0,30959.0,86.29,85.4,85.91,85.66,4734.0
2010-07-30 00:00:00+00:00,32.0,28249.0,86.4,85.85,86.2,86.0,4730.0
2010-08-02 00:00:00+00:00,59.0,28556.0,86.1,85.85,86.1,86.07,3553.0
2010-08-03 00:00:00+00:00,58.0,29340.0,86.3,85.8,86.1,86.1,4734.0
2010-08-04 00:00:00+00:00,57.0,30031.0,86.22,86.05,86.22,86.05,3376.0
2010-08-05 00:00:00+00:00,56.0,30472.0,86.44,86.0,86.0,86.4,3446.0
2010-08-06 00:00:00+00:00,55.0,31077.0,86.7,86.1,86.4,86.17,4719.0
2010-08-09 00:00:00+00:00,52.0,31701.0,86.9,86.55,86.7,86.85,5076.0
2010-08-10 00:00:00+00:00,51.0,32595.0,87.8,87.0,87.0,87.57,4698.0
2010-08-11 00:00:00+00:00,50.0,33276.0,87.69,87.49,87.65,87.54,3186.0
2010-08-12 00:00:00+00:00,49.0,33948.0,87.98,87.6,87.6,87.93,3513.0
2010-08-13 00:00:00+00:00,48.0,34265.0,89.0,87.6,87.9,88.79,6703.0
2010-08-16 00:00:00+00:00,45.0,35222.0,90.05,88.72,88.85,89.67,4622.0
2010-08-17 00:00:00+00:00,44.0,35388.0,89.51,88.8,89.42,88.85,6181.0
2010-08-18 00:00:00+00:00,43.0,35546.0,90.0,89.1,89.1,89.92,761.0
2010-08-19 00:00:00+00:00,42.0,35982.0,90.92,90.3,90.3,90.89,565.0
2010-08-20 00:00:00+00:00,41.0,36560.0,91.1,90.45,90.58,90.8,193.0
2010-08-23 00:00:00+00:00,38.0,37319.0,91.9,90.52,90.52,91.56,910.0
2010-08-24 00:00:00+00:00,37.0,38154.0,92.23,90.85,91.8,90.93,210.0
2010-08-25 00:00:00+00:00,36.0,39184.0,91.25,89.85,91.15,90.19,496.0
2010-08-26 00:00:00+00:00,35.0,38468.0,91.19,90.1,90.21,91.08,1504.0
2010-08-27 00:00:00+00:00,34.0,39664.0,92.6,91.65,92.1,92.3,105.0
2010-08-30 00:00:00+00:00,31.0,40094.0,92.45,92.05,92.15,92.3,709.0
2010-08-31 00:00:00+00:00,30.0,38428.0,92.79,91.5,91.9,92.72,4992.0
2010-09-01 00:00:00+00:00,58.0,37769.0,92.95,92.36,92.39,92.9,3435.0
2010-09-02 00:00:00+00:00,57.0,37109.0,93.4,91.9,93.3,92.66,572.0
2010-09-03 00:00:00+00:00,56.0,37763.0,92.75,91.82,92.75,92.45,402.0
2010-09-06 00:00:00+00:00,53.0,37965.0,92.8,92.4,92.5,92.69,317.0
2010-09-07 00:00:00+00:00,53.0,37965.0,,,,92.69,
2010-09-08 00:00:00+00:00,51.0,38101.0,93.5,92.75,92.95,93.33,562.0
2010-09-09 00:00:00+00:00,50.0,38945.0,93.49,93.17,93.4,93.22,959.0
2010-09-10 00:00:00+00:00,49.0,39434.0,93.58,93.0,93.49,93.12,527.0
2010-09-13 00:00:00+00:00,46.0,39713.0,93.78,93.15,93.3,93.65,286.0
2010-09-14 00:00:00+00:00,45.0,39622.0,93.9,93.15,93.2,93.63,917.0
2010-09-15 00:00:00+00:00,44.0,39226.0,93.25,91.75,93.0,92.03,818.0
2010-09-16 00:00:00+00:00,43.0,39898.0,92.7,92.25,92.25,92.47,2060.0
2010-09-17 00:00:00+00:00,42.0,40178.0,92.9,92.1,92.6,92.4,782.0
2010-09-20 00:00:00+00:00,39.0,40115.0,92.68,91.05,92.68,91.17,454.0
2010-09-21 00:00:00+00:00,38.0,40016.0,91.7,90.8,91.35,91.68,522.0
2010-09-22 00:00:00+00:00,37.0,40871.0,92.95,92.2,92.49,92.84,643.0
2010-09-23 00:00:00+00:00,36.0,40788.0,93.1,92.41,92.84,93.01,405.0
2010-09-24 00:00:00+00:00,35.0,39720.0,93.55,92.7,92.7,93.42,165.0
2010-09-27 00:00:00+00:00,32.0,40009.0,93.69,92.36,93.09,92.53,203.0
2010-09-28 00:00:00+00:00,31.0,39739.0,92.9,91.9,92.65,92.85,498.0
2010-09-29 00:00:00+00:00,30.0,39178.0,92.9,92.22,92.9,92.41,2094.0
2010-09-30 00:00:00+00:00,29.0,37344.0,93.25,92.7,92.8,92.95,480.0
2010-10-01 00:00:00+00:00,60.0,37811.0,94.2,93.6,94.1,93.67,321.0
2010-10-04 00:00:00+00:00,57.0,38262.0,93.7,93.35,93.54,93.58,191.0
2010-10-05 00:00:00+00:00,56.0,37275.0,94.2,93.7,93.85,94.15,1064.0
2010-10-06 00:00:00+00:00,55.0,35485.0,95.5,94.5,94.65,95.35,576.0
2010-10-07 00:00:00+00:00,54.0,34864.0,96.0,94.95,95.4,95.76,1179.0
2010-10-08 00:00:00+00:00,53.0,32730.0,96.9,95.8,96.0,96.77,200.0
2010-10-11 00:00:00+00:00,50.0,32492.0,97.25,96.81,97.0,97.14,617.0
2010-10-12 00:00:00+00:00,49.0,32492.0,,,,97.14,
2010-10-13 00:00:00+00:00,48.0,30297.0,98.4,97.4,97.5,98.01,458.0
2010-10-14 00:00:00+00:00,47.0,29935.0,99.0,97.8,98.05,98.78,1381.0
2010-10-15 00:00:00+00:00,46.0,28353.0,101.8,99.1,99.1,100.71,539.0
2010-10-18 00:00:00+00:00,43.0,28534.0,102.3,100.81,100.81,102.2,1139.0
2010-10-19 00:00:00+00:00,42.0,27601.0,103.0,101.72,102.56,102.03,647.0
2010-10-20 00:00:00+00:00,41.0,27448.0,103.97,102.25,102.95,103.86,801.0
2010-10-21 00:00:00+00:00,40.0,27513.0,104.65,103.1,103.7,104.1,449.0
2010-10-22 00:00:00+00:00,39.0,28500.0,107.25,104.9,104.9,106.79,1010.0
2010-10-25 00:00:00+00:00,36.0,28289.0,108.75,106.53,106.9,108.41,1026.0
2010-10-26 00:00:00+00:00,35.0,29375.0,110.0,106.8,108.98,108.49,994.0
2010-10-27 00:00:00+00:00,34.0,29843.0,109.65,107.6,109.55,108.48,1750.0
2010-10-28 00:00:00+00:00,33.0,30542.0,110.4,108.1,110.0,108.29,8997.0
2010-10-29 00:00:00+00:00,32.0,18248.0,109.48,107.61,108.2,109.41,570.0
2010-11-01 00:00:00+00:00,59.0,18748.0,106.65,105.01,106.2,106.4,3599.0
2010-11-02 00:00:00+00:00,59.0,18748.0,,,,106.4,
2010-11-03 00:00:00+00:00,57.0,20459.0,109.0,106.5,106.5,108.76,5951.0
2010-11-04 00:00:00+00:00,56.0,20734.0,109.5,106.0,108.76,107.89,334.0
2010-11-05 00:00:00+00:00,55.0,20911.0,109.25,108.2,109.2,108.65,1908.0
2010-11-08 00:00:00+00:00,52.0,21203.0,111.7,108.9,109.63,111.44,3526.0
2010-11-09 00:00:00+00:00,51.0,22861.0,113.5,110.81,112.0,112.38,2184.0
2010-11-10 00:00:00+00:00,50.0,24005.0,112.15,108.8,111.9,110.38,12634.0
2010-11-11 00:00:00+00:00,49.0,24935.0,108.0,106.52,107.6,106.52,9270.0
2010-11-12 00:00:00+00:00,48.0,25000.0,107.3,102.8,107.3,102.8,7406.0
2010-11-15 00:00:00+00:00,48.0,25000.0,,,,102.8,
2010-11-16 00:00:00+00:00,44.0,22744.0,103.5,100.0,100.1,102.16,1187.0
2010-11-17 00:00:00+00:00,43.0,22739.0,104.2,98.59,102.5,98.59,1677.0
2010-11-18 00:00:00+00:00,42.0,20971.0,99.7,95.25,99.7,96.14,1352.0
2010-11-19 00:00:00+00:00,41.0,19880.0,99.5,95.01,95.1,99.5,1133.0
2010-11-22 00:00:00+00:00,38.0,20623.0,100.15,97.4,99.0,99.75,2861.0
2010-11-23 00:00:00+00:00,37.0,19617.0,103.15,99.7,102.0,101.11,11456.0
2010-11-24 00:00:00+00:00,36.0,19442.0,101.8,100.4,101.8,101.37,4862.0
2010-11-25 00:00:00+00:00,35.0,19490.0,101.85,98.0,101.5,98.24,6574.0
2010-11-26 00:00:00+00:00,34.0,18881.0,99.2,96.6,98.1,97.65,4983.0
2010-11-29 00:00:00+00:00,31.0,18423.0,99.0,96.8,98.89,97.95,4264.0
2010-11-30 00:00:00+00:00,30.0,11762.0,99.0,96.13,97.7,96.7,6138.0
2010-12-01 00:00:00+00:00,61.0,12175.0,94.0,91.8,91.8,92.45,2506.0
2010-12-02 00:00:00+00:00,60.0,12085.0,93.0,92.15,92.54,92.35,2954.0
2010-12-03 00:00:00+00:00,59.0,12128.0,92.9,92.0,92.85,92.64,3096.0
2010-12-06 00:00:00+00:00,56.0,11605.0,95.68,92.6,92.64,94.92,5263.0
2010-12-07 00:00:00+00:00,55.0,11785.0,96.0,94.0,95.3,95.0,4508.0
2010-12-08 00:00:00+00:00,54.0,10800.0,96.2,95.0,95.0,96.01,7880.0
2010-12-09 00:00:00+00:00,53.0,10371.0,98.0,96.49,96.49,97.86,4491.0
2010-12-10 00:00:00+00:00,52.0,10405.0,98.5,97.0,98.4,97.38,4419.0
2010-12-13 00:00:00+00:00,49.0,9550.0,98.49,97.0,97.5,98.2,3361.0
2010-12-14 00:00:00+00:00,48.0,9661.0,98.9,98.02,98.2,98.44,4570.0
2010-12-15 00:00:00+00:00,47.0,9778.0,98.0,96.0,98.0,96.42,5591.0
2010-12-16 00:00:00+00:00,46.0,9547.0,97.3,96.4,96.5,97.3,2584.0
2010-12-17 00:00:00+00:00,45.0,9677.0,98.0,97.3,97.32,97.9,2344.0
2010-12-20 00:00:00+00:00,42.0,10163.0,97.8,96.5,96.5,97.57,2219.0
2010-12-21 00:00:00+00:00,41.0,10500.0,99.0,97.3,97.3,98.48,1761.0
2010-12-22 00:00:00+00:00,40.0,10254.0,98.7,97.2,98.2,98.65,3279.0
2010-12-23 00:00:00+00:00,39.0,10022.0,98.95,98.3,98.3,98.75,1484.0
2010-12-24 00:00:00+00:00,39.0,10022.0,,,,98.75,
2010-12-27 00:00:00+00:00,35.0,10351.0,100.5,99.15,99.15,100.5,1963.0
2010-12-28 00:00:00+00:00,34.0,10278.0,100.3,99.3,100.3,99.75,1293.0
2010-12-29 00:00:00+00:00,33.0,10513.0,99.65,98.15,99.65,98.5,1339.0
2010-12-30 00:00:00+00:00,32.0,4478.0,99.2,98.5,98.75,93.87,349.0
2010-12-31 00:00:00+00:00,32.0,4478.0,,,,93.87,
2011-01-03 00:00:00+00:00,56.0,4541.0,95.76,95.76,95.76,95.76,1540.0
2011-01-04 00:00:00+00:00,55.0,5096.0,96.0,96.0,96.0,96.0,2407.0
2011-01-05 00:00:00+00:00,54.0,5555.0,97.09,96.82,96.82,97.0,2253.0
2011-01-06 00:00:00+00:00,53.0,5563.0,96.7,96.7,96.7,96.25,2474.0
2011-01-07 00:00:00+00:00,52.0,5242.0,98.01,96.5,96.5,98.01,3060.0
2011-01-10 00:00:00+00:00,49.0,5598.0,99.2,98.76,98.76,99.2,1628.0
2011-01-11 00:00:00+00:00,48.0,5294.0,99.75,99.0,99.64,99.3,3054.0
2011-01-12 00:00:00+00:00,47.0,5967.0,99.2,98.6,98.69,98.9,3488.0
2011-01-13 00:00:00+00:00,46.0,5993.0,98.92,98.1,98.1,98.5,2785.0
2011-01-14 00:00:00+00:00,45.0,6436.0,99.45,99.0,99.09,99.35,3384.0
2011-01-17 00:00:00+00:00,42.0,6760.0,99.5,99.35,99.4,99.5,251.0
2011-01-18 00:00:00+00:00,41.0,7375.0,99.3,98.8,99.1,99.3,172.0
2011-01-19 00:00:00+00:00,40.0,7614.0,101.0,99.71,99.71,101.0,450.0
2011-01-20 00:00:00+00:00,39.0,7696.0,101.49,100.8,100.8,101.35,525.0
2011-01-21 00:00:00+00:00,38.0,7686.0,101.2,100.2,100.51,100.85,2365.0
2011-01-24 00:00:00+00:00,35.0,7951.0,101.49,100.8,100.8,101.25,1479.0
2011-01-25 00:00:00+00:00,35.0,7951.0,,,,101.25,
2011-01-26 00:00:00+00:00,33.0,8658.0,101.7,100.75,100.85,101.52,3339.0
2011-01-27 00:00:00+00:00,32.0,9075.0,101.3,100.45,101.18,100.45,2376.0
2011-01-28 00:00:00+00:00,31.0,9375.0,101.2,99.8,99.99,101.13,2722.0
2011-01-31 00:00:00+00:00,28.0,5701.0,102.2,101.3,101.3,101.99,1930.0
2011-02-01 00:00:00+00:00,58.0,6074.0,100.1,100.0,100.01,100.35,2290.0
2011-02-02 00:00:00+00:00,57.0,6813.0,100.0,100.0,100.0,100.19,787.0
2011-02-03 00:00:00+00:00,56.0,7538.0,100.75,100.75,100.75,100.75,788.0
2011-02-04 00:00:00+00:00,55.0,7719.0,100.5,100.5,100.5,100.5,2391.0
2011-02-07 00:00:00+00:00,52.0,7786.0,100.79,100.79,100.79,100.79,1952.0
2011-02-08 00:00:00+00:00,51.0,8046.0,101.02,100.9,101.01,100.89,2013.0
2011-02-09 00:00:00+00:00,50.0,8285.0,101.37,100.79,100.79,101.2,374.0
2011-02-10 00:00:00+00:00,49.0,8184.0,101.51,101.5,101.5,101.87,669.0
2011-02-11 00:00:00+00:00,48.0,8285.0,101.98,101.8,101.8,101.98,1105.0
2011-02-14 00:00:00+00:00,45.0,8424.0,102.68,102.0,102.0,102.46,1454.0
2011-02-15 00:00:00+00:00,44.0,8123.0,103.49,102.79,102.79,103.2,3698.0
2011-02-16 00:00:00+00:00,43.0,8501.0,103.1,102.55,103.1,102.55,3145.0
2011-02-17 00:00:00+00:00,42.0,8885.0,103.05,102.3,102.41,103.05,3083.0
2011-02-18 00:00:00+00:00,41.0,8310.0,103.85,103.25,103.25,103.82,3625.0
2011-02-21 00:00:00+00:00,38.0,9025.0,103.93,103.4,103.75,103.85,3383.0
2011-02-22 00:00:00+00:00,37.0,9987.0,104.29,104.0,104.05,104.1,3815.0
2011-02-23 00:00:00+00:00,36.0,10170.0,104.19,103.6,104.05,103.75,3923.0
2011-02-24 00:00:00+00:00,35.0,10603.0,104.0,103.6,103.99,103.85,3589.0
2011-02-25 00:00:00+00:00,34.0,11034.0,104.14,103.6,103.88,103.99,2261.0
2011-02-28 00:00:00+00:00,31.0,9117.0,103.9,103.4,103.9,103.45,1971.0
2011-03-01 00:00:00+00:00,59.0,8968.0,101.5,101.5,101.5,101.5,2327.0
2011-03-02 00:00:00+00:00,58.0,8859.0,101.19,101.0,101.0,101.19,2754.0
2011-03-03 00:00:00+00:00,57.0,8951.0,101.0,100.89,100.89,101.0,2378.0
2011-03-04 00:00:00+00:00,56.0,9114.0,100.95,100.9,100.95,100.96,1214.0
2011-03-07 00:00:00+00:00,56.0,9114.0,,,,100.96,
2011-03-08 00:00:00+00:00,56.0,9114.0,,,,100.96,
2011-03-09 00:00:00+00:00,51.0,8969.0,101.99,101.35,101.35,101.85,1268.0
2011-03-10 00:00:00+00:00,50.0,9076.0,102.9,102.08,102.08,102.9,2319.0
2011-03-11 00:00:00+00:00,49.0,9212.0,103.13,102.85,102.9,103.1,1369.0
2011-03-14 00:00:00+00:00,46.0,9473.0,103.48,103.05,103.3,103.2,2310.0
2011-03-15 00:00:00+00:00,45.0,10260.0,102.81,102.5,102.81,102.74,3474.0
2011-03-16 00:00:00+00:00,44.0,10063.0,103.1,102.76,103.03,102.96,2757.0
2011-03-17 00:00:00+00:00,43.0,10898.0,102.75,102.42,102.72,102.58,2201.0
2011-03-18 00:00:00+00:00,42.0,11364.0,103.2,102.8,102.9,103.12,2568.0
2011-03-21 00:00:00+00:00,39.0,11799.0,103.35,102.95,103.35,102.93,2561.0
2011-03-22 00:00:00+00:00,38.0,12787.0,102.8,102.1,102.8,102.29,3466.0
2011-03-23 00:00:00+00:00,37.0,12297.0,103.0,102.35,102.35,102.79,3776.0
2011-03-24 00:00:00+00:00,36.0,12373.0,102.5,102.25,102.32,102.32,2548.0
2011-03-25 00:00:00+00:00,35.0,12311.0,102.99,102.46,102.63,102.46,3218.0
2011-03-28 00:00:00+00:00,32.0,12259.0,102.1,101.85,102.0,101.93,2437.0
2011-03-29 00:00:00+00:00,31.0,11773.0,101.93,101.03,101.93,101.2,3555.0
2011-03-30 00:00:00+00:00,30.0,12375.0,101.54,101.0,101.2,101.0,2608.0
2011-03-31 00:00:00+00:00,29.0,9898.0,102.25,101.3,101.3,102.12,4435.0
2011-04-01 00:00:00+00:00,60.0,10326.0,100.2,99.8,100.0,100.1,1918.0
2011-04-04 00:00:00+00:00,57.0,10664.0,100.6,99.75,99.75,100.37,1893.0
2011-04-05 00:00:00+00:00,56.0,11513.0,100.7,99.9,100.6,100.1,3857.0
2011-04-06 00:00:00+00:00,55.0,11867.0,100.55,100.1,100.1,100.2,1333.0
2011-04-07 00:00:00+00:00,54.0,11438.0,100.8,100.3,100.5,100.7,2939.0
2011-04-08 00:00:00+00:00,53.0,12234.0,101.1,100.3,100.5,101.08,2707.0
2011-04-11 00:00:00+00:00,50.0,12308.0,101.85,101.0,101.1,101.5,1842.0
2011-04-12 00:00:00+00:00,49.0,12664.0,102.13,101.48,101.48,102.09,3132.0
2011-04-13 00:00:00+00:00,48.0,13434.0,102.1,101.6,102.1,101.73,2459.0
2011-04-14 00:00:00+00:00,47.0,13409.0,102.38,101.85,101.89,102.38,3160.0
2011-04-15 00:00:00+00:00,46.0,12949.0,102.64,102.11,102.39,102.6,3002.0
2011-04-18 00:00:00+00:00,43.0,12938.0,103.2,102.6,102.69,103.04,3187.0
2011-04-19 00:00:00+00:00,42.0,13635.0,103.0,102.6,103.0,102.84,4555.0
2011-04-20 00:00:00+00:00,41.0,13278.0,103.7,102.99,103.0,103.25,2631.0
2011-04-21 00:00:00+00:00,41.0,13278.0,,,,103.25,
2011-04-22 00:00:00+00:00,41.0,13278.0,,,,103.25,
2011-04-25 00:00:00+00:00,36.0,13972.0,103.35,102.33,103.2,102.5,3620.0
2011-04-26 00:00:00+00:00,35.0,14157.0,102.9,102.62,102.8,102.63,2276.0
2011-04-27 00:00:00+00:00,34.0,15414.0,102.16,101.0,102.11,101.2,8095.0
2011-04-28 00:00:00+00:00,33.0,15756.0,101.69,100.56,101.6,101.1,4712.0
2011-04-29 00:00:00+00:00,32.0,13989.0,101.35,100.51,101.0,100.8,3474.0
2011-05-02 00:00:00+00:00,59.0,14230.0,100.7,100.7,100.7,100.7,1858.0
2011-05-03 00:00:00+00:00,58.0,14442.0,101.1,101.0,101.05,101.0,2184.0
2011-05-04 00:00:00+00:00,57.0,15358.0,100.2,99.5,100.0,100.2,5671.0
2011-05-05 00:00:00+00:00,56.0,15506.0,100.14,100.14,100.14,100.14,3605.0
2011-05-06 00:00:00+00:00,55.0,16048.0,100.1,98.8,100.1,98.8,3938.0
2011-05-09 00:00:00+00:00,52.0,16723.0,100.0,98.9,99.0,100.0,3412.0
2011-05-10 00:00:00+00:00,51.0,16959.0,101.0,100.0,100.0,100.6,3516.0
2011-05-11 00:00:00+00:00,50.0,17412.0,100.4,99.8,100.4,99.8,696.0
2011-05-12 00:00:00+00:00,49.0,17423.0,99.61,99.05,99.5,99.45,4101.0
2011-05-13 00:00:00+00:00,48.0,17647.0,99.44,98.3,99.4,98.4,445.0
2011-05-16 00:00:00+00:00,45.0,17219.0,99.0,98.01,98.89,98.3,216.0
2011-05-17 00:00:00+00:00,44.0,16979.0,98.7,97.8,98.6,98.0,316.0
2011-05-18 00:00:00+00:00,43.0,16640.0,98.19,97.5,97.79,97.85,205.0
2011-05-19 00:00:00+00:00,42.0,17158.0,99.4,98.3,98.3,99.26,617.0
2011-05-20 00:00:00+00:00,41.0,18420.0,101.0,99.0,99.2,99.5,1037.0
2011-05-23 00:00:00+00:00,38.0,18679.0,99.9,98.4,99.9,98.44,814.0
2011-05-24 00:00:00+00:00,37.0,19142.0,98.4,97.8,98.4,97.82,6940.0
2011-05-25 00:00:00+00:00,36.0,18738.0,99.2,98.0,98.0,99.2,4257.0
2011-05-26 00:00:00+00:00,35.0,19266.0,99.7,98.87,99.7,99.29,4752.0
2011-05-27 00:00:00+00:00,34.0,18891.0,100.45,99.7,99.7,100.17,458.0
2011-05-30 00:00:00+00:00,31.0,18402.0,99.82,99.6,99.8,99.68,162.0
2011-05-31 00:00:00+00:00,30.0,14273.0,99.15,97.9,99.15,98.0,344.0
2011-06-01 00:00:00+00:00,58.0,14653.0,100.05,99.3,99.3,100.05,426.0
2011-06-02 00:00:00+00:00,57.0,16005.0,99.28,98.4,99.18,98.66,254.0
2011-06-03 00:00:00+00:00,56.0,16044.0,99.24,98.5,98.5,99.21,511.0
2011-06-06 00:00:00+00:00,53.0,16471.0,99.5,99.0,99.41,99.3,472.0
2011-06-07 00:00:00+00:00,52.0,16376.0,100.2,99.45,99.5,100.2,185.0
2011-06-08 00:00:00+00:00,51.0,15895.0,100.2,99.7,99.75,100.2,321.0
2011-06-09 00:00:00+00:00,50.0,16515.0,99.85,99.2,99.85,99.55,434.0
2011-06-10 00:00:00+00:00,49.0,17201.0,99.0,98.6,98.98,98.82,507.0
2011-06-13 00:00:00+00:00,46.0,17301.0,98.9,98.7,98.7,98.78,511.0
2011-06-14 00:00:00+00:00,45.0,17535.0,98.49,97.8,98.49,98.0,812.0
2011-06-15 00:00:00+00:00,44.0,17423.0,99.1,97.98,97.98,98.8,186.0
2011-06-16 00:00:00+00:00,43.0,17846.0,99.1,98.41,98.5,98.41,566.0
2011-06-17 00:00:00+00:00,42.0,17892.0,98.4,97.6,98.4,97.75,576.0
2011-06-20 00:00:00+00:00,39.0,18025.0,97.7,97.2,97.2,97.4,452.0
2011-06-21 00:00:00+00:00,38.0,17340.0,98.62,96.9,97.0,98.62,199.0
2011-06-22 00:00:00+00:00,37.0,16257.0,99.8,98.75,98.75,99.19,117.0
2011-06-23 00:00:00+00:00,37.0,16257.0,,,,99.19,
2011-06-24 00:00:00+00:00,35.0,16260.0,99.9,99.5,99.7,99.6,235.0
2011-06-27 00:00:00+00:00,32.0,15684.0,100.0,99.6,100.0,99.79,696.0
2011-06-28 00:00:00+00:00,31.0,15583.0,100.0,99.35,99.6,99.5,351.0
2011-06-29 00:00:00+00:00,30.0,16025.0,100.0,99.55,99.55,99.65,601.0
2011-06-30 00:00:00+00:00,29.0,14975.0,99.65,99.0,99.65,99.0,5548.0
2011-07-01 00:00:00+00:00,61.0,14952.0,101.0,100.49,100.49,101.01,614.0
2011-07-04 00:00:00+00:00,58.0,14917.0,101.5,101.0,101.0,101.54,829.0
2011-07-05 00:00:00+00:00,57.0,14495.0,102.0,101.4,101.5,101.62,7034.0
2011-07-06 00:00:00+00:00,56.0,14899.0,101.95,101.0,101.7,101.1,4314.0
2011-07-07 00:00:00+00:00,55.0,14151.0,102.45,100.8,100.88,102.45,7141.0
2011-07-08 00:00:00+00:00,54.0,14666.0,102.0,101.15,102.0,101.2,3953.0
2011-07-11 00:00:00+00:00,51.0,14718.0,101.7,101.0,101.0,101.41,2761.0
2011-07-12 00:00:00+00:00,50.0,15034.0,102.15,101.6,101.6,102.02,4674.0
2011-07-13 00:00:00+00:00,49.0,15576.0,102.01,101.6,101.99,101.89,3529.0
2011-07-14 00:00:00+00:00,48.0,16471.0,102.5,101.81,102.25,102.38,4467.0
2011-07-15 00:00:00+00:00,47.0,17328.0,102.85,102.4,102.4,102.85,2620.0
2011-07-18 00:00:00+00:00,44.0,18020.0,103.4,102.99,102.99,103.25,3580.0
2011-07-19 00:00:00+00:00,43.0,18046.0,103.4,103.1,103.25,103.1,1711.0
2011-07-20 00:00:00+00:00,42.0,18238.0,104.2,103.2,103.2,104.1,1255.0
2011-07-21 00:00:00+00:00,41.0,18921.0,104.38,103.78,103.8,104.19,458.0
2011-07-22 00:00:00+00:00,40.0,19325.0,104.99,104.22,104.39,104.97,5571.0
2011-07-25 00:00:00+00:00,37.0,20523.0,104.6,104.31,104.6,104.6,268.0
2011-07-26 00:00:00+00:00,36.0,19914.0,104.5,104.0,104.5,104.15,361.0
2011-07-27 00:00:00+00:00,35.0,20145.0,104.95,104.15,104.3,104.78,847.0
2011-07-28 00:00:00+00:00,34.0,20097.0,105.3,104.9,104.9,105.0,742.0
2011-07-29 00:00:00+00:00,33.0,18921.0,105.0,104.0,104.8,104.5,1319.0
2011-08-01 00:00:00+00:00,60.0,18704.0,106.2,105.1,106.2,105.2,4671.0
2011-08-02 00:00:00+00:00,59.0,18617.0,105.21,104.6,105.21,104.85,390.0
2011-08-03 00:00:00+00:00,58.0,19398.0,104.7,103.49,104.7,103.59,509.0
2011-08-04 00:00:00+00:00,57.0,19030.0,103.59,101.5,103.59,102.3,9530.0
2011-08-05 00:00:00+00:00,56.0,18396.0,102.85,101.79,101.79,102.75,5040.0
2011-08-08 00:00:00+00:00,53.0,19125.0,102.75,101.15,102.75,101.4,577.0
2011-08-09 00:00:00+00:00,52.0,19216.0,102.65,101.5,101.5,102.1,410.0
2011-08-10 00:00:00+00:00,51.0,20122.0,102.8,102.2,102.8,102.44,833.0
2011-08-11 00:00:00+00:00,50.0,20300.0,102.35,101.45,102.35,101.94,3057.0
2011-08-12 00:00:00+00:00,49.0,20177.0,102.49,101.8,101.9,101.99,403.0
2011-08-15 00:00:00+00:00,46.0,20225.0,101.9,101.4,101.59,101.45,501.0
2011-08-16 00:00:00+00:00,45.0,20300.0,101.65,101.2,101.32,101.65,669.0
2011-08-17 00:00:00+00:00,44.0,19613.0,103.0,101.36,101.36,103.0,169.0
2011-08-18 00:00:00+00:00,43.0,20350.0,102.2,101.8,102.2,101.9,404.0
2011-08-19 00:00:00+00:00,42.0,19518.0,102.2,101.0,101.8,102.18,1045.0
2011-08-22 00:00:00+00:00,39.0,18271.0,103.05,102.4,102.5,103.05,556.0
2011-08-23 00:00:00+00:00,38.0,18098.0,103.9,102.85,102.85,103.1,553.0
2011-08-24 00:00:00+00:00,37.0,18764.0,103.2,102.5,103.0,102.79,363.0
2011-08-25 00:00:00+00:00,36.0,18813.0,103.15,102.7,102.79,102.88,463.0
2011-08-26 00:00:00+00:00,35.0,18750.0,103.05,102.4,102.59,103.05,605.0
2011-08-29 00:00:00+00:00,32.0,19126.0,103.1,102.5,103.05,102.5,420.0
2011-08-30 00:00:00+00:00,31.0,18888.0,102.8,102.3,102.6,102.7,238.0
2011-08-31 00:00:00+00:00,30.0,17527.0,102.4,102.1,102.4,102.2,563.0
2011-09-01 00:00:00+00:00,60.0,17479.0,103.65,102.5,103.54,102.73,191.0
2011-09-02 00:00:00+00:00,59.0,17271.0,102.68,101.7,102.67,102.36,427.0
2011-09-05 00:00:00+00:00,56.0,17494.0,102.98,102.0,102.1,102.84,126.0
2011-09-06 00:00:00+00:00,55.0,17385.0,103.35,102.85,102.9,102.97,404.0
2011-09-07 00:00:00+00:00,55.0,17385.0,,,,102.97,
2011-09-08 00:00:00+00:00,53.0,17603.0,103.5,102.16,103.0,102.25,739.0
2011-09-09 00:00:00+00:00,52.0,18055.0,101.6,101.03,101.6,101.27,0.0
2011-09-12 00:00:00+00:00,49.0,16733.0,101.9,100.75,101.05,101.88,643.0
2011-09-13 00:00:00+00:00,48.0,17172.0,102.6,101.07,101.07,102.33,269.0
2011-09-14 00:00:00+00:00,47.0,18712.0,101.8,100.52,101.62,100.71,717.0
2011-09-15 00:00:00+00:00,46.0,18241.0,100.81,99.99,100.4,100.22,840.0
2011-09-16 00:00:00+00:00,45.0,17786.0,99.75,99.2,99.5,99.64,572.0
2011-09-19 00:00:00+00:00,42.0,17404.0,100.65,100.0,100.0,100.55,400.0
2011-09-20 00:00:00+00:00,41.0,17318.0,100.65,99.53,99.7,99.82,399.0
2011-09-21 00:00:00+00:00,40.0,16674.0,101.47,99.9,100.0,100.95,6719.0
2011-09-22 00:00:00+00:00,39.0,16564.0,101.5,100.8,101.02,101.12,485.0
2011-09-23 00:00:00+00:00,38.0,15991.0,101.3,100.35,101.1,101.13,3620.0
2011-09-26 00:00:00+00:00,35.0,16023.0,101.78,100.9,100.95,101.69,2866.0
2011-09-27 00:00:00+00:00,34.0,17312.0,102.15,101.6,101.6,101.74,5540.0
2011-09-28 00:00:00+00:00,33.0,17739.0,102.2,101.3,101.93,102.15,1297.0
2011-09-29 00:00:00+00:00,32.0,17658.0,102.0,101.5,102.0,101.58,846.0
2011-09-30 00:00:00+00:00,31.0,16326.0,101.6,100.19,101.5,101.12,820.0
2011-10-03 00:00:00+00:00,58.0,15775.0,103.3,103.0,103.05,103.28,2305.0
2011-10-04 00:00:00+00:00,57.0,16115.0,103.99,103.35,103.6,103.7,682.0
2011-10-05 00:00:00+00:00,56.0,16793.0,103.79,103.0,103.1,103.62,3758.0
2011-10-06 00:00:00+00:00,55.0,17171.0,103.59,102.89,103.59,103.2,575.0
2011-10-07 00:00:00+00:00,54.0,17458.0,103.3,102.85,103.1,103.11,1214.0
2011-10-10 00:00:00+00:00,51.0,17205.0,103.3,102.8,103.11,103.23,442.0
2011-10-11 00:00:00+00:00,50.0,16887.0,103.2,102.71,103.2,103.05,233.0
2011-10-12 00:00:00+00:00,50.0,16887.0,,,,103.05,
2011-10-13 00:00:00+00:00,48.0,17235.0,103.45,102.91,103.1,103.19,328.0
2011-10-14 00:00:00+00:00,47.0,17560.0,103.5,102.95,103.18,103.21,325.0
2011-10-17 00:00:00+00:00,44.0,17819.0,103.45,102.95,103.45,103.02,367.0
2011-10-18 00:00:00+00:00,43.0,18081.0,102.9,102.3,102.85,102.33,678.0
2011-10-19 00:00:00+00:00,42.0,18531.0,103.0,102.25,102.3,102.3,326.0
2011-10-20 00:00:00+00:00,41.0,20052.0,102.5,101.0,102.05,102.38,1018.0
2011-10-21 00:00:00+00:00,40.0,20339.0,103.4,102.18,102.34,103.09,207.0
2011-10-24 00:00:00+00:00,37.0,20025.0,103.98,102.8,103.0,103.95,338.0
2011-10-25 00:00:00+00:00,36.0,19830.0,104.4,103.95,104.15,104.11,181.0
2011-10-26 00:00:00+00:00,35.0,19690.0,104.99,104.1,104.1,104.57,4489.0
2011-10-27 00:00:00+00:00,34.0,19372.0,104.65,103.76,104.65,104.08,111.0
2011-10-28 00:00:00+00:00,33.0,19224.0,104.6,104.08,104.3,104.18,209.0
2011-10-31 00:00:00+00:00,30.0,10749.0,104.75,104.0,104.48,104.55,1334.0
2011-11-01 00:00:00+00:00,58.0,11432.0,103.8,103.3,103.7,103.57,158.0
2011-11-02 00:00:00+00:00,57.0,11432.0,,,,103.57,
2011-11-03 00:00:00+00:00,56.0,11534.0,104.5,103.8,103.9,104.34,374.0
2011-11-04 00:00:00+00:00,55.0,12151.0,105.15,104.16,104.59,105.09,349.0
2011-11-07 00:00:00+00:00,52.0,12464.0,106.2,105.35,105.4,106.09,317.0
2011-11-08 00:00:00+00:00,51.0,13422.0,107.2,106.5,106.5,106.98,725.0
2011-11-09 00:00:00+00:00,50.0,13856.0,106.85,105.8,106.75,106.53,542.0
2011-11-10 00:00:00+00:00,49.0,14856.0,108.5,107.45,107.5,107.5,885.0
2011-11-11 00:00:00+00:00,48.0,15200.0,107.85,106.6,107.85,107.48,423.0
2011-11-14 00:00:00+00:00,45.0,15533.0,108.3,107.45,107.51,107.89,318.0
2011-11-15 00:00:00+00:00,45.0,15533.0,,,,107.89,
2011-11-16 00:00:00+00:00,43.0,16436.0,108.05,106.63,107.51,106.93,266.0
2011-11-17 00:00:00+00:00,42.0,15917.0,107.0,104.5,107.0,105.25,586.0
2011-11-18 00:00:00+00:00,41.0,15447.0,105.75,103.55,104.1,105.68,661.0
2011-11-21 00:00:00+00:00,38.0,15736.0,106.65,105.0,106.5,105.31,300.0
2011-11-22 00:00:00+00:00,37.0,15430.0,106.3,105.3,105.8,105.89,405.0
2011-11-23 00:00:00+00:00,36.0,15448.0,105.25,104.2,105.25,104.3,343.0
2011-11-24 00:00:00+00:00,35.0,14568.0,104.01,102.4,104.0,102.67,551.0
2011-11-25 00:00:00+00:00,34.0,13827.0,103.9,102.86,103.38,103.5,116.0
2011-11-28 00:00:00+00:00,31.0,13801.0,103.74,102.45,103.74,102.53,437.0
2011-11-29 00:00:00+00:00,30.0,13115.0,104.0,101.9,102.05,103.18,1009.0
2011-11-30 00:00:00+00:00,29.0,12748.0,105.4,102.6,102.95,105.21,629.0
2011-12-01 00:00:00+00:00,61.0,8489.0,101.1,100.35,101.0,100.5,369.0
2011-12-02 00:00:00+00:00,60.0,8490.0,99.5,98.85,99.26,99.24,330.0
2011-12-05 00:00:00+00:00,57.0,8131.0,99.99,98.9,99.7,99.56,320.0
2011-12-06 00:00:00+00:00,56.0,8294.0,100.0,99.0,99.7,99.32,808.0
2011-12-07 00:00:00+00:00,55.0,8593.0,99.3,98.5,98.81,98.56,517.0
2011-12-08 00:00:00+00:00,54.0,8836.0,98.4,96.67,98.0,97.24,741.0
2011-12-09 00:00:00+00:00,53.0,9036.0,97.4,96.3,96.8,97.23,406.0
2011-12-12 00:00:00+00:00,50.0,9523.0,97.5,96.55,96.55,96.87,336.0
2011-12-13 00:00:00+00:00,49.0,9523.0,97.2,96.0,97.1,96.3,4401.0
2011-12-14 00:00:00+00:00,48.0,9350.0,96.6,95.86,96.6,96.09,796.0
2011-12-15 00:00:00+00:00,47.0,9535.0,96.09,95.4,96.0,95.58,502.0
2011-12-16 00:00:00+00:00,46.0,10131.0,95.58,94.85,95.16,95.04,260.0
2011-12-19 00:00:00+00:00,43.0,9965.0,96.9,95.02,95.3,96.7,207.0
2011-12-20 00:00:00+00:00,42.0,9082.0,98.99,96.3,96.3,98.13,318.0
2011-12-21 00:00:00+00:00,41.0,8918.0,98.91,97.81,98.1,98.49,345.0
2011-12-22 00:00:00+00:00,40.0,8652.0,99.19,98.0,98.0,98.89,101.0
2011-12-23 00:00:00+00:00,39.0,8431.0,99.45,98.55,98.61,98.49,1832.0
2011-12-26 00:00:00+00:00,36.0,8258.0,100.05,99.48,99.48,100.0,113.0
2011-12-27 00:00:00+00:00,35.0,8250.0,100.1,99.55,100.05,99.66,147.0
2011-12-28 00:00:00+00:00,34.0,8015.0,99.6,98.52,99.5,99.11,182.0
2011-12-29 00:00:00+00:00,33.0,5580.0,98.89,98.34,98.7,98.77,11.0
2011-12-30 00:00:00+00:00,33.0,5580.0,,,,98.77,
2012-01-02 00:00:00+00:00,58.0,5712.0,98.0,97.5,98.0,97.5,423.0
2012-01-03 00:00:00+00:00,57.0,5779.0,97.8,97.5,97.5,97.8,1440.0
2012-01-04 00:00:00+00:00,56.0,5937.0,98.0,97.4,98.0,97.8,1409.0
2012-01-05 00:00:00+00:00,55.0,5772.0,96.5,96.25,96.4,96.35,0.0
2012-01-06 00:00:00+00:00,54.0,5996.0,96.83,96.83,96.83,96.83,1739.0
2012-01-09 00:00:00+00:00,51.0,5757.0,96.7,96.51,96.55,96.75,106.0
2012-01-10 00:00:00+00:00,50.0,5897.0,97.26,96.65,97.0,96.9,2699.0
2012-01-11 00:00:00+00:00,49.0,6221.0,96.9,96.6,96.6,96.6,1766.0
2012-01-12 00:00:00+00:00,48.0,6191.0,96.25,96.02,96.1,96.25,1154.0
2012-01-13 00:00:00+00:00,47.0,6064.0,97.0,96.8,97.0,96.85,1952.0
2012-01-16 00:00:00+00:00,44.0,6294.0,97.5,96.82,97.0,97.24,1200.0
2012-01-17 00:00:00+00:00,43.0,7017.0,98.0,97.65,97.8,97.95,2465.0
2012-01-18 00:00:00+00:00,42.0,7690.0,98.2,97.84,97.93,98.1,3246.0
2012-01-19 00:00:00+00:00,41.0,7764.0,98.25,97.4,98.1,97.44,2256.0
2012-01-20 00:00:00+00:00,40.0,7914.0,97.4,97.18,97.4,97.35,328.0
2012-01-23 00:00:00+00:00,37.0,7965.0,97.85,97.23,97.5,97.78,2509.0
2012-01-24 00:00:00+00:00,36.0,8297.0,98.35,97.85,97.9,98.05,283.0
2012-01-25 00:00:00+00:00,35.0,8297.0,,,,98.05,
2012-01-26 00:00:00+00:00,34.0,7726.0,98.05,97.4,98.05,97.5,364.0
2012-01-27 00:00:00+00:00,33.0,8113.0,97.7,97.0,97.6,97.37,692.0
2012-01-30 00:00:00+00:00,30.0,8817.0,98.3,97.08,97.2,97.95,1674.0
2012-01-31 00:00:00+00:00,29.0,6239.0,98.3,97.75,98.1,97.93,1725.0
2012-02-01 00:00:00+00:00,58.0,6989.0,96.3,96.2,96.3,96.2,1982.0
2012-02-02 00:00:00+00:00,57.0,6968.0,96.0,96.0,96.0,96.0,2580.0
2012-02-03 00:00:00+00:00,56.0,7724.0,95.62,95.62,95.62,95.62,0.0
2012-02-06 00:00:00+00:00,53.0,7862.0,95.65,95.65,95.65,95.65,223.0
2012-02-07 00:00:00+00:00,52.0,7939.0,96.3,95.99,95.99,96.05,282.0
2012-02-08 00:00:00+00:00,51.0,7763.0,96.3,95.88,96.29,95.88,692.0
2012-02-09 00:00:00+00:00,50.0,7828.0,96.0,95.65,95.95,95.65,460.0
2012-02-10 00:00:00+00:00,49.0,8449.0,95.3,94.9,95.3,94.9,1006.0
2012-02-13 00:00:00+00:00,46.0,8711.0,95.0,95.0,95.0,94.85,250.0
2012-02-14 00:00:00+00:00,45.0,8937.0,94.85,94.8,94.8,94.85,1625.0
2012-02-15 00:00:00+00:00,44.0,9575.0,95.4,94.85,94.85,95.17,2459.0
2012-02-16 00:00:00+00:00,43.0,9712.0,95.2,94.7,95.2,94.82,1151.0
2012-02-17 00:00:00+00:00,42.0,9731.0,94.9,94.8,94.8,94.9,1228.0
2012-02-20 00:00:00+00:00,42.0,9731.0,,,,94.9,
2012-02-21 00:00:00+00:00,42.0,9731.0,,,,94.9,
2012-02-22 00:00:00+00:00,37.0,9729.0,96.0,96.0,96.0,96.0,711.0
2012-02-23 00:00:00+00:00,36.0,9992.0,96.03,96.03,96.03,96.03,2081.0
2012-02-24 00:00:00+00:00,35.0,10934.0,95.7,95.3,95.5,95.4,2182.0
2012-02-27 00:00:00+00:00,32.0,11238.0,95.53,95.22,95.4,95.25,1264.0
2012-02-28 00:00:00+00:00,31.0,11129.0,95.4,94.6,95.3,95.36,2379.0
2012-02-29 00:00:00+00:00,30.0,8775.0,95.2,94.89,95.2,94.96,1723.0
2012-03-01 00:00:00+00:00,60.0,9835.0,94.46,93.7,94.46,93.7,3394.0
2012-03-02 00:00:00+00:00,59.0,10991.0,94.3,94.05,94.3,94.05,2599.0
2012-03-05 00:00:00+00:00,56.0,11264.0,94.05,94.0,94.0,94.0,2591.0
2012-03-06 00:00:00+00:00,55.0,12170.0,93.94,92.6,93.94,93.0,3514.0
2012-03-07 00:00:00+00:00,54.0,12584.0,93.55,93.41,93.54,93.5,3225.0
2012-03-08 00:00:00+00:00,53.0,12783.0,93.4,93.0,93.39,93.1,2069.0
2012-03-09 00:00:00+00:00,52.0,13554.0,93.5,92.5,93.0,93.5,4346.0
2012-03-12 00:00:00+00:00,49.0,12725.0,94.3,93.2,93.39,94.3,4130.0
2012-03-13 00:00:00+00:00,48.0,12953.0,94.6,94.0,94.6,94.5,2399.0
2012-03-14 00:00:00+00:00,47.0,13068.0,95.0,94.4,94.4,95.0,1511.0
2012-03-15 00:00:00+00:00,46.0,13042.0,95.1,93.96,94.55,94.14,2189.0
2012-03-16 00:00:00+00:00,45.0,13070.0,94.54,93.9,94.3,94.11,1152.0
2012-03-19 00:00:00+00:00,42.0,12854.0,94.0,93.8,94.0,93.8,1168.0
2012-03-20 00:00:00+00:00,41.0,12854.0,94.45,93.7,93.7,94.2,1550.0
2012-03-21 00:00:00+00:00,40.0,12999.0,94.58,94.05,94.2,94.1,471.0
2012-03-22 00:00:00+00:00,39.0,13201.0,94.02,93.7,93.9,94.02,685.0
2012-03-23 00:00:00+00:00,38.0,13684.0,95.01,94.01,94.01,95.01,2428.0
2012-03-26 00:00:00+00:00,35.0,14166.0,95.7,94.8,94.95,95.6,3220.0
2012-03-27 00:00:00+00:00,34.0,13847.0,95.45,95.1,95.4,95.45,2945.0
2012-03-28 00:00:00+00:00,33.0,14121.0,95.6,95.05,95.05,95.6,1129.0
2012-03-29 00:00:00+00:00,32.0,13835.0,96.28,95.6,96.22,95.86,2334.0
2012-03-30 00:00:00+00:00,31.0,12634.0,96.38,95.5,95.5,96.38,2474.0
2012-04-02 00:00:00+00:00,59.0,12875.0,96.75,96.4,96.4,96.7,1166.0
2012-04-03 00:00:00+00:00,58.0,13492.0,97.09,96.5,96.55,96.97,254.0
2012-04-04 00:00:00+00:00,57.0,14201.0,97.39,96.8,96.9,97.21,1626.0
2012-04-05 00:00:00+00:00,56.0,14417.0,97.35,96.61,97.0,96.82,1104.0
2012-04-06 00:00:00+00:00,56.0,14417.0,,,,96.82,
2012-04-09 00:00:00+00:00,52.0,14404.0,97.0,96.65,96.8,96.77,435.0
2012-04-10 00:00:00+00:00,51.0,14916.0,96.5,96.13,96.46,96.31,2351.0
2012-04-11 00:00:00+00:00,50.0,15192.0,96.4,95.53,96.3,95.76,3086.0
2012-04-12 00:00:00+00:00,49.0,15449.0,96.3,95.7,96.0,95.85,2938.0
2012-04-13 00:00:00+00:00,48.0,15684.0,95.7,95.2,95.6,95.5,2036.0
2012-04-16 00:00:00+00:00,45.0,16142.0,95.75,95.02,95.06,95.6,1448.0
2012-04-17 00:00:00+00:00,44.0,16239.0,95.8,95.07,95.75,95.19,1987.0
2012-04-18 00:00:00+00:00,43.0,16630.0,95.3,94.8,95.05,95.02,3060.0
2012-04-19 00:00:00+00:00,42.0,17164.0,95.49,94.72,94.92,94.84,2478.0
2012-04-20 00:00:00+00:00,41.0,17278.0,95.1,94.01,94.7,95.05,2811.0
2012-04-23 00:00:00+00:00,38.0,17470.0,95.24,94.55,94.55,94.72,1772.0
2012-04-24 00:00:00+00:00,37.0,16737.0,97.0,94.69,94.7,96.95,5557.0
2012-04-25 00:00:00+00:00,36.0,16541.0,96.99,95.54,96.99,95.7,2018.0
2012-04-26 00:00:00+00:00,35.0,17174.0,95.79,94.85,95.5,95.02,2953.0
2012-04-27 00:00:00+00:00,34.0,17801.0,95.4,94.51,94.9,95.19,82.0
2012-04-30 00:00:00+00:00,31.0,16203.0,95.18,94.21,95.18,94.85,510.0
2012-05-01 00:00:00+00:00,59.0,16203.0,,,,95.83,
2012-05-02 00:00:00+00:00,58.0,16190.0,95.83,95.83,95.83,96.07,370.0
2012-05-03 00:00:00+00:00,57.0,16693.0,96.0,96.0,96.0,96.0,1641.0
2012-05-04 00:00:00+00:00,56.0,18048.0,95.7,95.5,95.5,95.7,1295.0
2012-05-07 00:00:00+00:00,53.0,18145.0,94.8,94.6,94.65,94.93,3090.0
2012-05-08 00:00:00+00:00,52.0,18408.0,95.25,94.4,94.9,95.0,3246.0
2012-05-09 00:00:00+00:00,51.0,18379.0,95.14,94.36,94.71,95.14,1835.0
2012-05-10 00:00:00+00:00,50.0,18490.0,94.75,94.13,94.6,94.13,3773.0
2012-05-11 00:00:00+00:00,49.0,18436.0,94.16,93.88,94.14,93.95,3149.0
2012-05-14 00:00:00+00:00,46.0,18475.0,94.36,93.6,93.91,94.36,1281.0
2012-05-15 00:00:00+00:00,45.0,18313.0,95.0,94.0,94.0,94.73,3307.0
2012-05-16 00:00:00+00:00,44.0,18454.0,94.8,94.4,94.5,94.55,1008.0
2012-05-17 00:00:00+00:00,43.0,18468.0,94.4,93.91,94.06,93.91,2213.0
2012-05-18 00:00:00+00:00,42.0,18779.0,94.6,94.06,94.08,94.4,2738.0
2012-05-21 00:00:00+00:00,39.0,18850.0,94.7,94.59,94.65,94.6,2281.0
2012-05-22 00:00:00+00:00,38.0,18865.0,95.05,94.52,94.7,95.05,2500.0
2012-05-23 00:00:00+00:00,37.0,19525.0,95.68,94.9,94.9,95.5,3162.0
2012-05-24 00:00:00+00:00,36.0,19733.0,95.45,94.96,94.96,95.25,1933.0
2012-05-25 00:00:00+00:00,35.0,19913.0,95.55,95.0,95.1,95.35,1747.0
2012-05-28 00:00:00+00:00,32.0,20183.0,95.35,95.11,95.11,95.2,1741.0
2012-05-29 00:00:00+00:00,31.0,20429.0,95.15,94.51,95.12,94.51,1582.0
2012-05-30 00:00:00+00:00,30.0,21135.0,94.65,94.11,94.45,94.24,2172.0
2012-05-31 00:00:00+00:00,29.0,18198.0,94.39,94.01,94.29,94.1,2796.0
2012-06-01 00:00:00+00:00,60.0,18112.0,96.5,96.5,96.5,96.5,2129.0
2012-06-04 00:00:00+00:00,57.0,18313.0,96.8,95.94,95.94,96.4,4533.0
2012-06-05 00:00:00+00:00,56.0,18806.0,96.7,95.5,96.7,95.5,3005.0
2012-06-06 00:00:00+00:00,55.0,19537.0,95.49,94.9,95.49,95.0,3153.0
2012-06-07 00:00:00+00:00,54.0,19537.0,,,,95.0,
2012-06-08 00:00:00+00:00,53.0,19685.0,95.0,94.94,95.0,94.94,999.0
2012-06-11 00:00:00+00:00,50.0,19669.0,95.68,94.99,95.4,95.5,1404.0
2012-06-12 00:00:00+00:00,49.0,19822.0,95.39,95.1,95.29,95.25,1584.0
2012-06-13 00:00:00+00:00,48.0,20242.0,95.77,95.2,95.2,95.77,1105.0
2012-06-14 00:00:00+00:00,47.0,20307.0,95.49,94.95,95.04,95.0,1807.0
2012-06-15 00:00:00+00:00,46.0,20506.0,94.75,94.4,94.65,94.65,3520.0
2012-06-18 00:00:00+00:00,43.0,21451.0,94.8,94.3,94.3,94.71,2345.0
2012-06-19 00:00:00+00:00,42.0,21775.0,95.1,94.7,94.7,95.1,1946.0
2012-06-20 00:00:00+00:00,41.0,22107.0,94.79,94.21,94.79,94.5,3149.0
2012-06-21 00:00:00+00:00,40.0,22786.0,94.25,94.12,94.25,94.19,2420.0
2012-06-22 00:00:00+00:00,39.0,22687.0,94.18,93.76,94.17,94.19,4540.0
2012-06-25 00:00:00+00:00,36.0,22706.0,94.65,94.15,94.19,94.15,2037.0
2012-06-26 00:00:00+00:00,35.0,22054.0,94.4,93.85,93.85,94.5,3460.0
2012-06-27 00:00:00+00:00,34.0,22805.0,94.4,94.05,94.31,94.1,570.0
2012-06-28 00:00:00+00:00,33.0,22971.0,94.49,94.0,94.2,94.49,2822.0
2012-06-29 00:00:00+00:00,32.0,21225.0,94.48,94.1,94.15,94.1,1818.0
2012-07-02 00:00:00+00:00,60.0,20798.0,95.4,94.85,95.4,94.94,1262.0
2012-07-03 00:00:00+00:00,59.0,21935.0,95.0,94.2,95.0,94.3,4972.0
2012-07-04 00:00:00+00:00,58.0,22546.0,94.6,94.2,94.2,94.35,5588.0
2012-07-05 00:00:00+00:00,57.0,21727.0,94.0,93.11,94.0,93.11,4566.0
2012-07-06 00:00:00+00:00,56.0,21718.0,93.05,93.05,93.05,93.26,1378.0
2012-07-09 00:00:00+00:00,53.0,21718.0,,,,93.26,
2012-07-10 00:00:00+00:00,52.0,22317.0,93.16,92.85,93.16,93.0,2429.0
2012-07-11 00:00:00+00:00,51.0,21912.0,92.5,91.1,92.5,91.28,977.0
2012-07-12 00:00:00+00:00,50.0,22244.0,91.5,90.51,90.7,91.2,552.0
2012-07-13 00:00:00+00:00,49.0,23200.0,92.8,91.31,92.65,92.51,4268.0
2012-07-16 00:00:00+00:00,46.0,23325.0,93.0,91.61,92.4,92.01,4529.0
2012-07-17 00:00:00+00:00,45.0,23156.0,92.0,91.01,92.0,91.35,4979.0
2012-07-18 00:00:00+00:00,44.0,23882.0,90.98,90.35,90.54,90.85,6205.0
2012-07-19 00:00:00+00:00,43.0,23533.0,91.59,90.3,90.6,91.3,5378.0
2012-07-20 00:00:00+00:00,42.0,23620.0,92.4,91.02,91.02,92.15,5000.0
2012-07-23 00:00:00+00:00,39.0,24010.0,91.1,90.6,91.0,90.95,4822.0
2012-07-24 00:00:00+00:00,38.0,24391.0,91.0,90.05,90.4,90.65,3772.0
2012-07-25 00:00:00+00:00,37.0,24484.0,90.99,90.25,90.5,90.9,4143.0
2012-07-26 00:00:00+00:00,36.0,24628.0,92.0,91.25,91.6,91.8,1196.0
2012-07-27 00:00:00+00:00,35.0,24595.0,92.2,91.35,91.5,92.28,4234.0
2012-07-30 00:00:00+00:00,32.0,24705.0,92.19,91.25,91.6,91.58,2786.0
2012-07-31 00:00:00+00:00,31.0,22017.0,92.2,91.25,91.25,92.15,3925.0
2012-08-01 00:00:00+00:00,58.0,22063.0,95.5,95.0,95.2,95.5,3643.0
2012-08-02 00:00:00+00:00,57.0,22966.0,95.0,93.8,94.0,94.54,8400.0
2012-08-03 00:00:00+00:00,56.0,23222.0,94.93,93.41,93.8,94.93,7938.0
2012-08-06 00:00:00+00:00,53.0,23524.0,95.85,94.6,94.99,95.85,3286.0
2012-08-07 00:00:00+00:00,52.0,23967.0,95.85,95.2,95.3,95.49,3017.0
2012-08-08 00:00:00+00:00,51.0,24188.0,95.9,95.2,95.8,95.8,2905.0
2012-08-09 00:00:00+00:00,50.0,24759.0,95.5,94.8,95.35,94.99,5009.0
2012-08-10 00:00:00+00:00,49.0,24740.0,95.32,94.5,94.5,95.2,2673.0
2012-08-13 00:00:00+00:00,46.0,24670.0,94.9,94.6,94.8,94.8,1622.0
2012-08-14 00:00:00+00:00,45.0,24791.0,95.2,94.9,94.99,94.91,2408.0
2012-08-15 00:00:00+00:00,44.0,24621.0,95.14,94.4,94.48,94.95,2534.0
2012-08-16 00:00:00+00:00,43.0,24658.0,95.5,95.1,95.4,95.2,2582.0
2012-08-17 00:00:00+00:00,42.0,24206.0,96.0,94.8,95.01,95.41,3548.0
2012-08-20 00:00:00+00:00,39.0,24106.0,96.1,95.9,96.0,96.1,2668.0
2012-08-21 00:00:00+00:00,38.0,23885.0,96.4,96.0,96.0,96.4,2283.0
2012-08-22 00:00:00+00:00,37.0,24429.0,97.0,96.0,96.5,96.2,2958.0
2012-08-23 00:00:00+00:00,36.0,24891.0,96.99,96.6,96.6,96.8,3096.0
2012-08-24 00:00:00+00:00,35.0,24902.0,97.0,96.65,96.9,96.94,2482.0
2012-08-27 00:00:00+00:00,32.0,25182.0,97.5,97.0,97.0,97.4,1508.0
2012-08-28 00:00:00+00:00,31.0,25473.0,97.75,97.05,97.1,97.5,1578.0
2012-08-29 00:00:00+00:00,30.0,25864.0,97.4,96.5,97.0,97.4,3036.0
2012-08-30 00:00:00+00:00,29.0,25845.0,98.7,96.8,97.0,98.7,4932.0
2012-08-31 00:00:00+00:00,28.0,25516.0,99.0,98.2,98.51,98.64,4590.0
2012-09-03 00:00:00+00:00,58.0,25630.0,103.85,103.01,103.01,103.72,3130.0
2012-09-04 00:00:00+00:00,57.0,25911.0,104.75,103.01,104.4,103.63,11807.0
2012-09-05 00:00:00+00:00,56.0,25994.0,104.28,103.0,103.26,103.38,6339.0
2012-09-06 00:00:00+00:00,55.0,26709.0,103.97,103.21,103.7,103.63,3551.0
2012-09-07 00:00:00+00:00,54.0,26709.0,,,,103.63,
2012-09-10 00:00:00+00:00,51.0,27114.0,104.2,103.4,103.8,104.04,2813.0
2012-09-11 00:00:00+00:00,50.0,28300.0,103.98,102.99,103.67,103.18,4540.0
2012-09-12 00:00:00+00:00,49.0,29629.0,102.98,101.62,102.98,101.77,1860.0
2012-09-13 00:00:00+00:00,48.0,30476.0,101.88,101.15,101.8,101.27,5088.0
2012-09-14 00:00:00+00:00,47.0,30813.0,101.8,100.6,101.07,100.75,3903.0
2012-09-17 00:00:00+00:00,44.0,30923.0,101.21,100.03,100.6,100.73,3882.0
2012-09-18 00:00:00+00:00,43.0,31071.0,101.55,100.5,100.65,101.15,109.0
2012-09-19 00:00:00+00:00,42.0,29726.0,99.89,99.5,99.6,99.68,0.0
2012-09-20 00:00:00+00:00,41.0,28494.0,99.6,98.65,99.56,99.04,9318.0
2012-09-21 00:00:00+00:00,40.0,28494.0,99.5,98.18,98.35,99.4,4521.0
2012-09-24 00:00:00+00:00,37.0,27785.0,100.35,99.15,99.99,99.74,219.0
2012-09-25 00:00:00+00:00,36.0,27785.0,99.98,98.0,99.98,98.43,8152.0
2012-09-26 00:00:00+00:00,35.0,26727.0,98.3,97.5,98.05,97.9,4648.0
2012-09-27 00:00:00+00:00,34.0,27818.0,97.89,97.0,97.89,97.6,4676.0
2012-09-28 00:00:00+00:00,33.0,26123.0,98.0,97.2,97.5,97.5,2315.0
2012-10-01 00:00:00+00:00,60.0,25039.0,98.75,97.6,98.7,97.76,5291.0
2012-10-02 00:00:00+00:00,59.0,25596.0,98.8,97.6,97.7,97.66,3844.0
2012-10-03 00:00:00+00:00,58.0,26134.0,97.69,97.1,97.5,97.31,5944.0
2012-10-04 00:00:00+00:00,57.0,26717.0,98.18,97.41,97.48,97.73,5256.0
2012-10-05 00:00:00+00:00,56.0,27047.0,97.48,97.1,97.16,97.4,2243.0
2012-10-08 00:00:00+00:00,53.0,26837.0,98.39,97.3,97.3,98.24,2243.0
2012-10-09 00:00:00+00:00,52.0,26837.0,98.2,97.42,98.0,97.75,5594.0
2012-10-10 00:00:00+00:00,51.0,26756.0,98.3,97.5,97.5,98.29,4660.0
2012-10-11 00:00:00+00:00,50.0,26764.0,99.4,98.4,98.5,99.11,4300.0
2012-10-12 00:00:00+00:00,50.0,26764.0,,,,99.11,
2012-10-15 00:00:00+00:00,46.0,26756.0,98.85,98.2,98.5,98.77,3103.0
2012-10-16 00:00:00+00:00,45.0,25283.0,99.89,99.29,99.3,99.49,3972.0
2012-10-17 00:00:00+00:00,44.0,25283.0,99.45,98.7,99.45,98.84,3286.0
2012-10-18 00:00:00+00:00,43.0,26066.0,98.79,98.25,98.5,98.67,3345.0
2012-10-19 00:00:00+00:00,42.0,26412.0,99.1,98.25,98.5,99.03,3550.0
2012-10-22 00:00:00+00:00,39.0,25215.0,99.7,99.12,99.25,99.17,1708.0
2012-10-23 00:00:00+00:00,38.0,25461.0,99.1,98.58,98.8,99.05,3169.0
2012-10-24 00:00:00+00:00,37.0,24800.0,100.0,98.8,98.8,99.86,4008.0
2012-10-25 00:00:00+00:00,36.0,23368.0,101.93,100.1,100.1,101.63,7877.0
2012-10-26 00:00:00+00:00,35.0,22944.0,102.1,101.25,102.1,101.57,3027.0
2012-10-29 00:00:00+00:00,32.0,22965.0,101.0,100.41,100.81,100.81,1790.0
2012-10-30 00:00:00+00:00,31.0,22878.0,101.18,100.15,100.42,100.68,4082.0
2012-10-31 00:00:00+00:00,30.0,13551.0,101.4,100.86,100.9,101.05,2033.0
2012-11-01 00:00:00+00:00,57.0,14707.0,100.39,99.3,100.39,99.51,3463.0
2012-11-02 00:00:00+00:00,57.0,14707.0,,,,99.51,
2012-11-05 00:00:00+00:00,53.0,14789.0,99.75,99.02,99.4,99.29,1769.0
2012-11-06 00:00:00+00:00,52.0,14858.0,100.0,99.25,99.4,99.52,2034.0
2012-11-07 00:00:00+00:00,51.0,14931.0,100.1,99.31,99.65,99.8,3346.0
2012-11-08 00:00:00+00:00,50.0,13807.0,100.06,99.45,99.75,99.8,4093.0
2012-11-09 00:00:00+00:00,49.0,14246.0,100.1,99.19,99.8,99.6,4707.0
2012-11-12 00:00:00+00:00,46.0,14245.0,99.6,99.2,99.6,99.39,991.0
2012-11-13 00:00:00+00:00,45.0,14549.0,99.75,98.8,99.32,98.89,2167.0
2012-11-14 00:00:00+00:00,44.0,14549.0,98.87,97.93,98.81,98.0,4081.0
2012-11-15 00:00:00+00:00,43.0,14293.0,,,,98.0,
2012-11-16 00:00:00+00:00,42.0,14390.0,98.14,97.75,98.14,97.93,1173.0
2012-11-19 00:00:00+00:00,39.0,14390.0,97.95,97.56,97.95,97.8,1184.0
2012-11-20 00:00:00+00:00,38.0,14149.0,,,,97.8,
2012-11-21 00:00:00+00:00,37.0,14173.0,97.99,97.51,97.97,97.6,3571.0
2012-11-22 00:00:00+00:00,36.0,14276.0,97.7,96.7,97.7,96.8,4194.0
2012-11-23 00:00:00+00:00,35.0,14251.0,96.88,96.4,96.6,96.46,2208.0
2012-11-26 00:00:00+00:00,32.0,14643.0,96.81,96.25,96.29,96.38,2812.0
2012-11-27 00:00:00+00:00,31.0,15247.0,96.65,96.18,96.37,96.5,4308.0
2012-11-28 00:00:00+00:00,30.0,14149.0,96.6,95.91,96.37,96.03,4827.0
2012-11-29 00:00:00+00:00,29.0,14825.0,96.59,95.71,96.01,96.14,3227.0
2012-11-30 00:00:00+00:00,28.0,9773.0,96.29,95.62,95.98,95.65,3766.0
2012-12-03 00:00:00+00:00,59.0,10200.0,95.7,95.0,95.35,95.32,2720.0
2012-12-04 00:00:00+00:00,58.0,10380.0,95.5,95.06,95.32,95.22,2363.0
2012-12-05 00:00:00+00:00,57.0,10454.0,95.49,94.9,95.45,94.94,4178.0
2012-12-06 00:00:00+00:00,56.0,10807.0,95.13,94.25,94.94,94.5,2720.0
2012-12-07 00:00:00+00:00,55.0,9393.0,94.6,93.5,94.3,94.48,6989.0
2012-12-10 00:00:00+00:00,52.0,9344.0,94.7,93.85,94.55,94.5,1392.0
2012-12-11 00:00:00+00:00,51.0,9659.0,94.5,93.3,94.42,93.81,3075.0
2012-12-12 00:00:00+00:00,50.0,11022.0,93.86,92.85,93.86,92.94,3197.0
2012-12-13 00:00:00+00:00,49.0,10172.0,93.6,93.6,93.6,93.66,98.0
2012-12-14 00:00:00+00:00,48.0,9872.0,94.1,94.1,94.1,93.99,242.0
2012-12-17 00:00:00+00:00,45.0,9980.0,94.5,94.49,94.49,94.47,77.0
2012-12-18 00:00:00+00:00,44.0,10193.0,94.45,94.0,94.11,94.18,480.0
2012-12-19 00:00:00+00:00,43.0,10742.0,94.7,94.5,94.59,94.5,301.0
2012-12-20 00:00:00+00:00,42.0,10473.0,95.23,95.2,95.22,95.13,131.0
2012-12-21 00:00:00+00:00,41.0,0.0,95.58,94.9,95.22,95.06,1844.0
2012-12-24 00:00:00+00:00,41.0,0.0,,,,95.06,
2012-12-25 00:00:00+00:00,37.0,10884.0,,,,95.06,
2012-12-26 00:00:00+00:00,36.0,11066.0,95.79,95.3,95.4,95.73,1210.0
2012-12-27 00:00:00+00:00,35.0,11085.0,95.89,95.8,95.84,95.82,243.0
2012-12-28 00:00:00+00:00,34.0,5961.0,96.0,95.8,95.85,95.95,470.0
2012-12-31 00:00:00+00:00,34.0,5961.0,,,,95.95,
2013-01-01 00:00:00+00:00,58.0,6033.0,,,,94.85,
2013-01-02 00:00:00+00:00,57.0,6453.0,95.9,95.9,95.9,94.81,1084.0
2013-01-03 00:00:00+00:00,56.0,6708.0,95.03,95.03,95.03,95.03,3.0
2013-01-04 00:00:00+00:00,55.0,6627.0,95.52,95.52,95.52,95.52,25.0
2013-01-07 00:00:00+00:00,52.0,6660.0,95.5,95.5,95.5,95.5,1800.0
2013-01-08 00:00:00+00:00,51.0,7463.0,95.9,95.8,95.8,95.9,2407.0
2013-01-09 00:00:00+00:00,50.0,7256.0,95.8,95.4,95.8,95.45,2738.0
2013-01-10 00:00:00+00:00,49.0,7256.0,95.35,95.0,95.35,95.15,502.0
2013-01-11 00:00:00+00:00,48.0,7207.0,95.25,95.0,95.0,95.01,1363.0
2013-01-14 00:00:00+00:00,45.0,7004.0,95.0,94.8,94.99,94.9,3194.0
2013-01-15 00:00:00+00:00,44.0,7004.0,95.4,95.05,95.38,95.05,653.0
2013-01-16 00:00:00+00:00,43.0,7179.0,95.38,95.05,95.05,95.3,2386.0
2013-01-17 00:00:00+00:00,42.0,7179.0,95.9,95.22,95.22,95.9,4050.0
2013-01-18 00:00:00+00:00,41.0,7597.0,96.0,95.7,95.73,95.84,1586.0
2013-01-21 00:00:00+00:00,38.0,7359.0,96.0,96.0,96.0,95.91,102.0
2013-01-22 00:00:00+00:00,37.0,7645.0,96.0,95.65,96.0,95.65,1972.0
2013-01-23 00:00:00+00:00,36.0,7749.0,96.3,95.7,95.7,96.12,1885.0
2013-01-24 00:00:00+00:00,35.0,8017.0,96.62,96.51,96.62,96.62,6.0
2013-01-25 00:00:00+00:00,34.0,8017.0,,,,96.62,
2013-01-28 00:00:00+00:00,31.0,8008.0,96.27,96.27,96.27,96.27,2.0
2013-01-29 00:00:00+00:00,30.0,8458.0,96.42,96.05,96.27,96.31,1269.0
2013-01-30 00:00:00+00:00,29.0,8458.0,96.74,96.16,96.3,96.65,1313.0
2013-01-31 00:00:00+00:00,28.0,9074.0,96.9,96.6,96.7,96.85,1789.0
2013-02-01 00:00:00+00:00,55.0,6984.0,95.9,95.5,95.66,95.81,1533.0
2013-02-04 00:00:00+00:00,52.0,7127.0,96.31,96.31,96.31,96.31,97.0
2013-02-05 00:00:00+00:00,51.0,7715.0,96.5,96.27,96.3,96.33,3341.0
2013-02-06 00:00:00+00:00,50.0,8135.0,96.3,96.1,96.21,96.35,1730.0
2013-02-07 00:00:00+00:00,49.0,8648.0,96.2,95.9,96.06,95.94,1894.0
2013-02-08 00:00:00+00:00,48.0,9190.0,96.2,95.77,96.2,96.0,1975.0
2013-02-11 00:00:00+00:00,48.0,9190.0,,,,96.0,
2013-02-12 00:00:00+00:00,48.0,9190.0,,,,96.0,
2013-02-13 00:00:00+00:00,43.0,9200.0,96.55,96.4,96.43,96.53,799.0
2013-02-14 00:00:00+00:00,42.0,9469.0,97.0,96.65,96.65,96.9,1209.0
2013-02-15 00:00:00+00:00,41.0,9469.0,96.85,96.64,96.85,96.76,1928.0
2013-02-18 00:00:00+00:00,38.0,10205.0,96.63,96.41,96.41,96.54,1586.0
2013-02-19 00:00:00+00:00,37.0,10932.0,96.54,96.36,96.5,96.4,1565.0
2013-02-20 00:00:00+00:00,36.0,10932.0,96.21,95.59,96.21,95.59,2363.0
2013-02-21 00:00:00+00:00,35.0,10932.0,95.9,95.57,95.57,95.9,1968.0
2013-02-22 00:00:00+00:00,34.0,11755.0,96.5,95.9,95.9,96.31,2558.0
2013-02-25 00:00:00+00:00,31.0,11755.0,97.04,96.6,96.75,96.89,1583.0
2013-02-26 00:00:00+00:00,30.0,11722.0,97.26,96.8,96.85,97.23,2051.0
2013-02-27 00:00:00+00:00,29.0,11705.0,97.34,96.54,97.3,96.54,1667.0
2013-02-28 00:00:00+00:00,28.0,7937.0,96.52,96.21,96.45,96.29,2345.0
2013-03-01 00:00:00+00:00,60.0,7937.0,94.99,94.99,94.99,95.16,1498.0
2013-03-04 00:00:00+00:00,57.0,8797.0,95.31,95.1,95.16,95.31,1449.0
2013-03-05 00:00:00+00:00,56.0,8797.0,95.41,95.41,95.41,95.41,1086.0
2013-03-06 00:00:00+00:00,55.0,8797.0,96.0,95.5,95.5,95.8,2635.0
2013-03-07 00:00:00+00:00,54.0,10202.0,96.03,96.03,96.03,96.03,2402.0
2013-03-08 00:00:00+00:00,53.0,10657.0,96.53,96.1,96.3,96.53,2812.0
2013-03-11 00:00:00+00:00,50.0,10992.0,96.4,96.4,96.4,96.4,1114.0
2013-03-12 00:00:00+00:00,49.0,11124.0,96.46,96.46,96.46,96.46,2449.0
2013-03-13 00:00:00+00:00,48.0,11030.0,96.1,95.8,96.05,95.8,1744.0
2013-03-14 00:00:00+00:00,47.0,11141.0,96.25,96.1,96.1,96.25,2127.0
2013-03-15 00:00:00+00:00,46.0,11235.0,96.35,96.35,96.35,96.35,2010.0
2013-03-18 00:00:00+00:00,43.0,11383.0,96.3,96.3,96.3,96.3,772.0
2013-03-19 00:00:00+00:00,42.0,11710.0,96.85,96.75,96.85,96.8,2305.0
2013-03-20 00:00:00+00:00,41.0,12135.0,97.19,96.8,96.8,97.0,3913.0
2013-03-21 00:00:00+00:00,40.0,12490.0,97.25,96.94,97.07,97.1,1983.0
2013-03-22 00:00:00+00:00,39.0,12490.0,97.21,97.05,97.1,97.15,2898.0
2013-03-25 00:00:00+00:00,36.0,13545.0,97.34,97.2,97.3,97.3,1210.0
2013-03-26 00:00:00+00:00,35.0,13466.0,98.05,97.5,97.5,97.9,2872.0
2013-03-27 00:00:00+00:00,34.0,13466.0,97.9,97.6,97.85,97.65,1455.0
2013-03-28 00:00:00+00:00,33.0,11544.0,98.1,97.6,97.7,97.88,2240.0
2013-03-29 00:00:00+00:00,33.0,11544.0,,,,97.88,
2013-04-01 00:00:00+00:00,60.0,13185.0,96.99,96.31,96.77,96.46,997.0
2013-04-02 00:00:00+00:00,59.0,13185.0,96.75,96.02,96.5,96.71,2813.0
2013-04-03 00:00:00+00:00,58.0,14087.0,97.29,96.75,96.75,97.11,2442.0
2013-04-04 00:00:00+00:00,57.0,14777.0,97.48,97.1,97.15,97.31,2323.0
2013-04-05 00:00:00+00:00,56.0,14777.0,97.43,96.73,97.35,96.79,1480.0
2013-04-08 00:00:00+00:00,53.0,15822.0,97.2,96.05,96.75,96.38,2318.0
2013-04-09 00:00:00+00:00,52.0,16198.0,97.1,96.15,96.38,96.81,2275.0
2013-04-10 00:00:00+00:00,51.0,16103.0,97.0,96.5,96.9,96.94,1395.0
2013-04-11 00:00:00+00:00,50.0,16103.0,97.38,96.8,97.0,97.2,3499.0
2013-04-12 00:00:00+00:00,49.0,16103.0,97.3,96.5,97.22,96.65,4140.0
2013-04-15 00:00:00+00:00,46.0,18336.0,97.46,96.55,96.7,97.41,3099.0
2013-04-16 00:00:00+00:00,45.0,18336.0,97.93,97.3,97.46,97.48,3683.0
2013-04-17 00:00:00+00:00,44.0,19651.0,97.79,96.9,97.31,97.05,2900.0
2013-04-18 00:00:00+00:00,43.0,20169.0,97.24,96.65,96.99,97.1,2229.0
2013-04-19 00:00:00+00:00,42.0,20169.0,97.35,97.0,97.1,97.22,2624.0
2013-04-22 00:00:00+00:00,39.0,19396.0,97.58,96.8,97.09,97.53,3173.0
2013-04-23 00:00:00+00:00,38.0,20201.0,97.6,96.01,97.59,96.62,3895.0
2013-04-24 00:00:00+00:00,37.0,20807.0,97.0,96.2,96.59,96.38,3347.0
2013-04-25 00:00:00+00:00,36.0,20990.0,96.9,96.3,96.47,96.48,2547.0
2013-04-26 00:00:00+00:00,35.0,20990.0,96.61,96.06,96.56,96.5,3792.0
2013-04-29 00:00:00+00:00,32.0,19665.0,96.9,96.4,96.5,96.87,2494.0
2013-04-30 00:00:00+00:00,31.0,18723.0,97.27,96.8,96.9,96.82,1815.0
2013-05-01 00:00:00+00:00,58.0,19413.0,,,,96.25,
2013-05-02 00:00:00+00:00,57.0,19935.0,96.87,96.52,96.52,96.86,1891.0
2013-05-03 00:00:00+00:00,56.0,21018.0,97.0,96.5,96.8,96.75,3962.0
2013-05-06 00:00:00+00:00,53.0,21119.0,96.8,96.8,96.8,96.8,1077.0
2013-05-07 00:00:00+00:00,52.0,21211.0,96.5,96.1,96.5,96.3,3887.0
2013-05-08 00:00:00+00:00,51.0,21017.0,96.79,95.99,96.0,96.79,3496.0
2013-05-09 00:00:00+00:00,50.0,21017.0,97.3,96.24,96.79,96.3,2790.0
2013-05-10 00:00:00+00:00,49.0,21017.0,96.35,96.0,96.3,96.21,2438.0
2013-05-13 00:00:00+00:00,46.0,20686.0,96.69,96.1,96.15,96.45,1515.0
2013-05-14 00:00:00+00:00,45.0,20686.0,97.0,96.4,96.4,96.85,4028.0
2013-05-15 00:00:00+00:00,44.0,20837.0,96.95,96.35,96.9,96.35,2645.0
2013-05-16 00:00:00+00:00,43.0,20720.0,96.95,96.45,96.45,96.92,982.0
2013-05-17 00:00:00+00:00,42.0,20720.0,97.4,96.95,97.0,97.25,2700.0
2013-05-20 00:00:00+00:00,39.0,20680.0,97.49,97.11,97.2,97.11,1755.0
2013-05-21 00:00:00+00:00,38.0,20680.0,97.2,96.8,97.11,97.15,2746.0
2013-05-22 00:00:00+00:00,37.0,21496.0,98.0,97.01,97.15,97.8,4180.0
2013-05-23 00:00:00+00:00,36.0,20975.0,98.88,97.8,97.8,98.15,2392.0
2013-05-24 00:00:00+00:00,35.0,20975.0,98.6,97.9,98.15,98.48,3511.0
2013-05-27 00:00:00+00:00,32.0,22009.0,98.64,97.91,98.5,98.0,2728.0
2013-05-28 00:00:00+00:00,31.0,21900.0,98.46,97.95,97.95,98.2,3592.0
2013-05-29 00:00:00+00:00,30.0,21965.0,98.65,98.2,98.2,98.53,2483.0
2013-05-30 00:00:00+00:00,30.0,5826.0,,,,98.53,
2013-05-31 00:00:00+00:00,28.0,21817.0,98.84,98.55,98.55,98.84,1266.0
2013-06-03 00:00:00+00:00,58.0,17084.0,100.4,100.15,100.4,100.2,1522.0
2013-06-04 00:00:00+00:00,57.0,17524.0,100.3,99.71,100.0,99.9,2800.0
2013-06-05 00:00:00+00:00,56.0,18352.0,100.4,99.81,99.86,100.27,3580.0
2013-06-06 00:00:00+00:00,55.0,18352.0,100.45,100.25,100.4,100.4,2022.0
2013-06-07 00:00:00+00:00,54.0,18352.0,100.44,100.1,100.2,100.25,3523.0
2013-06-10 00:00:00+00:00,51.0,20046.0,100.4,100.0,100.15,100.17,1702.0
2013-06-11 00:00:00+00:00,50.0,20664.0,100.41,100.1,100.1,100.22,3007.0
2013-06-12 00:00:00+00:00,49.0,21126.0,100.49,99.9,100.4,100.03,3299.0
2013-06-13 00:00:00+00:00,48.0,21481.0,100.79,99.8,99.8,100.72,3103.0
2013-06-14 00:00:00+00:00,47.0,21734.0,101.15,100.7,100.74,101.12,3277.0
2013-06-17 00:00:00+00:00,44.0,22029.0,101.3,100.78,101.1,100.87,2795.0
2013-06-18 00:00:00+00:00,43.0,22112.0,101.22,100.89,100.94,100.97,4027.0
2013-06-19 00:00:00+00:00,42.0,22545.0,101.06,100.53,101.0,100.57,4281.0
2013-06-20 00:00:00+00:00,41.0,22662.0,101.36,100.55,100.55,101.24,4651.0
2013-06-21 00:00:00+00:00,40.0,23399.0,101.47,101.2,101.34,101.29,4829.0
2013-06-24 00:00:00+00:00,37.0,22850.0,101.4,100.96,101.3,101.11,2491.0
2013-06-25 00:00:00+00:00,36.0,22251.0,101.6,101.0,101.11,101.56,4925.0
2013-06-26 00:00:00+00:00,35.0,22251.0,102.0,101.54,101.62,101.84,4467.0
2013-06-27 00:00:00+00:00,34.0,24374.0,102.1,101.68,101.91,101.72,6475.0
2013-06-28 00:00:00+00:00,33.0,25343.0,102.0,101.67,101.74,101.98,3869.0
2013-07-01 00:00:00+00:00,60.0,20944.0,102.1,101.6,102.0,101.8,1535.0
2013-07-02 00:00:00+00:00,59.0,21033.0,102.35,101.7,101.7,102.21,2587.0
2013-07-03 00:00:00+00:00,58.0,21874.0,102.2,101.6,102.2,101.93,4016.0
2013-07-04 00:00:00+00:00,57.0,21874.0,102.5,102.2,102.2,102.49,3525.0
2013-07-05 00:00:00+00:00,56.0,21874.0,102.6,102.3,102.56,102.59,2707.0
2013-07-08 00:00:00+00:00,53.0,21874.0,103.0,102.48,102.6,102.86,1225.0
2013-07-09 00:00:00+00:00,52.0,22690.0,,,,102.86,
2013-07-10 00:00:00+00:00,51.0,22681.0,103.6,103.01,103.01,103.51,3522.0
2013-07-11 00:00:00+00:00,50.0,22681.0,103.99,103.2,103.5,103.88,4877.0
2013-07-12 00:00:00+00:00,49.0,23440.0,104.2,103.7,103.8,103.85,3224.0
2013-07-15 00:00:00+00:00,46.0,23835.0,103.8,103.55,103.8,103.75,2377.0
2013-07-16 00:00:00+00:00,45.0,23796.0,104.25,103.85,104.08,104.08,3249.0
2013-07-17 00:00:00+00:00,44.0,23796.0,104.19,102.51,104.19,102.61,6768.0
2013-07-18 00:00:00+00:00,43.0,23966.0,102.75,101.8,102.6,101.95,4760.0
2013-07-19 00:00:00+00:00,42.0,24702.0,102.4,101.65,101.94,101.87,5858.0
2013-07-22 00:00:00+00:00,39.0,24323.0,102.25,101.54,101.75,101.88,3741.0
2013-07-23 00:00:00+00:00,38.0,23995.0,102.0,101.61,101.88,101.7,3800.0
2013-07-24 00:00:00+00:00,37.0,24610.0,102.35,101.9,101.9,101.96,4209.0
2013-07-25 00:00:00+00:00,36.0,26365.0,102.49,101.45,102.1,101.51,6114.0
2013-07-26 00:00:00+00:00,35.0,26578.0,102.09,101.5,101.5,102.0,3853.0
2013-07-29 00:00:00+00:00,32.0,26481.0,102.0,101.51,102.0,101.81,2966.0
2013-07-30 00:00:00+00:00,31.0,27550.0,101.85,101.49,101.75,101.8,5748.0
2013-07-31 00:00:00+00:00,30.0,28018.0,101.96,101.32,101.84,101.36,4990.0
2013-08-01 00:00:00+00:00,60.0,23405.0,102.45,101.65,102.4,101.94,5368.0
2013-08-02 00:00:00+00:00,59.0,23405.0,102.54,101.8,102.0,102.33,5084.0
2013-08-05 00:00:00+00:00,56.0,23286.0,102.25,101.9,102.2,102.05,1877.0
2013-08-06 00:00:00+00:00,55.0,22539.0,102.47,102.2,102.47,102.21,5300.0
2013-08-07 00:00:00+00:00,54.0,23031.0,102.15,101.8,102.0,101.8,4271.0
2013-08-08 00:00:00+00:00,53.0,23031.0,101.6,101.31,101.6,101.5,3729.0
2013-08-09 00:00:00+00:00,52.0,23031.0,101.85,101.5,101.51,101.85,2384.0
2013-08-12 00:00:00+00:00,49.0,23031.0,101.85,101.25,101.85,101.36,2294.0
2013-08-13 00:00:00+00:00,48.0,22791.0,101.71,101.3,101.71,101.3,5680.0
2013-08-14 00:00:00+00:00,47.0,22791.0,101.5,101.1,101.2,101.29,4586.0
2013-08-15 00:00:00+00:00,46.0,23936.0,101.5,101.0,101.27,101.04,4455.0
2013-08-16 00:00:00+00:00,45.0,23936.0,102.22,101.04,101.15,102.0,5951.0
2013-08-19 00:00:00+00:00,42.0,22857.0,102.8,102.05,102.19,102.63,3968.0
2013-08-20 00:00:00+00:00,41.0,22857.0,102.65,102.2,102.35,102.4,5602.0
2013-08-21 00:00:00+00:00,40.0,24446.0,103.0,102.2,102.41,102.57,3294.0
2013-08-22 00:00:00+00:00,39.0,24446.0,102.98,102.35,102.36,102.89,3996.0
2013-08-23 00:00:00+00:00,38.0,24446.0,103.5,102.7,102.75,103.42,6260.0
2013-08-26 00:00:00+00:00,35.0,25270.0,104.0,103.5,103.6,103.92,6220.0
2013-08-27 00:00:00+00:00,34.0,23720.0,104.0,103.55,103.57,103.68,6187.0
2013-08-28 00:00:00+00:00,33.0,22862.0,104.0,103.39,103.61,103.96,6118.0
2013-08-29 00:00:00+00:00,32.0,22913.0,104.7,104.05,104.05,104.54,5127.0
2013-08-30 00:00:00+00:00,31.0,18330.0,104.99,104.45,104.7,104.96,3495.0
2013-09-02 00:00:00+00:00,59.0,20261.0,107.5,106.75,106.99,106.97,3965.0
2013-09-03 00:00:00+00:00,58.0,20261.0,107.09,106.26,106.99,106.41,5787.0
2013-09-04 00:00:00+00:00,57.0,20910.0,107.45,106.45,106.45,107.41,5714.0
2013-09-05 00:00:00+00:00,56.0,22188.0,107.77,106.7,107.41,106.88,4583.0
2013-09-06 00:00:00+00:00,55.0,21897.0,107.59,106.85,106.85,107.05,4800.0
2013-09-09 00:00:00+00:00,52.0,22188.0,107.44,106.9,107.01,107.35,3114.0
2013-09-10 00:00:00+00:00,51.0,22466.0,107.79,107.0,107.39,107.07,4857.0
2013-09-11 00:00:00+00:00,50.0,22466.0,107.33,106.7,107.19,107.26,5448.0
2013-09-12 00:00:00+00:00,49.0,23691.0,107.8,106.55,107.32,106.67,7058.0
2013-09-13 00:00:00+00:00,48.0,23691.0,107.49,106.4,106.65,107.35,5791.0
2013-09-16 00:00:00+00:00,45.0,23691.0,107.6,107.16,107.39,107.48,2230.0
2013-09-17 00:00:00+00:00,44.0,23691.0,108.1,107.15,107.5,107.99,4421.0
2013-09-18 00:00:00+00:00,43.0,21995.0,108.9,107.97,108.07,108.85,5983.0
2013-09-19 00:00:00+00:00,42.0,21995.0,109.5,108.75,108.8,109.4,7679.0
2013-09-20 00:00:00+00:00,41.0,21995.0,109.99,109.05,109.47,109.8,6547.0
2013-09-23 00:00:00+00:00,38.0,22370.0,110.13,109.51,109.8,109.62,5721.0
2013-09-24 00:00:00+00:00,37.0,21995.0,109.7,108.5,109.5,109.02,7542.0
2013-09-25 00:00:00+00:00,36.0,22885.0,110.2,108.05,109.04,110.12,9621.0
2013-09-26 00:00:00+00:00,35.0,24837.0,110.75,109.82,110.01,110.68,7048.0
2013-09-27 00:00:00+00:00,34.0,24837.0,111.1,110.31,110.66,110.8,5476.0
2013-09-30 00:00:00+00:00,31.0,26369.0,111.45,110.41,110.76,110.57,7570.0
2013-10-01 00:00:00+00:00,59.0,24517.0,109.54,108.65,109.1,108.81,8387.0
2013-10-02 00:00:00+00:00,58.0,26818.0,108.93,108.0,108.8,108.17,8879.0
2013-10-03 00:00:00+00:00,57.0,26818.0,108.3,107.6,108.17,108.09,7625.0
2013-10-04 00:00:00+00:00,56.0,26243.0,108.0,107.3,108.0,107.59,9706.0
2013-10-07 00:00:00+00:00,53.0,25174.0,108.7,107.4,107.49,108.61,7352.0
2013-10-08 00:00:00+00:00,52.0,25174.0,109.2,108.55,108.65,108.77,5899.0
2013-10-09 00:00:00+00:00,51.0,25666.0,108.79,108.3,108.77,108.52,6209.0
2013-10-10 00:00:00+00:00,50.0,25384.0,108.44,107.1,108.44,107.37,9129.0
2013-10-11 00:00:00+00:00,49.0,25384.0,107.94,106.9,107.37,107.15,10387.0
2013-10-14 00:00:00+00:00,46.0,24273.0,107.3,106.95,107.04,107.18,3941.0
2013-10-15 00:00:00+00:00,45.0,24640.0,107.2,106.7,107.17,106.78,3435.0
2013-10-16 00:00:00+00:00,44.0,24176.0,106.86,105.9,106.86,106.0,8130.0
2013-10-17 00:00:00+00:00,43.0,24176.0,106.43,105.81,106.09,106.2,5713.0
2013-10-18 00:00:00+00:00,42.0,24176.0,106.55,105.85,106.2,105.92,8461.0
2013-10-21 00:00:00+00:00,39.0,24176.0,106.44,105.82,105.91,106.23,2390.0
2013-10-22 00:00:00+00:00,38.0,24176.0,107.16,105.9,106.0,106.83,6534.0
2013-10-23 00:00:00+00:00,37.0,24176.0,107.35,106.7,106.89,106.87,5367.0
2013-10-24 00:00:00+00:00,36.0,20111.0,106.85,106.01,106.85,106.15,5014.0
2013-10-25 00:00:00+00:00,35.0,20458.0,106.2,105.85,106.15,105.99,1921.0
2013-10-28 00:00:00+00:00,32.0,20111.0,106.54,106.05,106.14,106.5,1879.0
2013-10-29 00:00:00+00:00,31.0,20111.0,107.15,106.5,106.64,106.9,4880.0
2013-10-30 00:00:00+00:00,30.0,20111.0,106.75,106.2,106.75,106.38,3464.0
2013-10-31 00:00:00+00:00,29.0,20851.0,107.0,106.16,106.38,106.89,4076.0
2013-11-01 00:00:00+00:00,59.0,12235.0,107.0,105.85,106.0,106.09,2298.0
2013-11-04 00:00:00+00:00,56.0,12152.0,106.8,105.82,106.27,106.59,2837.0
2013-11-05 00:00:00+00:00,55.0,11611.0,106.89,106.5,106.51,106.74,1564.0
2013-11-06 00:00:00+00:00,54.0,11851.0,107.15,106.91,106.99,106.98,2005.0
2013-11-07 00:00:00+00:00,53.0,11638.0,107.2,106.35,106.98,106.63,1919.0
2013-11-08 00:00:00+00:00,52.0,12376.0,107.25,106.79,106.79,107.11,2806.0
2013-11-11 00:00:00+00:00,49.0,10737.0,107.41,106.8,107.0,107.39,2073.0
2013-11-12 00:00:00+00:00,48.0,10855.0,107.75,107.31,107.49,107.44,3093.0
2013-11-13 00:00:00+00:00,47.0,11142.0,107.5,106.85,107.5,107.03,2646.0
2013-11-14 00:00:00+00:00,46.0,12376.0,107.49,106.92,106.95,107.31,2587.0
2013-11-15 00:00:00+00:00,46.0,12376.0,,,,107.31,
2013-11-18 00:00:00+00:00,42.0,10744.0,107.69,107.05,107.31,107.63,3490.0
2013-11-19 00:00:00+00:00,41.0,12376.0,108.25,107.15,107.6,108.1,3201.0
2013-11-20 00:00:00+00:00,41.0,12376.0,,,,108.1,
2013-11-21 00:00:00+00:00,39.0,10946.0,108.9,107.8,108.11,108.82,4645.0
2013-11-22 00:00:00+00:00,38.0,11318.0,108.93,108.51,108.71,108.78,2622.0
2013-11-25 00:00:00+00:00,35.0,10970.0,109.3,108.78,108.78,109.11,3104.0
2013-11-26 00:00:00+00:00,34.0,10035.0,109.9,109.03,109.24,109.78,5747.0
2013-11-27 00:00:00+00:00,33.0,10469.0,110.1,109.57,109.75,109.91,6614.0
2013-11-28 00:00:00+00:00,32.0,10809.0,110.39,109.75,109.96,110.35,3729.0
2013-11-29 00:00:00+00:00,31.0,7298.0,110.9,110.25,110.42,110.57,1532.0
2013-12-02 00:00:00+00:00,60.0,8201.0,110.0,109.2,109.38,110.0,3236.0
2013-12-03 00:00:00+00:00,59.0,8291.0,110.3,109.5,109.81,110.03,3420.0
2013-12-04 00:00:00+00:00,58.0,2914.0,110.57,110.0,110.0,110.57,4274.0
2013-12-05 00:00:00+00:00,57.0,8856.0,110.9,110.5,110.59,110.9,3046.0
2013-12-06 00:00:00+00:00,56.0,8575.0,111.99,110.75,110.84,111.99,2936.0
2013-12-09 00:00:00+00:00,53.0,8436.0,112.89,111.9,111.91,112.88,2440.0
2013-12-10 00:00:00+00:00,52.0,8436.0,113.0,111.4,112.91,111.4,4222.0
2013-12-11 00:00:00+00:00,51.0,8896.0,111.99,110.89,111.0,111.78,3212.0
2013-12-12 00:00:00+00:00,50.0,8436.0,112.75,111.65,111.65,112.7,3420.0
2013-12-13 00:00:00+00:00,49.0,8436.0,112.7,112.05,112.4,112.4,1875.0
2013-12-16 00:00:00+00:00,46.0,9078.0,113.16,112.35,112.35,113.05,2439.0
2013-12-17 00:00:00+00:00,45.0,9396.0,113.27,112.0,113.15,113.27,2608.0
2013-12-18 00:00:00+00:00,44.0,9545.0,113.4,112.21,113.25,112.46,3008.0
2013-12-19 00:00:00+00:00,43.0,9545.0,112.69,111.8,112.69,112.06,2526.0
2013-12-20 00:00:00+00:00,42.0,9545.0,112.0,111.01,111.89,111.03,2855.0
2013-12-23 00:00:00+00:00,39.0,0.0,111.7,111.03,111.03,111.42,1306.0
2013-12-24 00:00:00+00:00,39.0,0.0,,,,111.42,
2013-12-25 00:00:00+00:00,37.0,11172.0,,,,111.42,
2013-12-26 00:00:00+00:00,36.0,11451.0,113.0,111.4,111.4,112.85,1459.0
2013-12-27 00:00:00+00:00,35.0,11406.0,113.2,112.35,112.85,112.99,1418.0
2013-12-30 00:00:00+00:00,32.0,0.0,113.1,112.45,112.99,112.45,433.0
2013-12-31 00:00:00+00:00,32.0,0.0,,,,112.45,
2014-01-01 00:00:00+00:00,58.0,6825.0,,,,111.2,
2014-01-02 00:00:00+00:00,57.0,3998.0,111.5,111.5,111.5,111.63,1067.0
2014-01-03 00:00:00+00:00,56.0,7445.0,111.4,111.4,111.4,111.8,1257.0
2014-01-06 00:00:00+00:00,53.0,7877.0,112.1,112.0,112.0,112.2,1675.0
2014-01-07 00:00:00+00:00,52.0,8754.0,112.15,111.67,112.1,111.5,2177.0
2014-01-08 00:00:00+00:00,51.0,4460.0,111.59,111.59,111.59,111.59,1724.0
2014-01-09 00:00:00+00:00,50.0,8897.0,112.0,112.0,112.0,111.85,2357.0
2014-01-10 00:00:00+00:00,49.0,4460.0,111.5,111.5,111.5,111.58,543.0
2014-01-13 00:00:00+00:00,46.0,4460.0,111.77,111.77,111.77,111.77,1715.0
2014-01-14 00:00:00+00:00,45.0,9236.0,112.15,112.0,112.0,112.09,4225.0
2014-01-15 00:00:00+00:00,44.0,9390.0,111.7,111.6,111.7,111.82,1954.0
2014-01-16 00:00:00+00:00,43.0,10776.0,111.89,111.5,111.7,111.69,4795.0
2014-01-17 00:00:00+00:00,42.0,10725.0,111.88,111.6,111.88,111.6,1058.0
2014-01-20 00:00:00+00:00,39.0,10776.0,111.35,111.35,111.35,111.54,746.0
2014-01-21 00:00:00+00:00,38.0,10776.0,111.51,111.4,111.4,111.48,1534.0
2014-01-22 00:00:00+00:00,37.0,11678.0,111.0,110.3,111.0,110.88,4191.0
2014-01-23 00:00:00+00:00,36.0,11910.0,112.47,110.95,111.4,112.25,4356.0
2014-01-24 00:00:00+00:00,35.0,12074.0,112.8,111.85,112.09,112.7,2887.0
2014-01-27 00:00:00+00:00,32.0,11586.0,113.78,113.0,113.2,113.72,4161.0
2014-01-28 00:00:00+00:00,31.0,11849.0,114.49,113.7,113.79,113.7,4547.0
2014-01-29 00:00:00+00:00,30.0,12285.0,115.1,113.23,113.23,115.01,4036.0
2014-01-30 00:00:00+00:00,29.0,13254.0,115.96,115.15,115.34,115.78,3117.0
2014-01-31 00:00:00+00:00,28.0,8252.0,116.99,115.7,115.8,116.8,8154.0
2014-02-03 00:00:00+00:00,56.0,8810.0,116.54,116.4,116.4,116.54,2274.0
2014-02-04 00:00:00+00:00,55.0,8837.0,116.99,116.2,116.21,116.99,3561.0
2014-02-05 00:00:00+00:00,54.0,7185.0,118.0,116.4,116.55,117.13,3485.0
2014-02-06 00:00:00+00:00,53.0,7185.0,118.0,117.05,117.05,117.54,4353.0
2014-02-07 00:00:00+00:00,52.0,11055.0,117.9,117.21,117.3,117.7,2348.0
2014-02-10 00:00:00+00:00,49.0,11655.0,117.82,116.7,117.82,116.82,2340.0
2014-02-11 00:00:00+00:00,48.0,12301.0,117.2,116.61,116.86,116.62,1639.0
2014-02-12 00:00:00+00:00,47.0,12219.0,118.3,116.97,116.97,118.3,3980.0
2014-02-13 00:00:00+00:00,46.0,11543.0,119.55,118.3,118.3,119.31,5114.0
2014-02-14 00:00:00+00:00,45.0,11795.0,119.7,118.7,119.5,119.32,3621.0
2014-02-17 00:00:00+00:00,42.0,7185.0,121.2,121.2,121.2,121.2,627.0
2014-02-18 00:00:00+00:00,41.0,11287.0,122.25,121.0,121.25,121.53,1150.0
2014-02-19 00:00:00+00:00,40.0,10190.0,122.15,120.7,121.68,121.91,689.0
2014-02-20 00:00:00+00:00,39.0,13590.0,120.52,120.52,120.52,120.52,6560.0
2014-02-21 00:00:00+00:00,38.0,13548.0,120.0,120.0,120.0,120.0,149.0
2014-02-24 00:00:00+00:00,35.0,14502.0,121.59,121.59,121.59,121.59,655.0
2014-02-25 00:00:00+00:00,34.0,15017.0,122.05,122.05,122.05,122.05,800.0
2014-02-26 00:00:00+00:00,33.0,13953.0,121.7,121.7,121.7,121.7,827.0
2014-02-27 00:00:00+00:00,32.0,16496.0,121.26,121.26,121.26,121.26,584.0
2014-02-28 00:00:00+00:00,31.0,0.0,122.0,121.4,121.46,122.0,1406.0
2014-03-03 00:00:00+00:00,31.0,0.0,,,,122.0,
2014-03-04 00:00:00+00:00,57.0,15758.0,,,,119.75,
2014-03-05 00:00:00+00:00,56.0,15504.0,121.09,121.09,121.09,121.09,16.0
2014-03-06 00:00:00+00:00,55.0,16362.0,121.96,121.96,121.96,121.96,99.0
2014-03-07 00:00:00+00:00,54.0,17161.0,122.04,122.04,122.04,122.04,107.0
2014-03-10 00:00:00+00:00,51.0,17308.0,123.49,122.9,122.9,123.0,4426.0
2014-03-11 00:00:00+00:00,50.0,17999.0,123.0,123.0,123.0,122.97,4929.0
2014-03-12 00:00:00+00:00,49.0,18367.0,123.95,123.95,123.95,123.08,159.0
2014-03-13 00:00:00+00:00,48.0,18846.0,123.0,121.11,123.0,121.11,3156.0
2014-03-14 00:00:00+00:00,47.0,21561.0,121.15,119.5,121.01,120.99,8268.0
2014-03-17 00:00:00+00:00,44.0,21561.0,122.7,120.8,120.8,122.4,4366.0
2014-03-18 00:00:00+00:00,43.0,21563.0,123.9,123.78,123.78,123.9,4530.0
2014-03-19 00:00:00+00:00,42.0,21899.0,125.8,123.1,125.0,122.95,6956.0
2014-03-20 00:00:00+00:00,41.0,23346.0,122.5,122.35,122.35,122.21,5743.0
2014-03-21 00:00:00+00:00,40.0,24047.0,122.5,122.0,122.0,122.45,5237.0
2014-03-24 00:00:00+00:00,37.0,23885.0,124.0,123.5,123.95,123.5,3183.0
2014-03-25 00:00:00+00:00,36.0,24038.0,123.7,122.84,123.7,122.84,4159.0
2014-03-26 00:00:00+00:00,35.0,24131.0,124.3,122.65,122.85,123.95,4816.0
2014-03-27 00:00:00+00:00,34.0,24754.0,124.4,123.3,124.0,123.4,3371.0
2014-03-28 00:00:00+00:00,33.0,24371.0,123.39,122.3,123.39,122.47,2779.0
2014-03-31 00:00:00+00:00,30.0,24158.0,122.16,120.1,122.16,121.96,6133.0
2014-04-01 00:00:00+00:00,59.0,21592.0,117.94,116.55,117.0,117.66,4359.0
2014-04-02 00:00:00+00:00,58.0,21774.0,117.7,116.66,117.61,116.78,3233.0
2014-04-03 00:00:00+00:00,57.0,21774.0,117.7,116.66,116.67,117.19,1516.0
2014-04-04 00:00:00+00:00,56.0,21817.0,118.29,117.11,117.19,118.17,2766.0
2014-04-07 00:00:00+00:00,53.0,21712.0,119.19,118.1,118.19,118.99,1821.0
2014-04-08 00:00:00+00:00,52.0,22614.0,119.7,118.35,118.91,118.62,2710.0
2014-04-09 00:00:00+00:00,51.0,23131.0,118.7,117.2,118.58,117.34,4364.0
2014-04-10 00:00:00+00:00,50.0,23221.0,117.55,117.02,117.23,117.24,2046.0
2014-04-11 00:00:00+00:00,49.0,24189.0,117.6,116.84,117.27,116.95,3185.0
2014-04-14 00:00:00+00:00,46.0,24233.0,118.37,116.52,116.71,117.94,11.0
2014-04-15 00:00:00+00:00,45.0,23750.0,119.0,118.1,118.15,118.97,3637.0
2014-04-16 00:00:00+00:00,44.0,24200.0,119.77,118.55,119.0,119.7,3574.0
2014-04-17 00:00:00+00:00,43.0,24200.0,120.05,119.6,119.65,119.99,2559.0
2014-04-18 00:00:00+00:00,43.0,24200.0,,,,119.99,
2014-04-21 00:00:00+00:00,43.0,24200.0,,,,119.99,
2014-04-22 00:00:00+00:00,38.0,26321.0,120.2,119.11,119.98,119.29,6481.0
2014-04-23 00:00:00+00:00,37.0,26634.0,119.49,118.06,119.49,118.3,5558.0
2014-04-24 00:00:00+00:00,36.0,26438.0,119.6,118.03,118.1,119.51,3983.0
2014-04-25 00:00:00+00:00,35.0,25606.0,119.6,118.92,119.51,119.46,3011.0
2014-04-28 00:00:00+00:00,32.0,25957.0,119.9,119.15,119.6,119.47,1917.0
2014-04-29 00:00:00+00:00,31.0,26099.0,119.97,119.0,119.49,119.69,1538.0
2014-04-30 00:00:00+00:00,30.0,26489.0,120.42,119.21,119.65,119.3,2362.0
2014-05-01 00:00:00+00:00,30.0,26489.0,,,,119.3,
2014-05-02 00:00:00+00:00,59.0,26094.0,120.0,120.0,120.0,120.0,1996.0
2014-05-05 00:00:00+00:00,56.0,26094.0,120.15,119.99,120.0,120.15,3218.0
2014-05-06 00:00:00+00:00,55.0,27222.0,120.5,120.15,120.25,120.2,4464.0
2014-05-07 00:00:00+00:00,54.0,27321.0,120.5,120.2,120.2,120.8,3386.0
2014-05-08 00:00:00+00:00,53.0,27062.0,120.6,120.3,120.3,120.41,2739.0
2014-05-09 00:00:00+00:00,52.0,26968.0,120.75,120.71,120.75,120.71,2753.0
2014-05-12 00:00:00+00:00,49.0,27061.0,120.9,120.31,120.69,120.31,2799.0
2014-05-13 00:00:00+00:00,48.0,27165.0,120.62,120.31,120.5,120.45,2209.0
2014-05-14 00:00:00+00:00,47.0,27049.0,121.3,120.49,120.5,120.49,3562.0
2014-05-15 00:00:00+00:00,46.0,27214.0,120.49,120.12,120.49,120.15,2607.0
2014-05-16 00:00:00+00:00,45.0,26999.0,120.15,119.31,120.15,119.5,4691.0
2014-05-19 00:00:00+00:00,42.0,27338.0,119.6,119.3,119.42,119.3,4534.0
2014-05-20 00:00:00+00:00,41.0,27576.0,119.8,119.3,119.3,119.34,2992.0
2014-05-21 00:00:00+00:00,40.0,27417.0,119.9,118.52,119.02,118.9,4237.0
2014-05-22 00:00:00+00:00,39.0,27417.0,119.0,118.1,118.99,118.85,2029.0
2014-05-23 00:00:00+00:00,38.0,28420.0,119.25,118.6,119.0,119.25,3068.0
2014-05-26 00:00:00+00:00,35.0,28420.0,119.9,119.35,119.38,119.64,1877.0
2014-05-27 00:00:00+00:00,34.0,26989.0,120.25,119.55,119.7,120.1,6108.0
2014-05-28 00:00:00+00:00,33.0,26958.0,121.6,120.05,120.09,121.5,10893.0
2014-05-29 00:00:00+00:00,32.0,25602.0,122.15,121.5,121.5,122.02,7815.0
2014-05-30 00:00:00+00:00,31.0,13704.0,122.62,122.0,122.1,122.55,4474.0
2014-06-02 00:00:00+00:00,59.0,13826.0,124.15,123.87,124.0,124.03,1465.0
2014-06-03 00:00:00+00:00,58.0,14168.0,124.19,123.62,123.75,123.82,3283.0
2014-06-04 00:00:00+00:00,57.0,14269.0,125.5,123.9,123.9,125.45,6186.0
2014-06-05 00:00:00+00:00,56.0,14230.0,126.55,125.3,125.3,126.24,4392.0
2014-06-06 00:00:00+00:00,55.0,14148.0,126.49,125.7,126.0,126.36,2031.0
2014-06-09 00:00:00+00:00,52.0,14148.0,126.5,125.2,126.18,125.28,2899.0
2014-06-10 00:00:00+00:00,51.0,14068.0,125.5,124.7,124.95,125.24,3059.0
2014-06-11 00:00:00+00:00,50.0,0.0,126.0,125.0,125.25,125.59,3183.0
2014-06-12 00:00:00+00:00,49.0,14328.0,,,,125.59,
2014-06-13 00:00:00+00:00,48.0,14227.0,126.35,125.48,125.5,125.98,2001.0
2014-06-16 00:00:00+00:00,45.0,14319.0,125.98,125.6,125.98,125.8,916.0
2014-06-17 00:00:00+00:00,44.0,14594.0,125.7,125.12,125.7,125.35,1590.0
2014-06-18 00:00:00+00:00,43.0,14895.0,125.33,124.9,125.1,125.0,2842.0
2014-06-19 00:00:00+00:00,42.0,14895.0,,,,125.0,
2014-06-20 00:00:00+00:00,41.0,14718.0,125.1,123.52,125.1,123.86,3051.0
2014-06-23 00:00:00+00:00,38.0,14881.0,124.49,123.9,123.9,124.0,737.0
2014-06-24 00:00:00+00:00,37.0,14881.0,124.3,123.65,123.9,123.81,1882.0
2014-06-25 00:00:00+00:00,36.0,15155.0,124.0,123.2,123.99,123.34,2799.0
2014-06-26 00:00:00+00:00,35.0,14953.0,123.3,122.62,123.25,122.83,3731.0
2014-06-27 00:00:00+00:00,34.0,15002.0,123.18,122.6,122.8,122.71,2143.0
2014-06-30 00:00:00+00:00,31.0,14942.0,122.75,122.02,122.7,122.48,1879.0
2014-07-01 00:00:00+00:00,59.0,13748.0,123.05,122.99,122.99,122.94,2583.0
2014-07-02 00:00:00+00:00,58.0,14030.0,123.5,122.5,123.1,123.5,3210.0
2014-07-03 00:00:00+00:00,57.0,14123.0,124.78,123.7,123.7,124.78,3560.0
2014-07-04 00:00:00+00:00,56.0,14484.0,124.69,123.2,124.69,124.0,2532.0
2014-07-07 00:00:00+00:00,53.0,15187.0,124.0,123.5,123.9,123.25,1529.0
2014-07-08 00:00:00+00:00,52.0,14522.0,123.0,122.51,123.0,122.55,1893.0
2014-07-09 00:00:00+00:00,52.0,14522.0,,,,122.55,
2014-07-10 00:00:00+00:00,50.0,14522.0,122.8,122.21,122.3,122.8,1368.0
2014-07-11 00:00:00+00:00,49.0,14684.0,123.4,122.65,122.65,122.9,1894.0
2014-07-14 00:00:00+00:00,46.0,14684.0,123.2,122.9,122.9,123.2,1761.0
2014-07-15 00:00:00+00:00,45.0,15778.0,123.99,123.14,123.19,123.23,3473.0
2014-07-16 00:00:00+00:00,44.0,16048.0,123.2,122.5,123.2,122.45,2420.0
2014-07-17 00:00:00+00:00,43.0,15950.0,122.53,121.97,122.53,122.03,4631.0
2014-07-18 00:00:00+00:00,42.0,15383.0,122.0,121.0,122.0,121.3,1745.0
2014-07-21 00:00:00+00:00,39.0,15683.0,121.8,121.19,121.19,121.5,1621.0
2014-07-22 00:00:00+00:00,38.0,16093.0,121.6,120.2,121.5,120.61,5110.0
2014-07-23 00:00:00+00:00,37.0,16275.0,120.95,120.5,120.6,120.5,2449.0
2014-07-24 00:00:00+00:00,36.0,16814.0,120.41,119.7,119.91,120.41,7022.0
2014-07-25 00:00:00+00:00,35.0,17650.0,120.79,119.5,120.45,120.79,2886.0
2014-07-28 00:00:00+00:00,32.0,17755.0,120.8,120.6,120.69,120.75,1879.0
2014-07-29 00:00:00+00:00,31.0,17447.0,121.14,120.6,120.6,121.14,2284.0
2014-07-30 00:00:00+00:00,30.0,18039.0,121.8,121.13,121.13,121.8,3094.0
2014-07-31 00:00:00+00:00,29.0,17984.0,122.08,121.6,121.7,122.08,4014.0
2014-08-01 00:00:00+00:00,60.0,16877.0,123.94,123.94,123.94,123.94,3356.0
2014-08-04 00:00:00+00:00,57.0,17017.0,124.0,123.8,123.94,123.8,1235.0
2014-08-05 00:00:00+00:00,56.0,16674.0,124.7,123.95,123.95,124.7,4551.0
2014-08-06 00:00:00+00:00,55.0,16508.0,125.45,124.4,124.4,125.0,2997.0
2014-08-07 00:00:00+00:00,54.0,16508.0,125.3,125.0,125.0,125.09,5346.0
2014-08-08 00:00:00+00:00,53.0,16763.0,125.4,125.0,125.2,124.82,4338.0
2014-08-11 00:00:00+00:00,50.0,16387.0,125.15,125.0,125.03,124.92,1353.0
2014-08-12 00:00:00+00:00,49.0,17119.0,126.0,125.2,125.2,125.74,3354.0
2014-08-13 00:00:00+00:00,48.0,17720.0,126.25,125.7,125.7,126.2,2396.0
2014-08-14 00:00:00+00:00,47.0,18559.0,126.9,126.2,126.2,126.9,3148.0
2014-08-15 00:00:00+00:00,46.0,18736.0,127.5,127.1,127.4,127.1,2807.0
2014-08-18 00:00:00+00:00,43.0,18684.0,127.55,127.0,127.25,127.55,2092.0
2014-08-19 00:00:00+00:00,42.0,19054.0,128.15,127.55,127.55,127.79,3066.0
2014-08-20 00:00:00+00:00,41.0,18634.0,127.9,127.2,127.7,127.22,3297.0
2014-08-21 00:00:00+00:00,40.0,18599.0,127.22,126.7,127.22,127.04,2076.0
2014-08-22 00:00:00+00:00,39.0,18580.0,127.15,126.4,127.04,126.66,3724.0
2014-08-25 00:00:00+00:00,36.0,19083.0,127.44,126.35,126.66,127.44,2348.0
2014-08-26 00:00:00+00:00,35.0,18774.0,128.2,127.5,127.5,128.2,4709.0
2014-08-27 00:00:00+00:00,34.0,18548.0,128.55,128.05,128.35,128.4,2335.0
2014-08-28 00:00:00+00:00,33.0,17824.0,129.05,128.7,128.95,128.79,4371.0
2014-08-29 00:00:00+00:00,32.0,16245.0,129.8,129.0,129.3,129.34,2702.0
2014-09-01 00:00:00+00:00,60.0,16106.0,130.2,129.41,130.03,129.8,1429.0
2014-09-02 00:00:00+00:00,59.0,15997.0,129.85,129.15,129.78,129.22,1993.0
2014-09-03 00:00:00+00:00,58.0,15837.0,129.09,127.85,129.09,128.13,4898.0
2014-09-04 00:00:00+00:00,57.0,16100.0,128.8,127.85,128.13,127.94,5181.0
2014-09-05 00:00:00+00:00,56.0,16811.0,128.2,127.16,127.94,127.69,2998.0
2014-09-08 00:00:00+00:00,53.0,16811.0,128.17,127.35,127.73,127.43,2658.0
2014-09-09 00:00:00+00:00,52.0,16765.0,128.7,127.15,127.3,128.61,3577.0
2014-09-10 00:00:00+00:00,51.0,17340.0,129.1,128.3,128.61,128.57,4016.0
2014-09-11 00:00:00+00:00,50.0,19146.0,128.8,127.8,128.57,128.31,4532.0
2014-09-12 00:00:00+00:00,49.0,18818.0,128.39,127.9,128.12,127.91,1536.0
2014-09-15 00:00:00+00:00,46.0,18460.0,127.91,127.31,127.91,127.44,2570.0
2014-09-16 00:00:00+00:00,45.0,17992.0,127.6,127.05,127.49,127.11,2764.0
2014-09-17 00:00:00+00:00,44.0,17877.0,127.64,126.81,127.25,127.54,2883.0
2014-09-18 00:00:00+00:00,43.0,17842.0,128.29,127.2,127.59,128.86,2557.0
2014-09-19 00:00:00+00:00,42.0,18710.0,128.6,128.01,128.28,128.52,3633.0
2014-09-22 00:00:00+00:00,39.0,18877.0,128.99,128.0,128.48,128.63,2480.0
2014-09-23 00:00:00+00:00,38.0,18527.0,128.94,128.6,128.6,128.82,2026.0
2014-09-24 00:00:00+00:00,37.0,19015.0,129.42,128.8,128.8,129.4,2975.0
2014-09-25 00:00:00+00:00,36.0,19567.0,130.2,129.25,129.4,130.1,4534.0
2014-09-26 00:00:00+00:00,35.0,19939.0,130.48,129.81,130.05,130.21,4398.0
2014-09-29 00:00:00+00:00,32.0,19969.0,130.69,130.01,130.23,130.63,1516.0
2014-09-30 00:00:00+00:00,31.0,18120.0,130.81,130.16,130.63,130.4,3114.0
2014-10-01 00:00:00+00:00,58.0,17607.0,132.29,131.5,131.5,132.19,3443.0
2014-10-02 00:00:00+00:00,57.0,17166.0,133.8,132.14,132.14,133.72,5729.0
2014-10-03 00:00:00+00:00,56.0,17754.0,134.25,133.5,133.75,133.61,5316.0
2014-10-06 00:00:00+00:00,53.0,17835.0,134.49,133.3,133.6,134.37,2771.0
2014-10-07 00:00:00+00:00,52.0,18231.0,134.5,134.0,134.3,134.37,3555.0
2014-10-08 00:00:00+00:00,51.0,18152.0,134.4,133.5,133.61,134.24,3521.0
2014-10-09 00:00:00+00:00,50.0,16250.0,136.1,134.26,134.26,136.0,8195.0
2014-10-10 00:00:00+00:00,49.0,15643.0,136.2,135.6,135.85,135.97,2694.0
2014-10-13 00:00:00+00:00,46.0,15823.0,137.5,135.8,135.97,137.27,2253.0
2014-10-14 00:00:00+00:00,45.0,16226.0,139.5,137.3,137.4,139.03,4353.0
2014-10-15 00:00:00+00:00,44.0,16591.0,139.0,137.3,138.97,137.32,3450.0
2014-10-16 00:00:00+00:00,43.0,16804.0,138.8,136.6,137.4,137.85,3967.0
2014-10-17 00:00:00+00:00,42.0,17374.0,138.49,137.7,138.0,137.99,1799.0
2014-10-20 00:00:00+00:00,39.0,17527.0,138.75,137.9,137.9,138.71,1221.0
2014-10-21 00:00:00+00:00,38.0,17911.0,139.64,138.6,138.7,139.04,3221.0
2014-10-22 00:00:00+00:00,37.0,17902.0,139.97,139.0,139.0,139.7,2716.0
2014-10-23 00:00:00+00:00,36.0,17831.0,140.4,139.7,139.85,140.18,4292.0
2014-10-24 00:00:00+00:00,35.0,18048.0,141.7,140.28,140.29,141.4,3229.0
2014-10-27 00:00:00+00:00,32.0,18460.0,141.7,139.86,141.3,140.08,2400.0
2014-10-28 00:00:00+00:00,31.0,19016.0,141.7,140.0,140.1,141.59,2871.0
2014-10-29 00:00:00+00:00,30.0,19501.0,143.78,141.6,141.65,143.66,5644.0
2014-10-30 00:00:00+00:00,29.0,19931.0,143.82,142.65,143.61,143.55,3890.0
2014-10-31 00:00:00+00:00,28.0,14041.0,144.5,143.5,143.78,144.46,3561.0
2014-11-03 00:00:00+00:00,57.0,14670.0,145.75,143.0,145.5,143.79,3555.0
2014-11-04 00:00:00+00:00,56.0,14282.0,144.29,142.51,143.9,144.08,4208.0
2014-11-05 00:00:00+00:00,55.0,14334.0,144.9,142.81,144.08,144.8,4070.0
2014-11-06 00:00:00+00:00,54.0,14976.0,146.8,144.01,144.79,146.65,3198.0
2014-11-07 00:00:00+00:00,53.0,15125.0,147.5,145.85,146.55,146.0,1849.0
2014-11-10 00:00:00+00:00,50.0,15607.0,147.5,145.35,146.29,145.46,3048.0
2014-11-11 00:00:00+00:00,49.0,15586.0,145.9,144.52,145.58,144.89,4274.0
2014-11-12 00:00:00+00:00,48.0,15448.0,145.81,143.6,144.79,144.55,6617.0
2014-11-13 00:00:00+00:00,47.0,15260.0,144.5,143.28,144.49,143.55,4427.0
2014-11-14 00:00:00+00:00,46.0,15465.0,143.7,142.66,143.1,142.88,2321.0
2014-11-17 00:00:00+00:00,43.0,15921.0,143.49,141.8,142.95,143.05,3785.0
2014-11-18 00:00:00+00:00,42.0,15496.0,145.0,142.99,142.99,144.6,2879.0
2014-11-19 00:00:00+00:00,41.0,15563.0,144.95,143.56,144.6,144.42,3783.0
2014-11-20 00:00:00+00:00,40.0,15563.0,,,,144.42,
2014-11-21 00:00:00+00:00,39.0,15197.0,144.5,143.7,144.5,143.74,1424.0
2014-11-24 00:00:00+00:00,36.0,15169.0,144.0,142.81,143.78,143.16,2118.0
2014-11-25 00:00:00+00:00,35.0,15284.0,144.97,143.1,143.1,144.85,2805.0
2014-11-26 00:00:00+00:00,34.0,15285.0,145.75,144.6,145.0,145.6,4848.0
2014-11-27 00:00:00+00:00,33.0,15292.0,146.3,145.03,145.66,145.12,1263.0
2014-11-28 00:00:00+00:00,32.0,8333.0,146.2,144.75,145.0,145.92,3205.0
2014-12-01 00:00:00+00:00,60.0,8121.0,144.49,143.7,143.9,144.48,2254.0
2014-12-02 00:00:00+00:00,59.0,8055.0,144.64,143.55,144.32,144.44,2653.0
2014-12-03 00:00:00+00:00,58.0,7685.0,144.59,143.04,144.44,143.19,3949.0
2014-12-04 00:00:00+00:00,57.0,8744.0,143.5,140.0,143.03,140.5,6330.0
2014-12-05 00:00:00+00:00,56.0,8955.0,141.95,140.9,140.9,141.91,3166.0
2014-12-08 00:00:00+00:00,53.0,8267.0,142.1,140.95,141.8,141.1,2775.0
2014-12-09 00:00:00+00:00,52.0,7826.0,141.35,139.7,141.1,141.0,3857.0
2014-12-10 00:00:00+00:00,51.0,7758.0,141.0,139.21,141.0,139.63,3088.0
2014-12-11 00:00:00+00:00,50.0,7979.0,140.13,138.61,139.7,138.98,3483.0
2014-12-12 00:00:00+00:00,49.0,8076.0,139.4,138.55,139.0,139.33,1631.0
2014-12-15 00:00:00+00:00,46.0,8224.0,140.0,138.75,139.4,139.1,923.0
2014-12-16 00:00:00+00:00,45.0,8382.0,139.3,137.9,139.3,138.08,2577.0
2014-12-17 00:00:00+00:00,44.0,8272.0,139.68,137.56,137.85,139.64,2321.0
2014-12-18 00:00:00+00:00,43.0,8600.0,140.2,139.2,139.7,140.04,1371.0
2014-12-19 00:00:00+00:00,42.0,9218.0,140.3,139.2,140.26,139.26,2126.0
2014-12-22 00:00:00+00:00,39.0,9440.0,140.14,138.6,139.19,138.98,1716.0
2014-12-23 00:00:00+00:00,38.0,0.0,140.5,138.7,138.84,140.38,2996.0
2014-12-24 00:00:00+00:00,38.0,0.0,,,,140.38,
2014-12-25 00:00:00+00:00,38.0,9471.0,,,,140.38,
2014-12-26 00:00:00+00:00,35.0,9384.0,141.7,140.38,140.38,141.69,1323.0
2014-12-29 00:00:00+00:00,32.0,9417.0,142.44,141.65,141.65,142.4,1531.0
2014-12-30 00:00:00+00:00,31.0,7847.0,142.78,142.1,142.4,142.32,1075.0
2014-12-31 00:00:00+00:00,31.0,7847.0,,,,142.32,
2015-01-01 00:00:00+00:00,57.0,7847.0,,,,141.52,
2015-01-02 00:00:00+00:00,56.0,8140.0,141.72,141.72,141.72,141.72,731.0
2015-01-05 00:00:00+00:00,53.0,8162.0,142.58,142.58,142.58,142.58,1223.0
2015-01-06 00:00:00+00:00,52.0,8639.0,142.5,142.25,142.5,142.25,1322.0
2015-01-07 00:00:00+00:00,51.0,8593.0,142.0,141.7,142.0,141.66,2211.0
2015-01-08 00:00:00+00:00,50.0,8773.0,141.72,141.72,141.72,141.72,1450.0
2015-01-09 00:00:00+00:00,49.0,8718.0,142.15,142.15,142.15,142.15,929.0
2015-01-12 00:00:00+00:00,46.0,8881.0,142.3,142.15,142.15,142.72,0.0
2015-01-13 00:00:00+00:00,45.0,8361.0,143.6,142.69,142.72,143.4,0.0
2015-01-14 00:00:00+00:00,44.0,7704.0,143.08,143.08,143.08,143.08,0.0
2015-01-15 00:00:00+00:00,43.0,7913.0,143.14,142.55,143.08,143.01,0.0
2015-01-16 00:00:00+00:00,42.0,8491.0,143.78,143.78,143.78,143.78,2109.0
2015-01-19 00:00:00+00:00,39.0,8420.0,143.35,143.08,143.35,143.1,947.0
2015-01-20 00:00:00+00:00,38.0,8902.0,143.01,143.01,143.01,143.01,2116.0
2015-01-21 00:00:00+00:00,37.0,8985.0,142.74,142.74,142.74,142.74,1657.0
2015-01-22 00:00:00+00:00,36.0,8680.0,142.21,142.21,142.21,142.21,0.0
2015-01-23 00:00:00+00:00,35.0,8719.0,143.1,142.21,142.21,143.06,1579.0
2015-01-26 00:00:00+00:00,32.0,8743.0,143.3,142.82,142.95,143.0,1487.0
2015-01-27 00:00:00+00:00,31.0,8831.0,142.85,142.85,142.85,142.85,10.0
2015-01-28 00:00:00+00:00,30.0,8225.0,142.9,142.26,142.85,142.55,3237.0
2015-01-29 00:00:00+00:00,29.0,8592.0,143.05,142.31,142.55,142.5,2318.0
2015-01-30 00:00:00+00:00,28.0,6265.0,143.3,143.3,143.3,143.3,0.0
2015-02-02 00:00:00+00:00,57.0,6366.0,142.4,142.05,142.4,142.05,322.0
2015-02-03 00:00:00+00:00,56.0,6756.0,142.15,142.0,142.05,142.0,973.0
2015-02-04 00:00:00+00:00,55.0,6709.0,142.49,141.99,142.0,142.55,1649.0
2015-02-05 00:00:00+00:00,54.0,6669.0,142.55,142.3,142.55,142.39,805.0
2015-02-06 00:00:00+00:00,53.0,6684.0,142.39,142.0,142.39,142.0,562.0
2015-02-09 00:00:00+00:00,50.0,0.0,142.75,142.0,142.0,142.36,767.0
2015-02-10 00:00:00+00:00,50.0,0.0,,,,142.36,
2015-02-11 00:00:00+00:00,50.0,0.0,,,,142.36,
2015-02-12 00:00:00+00:00,47.0,7332.0,143.24,142.95,143.13,143.1,1005.0
2015-02-13 00:00:00+00:00,46.0,7460.0,143.45,143.1,143.1,143.33,797.0
2015-02-16 00:00:00+00:00,46.0,7460.0,,,,143.33,
2015-02-17 00:00:00+00:00,46.0,7460.0,,,,143.33,
2015-02-18 00:00:00+00:00,41.0,7597.0,143.48,143.33,143.33,143.45,0.0
2015-02-19 00:00:00+00:00,40.0,7952.0,143.55,143.2,143.2,143.46,1441.0
2015-02-20 00:00:00+00:00,39.0,8322.0,143.96,143.45,143.5,143.68,1122.0
2015-02-23 00:00:00+00:00,36.0,7923.0,144.5,143.68,143.68,144.43,1970.0
2015-02-24 00:00:00+00:00,35.0,8478.0,144.69,144.29,144.43,144.45,1796.0
2015-02-25 00:00:00+00:00,34.0,8638.0,144.3,143.62,143.72,144.3,3040.0
2015-02-26 00:00:00+00:00,33.0,8936.0,144.65,144.1,144.3,144.62,1715.0
2015-02-27 00:00:00+00:00,32.0,7521.0,144.79,144.45,144.62,144.7,1208.0
2015-03-02 00:00:00+00:00,59.0,7594.0,144.42,144.42,144.42,144.42,548.0
2015-03-03 00:00:00+00:00,58.0,7585.0,145.09,145.09,145.09,145.09,3370.0
2015-03-04 00:00:00+00:00,57.0,7877.0,145.52,145.52,145.52,145.52,1085.0
2015-03-05 00:00:00+00:00,56.0,7997.0,145.86,145.86,145.86,145.86,597.0
2015-03-06 00:00:00+00:00,55.0,8368.0,146.11,146.11,146.11,146.11,1812.0
2015-03-09 00:00:00+00:00,52.0,8962.0,146.9,146.9,146.9,146.9,1975.0
2015-03-10 00:00:00+00:00,51.0,9350.0,146.04,146.04,146.04,146.04,2003.0
2015-03-11 00:00:00+00:00,50.0,10388.0,146.3,146.04,146.04,146.3,3210.0
2015-03-12 00:00:00+00:00,49.0,10736.0,146.7,146.7,146.7,146.7,2719.0
2015-03-13 00:00:00+00:00,48.0,11957.0,147.2,146.7,146.7,147.2,3220.0
2015-03-16 00:00:00+00:00,45.0,12117.0,147.2,146.5,147.2,146.99,1282.0
2015-03-17 00:00:00+00:00,44.0,12300.0,147.5,146.5,146.5,147.5,2312.0
2015-03-18 00:00:00+00:00,43.0,13074.0,148.25,148.0,148.0,148.25,2477.0
2015-03-19 00:00:00+00:00,42.0,13344.0,148.44,148.44,148.44,148.44,1838.0
2015-03-20 00:00:00+00:00,41.0,13617.0,148.44,148.44,148.44,148.44,2160.0
2015-03-23 00:00:00+00:00,38.0,13522.0,148.5,148.5,148.5,148.5,1882.0
2015-03-24 00:00:00+00:00,37.0,13984.0,148.0,148.0,148.0,148.0,2824.0
2015-03-25 00:00:00+00:00,36.0,13939.0,148.3,148.0,148.0,148.3,1382.0
2015-03-26 00:00:00+00:00,35.0,14246.0,148.5,148.3,148.5,148.5,2572.0
2015-03-27 00:00:00+00:00,34.0,14059.0,148.8,148.32,148.5,148.51,2407.0
2015-03-30 00:00:00+00:00,31.0,14111.0,148.8,148.51,148.51,148.6,992.0
2015-03-31 00:00:00+00:00,30.0,14106.0,149.0,148.57,148.6,148.57,1918.0
2015-04-01 00:00:00+00:00,58.0,12510.0,149.25,148.62,148.98,149.2,2402.0
2015-04-02 00:00:00+00:00,57.0,0.0,149.5,149.0,149.2,149.46,1894.0
2015-04-03 00:00:00+00:00,56.0,13105.0,,,,149.46,
2015-04-06 00:00:00+00:00,53.0,13426.0,150.2,149.46,149.46,150.18,2514.0
2015-04-07 00:00:00+00:00,52.0,13842.0,150.6,149.65,150.18,150.58,3381.0
2015-04-08 00:00:00+00:00,51.0,13116.0,151.4,150.65,150.65,151.31,3534.0
2015-04-09 00:00:00+00:00,50.0,13165.0,151.44,150.35,151.31,150.71,2846.0
2015-04-10 00:00:00+00:00,49.0,13581.0,150.99,150.0,150.41,150.79,3392.0
2015-04-13 00:00:00+00:00,46.0,13639.0,150.43,150.43,150.43,150.43,1469.0
2015-04-14 00:00:00+00:00,45.0,13515.0,150.9,150.26,150.43,150.65,1866.0
2015-04-15 00:00:00+00:00,44.0,13907.0,150.98,150.4,150.65,150.91,2008.0
2015-04-16 00:00:00+00:00,43.0,14752.0,151.3,150.8,150.91,151.11,2043.0
2015-04-17 00:00:00+00:00,42.0,14854.0,151.45,150.85,151.11,151.03,1927.0
2015-04-20 00:00:00+00:00,39.0,0.0,151.6,151.0,151.03,151.48,1246.0
2015-04-21 00:00:00+00:00,38.0,14873.0,,,,151.48,
2015-04-22 00:00:00+00:00,37.0,15046.0,151.8,151.4,151.5,151.55,1489.0
2015-04-23 00:00:00+00:00,36.0,14909.0,151.6,149.02,151.55,149.34,6020.0
2015-04-24 00:00:00+00:00,35.0,15234.0,149.8,147.55,149.35,147.83,5636.0
2015-04-27 00:00:00+00:00,32.0,15636.0,148.29,147.4,147.64,147.69,2075.0
2015-04-28 00:00:00+00:00,31.0,15697.0,148.4,146.61,147.69,146.99,3801.0
2015-04-29 00:00:00+00:00,30.0,14901.0,147.0,146.0,147.0,146.26,4242.0
2015-04-30 00:00:00+00:00,29.0,14271.0,146.98,145.6,146.24,145.97,4959.0
2015-05-01 00:00:00+00:00,29.0,14271.0,,,,145.97,
2015-05-04 00:00:00+00:00,57.0,14215.0,146.8,145.5,145.5,146.8,1820.0
2015-05-05 00:00:00+00:00,56.0,13844.0,147.5,146.5,146.8,146.5,4309.0
2015-05-06 00:00:00+00:00,55.0,14234.0,146.8,146.5,146.5,146.8,2508.0
2015-05-07 00:00:00+00:00,54.0,14066.0,147.31,146.8,146.8,147.31,1666.0
2015-05-08 00:00:00+00:00,53.0,13476.0,148.09,147.31,147.31,147.6,1540.0
2015-05-11 00:00:00+00:00,50.0,13439.0,147.6,147.0,147.6,147.0,1744.0
2015-05-12 00:00:00+00:00,49.0,13885.0,147.0,146.5,147.0,146.8,2606.0
2015-05-13 00:00:00+00:00,48.0,13868.0,147.0,146.8,146.8,147.0,1288.0
2015-05-14 00:00:00+00:00,47.0,13847.0,147.1,147.0,147.0,147.1,1721.0
2015-05-15 00:00:00+00:00,46.0,13753.0,147.3,147.21,147.3,147.21,574.0
2015-05-18 00:00:00+00:00,43.0,13835.0,147.4,147.4,147.4,147.4,657.0
2015-05-19 00:00:00+00:00,42.0,14134.0,147.5,147.4,147.4,147.5,1637.0
2015-05-20 00:00:00+00:00,41.0,14134.0,148.19,147.4,147.4,148.0,2760.0
2015-05-21 00:00:00+00:00,40.0,14589.0,147.5,146.6,147.5,146.76,2164.0
2015-05-22 00:00:00+00:00,39.0,14292.0,147.0,146.05,146.76,146.5,7232.0
2015-05-25 00:00:00+00:00,36.0,14314.0,146.5,146.0,146.5,146.45,744.0
2015-05-26 00:00:00+00:00,35.0,15134.0,146.75,145.51,146.45,146.1,3680.0
2015-05-27 00:00:00+00:00,34.0,15707.0,146.4,146.0,146.1,146.3,3282.0
2015-05-28 00:00:00+00:00,33.0,16118.0,146.79,145.55,146.3,146.65,3134.0
2015-05-29 00:00:00+00:00,32.0,12765.0,146.8,146.12,146.65,146.3,1415.0
2015-06-01 00:00:00+00:00,60.0,12935.0,149.0,149.0,149.0,149.0,1526.0
2015-06-02 00:00:00+00:00,59.0,12990.0,149.28,148.65,148.65,149.28,3211.0
2015-06-03 00:00:00+00:00,58.0,0.0,149.99,149.27,149.27,149.8,3853.0
2015-06-04 00:00:00+00:00,57.0,13725.0,,,,149.8,
2015-06-05 00:00:00+00:00,56.0,13847.0,149.8,149.8,149.8,149.53,1056.0
2015-06-08 00:00:00+00:00,53.0,14017.0,150.0,149.5,149.5,149.95,1842.0
2015-06-09 00:00:00+00:00,52.0,13959.0,150.2,149.55,149.95,149.55,1328.0
2015-06-10 00:00:00+00:00,51.0,14530.0,149.55,148.51,149.55,148.51,3977.0
2015-06-11 00:00:00+00:00,50.0,14751.0,148.51,147.91,148.51,147.81,3929.0
2015-06-12 00:00:00+00:00,49.0,15313.0,147.81,146.3,147.81,147.0,4900.0
2015-06-15 00:00:00+00:00,46.0,16428.0,147.0,146.98,146.98,147.0,3846.0
2015-06-16 00:00:00+00:00,45.0,17147.0,147.0,146.05,147.0,146.78,3863.0
2015-06-17 00:00:00+00:00,44.0,16789.0,146.9,146.15,146.78,146.5,5799.0
2015-06-18 00:00:00+00:00,43.0,16877.0,147.3,146.5,146.5,147.2,3615.0
2015-06-19 00:00:00+00:00,42.0,17561.0,147.3,147.0,147.2,147.3,2955.0
2015-06-22 00:00:00+00:00,39.0,17791.0,147.5,147.3,147.3,147.5,1076.0
2015-06-23 00:00:00+00:00,38.0,18046.0,147.5,147.5,147.5,146.75,2351.0
2015-06-24 00:00:00+00:00,37.0,19126.0,146.75,145.11,146.75,145.11,4220.0
2015-06-25 00:00:00+00:00,36.0,18875.0,145.11,144.5,145.11,144.99,5189.0
2015-06-26 00:00:00+00:00,35.0,20833.0,144.99,144.0,144.99,144.5,5279.0
2015-06-29 00:00:00+00:00,32.0,23166.0,145.0,143.2,144.5,144.0,5328.0
2015-06-30 00:00:00+00:00,31.0,20701.0,144.0,141.8,144.0,142.4,11596.0
2015-07-01 00:00:00+00:00,61.0,18674.0,143.0,142.0,143.0,142.8,5512.0
2015-07-02 00:00:00+00:00,29.0,20028.0,143.5,142.95,143.16,142.95,4084.0
2015-07-03 00:00:00+00:00,28.0,20431.0,142.85,141.91,142.85,141.65,5398.0
2015-07-06 00:00:00+00:00,56.0,20833.0,142.2,141.66,141.66,141.65,3604.0
2015-07-07 00:00:00+00:00,55.0,20951.0,142.0,141.9,141.9,142.0,5984.0
2015-07-08 00:00:00+00:00,54.0,20232.0,142.5,141.8,141.81,142.5,5135.0
2015-07-09 00:00:00+00:00,54.0,20232.0,,,,142.5,
2015-07-10 00:00:00+00:00,52.0,20339.0,142.72,142.72,142.72,142.72,2125.0
2015-07-13 00:00:00+00:00,49.0,19922.0,142.72,142.4,142.72,142.4,3503.0
2015-07-14 00:00:00+00:00,48.0,20237.0,142.42,141.85,142.42,142.0,2654.0
2015-07-15 00:00:00+00:00,47.0,20244.0,142.1,141.22,142.0,141.22,3667.0
2015-07-16 00:00:00+00:00,46.0,20604.0,141.4,140.65,141.22,141.4,2436.0
2015-07-17 00:00:00+00:00,45.0,20819.0,141.4,140.5,141.4,140.5,2099.0
2015-07-20 00:00:00+00:00,42.0,21026.0,140.71,139.83,140.71,140.4,1826.0
2015-07-21 00:00:00+00:00,41.0,20864.0,140.4,139.0,140.4,139.31,3607.0
2015-07-22 00:00:00+00:00,40.0,20991.0,139.66,139.31,139.31,139.66,2388.0
2015-07-23 00:00:00+00:00,39.0,20567.0,140.66,139.66,139.66,140.66,2494.0
2015-07-24 00:00:00+00:00,38.0,21025.0,141.42,140.66,140.66,141.42,3507.0
2015-07-27 00:00:00+00:00,35.0,21173.0,141.42,141.15,141.42,141.15,1546.0
2015-07-28 00:00:00+00:00,34.0,20789.0,142.1,141.15,141.15,142.1,2229.0
2015-07-29 00:00:00+00:00,33.0,20789.0,142.5,142.1,142.1,142.5,2341.0
2015-07-30 00:00:00+00:00,32.0,20779.0,142.5,142.0,142.5,142.0,2169.0
2015-07-31 00:00:00+00:00,31.0,19874.0,142.0,141.15,142.0,141.62,1548.0
2015-08-03 00:00:00+00:00,58.0,20128.0,144.49,143.85,143.85,144.49,1289.0
2015-08-04 00:00:00+00:00,57.0,20050.0,145.1,145.0,145.0,145.2,2600.0
2015-08-05 00:00:00+00:00,56.0,20262.0,145.2,144.85,145.2,144.85,2004.0
2015-08-06 00:00:00+00:00,55.0,20632.0,144.85,144.0,144.85,144.0,2820.0
2015-08-07 00:00:00+00:00,54.0,20373.0,144.0,143.6,144.0,143.7,3311.0
2015-08-10 00:00:00+00:00,51.0,20306.0,144.09,144.0,144.0,144.09,1112.0
2015-08-11 00:00:00+00:00,50.0,20163.0,144.81,144.09,144.09,144.15,2298.0
2015-08-12 00:00:00+00:00,49.0,19663.0,146.7,144.15,144.15,146.7,4554.0
2015-08-13 00:00:00+00:00,48.0,19915.0,146.7,145.6,146.7,145.6,2025.0
2015-08-14 00:00:00+00:00,47.0,19825.0,145.6,144.5,145.6,145.26,1427.0
2015-08-17 00:00:00+00:00,44.0,20041.0,145.8,145.2,145.26,145.21,2922.0
2015-08-18 00:00:00+00:00,43.0,20231.0,145.74,145.21,145.21,145.5,1773.0
2015-08-19 00:00:00+00:00,42.0,20674.0,145.69,145.3,145.5,145.69,1783.0
2015-08-20 00:00:00+00:00,41.0,20795.0,145.5,144.7,145.5,145.15,2388.0
2015-08-21 00:00:00+00:00,40.0,20888.0,145.15,144.98,145.15,144.98,780.0
2015-08-24 00:00:00+00:00,37.0,20798.0,144.98,143.96,144.98,144.75,1746.0
2015-08-25 00:00:00+00:00,36.0,20007.0,145.3,144.75,144.75,145.0,2409.0
2015-08-26 00:00:00+00:00,35.0,20385.0,145.0,144.36,145.0,144.36,1486.0
2015-08-27 00:00:00+00:00,34.0,20383.0,144.56,144.2,144.36,144.56,1355.0
2015-08-28 00:00:00+00:00,33.0,20079.0,144.95,144.5,144.56,144.95,1705.0
2015-08-31 00:00:00+00:00,30.0,20321.0,144.95,144.0,144.95,144.48,1154.0
2015-09-01 00:00:00+00:00,59.0,19788.0,147.5,146.45,146.82,147.47,1495.0
2015-09-02 00:00:00+00:00,58.0,19087.0,148.66,147.5,147.5,148.25,2647.0
2015-09-03 00:00:00+00:00,57.0,19353.0,148.7,147.94,148.3,148.56,1377.0
2015-09-04 00:00:00+00:00,56.0,19263.0,149.45,148.45,148.7,148.91,2412.0
2015-09-07 00:00:00+00:00,53.0,19263.0,,,,148.91,
2015-09-08 00:00:00+00:00,52.0,19505.0,149.35,148.67,148.91,149.01,1033.0
2015-09-09 00:00:00+00:00,51.0,20367.0,149.01,147.63,149.01,147.74,2468.0
2015-09-10 00:00:00+00:00,50.0,19929.0,148.7,147.8,147.85,148.6,2154.0
2015-09-11 00:00:00+00:00,49.0,20065.0,148.86,148.11,148.6,148.64,533.0
2015-09-14 00:00:00+00:00,46.0,20104.0,149.4,148.53,148.53,148.72,564.0
2015-09-15 00:00:00+00:00,45.0,20608.0,148.6,147.8,148.49,148.24,1446.0
2015-09-16 00:00:00+00:00,44.0,20869.0,148.27,147.5,148.12,148.05,1603.0
2015-09-17 00:00:00+00:00,43.0,20758.0,148.8,147.7,147.97,148.02,1045.0
2015-09-18 00:00:00+00:00,42.0,20470.0,149.2,148.1,148.1,148.95,1930.0
2015-09-21 00:00:00+00:00,39.0,20449.0,149.32,148.81,148.95,148.91,740.0
2015-09-22 00:00:00+00:00,38.0,20865.0,148.91,148.31,148.91,148.44,2583.0
2015-09-23 00:00:00+00:00,37.0,21054.0,148.58,147.11,148.44,147.28,3467.0
2015-09-24 00:00:00+00:00,36.0,21202.0,148.18,147.0,147.33,147.14,2937.0
2015-09-25 00:00:00+00:00,35.0,20533.0,147.24,146.2,147.1,146.48,2997.0
2015-09-28 00:00:00+00:00,32.0,20826.0,147.4,146.4,146.48,147.23,1763.0
2015-09-29 00:00:00+00:00,31.0,21192.0,147.85,146.75,147.23,147.74,2100.0
2015-09-30 00:00:00+00:00,30.0,19869.0,148.48,147.7,147.74,148.37,2405.0
2015-10-01 00:00:00+00:00,60.0,20724.0,152.25,151.4,151.5,152.05,2534.0
2015-10-02 00:00:00+00:00,59.0,19465.0,153.0,151.7,152.05,151.85,1493.0
2015-10-05 00:00:00+00:00,56.0,19864.0,152.6,151.85,151.85,152.45,1273.0
2015-10-06 00:00:00+00:00,55.0,20196.0,152.6,151.67,152.45,152.0,1439.0
2015-10-07 00:00:00+00:00,54.0,20742.0,152.0,151.5,152.0,151.9,1643.0
2015-10-08 00:00:00+00:00,53.0,21149.0,152.37,150.99,151.9,150.99,1645.0
2015-10-09 00:00:00+00:00,52.0,20626.0,150.99,149.4,150.99,149.8,2526.0
2015-10-12 00:00:00+00:00,52.0,20626.0,,,,149.8,
2015-10-13 00:00:00+00:00,48.0,20643.0,150.5,149.8,149.8,150.3,558.0
2015-10-14 00:00:00+00:00,47.0,20425.0,151.79,150.3,150.3,151.67,3050.0
2015-10-15 00:00:00+00:00,46.0,20576.0,151.7,150.71,151.67,150.85,1397.0
2015-10-16 00:00:00+00:00,45.0,20835.0,151.1,150.3,150.9,150.95,961.0
2015-10-19 00:00:00+00:00,42.0,21163.0,151.5,150.95,150.95,151.37,1216.0
2015-10-20 00:00:00+00:00,41.0,21273.0,151.75,151.21,151.49,151.51,2467.0
2015-10-21 00:00:00+00:00,40.0,21414.0,151.51,151.06,151.5,151.41,1166.0
2015-10-22 00:00:00+00:00,39.0,21467.0,151.94,151.41,151.41,151.7,1455.0
2015-10-23 00:00:00+00:00,38.0,21838.0,151.51,150.51,151.51,151.01,1715.0
2015-10-26 00:00:00+00:00,35.0,21905.0,151.01,150.22,151.01,150.33,2057.0
2015-10-27 00:00:00+00:00,34.0,21381.0,150.55,150.06,150.33,150.45,2893.0
2015-10-28 00:00:00+00:00,33.0,21969.0,151.4,150.45,150.45,151.18,2644.0
2015-10-29 00:00:00+00:00,32.0,21949.0,151.69,150.69,151.15,151.3,3061.0
2015-10-30 00:00:00+00:00,31.0,12360.0,151.21,150.79,151.21,150.88,1232.0
2015-11-02 00:00:00+00:00,31.0,12360.0,,,,150.88,
2015-11-03 00:00:00+00:00,57.0,12595.0,152.3,152.11,152.3,152.11,715.0
2015-11-04 00:00:00+00:00,56.0,12827.0,152.3,151.1,152.0,151.1,2261.0
2015-11-05 00:00:00+00:00,55.0,12814.0,151.35,150.7,151.1,151.1,1747.0
2015-11-06 00:00:00+00:00,54.0,13194.0,151.3,151.0,151.11,151.25,1475.0
2015-11-09 00:00:00+00:00,51.0,13161.0,151.5,151.0,151.25,150.98,638.0
2015-11-10 00:00:00+00:00,50.0,12908.0,151.79,150.98,150.98,151.79,1236.0
2015-11-11 00:00:00+00:00,49.0,12908.0,151.8,150.91,151.77,149.01,2795.0
2015-11-12 00:00:00+00:00,48.0,13370.0,151.09,149.8,151.09,149.81,3157.0
2015-11-13 00:00:00+00:00,47.0,13261.0,149.81,149.2,149.81,149.2,1241.0
2015-11-16 00:00:00+00:00,44.0,13835.0,149.49,148.9,149.2,149.01,1904.0
2015-11-17 00:00:00+00:00,43.0,14136.0,149.05,148.32,149.01,148.36,2077.0
2015-11-18 00:00:00+00:00,42.0,12880.0,148.41,147.65,148.36,147.83,3157.0
2015-11-19 00:00:00+00:00,41.0,12772.0,148.32,147.83,147.83,148.12,1399.0
2015-11-20 00:00:00+00:00,40.0,12772.0,,,,148.12,
2015-11-23 00:00:00+00:00,37.0,12701.0,148.35,148.0,148.12,148.12,1157.0
2015-11-24 00:00:00+00:00,36.0,12800.0,148.57,148.04,148.16,148.52,1804.0
2015-11-25 00:00:00+00:00,35.0,12869.0,148.69,147.55,148.52,147.84,1462.0
2015-11-26 00:00:00+00:00,34.0,12730.0,148.09,147.6,147.84,147.98,944.0
2015-11-27 00:00:00+00:00,33.0,13118.0,148.0,147.11,147.98,147.16,1316.0
2015-11-30 00:00:00+00:00,30.0,5669.0,147.6,147.11,147.16,147.3,895.0
2015-12-01 00:00:00+00:00,59.0,6286.0,148.37,147.5,148.37,147.5,1798.0
2015-12-02 00:00:00+00:00,58.0,6802.0,147.5,146.55,147.5,146.55,1848.0
2015-12-03 00:00:00+00:00,57.0,7497.0,147.1,146.55,146.55,146.66,1307.0
2015-12-04 00:00:00+00:00,56.0,7656.0,147.19,146.12,146.66,146.91,1182.0
2015-12-07 00:00:00+00:00,53.0,7629.0,147.0,146.4,146.91,146.9,922.0
2015-12-08 00:00:00+00:00,52.0,7614.0,147.71,146.76,146.9,147.7,1318.0
2015-12-09 00:00:00+00:00,51.0,7281.0,148.65,147.7,147.7,148.65,1450.0
2015-12-10 00:00:00+00:00,50.0,7488.0,149.0,147.65,148.35,147.66,1124.0
2015-12-11 00:00:00+00:00,49.0,7496.0,147.69,147.3,147.66,147.4,561.0
2015-12-14 00:00:00+00:00,46.0,7536.0,147.55,146.71,147.55,146.93,336.0
2015-12-15 00:00:00+00:00,45.0,7802.0,147.65,146.95,146.96,147.39,1291.0
2015-12-16 00:00:00+00:00,44.0,7816.0,147.9,147.37,147.39,147.74,1013.0
2015-12-17 00:00:00+00:00,43.0,7369.0,148.6,147.3,148.04,148.45,1304.0
2015-12-18 00:00:00+00:00,42.0,7328.0,149.18,148.45,148.45,148.86,1359.0
2015-12-21 00:00:00+00:00,39.0,7500.0,149.49,148.8,148.86,149.14,936.0
2015-12-22 00:00:00+00:00,38.0,7496.0,149.8,148.9,149.14,149.51,2723.0
2015-12-23 00:00:00+00:00,37.0,7496.0,149.97,149.1,149.51,149.35,2819.0
2015-12-24 00:00:00+00:00,37.0,7496.0,,,,149.35,
2015-12-25 00:00:00+00:00,35.0,7139.0,,,,149.35,
2015-12-28 00:00:00+00:00,32.0,7152.0,150.25,149.0,149.35,150.03,1071.0
2015-12-29 00:00:00+00:00,31.0,7389.0,150.7,149.8,150.03,150.1,1493.0
2015-12-30 00:00:00+00:00,30.0,0.0,150.4,149.72,150.13,150.17,1581.0
2015-12-31 00:00:00+00:00,30.0,0.0,,,,150.17,
2016-01-01 00:00:00+00:00,59.0,6316.0,,,,151.87,
2016-01-04 00:00:00+00:00,56.0,6189.0,151.7,150.9,151.7,150.9,331.0
2016-01-05 00:00:00+00:00,55.0,6213.0,151.1,151.1,151.1,151.1,498.0
2016-01-06 00:00:00+00:00,54.0,6647.0,151.5,150.99,151.1,150.99,1351.0
2016-01-07 00:00:00+00:00,53.0,6877.0,151.5,150.9,150.99,151.3,469.0
2016-01-08 00:00:00+00:00,52.0,7433.0,152.55,151.3,151.3,152.29,1341.0
2016-01-11 00:00:00+00:00,49.0,7468.0,152.29,151.75,152.29,151.79,549.0
2016-01-12 00:00:00+00:00,48.0,7513.0,152.4,151.79,151.79,152.26,1051.0
2016-01-13 00:00:00+00:00,47.0,7704.0,153.0,152.4,152.4,152.5,1174.0
2016-01-14 00:00:00+00:00,46.0,7610.0,153.5,152.3,152.5,152.8,1370.0
2016-01-15 00:00:00+00:00,45.0,7492.0,152.9,152.35,152.8,152.7,1054.0
2016-01-18 00:00:00+00:00,42.0,7422.0,152.7,152.2,152.7,152.58,929.0
2016-01-19 00:00:00+00:00,41.0,7868.0,153.49,152.58,152.58,153.15,1768.0
2016-01-20 00:00:00+00:00,40.0,8063.0,153.5,152.5,153.15,153.0,1698.0
2016-01-21 00:00:00+00:00,39.0,8849.0,153.9,153.0,153.0,153.75,2524.0
2016-01-22 00:00:00+00:00,38.0,9944.0,154.3,153.5,153.75,154.1,2345.0
2016-01-25 00:00:00+00:00,35.0,9944.0,,,,154.1,
2016-01-26 00:00:00+00:00,34.0,10190.0,154.5,154.0,154.1,154.15,1323.0
2016-01-27 00:00:00+00:00,33.0,10858.0,154.99,154.0,154.15,154.99,2269.0
2016-01-28 00:00:00+00:00,32.0,11058.0,154.89,154.17,154.89,154.17,1091.0
2016-01-29 00:00:00+00:00,31.0,6944.0,154.29,153.61,154.17,154.05,1217.0
2016-02-01 00:00:00+00:00,59.0,6953.0,155.35,154.75,155.2,154.75,774.0
2016-02-02 00:00:00+00:00,58.0,7216.0,155.55,154.75,154.75,155.44,1247.0
2016-02-03 00:00:00+00:00,57.0,7512.0,155.99,154.86,155.44,155.25,1314.0
2016-02-04 00:00:00+00:00,56.0,7989.0,156.1,155.28,155.28,155.9,2895.0
2016-02-05 00:00:00+00:00,55.0,8989.0,156.3,155.9,155.9,155.7,2604.0
2016-02-08 00:00:00+00:00,55.0,8989.0,,,,155.7,
2016-02-09 00:00:00+00:00,51.0,8989.0,,,,155.7,
2016-02-10 00:00:00+00:00,50.0,8937.0,155.71,155.52,155.71,155.56,307.0
2016-02-11 00:00:00+00:00,49.0,8918.0,156.45,155.4,155.56,155.95,1400.0
2016-02-12 00:00:00+00:00,48.0,8797.0,156.8,155.95,155.95,156.8,1832.0
2016-02-15 00:00:00+00:00,45.0,9103.0,157.29,156.51,156.79,157.29,1372.0
2016-02-16 00:00:00+00:00,44.0,9713.0,157.75,157.01,157.29,157.4,1943.0
2016-02-17 00:00:00+00:00,43.0,9741.0,157.73,157.15,157.65,157.73,1623.0
2016-02-18 00:00:00+00:00,42.0,9966.0,157.73,156.9,157.73,156.99,1003.0
2016-02-19 00:00:00+00:00,41.0,10067.0,157.3,156.8,156.9,156.9,986.0
2016-02-22 00:00:00+00:00,38.0,10252.0,157.0,157.75,157.0,157.41,818.0
2016-02-23 00:00:00+00:00,37.0,10342.0,157.65,157.15,157.65,157.15,1005.0
2016-02-24 00:00:00+00:00,36.0,10460.0,157.79,157.35,157.45,157.7,836.0
2016-02-25 00:00:00+00:00,35.0,10814.0,158.35,157.4,157.95,157.55,1344.0
2016-02-26 00:00:00+00:00,34.0,11335.0,158.0,157.39,158.0,157.4,1700.0
2016-02-29 00:00:00+00:00,31.0,12664.0,157.5,157.5,157.5,157.5,2615.0
2016-03-01 00:00:00+00:00,59.0,8468.0,157.9,157.0,157.5,157.25,1634.0
2016-03-02 00:00:00+00:00,58.0,9435.0,155.4,153.6,155.4,153.6,5130.0
2016-03-03 00:00:00+00:00,57.0,9315.0,154.0,153.6,153.6,154.0,3209.0
2016-03-04 00:00:00+00:00,56.0,9669.0,154.49,152.7,153.5,153.25,1723.0
2016-03-07 00:00:00+00:00,53.0,9926.0,154.0,153.65,154.0,153.65,2406.0
2016-03-08 00:00:00+00:00,52.0,10471.0,154.6,153.5,153.5,153.61,2194.0
2016-03-09 00:00:00+00:00,51.0,10017.0,154.8,154.3,154.3,154.79,2547.0
2016-03-10 00:00:00+00:00,50.0,10104.0,154.79,154.78,154.78,154.79,1369.0
2016-03-11 00:00:00+00:00,49.0,10226.0,156.0,155.49,155.49,156.0,2313.0
2016-03-14 00:00:00+00:00,46.0,10558.0,156.99,155.55,156.99,155.55,2743.0
2016-03-15 00:00:00+00:00,45.0,11154.0,155.8,155.2,155.7,155.3,2983.0
2016-03-16 00:00:00+00:00,44.0,11734.0,155.9,154.0,155.9,154.0,2797.0
2016-03-17 00:00:00+00:00,43.0,12241.0,154.0,153.4,154.0,153.98,1977.0
2016-03-18 00:00:00+00:00,42.0,12375.0,155.5,154.0,154.0,155.34,2694.0
2016-03-21 00:00:00+00:00,39.0,11390.0,157.3,155.4,155.4,157.3,4740.0
2016-03-22 00:00:00+00:00,38.0,11964.0,158.99,157.4,157.85,157.75,4044.0
2016-03-23 00:00:00+00:00,37.0,12380.0,158.0,157.4,158.0,157.73,1972.0
2016-03-24 00:00:00+00:00,36.0,13283.0,158.45,157.95,157.95,158.45,2354.0
2016-03-25 00:00:00+00:00,36.0,13283.0,,,,158.45,
2016-03-28 00:00:00+00:00,32.0,13415.0,159.3,158.61,159.0,158.65,553.0
2016-03-29 00:00:00+00:00,31.0,13970.0,160.49,158.8,158.8,159.97,3983.0
2016-03-30 00:00:00+00:00,30.0,14076.0,160.0,158.19,159.8,159.2,2486.0
2016-03-31 00:00:00+00:00,29.0,14049.0,159.6,158.69,158.69,158.75,2301.0
2016-04-01 00:00:00+00:00,60.0,13425.0,158.3,156.01,157.8,157.2,3279.0
2016-04-04 00:00:00+00:00,57.0,13489.0,157.69,156.7,156.8,157.41,185.0
2016-04-05 00:00:00+00:00,56.0,13706.0,158.15,156.35,157.3,156.57,998.0
2016-04-06 00:00:00+00:00,55.0,14022.0,156.5,155.01,156.35,155.44,1781.0
2016-04-07 00:00:00+00:00,54.0,14016.0,156.5,155.1,155.75,155.92,1903.0
2016-04-08 00:00:00+00:00,53.0,14478.0,155.89,155.11,155.6,155.6,896.0
2016-04-11 00:00:00+00:00,50.0,14646.0,156.0,155.3,155.49,155.61,470.0
2016-04-12 00:00:00+00:00,49.0,14390.0,155.5,153.75,155.49,154.0,1887.0
2016-04-13 00:00:00+00:00,48.0,14261.0,154.0,153.01,153.6,153.45,1787.0
2016-04-14 00:00:00+00:00,47.0,14644.0,154.4,152.9,153.3,154.02,1817.0
2016-04-15 00:00:00+00:00,46.0,14560.0,154.69,153.51,154.0,153.74,989.0
2016-04-18 00:00:00+00:00,43.0,14365.0,154.0,153.35,153.8,153.64,500.0
2016-04-19 00:00:00+00:00,42.0,14652.0,154.49,153.5,154.0,153.58,1482.0
2016-04-20 00:00:00+00:00,41.0,14688.0,154.1,152.7,153.5,153.94,1276.0
2016-04-21 00:00:00+00:00,41.0,14688.0,,,,153.94,
2016-04-22 00:00:00+00:00,39.0,15034.0,154.18,153.2,154.18,153.58,764.0
2016-04-25 00:00:00+00:00,36.0,15353.0,153.16,153.16,153.16,153.16,875.0
2016-04-26 00:00:00+00:00,35.0,15375.0,153.2,152.13,153.1,152.26,2104.0
2016-04-27 00:00:00+00:00,34.0,15838.0,152.4,151.6,152.02,151.9,1973.0
2016-04-28 00:00:00+00:00,33.0,15610.0,152.45,151.11,151.95,151.81,1030.0
2016-04-29 00:00:00+00:00,32.0,13368.0,153.15,151.15,151.84,152.94,733.0
2016-05-02 00:00:00+00:00,29.0,13276.0,155.3,154.99,154.99,155.24,539.0
2016-05-03 00:00:00+00:00,28.0,13440.0,155.3,155.15,155.3,155.15,1185.0
2016-05-04 00:00:00+00:00,27.0,13746.0,155.5,155.0,155.15,155.3,1730.0
2016-05-05 00:00:00+00:00,26.0,14279.0,155.51,154.8,155.51,154.8,1136.0
2016-05-06 00:00:00+00:00,25.0,14392.0,155.0,154.8,154.8,155.0,308.0
2016-05-09 00:00:00+00:00,22.0,14478.0,156.0,155.01,155.01,155.9,2893.0
2016-05-10 00:00:00+00:00,21.0,15189.0,156.5,155.9,156.0,156.3,1998.0
2016-05-11 00:00:00+00:00,20.0,15211.0,156.5,156.0,156.3,156.65,1634.0
2016-05-12 00:00:00+00:00,19.0,15145.0,156.8,156.0,156.65,156.65,3435.0
2016-05-13 00:00:00+00:00,18.0,15285.0,156.8,156.5,156.65,156.5,2728.0
2016-05-16 00:00:00+00:00,15.0,15435.0,157.0,156.6,156.6,157.13,1812.0
2016-05-17 00:00:00+00:00,14.0,15100.0,157.8,157.0,157.0,157.79,3880.0
2016-05-18 00:00:00+00:00,13.0,0.0,158.5,157.7,157.79,158.0,2822.0
2016-05-19 00:00:00+00:00,12.0,16594.0,158.5,158.0,158.0,158.3,2280.0
2016-05-20 00:00:00+00:00,11.0,16622.0,158.5,157.49,158.3,157.49,1233.0
2016-05-23 00:00:00+00:00,8.0,16601.0,158.1,157.49,157.49,158.05,1119.0
2016-05-24 00:00:00+00:00,7.0,16785.0,158.98,158.09,158.09,158.98,2530.0
2016-05-25 00:00:00+00:00,6.0,0.0,159.15,158.7,158.9,158.83,1924.0
2016-05-26 00:00:00+00:00,6.0,0.0,,,,158.83,
2016-05-27 00:00:00+00:00,4.0,16552.0,159.2,158.9,158.9,158.94,1140.0
2016-05-30 00:00:00+00:00,1.0,16550.0,159.0,158.24,159.0,158.24,1293.0
2016-05-31 00:00:00+00:00,0.0,17076.0,158.24,157.51,158.24,157.8,1852.0
2016-06-01 00:00:00+00:00,58.0,13976.0,161.49,161.0,161.49,161.04,1013.0
2016-06-02 00:00:00+00:00,57.0,14040.0,161.55,161.04,161.04,161.3,596.0
2016-06-03 00:00:00+00:00,56.0,14514.0,161.9,161.4,161.45,161.7,1174.0
2016-06-06 00:00:00+00:00,53.0,14714.0,161.8,161.5,161.7,161.6,678.0
2016-06-07 00:00:00+00:00,52.0,15432.0,161.7,161.6,161.6,161.5,1463.0
2016-06-08 00:00:00+00:00,51.0,15449.0,161.7,161.15,161.15,161.52,848.0
2016-06-09 00:00:00+00:00,50.0,15730.0,161.6,161.11,161.6,161.11,1683.0
2016-06-10 00:00:00+00:00,49.0,15829.0,161.3,160.01,161.3,160.5,892.0
2016-06-13 00:00:00+00:00,46.0,15942.0,161.1,160.15,160.5,161.0,624.0
2016-06-14 00:00:00+00:00,45.0,15948.0,161.6,161.0,161.0,161.3,656.0
2016-06-15 00:00:00+00:00,44.0,16028.0,161.58,161.0,161.4,161.16,404.0
2016-06-16 00:00:00+00:00,43.0,15363.0,162.35,161.26,161.44,162.01,2514.0
2016-06-17 00:00:00+00:00,42.0,15359.0,162.2,161.75,162.01,162.2,881.0
2016-06-20 00:00:00+00:00,39.0,15348.0,162.47,161.99,162.2,161.99,746.0
2016-06-21 00:00:00+00:00,38.0,16175.0,162.3,160.8,161.9,160.8,1458.0
2016-06-22 00:00:00+00:00,37.0,16568.0,161.1,160.5,160.99,160.6,1322.0
2016-06-23 00:00:00+00:00,36.0,17270.0,160.7,160.15,160.7,160.23,1973.0
2016-06-24 00:00:00+00:00,35.0,17407.0,160.5,159.6,160.5,159.85,950.0
2016-06-27 00:00:00+00:00,32.0,17434.0,159.59,159.32,159.32,159.56,855.0
2016-06-28 00:00:00+00:00,31.0,17707.0,160.0,159.3,159.6,159.3,1216.0
2016-06-29 00:00:00+00:00,30.0,17921.0,159.3,157.5,158.6,157.71,2926.0
2016-06-30 00:00:00+00:00,29.0,16510.0,157.71,156.5,157.71,156.67,3301.0
2016-07-01 00:00:00+00:00,61.0,16331.0,160.6,159.0,159.3,160.3,2705.0
2016-07-04 00:00:00+00:00,58.0,16255.0,160.8,159.75,160.3,159.75,678.0
2016-07-05 00:00:00+00:00,57.0,16070.0,159.4,158.0,159.4,158.94,1236.0
2016-07-06 00:00:00+00:00,56.0,16293.0,159.2,158.5,159.0,158.6,946.0
2016-07-07 00:00:00+00:00,55.0,16974.0,158.45,156.81,158.45,157.09,2693.0
2016-07-08 00:00:00+00:00,54.0,17176.0,157.5,157.05,157.25,157.15,1035.0
2016-07-11 00:00:00+00:00,51.0,17401.0,157.45,157.0,157.2,157.45,1121.0
2016-07-12 00:00:00+00:00,50.0,17086.0,158.99,157.7,157.7,158.4,2684.0
2016-07-13 00:00:00+00:00,49.0,17227.0,158.68,157.69,158.4,157.69,1000.0
2016-07-14 00:00:00+00:00,48.0,16928.0,157.2,156.8,157.2,156.8,1890.0
2016-07-15 00:00:00+00:00,47.0,17239.0,157.0,156.61,156.79,156.69,940.0
2016-07-18 00:00:00+00:00,44.0,17448.0,156.84,155.3,156.68,155.35,1931.0
2016-07-19 00:00:00+00:00,43.0,17427.0,156.01,155.0,155.36,156.01,1968.0
2016-07-20 00:00:00+00:00,42.0,17840.0,156.48,155.4,155.99,156.15,2110.0
2016-07-21 00:00:00+00:00,41.0,18032.0,156.68,155.97,156.15,156.15,636.0
2016-07-22 00:00:00+00:00,40.0,18195.0,156.0,155.52,155.52,155.84,789.0
2016-07-25 00:00:00+00:00,37.0,18169.0,156.65,155.84,155.84,156.36,616.0
2016-07-26 00:00:00+00:00,36.0,18152.0,156.7,155.9,156.27,156.1,886.0
2016-07-27 00:00:00+00:00,35.0,18651.0,156.0,154.65,156.0,155.01,2870.0
2016-07-28 00:00:00+00:00,34.0,18908.0,155.1,154.4,154.89,154.65,894.0
2016-07-29 00:00:00+00:00,33.0,16678.0,154.6,153.55,154.6,153.6,1616.0
2016-08-01 00:00:00+00:00,60.0,17830.0,155.7,153.0,155.06,153.0,3093.0
2016-08-02 00:00:00+00:00,59.0,17998.0,154.2,153.0,153.0,153.1,2643.0
2016-08-03 00:00:00+00:00,58.0,18200.0,154.2,153.5,153.7,153.99,2391.0
2016-08-04 00:00:00+00:00,57.0,18465.0,154.0,152.4,153.99,152.6,5222.0
2016-08-05 00:00:00+00:00,56.0,19141.0,153.25,152.5,152.6,153.0,3294.0
2016-08-08 00:00:00+00:00,53.0,19143.0,153.59,152.86,153.0,153.42,513.0
2016-08-09 00:00:00+00:00,52.0,21215.0,153.42,152.0,153.42,152.32,6021.0
2016-08-10 00:00:00+00:00,51.0,22248.0,152.5,151.8,152.32,151.9,3169.0
2016-08-11 00:00:00+00:00,50.0,23682.0,151.9,150.0,151.9,150.21,3800.0
2016-08-12 00:00:00+00:00,49.0,23966.0,150.74,149.98,150.1,149.78,2611.0
2016-08-15 00:00:00+00:00,46.0,24344.0,151.43,149.75,149.78,151.0,2013.0
2016-08-16 00:00:00+00:00,45.0,24687.0,153.0,150.8,151.0,153.0,2455.0
2016-08-17 00:00:00+00:00,44.0,24501.0,153.01,152.32,153.01,152.68,2192.0
2016-08-18 00:00:00+00:00,43.0,24538.0,152.68,150.75,152.68,150.75,3073.0
2016-08-19 00:00:00+00:00,42.0,24788.0,151.0,150.15,150.75,150.4,2134.0
2016-08-22 00:00:00+00:00,39.0,24662.0,151.1,150.0,150.39,150.0,1097.0
2016-08-23 00:00:00+00:00,38.0,24553.0,150.3,149.6,150.0,149.37,1805.0
2016-08-24 00:00:00+00:00,37.0,24348.0,150.2,149.5,150.2,149.68,3017.0
2016-08-25 00:00:00+00:00,36.0,24407.0,151.39,149.75,150.1,151.39,2104.0
2016-08-26 00:00:00+00:00,35.0,24760.0,152.0,150.55,151.38,151.98,2159.0
2016-08-29 00:00:00+00:00,32.0,24857.0,152.0,151.22,151.7,152.0,1280.0
2016-08-30 00:00:00+00:00,31.0,25187.0,152.01,150.3,151.95,150.88,1962.0
2016-08-31 00:00:00+00:00,30.0,23119.0,150.75,149.3,150.55,149.6,4133.0
2016-09-01 00:00:00+00:00,60.0,24005.0,153.45,151.7,152.3,151.98,2503.0
2016-09-02 00:00:00+00:00,59.0,24654.0,152.0,149.4,151.8,149.67,6448.0
2016-09-05 00:00:00+00:00,56.0,23090.0,150.29,148.5,149.9,149.33,4569.0
2016-09-06 00:00:00+00:00,55.0,21741.0,152.8,149.01,149.67,152.43,4108.0
2016-09-07 00:00:00+00:00,55.0,21741.0,,,,152.43,
2016-09-08 00:00:00+00:00,53.0,21294.0,154.3,152.0,152.23,153.74,3011.0
2016-09-09 00:00:00+00:00,52.0,22356.0,154.25,152.65,153.95,153.33,3505.0
2016-09-12 00:00:00+00:00,49.0,22545.0,153.9,152.3,152.75,152.47,707.0
2016-09-13 00:00:00+00:00,48.0,23041.0,153.0,152.1,152.6,152.58,2038.0
2016-09-14 00:00:00+00:00,47.0,22736.0,152.38,151.7,152.38,152.02,3730.0
2016-09-15 00:00:00+00:00,46.0,23120.0,152.2,149.5,152.2,150.9,3360.0
2016-09-16 00:00:00+00:00,45.0,22269.0,152.0,150.72,151.0,151.92,1133.0
2016-09-19 00:00:00+00:00,42.0,21459.0,153.48,151.9,151.9,153.02,2173.0
2016-09-20 00:00:00+00:00,41.0,21333.0,154.1,153.1,153.1,153.84,1581.0
2016-09-21 00:00:00+00:00,40.0,21439.0,154.65,153.56,154.0,154.52,2549.0
2016-09-22 00:00:00+00:00,39.0,21359.0,154.5,153.8,154.4,154.4,1945.0
2016-09-23 00:00:00+00:00,38.0,21081.0,154.59,154.18,154.4,154.5,867.0
2016-09-26 00:00:00+00:00,35.0,20915.0,155.7,154.5,154.6,155.54,3023.0
2016-09-27 00:00:00+00:00,34.0,20878.0,156.1,155.31,155.6,155.87,2648.0
2016-09-28 00:00:00+00:00,33.0,20995.0,155.85,154.8,155.85,154.95,2502.0
2016-09-29 00:00:00+00:00,32.0,21309.0,155.39,154.31,154.8,154.8,1075.0
2016-09-30 00:00:00+00:00,31.0,18608.0,155.7,154.8,154.8,155.62,1527.0
2016-10-03 00:00:00+00:00,58.0,18670.0,157.68,157.15,157.65,157.68,636.0
2016-10-04 00:00:00+00:00,57.0,18288.0,157.6,156.61,157.45,157.14,2734.0
2016-10-05 00:00:00+00:00,56.0,18073.0,157.0,155.82,157.0,156.09,2601.0
2016-10-06 00:00:00+00:00,55.0,17949.0,156.35,155.1,156.35,155.88,1892.0
2016-10-07 00:00:00+00:00,54.0,18148.0,155.88,154.85,155.88,155.22,1307.0
2016-10-10 00:00:00+00:00,51.0,18314.0,155.0,154.21,155.0,154.25,2026.0
2016-10-11 00:00:00+00:00,50.0,0.0,154.25,153.5,154.25,153.78,1465.0
2016-10-12 00:00:00+00:00,50.0,0.0,,,,153.78,
2016-10-13 00:00:00+00:00,48.0,17913.0,154.21,153.78,153.78,153.86,1283.0
2016-10-14 00:00:00+00:00,47.0,17907.0,153.86,153.3,153.86,152.78,877.0
2016-10-17 00:00:00+00:00,44.0,18161.0,153.2,152.8,153.07,153.08,1764.0
2016-10-18 00:00:00+00:00,43.0,17998.0,153.7,152.9,152.9,153.5,1121.0
2016-10-19 00:00:00+00:00,42.0,18006.0,153.5,152.71,153.4,152.9,1913.0
2016-10-20 00:00:00+00:00,41.0,18013.0,152.25,151.7,151.95,152.37,3343.0
2016-10-21 00:00:00+00:00,40.0,17417.0,152.25,151.7,151.98,152.2,1714.0
2016-10-24 00:00:00+00:00,37.0,16616.0,152.65,151.5,152.34,152.37,2182.0
2016-10-25 00:00:00+00:00,36.0,15520.0,152.92,152.2,152.42,152.5,3644.0
2016-10-26 00:00:00+00:00,35.0,15584.0,152.68,151.21,152.39,151.8,2097.0
2016-10-27 00:00:00+00:00,34.0,15743.0,152.25,151.16,151.8,151.96,1288.0
2016-10-28 00:00:00+00:00,33.0,14861.0,151.93,150.9,151.29,152.08,1312.0
2016-10-31 00:00:00+00:00,30.0,15119.0,151.5,150.65,151.01,150.87,1924.0
2016-11-01 00:00:00+00:00,58.0,9712.0,152.1,151.5,151.99,151.75,590.0
2016-11-02 00:00:00+00:00,58.0,9712.0,,,,151.75,
2016-11-03 00:00:00+00:00,56.0,9655.0,151.9,151.3,151.85,151.5,259.0
2016-11-04 00:00:00+00:00,55.0,9512.0,151.5,150.8,151.5,151.2,1961.0
2016-11-07 00:00:00+00:00,52.0,9498.0,153.0,151.35,151.49,151.82,552.0
2016-11-08 00:00:00+00:00,51.0,9756.0,152.5,151.5,151.52,151.44,598.0
2016-11-09 00:00:00+00:00,50.0,9475.0,151.8,150.55,151.8,150.75,839.0
2016-11-10 00:00:00+00:00,49.0,9516.0,151.47,150.05,150.05,150.7,783.0
2016-11-11 00:00:00+00:00,48.0,9766.0,150.89,149.49,150.65,149.35,770.0
2016-11-14 00:00:00+00:00,45.0,0.0,149.46,148.8,149.1,148.8,468.0
2016-11-15 00:00:00+00:00,45.0,0.0,,,,148.8,
2016-11-16 00:00:00+00:00,43.0,9818.0,149.47,148.76,148.9,149.35,676.0
2016-11-17 00:00:00+00:00,42.0,9324.0,151.0,149.3,149.35,150.78,2210.0
2016-11-18 00:00:00+00:00,41.0,9450.0,151.4,150.01,151.0,150.18,776.0
2016-11-21 00:00:00+00:00,38.0,9569.0,150.6,149.9,150.25,150.3,591.0
2016-11-22 00:00:00+00:00,37.0,9014.0,151.99,149.87,150.25,151.55,2336.0
2016-11-23 00:00:00+00:00,36.0,8862.0,152.19,151.55,151.55,151.7,1685.0
2016-11-24 00:00:00+00:00,35.0,8683.0,152.15,150.9,151.78,151.18,2346.0
2016-11-25 00:00:00+00:00,34.0,8651.0,150.95,150.25,150.69,150.65,429.0
2016-11-28 00:00:00+00:00,31.0,8727.0,151.37,150.5,150.59,150.76,697.0
2016-11-29 00:00:00+00:00,30.0,8208.0,150.51,148.83,150.51,149.38,2104.0
2016-11-30 00:00:00+00:00,29.0,7866.0,150.34,149.4,149.57,150.27,1230.0
2016-12-01 00:00:00+00:00,61.0,5317.0,150.0,149.65,149.67,149.47,617.0
2016-12-02 00:00:00+00:00,60.0,5504.0,149.65,148.45,149.05,150.0,1427.0
2016-12-05 00:00:00+00:00,57.0,5514.0,150.0,149.51,150.0,149.75,571.0
2016-12-06 00:00:00+00:00,56.0,5458.0,149.5,149.0,149.5,149.2,896.0
2016-12-07 00:00:00+00:00,55.0,5659.0,149.0,148.01,149.0,148.4,1351.0
2016-12-08 00:00:00+00:00,54.0,5620.0,148.05,148.0,148.0,147.75,893.0
2016-12-09 00:00:00+00:00,53.0,5416.0,147.76,147.7,147.75,147.8,664.0
2016-12-12 00:00:00+00:00,50.0,5201.0,147.99,147.6,147.6,147.8,558.0
2016-12-13 00:00:00+00:00,49.0,4853.0,148.01,147.65,148.01,147.75,1440.0
2016-12-14 00:00:00+00:00,48.0,4785.0,148.3,147.2,147.2,148.4,1775.0
2016-12-15 00:00:00+00:00,47.0,4973.0,148.3,148.0,148.2,148.3,933.0
2016-12-16 00:00:00+00:00,46.0,4989.0,148.4,148.25,148.25,148.4,981.0
2016-12-19 00:00:00+00:00,43.0,5014.0,148.7,148.44,148.44,149.06,541.0
2016-12-20 00:00:00+00:00,42.0,5262.0,148.65,147.8,148.59,148.44,1604.0
2016-12-21 00:00:00+00:00,41.0,5449.0,148.7,148.0,148.05,148.7,931.0
2016-12-22 00:00:00+00:00,40.0,5584.0,149.25,148.7,149.0,148.97,1291.0
2016-12-23 00:00:00+00:00,39.0,5633.0,149.8,148.76,149.0,149.5,534.0
2016-12-26 00:00:00+00:00,36.0,5814.0,149.31,149.0,149.0,149.31,776.0
2016-12-27 00:00:00+00:00,35.0,5981.0,149.5,148.83,149.45,149.5,1172.0
2016-12-28 00:00:00+00:00,34.0,6064.0,149.77,149.5,149.65,149.75,812.0
2016-12-29 00:00:00+00:00,33.0,3746.0,149.9,149.45,149.45,149.95,337.0
2016-12-30 00:00:00+00:00,33.0,3746.0,,,,149.95,
2017-01-02 00:00:00+00:00,53.0,3776.0,147.72,147.72,147.72,147.72,198.0
2017-01-03 00:00:00+00:00,52.0,3865.0,148.0,148.0,148.0,147.9,515.0
2017-01-04 00:00:00+00:00,51.0,3767.0,146.95,146.95,146.95,146.95,1110.0
2017-01-05 00:00:00+00:00,50.0,3764.0,146.56,146.56,146.56,146.56,863.0
2017-01-06 00:00:00+00:00,49.0,3941.0,146.89,146.89,146.89,146.89,1055.0
2017-01-09 00:00:00+00:00,46.0,4298.0,147.5,147.2,147.5,147.4,881.0
2017-01-10 00:00:00+00:00,45.0,4060.0,147.2,147.2,147.2,147.27,1947.0
2017-01-11 00:00:00+00:00,44.0,4205.0,146.82,146.82,146.82,146.78,907.0
2017-01-12 00:00:00+00:00,43.0,4328.0,146.45,146.45,146.45,146.72,480.0
2017-01-13 00:00:00+00:00,42.0,4201.0,146.8,146.79,146.79,146.5,633.0
2017-01-16 00:00:00+00:00,39.0,4314.0,146.84,146.84,146.84,146.84,277.0
2017-01-17 00:00:00+00:00,38.0,4733.0,146.12,146.0,146.12,146.12,1123.0
2017-01-18 00:00:00+00:00,37.0,5023.0,146.34,145.75,145.75,146.2,1617.0
2017-01-19 00:00:00+00:00,36.0,5259.0,146.0,145.3,146.0,145.6,1419.0
2017-01-20 00:00:00+00:00,35.0,5417.0,145.95,145.9,145.9,145.4,411.0
2017-01-23 00:00:00+00:00,32.0,5796.0,146.0,145.4,145.4,145.8,832.0
2017-01-24 00:00:00+00:00,31.0,6248.0,145.8,145.8,145.8,145.43,1041.0
2017-01-25 00:00:00+00:00,31.0,6248.0,,,,145.43,
2017-01-26 00:00:00+00:00,29.0,6231.0,145.0,144.2,144.2,144.7,1497.0
2017-01-27 00:00:00+00:00,28.0,6680.0,144.0,143.9,144.0,144.31,2068.0
2017-01-30 00:00:00+00:00,25.0,6668.0,144.5,144.0,144.5,144.5,881.0
2017-01-31 00:00:00+00:00,24.0,6950.0,144.34,143.05,143.53,144.7,2702.0
2017-02-01 00:00:00+00:00,58.0,6207.0,143.49,143.0,143.49,143.3,1800.0
2017-02-02 00:00:00+00:00,57.0,6233.0,143.0,143.0,143.0,142.81,1440.0
2017-02-03 00:00:00+00:00,56.0,6286.0,143.0,143.0,143.0,142.62,1001.0
2017-02-06 00:00:00+00:00,53.0,6303.0,142.99,142.9,142.9,143.1,502.0
2017-02-07 00:00:00+00:00,52.0,6475.0,143.0,142.9,142.9,142.6,1443.0
2017-02-08 00:00:00+00:00,51.0,6716.0,141.81,141.81,141.81,141.81,2940.0
2017-02-09 00:00:00+00:00,50.0,6559.0,142.32,142.0,142.0,142.32,1405.0
2017-02-10 00:00:00+00:00,49.0,6544.0,142.71,142.5,142.65,142.53,435.0
2017-02-13 00:00:00+00:00,46.0,6532.0,142.7,142.69,142.69,142.46,486.0
2017-02-14 00:00:00+00:00,45.0,6582.0,142.4,142.0,142.4,142.5,1122.0
2017-02-15 00:00:00+00:00,44.0,6636.0,142.0,141.0,142.0,141.8,1442.0
2017-02-16 00:00:00+00:00,43.0,7118.0,142.0,141.28,142.0,141.28,1431.0
2017-02-17 00:00:00+00:00,42.0,7411.0,142.0,141.01,141.75,141.79,1331.0
2017-02-20 00:00:00+00:00,39.0,7658.0,142.5,141.75,142.0,142.5,908.0
2017-02-21 00:00:00+00:00,38.0,7857.0,142.33,142.33,142.33,142.33,1991.0
2017-02-22 00:00:00+00:00,37.0,7889.0,141.97,141.8,141.8,141.97,1153.0
2017-02-23 00:00:00+00:00,36.0,8087.0,142.5,141.5,141.5,142.49,1630.0
2017-02-24 00:00:00+00:00,35.0,7496.0,142.6,141.6,141.6,142.21,393.0
2017-02-27 00:00:00+00:00,35.0,7496.0,,,,142.21,
2017-02-28 00:00:00+00:00,35.0,7496.0,,,,142.21,
2017-03-01 00:00:00+00:00,58.0,7581.0,142.52,142.52,142.52,142.52,161.0
2017-03-02 00:00:00+00:00,57.0,7934.0,142.45,142.45,142.45,142.45,682.0
2017-03-03 00:00:00+00:00,56.0,8052.0,142.4,142.4,142.4,142.4,1234.0
2017-03-06 00:00:00+00:00,53.0,8096.0,142.0,142.0,142.0,142.38,281.0
2017-03-07 00:00:00+00:00,52.0,8161.0,142.37,142.37,142.37,142.37,840.0
2017-03-08 00:00:00+00:00,51.0,8137.0,142.61,142.61,142.61,142.61,743.0
2017-03-09 00:00:00+00:00,50.0,8225.0,142.91,142.91,142.91,142.91,1325.0
2017-03-10 00:00:00+00:00,49.0,8419.0,142.47,142.47,142.47,142.47,505.0
2017-03-13 00:00:00+00:00,46.0,8047.0,142.25,142.0,142.25,142.23,782.0
2017-03-14 00:00:00+00:00,45.0,8569.0,142.75,142.75,142.75,142.75,1364.0
2017-03-15 00:00:00+00:00,44.0,8685.0,142.55,142.55,142.55,142.55,1465.0
2017-03-16 00:00:00+00:00,43.0,8475.0,141.83,141.83,141.83,141.83,1788.0
2017-03-17 00:00:00+00:00,42.0,9197.0,142.25,142.25,142.25,142.0,1906.0
2017-03-20 00:00:00+00:00,39.0,9101.0,142.0,140.56,142.0,140.52,3715.0
2017-03-21 00:00:00+00:00,38.0,9882.0,140.04,140.04,140.04,140.04,3872.0
2017-03-22 00:00:00+00:00,37.0,10118.0,140.0,140.0,140.0,139.11,4216.0
2017-03-23 00:00:00+00:00,36.0,10032.0,138.96,138.96,138.96,138.96,6388.0
2017-03-24 00:00:00+00:00,35.0,9517.0,139.2,137.9,137.9,139.44,2859.0
2017-03-27 00:00:00+00:00,32.0,8923.0,140.5,140.29,140.45,142.11,3601.0
2017-03-28 00:00:00+00:00,31.0,8722.0,141.0,141.0,141.0,141.5,2438.0
2017-03-29 00:00:00+00:00,30.0,8099.0,141.0,141.0,141.0,137.82,5464.0
2017-03-30 00:00:00+00:00,29.0,7378.0,137.1,136.98,137.1,136.48,3941.0
2017-03-31 00:00:00+00:00,28.0,6576.0,135.4,134.4,135.4,135.71,2812.0
2017-04-03 00:00:00+00:00,58.0,6900.0,133.5,131.75,133.5,132.38,1327.0
2017-04-04 00:00:00+00:00,57.0,6655.0,133.87,131.49,132.38,133.64,2885.0
2017-04-05 00:00:00+00:00,56.0,6839.0,133.89,132.95,133.58,133.8,723.0
2017-04-06 00:00:00+00:00,55.0,6978.0,134.89,133.8,133.8,134.75,2084.0
2017-04-07 00:00:00+00:00,54.0,7049.0,135.3,134.1,134.42,135.25,929.0
2017-04-10 00:00:00+00:00,51.0,7096.0,136.24,135.4,135.78,136.04,1059.0
2017-04-11 00:00:00+00:00,50.0,7241.0,136.44,135.5,136.0,136.06,1541.0
2017-04-12 00:00:00+00:00,49.0,7326.0,136.65,136.12,136.35,136.57,869.0
2017-04-13 00:00:00+00:00,48.0,7531.0,136.22,135.55,136.22,136.14,1502.0
2017-04-14 00:00:00+00:00,48.0,7531.0,,,,136.14,
2017-04-17 00:00:00+00:00,44.0,7474.0,137.3,136.33,136.68,137.26,1319.0
2017-04-18 00:00:00+00:00,43.0,7581.0,138.19,137.15,137.35,137.41,1796.0
2017-04-19 00:00:00+00:00,42.0,7451.0,137.51,136.01,137.51,136.07,2584.0
2017-04-20 00:00:00+00:00,41.0,7607.0,136.48,135.14,135.86,135.96,1765.0
2017-04-21 00:00:00+00:00,41.0,7607.0,,,,135.96,
2017-04-24 00:00:00+00:00,37.0,7626.0,136.24,135.65,136.24,135.86,337.0
2017-04-25 00:00:00+00:00,36.0,7636.0,135.6,135.34,135.35,135.51,565.0
2017-04-26 00:00:00+00:00,35.0,7652.0,135.79,135.03,135.49,135.38,1346.0
2017-04-27 00:00:00+00:00,34.0,7947.0,135.65,135.18,135.28,135.44,1361.0
2017-04-28 00:00:00+00:00,33.0,7645.0,135.89,135.4,135.6,135.68,1605.0
2017-05-01 00:00:00+00:00,33.0,7645.0,,,,135.68,
2017-05-02 00:00:00+00:00,59.0,7365.0,136.8,136.32,136.62,136.2,1913.0
2017-05-03 00:00:00+00:00,58.0,7692.0,136.0,135.5,136.0,135.38,771.0
2017-05-04 00:00:00+00:00,57.0,7330.0,135.75,135.01,135.75,135.1,1739.0
2017-05-05 00:00:00+00:00,56.0,7505.0,135.65,134.51,135.65,134.51,973.0
2017-05-08 00:00:00+00:00,53.0,7597.0,135.0,135.0,135.0,134.85,205.0
2017-05-09 00:00:00+00:00,52.0,8017.0,135.3,134.5,135.29,135.0,1087.0
2017-05-10 00:00:00+00:00,51.0,8809.0,135.5,134.75,135.0,135.5,1306.0
2017-05-11 00:00:00+00:00,50.0,8955.0,136.2,135.7,135.74,136.0,753.0
2017-05-12 00:00:00+00:00,49.0,8931.0,136.3,135.9,136.1,136.0,842.0
2017-05-15 00:00:00+00:00,46.0,9095.0,135.65,135.5,135.58,135.61,650.0
2017-05-16 00:00:00+00:00,45.0,9120.0,135.5,134.91,135.11,134.91,824.0
2017-05-17 00:00:00+00:00,44.0,9067.0,135.2,134.5,135.2,134.61,2574.0
2017-05-18 00:00:00+00:00,43.0,8916.0,134.03,132.03,134.03,133.25,3749.0
2017-05-19 00:00:00+00:00,42.0,8737.0,133.6,133.01,133.06,133.2,972.0
2017-05-22 00:00:00+00:00,39.0,9246.0,132.95,128.56,132.95,128.56,2325.0
2017-05-23 00:00:00+00:00,38.0,9111.0,130.48,128.6,129.56,129.7,1970.0
2017-05-24 00:00:00+00:00,37.0,9249.0,131.0,129.1,130.1,129.15,1499.0
2017-05-25 00:00:00+00:00,36.0,9344.0,129.9,128.78,129.9,129.71,1724.0
2017-05-26 00:00:00+00:00,35.0,9668.0,129.9,129.4,129.5,129.5,1803.0
2017-05-29 00:00:00+00:00,32.0,9537.0,130.0,129.25,129.6,129.43,1195.0
2017-05-30 00:00:00+00:00,31.0,9558.0,130.0,128.6,129.81,129.11,2401.0
2017-05-31 00:00:00+00:00,30.0,9559.0,129.51,129.0,129.0,129.0,1624.0
2017-06-01 00:00:00+00:00,60.0,7228.0,130.15,128.65,130.15,129.4,1427.0
2017-06-02 00:00:00+00:00,59.0,7024.0,129.0,129.0,129.0,129.34,1031.0
2017-06-05 00:00:00+00:00,56.0,7328.0,129.0,128.5,129.0,128.5,1495.0
2017-06-06 00:00:00+00:00,55.0,7084.0,128.8,126.55,128.8,126.99,4292.0
2017-06-07 00:00:00+00:00,54.0,7157.0,127.0,126.55,127.0,126.44,2233.0
2017-06-08 00:00:00+00:00,53.0,7294.0,126.6,125.5,126.5,126.57,2970.0
2017-06-09 00:00:00+00:00,52.0,7471.0,126.0,125.41,125.88,125.75,1744.0
2017-06-12 00:00:00+00:00,49.0,7232.0,125.75,125.49,125.75,125.77,1187.0
2017-06-13 00:00:00+00:00,48.0,7081.0,126.31,125.01,126.31,125.98,2316.0
2017-06-14 00:00:00+00:00,47.0,7148.0,125.31,125.0,125.31,124.75,2442.0
2017-06-15 00:00:00+00:00,46.0,0.0,124.26,124.26,124.26,124.26,0.0
2017-06-16 00:00:00+00:00,45.0,7105.0,125.3,124.7,125.0,124.26,2157.0
2017-06-19 00:00:00+00:00,42.0,7254.0,124.45,122.8,124.26,122.35,4714.0
2017-06-20 00:00:00+00:00,41.0,7303.0,122.9,120.0,122.02,120.0,4569.0
2017-06-21 00:00:00+00:00,40.0,7123.0,119.0,116.6,118.9,119.63,5477.0
2017-06-22 00:00:00+00:00,39.0,6959.0,122.42,120.51,120.51,121.69,3321.0
2017-06-23 00:00:00+00:00,38.0,6980.0,123.07,120.5,120.79,121.0,2969.0
2017-06-26 00:00:00+00:00,35.0,7197.0,122.0,120.06,120.06,121.85,1207.0
2017-06-27 00:00:00+00:00,34.0,6506.0,125.0,122.99,122.99,123.8,3513.0
2017-06-28 00:00:00+00:00,33.0,6704.0,123.8,122.5,123.72,123.35,1349.0
2017-06-29 00:00:00+00:00,32.0,6716.0,124.0,123.0,124.0,123.52,1550.0
2017-06-30 00:00:00+00:00,31.0,5672.0,123.98,123.5,123.98,123.63,457.0
2017-07-03 00:00:00+00:00,59.0,5732.0,124.3,123.7,123.7,125.34,1513.0
2017-07-04 00:00:00+00:00,58.0,5838.0,125.5,125.0,125.0,125.75,1982.0
2017-07-05 00:00:00+00:00,57.0,0.0,125.0,125.0,125.0,125.25,1573.0
2017-07-06 00:00:00+00:00,56.0,5680.0,125.0,125.0,125.0,124.05,1619.0
2017-07-07 00:00:00+00:00,55.0,5735.0,124.0,124.0,124.0,123.85,1194.0
2017-07-10 00:00:00+00:00,52.0,5532.0,124.4,124.4,124.4,124.52,974.0
2017-07-11 00:00:00+00:00,51.0,5871.0,126.0,124.45,124.45,126.2,2088.0
2017-07-12 00:00:00+00:00,50.0,5661.0,126.3,125.75,125.75,125.95,2294.0
2017-07-13 00:00:00+00:00,49.0,5808.0,126.0,125.06,126.0,125.78,2036.0
2017-07-14 00:00:00+00:00,48.0,5897.0,126.39,126.0,126.0,126.39,1104.0
2017-07-17 00:00:00+00:00,45.0,6115.0,125.85,125.85,125.85,126.09,879.0
2017-07-18 00:00:00+00:00,44.0,6337.0,127.1,126.5,126.5,126.99,3614.0
2017-07-19 00:00:00+00:00,43.0,7396.0,127.46,126.0,126.0,127.35,3640.0
2017-07-20 00:00:00+00:00,42.0,7047.0,128.5,127.4,127.4,127.75,4216.0
2017-07-21 00:00:00+00:00,41.0,7309.0,128.0,127.5,127.5,128.15,966.0
2017-07-24 00:00:00+00:00,38.0,7558.0,130.0,127.9,128.0,130.0,4251.0
2017-07-25 00:00:00+00:00,37.0,7530.0,129.0,128.5,129.0,128.5,2708.0
2017-07-26 00:00:00+00:00,36.0,7837.0,128.0,127.0,128.0,127.76,3327.0
2017-07-27 00:00:00+00:00,35.0,7839.0,128.5,127.9,128.0,128.5,3070.0
2017-07-28 00:00:00+00:00,34.0,7705.0,131.0,128.2,128.2,130.76,3491.0
2017-07-31 00:00:00+00:00,31.0,6919.0,131.3,130.0,130.25,130.3,2105.0
2017-08-01 00:00:00+00:00,59.0,7160.0,133.6,132.65,133.0,133.6,1796.0
2017-08-02 00:00:00+00:00,58.0,7247.0,135.0,134.0,134.0,134.59,1741.0
2017-08-03 00:00:00+00:00,57.0,7619.0,135.1,134.5,134.5,135.19,2996.0
2017-08-04 00:00:00+00:00,56.0,8100.0,136.0,135.99,136.0,136.25,2975.0
2017-08-07 00:00:00+00:00,53.0,8031.0,137.2,135.19,135.19,137.08,3531.0
2017-08-08 00:00:00+00:00,52.0,7899.0,137.05,137.0,137.0,137.52,5310.0
2017-08-09 00:00:00+00:00,51.0,7945.0,137.0,137.0,137.0,136.96,3094.0
2017-08-10 00:00:00+00:00,50.0,9111.0,138.1,136.22,136.96,138.5,3481.0
2017-08-11 00:00:00+00:00,49.0,9496.0,138.48,137.99,138.0,138.79,2913.0
2017-08-14 00:00:00+00:00,46.0,9529.0,139.85,138.59,138.59,140.03,1623.0
2017-08-15 00:00:00+00:00,45.0,10188.0,141.55,139.5,139.5,141.25,2933.0
2017-08-16 00:00:00+00:00,44.0,10241.0,141.04,140.0,141.04,140.75,2509.0
2017-08-17 00:00:00+00:00,43.0,10458.0,140.7,140.0,140.0,141.05,1145.0
2017-08-18 00:00:00+00:00,42.0,10603.0,141.99,141.07,141.35,141.25,2843.0
2017-08-21 00:00:00+00:00,39.0,10604.0,141.6,140.6,141.6,140.0,2740.0
2017-08-22 00:00:00+00:00,38.0,10393.0,141.0,139.0,140.21,139.15,3825.0
2017-08-23 00:00:00+00:00,37.0,10181.0,139.59,138.48,139.0,138.3,2766.0
2017-08-24 00:00:00+00:00,36.0,10163.0,139.95,138.8,139.0,139.4,2358.0
2017-08-25 00:00:00+00:00,35.0,10163.0,140.5,139.5,139.5,140.5,2367.0
2017-08-28 00:00:00+00:00,32.0,11351.0,142.1,140.5,140.5,142.09,2623.0
2017-08-29 00:00:00+00:00,31.0,11903.0,143.7,142.0,142.0,142.98,4091.0
2017-08-30 00:00:00+00:00,30.0,11304.0,144.25,142.7,142.7,144.25,4062.0
2017-08-31 00:00:00+00:00,29.0,10656.0,144.5,143.4,144.0,143.9,2890.0
2017-09-01 00:00:00+00:00,60.0,11068.0,143.0,141.84,142.35,142.58,2642.0
2017-09-04 00:00:00+00:00,57.0,11451.0,143.6,142.65,142.65,143.06,2392.0
2017-09-05 00:00:00+00:00,56.0,11581.0,143.2,141.3,142.99,142.25,3682.0
2017-09-06 00:00:00+00:00,55.0,11691.0,142.6,141.0,142.3,141.86,2127.0
2017-09-07 00:00:00+00:00,55.0,11691.0,,,,141.86,
2017-09-08 00:00:00+00:00,53.0,11767.0,141.95,141.1,141.7,141.54,904.0
2017-09-11 00:00:00+00:00,50.0,11776.0,141.85,141.0,141.8,141.62,1495.0
2017-09-12 00:00:00+00:00,49.0,11818.0,141.75,139.31,141.7,139.57,3951.0
2017-09-13 00:00:00+00:00,48.0,11081.0,139.8,136.44,139.5,138.39,7803.0
2017-09-14 00:00:00+00:00,47.0,11702.0,139.13,137.36,138.25,138.48,2506.0
2017-09-15 00:00:00+00:00,46.0,11016.0,139.0,137.22,138.3,137.36,2503.0
2017-09-18 00:00:00+00:00,43.0,11244.0,138.4,137.11,137.22,137.88,3185.0
2017-09-19 00:00:00+00:00,42.0,11226.0,138.1,137.3,137.7,137.85,1784.0
2017-09-20 00:00:00+00:00,41.0,11146.0,138.49,137.7,137.8,138.01,1593.0
2017-09-21 00:00:00+00:00,40.0,10800.0,139.0,137.65,137.65,138.69,2321.0
2017-09-22 00:00:00+00:00,39.0,11140.0,140.39,139.0,139.01,140.13,3898.0
2017-09-25 00:00:00+00:00,36.0,12033.0,143.0,140.05,140.39,142.73,4294.0
2017-09-26 00:00:00+00:00,35.0,12705.0,143.0,142.0,142.84,142.57,2758.0
2017-09-27 00:00:00+00:00,34.0,12340.0,143.38,142.1,142.7,143.3,5142.0
2017-09-28 00:00:00+00:00,33.0,12650.0,143.5,142.5,143.11,143.09,1705.0
2017-09-29 00:00:00+00:00,32.0,11173.0,142.39,142.06,142.06,142.2,5465.0
2017-10-02 00:00:00+00:00,59.0,10988.0,141.5,140.6,141.4,140.7,2391.0
2017-10-03 00:00:00+00:00,58.0,11407.0,140.9,139.85,140.9,140.65,2302.0
2017-10-04 00:00:00+00:00,57.0,11357.0,140.8,139.6,140.0,139.8,3332.0
2017-10-05 00:00:00+00:00,56.0,11703.0,140.0,138.65,139.05,138.75,2592.0
2017-10-06 00:00:00+00:00,55.0,11221.0,139.2,137.5,138.75,137.8,2801.0
2017-10-09 00:00:00+00:00,52.0,11153.0,139.15,137.8,138.25,138.45,1516.0
2017-10-10 00:00:00+00:00,51.0,12143.0,139.5,138.5,138.5,139.15,3809.0
2017-10-11 00:00:00+00:00,50.0,12573.0,140.0,138.8,139.25,139.5,1892.0
2017-10-12 00:00:00+00:00,50.0,12573.0,,,,139.5,
2017-10-13 00:00:00+00:00,48.0,12369.0,140.45,139.55,139.55,139.9,2870.0
2017-10-16 00:00:00+00:00,45.0,12714.0,140.2,139.5,140.2,139.7,2077.0
2017-10-17 00:00:00+00:00,44.0,12585.0,139.85,138.9,139.7,139.0,2749.0
2017-10-18 00:00:00+00:00,43.0,12120.0,139.0,137.2,139.0,138.35,3721.0
2017-10-19 00:00:00+00:00,42.0,12339.0,138.6,137.5,138.4,137.7,2004.0
2017-10-20 00:00:00+00:00,41.0,12554.0,138.4,137.35,137.9,138.05,1575.0
2017-10-23 00:00:00+00:00,38.0,12464.0,140.4,138.15,138.3,140.0,3145.0
2017-10-24 00:00:00+00:00,37.0,12270.0,140.6,139.5,140.0,140.35,1713.0
2017-10-25 00:00:00+00:00,36.0,12929.0,140.8,139.1,140.6,139.45,2462.0
2017-10-26 00:00:00+00:00,35.0,11732.0,140.2,138.9,139.4,140.05,3018.0
2017-10-27 00:00:00+00:00,34.0,12263.0,140.8,140.05,140.5,140.35,2780.0
2017-10-30 00:00:00+00:00,31.0,12433.0,141.9,140.3,140.3,141.8,2627.0
2017-10-31 00:00:00+00:00,30.0,8652.0,142.9,141.55,141.85,142.45,3396.0
2017-11-01 00:00:00+00:00,57.0,9033.0,145.45,145.0,145.0,145.5,1069.0
2017-11-02 00:00:00+00:00,57.0,9033.0,,,,145.5,
2017-11-03 00:00:00+00:00,55.0,9168.0,145.65,145.2,145.25,145.75,1009.0
2017-11-06 00:00:00+00:00,52.0,9140.0,145.6,145.25,145.4,145.75,486.0
2017-11-07 00:00:00+00:00,51.0,9134.0,145.75,144.85,145.75,145.0,1004.0
2017-11-08 00:00:00+00:00,50.0,7746.0,144.7,144.4,144.55,145.0,3427.0
2017-11-09 00:00:00+00:00,49.0,7788.0,145.25,144.65,144.8,145.45,3429.0
2017-11-10 00:00:00+00:00,48.0,8322.0,146.0,145.5,145.5,145.55,3386.0
2017-11-13 00:00:00+00:00,45.0,8493.0,146.45,145.7,145.7,146.05,2399.0
2017-11-14 00:00:00+00:00,44.0,8518.0,147.0,146.1,146.1,146.35,1498.0
2017-11-15 00:00:00+00:00,44.0,8518.0,,,,146.35,
2017-11-16 00:00:00+00:00,42.0,8736.0,146.2,145.6,146.2,146.15,2165.0
2017-11-17 00:00:00+00:00,41.0,8352.0,145.8,145.5,145.8,146.0,1200.0
2017-11-20 00:00:00+00:00,41.0,8352.0,,,,146.0,
2017-11-21 00:00:00+00:00,37.0,8547.0,145.6,145.0,145.6,145.25,1067.0
2017-11-22 00:00:00+00:00,36.0,8068.0,146.25,145.75,145.75,145.85,2089.0
2017-11-23 00:00:00+00:00,35.0,9575.0,147.5,146.1,146.45,147.2,4591.0
2017-11-24 00:00:00+00:00,34.0,10238.0,148.0,147.0,147.0,147.7,3487.0
2017-11-27 00:00:00+00:00,31.0,10071.0,147.85,147.45,147.45,147.35,1886.0
2017-11-28 00:00:00+00:00,30.0,10949.0,148.4,147.55,147.55,147.85,2501.0
2017-11-29 00:00:00+00:00,29.0,11634.0,148.35,147.75,148.0,148.2,2755.0
2017-11-30 00:00:00+00:00,28.0,6357.0,148.2,146.0,147.8,147.05,2164.0
2017-12-01 00:00:00+00:00,61.0,6450.0,148.7,148.1,148.7,148.9,702.0
2017-12-04 00:00:00+00:00,58.0,6596.0,148.95,148.4,148.4,149.0,748.0
2017-12-05 00:00:00+00:00,57.0,6812.0,149.5,148.6,148.95,149.0,1222.0
2017-12-06 00:00:00+00:00,56.0,7680.0,148.8,148.7,148.7,149.0,2479.0
2017-12-07 00:00:00+00:00,55.0,7963.0,149.95,149.0,149.05,148.55,1470.0
2017-12-08 00:00:00+00:00,54.0,7623.0,148.5,147.2,148.5,147.75,2205.0
2017-12-11 00:00:00+00:00,51.0,7730.0,148.5,148.0,148.0,148.5,659.0
2017-12-12 00:00:00+00:00,50.0,7233.0,148.85,147.95,148.1,148.85,1149.0
2017-12-13 00:00:00+00:00,49.0,7705.0,149.4,148.05,149.0,149.0,1566.0
2017-12-14 00:00:00+00:00,48.0,7629.0,149.05,148.25,149.05,148.35,1629.0
2017-12-15 00:00:00+00:00,47.0,7497.0,148.55,148.0,148.35,148.35,854.0
2017-12-18 00:00:00+00:00,44.0,7426.0,148.65,147.9,147.9,147.95,588.0
2017-12-19 00:00:00+00:00,43.0,7240.0,148.65,147.65,148.15,148.55,801.0
2017-12-20 00:00:00+00:00,42.0,7724.0,148.7,147.65,148.5,148.3,1050.0
2017-12-21 00:00:00+00:00,41.0,7643.0,148.55,148.25,148.55,148.0,1621.0
2017-12-22 00:00:00+00:00,40.0,7702.0,148.0,147.75,148.0,147.85,356.0
2017-12-25 00:00:00+00:00,40.0,7702.0,,,,147.85,
2017-12-26 00:00:00+00:00,36.0,7716.0,147.85,147.7,147.8,148.5,192.0
2017-12-27 00:00:00+00:00,35.0,7379.0,148.05,147.55,147.55,148.0,755.0
2017-12-28 00:00:00+00:00,34.0,4842.0,148.75,148.0,148.0,148.0,862.0
2017-12-29 00:00:00+00:00,34.0,4842.0,,,,148.0,
2018-01-01 00:00:00+00:00,34.0,4842.0,,,,148.0,
2018-01-02 00:00:00+00:00,57.0,5287.0,147.3,147.05,147.3,147.0,710.0
2018-01-03 00:00:00+00:00,56.0,5390.0,147.0,147.0,147.0,147.0,337.0
2018-01-04 00:00:00+00:00,55.0,5484.0,146.3,146.3,146.3,146.3,1148.0
2018-01-05 00:00:00+00:00,54.0,5538.0,146.6,146.6,146.6,146.6,459.0
2018-01-08 00:00:00+00:00,51.0,5542.0,146.5,146.5,146.5,146.35,528.0
2018-01-09 00:00:00+00:00,50.0,5158.0,146.5,146.0,146.5,146.05,1003.0
2018-01-10 00:00:00+00:00,49.0,5485.0,146.5,146.05,146.5,146.3,1379.0
2018-01-11 00:00:00+00:00,48.0,5919.0,146.5,146.0,146.5,146.25,1328.0
2018-01-12 00:00:00+00:00,47.0,5702.0,146.5,146.1,146.4,146.25,966.0
2018-01-15 00:00:00+00:00,44.0,5742.0,146.0,146.0,146.0,146.0,285.0
2018-01-16 00:00:00+00:00,43.0,5750.0,146.0,145.75,145.9,146.05,1103.0
2018-01-17 00:00:00+00:00,42.0,6198.0,146.3,145.8,146.0,145.9,1412.0
2018-01-18 00:00:00+00:00,41.0,6422.0,145.75,144.1,145.65,144.8,1747.0
2018-01-19 00:00:00+00:00,40.0,6454.0,145.0,144.45,144.45,144.5,408.0
2018-01-22 00:00:00+00:00,37.0,6709.0,145.5,145.0,145.5,145.1,537.0
2018-01-23 00:00:00+00:00,36.0,7317.0,146.2,145.3,145.3,145.75,3787.0
2018-01-24 00:00:00+00:00,35.0,7943.0,146.0,144.5,145.55,144.95,1510.0
2018-01-25 00:00:00+00:00,35.0,7943.0,,,,144.95,
2018-01-26 00:00:00+00:00,33.0,7824.0,144.85,144.15,144.15,144.75,872.0
2018-01-29 00:00:00+00:00,30.0,7480.0,145.55,144.6,144.6,145.2,999.0
2018-01-30 00:00:00+00:00,29.0,7542.0,145.6,144.8,145.4,145.0,760.0
2018-01-31 00:00:00+00:00,28.0,4711.0,144.75,144.2,144.55,144.8,1027.0
2018-02-01 00:00:00+00:00,56.0,4918.0,143.9,143.9,143.9,144.0,633.0
2018-02-02 00:00:00+00:00,55.0,5227.0,143.9,143.85,143.85,143.9,1170.0
2018-02-05 00:00:00+00:00,52.0,5447.0,143.6,143.6,143.6,143.6,650.0
2018-02-06 00:00:00+00:00,51.0,5937.0,144.5,144.05,144.05,144.85,1528.0
2018-02-07 00:00:00+00:00,50.0,6112.0,145.0,144.1,144.5,144.75,836.0
2018-02-08 00:00:00+00:00,49.0,5785.0,145.0,144.35,144.35,144.95,1153.0
2018-02-09 00:00:00+00:00,48.0,6099.0,144.75,144.75,144.75,144.0,512.0
2018-02-12 00:00:00+00:00,48.0,6099.0,,,,144.0,
2018-02-13 00:00:00+00:00,48.0,6099.0,,,,144.0,
2018-02-14 00:00:00+00:00,43.0,6252.0,144.95,144.95,144.95,145.8,286.0
2018-02-15 00:00:00+00:00,42.0,6295.0,145.3,145.0,145.05,144.9,240.0
2018-02-16 00:00:00+00:00,41.0,6549.0,145.6,145.4,145.4,145.35,1469.0
2018-02-19 00:00:00+00:00,38.0,6656.0,145.65,145.35,145.35,145.65,354.0
2018-02-20 00:00:00+00:00,37.0,8130.0,146.5,145.85,145.85,146.3,3018.0
2018-02-21 00:00:00+00:00,36.0,8330.0,146.35,145.4,146.35,145.65,1178.0
2018-02-22 00:00:00+00:00,35.0,8468.0,146.0,145.65,146.0,145.65,796.0
2018-02-23 00:00:00+00:00,34.0,8537.0,145.6,145.5,145.5,145.75,528.0
2018-02-26 00:00:00+00:00,31.0,7849.0,146.0,145.75,145.75,145.8,1418.0
2018-02-27 00:00:00+00:00,30.0,8172.0,145.7,145.15,145.15,145.75,449.0
2018-02-28 00:00:00+00:00,29.0,6369.0,146.05,145.7,145.7,145.8,1786.0
2018-03-01 00:00:00+00:00,60.0,6663.0,145.35,144.95,145.35,145.25,699.0
2018-03-02 00:00:00+00:00,59.0,6663.0,145.35,145.35,145.35,145.35,285.0
2018-03-05 00:00:00+00:00,56.0,6423.0,144.05,143.4,144.05,144.2,1720.0
2018-03-06 00:00:00+00:00,55.0,6607.0,144.0,142.8,142.8,144.5,723.0
2018-03-07 00:00:00+00:00,54.0,6411.0,144.25,143.85,143.85,144.65,923.0
2018-03-08 00:00:00+00:00,53.0,6507.0,143.95,143.6,143.95,144.05,1152.0
2018-03-09 00:00:00+00:00,52.0,6426.0,144.35,144.35,144.35,144.25,424.0
2018-03-12 00:00:00+00:00,49.0,6435.0,144.15,143.5,143.5,145.0,239.0
2018-03-13 00:00:00+00:00,48.0,6523.0,144.45,144.0,144.45,143.95,788.0
2018-03-14 00:00:00+00:00,47.0,6819.0,144.5,143.55,143.65,144.3,1382.0
2018-03-15 00:00:00+00:00,46.0,7041.0,143.85,143.3,143.3,143.75,1146.0
2018-03-16 00:00:00+00:00,45.0,7237.0,144.0,143.5,143.5,144.3,559.0
2018-03-19 00:00:00+00:00,42.0,7154.0,144.05,144.05,144.05,144.05,550.0
2018-03-20 00:00:00+00:00,41.0,7540.0,143.5,142.6,143.5,143.4,2836.0
2018-03-21 00:00:00+00:00,40.0,8249.0,143.2,142.0,142.7,143.0,3867.0
2018-03-22 00:00:00+00:00,39.0,8484.0,142.65,142.0,142.65,142.5,1641.0
2018-03-23 00:00:00+00:00,38.0,8763.0,142.7,142.0,142.0,142.1,1332.0
2018-03-26 00:00:00+00:00,35.0,8517.0,142.5,142.0,142.0,143.0,660.0
2018-03-27 00:00:00+00:00,34.0,8853.0,143.5,143.25,143.25,143.0,1726.0
2018-03-28 00:00:00+00:00,33.0,9019.0,143.5,142.7,143.5,143.0,1310.0
2018-03-29 00:00:00+00:00,32.0,8601.0,143.0,143.0,143.0,143.15,1789.0
2018-03-30 00:00:00+00:00,32.0,8601.0,,,,143.15,
2018-04-02 00:00:00+00:00,58.0,8612.0,143.4,142.9,143.25,143.2,678.0
2018-04-03 00:00:00+00:00,57.0,9019.0,143.7,143.0,143.0,143.5,1283.0
2018-04-04 00:00:00+00:00,56.0,9117.0,144.2,143.4,143.5,144.15,1879.0
2018-04-05 00:00:00+00:00,55.0,9431.0,144.75,143.65,144.3,143.85,2174.0
2018-04-06 00:00:00+00:00,54.0,9569.0,144.0,143.45,143.95,143.95,586.0
2018-04-09 00:00:00+00:00,51.0,9742.0,144.3,143.75,144.3,143.95,779.0
2018-04-10 00:00:00+00:00,50.0,10066.0,143.95,143.3,143.7,143.35,1191.0
2018-04-11 00:00:00+00:00,49.0,10264.0,143.45,143.2,143.4,143.3,834.0
2018-04-12 00:00:00+00:00,48.0,10350.0,143.2,142.8,143.1,143.1,1050.0
2018-04-13 00:00:00+00:00,47.0,10530.0,143.6,142.85,143.05,143.3,1048.0
2018-04-16 00:00:00+00:00,44.0,10484.0,143.6,142.9,143.4,143.0,985.0
2018-04-17 00:00:00+00:00,43.0,10646.0,143.4,143.0,143.25,143.1,2076.0
2018-04-18 00:00:00+00:00,42.0,10967.0,143.2,142.65,143.1,142.7,1715.0
2018-04-19 00:00:00+00:00,41.0,10422.0,142.6,141.8,142.6,142.0,2154.0
2018-04-20 00:00:00+00:00,40.0,10496.0,142.25,141.85,141.85,142.05,1044.0
2018-04-23 00:00:00+00:00,37.0,10628.0,142.3,141.8,142.1,141.95,1114.0
2018-04-24 00:00:00+00:00,36.0,11549.0,142.15,141.35,141.85,141.45,1793.0
2018-04-25 00:00:00+00:00,35.0,11671.0,141.35,140.75,140.8,141.05,2094.0
2018-04-26 00:00:00+00:00,34.0,11712.0,141.95,140.6,141.5,141.55,1944.0
2018-04-27 00:00:00+00:00,33.0,11676.0,141.35,141.0,141.05,141.15,622.0
2018-04-30 00:00:00+00:00,30.0,10235.0,141.7,141.2,141.4,141.4,653.0
2018-05-01 00:00:00+00:00,30.0,10235.0,,,,141.4,
2018-05-02 00:00:00+00:00,58.0,10481.0,142.15,141.5,142.15,142.0,2398.0
2018-05-03 00:00:00+00:00,57.0,10917.0,142.2,141.7,142.0,142.2,1567.0
2018-05-04 00:00:00+00:00,56.0,10635.0,142.7,142.0,142.0,142.5,2943.0
2018-05-07 00:00:00+00:00,53.0,10894.0,142.5,142.15,142.35,142.5,1477.0
2018-05-08 00:00:00+00:00,52.0,10910.0,142.5,141.8,142.15,142.25,1891.0
2018-05-09 00:00:00+00:00,51.0,10910.0,142.4,141.85,142.4,142.15,2411.0
2018-05-10 00:00:00+00:00,50.0,10065.0,142.0,141.65,141.75,142.1,3820.0
2018-05-11 00:00:00+00:00,49.0,9906.0,142.3,142.0,142.0,142.45,708.0
2018-05-14 00:00:00+00:00,46.0,9728.0,141.65,141.65,141.65,142.2,941.0
2018-05-15 00:00:00+00:00,45.0,9690.0,141.8,141.55,141.55,141.75,871.0
2018-05-16 00:00:00+00:00,44.0,9951.0,141.5,141.2,141.5,141.3,1595.0
2018-05-17 00:00:00+00:00,43.0,9975.0,142.3,142.0,142.3,141.55,1136.0
2018-05-18 00:00:00+00:00,42.0,10006.0,143.1,143.0,143.0,142.85,2110.0
2018-05-21 00:00:00+00:00,39.0,10066.0,143.8,143.0,143.35,143.5,1197.0
2018-05-22 00:00:00+00:00,38.0,10213.0,143.9,142.8,143.5,143.25,1551.0
2018-05-23 00:00:00+00:00,37.0,10379.0,143.5,143.0,143.05,143.05,591.0
2018-05-24 00:00:00+00:00,36.0,10568.0,143.1,143.0,143.05,142.7,979.0
2018-05-25 00:00:00+00:00,35.0,10480.0,142.75,142.75,142.75,142.75,404.0
2018-05-28 00:00:00+00:00,32.0,10304.0,143.5,142.9,143.5,142.0,495.0
2018-05-29 00:00:00+00:00,31.0,0.0,143.05,142.5,143.0,142.55,1519.0
2018-05-30 00:00:00+00:00,30.0,0.0,142.8,141.65,142.5,142.1,1574.0
2018-05-31 00:00:00+00:00,30.0,0.0,,,,142.1,
2018-06-01 00:00:00+00:00,60.0,6377.0,145.05,144.8,145.05,145.35,295.0
2018-06-04 00:00:00+00:00,57.0,7060.0,145.5,144.7,145.0,145.0,1361.0
2018-06-05 00:00:00+00:00,56.0,6923.0,146.0,145.0,145.0,145.35,682.0
2018-06-06 00:00:00+00:00,55.0,7007.0,145.5,145.0,145.45,146.15,763.0
2018-06-07 00:00:00+00:00,54.0,7239.0,145.85,144.6,145.45,145.25,1972.0
2018-06-08 00:00:00+00:00,53.0,7442.0,145.5,144.5,144.5,144.6,752.0
2018-06-11 00:00:00+00:00,50.0,7719.0,145.45,144.0,145.45,144.2,677.0
2018-06-12 00:00:00+00:00,49.0,7732.0,145.0,144.4,144.75,144.8,1066.0
2018-06-13 00:00:00+00:00,48.0,7865.0,144.6,143.5,144.6,143.5,1579.0
2018-06-14 00:00:00+00:00,47.0,8032.0,143.7,143.5,143.55,144.0,980.0
2018-06-15 00:00:00+00:00,46.0,8108.0,144.0,143.4,144.0,144.6,859.0
2018-06-18 00:00:00+00:00,43.0,8217.0,144.35,143.55,143.9,144.05,475.0
2018-06-19 00:00:00+00:00,42.0,8259.0,144.75,144.25,144.75,144.35,636.0
2018-06-20 00:00:00+00:00,41.0,8386.0,145.0,144.0,144.35,144.3,963.0
2018-06-21 00:00:00+00:00,40.0,8823.0,144.35,143.6,144.35,143.7,593.0
2018-06-22 00:00:00+00:00,39.0,8834.0,143.95,143.6,143.95,143.8,298.0
2018-06-25 00:00:00+00:00,36.0,7501.0,144.2,143.3,144.2,144.0,385.0
2018-06-26 00:00:00+00:00,35.0,9221.0,143.9,143.65,143.8,143.85,605.0
2018-06-27 00:00:00+00:00,34.0,9550.0,143.95,143.25,143.95,143.9,916.0
2018-06-28 00:00:00+00:00,33.0,9744.0,144.4,143.55,143.55,144.45,515.0
2018-06-29 00:00:00+00:00,32.0,7571.0,144.5,143.9,144.35,144.3,615.0
2018-07-02 00:00:00+00:00,60.0,8339.0,147.0,146.55,147.0,146.7,667.0
2018-07-03 00:00:00+00:00,59.0,8434.0,146.5,146.5,146.5,146.65,545.0
2018-07-04 00:00:00+00:00,58.0,8607.0,146.95,146.5,146.5,146.75,1126.0
2018-07-05 00:00:00+00:00,57.0,8789.0,146.5,146.3,146.5,146.3,1230.0
2018-07-06 00:00:00+00:00,56.0,6009.0,146.0,145.8,146.0,146.25,630.0
2018-07-09 00:00:00+00:00,56.0,6009.0,,,,146.25,
2018-07-10 00:00:00+00:00,52.0,9062.0,146.0,146.0,146.0,145.75,1027.0
2018-07-11 00:00:00+00:00,51.0,9333.0,146.0,145.0,146.0,145.2,822.0
2018-07-12 00:00:00+00:00,50.0,9585.0,145.0,144.3,145.0,144.4,1949.0
2018-07-13 00:00:00+00:00,49.0,9902.0,144.85,143.8,144.85,144.15,1253.0
2018-07-16 00:00:00+00:00,46.0,10057.0,144.75,144.15,144.15,144.75,1298.0
2018-07-17 00:00:00+00:00,45.0,10281.0,144.95,144.75,144.9,144.75,1264.0
2018-07-18 00:00:00+00:00,44.0,10397.0,144.95,144.3,144.95,144.8,702.0
2018-07-19 00:00:00+00:00,43.0,10338.0,144.9,144.5,144.9,144.5,356.0
2018-07-20 00:00:00+00:00,42.0,10338.0,145.0,144.7,144.75,144.95,609.0
2018-07-23 00:00:00+00:00,39.0,10655.0,145.7,145.0,145.0,145.65,613.0
2018-07-24 00:00:00+00:00,38.0,11096.0,146.25,145.85,145.9,146.5,1935.0
2018-07-25 00:00:00+00:00,37.0,11216.0,146.65,146.0,146.0,146.15,1267.0
2018-07-26 00:00:00+00:00,36.0,11477.0,146.65,146.0,146.25,146.45,1273.0
2018-07-27 00:00:00+00:00,35.0,11477.0,146.8,146.3,146.45,146.9,1012.0
2018-07-30 00:00:00+00:00,32.0,11393.0,147.0,146.5,147.0,146.75,926.0
2018-07-31 00:00:00+00:00,31.0,11350.0,146.9,145.65,146.9,145.7,1019.0
2018-08-01 00:00:00+00:00,58.0,9762.0,148.0,147.0,148.0,148.0,1116.0
2018-08-02 00:00:00+00:00,57.0,9866.0,147.5,147.1,147.5,147.5,1276.0
2018-08-03 00:00:00+00:00,56.0,9772.0,147.3,146.9,146.9,147.85,561.0
2018-08-06 00:00:00+00:00,53.0,9927.0,147.6,147.6,147.6,147.6,501.0
2018-08-07 00:00:00+00:00,52.0,9892.0,147.95,147.3,147.6,148.5,1434.0
2018-08-08 00:00:00+00:00,51.0,9984.0,148.0,147.65,147.65,148.0,495.0
2018-08-09 00:00:00+00:00,50.0,9964.0,147.6,147.5,147.6,147.55,540.0
2018-08-10 00:00:00+00:00,49.0,10005.0,147.55,147.55,147.55,147.75,196.0
2018-08-13 00:00:00+00:00,46.0,9939.0,147.25,147.25,147.25,147.25,470.0
2018-08-14 00:00:00+00:00,45.0,9901.0,147.35,147.35,147.35,147.35,437.0
2018-08-15 00:00:00+00:00,44.0,10074.0,147.5,147.1,147.1,147.35,449.0
2018-08-16 00:00:00+00:00,43.0,9888.0,147.15,147.0,147.1,147.45,933.0
2018-08-17 00:00:00+00:00,42.0,9720.0,147.45,146.6,147.45,147.0,1715.0
2018-08-20 00:00:00+00:00,39.0,9751.0,147.15,147.15,147.15,147.15,1717.0
2018-08-21 00:00:00+00:00,38.0,9711.0,147.5,147.3,147.3,147.55,426.0
2018-08-22 00:00:00+00:00,37.0,9521.0,147.5,147.0,147.1,147.95,958.0
2018-08-23 00:00:00+00:00,36.0,9799.0,147.95,147.65,147.65,147.9,1123.0
2018-08-24 00:00:00+00:00,35.0,10065.0,148.15,147.9,148.0,148.25,1071.0
2018-08-27 00:00:00+00:00,32.0,10517.0,148.7,148.5,148.6,149.4,989.0
2018-08-28 00:00:00+00:00,31.0,10750.0,149.0,148.65,148.65,149.25,999.0
2018-08-29 00:00:00+00:00,30.0,10296.0,149.35,149.0,149.2,149.0,982.0
2018-08-30 00:00:00+00:00,29.0,11789.0,149.05,148.0,148.9,149.5,1182.0
2018-08-31 00:00:00+00:00,28.0,11895.0,150.15,149.4,149.4,150.0,1727.0
2018-09-03 00:00:00+00:00,58.0,10740.0,153.1,152.7,152.95,152.8,693.0
2018-09-04 00:00:00+00:00,57.0,10456.0,153.1,152.3,152.9,152.95,1293.0
2018-09-05 00:00:00+00:00,56.0,10760.0,153.0,152.0,152.9,152.3,1257.0
2018-09-06 00:00:00+00:00,55.0,10882.0,152.65,152.0,152.0,152.6,1067.0
2018-09-07 00:00:00+00:00,55.0,10882.0,,,,152.6,
2018-09-10 00:00:00+00:00,51.0,11116.0,153.0,152.5,153.0,152.6,701.0
2018-09-11 00:00:00+00:00,50.0,11179.0,152.8,151.9,152.8,152.4,844.0
2018-09-12 00:00:00+00:00,49.0,11184.0,153.1,152.5,152.5,153.0,899.0
2018-09-13 00:00:00+00:00,48.0,11330.0,153.5,152.45,152.45,153.45,1931.0
2018-09-14 00:00:00+00:00,47.0,12124.0,153.4,152.4,153.4,152.75,1201.0
2018-09-17 00:00:00+00:00,44.0,12260.0,153.0,152.15,152.35,152.35,604.0
2018-09-18 00:00:00+00:00,43.0,12114.0,152.85,152.3,152.3,152.7,780.0
2018-09-19 00:00:00+00:00,42.0,12670.0,153.05,151.3,152.6,151.6,2155.0
2018-09-20 00:00:00+00:00,41.0,12317.0,152.0,150.5,152.0,150.8,1929.0
2018-09-21 00:00:00+00:00,40.0,12317.0,151.85,151.15,151.15,151.75,2044.0
2018-09-24 00:00:00+00:00,37.0,12363.0,152.9,151.65,152.15,152.05,937.0
2018-09-25 00:00:00+00:00,36.0,12421.0,152.15,151.35,152.15,151.4,484.0
2018-09-26 00:00:00+00:00,35.0,12052.0,151.65,149.7,150.8,150.0,2627.0
2018-09-27 00:00:00+00:00,34.0,12126.0,150.3,149.1,150.2,149.55,1570.0
2018-09-28 00:00:00+00:00,33.0,12119.0,150.7,149.65,150.0,150.65,1570.0
2018-10-01 00:00:00+00:00,60.0,11416.0,150.4,150.0,150.4,150.15,1538.0
2018-10-02 00:00:00+00:00,59.0,11279.0,150.0,150.0,150.0,149.75,965.0
2018-10-03 00:00:00+00:00,58.0,11306.0,149.0,148.65,149.0,149.0,1160.0
2018-10-04 00:00:00+00:00,57.0,11446.0,149.5,148.7,149.5,149.0,730.0
2018-10-05 00:00:00+00:00,56.0,11606.0,149.3,148.7,149.0,149.0,977.0
2018-10-08 00:00:00+00:00,53.0,11484.0,149.0,148.7,149.0,148.7,778.0
2018-10-09 00:00:00+00:00,52.0,11559.0,148.5,148.0,148.1,148.2,790.0
2018-10-10 00:00:00+00:00,51.0,11643.0,148.1,147.2,148.0,147.55,888.0
2018-10-11 00:00:00+00:00,50.0,11669.0,147.95,147.0,147.95,147.2,1452.0
2018-10-12 00:00:00+00:00,50.0,11669.0,,,,147.2,
2018-10-15 00:00:00+00:00,46.0,10436.0,147.0,146.15,147.0,146.4,1048.0
2018-10-16 00:00:00+00:00,45.0,10436.0,147.25,145.85,145.85,146.85,2854.0
2018-10-17 00:00:00+00:00,44.0,10989.0,147.1,146.55,146.95,146.85,1408.0
2018-10-18 00:00:00+00:00,43.0,11146.0,146.55,146.05,146.5,146.35,1673.0
2018-10-19 00:00:00+00:00,42.0,11084.0,147.6,145.9,146.35,146.8,1499.0
2018-10-22 00:00:00+00:00,39.0,11106.0,147.0,146.15,146.15,146.9,1098.0
2018-10-23 00:00:00+00:00,38.0,11126.0,147.6,146.5,146.5,146.95,445.0
2018-10-24 00:00:00+00:00,37.0,11283.0,147.4,146.65,146.7,147.3,680.0
2018-10-25 00:00:00+00:00,36.0,11166.0,147.4,146.95,147.05,147.3,420.0
2018-10-26 00:00:00+00:00,35.0,11085.0,147.5,146.85,146.85,147.3,430.0
2018-10-29 00:00:00+00:00,32.0,11098.0,147.85,147.0,147.15,147.7,820.0
2018-10-30 00:00:00+00:00,31.0,10945.0,148.6,147.5,147.5,148.45,1693.0
2018-10-31 00:00:00+00:00,30.0,11827.0,148.5,147.7,148.5,147.95,1694.0
2018-11-01 00:00:00+00:00,57.0,4838.0,149.55,149.3,149.55,149.7,374.0
2018-11-02 00:00:00+00:00,57.0,4838.0,,,,149.7,
2018-11-05 00:00:00+00:00,53.0,4990.0,149.45,149.45,149.45,149.45,541.0
2018-11-06 00:00:00+00:00,52.0,5150.0,148.0,147.9,148.0,148.25,1073.0
2018-11-07 00:00:00+00:00,51.0,4909.0,148.7,148.7,148.7,148.25,2215.0
2018-11-08 00:00:00+00:00,50.0,5014.0,148.95,148.95,148.95,148.95,268.0
2018-11-09 00:00:00+00:00,49.0,5173.0,148.25,148.25,148.25,148.25,803.0
2018-11-12 00:00:00+00:00,46.0,5116.0,148.9,148.9,148.9,148.9,579.0
2018-11-13 00:00:00+00:00,45.0,4611.0,149.75,149.36,148.3,149.7,1439.0
2018-11-14 00:00:00+00:00,44.0,0.0,149.75,149.0,149.05,149.25,1432.0
2018-11-15 00:00:00+00:00,44.0,0.0,,,,149.25,
2018-11-16 00:00:00+00:00,42.0,4700.0,149.0,149.0,149.0,149.2,638.0
2018-11-19 00:00:00+00:00,39.0,0.0,149.8,149.0,149.8,149.1,106.0
2018-11-20 00:00:00+00:00,39.0,0.0,,,,149.1,
2018-11-21 00:00:00+00:00,37.0,4732.0,149.5,149.2,149.2,149.25,550.0
2018-11-22 00:00:00+00:00,36.0,4825.0,149.4,149.0,149.15,150.05,553.0
2018-11-23 00:00:00+00:00,35.0,4827.0,149.5,149.2,149.5,149.45,477.0
2018-11-26 00:00:00+00:00,32.0,4962.0,150.0,149.5,149.5,149.9,416.0
2018-11-27 00:00:00+00:00,31.0,5143.0,150.5,149.5,149.5,150.35,838.0
2018-11-28 00:00:00+00:00,30.0,5026.0,150.85,149.65,150.3,149.7,866.0
2018-11-29 00:00:00+00:00,29.0,5384.0,149.9,149.3,149.65,149.3,1345.0
2018-11-30 00:00:00+00:00,28.0,5534.0,149.45,148.7,148.9,149.4,1041.0
2018-12-03 00:00:00+00:00,59.0,4059.0,152.4,151.6,151.75,152.1,346.0
2018-12-04 00:00:00+00:00,58.0,4011.0,152.4,151.8,152.2,152.2,678.0
2018-12-05 00:00:00+00:00,57.0,4106.0,152.45,152.15,152.45,152.3,665.0
2018-12-06 00:00:00+00:00,56.0,4011.0,152.3,152.0,152.05,152.0,542.0
2018-12-07 00:00:00+00:00,55.0,4388.0,151.2,151.0,151.15,151.3,471.0
2018-12-10 00:00:00+00:00,52.0,4425.0,152.4,151.5,151.5,151.8,816.0
2018-12-11 00:00:00+00:00,51.0,4635.0,152.0,151.5,151.75,151.85,510.0
2018-12-12 00:00:00+00:00,50.0,4766.0,152.25,151.8,152.15,151.85,969.0
2018-12-13 00:00:00+00:00,49.0,4862.0,152.0,151.4,152.0,151.45,722.0
2018-12-14 00:00:00+00:00,48.0,4837.0,151.95,151.5,151.5,151.8,746.0
2018-12-17 00:00:00+00:00,45.0,4860.0,152.5,151.5,152.1,152.0,867.0
2018-12-18 00:00:00+00:00,44.0,4832.0,152.3,151.5,151.5,152.5,682.0
2018-12-19 00:00:00+00:00,43.0,4855.0,152.3,152.0,152.0,152.45,894.0
2018-12-20 00:00:00+00:00,42.0,5121.0,152.5,152.0,152.5,152.4,492.0
2018-12-21 00:00:00+00:00,41.0,0.0,152.75,152.1,152.75,152.6,907.0
2018-12-24 00:00:00+00:00,41.0,0.0,,,,152.6,
2018-12-25 00:00:00+00:00,41.0,0.0,,,,152.6,
2018-12-26 00:00:00+00:00,36.0,5124.0,152.8,152.5,152.5,153.25,1214.0
2018-12-27 00:00:00+00:00,35.0,5136.0,152.5,152.0,152.3,152.25,193.0
2018-12-28 00:00:00+00:00,34.0,0.0,152.4,151.8,152.4,152.7,645.0
2018-12-31 00:00:00+00:00,34.0,0.0,,,,152.7,
2019-01-01 00:00:00+00:00,34.0,0.0,,,,152.7,
2019-01-02 00:00:00+00:00,57.0,3713.0,151.9,151.9,151.9,151.9,398.0
2019-01-03 00:00:00+00:00,56.0,3771.0,152.05,152.0,152.0,152.15,268.0
2019-01-04 00:00:00+00:00,55.0,3853.0,152.3,152.3,152.3,152.45,309.0
2019-01-07 00:00:00+00:00,52.0,3812.0,152.65,152.65,152.65,152.65,890.0
2019-01-08 00:00:00+00:00,51.0,3839.0,152.6,152.6,152.6,152.5,294.0
2019-01-09 00:00:00+00:00,50.0,4113.0,152.0,152.0,152.0,152.0,618.0
2019-01-10 00:00:00+00:00,49.0,4116.0,152.3,152.3,152.3,152.3,721.0
2019-01-11 00:00:00+00:00,48.0,4365.0,153.0,152.55,152.95,152.55,561.0
2019-01-14 00:00:00+00:00,45.0,4266.0,153.0,153.0,153.0,152.65,493.0
2019-01-15 00:00:00+00:00,44.0,4324.0,152.0,152.0,152.0,152.15,232.0
2019-01-16 00:00:00+00:00,43.0,4496.0,152.2,152.15,152.15,152.4,676.0
2019-01-17 00:00:00+00:00,42.0,4632.0,151.95,151.95,151.95,152.6,527.0
2019-01-18 00:00:00+00:00,41.0,4794.0,152.2,152.2,152.2,152.35,144.0
2019-01-21 00:00:00+00:00,38.0,4869.0,152.2,152.2,152.2,152.2,140.0
2019-01-22 00:00:00+00:00,37.0,4952.0,152.15,152.15,152.15,152.15,271.0
2019-01-23 00:00:00+00:00,36.0,5137.0,151.5,151.5,151.5,152.25,472.0
2019-01-24 00:00:00+00:00,35.0,0.0,152.2,152.0,152.0,152.1,590.0
2019-01-25 00:00:00+00:00,35.0,0.0,,,,152.1,
2019-01-28 00:00:00+00:00,31.0,5175.0,152.5,152.3,152.3,152.25,415.0
2019-01-29 00:00:00+00:00,30.0,4534.0,152.0,152.0,152.0,151.5,200.0
2019-01-30 00:00:00+00:00,29.0,4874.0,151.75,151.0,151.75,151.35,1484.0
2019-01-31 00:00:00+00:00,28.0,5064.0,151.75,151.0,151.0,151.0,515.0
2019-02-01 00:00:00+00:00,56.0,4291.0,151.0,151.0,151.0,151.0,540.0
2019-02-04 00:00:00+00:00,53.0,4389.0,151.35,151.35,151.35,151.35,197.0
2019-02-05 00:00:00+00:00,52.0,4684.0,151.35,151.0,151.35,151.35,205.0
2019-02-06 00:00:00+00:00,51.0,5030.0,151.2,151.2,151.2,151.2,739.0
2019-02-07 00:00:00+00:00,50.0,5212.0,151.0,151.0,151.0,150.95,302.0
2019-02-08 00:00:00+00:00,49.0,5355.0,150.9,150.9,150.9,150.9,653.0
2019-02-11 00:00:00+00:00,46.0,5460.0,151.0,151.0,151.0,151.05,255.0
2019-02-12 00:00:00+00:00,45.0,5552.0,151.5,151.0,151.25,151.45,201.0
2019-02-13 00:00:00+00:00,44.0,5664.0,152.0,151.7,151.7,151.5,802.0
2019-02-14 00:00:00+00:00,43.0,5947.0,151.85,151.85,151.85,151.85,598.0
2019-02-15 00:00:00+00:00,42.0,6483.0,152.15,151.8,152.05,151.8,501.0
2019-02-18 00:00:00+00:00,39.0,6467.0,151.9,151.85,151.9,151.8,578.0
2019-02-19 00:00:00+00:00,38.0,6495.0,152.0,151.8,152.0,151.85,286.0
2019-02-20 00:00:00+00:00,37.0,6478.0,151.7,151.7,151.7,151.7,276.0
2019-02-21 00:00:00+00:00,36.0,6564.0,152.0,152.0,152.0,151.75,252.0
2019-02-22 00:00:00+00:00,35.0,6735.0,151.8,151.8,151.8,151.8,296.0
2019-02-25 00:00:00+00:00,32.0,6940.0,151.5,151.5,151.5,151.5,314.0
2019-02-26 00:00:00+00:00,31.0,7060.0,151.9,151.55,151.9,151.6,791.0
2019-02-27 00:00:00+00:00,30.0,7227.0,151.95,151.95,151.95,151.95,338.0
2019-02-28 00:00:00+00:00,29.0,7368.0,152.5,152.3,152.3,152.2,411.0
2019-03-01 00:00:00+00:00,60.0,0.0,151.3,151.3,151.3,151.3,87.0
2019-03-04 00:00:00+00:00,60.0,0.0,,,,151.3,
2019-03-05 00:00:00+00:00,60.0,0.0,,,,151.3,
2019-03-06 00:00:00+00:00,55.0,6671.0,151.55,151.55,151.55,151.55,144.0
2019-03-07 00:00:00+00:00,54.0,6627.0,151.2,151.2,151.2,152.0,339.0
2019-03-08 00:00:00+00:00,53.0,6624.0,151.65,151.65,151.65,152.25,246.0
2019-03-11 00:00:00+00:00,50.0,6718.0,152.2,152.2,152.2,152.2,157.0
2019-03-12 00:00:00+00:00,49.0,6822.0,152.0,152.0,152.0,152.0,102.0
2019-03-13 00:00:00+00:00,48.0,7021.0,152.05,151.95,151.95,152.3,321.0
2019-03-14 00:00:00+00:00,47.0,6941.0,152.1,152.1,152.1,152.3,327.0
2019-03-15 00:00:00+00:00,46.0,7017.0,152.45,152.25,152.25,152.4,750.0
2019-03-18 00:00:00+00:00,43.0,7071.0,152.2,152.2,152.2,152.2,451.0
2019-03-19 00:00:00+00:00,42.0,6882.0,152.2,152.2,152.2,152.15,687.0
2019-03-20 00:00:00+00:00,41.0,7035.0,152.7,152.0,152.0,152.5,1170.0
2019-03-21 00:00:00+00:00,40.0,7181.0,152.85,152.3,152.65,152.85,238.0
2019-03-22 00:00:00+00:00,39.0,6878.0,153.7,153.0,153.0,153.6,1708.0
2019-03-25 00:00:00+00:00,36.0,6961.0,154.0,153.8,153.8,153.85,1715.0
2019-03-26 00:00:00+00:00,35.0,6928.0,155.0,154.0,154.0,155.0,469.0
2019-03-27 00:00:00+00:00,34.0,6947.0,155.5,155.0,155.0,155.5,2074.0
2019-03-28 00:00:00+00:00,33.0,6932.0,154.75,154.65,154.75,154.9,870.0
2019-03-29 00:00:00+00:00,32.0,7018.0,155.3,154.7,155.3,155.1,759.0
2019-04-01 00:00:00+00:00,60.0,5790.0,154.3,153.45,153.5,154.0,458.0
2019-04-02 00:00:00+00:00,59.0,5735.0,154.85,153.85,154.0,154.45,817.0
2019-04-03 00:00:00+00:00,58.0,5920.0,154.9,154.0,154.9,154.1,758.0
2019-04-04 00:00:00+00:00,57.0,6251.0,154.0,153.8,154.0,153.95,640.0
2019-04-05 00:00:00+00:00,56.0,6252.0,154.5,153.6,153.8,154.25,372.0
2019-04-08 00:00:00+00:00,53.0,6569.0,155.3,154.0,154.8,1019.0,496.0
2019-04-09 00:00:00+00:00,52.0,6637.0,155.45,154.55,155.45,154.9,594.0
2019-04-10 00:00:00+00:00,51.0,6684.0,155.0,154.3,155.0,154.5,597.0
2019-04-11 00:00:00+00:00,50.0,6782.0,154.85,154.0,154.3,154.65,642.0
2019-04-12 00:00:00+00:00,49.0,7113.0,155.4,154.5,154.5,155.05,411.0
2019-04-15 00:00:00+00:00,46.0,3424.0,155.3,154.5,155.3,154.5,654.0
2019-04-16 00:00:00+00:00,45.0,7120.0,154.65,154.3,154.4,154.45,587.0
2019-04-17 00:00:00+00:00,44.0,7107.0,154.5,154.05,154.25,154.35,273.0
2019-04-18 00:00:00+00:00,43.0,0.0,154.95,154.4,154.4,154.75,381.0
2019-04-19 00:00:00+00:00,43.0,0.0,,,,154.75,
2019-04-22 00:00:00+00:00,39.0,8057.0,155.2,154.5,154.5,154.9,689.0
2019-04-23 00:00:00+00:00,38.0,8240.0,155.3,154.55,154.9,155.2,705.0
2019-04-24 00:00:00+00:00,37.0,0.0,155.5,154.65,155.3,154.7,749.0
2019-04-25 00:00:00+00:00,36.0,9392.0,154.65,154.3,154.6,154.4,1440.0
2019-04-26 00:00:00+00:00,35.0,8936.0,154.35,153.25,154.25,153.45,1709.0
2019-04-29 00:00:00+00:00,32.0,0.0,153.8,153.05,153.5,153.25,1577.0
2019-04-30 00:00:00+00:00,31.0,0.0,153.55,152.65,153.5,152.75,731.0
2019-05-01 00:00:00+00:00,31.0,0.0,,,,152.75,
2019-05-02 00:00:00+00:00,57.0,0.0,152.9,152.9,152.9,153.8,987.0
2019-05-03 00:00:00+00:00,56.0,9110.0,152.65,152.65,152.65,152.15,639.0
2019-05-06 00:00:00+00:00,53.0,9180.0,152.5,152.0,152.5,152.25,498.0
2019-05-07 00:00:00+00:00,52.0,9097.0,152.5,152.0,152.0,152.25,1073.0
2019-05-08 00:00:00+00:00,51.0,9037.0,152.45,151.7,152.45,152.05,1666.0
2019-05-09 00:00:00+00:00,50.0,8960.0,152.3,152.2,152.25,152.1,736.0
2019-05-10 00:00:00+00:00,49.0,10001.0,152.0,152.0,152.0,152.25,1210.0
2019-05-13 00:00:00+00:00,46.0,9894.0,152.2,152.2,152.2,152.8,961.0
2019-05-14 00:00:00+00:00,45.0,9932.0,153.0,152.35,152.4,152.65,1295.0
2019-05-15 00:00:00+00:00,44.0,9921.0,153.0,152.8,153.0,153.95,981.0
2019-05-16 00:00:00+00:00,43.0,10442.0,154.0,153.2,153.5,153.9,1612.0
2019-05-17 00:00:00+00:00,42.0,11100.0,153.5,153.0,153.5,153.25,1598.0
2019-05-20 00:00:00+00:00,39.0,11403.0,153.1,153.1,153.1,153.1,679.0
2019-05-21 00:00:00+00:00,38.0,11441.0,152.0,152.0,152.0,152.0,1429.0
2019-05-22 00:00:00+00:00,37.0,11358.0,152.7,152.7,152.7,152.75,1270.0
2019-05-23 00:00:00+00:00,36.0,11413.0,152.7,152.5,152.7,152.5,1077.0
2019-05-24 00:00:00+00:00,35.0,12802.0,153.2,153.2,153.2,153.2,1424.0
2019-05-27 00:00:00+00:00,32.0,13219.0,152.75,151.5,152.75,151.5,1836.0
2019-05-28 00:00:00+00:00,31.0,13533.0,152.5,151.2,151.5,151.4,1800.0
2019-05-29 00:00:00+00:00,30.0,15066.0,152.5,151.0,151.05,152.45,3299.0
2019-05-30 00:00:00+00:00,29.0,16035.0,152.3,150.45,152.3,150.7,3752.0
2019-05-31 00:00:00+00:00,28.0,0.0,151.0,150.0,151.0,150.9,3757.0
2019-06-03 00:00:00+00:00,58.0,15026.0,151.0,149.95,151.0,150.0,4195.0
2019-06-04 00:00:00+00:00,57.0,14738.0,152.5,150.75,150.8,151.65,3753.0
2019-06-05 00:00:00+00:00,56.0,0.0,152.5,151.6,151.6,152.25,2745.0
2019-06-06 00:00:00+00:00,55.0,15112.0,152.0,151.25,152.0,152.0,1971.0
2019-06-07 00:00:00+00:00,54.0,14970.0,153.5,152.0,152.0,153.75,2355.0
2019-06-10 00:00:00+00:00,51.0,14883.0,153.5,153.45,153.45,153.45,1494.0
2019-06-11 00:00:00+00:00,50.0,14902.0,153.5,153.0,153.35,154.0,489.0
2019-06-12 00:00:00+00:00,49.0,14904.0,154.9,153.6,153.6,155.0,944.0
2019-06-13 00:00:00+00:00,48.0,14995.0,155.55,155.0,155.0,155.25,1419.0
2019-06-14 00:00:00+00:00,47.0,15258.0,155.3,155.0,155.2,155.25,1395.0
2019-06-17 00:00:00+00:00,44.0,15318.0,156.0,155.75,155.75,155.95,888.0
2019-06-18 00:00:00+00:00,43.0,15159.0,157.0,156.0,156.0,156.15,1767.0
2019-06-19 00:00:00+00:00,42.0,15159.0,156.1,154.8,156.05,155.15,1013.0
2019-06-20 00:00:00+00:00,42.0,15159.0,,,,155.15,
2019-06-21 00:00:00+00:00,40.0,15447.0,155.75,154.6,155.25,155.65,631.0
2019-06-24 00:00:00+00:00,37.0,15522.0,155.65,155.4,155.4,155.55,419.0
2019-06-25 00:00:00+00:00,36.0,15535.0,156.45,156.0,156.0,156.25,457.0
2019-06-26 00:00:00+00:00,35.0,15601.0,156.4,155.5,156.3,156.0,792.0
2019-06-27 00:00:00+00:00,34.0,16167.0,156.0,155.85,155.85,156.0,1053.0
2019-06-28 00:00:00+00:00,33.0,15754.0,156.0,155.5,156.0,156.0,965.0
2019-07-01 00:00:00+00:00,60.0,15753.0,157.9,157.5,157.9,157.75,548.0
2019-07-02 00:00:00+00:00,59.0,15932.0,157.5,157.5,157.5,157.5,354.0
2019-07-03 00:00:00+00:00,58.0,16050.0,157.25,156.3,156.5,156.7,540.0
2019-07-04 00:00:00+00:00,57.0,16364.0,157.0,157.0,157.0,158.0,1795.0
2019-07-05 00:00:00+00:00,56.0,16476.0,157.0,157.0,157.0,157.0,771.0
2019-07-08 00:00:00+00:00,53.0,16476.0,157.0,156.85,157.0,157.7,725.0
2019-07-09 00:00:00+00:00,53.0,16476.0,,,,157.7,
2019-07-10 00:00:00+00:00,51.0,16418.0,157.2,156.9,157.05,157.8,171.0
2019-07-11 00:00:00+00:00,50.0,16507.0,157.05,156.5,156.8,156.6,495.0
2019-07-12 00:00:00+00:00,49.0,16996.0,157.0,156.5,156.5,156.75,483.0
2019-07-15 00:00:00+00:00,46.0,17053.0,156.7,156.5,156.7,156.7,409.0
2019-07-16 00:00:00+00:00,45.0,17094.0,157.65,157.0,157.0,157.65,424.0
2019-07-17 00:00:00+00:00,44.0,17616.0,158.0,157.65,157.65,158.1,802.0
2019-07-18 00:00:00+00:00,43.0,17246.0,158.1,157.5,157.5,157.9,808.0
2019-07-19 00:00:00+00:00,42.0,18239.0,158.25,157.45,158.25,157.7,913.0
2019-07-22 00:00:00+00:00,39.0,18189.0,157.7,157.7,157.7,157.5,963.0
2019-07-23 00:00:00+00:00,38.0,18272.0,157.1,156.5,157.1,157.25,790.0
2019-07-24 00:00:00+00:00,37.0,18300.0,156.5,156.35,156.4,156.25,822.0
2019-07-25 00:00:00+00:00,36.0,18491.0,156.2,156.0,156.2,155.85,1311.0
2019-07-26 00:00:00+00:00,35.0,19575.0,156.5,156.0,156.0,156.9,650.0
2019-07-29 00:00:00+00:00,32.0,19536.0,157.0,156.5,156.5,156.8,1043.0
2019-07-30 00:00:00+00:00,31.0,19616.0,156.75,156.35,156.75,156.6,1239.0
2019-07-31 00:00:00+00:00,30.0,19825.0,156.7,156.2,156.7,156.25,858.0
2019-08-01 00:00:00+00:00,60.0,19800.0,159.0,158.5,159.0,158.85,620.0
2019-08-02 00:00:00+00:00,59.0,19769.0,158.75,158.75,158.75,158.75,682.0
2019-08-05 00:00:00+00:00,56.0,20009.0,158.3,157.7,158.0,157.7,474.0
2019-08-06 00:00:00+00:00,55.0,20255.0,157.9,157.65,157.7,157.9,1165.0
2019-08-07 00:00:00+00:00,54.0,20336.0,158.5,158.0,158.0,158.35,897.0
2019-08-08 00:00:00+00:00,53.0,20757.0,158.7,158.2,158.4,158.65,1814.0
2019-08-09 00:00:00+00:00,52.0,20722.0,158.65,158.2,158.5,158.55,901.0
2019-08-12 00:00:00+00:00,49.0,20788.0,158.05,158.05,158.05,158.0,513.0
2019-08-13 00:00:00+00:00,48.0,20942.0,157.8,157.35,157.7,157.5,585.0
2019-08-14 00:00:00+00:00,47.0,20944.0,157.45,156.7,157.45,157.1,1302.0
2019-08-15 00:00:00+00:00,46.0,21094.0,157.1,156.2,156.9,156.3,826.0
2019-08-16 00:00:00+00:00,45.0,21109.0,156.5,156.3,156.5,157.25,1240.0
2019-08-19 00:00:00+00:00,42.0,21149.0,156.65,156.65,156.65,157.75,1217.0
2019-08-20 00:00:00+00:00,41.0,21106.0,157.2,156.95,156.95,157.4,638.0
2019-08-21 00:00:00+00:00,40.0,21459.0,158.0,157.0,157.2,158.15,1208.0
2019-08-22 00:00:00+00:00,39.0,21106.0,158.15,157.9,157.9,158.8,1333.0
2019-08-23 00:00:00+00:00,38.0,22057.0,158.75,158.0,158.0,158.3,793.0
2019-08-26 00:00:00+00:00,35.0,22296.0,158.5,158.1,158.5,158.3,1088.0
2019-08-27 00:00:00+00:00,34.0,22045.0,158.45,158.0,158.0,158.2,1449.0
2019-08-28 00:00:00+00:00,33.0,22689.0,158.75,158.2,158.6,158.5,765.0
2019-08-29 00:00:00+00:00,32.0,22810.0,158.5,158.5,158.5,158.5,467.0
2019-08-30 00:00:00+00:00,31.0,22984.0,158.4,158.0,158.0,158.0,1014.0
2019-09-02 00:00:00+00:00,59.0,21261.0,160.65,159.8,160.1,159.95,586.0
2019-09-03 00:00:00+00:00,58.0,21252.0,160.3,159.45,159.7,160.25,640.0
2019-09-04 00:00:00+00:00,57.0,22407.0,160.9,160.0,160.5,160.35,643.0
2019-09-05 00:00:00+00:00,56.0,21215.0,160.7,160.0,160.65,160.15,3341.0
2019-09-06 00:00:00+00:00,55.0,22224.0,160.45,159.7,160.45,160.0,1669.0
2019-09-09 00:00:00+00:00,52.0,22158.0,161.75,160.65,160.65,161.6,1651.0
2019-09-10 00:00:00+00:00,51.0,22566.0,162.0,161.55,161.9,161.6,1936.0
2019-09-11 00:00:00+00:00,50.0,23235.0,162.15,161.5,161.7,161.95,1265.0
2019-09-12 00:00:00+00:00,49.0,23504.0,162.0,161.15,162.0,161.55,1652.0
2019-09-13 00:00:00+00:00,48.0,23519.0,161.85,161.05,161.85,161.35,754.0
2019-09-16 00:00:00+00:00,45.0,23290.0,161.55,161.1,161.4,161.5,2159.0
2019-09-17 00:00:00+00:00,44.0,23538.0,161.8,161.15,161.75,161.3,896.0
2019-09-18 00:00:00+00:00,43.0,24210.0,162.2,161.15,161.75,161.8,1942.0
2019-09-19 00:00:00+00:00,42.0,23537.0,161.85,161.55,161.8,161.75,3772.0
2019-09-20 00:00:00+00:00,41.0,23879.0,161.95,161.5,161.95,161.8,469.0
2019-09-23 00:00:00+00:00,38.0,23423.0,162.25,161.3,161.5,162.2,290.0
2019-09-24 00:00:00+00:00,37.0,23777.0,163.35,162.6,163.0,162.7,2197.0
2019-09-25 00:00:00+00:00,36.0,24249.0,162.85,162.5,162.6,162.75,2442.0
2019-09-26 00:00:00+00:00,35.0,24505.0,162.65,162.0,162.5,162.15,2710.0
2019-09-27 00:00:00+00:00,34.0,26110.0,162.5,161.5,162.5,161.6,3540.0
2019-09-30 00:00:00+00:00,31.0,26133.0,161.95,161.3,161.6,161.7,3449.0
2019-10-01 00:00:00+00:00,59.0,25092.0,166.0,165.0,165.0,165.45,2681.0
2019-10-02 00:00:00+00:00,58.0,12650.0,166.0,165.0,165.5,165.6,757.0
2019-10-03 00:00:00+00:00,57.0,12695.0,165.55,165.2,165.5,165.4,705.0
2019-10-04 00:00:00+00:00,56.0,12679.0,165.0,164.85,165.0,164.85,290.0
2019-10-07 00:00:00+00:00,53.0,25762.0,165.35,164.75,164.75,165.25,148.0
2019-10-08 00:00:00+00:00,52.0,25923.0,165.5,164.85,165.25,164.9,256.0
2019-10-09 00:00:00+00:00,51.0,26139.0,165.4,165.05,165.2,165.15,704.0
2019-10-10 00:00:00+00:00,50.0,26326.0,165.3,165.0,165.05,165.0,553.0
2019-10-11 00:00:00+00:00,49.0,26951.0,166.0,165.15,165.15,166.0,1142.0
2019-10-14 00:00:00+00:00,46.0,27006.0,167.4,166.0,166.1,167.3,2318.0
2019-10-15 00:00:00+00:00,45.0,28584.0,168.4,167.3,167.3,168.35,2632.0
2019-10-16 00:00:00+00:00,44.0,28107.0,168.8,168.0,168.6,168.75,4721.0
2019-10-17 00:00:00+00:00,43.0,28488.0,171.15,168.9,168.9,170.25,3173.0
2019-10-18 00:00:00+00:00,42.0,28611.0,170.5,169.7,170.5,170.5,2393.0
2019-10-21 00:00:00+00:00,39.0,28763.0,171.75,170.1,170.1,171.05,1447.0
2019-10-22 00:00:00+00:00,38.0,28882.0,172.25,171.0,171.55,171.95,1344.0
2019-10-23 00:00:00+00:00,37.0,29688.0,174.0,172.0,172.0,173.7,2213.0
2019-10-24 00:00:00+00:00,36.0,29990.0,175.0,173.8,174.0,174.15,4408.0
2019-10-25 00:00:00+00:00,35.0,29901.0,174.1,173.45,173.5,173.55,1771.0
2019-10-28 00:00:00+00:00,32.0,30120.0,174.25,173.55,174.0,174.15,1761.0
2019-10-29 00:00:00+00:00,31.0,30935.0,174.2,173.65,174.2,174.1,3289.0
2019-10-30 00:00:00+00:00,30.0,31666.0,175.25,173.7,174.1,174.9,1928.0
2019-10-31 00:00:00+00:00,29.0,31902.0,175.75,174.9,175.75,175.65,5965.0
2019-11-01 00:00:00+00:00,59.0,18913.0,180.95,179.5,180.0,181.25,1581.0
2019-11-04 00:00:00+00:00,56.0,19475.0,185.0,180.3,181.3,184.6,3593.0
2019-11-05 00:00:00+00:00,55.0,19776.0,186.5,183.55,183.75,186.2,1933.0
2019-11-06 00:00:00+00:00,54.0,20611.0,190.9,187.5,187.5,190.15,1925.0
2019-11-07 00:00:00+00:00,53.0,22629.0,194.7,191.05,191.25,191.4,4424.0
2019-11-08 00:00:00+00:00,52.0,22655.0,194.05,190.05,192.35,194.5,5577.0
2019-11-11 00:00:00+00:00,49.0,22783.0,198.2,196.25,196.5,197.45,3306.0
2019-11-12 00:00:00+00:00,48.0,22932.0,200.5,198.1,198.85,199.75,3103.0
2019-11-13 00:00:00+00:00,47.0,22240.0,206.7,200.5,200.5,207.7,6004.0
2019-11-14 00:00:00+00:00,46.0,22646.0,213.9,201.4,211.0,204.4,5522.0
2019-11-15 00:00:00+00:00,46.0,22646.0,,,,204.4,
2019-11-18 00:00:00+00:00,42.0,23376.0,212.55,210.05,210.05,212.55,9971.0
2019-11-19 00:00:00+00:00,41.0,23376.0,218.9,211.0,218.9,216.8,2189.0
2019-11-20 00:00:00+00:00,41.0,23376.0,,,,216.8,
2019-11-21 00:00:00+00:00,39.0,23455.0,226.55,217.1,223.5,218.15,7669.0
2019-11-22 00:00:00+00:00,38.0,26574.0,219.95,208.35,219.9,216.9,12073.0
2019-11-25 00:00:00+00:00,35.0,25212.0,222.85,217.0,222.0,220.6,8421.0
2019-11-26 00:00:00+00:00,34.0,24049.0,225.8,220.4,221.0,227.1,7609.0
2019-11-27 00:00:00+00:00,33.0,25006.0,228.15,223.5,227.5,226.55,7609.0
2019-11-28 00:00:00+00:00,32.0,25147.0,225.9,215.25,225.9,215.25,7544.0
2019-11-29 00:00:00+00:00,31.0,25995.0,214.5,206.5,209.75,213.8,7038.0
2019-12-02 00:00:00+00:00,60.0,22395.0,207.9,204.1,207.9,204.85,6031.0
2019-12-03 00:00:00+00:00,59.0,22297.0,204.55,196.5,204.4,199.5,1816.0
2019-12-04 00:00:00+00:00,58.0,20812.0,200.0,196.4,200.0,195.7,3441.0
2019-12-05 00:00:00+00:00,57.0,19981.0,198.75,195.05,195.75,196.95,5780.0
2019-12-06 00:00:00+00:00,56.0,20018.0,205.8,198.1,200.0,204.75,3344.0
2019-12-09 00:00:00+00:00,53.0,20269.0,208.6,201.0,208.55,199.25,3416.0
2019-12-10 00:00:00+00:00,52.0,20079.0,201.3,195.75,199.55,198.7,3635.0
2019-12-11 00:00:00+00:00,51.0,18890.0,199.0,189.8,198.5,192.2,3979.0
2019-12-12 00:00:00+00:00,50.0,19232.0,196.7,190.0,192.0,199.0,4838.0
2019-12-13 00:00:00+00:00,49.0,19172.0,202.0,198.5,200.05,199.35,6706.0
2019-12-16 00:00:00+00:00,46.0,19430.0,204.45,201.75,204.35,202.5,3827.0
2019-12-17 00:00:00+00:00,45.0,19799.0,205.5,203.05,203.75,204.35,1902.0
2019-12-18 00:00:00+00:00,44.0,20298.0,204.75,202.0,204.5,203.2,2803.0
2019-12-19 00:00:00+00:00,43.0,19222.0,205.5,201.8,205.5,200.4,1977.0
2019-12-20 00:00:00+00:00,42.0,18899.0,200.3,197.55,199.95,199.45,3745.0
2019-12-23 00:00:00+00:00,39.0,18899.0,199.35,197.6,199.0,200.15,1432.0
2019-12-24 00:00:00+00:00,39.0,18899.0,,,,200.15,
2019-12-25 00:00:00+00:00,39.0,18899.0,,,,200.15,
2019-12-26 00:00:00+00:00,36.0,17760.0,202.9,200.8,201.0,201.4,1495.0
2019-12-27 00:00:00+00:00,35.0,17964.0,202.3,196.0,202.3,196.35,1517.0
2019-12-30 00:00:00+00:00,32.0,17964.0,197.0,191.0,196.2,197.6,2920.0
2019-12-31 00:00:00+00:00,32.0,17964.0,,,,197.6,
2020-01-01 00:00:00+00:00,32.0,17964.0,,,,197.6,
2020-01-02 00:00:00+00:00,57.0,15078.0,196.55,195.5,196.55,198.4,1380.0
2020-01-03 00:00:00+00:00,56.0,15242.0,196.55,196.0,196.55,196.65,1045.0
2020-01-06 00:00:00+00:00,53.0,15234.0,197.5,196.55,196.55,201.05,670.0
2020-01-07 00:00:00+00:00,52.0,15658.0,195.5,194.5,195.5,195.0,434.0
2020-01-08 00:00:00+00:00,51.0,16194.0,194.95,194.05,194.95,194.05,1144.0
2020-01-09 00:00:00+00:00,50.0,16651.0,196.0,191.65,194.0,192.65,1360.0
2020-01-10 00:00:00+00:00,49.0,16648.0,193.5,190.25,193.0,191.65,1114.0
2020-01-13 00:00:00+00:00,46.0,16509.0,193.0,191.0,191.85,192.2,1127.0
2020-01-14 00:00:00+00:00,45.0,16378.0,193.8,191.6,192.95,191.35,1159.0
2020-01-15 00:00:00+00:00,44.0,16386.0,191.5,188.5,191.5,188.5,1324.0
2020-01-16 00:00:00+00:00,43.0,16605.0,188.0,185.05,188.0,186.0,1798.0
2020-01-17 00:00:00+00:00,42.0,17008.0,188.9,185.95,185.95,186.25,2230.0
2020-01-20 00:00:00+00:00,39.0,17455.0,187.35,186.8,187.25,187.5,1291.0
2020-01-21 00:00:00+00:00,38.0,17703.0,188.5,187.6,187.95,188.5,1385.0
2020-01-22 00:00:00+00:00,37.0,17909.0,187.75,185.4,187.75,185.9,2228.0
2020-01-23 00:00:00+00:00,36.0,17992.0,187.2,186.5,187.0,187.0,2242.0
2020-01-24 00:00:00+00:00,35.0,18060.0,189.4,187.0,187.6,188.95,2444.0
2020-01-27 00:00:00+00:00,32.0,18095.0,188.8,187.05,188.8,188.4,1236.0
2020-01-28 00:00:00+00:00,31.0,17601.0,191.1,189.0,189.0,189.7,1268.0
2020-01-29 00:00:00+00:00,30.0,17679.0,189.9,187.95,189.7,189.9,2077.0
2020-01-30 00:00:00+00:00,29.0,18372.0,193.8,187.5,189.0,191.0,2066.0
2020-01-31 00:00:00+00:00,28.0,12695.0,195.75,194.0,194.0,196.05,2835.0
2020-02-03 00:00:00+00:00,57.0,13100.0,200.1,198.9,199.3,199.05,4460.0
2020-02-04 00:00:00+00:00,56.0,13465.0,199.6,198.4,199.0,198.25,1783.0
2020-02-05 00:00:00+00:00,55.0,14670.0,199.5,196.85,198.1,199.0,2377.0
2020-02-06 00:00:00+00:00,54.0,15299.0,200.0,199.45,199.95,200.5,2188.0
2020-02-07 00:00:00+00:00,53.0,15523.0,200.5,199.0,200.5,199.0,2557.0
2020-02-10 00:00:00+00:00,50.0,15965.0,199.5,197.0,198.9,197.45,1488.0
2020-02-11 00:00:00+00:00,49.0,16507.0,199.5,197.5,197.75,200.0,1000.0
2020-02-12 00:00:00+00:00,48.0,17323.0,202.0,199.5,200.5,202.5,3248.0
2020-02-13 00:00:00+00:00,47.0,17216.0,203.0,202.0,202.95,201.75,2378.0
2020-02-14 00:00:00+00:00,46.0,17308.0,201.5,199.0,201.5,201.0,1823.0
2020-02-17 00:00:00+00:00,43.0,17311.0,201.5,199.9,201.5,200.25,1086.0
2020-02-18 00:00:00+00:00,42.0,17898.0,201.4,200.0,200.25,200.5,464.0
2020-02-19 00:00:00+00:00,41.0,17825.0,200.5,199.2,200.5,201.0,2149.0
2020-02-20 00:00:00+00:00,40.0,16872.0,202.0,199.0,200.0,201.9,1047.0
2020-02-21 00:00:00+00:00,39.0,16722.0,202.6,201.0,202.0,202.05,2345.0
2020-02-24 00:00:00+00:00,39.0,16722.0,,,,202.05,
2020-02-25 00:00:00+00:00,39.0,16722.0,,,,202.05,
2020-02-26 00:00:00+00:00,34.0,16722.0,204.0,201.05,202.5,202.6,1854.0
2020-02-27 00:00:00+00:00,33.0,16927.0,203.8,201.95,202.25,202.95,559.0
2020-02-28 00:00:00+00:00,32.0,13860.0,203.5,200.5,203.0,202.6,1112.0
2020-03-02 00:00:00+00:00,59.0,13994.0,203.15,203.15,203.15,205.5,783.0
2020-03-03 00:00:00+00:00,58.0,14151.0,206.0,205.0,205.0,205.65,486.0
2020-03-04 00:00:00+00:00,57.0,14412.0,204.5,204.5,204.5,203.65,1402.0
2020-03-05 00:00:00+00:00,56.0,14268.0,205.0,205.0,205.0,205.0,1209.0
2020-03-06 00:00:00+00:00,55.0,14145.0,204.7,204.7,204.7,204.7,656.0
2020-03-09 00:00:00+00:00,52.0,13719.0,200.05,200.05,200.05,201.45,575.0
2020-03-10 00:00:00+00:00,51.0,13727.0,201.1,201.1,201.1,201.1,1352.0
2020-03-11 00:00:00+00:00,50.0,13372.0,200.5,199.0,200.5,198.75,1011.0
2020-03-12 00:00:00+00:00,49.0,12009.0,197.0,190.0,196.9,189.9,1588.0
2020-03-13 00:00:00+00:00,48.0,12226.0,183.4,183.4,183.4,183.4,4032.0
2020-03-16 00:00:00+00:00,45.0,11217.0,175.2,175.2,175.2,175.2,5907.0
2020-03-17 00:00:00+00:00,44.0,11446.0,173.0,169.0,169.0,168.35,4361.0
2020-03-18 00:00:00+00:00,43.0,11448.0,170.0,164.0,164.0,164.0,4283.0
2020-03-19 00:00:00+00:00,42.0,11141.0,171.0,170.0,170.0,170.2,3533.0
2020-03-20 00:00:00+00:00,41.0,10825.0,177.85,177.85,177.85,172.45,720.0
2020-03-23 00:00:00+00:00,38.0,10870.0,180.05,178.0,178.0,180.2,1126.0
2020-03-24 00:00:00+00:00,37.0,10945.0,188.3,186.0,186.0,188.3,1990.0
2020-03-25 00:00:00+00:00,36.0,10939.0,195.0,193.0,193.1,194.0,2466.0
2020-03-26 00:00:00+00:00,35.0,10957.0,197.0,193.0,193.0,197.45,2867.0
2020-03-27 00:00:00+00:00,34.0,10849.0,198.5,197.0,197.0,198.5,711.0
2020-03-30 00:00:00+00:00,31.0,10946.0,199.5,198.0,199.5,201.3,934.0
2020-03-31 00:00:00+00:00,30.0,11271.0,200.0,192.25,200.0,195.05,885.0
2020-04-01 00:00:00+00:00,58.0,9506.0,186.0,178.25,185.0,178.75,1831.0
2020-04-02 00:00:00+00:00,57.0,9328.0,181.95,171.95,179.45,179.8,2332.0
2020-04-03 00:00:00+00:00,56.0,9916.0,180.85,175.5,180.0,178.65,2101.0
2020-04-06 00:00:00+00:00,53.0,10135.0,182.1,176.5,179.0,181.1,2342.0
2020-04-07 00:00:00+00:00,52.0,9936.0,183.95,179.25,181.1,183.35,1638.0
2020-04-08 00:00:00+00:00,51.0,10064.0,185.0,181.3,183.05,184.4,1056.0
2020-04-09 00:00:00+00:00,50.0,9838.0,186.8,181.95,185.65,182.2,961.0
2020-04-10 00:00:00+00:00,50.0,9838.0,,,,182.2,
2020-04-13 00:00:00+00:00,46.0,9892.0,181.9,176.5,180.0,181.5,1654.0
2020-04-14 00:00:00+00:00,45.0,9838.0,185.5,181.2,181.2,185.05,833.0
2020-04-15 00:00:00+00:00,44.0,9953.0,186.5,183.5,185.5,186.15,1183.0
2020-04-16 00:00:00+00:00,43.0,10041.0,188.45,185.65,185.95,187.5,1236.0
2020-04-17 00:00:00+00:00,42.0,10391.0,188.3,183.6,188.1,186.1,989.0
2020-04-20 00:00:00+00:00,39.0,10391.0,187.0,184.0,187.0,184.8,1244.0
2020-04-21 00:00:00+00:00,39.0,10391.0,,,,184.8,
2020-04-22 00:00:00+00:00,37.0,11092.0,186.45,183.0,184.5,186.3,678.0
2020-04-23 00:00:00+00:00,36.0,10786.0,189.5,187.0,187.0,189.4,1385.0
2020-04-24 00:00:00+00:00,35.0,11153.0,193.5,188.5,189.4,193.25,1456.0
2020-04-27 00:00:00+00:00,32.0,10979.0,193.8,190.9,192.55,193.0,2066.0
2020-04-28 00:00:00+00:00,31.0,10916.0,194.85,193.15,193.7,194.4,816.0
2020-04-29 00:00:00+00:00,30.0,11038.0,194.4,192.25,194.0,193.9,1522.0
2020-04-30 00:00:00+00:00,29.0,11201.0,195.9,192.35,193.4,193.75,2626.0
2020-05-01 00:00:00+00:00,29.0,11201.0,,,,193.75,
2020-05-04 00:00:00+00:00,57.0,11382.0,192.95,192.5,192.5,194.4,2689.0
2020-05-05 00:00:00+00:00,56.0,11367.0,195.0,195.0,195.0,195.35,1851.0
2020-05-06 00:00:00+00:00,55.0,11189.0,195.7,194.75,195.7,195.4,1278.0
2020-05-07 00:00:00+00:00,54.0,11190.0,194.5,192.0,194.25,193.4,1904.0
2020-05-08 00:00:00+00:00,53.0,11965.0,193.0,192.0,192.5,192.25,1645.0
2020-05-11 00:00:00+00:00,50.0,12123.0,192.5,191.0,192.0,194.55,2349.0
2020-05-12 00:00:00+00:00,49.0,11920.0,197.0,193.0,193.0,196.1,1745.0
2020-05-13 00:00:00+00:00,48.0,11788.0,197.0,195.2,195.8,197.0,2759.0
2020-05-14 00:00:00+00:00,47.0,12026.0,197.0,196.5,197.0,198.7,3602.0
2020-05-15 00:00:00+00:00,46.0,12209.0,198.4,197.0,197.0,198.75,1302.0
2020-05-18 00:00:00+00:00,43.0,12305.0,198.0,197.0,197.25,198.4,1953.0
2020-05-19 00:00:00+00:00,42.0,12277.0,199.2,197.95,198.3,199.6,1183.0
2020-05-20 00:00:00+00:00,41.0,12471.0,200.75,200.75,200.75,200.4,1884.0
2020-05-21 00:00:00+00:00,40.0,11905.0,201.75,200.6,201.15,200.75,953.0
2020-05-22 00:00:00+00:00,39.0,11361.0,203.3,201.0,201.0,202.95,3090.0
2020-05-25 00:00:00+00:00,36.0,12303.0,203.5,202.8,203.3,203.0,3348.0
2020-05-26 00:00:00+00:00,35.0,12264.0,203.0,202.0,203.0,202.0,2962.0
2020-05-27 00:00:00+00:00,34.0,12221.0,202.8,201.5,202.8,202.25,1767.0
2020-05-28 00:00:00+00:00,33.0,12999.0,203.3,201.15,203.3,202.5,1822.0
2020-05-29 00:00:00+00:00,32.0,8263.0,201.6,198.25,201.6,199.1,2744.0
2020-06-01 00:00:00+00:00,60.0,8372.0,202.95,200.0,200.0,202.65,2318.0
2020-06-02 00:00:00+00:00,59.0,8431.0,203.4,202.65,202.65,203.0,765.0
2020-06-03 00:00:00+00:00,58.0,8555.0,203.9,202.9,203.1,203.7,1304.0
2020-06-04 00:00:00+00:00,57.0,9074.0,206.35,204.65,204.7,205.7,1781.0
2020-06-05 00:00:00+00:00,56.0,10325.0,208.95,204.8,206.0,205.65,1932.0
2020-06-08 00:00:00+00:00,53.0,10583.0,207.15,205.35,205.4,206.0,3636.0
2020-06-09 00:00:00+00:00,52.0,10938.0,206.1,204.55,206.0,204.5,996.0
2020-06-10 00:00:00+00:00,51.0,10938.0,207.95,205.5,205.5,207.8,1097.0
2020-06-11 00:00:00+00:00,51.0,10938.0,,,,207.8,
2020-06-12 00:00:00+00:00,49.0,11309.0,210.85,207.1,208.1,208.25,1656.0
2020-06-15 00:00:00+00:00,46.0,11484.0,209.0,207.9,208.05,208.75,1696.0
2020-06-16 00:00:00+00:00,45.0,11533.0,210.6,209.0,210.0,211.0,871.0
2020-06-17 00:00:00+00:00,44.0,11632.0,212.7,210.5,210.95,212.6,2096.0
2020-06-18 00:00:00+00:00,43.0,11857.0,214.5,209.8,212.45,214.1,2803.0
2020-06-19 00:00:00+00:00,42.0,11991.0,215.45,213.8,214.8,214.55,3544.0
2020-06-22 00:00:00+00:00,39.0,12203.0,215.0,212.6,214.0,214.15,964.0
2020-06-23 00:00:00+00:00,38.0,12815.0,216.5,213.15,213.15,216.0,1291.0
2020-06-24 00:00:00+00:00,37.0,12957.0,218.7,215.7,216.0,218.0,2055.0
2020-06-25 00:00:00+00:00,36.0,13753.0,220.45,218.0,218.0,219.95,1805.0
2020-06-26 00:00:00+00:00,35.0,14590.0,220.0,217.0,219.15,217.5,3175.0
2020-06-29 00:00:00+00:00,32.0,14760.0,218.8,217.5,217.55,217.75,2462.0
2020-06-30 00:00:00+00:00,31.0,14614.0,221.0,215.0,217.95,220.95,996.0
2020-07-01 00:00:00+00:00,61.0,14255.0,219.0,214.8,217.5,214.85,2726.0
2020-07-02 00:00:00+00:00,60.0,15412.0,215.0,212.5,215.0,214.05,2962.0
2020-07-03 00:00:00+00:00,59.0,16458.0,214.0,212.0,213.0,212.6,2422.0
2020-07-06 00:00:00+00:00,56.0,17689.0,214.0,212.0,212.9,214.25,2885.0
2020-07-07 00:00:00+00:00,55.0,16944.0,216.0,215.9,216.0,215.5,2611.0
2020-07-08 00:00:00+00:00,54.0,16970.0,216.45,216.0,216.05,216.05,2492.0
2020-07-09 00:00:00+00:00,53.0,18058.0,216.0,214.5,216.0,216.0,1646.0
2020-07-10 00:00:00+00:00,52.0,18257.0,216.45,215.65,216.3,216.3,2829.0
2020-07-13 00:00:00+00:00,49.0,18576.0,218.5,217.85,218.5,218.2,2912.0
2020-07-14 00:00:00+00:00,48.0,18095.0,219.0,217.55,218.0,219.2,3253.0
2020-07-15 00:00:00+00:00,47.0,18387.0,218.8,217.5,218.45,217.55,1666.0
2020-07-16 00:00:00+00:00,46.0,18577.0,217.0,216.0,216.2,216.95,1352.0
2020-07-17 00:00:00+00:00,45.0,18570.0,218.25,216.7,217.75,217.9,1602.0
2020-07-20 00:00:00+00:00,42.0,18684.0,219.5,218.15,218.75,218.75,911.0
2020-07-21 00:00:00+00:00,41.0,18353.0,221.85,218.4,218.65,221.6,912.0
2020-07-22 00:00:00+00:00,40.0,18260.0,221.95,220.0,221.5,221.15,2736.0
2020-07-23 00:00:00+00:00,39.0,18636.0,223.45,221.5,221.5,223.5,1548.0
2020-07-24 00:00:00+00:00,38.0,18927.0,223.4,222.25,223.4,223.6,2396.0
2020-07-27 00:00:00+00:00,35.0,19060.0,224.0,222.4,222.4,224.0,1138.0
2020-07-28 00:00:00+00:00,34.0,19694.0,225.5,223.95,223.95,226.05,1370.0
2020-07-29 00:00:00+00:00,33.0,20507.0,226.1,223.6,225.45,223.75,1919.0
2020-07-30 00:00:00+00:00,32.0,20669.0,224.9,224.25,224.8,225.6,2321.0
2020-07-31 00:00:00+00:00,31.0,18715.0,226.5,224.95,225.0,225.8,799.0
2020-08-03 00:00:00+00:00,58.0,18998.0,224.15,223.25,223.5,224.8,1742.0
2020-08-04 00:00:00+00:00,57.0,18958.0,224.85,224.5,224.5,225.6,995.0
2020-08-05 00:00:00+00:00,56.0,18975.0,224.8,224.25,224.65,224.5,1771.0
2020-08-06 00:00:00+00:00,55.0,20102.0,225.0,224.0,224.0,224.3,1479.0
2020-08-07 00:00:00+00:00,54.0,20251.0,224.5,220.0,224.5,222.3,1922.0
2020-08-10 00:00:00+00:00,51.0,20211.0,223.8,222.7,223.8,223.2,4240.0
2020-08-11 00:00:00+00:00,50.0,20351.0,224.0,223.0,224.0,223.05,1323.0
2020-08-12 00:00:00+00:00,49.0,20352.0,222.95,222.45,222.75,223.0,2018.0
2020-08-13 00:00:00+00:00,48.0,20706.0,224.15,222.1,223.1,223.2,1622.0
2020-08-14 00:00:00+00:00,47.0,20765.0,225.0,222.35,223.0,225.5,1825.0
2020-08-17 00:00:00+00:00,44.0,20693.0,226.6,225.1,225.2,226.5,1856.0
2020-08-18 00:00:00+00:00,43.0,21078.0,226.7,226.0,226.0,226.45,1892.0
2020-08-19 00:00:00+00:00,42.0,21201.0,229.0,226.5,226.75,229.15,2337.0
2020-08-20 00:00:00+00:00,41.0,22328.0,229.45,228.5,228.95,230.25,2998.0
2020-08-21 00:00:00+00:00,40.0,22631.0,230.15,228.95,229.35,230.0,2364.0
2020-08-24 00:00:00+00:00,37.0,23604.0,232.95,231.0,231.0,232.3,1194.0
2020-08-25 00:00:00+00:00,36.0,24414.0,234.95,233.4,233.4,234.25,2995.0
2020-08-26 00:00:00+00:00,35.0,24803.0,234.95,232.5,234.95,234.0,3978.0
2020-08-27 00:00:00+00:00,34.0,24451.0,236.2,233.9,234.2,235.25,2849.0
2020-08-28 00:00:00+00:00,33.0,24378.0,237.5,235.6,237.5,236.5,4294.0
2020-08-31 00:00:00+00:00,30.0,24451.0,240.0,237.3,237.3,239.3,2264.0
2020-09-01 00:00:00+00:00,59.0,21337.0,244.1,240.65,241.35,243.85,2207.0
2020-09-02 00:00:00+00:00,58.0,20191.0,247.4,242.0,244.0,242.25,3147.0
2020-09-03 00:00:00+00:00,57.0,20802.0,244.85,237.1,242.5,237.4,4958.0
2020-09-04 00:00:00+00:00,56.0,20802.0,242.0,236.6,237.8,241.15,4919.0
2020-09-07 00:00:00+00:00,56.0,20802.0,,,,241.15,
2020-09-08 00:00:00+00:00,52.0,20996.0,244.85,242.0,242.0,244.55,2276.0
2020-09-09 00:00:00+00:00,51.0,21183.0,245.8,243.55,244.5,245.3,2138.0
2020-09-10 00:00:00+00:00,50.0,21439.0,246.75,245.45,245.55,246.7,2177.0
2020-09-11 00:00:00+00:00,49.0,21899.0,247.9,245.05,246.75,245.15,2020.0
2020-09-14 00:00:00+00:00,46.0,22139.0,246.75,245.1,245.5,246.5,1609.0
2020-09-15 00:00:00+00:00,45.0,22368.0,248.75,247.1,247.45,248.0,1068.0
2020-09-16 00:00:00+00:00,44.0,22139.0,249.4,246.3,248.0,248.85,2539.0
2020-09-17 00:00:00+00:00,43.0,22146.0,249.45,247.0,248.85,247.35,3226.0
2020-09-18 00:00:00+00:00,42.0,21874.0,248.0,246.05,247.2,247.2,2946.0
2020-09-21 00:00:00+00:00,39.0,21860.0,247.25,246.05,246.75,246.75,2124.0
2020-09-22 00:00:00+00:00,38.0,21736.0,249.7,246.2,246.25,249.1,874.0
2020-09-23 00:00:00+00:00,37.0,21912.0,250.85,248.85,249.2,250.25,2216.0
2020-09-24 00:00:00+00:00,36.0,22030.0,251.65,250.0,250.2,250.15,1963.0
2020-09-25 00:00:00+00:00,35.0,21943.0,252.05,248.85,251.0,251.85,1489.0
2020-09-28 00:00:00+00:00,32.0,21263.0,255.65,251.65,252.0,255.35,2550.0
2020-09-29 00:00:00+00:00,31.0,20350.0,256.45,254.5,254.8,255.7,2728.0
2020-09-30 00:00:00+00:00,30.0,21111.0,256.9,255.45,255.95,256.0,1924.0
2020-10-01 00:00:00+00:00,60.0,19336.0,263.15,258.3,258.3,260.5,1877.0
2020-10-02 00:00:00+00:00,59.0,19754.0,263.9,259.75,259.75,263.05,4400.0
2020-10-05 00:00:00+00:00,56.0,19719.0,266.9,262.0,262.5,266.35,2005.0
2020-10-06 00:00:00+00:00,55.0,20669.0,267.45,264.0,265.0,265.5,3021.0
2020-10-07 00:00:00+00:00,54.0,20939.0,267.15,262.15,265.1,266.15,3190.0
2020-10-08 00:00:00+00:00,53.0,21177.0,269.1,266.0,266.35,268.7,1898.0
2020-10-09 00:00:00+00:00,52.0,21177.0,268.95,265.25,268.4,266.55,1843.0
2020-10-12 00:00:00+00:00,52.0,21177.0,,,,266.55,
2020-10-13 00:00:00+00:00,48.0,21836.0,272.9,266.75,267.0,272.25,2968.0
2020-10-14 00:00:00+00:00,47.0,21842.0,279.7,272.0,272.0,278.15,2779.0
2020-10-15 00:00:00+00:00,46.0,21911.0,281.65,277.05,278.6,278.35,3541.0
2020-10-16 00:00:00+00:00,45.0,22532.0,279.8,275.25,277.85,279.45,3682.0
2020-10-19 00:00:00+00:00,42.0,22681.0,282.7,279.65,279.8,282.2,3101.0
2020-10-20 00:00:00+00:00,41.0,25354.0,284.95,281.6,282.3,284.7,2651.0
2020-10-21 00:00:00+00:00,40.0,23180.0,289.6,285.4,285.4,289.05,3114.0
2020-10-22 00:00:00+00:00,39.0,23293.0,293.0,282.05,289.85,284.45,4638.0
2020-10-23 00:00:00+00:00,38.0,23721.0,286.1,276.35,284.8,278.15,4999.0
2020-10-26 00:00:00+00:00,35.0,23281.0,284.9,278.75,278.8,283.6,6411.0
2020-10-27 00:00:00+00:00,34.0,23564.0,287.8,283.7,284.95,286.0,3042.0
2020-10-28 00:00:00+00:00,33.0,24156.0,286.9,282.0,286.0,285.55,2696.0
2020-10-29 00:00:00+00:00,32.0,23648.0,285.0,281.0,284.05,284.4,2807.0
2020-10-30 00:00:00+00:00,31.0,18798.0,285.85,282.5,284.0,285.05,4457.0
2020-11-02 00:00:00+00:00,31.0,18798.0,,,,285.05,
2020-11-03 00:00:00+00:00,57.0,17892.0,291.3,288.7,289.15,292.3,2634.0
2020-11-04 00:00:00+00:00,56.0,17806.0,293.95,292.15,293.05,293.9,2428.0
2020-11-05 00:00:00+00:00,55.0,18178.0,295.0,291.65,294.4,294.95,1866.0
2020-11-06 00:00:00+00:00,54.0,17642.0,297.1,292.55,295.5,293.05,2984.0
2020-11-09 00:00:00+00:00,51.0,18052.0,295.5,286.3,293.05,290.65,4749.0
2020-11-10 00:00:00+00:00,50.0,17904.0,294.2,289.25,291.0,293.65,3707.0
2020-11-11 00:00:00+00:00,49.0,18722.0,295.15,285.15,294.4,286.1,2187.0
2020-11-12 00:00:00+00:00,48.0,17926.0,283.95,270.5,280.0,285.45,5750.0
2020-11-13 00:00:00+00:00,47.0,17914.0,288.0,280.15,284.75,285.4,6988.0
2020-11-16 00:00:00+00:00,44.0,17905.0,287.0,281.8,284.7,282.15,2851.0
2020-11-17 00:00:00+00:00,43.0,16902.0,281.3,278.5,280.25,278.2,1627.0
2020-11-18 00:00:00+00:00,42.0,16245.0,277.4,274.35,277.1,274.65,4229.0
2020-11-19 00:00:00+00:00,41.0,16144.0,275.9,271.7,273.7,274.7,5922.0
2020-11-20 00:00:00+00:00,40.0,16310.0,279.35,273.2,277.0,274.1,2195.0
2020-11-23 00:00:00+00:00,37.0,16322.0,275.1,270.25,273.1,272.9,2705.0
2020-11-24 00:00:00+00:00,36.0,16628.0,277.2,272.0,272.9,276.6,1913.0
2020-11-25 00:00:00+00:00,35.0,16573.0,278.9,273.65,276.5,274.15,2441.0
2020-11-26 00:00:00+00:00,34.0,16507.0,274.85,271.65,274.0,273.05,2539.0
2020-11-27 00:00:00+00:00,33.0,16251.0,276.0,272.9,272.9,273.65,1977.0
2020-11-30 00:00:00+00:00,30.0,16325.0,274.5,272.4,273.1,273.55,2004.0
2020-12-01 00:00:00+00:00,59.0,11708.0,265.1,258.0,265.1,258.8,804.0
2020-12-02 00:00:00+00:00,58.0,11761.0,260.25,256.05,260.25,257.05,2864.0
2020-12-03 00:00:00+00:00,57.0,11562.0,258.2,254.8,257.35,254.6,2448.0
2020-12-04 00:00:00+00:00,56.0,11873.0,255.5,252.1,255.0,252.95,2999.0
2020-12-07 00:00:00+00:00,53.0,12083.0,253.4,249.75,253.4,249.8,2394.0
2020-12-08 00:00:00+00:00,52.0,11698.0,253.9,248.9,250.05,251.1,2743.0
2020-12-09 00:00:00+00:00,51.0,11543.0,253.8,251.0,252.3,252.0,2510.0
2020-12-10 00:00:00+00:00,50.0,11356.0,252.6,249.4,252.05,251.4,1379.0
2020-12-11 00:00:00+00:00,49.0,11496.0,250.7,245.3,250.2,246.0,1070.0
2020-12-14 00:00:00+00:00,46.0,11182.0,248.55,244.0,245.9,247.0,3263.0
2020-12-15 00:00:00+00:00,45.0,11220.0,250.5,245.85,247.5,251.0,1839.0
2020-12-16 00:00:00+00:00,44.0,11176.0,256.85,253.3,255.15,255.0,1492.0
2020-12-17 00:00:00+00:00,43.0,11099.0,258.0,254.0,254.95,258.45,2337.0
2020-12-18 00:00:00+00:00,42.0,11110.0,262.25,257.1,258.5,261.85,2879.0
2020-12-21 00:00:00+00:00,39.0,11159.0,263.85,258.7,262.9,263.55,2718.0
2020-12-22 00:00:00+00:00,38.0,11186.0,266.7,264.45,265.5,267.0,1820.0
2020-12-23 00:00:00+00:00,37.0,11291.0,269.0,266.6,267.5,269.1,3852.0
2020-12-24 00:00:00+00:00,37.0,11291.0,,,,269.1,
2020-12-25 00:00:00+00:00,37.0,11291.0,,,,269.1,
2020-12-28 00:00:00+00:00,32.0,11365.0,272.0,269.7,271.0,275.15,1130.0
2020-12-29 00:00:00+00:00,31.0,11568.0,277.05,271.9,272.0,277.35,1171.0
2020-12-30 00:00:00+00:00,30.0,7737.0,279.5,276.0,278.95,274.95,1941.0
2020-12-31 00:00:00+00:00,30.0,7737.0,,,,274.95,
2021-01-01 00:00:00+00:00,30.0,7737.0,,,,274.95,
2021-01-04 00:00:00+00:00,53.0,7930.0,280.0,276.0,276.0,276.75,2659.0
2021-01-05 00:00:00+00:00,52.0,7760.0,279.95,278.55,278.85,278.8,1216.0
2021-01-06 00:00:00+00:00,51.0,7930.0,280.5,278.7,280.0,279.2,1952.0
2021-01-07 00:00:00+00:00,50.0,7776.0,282.05,278.0,280.0,281.0,1561.0
2021-01-08 00:00:00+00:00,49.0,7823.0,283.0,281.75,281.8,282.15,2280.0
2021-01-11 00:00:00+00:00,46.0,7962.0,284.8,283.0,283.0,285.35,2257.0
2021-01-12 00:00:00+00:00,45.0,8198.0,289.8,286.0,287.0,290.2,1354.0
2021-01-13 00:00:00+00:00,44.0,8371.0,290.4,287.1,290.15,286.2,2071.0
2021-01-14 00:00:00+00:00,43.0,8632.0,290.4,287.3,289.5,290.0,1835.0
2021-01-15 00:00:00+00:00,42.0,8546.0,291.8,289.1,290.55,289.8,1769.0
2021-01-18 00:00:00+00:00,39.0,8807.0,290.5,288.5,289.45,291.9,949.0
2021-01-19 00:00:00+00:00,38.0,9147.0,296.0,292.35,293.7,295.5,1455.0
2021-01-20 00:00:00+00:00,37.0,8967.0,296.45,293.2,295.4,294.15,3009.0
2021-01-21 00:00:00+00:00,36.0,9209.0,295.25,292.6,294.55,294.6,2534.0
2021-01-22 00:00:00+00:00,35.0,9209.0,297.0,295.4,295.4,296.8,1873.0
2021-01-25 00:00:00+00:00,35.0,9209.0,,,,296.8,
2021-01-26 00:00:00+00:00,31.0,9182.0,298.0,295.05,297.0,296.0,2107.0
2021-01-27 00:00:00+00:00,30.0,9737.0,297.0,293.8,296.65,294.2,2462.0
2021-01-28 00:00:00+00:00,29.0,10301.0,294.5,290.0,294.3,291.6,1936.0
2021-01-29 00:00:00+00:00,28.0,8733.0,294.0,290.25,293.05,293.95,2916.0
2021-02-01 00:00:00+00:00,58.0,8990.0,290.0,286.05,286.05,292.0,1527.0
2021-02-02 00:00:00+00:00,57.0,9372.0,294.0,292.0,292.15,294.0,1454.0
2021-02-03 00:00:00+00:00,56.0,9521.0,293.5,291.55,293.5,292.4,1593.0
2021-02-04 00:00:00+00:00,55.0,9746.0,292.4,289.4,292.4,291.95,1402.0
2021-02-05 00:00:00+00:00,54.0,10070.0,292.0,290.65,291.7,290.4,1600.0
2021-02-08 00:00:00+00:00,51.0,10214.0,294.2,292.6,292.6,293.6,1550.0
2021-02-09 00:00:00+00:00,50.0,9697.0,296.3,293.1,294.5,294.0,1553.0
2021-02-10 00:00:00+00:00,49.0,9821.0,293.2,290.9,293.2,291.5,2090.0
2021-02-11 00:00:00+00:00,48.0,9839.0,290.65,287.0,290.3,290.5,1682.0
2021-02-12 00:00:00+00:00,47.0,9839.0,292.85,290.95,290.95,291.9,2252.0
2021-02-15 00:00:00+00:00,47.0,9839.0,,,,291.9,
2021-02-16 00:00:00+00:00,47.0,9839.0,,,,291.9,
2021-02-17 00:00:00+00:00,42.0,9929.0,294.35,293.0,293.05,294.2,1302.0
2021-02-18 00:00:00+00:00,41.0,10038.0,295.25,294.5,294.7,295.1,1072.0
2021-02-19 00:00:00+00:00,40.0,10128.0,297.05,295.05,296.0,297.65,934.0
2021-02-22 00:00:00+00:00,37.0,10120.0,300.0,297.15,297.65,299.9,1232.0
2021-02-23 00:00:00+00:00,36.0,10636.0,300.5,299.4,299.4,300.35,1233.0
2021-02-24 00:00:00+00:00,35.0,10933.0,299.95,297.75,299.95,298.4,1664.0
2021-02-25 00:00:00+00:00,34.0,10874.0,300.4,297.55,298.5,299.95,1741.0
2021-02-26 00:00:00+00:00,33.0,8887.0,303.1,301.0,301.25,302.85,2212.0
2021-03-01 00:00:00+00:00,60.0,8845.0,301.95,300.0,300.0,301.5,2075.0
2021-03-02 00:00:00+00:00,59.0,8910.0,302.5,300.9,301.0,302.5,1380.0
2021-03-03 00:00:00+00:00,58.0,9382.0,305.5,303.0,303.0,305.5,1891.0
2021-03-04 00:00:00+00:00,57.0,9801.0,305.6,305.0,305.6,306.0,2036.0
2021-03-05 00:00:00+00:00,56.0,10084.0,305.45,304.95,305.45,305.5,986.0
2021-03-08 00:00:00+00:00,53.0,10172.0,304.3,303.0,304.3,304.75,1553.0
2021-03-09 00:00:00+00:00,52.0,10688.0,306.35,305.5,306.0,305.25,1698.0
2021-03-10 00:00:00+00:00,51.0,11342.0,306.5,304.9,306.4,306.5,1467.0
2021-03-11 00:00:00+00:00,50.0,11557.0,307.5,306.5,306.6,307.0,1945.0
2021-03-12 00:00:00+00:00,49.0,11732.0,307.5,307.0,307.0,307.0,1361.0
2021-03-15 00:00:00+00:00,46.0,12003.0,311.0,308.0,308.05,310.95,653.0
2021-03-16 00:00:00+00:00,45.0,12310.0,310.9,309.75,309.95,310.95,1493.0
2021-03-17 00:00:00+00:00,44.0,13022.0,312.75,307.5,312.75,309.5,1384.0
2021-03-18 00:00:00+00:00,43.0,13394.0,314.2,308.7,309.35,312.95,3040.0
2021-03-19 00:00:00+00:00,42.0,13608.0,314.2,305.6,314.2,306.15,1454.0
2021-03-22 00:00:00+00:00,39.0,13738.0,307.0,303.7,305.85,305.7,3426.0
2021-03-23 00:00:00+00:00,38.0,13675.0,309.85,307.0,307.7,308.5,3468.0
2021-03-24 00:00:00+00:00,37.0,13693.0,311.9,308.0,308.0,313.0,1428.0
2021-03-25 00:00:00+00:00,36.0,13864.0,312.5,310.5,312.5,312.5,1380.0
2021-03-26 00:00:00+00:00,35.0,13845.0,314.0,311.5,313.1,313.25,1298.0
2021-03-29 00:00:00+00:00,32.0,13728.0,313.95,312.5,313.65,313.8,896.0
2021-03-30 00:00:00+00:00,31.0,13995.0,315.6,313.0,313.0,315.8,637.0
2021-03-31 00:00:00+00:00,30.0,14456.0,315.8,314.0,314.65,315.15,2218.0
2021-04-01 00:00:00+00:00,60.0,12641.0,311.9,310.0,310.0,311.85,1422.0
2021-04-02 00:00:00+00:00,60.0,12641.0,,,,311.85,
2021-04-05 00:00:00+00:00,56.0,12516.0,315.1,312.0,312.0,314.95,1240.0
2021-04-06 00:00:00+00:00,55.0,13299.0,316.4,313.05,315.0,314.95,1904.0
2021-04-07 00:00:00+00:00,54.0,13747.0,315.95,312.2,315.95,313.0,2347.0
2021-04-08 00:00:00+00:00,53.0,14224.0,314.75,311.8,312.9,313.85,1996.0
2021-04-09 00:00:00+00:00,52.0,14428.0,315.55,313.9,314.15,315.0,1199.0
2021-04-12 00:00:00+00:00,49.0,14547.0,317.1,315.5,316.6,315.8,1166.0
2021-04-13 00:00:00+00:00,48.0,14556.0,316.2,308.9,315.95,309.65,1455.0
2021-04-14 00:00:00+00:00,47.0,14538.0,313.0,306.15,309.2,306.75,3162.0
2021-04-15 00:00:00+00:00,46.0,14603.0,310.0,307.15,308.5,309.0,3112.0
2021-04-16 00:00:00+00:00,45.0,15003.0,309.5,304.9,309.45,305.55,2001.0
2021-04-19 00:00:00+00:00,42.0,15285.0,307.4,302.6,306.5,306.8,2715.0
2021-04-20 00:00:00+00:00,41.0,15285.0,310.15,306.3,307.35,306.95,1861.0
2021-04-21 00:00:00+00:00,41.0,15285.0,,,,306.95,
2021-04-22 00:00:00+00:00,39.0,15622.0,309.0,305.55,307.25,305.85,2110.0
2021-04-23 00:00:00+00:00,38.0,15681.0,307.65,305.8,307.0,306.7,1483.0
2021-04-26 00:00:00+00:00,35.0,16199.0,309.4,306.0,306.0,309.1,1243.0
2021-04-27 00:00:00+00:00,34.0,16528.0,313.25,309.45,310.0,311.55,2099.0
2021-04-28 00:00:00+00:00,33.0,17228.0,311.65,305.1,311.65,306.2,2583.0
2021-04-29 00:00:00+00:00,32.0,16961.0,307.15,303.85,305.2,306.2,2915.0
2021-04-30 00:00:00+00:00,31.0,16162.0,307.65,306.05,306.6,306.8,1900.0
2021-05-03 00:00:00+00:00,58.0,16319.0,313.5,311.25,311.95,311.45,1074.0
2021-05-04 00:00:00+00:00,57.0,16608.0,312.0,310.0,311.1,311.05,1314.0
2021-05-05 00:00:00+00:00,56.0,16617.0,311.05,308.0,310.4,308.4,1270.0
2021-05-06 00:00:00+00:00,55.0,16427.0,308.85,306.15,308.85,307.75,2185.0
2021-05-07 00:00:00+00:00,54.0,16346.0,310.6,307.65,308.05,308.2,1879.0
2021-05-10 00:00:00+00:00,51.0,16476.0,311.95,309.9,309.9,311.6,1156.0
2021-05-11 00:00:00+00:00,50.0,17326.0,313.0,311.0,312.0,312.95,1411.0
2021-05-12 00:00:00+00:00,49.0,17361.0,315.05,312.8,312.85,313.95,2902.0
2021-05-13 00:00:00+00:00,48.0,17624.0,314.35,313.1,313.4,313.2,3064.0
2021-05-14 00:00:00+00:00,47.0,18786.0,316.45,312.55,312.55,315.9,1507.0
2021-05-17 00:00:00+00:00,44.0,18667.0,321.0,315.0,316.0,320.45,4158.0
2021-05-18 00:00:00+00:00,43.0,18864.0,321.9,319.0,320.0,321.55,3020.0
2021-05-19 00:00:00+00:00,42.0,18064.0,322.95,321.35,321.5,321.7,2524.0
2021-05-20 00:00:00+00:00,41.0,18681.0,327.0,322.35,322.35,325.65,4222.0
2021-05-21 00:00:00+00:00,40.0,19236.0,326.5,322.5,326.5,322.75,3234.0
2021-05-24 00:00:00+00:00,37.0,19019.0,327.0,323.05,325.35,323.9,2164.0
2021-05-25 00:00:00+00:00,36.0,19323.0,326.6,322.8,324.15,325.5,1133.0
2021-05-26 00:00:00+00:00,35.0,19770.0,327.4,324.0,326.3,325.1,2090.0
2021-05-27 00:00:00+00:00,34.0,19751.0,325.65,324.05,325.1,324.65,2236.0
2021-05-28 00:00:00+00:00,33.0,20209.0,326.0,322.0,325.75,322.55,1186.0
2021-05-31 00:00:00+00:00,30.0,20917.0,323.9,320.7,320.7,323.1,2702.0
2021-06-01 00:00:00+00:00,59.0,16026.0,332.8,330.0,330.0,332.95,1654.0
2021-06-02 00:00:00+00:00,58.0,16026.0,330.8,328.0,330.8,328.75,1136.0
2021-06-03 00:00:00+00:00,58.0,16026.0,,,,328.75,
2021-06-04 00:00:00+00:00,56.0,17524.0,329.5,326.3,329.5,328.25,2123.0
2021-06-07 00:00:00+00:00,53.0,17906.0,330.0,328.2,329.2,329.85,3376.0
2021-06-08 00:00:00+00:00,52.0,18196.0,329.5,328.0,329.0,328.6,1464.0
2021-06-09 00:00:00+00:00,51.0,19113.0,329.95,325.05,329.95,324.5,806.0
2021-06-10 00:00:00+00:00,50.0,19618.0,327.2,324.5,324.95,327.45,4670.0
2021-06-11 00:00:00+00:00,49.0,19851.0,326.05,323.75,326.05,325.25,2115.0
2021-06-14 00:00:00+00:00,46.0,19934.0,325.25,324.05,324.35,325.6,2003.0
2021-06-15 00:00:00+00:00,45.0,19951.0,326.75,324.25,324.35,327.2,918.0
2021-06-16 00:00:00+00:00,44.0,20833.0,327.3,323.5,327.25,323.7,2092.0
2021-06-17 00:00:00+00:00,43.0,20581.0,324.95,318.5,324.95,319.4,2756.0
2021-06-18 00:00:00+00:00,42.0,20620.0,319.0,315.7,318.5,316.8,3312.0
2021-06-21 00:00:00+00:00,39.0,20613.0,319.6,317.5,318.85,317.75,4537.0
2021-06-22 00:00:00+00:00,38.0,21429.0,319.4,317.0,318.8,318.75,2412.0
2021-06-23 00:00:00+00:00,37.0,21517.0,319.5,318.5,318.6,319.0,2225.0
2021-06-24 00:00:00+00:00,36.0,22666.0,318.85,314.5,318.5,315.05,2033.0
2021-06-25 00:00:00+00:00,35.0,21941.0,315.0,313.05,315.0,313.15,4645.0
2021-06-28 00:00:00+00:00,32.0,22128.0,316.2,313.15,314.0,314.25,4160.0
2021-06-29 00:00:00+00:00,31.0,22179.0,319.0,315.0,315.0,316.15,2168.0
2021-06-30 00:00:00+00:00,30.0,21962.0,316.95,314.4,316.95,315.25,3910.0
2021-07-01 00:00:00+00:00,61.0,18341.0,318.5,317.5,318.5,318.8,1890.0
2021-07-02 00:00:00+00:00,60.0,18490.0,318.0,316.45,317.2,316.1,1926.0
2021-07-05 00:00:00+00:00,57.0,18253.0,318.5,318.0,318.35,318.05,2366.0
2021-07-06 00:00:00+00:00,56.0,18706.0,317.3,317.0,317.3,320.1,1674.0
2021-07-07 00:00:00+00:00,55.0,18394.0,322.5,321.0,322.5,324.25,1667.0
2021-07-08 00:00:00+00:00,54.0,18240.0,323.95,319.65,322.65,322.05,2817.0
2021-07-09 00:00:00+00:00,54.0,18240.0,,,,322.05,
2021-07-12 00:00:00+00:00,50.0,18381.0,322.05,320.0,320.0,321.5,2355.0
2021-07-13 00:00:00+00:00,49.0,18053.0,323.75,320.0,322.85,319.45,1078.0
2021-07-14 00:00:00+00:00,48.0,18507.0,321.05,318.25,318.5,319.85,1738.0
2021-07-15 00:00:00+00:00,47.0,18724.0,321.8,320.7,321.0,321.6,2395.0
2021-07-16 00:00:00+00:00,46.0,18604.0,321.0,321.0,321.0,321.6,1793.0
2021-07-19 00:00:00+00:00,43.0,18237.0,322.2,321.0,321.65,321.1,1036.0
2021-07-20 00:00:00+00:00,42.0,18723.0,321.85,320.9,320.9,321.45,1536.0
2021-07-21 00:00:00+00:00,41.0,19101.0,323.25,321.0,323.25,320.25,1872.0
2021-07-22 00:00:00+00:00,40.0,18855.0,320.05,318.0,320.0,318.0,1852.0
2021-07-23 00:00:00+00:00,39.0,19017.0,319.0,318.05,318.05,318.0,1998.0
2021-07-26 00:00:00+00:00,36.0,19029.0,321.5,319.0,319.0,320.0,1022.0
2021-07-27 00:00:00+00:00,35.0,18707.0,321.55,320.3,321.55,318.75,1289.0
2021-07-28 00:00:00+00:00,34.0,18761.0,320.7,318.8,318.8,320.35,3135.0
2021-07-29 00:00:00+00:00,33.0,18424.0,320.0,318.0,320.0,318.85,2554.0
2021-07-30 00:00:00+00:00,32.0,16147.0,319.0,316.55,317.3,318.5,1706.0
2021-08-02 00:00:00+00:00,59.0,16236.0,324.05,322.0,324.05,323.75,785.0
2021-08-03 00:00:00+00:00,58.0,16316.0,324.0,321.2,323.4,323.8,891.0
2021-08-04 00:00:00+00:00,57.0,16192.0,324.6,324.6,324.6,324.6,1396.0
2021-08-05 00:00:00+00:00,56.0,16298.0,324.0,323.05,323.05,324.25,771.0
2021-08-06 00:00:00+00:00,55.0,16272.0,323.1,322.4,322.95,321.0,1877.0
2021-08-09 00:00:00+00:00,52.0,16426.0,322.0,318.1,322.0,318.15,550.0
2021-08-10 00:00:00+00:00,51.0,16464.0,319.0,318.7,319.0,320.05,2113.0
2021-08-11 00:00:00+00:00,50.0,17000.0,320.5,319.0,320.0,319.95,2000.0
2021-08-12 00:00:00+00:00,49.0,16901.0,319.95,319.4,319.5,319.75,2615.0
2021-08-13 00:00:00+00:00,48.0,17048.0,319.5,319.25,319.5,319.1,1629.0
2021-08-16 00:00:00+00:00,45.0,17106.0,319.5,318.5,319.5,319.15,1163.0
2021-08-17 00:00:00+00:00,44.0,16898.0,318.45,316.3,318.45,315.25,1120.0
2021-08-18 00:00:00+00:00,43.0,16689.0,317.0,314.5,317.0,315.5,2463.0
2021-08-19 00:00:00+00:00,42.0,16744.0,314.0,311.55,314.0,312.3,2173.0
2021-08-20 00:00:00+00:00,41.0,17455.0,313.0,311.05,312.95,311.6,3277.0
2021-08-23 00:00:00+00:00,38.0,17612.0,311.6,311.2,311.6,311.5,2259.0
2021-08-24 00:00:00+00:00,37.0,18134.0,311.0,309.7,311.0,310.0,1596.0
2021-08-25 00:00:00+00:00,36.0,18438.0,309.5,308.85,309.5,309.2,3330.0
2021-08-26 00:00:00+00:00,35.0,18849.0,312.2,308.75,309.0,310.5,2281.0
2021-08-27 00:00:00+00:00,34.0,18989.0,312.5,310.55,310.55,310.0,2526.0
2021-08-30 00:00:00+00:00,31.0,19079.0,311.0,310.05,310.5,311.0,2318.0
2021-08-31 00:00:00+00:00,30.0,19515.0,311.9,309.3,311.9,310.0,938.0
2021-09-01 00:00:00+00:00,58.0,17533.0,311.35,293.1,310.85,296.95,2629.0
2021-09-02 00:00:00+00:00,57.0,17912.0,299.9,294.0,298.85,294.2,10896.0
2021-09-03 00:00:00+00:00,56.0,18655.0,299.0,294.0,295.05,296.95,4363.0
2021-09-06 00:00:00+00:00,53.0,18655.0,309.5,291.0,297.1,308.35,4836.0
2021-09-07 00:00:00+00:00,53.0,18655.0,,,,308.35,
2021-09-08 00:00:00+00:00,51.0,19308.0,310.7,304.0,308.7,305.05,5535.0
2021-09-09 00:00:00+00:00,50.0,19607.0,305.35,297.5,304.15,298.65,3637.0
2021-09-10 00:00:00+00:00,49.0,19866.0,303.45,298.05,299.0,301.95,4083.0
2021-09-13 00:00:00+00:00,46.0,20162.0,305.15,299.0,301.0,303.65,3461.0
2021-09-14 00:00:00+00:00,45.0,20362.0,304.9,300.75,304.3,301.95,2659.0
2021-09-15 00:00:00+00:00,44.0,20067.0,308.75,299.3,302.45,308.45,1448.0
2021-09-16 00:00:00+00:00,43.0,20368.0,308.7,303.8,308.7,304.2,3400.0
2021-09-17 00:00:00+00:00,42.0,20306.0,306.95,301.55,303.75,306.05,2881.0
2021-09-20 00:00:00+00:00,39.0,20390.0,308.25,304.75,305.45,307.85,1685.0
2021-09-21 00:00:00+00:00,38.0,20361.0,309.0,306.65,307.7,307.9,1098.0
2021-09-22 00:00:00+00:00,37.0,20392.0,308.95,305.05,308.05,305.85,1275.0
2021-09-23 00:00:00+00:00,36.0,20383.0,306.7,301.8,305.75,302.1,2338.0
2021-09-24 00:00:00+00:00,35.0,20476.0,301.4,299.55,301.0,300.15,2118.0
2021-09-27 00:00:00+00:00,32.0,20889.0,299.4,296.6,298.05,297.2,2312.0
2021-09-28 00:00:00+00:00,31.0,21553.0,301.95,297.0,297.15,297.45,2384.0
2021-09-29 00:00:00+00:00,30.0,22133.0,296.4,292.35,295.5,292.85,4536.0
2021-09-30 00:00:00+00:00,29.0,21779.0,292.85,284.1,292.8,285.25,3927.0
2021-10-01 00:00:00+00:00,60.0,19738.0,290.3,285.5,288.45,287.45,6842.0
2021-10-04 00:00:00+00:00,57.0,19134.0,287.0,274.95,287.0,275.7,4110.0
2021-10-05 00:00:00+00:00,56.0,19734.0,291.55,277.3,277.35,289.5,7457.0
2021-10-06 00:00:00+00:00,55.0,20139.0,289.8,283.35,289.0,291.15,4811.0
2021-10-07 00:00:00+00:00,54.0,20718.0,290.35,283.5,289.8,284.3,4602.0
2021-10-08 00:00:00+00:00,53.0,21092.0,292.55,281.5,283.5,291.95,5155.0
2021-10-11 00:00:00+00:00,50.0,21092.0,292.1,287.2,292.1,288.75,4064.0
2021-10-12 00:00:00+00:00,50.0,21092.0,,,,288.75,
2021-10-13 00:00:00+00:00,48.0,20795.0,287.15,279.45,287.15,280.2,2051.0
2021-10-14 00:00:00+00:00,47.0,20759.0,280.5,273.0,279.0,273.85,2882.0
2021-10-15 00:00:00+00:00,46.0,20659.0,281.5,272.5,273.0,280.1,4668.0
2021-10-18 00:00:00+00:00,43.0,20949.0,281.15,274.5,276.85,280.7,4033.0
2021-10-19 00:00:00+00:00,42.0,21335.0,282.7,277.15,281.0,278.05,3300.0
2021-10-20 00:00:00+00:00,41.0,21887.0,279.2,272.4,278.0,273.4,3068.0
2021-10-21 00:00:00+00:00,40.0,22592.0,271.5,264.7,271.5,269.7,4622.0
2021-10-22 00:00:00+00:00,39.0,22876.0,275.65,269.0,272.0,269.85,5949.0
2021-10-25 00:00:00+00:00,36.0,23363.0,275.0,267.55,269.2,274.1,3532.0
2021-10-26 00:00:00+00:00,35.0,23609.0,284.55,273.55,273.95,283.3,4334.0
2021-10-27 00:00:00+00:00,34.0,24048.0,283.0,270.0,282.2,272.05,5430.0
2021-10-28 00:00:00+00:00,33.0,24263.0,273.05,266.7,268.95,271.1,7763.0
2021-10-29 00:00:00+00:00,32.0,13948.0,272.0,269.0,269.65,271.35,4308.0
2021-11-01 00:00:00+00:00,59.0,13948.0,291.2,287.05,287.6,291.05,2555.0
2021-11-02 00:00:00+00:00,59.0,13948.0,,,,291.05,
2021-11-03 00:00:00+00:00,57.0,14124.0,293.6,287.05,293.6,288.95,1706.0
2021-11-04 00:00:00+00:00,56.0,14463.0,293.45,287.0,287.0,293.05,2619.0
2021-11-05 00:00:00+00:00,55.0,13850.0,300.45,293.6,294.7,299.2,2742.0
2021-11-08 00:00:00+00:00,52.0,14224.0,305.95,304.15,304.15,305.25,4705.0
2021-11-09 00:00:00+00:00,51.0,14320.0,310.7,305.45,305.45,308.75,3377.0
2021-11-10 00:00:00+00:00,50.0,13931.0,315.15,310.15,313.15,313.6,4848.0
2021-11-11 00:00:00+00:00,49.0,13643.0,322.3,297.0,316.65,312.0,5841.0
2021-11-12 00:00:00+00:00,48.0,13937.0,318.95,313.25,316.0,315.8,13729.0
2021-11-15 00:00:00+00:00,48.0,13937.0,,,,315.8,
2021-11-16 00:00:00+00:00,44.0,14254.0,314.9,314.9,314.9,314.9,3559.0
2021-11-17 00:00:00+00:00,43.0,13538.0,318.9,315.25,317.25,318.0,2680.0
2021-11-18 00:00:00+00:00,42.0,13716.0,320.35,317.2,319.5,318.05,5335.0
2021-11-19 00:00:00+00:00,41.0,13214.0,321.65,317.55,318.6,320.9,5341.0
2021-11-22 00:00:00+00:00,38.0,13536.0,324.05,320.5,321.0,322.85,3808.0
2021-11-23 00:00:00+00:00,37.0,13811.0,327.75,323.35,323.95,326.3,2984.0
2021-11-24 00:00:00+00:00,36.0,14144.0,328.0,324.25,327.0,325.35,4248.0
2021-11-25 00:00:00+00:00,35.0,14609.0,327.0,322.6,325.0,326.55,3285.0
2021-11-26 00:00:00+00:00,34.0,14110.0,330.75,326.1,326.6,330.05,2659.0
2021-11-29 00:00:00+00:00,31.0,14907.0,331.45,328.5,330.8,330.55,4330.0
2021-11-30 00:00:00+00:00,30.0,15137.0,333.5,329.05,330.95,330.85,3100.0
2021-12-01 00:00:00+00:00,61.0,10447.0,335.5,326.0,334.5,325.0,3279.0
2021-12-02 00:00:00+00:00,60.0,10371.0,324.6,319.1,324.15,321.2,5352.0
2021-12-03 00:00:00+00:00,59.0,10330.0,325.0,318.0,321.35,319.9,4234.0
2021-12-06 00:00:00+00:00,56.0,11109.0,320.5,314.7,318.0,319.65,3491.0
2021-12-07 00:00:00+00:00,55.0,11086.0,323.0,318.0,321.0,320.5,4673.0
2021-12-08 00:00:00+00:00,54.0,11745.0,319.7,313.1,319.2,313.45,3483.0
2021-12-09 00:00:00+00:00,53.0,12394.0,316.25,311.3,313.25,312.15,4914.0
2021-12-10 00:00:00+00:00,52.0,12607.0,315.0,309.5,310.25,314.25,3252.0
2021-12-13 00:00:00+00:00,49.0,12778.0,318.35,314.25,315.0,317.65,2679.0
2021-12-14 00:00:00+00:00,48.0,11892.0,321.7,317.75,317.8,321.2,2251.0
2021-12-15 00:00:00+00:00,47.0,10165.0,337.0,320.0,321.7,336.1,4177.0
2021-12-16 00:00:00+00:00,46.0,10038.0,337.5,331.3,335.85,335.4,7135.0
2021-12-17 00:00:00+00:00,45.0,9930.0,337.3,333.6,334.45,337.25,2593.0
2021-12-20 00:00:00+00:00,42.0,10070.0,341.0,337.65,338.85,339.75,1986.0
2021-12-21 00:00:00+00:00,41.0,10244.0,340.9,338.5,338.8,339.5,2307.0
2021-12-22 00:00:00+00:00,40.0,10429.0,341.9,337.2,341.9,339.4,2846.0
2021-12-23 00:00:00+00:00,39.0,10403.0,339.8,337.1,339.4,339.1,1725.0
2021-12-24 00:00:00+00:00,39.0,10403.0,,,,339.1,
2021-12-27 00:00:00+00:00,35.0,10206.0,339.95,337.55,338.8,339.65,1008.0
2021-12-28 00:00:00+00:00,34.0,10343.0,341.9,339.35,339.9,340.75,607.0
2021-12-29 00:00:00+00:00,33.0,10335.0,341.5,339.15,340.6,340.5,1357.0
2021-12-30 00:00:00+00:00,32.0,7588.0,342.9,339.0,340.7,341.75,1048.0
2021-12-31 00:00:00+00:00,32.0,7588.0,,,,341.75,
2022-01-03 00:00:00+00:00,53.0,8328.0,340.5,339.1,339.9,341.45,924.0
2022-01-04 00:00:00+00:00,52.0,8206.0,341.9,338.5,340.6,341.7,1825.0
2022-01-05 00:00:00+00:00,51.0,8239.0,342.05,334.7,341.5,335.15,1832.0
2022-01-06 00:00:00+00:00,50.0,8206.0,338.5,335.3,335.5,337.0,4121.0
2022-01-07 00:00:00+00:00,49.0,8420.0,337.95,336.0,336.5,337.1,4121.0
2022-01-10 00:00:00+00:00,46.0,8512.0,339.5,336.4,336.9,339.4,1865.0
2022-01-11 00:00:00+00:00,45.0,8659.0,341.25,337.05,340.1,337.85,2359.0
2022-01-12 00:00:00+00:00,44.0,8805.0,338.0,336.05,336.05,337.0,1856.0
2022-01-13 00:00:00+00:00,43.0,9252.0,338.2,336.0,338.05,337.1,1768.0
2022-01-14 00:00:00+00:00,42.0,9676.0,337.95,335.2,336.75,337.05,1999.0
2022-01-17 00:00:00+00:00,39.0,9640.0,340.2,336.5,336.5,339.8,1372.0
2022-01-18 00:00:00+00:00,38.0,9668.0,342.5,339.95,340.0,340.15,1448.0
2022-01-19 00:00:00+00:00,37.0,10014.0,341.5,338.1,339.25,339.65,2429.0
2022-01-20 00:00:00+00:00,36.0,9994.0,341.25,337.55,340.2,337.9,1526.0
2022-01-21 00:00:00+00:00,35.0,10304.0,338.5,337.1,337.7,338.35,2520.0
2022-01-24 00:00:00+00:00,32.0,10680.0,342.05,337.8,337.85,341.65,1629.0
2022-01-25 00:00:00+00:00,31.0,11042.0,342.35,340.5,341.05,341.55,1870.0
2022-01-26 00:00:00+00:00,30.0,11710.0,344.0,339.55,341.0,342.6,1149.0
2022-01-27 00:00:00+00:00,29.0,11381.0,342.95,340.7,342.1,341.7,2676.0
2022-01-28 00:00:00+00:00,28.0,11455.0,342.5,340.6,341.4,340.9,2402.0
2022-01-31 00:00:00+00:00,25.0,11934.0,340.9,335.6,340.9,336.55,1907.0
2022-02-01 00:00:00+00:00,58.0,9462.0,334.1,332.8,334.1,332.4,2903.0
2022-02-02 00:00:00+00:00,57.0,9770.0,334.4,332.25,332.75,334.05,2261.0
2022-02-03 00:00:00+00:00,56.0,9867.0,338.0,334.0,334.8,336.1,2237.0
2022-02-04 00:00:00+00:00,55.0,9830.0,338.15,335.9,337.45,337.1,3056.0
2022-02-07 00:00:00+00:00,52.0,10006.0,338.8,337.7,338.15,338.8,2193.0
2022-02-08 00:00:00+00:00,51.0,10007.0,338.95,336.8,338.85,338.7,1471.0
2022-02-09 00:00:00+00:00,50.0,10198.0,339.7,338.15,338.9,338.4,2357.0
2022-02-10 00:00:00+00:00,49.0,10406.0,338.5,335.0,338.5,335.65,1995.0
2022-02-11 00:00:00+00:00,48.0,10772.0,336.4,333.65,334.65,335.75,2753.0
2022-02-14 00:00:00+00:00,45.0,10886.0,337.95,335.5,337.35,335.65,1754.0
2022-02-15 00:00:00+00:00,44.0,11380.0,335.5,334.0,334.85,334.95,1119.0
2022-02-16 00:00:00+00:00,43.0,11702.0,336.85,334.4,335.0,336.4,1505.0
2022-02-17 00:00:00+00:00,42.0,11767.0,338.7,336.85,337.05,338.5,1564.0
2022-02-18 00:00:00+00:00,41.0,11519.0,339.95,338.05,338.05,339.45,1082.0
2022-02-21 00:00:00+00:00,38.0,11434.0,340.0,338.85,339.0,339.0,1136.0
2022-02-22 00:00:00+00:00,37.0,11755.0,340.4,338.6,339.25,339.9,1096.0
2022-02-23 00:00:00+00:00,36.0,12488.0,344.2,340.65,341.0,343.65,1423.0
2022-02-24 00:00:00+00:00,35.0,12409.0,344.8,342.7,344.15,343.45,3772.0
2022-02-25 00:00:00+00:00,34.0,7435.0,344.15,342.05,343.45,343.8,1903.0
2022-02-28 00:00:00+00:00,34.0,7435.0,,,,343.8,
2022-03-01 00:00:00+00:00,34.0,7435.0,,,,343.8,
2022-03-02 00:00:00+00:00,58.0,8299.0,342.2,335.5,335.5,341.0,1068.0
2022-03-03 00:00:00+00:00,57.0,8824.0,343.05,339.65,341.65,342.95,2148.0
2022-03-04 00:00:00+00:00,56.0,8837.0,344.0,342.0,343.8,342.5,2735.0
2022-03-07 00:00:00+00:00,53.0,8710.0,343.35,338.75,342.65,339.35,2073.0
2022-03-08 00:00:00+00:00,52.0,8671.0,341.0,339.0,339.45,339.65,2413.0
2022-03-09 00:00:00+00:00,51.0,9073.0,341.9,339.3,339.35,341.2,2170.0
2022-03-10 00:00:00+00:00,50.0,9384.0,342.5,340.5,341.9,340.25,2349.0
2022-03-11 00:00:00+00:00,49.0,9157.0,341.95,340.0,341.95,341.05,1401.0
2022-03-14 00:00:00+00:00,46.0,9216.0,343.0,341.0,341.0,342.6,1614.0
2022-03-15 00:00:00+00:00,45.0,9335.0,342.7,341.8,342.1,342.05,1352.0
2022-03-16 00:00:00+00:00,44.0,9473.0,342.0,340.5,342.0,340.05,1584.0
2022-03-17 00:00:00+00:00,43.0,10539.0,340.5,337.35,340.5,336.35,2796.0
2022-03-18 00:00:00+00:00,42.0,10590.0,338.5,334.55,337.95,337.2,3286.0
2022-03-21 00:00:00+00:00,39.0,10738.0,338.15,334.55,337.5,337.4,1609.0
2022-03-22 00:00:00+00:00,38.0,11170.0,338.25,335.9,337.25,338.0,899.0
2022-03-23 00:00:00+00:00,37.0,11779.0,338.2,335.4,338.2,336.75,1638.0
2022-03-24 00:00:00+00:00,36.0,12064.0,337.2,335.45,337.05,336.05,2350.0
2022-03-25 00:00:00+00:00,35.0,12210.0,336.3,333.1,336.3,334.45,1446.0
2022-03-28 00:00:00+00:00,32.0,12264.0,333.15,331.0,333.1,331.95,2591.0
2022-03-29 00:00:00+00:00,31.0,12355.0,334.0,328.2,334.0,328.45,1600.0
2022-03-30 00:00:00+00:00,30.0,12385.0,328.9,326.25,327.85,326.5,2824.0
2022-03-31 00:00:00+00:00,29.0,12297.0,330.75,325.15,326.5,325.8,2658.0
2022-04-01 00:00:00+00:00,60.0,8312.0,321.0,316.65,319.0,320.05,4572.0
2022-04-04 00:00:00+00:00,57.0,8542.0,321.3,314.5,320.4,316.55,2200.0
2022-04-05 00:00:00+00:00,56.0,8799.0,317.05,314.05,316.45,314.55,2799.0
2022-04-06 00:00:00+00:00,55.0,9472.0,314.85,311.0,314.05,313.8,1724.0
2022-04-07 00:00:00+00:00,54.0,9973.0,316.8,311.6,314.9,313.95,2856.0
2022-04-08 00:00:00+00:00,53.0,10378.0,314.7,312.0,314.0,314.3,2143.0
2022-04-11 00:00:00+00:00,50.0,10504.0,319.75,314.3,315.3,318.6,1335.0
2022-04-12 00:00:00+00:00,49.0,10815.0,325.0,319.5,319.95,324.0,1901.0
2022-04-13 00:00:00+00:00,48.0,10585.0,324.7,320.6,324.1,321.9,2640.0
2022-04-14 00:00:00+00:00,47.0,0.0,323.45,319.0,321.95,321.55,2360.0
2022-04-15 00:00:00+00:00,47.0,0.0,,,,321.55,
2022-04-18 00:00:00+00:00,43.0,10829.0,321.8,317.0,321.75,317.85,1339.0
2022-04-19 00:00:00+00:00,42.0,10933.0,317.45,315.05,317.0,316.2,1453.0
2022-04-20 00:00:00+00:00,41.0,0.0,322.6,316.0,316.45,320.65,1779.0
2022-04-21 00:00:00+00:00,41.0,0.0,,,,320.65,
2022-04-22 00:00:00+00:00,39.0,10949.0,323.2,320.15,320.35,321.2,1357.0
2022-04-25 00:00:00+00:00,36.0,10924.0,322.7,319.0,321.1,322.15,1089.0
2022-04-26 00:00:00+00:00,35.0,10851.0,323.85,321.5,322.5,322.3,988.0
2022-04-27 00:00:00+00:00,34.0,11349.0,326.9,323.0,323.5,325.6,1206.0
2022-04-28 00:00:00+00:00,33.0,11240.0,327.45,325.2,326.5,326.1,2601.0
2022-04-29 00:00:00+00:00,32.0,9327.0,327.2,323.05,326.3,323.95,1494.0
2022-05-02 00:00:00+00:00,59.0,9629.0,322.9,320.0,320.0,322.2,1593.0
2022-05-03 00:00:00+00:00,58.0,9965.0,324.5,323.0,323.8,323.85,1850.0
2022-05-04 00:00:00+00:00,57.0,10068.0,326.85,323.5,326.85,324.0,1604.0
2022-05-05 00:00:00+00:00,56.0,10208.0,323.55,322.35,323.15,324.0,1187.0
2022-05-06 00:00:00+00:00,55.0,10286.0,324.05,322.0,324.0,323.3,1530.0
2022-05-09 00:00:00+00:00,52.0,9677.0,323.65,319.0,323.65,320.7,1613.0
2022-05-10 00:00:00+00:00,51.0,9785.0,320.25,319.2,319.7,320.7,2800.0
2022-05-11 00:00:00+00:00,50.0,10246.0,320.35,319.05,319.75,321.0,1210.0
2022-05-12 00:00:00+00:00,49.0,10451.0,317.45,315.95,317.45,317.95,1246.0
2022-05-13 00:00:00+00:00,48.0,10780.0,318.0,315.9,317.6,318.15,2606.0
2022-05-16 00:00:00+00:00,45.0,11032.0,320.5,317.1,317.1,320.05,1479.0
2022-05-17 00:00:00+00:00,44.0,11702.0,323.5,319.6,322.0,320.1,1019.0
2022-05-18 00:00:00+00:00,43.0,12381.0,319.5,317.75,319.2,318.0,3025.0
2022-05-19 00:00:00+00:00,42.0,13140.0,318.0,313.9,317.9,314.6,2122.0
2022-05-20 00:00:00+00:00,41.0,13647.0,313.75,312.0,313.7,312.9,3246.0
2022-05-23 00:00:00+00:00,38.0,14721.0,314.9,308.35,313.75,309.8,2127.0
2022-05-24 00:00:00+00:00,37.0,14910.0,308.6,304.25,307.7,308.05,3480.0
2022-05-25 00:00:00+00:00,36.0,15068.0,309.05,306.5,308.65,307.0,3333.0
2022-05-26 00:00:00+00:00,35.0,15471.0,308.5,306.8,307.0,307.3,1849.0
2022-05-27 00:00:00+00:00,34.0,15451.0,308.25,305.25,307.5,305.85,1515.0
2022-05-30 00:00:00+00:00,31.0,15928.0,310.0,305.4,305.8,309.1,1009.0
2022-05-31 00:00:00+00:00,30.0,16257.0,313.25,309.95,309.95,312.6,2362.0
2022-06-01 00:00:00+00:00,58.0,11678.0,319.8,316.7,319.8,318.0,1551.0
2022-06-02 00:00:00+00:00,57.0,12161.0,322.1,316.15,317.0,320.95,1777.0
2022-06-03 00:00:00+00:00,56.0,12120.0,324.8,320.05,321.35,324.35,2172.0
2022-06-06 00:00:00+00:00,53.0,12338.0,327.0,324.0,324.8,326.25,2195.0
2022-06-07 00:00:00+00:00,52.0,12624.0,328.4,325.55,326.55,326.8,2495.0
2022-06-08 00:00:00+00:00,51.0,13170.0,330.0,327.05,327.5,328.25,2180.0
2022-06-09 00:00:00+00:00,50.0,13608.0,330.5,328.85,329.2,330.0,2984.0
2022-06-10 00:00:00+00:00,49.0,13817.0,332.0,329.8,330.0,331.9,2345.0
2022-06-13 00:00:00+00:00,46.0,13897.0,331.8,328.05,331.75,330.3,1434.0
2022-06-14 00:00:00+00:00,45.0,13752.0,333.4,330.0,330.3,333.1,1471.0
2022-06-15 00:00:00+00:00,44.0,13752.0,335.05,333.0,334.0,333.0,2262.0
2022-06-16 00:00:00+00:00,44.0,13752.0,,,,333.0,
2022-06-17 00:00:00+00:00,42.0,13949.0,334.6,333.45,334.4,334.2,2764.0
2022-06-20 00:00:00+00:00,39.0,13815.0,334.95,333.1,333.75,334.2,1080.0
2022-06-21 00:00:00+00:00,38.0,13760.0,335.3,333.2,335.3,334.45,1385.0
2022-06-22 00:00:00+00:00,37.0,13834.0,334.8,332.7,334.05,333.2,1596.0
2022-06-23 00:00:00+00:00,36.0,13847.0,335.95,333.15,333.35,334.3,2798.0
2022-06-24 00:00:00+00:00,35.0,13991.0,335.05,333.05,334.95,333.85,2484.0
2022-06-27 00:00:00+00:00,32.0,14487.0,334.6,332.7,334.05,333.15,838.0
2022-06-28 00:00:00+00:00,31.0,14588.0,333.7,332.2,333.5,332.35,1657.0
2022-06-29 00:00:00+00:00,30.0,14858.0,332.95,331.5,332.4,331.65,1583.0
2022-06-30 00:00:00+00:00,29.0,14975.0,333.8,327.5,331.5,331.4,2126.0
2022-07-01 00:00:00+00:00,61.0,12964.0,332.7,330.3,332.55,332.75,2969.0
2022-07-04 00:00:00+00:00,58.0,13489.0,332.35,330.5,330.5,331.6,1895.0
2022-07-05 00:00:00+00:00,57.0,13927.0,333.6,331.4,332.0,333.1,1420.0
2022-07-06 00:00:00+00:00,56.0,13547.0,332.9,329.5,331.75,329.9,2462.0
2022-07-07 00:00:00+00:00,55.0,13768.0,330.0,326.0,329.25,327.0,3733.0
2022-07-08 00:00:00+00:00,54.0,13608.0,329.0,326.15,329.0,326.4,6122.0
2022-07-11 00:00:00+00:00,51.0,13968.0,326.25,324.55,325.05,325.6,1960.0
2022-07-12 00:00:00+00:00,50.0,14307.0,326.7,325.0,325.6,325.15,1205.0
2022-07-13 00:00:00+00:00,49.0,14631.0,326.95,323.0,325.55,324.0,1857.0
2022-07-14 00:00:00+00:00,48.0,15222.0,324.1,320.4,323.15,321.15,2356.0
2022-07-15 00:00:00+00:00,47.0,15875.0,321.1,318.7,320.05,320.25,2611.0
2022-07-18 00:00:00+00:00,44.0,16134.0,324.9,321.15,321.55,324.1,2593.0
2022-07-19 00:00:00+00:00,43.0,16256.0,326.65,321.15,326.15,321.9,2109.0
2022-07-20 00:00:00+00:00,42.0,16895.0,322.65,319.65,321.35,320.4,3976.0
2022-07-21 00:00:00+00:00,41.0,16543.0,322.0,319.0,321.5,319.65,2131.0
2022-07-22 00:00:00+00:00,40.0,16930.0,320.3,316.7,319.65,317.0,2328.0
2022-07-25 00:00:00+00:00,37.0,17361.0,319.0,316.0,318.0,318.85,2478.0
2022-07-26 00:00:00+00:00,36.0,17670.0,322.0,319.5,319.5,320.85,1724.0
2022-07-27 00:00:00+00:00,35.0,19320.0,321.5,315.9,320.65,316.35,2352.0
2022-07-28 00:00:00+00:00,34.0,19451.0,317.5,315.2,316.1,315.5,4903.0
2022-07-29 00:00:00+00:00,33.0,14670.0,317.0,314.0,316.5,316.2,2259.0
2022-08-01 00:00:00+00:00,60.0,15442.0,323.6,317.95,318.35,323.0,1465.0
2022-08-02 00:00:00+00:00,59.0,15933.0,325.05,321.2,324.0,321.6,2719.0
2022-08-03 00:00:00+00:00,58.0,16449.0,322.75,320.0,321.7,322.25,2864.0
2022-08-04 00:00:00+00:00,57.0,16378.0,324.5,318.0,318.0,323.9,2065.0
2022-08-05 00:00:00+00:00,56.0,16475.0,322.85,321.8,322.0,322.5,3530.0
2022-08-08 00:00:00+00:00,53.0,16836.0,323.0,319.0,322.5,319.6,1812.0
2022-08-09 00:00:00+00:00,52.0,18475.0,317.6,314.0,317.5,315.1,3354.0
2022-08-10 00:00:00+00:00,51.0,19339.0,315.0,310.0,314.35,310.85,5441.0
2022-08-11 00:00:00+00:00,50.0,19575.0,310.4,305.35,310.4,307.35,6043.0
2022-08-12 00:00:00+00:00,49.0,19612.0,309.5,307.0,308.75,309.4,6886.0
2022-08-15 00:00:00+00:00,46.0,19892.0,314.0,309.5,311.95,311.2,3028.0
2022-08-16 00:00:00+00:00,45.0,19993.0,312.0,309.75,311.2,309.8,2783.0
2022-08-17 00:00:00+00:00,44.0,20018.0,310.55,305.85,309.95,306.15,2620.0
2022-08-18 00:00:00+00:00,43.0,20564.0,308.9,306.0,307.0,308.1,3983.0
2022-08-19 00:00:00+00:00,42.0,20608.0,309.25,306.1,308.0,306.5,2115.0
2022-08-22 00:00:00+00:00,39.0,20578.0,308.0,306.0,306.95,307.5,2490.0
2022-08-23 00:00:00+00:00,38.0,20654.0,310.3,307.55,307.55,308.6,1312.0
2022-08-24 00:00:00+00:00,37.0,20730.0,306.5,303.85,304.15,305.0,2072.0
2022-08-25 00:00:00+00:00,36.0,21016.0,305.35,303.35,304.95,303.9,3115.0
2022-08-26 00:00:00+00:00,35.0,21011.0,306.4,304.35,305.55,305.0,2530.0
2022-08-29 00:00:00+00:00,32.0,21134.0,307.1,304.55,307.1,304.85,2176.0
2022-08-30 00:00:00+00:00,31.0,21513.0,304.55,302.5,304.55,302.9,2429.0
2022-08-31 00:00:00+00:00,30.0,22404.0,306.45,303.25,304.65,306.0,2019.0
2022-09-01 00:00:00+00:00,60.0,20126.0,313.85,307.2,308.35,312.9,2665.0
2022-09-02 00:00:00+00:00,59.0,20182.0,313.65,309.7,313.0,310.35,5495.0
2022-09-05 00:00:00+00:00,56.0,20290.0,310.65,306.5,310.5,307.0,2670.0
2022-09-06 00:00:00+00:00,55.0,20290.0,310.0,305.9,307.0,309.5,1878.0
2022-09-07 00:00:00+00:00,55.0,20290.0,,,,309.5,
2022-09-08 00:00:00+00:00,53.0,20006.0,314.0,309.0,309.9,313.6,4917.0
2022-09-09 00:00:00+00:00,52.0,19956.0,316.0,313.55,314.05,315.45,4026.0
2022-09-12 00:00:00+00:00,49.0,20179.0,316.5,311.65,315.7,312.45,3556.0
2022-09-13 00:00:00+00:00,48.0,20009.0,312.3,307.5,312.05,307.95,2555.0
2022-09-14 00:00:00+00:00,47.0,20245.0,309.55,304.85,308.0,307.2,3703.0
2022-09-15 00:00:00+00:00,46.0,20641.0,308.3,304.0,307.2,307.9,3569.0
2022-09-16 00:00:00+00:00,45.0,20863.0,308.0,304.5,307.5,307.6,1809.0
2022-09-19 00:00:00+00:00,42.0,21058.0,308.9,305.5,307.7,306.25,2061.0
2022-09-20 00:00:00+00:00,41.0,21204.0,307.75,306.0,307.5,306.35,1529.0
2022-09-21 00:00:00+00:00,40.0,21147.0,307.0,305.6,306.3,306.6,1373.0
2022-09-22 00:00:00+00:00,39.0,21093.0,306.7,302.3,306.5,303.2,1551.0
2022-09-23 00:00:00+00:00,38.0,21503.0,305.2,301.15,303.35,303.6,4695.0
2022-09-26 00:00:00+00:00,35.0,21694.0,306.5,302.65,303.05,303.75,4621.0
2022-09-27 00:00:00+00:00,34.0,21953.0,305.0,301.25,304.6,301.55,1979.0
2022-09-28 00:00:00+00:00,33.0,21661.0,301.45,296.45,301.1,296.65,3395.0
2022-09-29 00:00:00+00:00,32.0,21755.0,299.0,295.05,297.2,298.7,5106.0
2022-09-30 00:00:00+00:00,31.0,19364.0,301.15,298.45,298.45,299.65,2273.0
2022-10-03 00:00:00+00:00,58.0,19479.0,305.0,302.6,302.75,303.05,2239.0
2022-10-04 00:00:00+00:00,57.0,19713.0,305.8,299.75,301.95,304.75,2169.0
2022-10-05 00:00:00+00:00,56.0,19419.0,304.1,301.05,303.1,301.7,4017.0
2022-10-06 00:00:00+00:00,55.0,19698.0,301.5,298.55,301.35,299.6,4463.0
2022-10-07 00:00:00+00:00,54.0,20443.0,300.4,296.5,300.4,298.1,4740.0
2022-10-10 00:00:00+00:00,51.0,19100.0,300.25,291.4,298.5,295.35,4767.0
2022-10-11 00:00:00+00:00,50.0,0.0,298.0,296.05,296.5,297.5,8188.0
2022-10-12 00:00:00+00:00,50.0,0.0,,,,297.5,
2022-10-13 00:00:00+00:00,48.0,19471.0,298.0,294.4,297.7,294.6,2791.0
2022-10-14 00:00:00+00:00,47.0,19562.0,295.45,293.5,295.35,294.15,2684.0
2022-10-17 00:00:00+00:00,44.0,19464.0,295.0,292.1,293.95,294.55,2171.0
2022-10-18 00:00:00+00:00,43.0,19489.0,294.45,290.5,294.45,291.1,2809.0
2022-10-19 00:00:00+00:00,42.0,19314.0,293.25,286.0,293.0,286.9,5218.0
2022-10-20 00:00:00+00:00,41.0,19214.0,287.0,279.2,287.0,282.8,6790.0
2022-10-21 00:00:00+00:00,40.0,20156.0,283.85,278.0,283.3,278.65,8456.0
2022-10-24 00:00:00+00:00,37.0,20570.0,280.35,275.6,278.55,276.05,4143.0
2022-10-25 00:00:00+00:00,36.0,20489.0,282.35,276.4,277.85,281.15,3121.0
2022-10-26 00:00:00+00:00,35.0,20872.0,281.0,276.45,280.95,277.5,4544.0
2022-10-27 00:00:00+00:00,34.0,20806.0,279.9,275.65,277.2,278.8,3361.0
2022-10-28 00:00:00+00:00,33.0,20454.0,282.15,279.0,279.0,281.9,2363.0
2022-10-31 00:00:00+00:00,30.0,20377.0,282.0,277.5,281.65,280.95,2970.0
2022-11-01 00:00:00+00:00,58.0,0.0,291.45,285.65,285.95,287.85,1296.0
2022-11-02 00:00:00+00:00,58.0,0.0,,,,287.85,
2022-11-03 00:00:00+00:00,56.0,12083.0,291.2,285.65,288.8,290.5,2871.0
2022-11-04 00:00:00+00:00,55.0,12507.0,295.5,290.1,290.1,295.05,2076.0
2022-11-07 00:00:00+00:00,52.0,12488.0,297.5,294.5,295.6,294.85,3089.0
2022-11-08 00:00:00+00:00,51.0,12592.0,294.7,290.4,294.55,291.0,2355.0
2022-11-09 00:00:00+00:00,50.0,13562.0,289.75,287.95,289.75,289.4,2480.0
2022-11-10 00:00:00+00:00,49.0,13570.0,291.4,288.05,291.2,288.8,3893.0
2022-11-11 00:00:00+00:00,48.0,14180.0,293.9,293.05,293.9,293.2,3991.0
2022-11-14 00:00:00+00:00,45.0,0.0,301.35,292.35,293.0,300.75,3220.0
2022-11-15 00:00:00+00:00,45.0,0.0,,,,300.75,
2022-11-16 00:00:00+00:00,43.0,13514.0,303.5,299.5,300.85,302.4,3378.0
2022-11-17 00:00:00+00:00,42.0,14381.0,303.05,298.7,302.8,299.75,4770.0
2022-11-18 00:00:00+00:00,41.0,14207.0,303.95,300.65,301.5,302.6,3908.0
2022-11-21 00:00:00+00:00,38.0,13714.0,303.9,301.5,303.55,302.8,3529.0
2022-11-22 00:00:00+00:00,37.0,13966.0,304.25,301.9,304.15,302.85,2251.0
2022-11-23 00:00:00+00:00,36.0,14271.0,304.85,301.25,302.85,304.25,1784.0
2022-11-24 00:00:00+00:00,35.0,14381.0,305.25,303.0,303.95,304.85,2910.0
2022-11-25 00:00:00+00:00,34.0,14425.0,305.7,303.4,305.4,303.6,2081.0
2022-11-28 00:00:00+00:00,31.0,14509.0,304.7,302.8,304.3,304.0,1560.0
2022-11-29 00:00:00+00:00,30.0,14220.0,304.95,302.1,304.0,302.95,804.0
2022-11-30 00:00:00+00:00,29.0,14619.0,303.5,301.3,302.85,302.2,1751.0
2022-12-01 00:00:00+00:00,61.0,10889.0,306.0,299.35,305.95,300.2,3067.0
2022-12-02 00:00:00+00:00,60.0,10973.0,300.5,297.6,300.5,298.5,4435.0
2022-12-05 00:00:00+00:00,57.0,11115.0,299.0,296.85,298.5,299.45,2294.0
2022-12-06 00:00:00+00:00,56.0,11333.0,301.6,298.7,299.2,299.9,1773.0
2022-12-07 00:00:00+00:00,55.0,11311.0,299.5,297.6,299.0,298.6,3138.0
2022-12-08 00:00:00+00:00,54.0,11598.0,298.55,295.55,298.4,296.35,2650.0
2022-12-09 00:00:00+00:00,53.0,11072.0,295.0,293.5,294.25,293.75,3680.0
2022-12-12 00:00:00+00:00,50.0,11416.0,296.5,294.0,294.0,295.1,2537.0
2022-12-13 00:00:00+00:00,49.0,11620.0,296.9,295.2,296.55,295.55,2413.0
2022-12-14 00:00:00+00:00,48.0,11665.0,296.35,292.8,296.35,293.7,2639.0
2022-12-15 00:00:00+00:00,47.0,11860.0,294.4,291.35,294.15,292.75,2859.0
2022-12-16 00:00:00+00:00,46.0,11863.0,295.5,293.05,293.4,295.25,2606.0
2022-12-19 00:00:00+00:00,43.0,11615.0,298.05,296.4,296.4,297.8,2891.0
2022-12-20 00:00:00+00:00,42.0,11634.0,299.1,292.1,298.35,294.45,2305.0
2022-12-21 00:00:00+00:00,41.0,11663.0,295.05,291.0,294.0,292.45,2915.0
2022-12-22 00:00:00+00:00,40.0,11791.0,292.35,290.25,291.65,290.55,2171.0
2022-12-23 00:00:00+00:00,39.0,11642.0,292.15,289.4,291.6,289.6,2113.0
2022-12-26 00:00:00+00:00,36.0,11597.0,290.0,289.0,289.4,289.65,1619.0
2022-12-27 00:00:00+00:00,35.0,11598.0,292.45,289.2,289.55,290.8,309.0
2022-12-28 00:00:00+00:00,34.0,11524.0,292.25,289.2,292.25,289.45,1401.0
2022-12-29 00:00:00+00:00,33.0,11524.0,290.4,286.65,289.05,289.65,1255.0
2022-12-30 00:00:00+00:00,33.0,11524.0,,,,289.65,
2023-01-02 00:00:00+00:00,57.0,8710.0,292.45,290.0,292.45,291.05,734.0
2023-01-03 00:00:00+00:00,56.0,8945.0,290.75,288.5,289.65,288.75,416.0
2023-01-04 00:00:00+00:00,55.0,9084.0,289.25,287.0,289.05,287.6,1275.0
2023-01-05 00:00:00+00:00,54.0,8934.0,287.1,285.45,287.0,285.6,1276.0
2023-01-06 00:00:00+00:00,53.0,9085.0,285.9,283.7,283.7,285.6,1711.0
2023-01-09 00:00:00+00:00,50.0,9273.0,287.75,285.45,287.2,286.05,864.0
2023-01-10 00:00:00+00:00,49.0,9465.0,286.15,282.3,286.05,282.65,1226.0
2023-01-11 00:00:00+00:00,48.0,9593.0,284.35,281.5,283.85,281.65,1575.0
2023-01-12 00:00:00+00:00,47.0,9634.0,282.0,279.3,282.0,280.0,1294.0
2023-01-13 00:00:00+00:00,46.0,9711.0,281.65,279.0,280.0,279.5,1738.0
2023-01-16 00:00:00+00:00,43.0,9795.0,280.0,276.05,279.95,277.95,1132.0
2023-01-17 00:00:00+00:00,42.0,10496.0,287.45,278.05,278.9,286.3,2087.0
2023-01-18 00:00:00+00:00,41.0,10615.0,291.4,283.3,286.75,290.1,5048.0
2023-01-19 00:00:00+00:00,40.0,10722.0,297.0,291.8,292.1,294.8,4871.0
2023-01-20 00:00:00+00:00,39.0,10959.0,296.8,293.35,294.55,295.6,4638.0
2023-01-23 00:00:00+00:00,36.0,10846.0,296.0,292.0,296.0,293.25,1982.0
2023-01-24 00:00:00+00:00,35.0,11284.0,294.0,288.7,293.35,291.8,1813.0
2023-01-25 00:00:00+00:00,34.0,11380.0,292.0,287.8,291.6,290.15,2561.0
2023-01-26 00:00:00+00:00,33.0,11626.0,294.0,290.2,291.4,293.45,2217.0
2023-01-27 00:00:00+00:00,32.0,11782.0,296.0,293.15,294.0,295.55,2996.0
2023-01-30 00:00:00+00:00,29.0,11658.0,299.0,294.2,295.0,297.85,2095.0
2023-01-31 00:00:00+00:00,28.0,12181.0,299.95,297.0,297.0,298.4,2238.0
2023-02-01 00:00:00+00:00,58.0,9201.0,298.55,295.85,297.6,296.95,2970.0
2023-02-02 00:00:00+00:00,57.0,9412.0,299.8,298.5,298.65,298.95,2275.0
2023-02-03 00:00:00+00:00,56.0,9635.0,300.25,299.1,300.05,299.85,2425.0
2023-02-06 00:00:00+00:00,53.0,9884.0,301.7,298.7,300.0,301.15,1746.0
2023-02-07 00:00:00+00:00,52.0,10089.0,303.75,301.2,301.5,301.95,2113.0
2023-02-08 00:00:00+00:00,51.0,10469.0,303.9,301.05,302.2,302.5,3026.0
2023-02-09 00:00:00+00:00,50.0,10821.0,304.25,302.95,303.0,303.35,2767.0
2023-02-10 00:00:00+00:00,49.0,11215.0,305.95,302.8,303.25,304.3,2160.0
2023-02-13 00:00:00+00:00,46.0,11309.0,305.85,303.95,304.8,305.35,2708.0
2023-02-14 00:00:00+00:00,45.0,11060.0,306.95,305.15,305.5,305.35,2287.0
2023-02-15 00:00:00+00:00,44.0,10946.0,306.0,304.4,305.6,305.8,2599.0
2023-02-16 00:00:00+00:00,43.0,10985.0,306.95,304.6,305.95,306.25,1941.0
2023-02-17 00:00:00+00:00,42.0,0.0,307.7,305.9,306.45,306.25,2731.0
2023-02-20 00:00:00+00:00,42.0,0.0,,,,306.25,0.0
2023-02-21 00:00:00+00:00,42.0,0.0,,,,306.25,
2023-02-22 00:00:00+00:00,37.0,10484.0,306.7,288.65,305.6,289.05,3597.0
2023-02-23 00:00:00+00:00,36.0,10648.0,292.45,277.05,287.0,291.65,4794.0
2023-02-24 00:00:00+00:00,35.0,9928.0,295.0,286.1,291.15,290.9,5284.0
2023-02-27 00:00:00+00:00,32.0,9762.0,294.1,289.0,289.25,290.6,4564.0
2023-02-28 00:00:00+00:00,31.0,10209.0,296.7,289.5,291.0,295.9,1951.0
2023-03-01 00:00:00+00:00,58.0,9102.0,300.0,296.75,296.75,299.75,2498.0
2023-03-02 00:00:00+00:00,57.0,9047.0,300.1,296.0,299.95,297.65,1846.0
2023-03-03 00:00:00+00:00,56.0,9100.0,301.05,298.8,301.0,299.75,1565.0
2023-03-06 00:00:00+00:00,53.0,9395.0,301.35,293.55,299.4,298.85,1571.0
2023-03-07 00:00:00+00:00,52.0,9541.0,300.65,297.5,299.05,297.85,3394.0
2023-03-08 00:00:00+00:00,51.0,10211.0,298.2,293.6,297.85,295.85,1658.0
2023-03-09 00:00:00+00:00,50.0,10513.0,297.95,295.2,296.05,295.45,2694.0
2023-03-10 00:00:00+00:00,49.0,0.0,297.6,295.55,295.55,296.55,1681.0
2023-03-13 00:00:00+00:00,46.0,11013.0,298.6,294.85,296.95,295.1,1684.0
2023-03-14 00:00:00+00:00,45.0,10895.0,295.15,291.6,294.55,292.1,1429.0
2023-03-15 00:00:00+00:00,44.0,11219.0,293.2,290.5,292.7,291.5,1735.0
2023-03-16 00:00:00+00:00,43.0,11446.0,296.35,292.55,292.55,293.8,1609.0
2023-03-17 00:00:00+00:00,42.0,11697.0,295.35,293.5,294.75,294.45,1732.0
2023-03-20 00:00:00+00:00,39.0,11690.0,295.45,293.5,294.3,293.95,1492.0
2023-03-21 00:00:00+00:00,38.0,11947.0,297.25,292.9,294.05,295.9,1814.0
2023-03-22 00:00:00+00:00,37.0,12789.0,301.0,296.4,296.65,300.15,2115.0
2023-03-23 00:00:00+00:00,36.0,12296.0,304.3,299.35,304.3,299.65,4191.0
2023-03-24 00:00:00+00:00,35.0,12526.0,300.0,297.0,299.95,297.8,5976.0
2023-03-27 00:00:00+00:00,32.0,12726.0,298.9,296.4,298.9,297.3,2417.0
2023-03-28 00:00:00+00:00,31.0,12835.0,297.0,293.75,296.5,294.5,1054.0
2023-03-29 00:00:00+00:00,30.0,12766.0,294.0,290.3,294.0,290.7,2104.0
2023-03-30 00:00:00+00:00,29.0,13047.0,292.65,290.7,290.75,291.2,3768.0
2023-03-31 00:00:00+00:00,28.0,10255.0,292.0,290.0,290.85,291.55,1593.0
2023-04-03 00:00:00+00:00,58.0,10494.0,288.8,284.65,286.0,285.3,2016.0
2023-04-04 00:00:00+00:00,57.0,11520.0,286.35,282.6,285.3,283.05,1331.0
2023-04-05 00:00:00+00:00,56.0,11489.0,284.75,281.2,282.4,282.1,2783.0
2023-04-06 00:00:00+00:00,55.0,0.0,282.45,276.65,282.1,279.05,2425.0
2023-04-07 00:00:00+00:00,55.0,0.0,,,,279.05,
2023-04-10 00:00:00+00:00,51.0,12081.0,282.45,279.5,279.95,279.65,3193.0
2023-04-11 00:00:00+00:00,50.0,12462.0,280.1,277.5,278.85,278.8,1975.0
2023-04-12 00:00:00+00:00,49.0,12686.0,279.9,274.1,279.9,275.45,2152.0
2023-04-13 00:00:00+00:00,48.0,12845.0,276.35,272.8,274.65,274.55,2299.0
2023-04-14 00:00:00+00:00,47.0,12906.0,278.3,272.55,273.05,276.85,2454.0
2023-04-17 00:00:00+00:00,44.0,13358.0,278.75,272.0,276.55,273.05,2343.0
2023-04-18 00:00:00+00:00,43.0,13271.0,275.5,271.55,273.7,274.6,2296.0
2023-04-19 00:00:00+00:00,42.0,13562.0,276.35,271.85,276.0,273.25,2559.0
2023-04-20 00:00:00+00:00,41.0,0.0,272.45,268.15,272.35,268.95,2159.0
2023-04-21 00:00:00+00:00,41.0,0.0,,,,268.95,
2023-04-24 00:00:00+00:00,37.0,14804.0,268.95,263.2,268.1,265.6,3366.0
2023-04-25 00:00:00+00:00,36.0,15203.0,269.0,264.7,267.75,266.3,2890.0
2023-04-26 00:00:00+00:00,35.0,15517.0,269.0,265.0,268.3,266.4,2863.0
2023-04-27 00:00:00+00:00,34.0,16330.0,266.3,261.55,266.15,261.85,2337.0
2023-04-28 00:00:00+00:00,33.0,0.0,264.2,260.0,262.0,263.95,3566.0
2023-05-01 00:00:00+00:00,33.0,0.0,,,,263.95,
2023-05-02 00:00:00+00:00,59.0,14724.0,266.1,262.55,266.1,263.3,2249.0
2023-05-03 00:00:00+00:00,58.0,14736.0,270.0,263.7,264.5,265.65,1707.0
2023-05-04 00:00:00+00:00,57.0,14934.0,265.9,262.4,265.85,265.1,4724.0
2023-05-05 00:00:00+00:00,56.0,15217.0,267.0,263.55,263.8,266.8,2003.0
2023-05-08 00:00:00+00:00,53.0,15437.0,269.0,266.0,268.85,266.35,2470.0
2023-05-09 00:00:00+00:00,52.0,15843.0,268.25,265.55,268.25,265.85,2469.0
2023-05-10 00:00:00+00:00,51.0,16112.0,267.0,264.6,266.35,264.95,2737.0
2023-05-11 00:00:00+00:00,50.0,16351.0,265.9,263.85,265.1,265.2,3180.0
2023-05-12 00:00:00+00:00,49.0,16921.0,264.0,261.95,264.0,262.05,2106.0
2023-05-15 00:00:00+00:00,46.0,17183.0,263.0,257.95,263.0,258.35,2680.0
2023-05-16 00:00:00+00:00,45.0,17496.0,258.85,252.0,258.25,252.35,2925.0
2023-05-17 00:00:00+00:00,44.0,18913.0,252.1,244.7,251.1,248.5,5713.0
2023-05-18 00:00:00+00:00,43.0,20160.0,249.2,242.0,246.4,242.75,9141.0
2023-05-19 00:00:00+00:00,42.0,21148.0,243.0,239.75,242.95,241.6,7153.0
2023-05-22 00:00:00+00:00,39.0,20989.0,247.15,241.95,244.0,245.8,3723.0
2023-05-23 00:00:00+00:00,38.0,19857.0,257.4,242.95,242.95,255.1,3520.0
2023-05-24 00:00:00+00:00,37.0,19233.0,260.0,249.85,254.5,251.5,8310.0
2023-05-25 00:00:00+00:00,36.0,19129.0,246.05,242.3,246.0,243.4,4421.0
2023-05-26 00:00:00+00:00,35.0,19256.0,245.0,242.05,242.25,243.35,6444.0
2023-05-29 00:00:00+00:00,32.0,19331.0,247.5,243.0,243.3,243.6,3929.0
2023-05-30 00:00:00+00:00,31.0,19598.0,242.9,238.35,242.0,238.75,2110.0
2023-05-31 00:00:00+00:00,30.0,20017.0,238.8,235.0,238.6,236.75,2543.0
2023-06-01 00:00:00+00:00,60.0,13366.0,247.25,244.2,244.9,246.45,2103.0
2023-06-02 00:00:00+00:00,59.0,13428.0,248.3,244.65,245.8,245.15,2030.0
2023-06-05 00:00:00+00:00,56.0,13774.0,250.0,244.55,247.4,249.2,1585.0
2023-06-06 00:00:00+00:00,55.0,14074.0,255.35,251.5,251.5,253.6,2254.0
