0,1,2,3,4,5,6,7
Name,ICE-COAL RICHARD BAY CONTINUOUS - LIFE DAYS,ICE-COAL RICHARD BAY CONTINUOUS - OPEN INTEREST,ICE-COAL RICHARD BAY CONTINUOUS - PRICE HIGH,ICE-COAL RICHARD BAY CONTINUOUS - PRICE LOW,ICE-COAL RICHARD BAY CONTINUOUS - OPENING PRICE,ICE-COAL RICHARD BAY CONTINUOUS - SETT. PRICE,ICE-COAL RICHARD BAY CONTINUOUS - VOLUME TRADED
MNEM,LMDCS00,LMDCS00,LMDCS00,LMDCS00,LMDCS00,LMDCS00,LMDCS00
DATATYPE,L,OI,PH,PL,PO,PS,VM
NAME,ICE-COAL RICHARD BAY CONTINUOUS,ICE-COAL RICHARD BAY CONTINUOUS,ICE-COAL RICHARD BAY CONTINUOUS,ICE-COAL RICHARD BAY CONTINUOUS,ICE-COAL RICHARD BAY CONTINUOUS,ICE-COAL RICHARD BAY CONTINUOUS,ICE-COAL RICHARD BAY CONTINUOUS
ISOCUR,USD,USD,USD,USD,USD,USD,USD
2006-07-17 00:00:00+00:00,39.0,0.0,50.15,50.15,50.15,50.15,0.0
2006-07-18 00:00:00+00:00,38.0,0.0,50.35,50.35,50.35,50.35,0.0
2006-07-19 00:00:00+00:00,37.0,0.0,52.0,52.0,52.0,52.0,0.0
2006-07-20 00:00:00+00:00,36.0,0.0,51.95,51.95,51.95,51.95,0.0
2006-07-21 00:00:00+00:00,35.0,0.0,51.75,51.75,51.75,51.75,0.0
2006-07-24 00:00:00+00:00,32.0,0.0,50.85,50.85,50.85,50.85,0.0
2006-07-25 00:00:00+00:00,31.0,0.0,51.8,51.8,51.8,51.8,0.0
2006-07-26 00:00:00+00:00,30.0,0.0,52.4,52.4,52.4,52.4,0.0
2006-07-27 00:00:00+00:00,29.0,0.0,52.75,52.75,52.75,52.75,0.0
2006-07-28 00:00:00+00:00,28.0,0.0,54.3,54.3,54.3,54.3,0.0
2006-07-31 00:00:00+00:00,25.0,0.0,56.0,56.0,56.0,56.0,0.0
2006-08-01 00:00:00+00:00,59.0,0.0,55.6,55.6,55.6,55.6,0.0
2006-08-02 00:00:00+00:00,58.0,60.0,54.7,54.7,54.7,54.7,60.0
2006-08-03 00:00:00+00:00,57.0,60.0,53.0,53.0,53.0,53.0,0.0
2006-08-04 00:00:00+00:00,56.0,60.0,52.8,52.8,52.8,52.8,0.0
2006-08-07 00:00:00+00:00,53.0,60.0,55.55,55.55,55.55,55.55,0.0
2006-08-08 00:00:00+00:00,52.0,60.0,55.1,55.1,55.1,55.1,0.0
2006-08-09 00:00:00+00:00,51.0,60.0,54.25,54.25,54.25,54.25,0.0
2006-08-10 00:00:00+00:00,50.0,60.0,54.0,54.0,54.0,54.0,0.0
2006-08-11 00:00:00+00:00,49.0,60.0,55.5,55.5,55.5,55.5,0.0
2006-08-14 00:00:00+00:00,46.0,60.0,55.45,55.45,55.45,55.45,0.0
2006-08-15 00:00:00+00:00,45.0,60.0,53.9,53.9,53.9,53.9,0.0
2006-08-16 00:00:00+00:00,44.0,60.0,53.75,53.75,53.75,53.75,0.0
2006-08-17 00:00:00+00:00,43.0,60.0,52.9,52.9,52.9,52.9,0.0
2006-08-18 00:00:00+00:00,42.0,60.0,53.0,53.0,53.0,53.0,0.0
2006-08-21 00:00:00+00:00,39.0,60.0,53.25,53.25,53.25,53.25,0.0
2006-08-22 00:00:00+00:00,38.0,60.0,53.25,53.25,53.25,53.25,0.0
2006-08-23 00:00:00+00:00,37.0,60.0,53.25,53.25,53.25,53.25,0.0
2006-08-24 00:00:00+00:00,36.0,60.0,53.25,53.25,53.25,53.25,0.0
2006-08-25 00:00:00+00:00,35.0,0.0,53.25,53.25,53.25,53.25,0.0
2006-08-28 00:00:00+00:00,32.0,0.0,53.25,53.25,53.25,53.25,0.0
2006-08-29 00:00:00+00:00,31.0,0.0,52.25,52.25,52.25,52.25,0.0
2006-08-30 00:00:00+00:00,30.0,0.0,51.35,51.35,51.35,51.35,0.0
2006-08-31 00:00:00+00:00,29.0,0.0,51.4,51.4,51.4,51.4,0.0
2006-09-01 00:00:00+00:00,56.0,0.0,50.45,50.45,50.45,50.45,0.0
2006-09-04 00:00:00+00:00,53.0,0.0,50.05,50.05,50.05,50.05,0.0
2006-09-05 00:00:00+00:00,52.0,0.0,48.95,48.95,48.95,48.95,0.0
2006-09-06 00:00:00+00:00,51.0,0.0,49.2,49.2,49.2,49.2,0.0
2006-09-07 00:00:00+00:00,50.0,0.0,47.95,47.95,47.95,47.95,0.0
2006-09-08 00:00:00+00:00,49.0,0.0,46.4,46.4,46.4,46.4,0.0
2006-09-11 00:00:00+00:00,46.0,0.0,45.5,45.5,45.5,45.5,0.0
2006-09-12 00:00:00+00:00,45.0,0.0,46.0,46.0,46.0,46.0,0.0
2006-09-13 00:00:00+00:00,44.0,0.0,45.25,45.25,45.25,45.25,0.0
2006-09-14 00:00:00+00:00,43.0,0.0,46.5,46.5,46.5,46.5,0.0
2006-09-15 00:00:00+00:00,42.0,0.0,47.25,47.25,47.25,47.25,0.0
2006-09-18 00:00:00+00:00,39.0,0.0,47.25,47.25,47.25,47.25,0.0
2006-09-19 00:00:00+00:00,38.0,0.0,47.1,47.1,47.1,47.1,0.0
2006-09-20 00:00:00+00:00,37.0,0.0,47.25,47.25,47.25,47.25,0.0
2006-09-21 00:00:00+00:00,36.0,0.0,48.5,48.5,48.5,48.5,0.0
2006-09-22 00:00:00+00:00,35.0,0.0,48.0,48.0,48.0,48.0,0.0
2006-09-25 00:00:00+00:00,32.0,0.0,47.0,47.0,47.0,47.0,0.0
2006-09-26 00:00:00+00:00,31.0,0.0,47.9,47.9,47.9,47.9,0.0
2006-09-27 00:00:00+00:00,30.0,0.0,48.75,48.75,48.75,48.75,0.0
2006-09-28 00:00:00+00:00,29.0,0.0,50.25,50.25,50.25,50.25,0.0
2006-09-29 00:00:00+00:00,28.0,0.0,51.25,51.25,51.25,51.25,0.0
2006-10-02 00:00:00+00:00,53.0,0.0,50.0,50.0,50.0,50.0,0.0
2006-10-03 00:00:00+00:00,52.0,0.0,48.75,48.75,48.75,48.75,0.0
2006-10-04 00:00:00+00:00,51.0,0.0,48.55,48.55,48.55,48.55,0.0
2006-10-05 00:00:00+00:00,50.0,0.0,48.55,48.55,48.55,48.55,0.0
2006-10-06 00:00:00+00:00,49.0,0.0,48.65,48.65,48.65,48.65,0.0
2006-10-09 00:00:00+00:00,46.0,0.0,49.05,49.05,49.05,49.05,0.0
2006-10-10 00:00:00+00:00,45.0,0.0,49.15,49.15,49.15,49.15,0.0
2006-10-11 00:00:00+00:00,44.0,0.0,48.95,48.95,48.95,48.95,0.0
2006-10-12 00:00:00+00:00,43.0,0.0,49.45,49.45,49.45,49.45,0.0
2006-10-13 00:00:00+00:00,42.0,0.0,50.25,50.25,50.25,50.25,0.0
2006-10-16 00:00:00+00:00,39.0,0.0,50.05,50.05,50.05,50.05,0.0
2006-10-17 00:00:00+00:00,38.0,0.0,49.5,49.5,49.5,49.5,0.0
2006-10-18 00:00:00+00:00,37.0,0.0,49.95,49.95,49.95,49.95,0.0
2006-10-19 00:00:00+00:00,36.0,0.0,49.5,49.5,49.5,49.5,0.0
2006-10-20 00:00:00+00:00,35.0,0.0,49.25,49.25,49.25,49.25,0.0
2006-10-23 00:00:00+00:00,32.0,0.0,50.05,50.05,50.05,50.05,0.0
2006-10-24 00:00:00+00:00,31.0,0.0,50.55,50.55,50.55,50.55,0.0
2006-10-25 00:00:00+00:00,30.0,0.0,49.5,49.5,49.5,49.5,0.0
2006-10-26 00:00:00+00:00,29.0,0.0,49.75,49.75,49.75,49.75,0.0
2006-10-27 00:00:00+00:00,28.0,0.0,51.4,51.4,51.4,51.4,0.0
2006-10-30 00:00:00+00:00,25.0,0.0,51.4,51.4,51.4,51.4,0.0
2006-10-31 00:00:00+00:00,24.0,0.0,49.5,49.5,49.5,49.5,0.0
2006-11-01 00:00:00+00:00,58.0,0.0,49.75,49.75,49.75,49.75,0.0
2006-11-02 00:00:00+00:00,57.0,0.0,49.75,49.75,49.75,49.75,0.0
2006-11-03 00:00:00+00:00,56.0,0.0,49.75,49.75,49.75,49.75,0.0
2006-11-06 00:00:00+00:00,53.0,0.0,49.75,49.75,49.75,49.75,0.0
2006-11-07 00:00:00+00:00,52.0,0.0,48.5,48.5,48.5,48.5,0.0
2006-11-08 00:00:00+00:00,51.0,0.0,49.0,49.0,49.0,49.0,0.0
2006-11-09 00:00:00+00:00,50.0,0.0,48.45,48.45,48.45,48.45,0.0
2006-11-10 00:00:00+00:00,49.0,0.0,47.7,47.7,47.7,47.7,0.0
2006-11-13 00:00:00+00:00,46.0,0.0,47.3,47.3,47.3,47.3,0.0
2006-11-14 00:00:00+00:00,45.0,0.0,47.35,47.35,47.35,47.35,0.0
2006-11-15 00:00:00+00:00,44.0,0.0,48.4,48.4,48.4,48.4,0.0
2006-11-16 00:00:00+00:00,43.0,0.0,47.95,47.95,47.95,47.95,0.0
2006-11-17 00:00:00+00:00,42.0,0.0,47.6,47.6,47.6,47.6,0.0
2006-11-20 00:00:00+00:00,39.0,0.0,47.15,47.15,47.15,47.15,0.0
2006-11-21 00:00:00+00:00,38.0,0.0,47.45,47.45,47.45,47.45,0.0
2006-11-22 00:00:00+00:00,37.0,0.0,47.2,47.2,47.2,47.2,0.0
2006-11-23 00:00:00+00:00,36.0,0.0,47.2,47.2,47.2,47.2,0.0
2006-11-24 00:00:00+00:00,35.0,0.0,47.2,47.2,47.2,47.2,0.0
2006-11-27 00:00:00+00:00,32.0,0.0,48.0,48.0,48.0,48.0,0.0
2006-11-28 00:00:00+00:00,31.0,0.0,48.0,48.0,48.0,48.0,0.0
2006-11-29 00:00:00+00:00,30.0,0.0,48.9,48.9,48.9,48.9,0.0
2006-11-30 00:00:00+00:00,29.0,0.0,49.95,49.95,49.95,49.95,0.0
2006-12-01 00:00:00+00:00,56.0,0.0,51.25,51.25,51.25,51.25,0.0
2006-12-04 00:00:00+00:00,53.0,0.0,51.25,51.25,51.25,51.25,0.0
2006-12-05 00:00:00+00:00,52.0,0.0,50.35,50.35,50.35,50.35,0.0
2006-12-06 00:00:00+00:00,51.0,0.0,50.5,50.5,50.5,50.5,0.0
2006-12-07 00:00:00+00:00,50.0,0.0,50.25,50.25,50.25,50.25,0.0
2006-12-08 00:00:00+00:00,49.0,0.0,50.4,50.4,50.4,50.4,0.0
2006-12-11 00:00:00+00:00,46.0,0.0,50.5,50.5,50.5,50.5,0.0
2006-12-12 00:00:00+00:00,45.0,0.0,50.6,50.6,50.6,50.6,0.0
2006-12-13 00:00:00+00:00,44.0,0.0,51.2,51.2,51.2,51.2,0.0
2006-12-14 00:00:00+00:00,43.0,0.0,51.55,51.55,51.55,51.55,0.0
2006-12-15 00:00:00+00:00,42.0,0.0,51.55,51.55,51.55,51.55,0.0
2006-12-18 00:00:00+00:00,39.0,0.0,51.65,51.65,51.65,51.65,0.0
2006-12-19 00:00:00+00:00,38.0,0.0,51.6,51.6,51.6,51.6,0.0
2006-12-20 00:00:00+00:00,37.0,0.0,51.6,51.6,51.6,51.6,0.0
2006-12-21 00:00:00+00:00,36.0,0.0,51.55,51.55,51.55,51.55,0.0
2006-12-22 00:00:00+00:00,35.0,0.0,51.5,51.5,51.5,51.5,0.0
2006-12-25 00:00:00+00:00,35.0,0.0,,,,51.5,
2006-12-26 00:00:00+00:00,31.0,0.0,51.5,51.5,51.5,51.5,0.0
2006-12-27 00:00:00+00:00,30.0,0.0,51.45,51.45,51.45,51.45,0.0
2006-12-28 00:00:00+00:00,29.0,0.0,51.0,51.0,51.0,51.0,0.0
2006-12-29 00:00:00+00:00,28.0,0.0,50.75,50.75,50.75,50.75,0.0
2007-01-01 00:00:00+00:00,28.0,0.0,,,,50.75,
2007-01-02 00:00:00+00:00,52.0,0.0,50.25,50.25,50.25,50.25,0.0
2007-01-03 00:00:00+00:00,51.0,0.0,49.5,49.5,49.5,49.5,0.0
2007-01-04 00:00:00+00:00,50.0,0.0,48.5,48.5,48.5,48.5,0.0
2007-01-05 00:00:00+00:00,49.0,0.0,48.75,48.75,48.75,48.75,0.0
2007-01-08 00:00:00+00:00,46.0,0.0,49.0,49.0,49.0,49.0,0.0
2007-01-09 00:00:00+00:00,45.0,0.0,49.25,49.25,49.25,49.25,0.0
2007-01-10 00:00:00+00:00,44.0,0.0,49.0,49.0,49.0,49.0,0.0
2007-01-11 00:00:00+00:00,43.0,0.0,49.2,49.2,49.2,49.2,0.0
2007-01-12 00:00:00+00:00,42.0,0.0,49.7,49.7,49.7,49.7,0.0
2007-01-15 00:00:00+00:00,39.0,0.0,49.5,49.5,49.5,49.5,0.0
2007-01-16 00:00:00+00:00,38.0,0.0,50.85,50.85,50.85,50.85,0.0
2007-01-17 00:00:00+00:00,37.0,0.0,50.85,50.85,50.85,50.85,0.0
2007-01-18 00:00:00+00:00,36.0,0.0,51.25,51.25,51.25,51.25,0.0
2007-01-19 00:00:00+00:00,35.0,0.0,51.5,51.5,51.5,51.5,0.0
2007-01-22 00:00:00+00:00,32.0,0.0,50.6,50.6,50.6,50.6,0.0
2007-01-23 00:00:00+00:00,31.0,0.0,50.9,50.9,50.9,50.9,0.0
2007-01-24 00:00:00+00:00,30.0,0.0,51.1,51.1,51.1,51.1,0.0
2007-01-25 00:00:00+00:00,29.0,0.0,51.1,51.1,51.1,51.1,0.0
2007-01-26 00:00:00+00:00,28.0,0.0,50.75,50.75,50.75,50.75,0.0
2007-01-29 00:00:00+00:00,25.0,5.0,50.65,50.65,50.65,50.65,0.0
2007-01-30 00:00:00+00:00,24.0,5.0,50.35,50.35,50.35,50.35,0.0
2007-01-31 00:00:00+00:00,23.0,5.0,49.9,49.9,49.9,49.9,0.0
2007-02-01 00:00:00+00:00,57.0,5.0,50.35,50.35,50.35,50.35,0.0
2007-02-02 00:00:00+00:00,56.0,5.0,50.25,50.25,50.25,50.25,0.0
2007-02-05 00:00:00+00:00,53.0,5.0,50.0,50.0,50.0,50.0,0.0
2007-02-06 00:00:00+00:00,52.0,5.0,50.5,50.5,50.5,50.5,0.0
2007-02-07 00:00:00+00:00,51.0,5.0,50.9,50.9,50.9,50.9,0.0
2007-02-08 00:00:00+00:00,50.0,5.0,51.3,51.3,51.3,51.3,0.0
2007-02-09 00:00:00+00:00,49.0,5.0,51.2,51.2,51.2,51.2,0.0
2007-02-12 00:00:00+00:00,46.0,5.0,51.35,51.35,51.35,51.35,0.0
2007-02-13 00:00:00+00:00,45.0,5.0,51.25,51.25,51.25,51.25,0.0
2007-02-14 00:00:00+00:00,44.0,5.0,51.25,51.25,51.25,51.25,0.0
2007-02-15 00:00:00+00:00,43.0,5.0,51.25,51.25,51.25,51.25,0.0
2007-02-16 00:00:00+00:00,42.0,5.0,51.75,51.75,51.75,51.75,0.0
2007-02-19 00:00:00+00:00,39.0,5.0,51.9,51.9,51.9,51.9,0.0
2007-02-20 00:00:00+00:00,38.0,5.0,51.7,51.7,51.7,51.7,0.0
2007-02-21 00:00:00+00:00,37.0,5.0,51.6,51.6,51.6,51.6,0.0
2007-02-22 00:00:00+00:00,36.0,5.0,51.6,51.6,51.6,51.6,0.0
2007-02-23 00:00:00+00:00,35.0,5.0,51.8,51.8,51.8,51.8,0.0
2007-02-26 00:00:00+00:00,32.0,5.0,52.6,52.6,52.6,52.6,0.0
2007-02-27 00:00:00+00:00,31.0,5.0,51.9,51.9,51.9,51.9,0.0
2007-02-28 00:00:00+00:00,30.0,10.0,52.25,52.25,52.25,52.25,0.0
2007-03-01 00:00:00+00:00,57.0,10.0,51.9,51.9,51.9,51.9,0.0
2007-03-02 00:00:00+00:00,56.0,10.0,52.4,52.4,52.4,52.4,0.0
2007-03-05 00:00:00+00:00,53.0,10.0,51.95,51.95,51.95,51.95,0.0
2007-03-06 00:00:00+00:00,52.0,10.0,52.15,52.15,52.15,52.15,0.0
2007-03-07 00:00:00+00:00,51.0,10.0,52.3,52.3,52.3,52.3,0.0
2007-03-08 00:00:00+00:00,50.0,10.0,52.9,52.9,52.9,52.9,0.0
2007-03-09 00:00:00+00:00,49.0,10.0,53.8,53.8,53.8,53.8,0.0
2007-03-12 00:00:00+00:00,46.0,10.0,52.5,52.5,52.5,52.5,0.0
2007-03-13 00:00:00+00:00,45.0,10.0,53.5,53.5,53.5,53.5,0.0
2007-03-14 00:00:00+00:00,44.0,10.0,53.0,53.0,53.0,53.0,0.0
2007-03-15 00:00:00+00:00,43.0,10.0,53.4,53.4,53.4,53.4,0.0
2007-03-16 00:00:00+00:00,42.0,10.0,54.0,54.0,54.0,54.0,0.0
2007-03-19 00:00:00+00:00,39.0,10.0,54.0,54.0,54.0,54.0,0.0
2007-03-20 00:00:00+00:00,38.0,10.0,54.0,54.0,54.0,54.0,0.0
2007-03-21 00:00:00+00:00,37.0,10.0,54.1,54.1,54.1,54.1,0.0
2007-03-22 00:00:00+00:00,36.0,10.0,54.0,54.0,54.0,54.0,0.0
2007-03-23 00:00:00+00:00,35.0,10.0,54.65,54.65,54.65,54.65,0.0
2007-03-26 00:00:00+00:00,32.0,10.0,54.95,54.95,54.95,54.95,0.0
2007-03-27 00:00:00+00:00,31.0,10.0,54.1,54.1,54.1,54.1,0.0
2007-03-28 00:00:00+00:00,30.0,10.0,54.2,54.2,54.2,54.2,0.0
2007-03-29 00:00:00+00:00,29.0,10.0,54.7,54.7,54.7,54.7,0.0
2007-03-30 00:00:00+00:00,28.0,5.0,53.15,53.15,53.15,53.15,0.0
2007-04-02 00:00:00+00:00,53.0,10.0,53.45,53.45,53.45,53.45,0.0
2007-04-03 00:00:00+00:00,52.0,10.0,52.6,52.6,52.6,52.6,0.0
2007-04-04 00:00:00+00:00,51.0,10.0,52.3,52.3,52.3,52.3,0.0
2007-04-05 00:00:00+00:00,50.0,15.0,52.1,52.1,52.1,52.1,0.0
2007-04-06 00:00:00+00:00,50.0,15.0,,,,52.1,
2007-04-09 00:00:00+00:00,46.0,15.0,52.05,52.05,52.05,52.05,0.0
2007-04-10 00:00:00+00:00,45.0,15.0,52.2,52.2,52.2,52.2,0.0
2007-04-11 00:00:00+00:00,44.0,15.0,50.7,50.7,50.7,50.7,0.0
2007-04-12 00:00:00+00:00,43.0,15.0,50.0,50.0,50.0,50.0,0.0
2007-04-13 00:00:00+00:00,42.0,15.0,50.5,50.5,50.5,50.5,0.0
2007-04-16 00:00:00+00:00,39.0,15.0,49.4,49.4,49.4,49.4,0.0
2007-04-17 00:00:00+00:00,38.0,15.0,49.65,49.65,49.65,49.65,0.0
2007-04-18 00:00:00+00:00,37.0,15.0,49.8,49.8,49.8,49.8,0.0
2007-04-19 00:00:00+00:00,36.0,15.0,49.9,49.9,49.9,49.9,0.0
2007-04-20 00:00:00+00:00,35.0,15.0,50.6,50.6,50.6,50.6,0.0
2007-04-23 00:00:00+00:00,32.0,15.0,51.0,51.0,51.0,51.0,0.0
2007-04-24 00:00:00+00:00,31.0,15.0,51.0,51.0,51.0,51.0,0.0
2007-04-25 00:00:00+00:00,30.0,15.0,50.8,50.8,50.8,50.8,0.0
2007-04-26 00:00:00+00:00,29.0,15.0,50.3,50.3,50.3,50.3,0.0
2007-04-27 00:00:00+00:00,28.0,15.0,50.2,50.2,50.2,50.2,0.0
2007-04-30 00:00:00+00:00,25.0,15.0,50.8,50.8,50.8,50.8,0.0
2007-05-01 00:00:00+00:00,59.0,15.0,51.05,51.05,51.05,51.05,0.0
2007-05-02 00:00:00+00:00,58.0,15.0,50.0,50.0,50.0,50.0,0.0
2007-05-03 00:00:00+00:00,57.0,15.0,49.85,49.85,49.85,49.85,0.0
2007-05-04 00:00:00+00:00,56.0,15.0,50.9,50.9,50.9,50.9,0.0
2007-05-07 00:00:00+00:00,53.0,15.0,50.9,50.9,50.9,50.9,0.0
2007-05-08 00:00:00+00:00,52.0,15.0,50.0,50.0,50.0,50.0,0.0
2007-05-09 00:00:00+00:00,51.0,15.0,49.7,49.7,49.7,49.7,0.0
2007-05-10 00:00:00+00:00,50.0,15.0,50.0,50.0,50.0,50.0,0.0
2007-05-11 00:00:00+00:00,49.0,15.0,49.15,49.15,49.15,49.15,0.0
2007-05-14 00:00:00+00:00,46.0,15.0,48.95,48.95,48.95,48.95,0.0
2007-05-15 00:00:00+00:00,45.0,15.0,48.95,48.95,48.95,48.95,0.0
2007-05-16 00:00:00+00:00,44.0,15.0,49.15,49.15,49.15,49.15,0.0
2007-05-17 00:00:00+00:00,43.0,15.0,49.25,49.25,49.25,49.25,0.0
2007-05-18 00:00:00+00:00,42.0,15.0,49.3,49.3,49.3,49.3,0.0
2007-05-21 00:00:00+00:00,39.0,15.0,49.8,49.8,49.8,49.8,0.0
2007-05-22 00:00:00+00:00,38.0,15.0,50.8,50.8,50.8,50.8,0.0
2007-05-23 00:00:00+00:00,37.0,15.0,51.8,51.8,51.8,51.8,0.0
2007-05-24 00:00:00+00:00,36.0,15.0,51.85,51.85,51.85,51.85,0.0
2007-05-25 00:00:00+00:00,35.0,15.0,52.0,52.0,52.0,52.0,0.0
2007-05-28 00:00:00+00:00,32.0,20.0,52.0,52.0,52.0,52.0,0.0
2007-05-29 00:00:00+00:00,31.0,25.0,52.4,52.4,52.4,52.4,0.0
2007-05-30 00:00:00+00:00,30.0,25.0,52.85,52.85,52.85,52.85,0.0
2007-05-31 00:00:00+00:00,29.0,25.0,53.45,53.45,53.45,53.45,0.0
2007-06-01 00:00:00+00:00,56.0,25.0,54.2,54.2,54.2,54.2,0.0
2007-06-04 00:00:00+00:00,53.0,25.0,55.1,55.1,55.1,55.1,0.0
2007-06-05 00:00:00+00:00,52.0,25.0,55.4,55.4,55.4,55.4,0.0
2007-06-06 00:00:00+00:00,51.0,25.0,55.45,55.45,55.45,55.45,0.0
2007-06-07 00:00:00+00:00,50.0,25.0,55.55,55.55,55.55,55.55,0.0
2007-06-08 00:00:00+00:00,49.0,25.0,56.3,56.3,56.3,56.3,0.0
2007-06-11 00:00:00+00:00,46.0,35.0,56.9,56.9,56.9,56.9,0.0
2007-06-12 00:00:00+00:00,45.0,35.0,57.0,57.0,57.0,57.0,0.0
2007-06-13 00:00:00+00:00,44.0,35.0,58.45,58.45,58.45,58.45,0.0
2007-06-14 00:00:00+00:00,43.0,50.0,59.05,59.05,59.05,59.05,0.0
2007-06-15 00:00:00+00:00,42.0,50.0,58.2,58.2,58.2,58.2,0.0
2007-06-18 00:00:00+00:00,39.0,50.0,58.55,58.55,58.55,58.55,0.0
2007-06-19 00:00:00+00:00,38.0,105.0,58.65,58.65,58.65,58.65,50.0
2007-06-20 00:00:00+00:00,37.0,105.0,58.35,58.35,58.35,58.35,0.0
2007-06-21 00:00:00+00:00,36.0,105.0,58.7,58.7,58.7,58.7,0.0
2007-06-22 00:00:00+00:00,35.0,90.0,58.8,58.8,58.8,58.8,0.0
2007-06-25 00:00:00+00:00,32.0,115.0,59.72,59.72,59.72,59.72,0.0
2007-06-26 00:00:00+00:00,31.0,115.0,59.75,59.75,59.75,59.75,0.0
2007-06-27 00:00:00+00:00,30.0,115.0,59.0,59.0,59.0,59.0,0.0
2007-06-28 00:00:00+00:00,29.0,115.0,57.7,57.7,57.7,57.7,0.0
2007-06-29 00:00:00+00:00,28.0,115.0,57.15,57.15,57.15,57.15,0.0
2007-07-02 00:00:00+00:00,60.0,115.0,56.4,56.4,56.4,56.4,0.0
2007-07-03 00:00:00+00:00,59.0,125.0,56.0,56.0,56.0,56.0,0.0
2007-07-04 00:00:00+00:00,58.0,125.0,56.1,56.1,56.1,56.1,0.0
2007-07-05 00:00:00+00:00,57.0,125.0,56.6,56.6,56.6,56.6,0.0
2007-07-06 00:00:00+00:00,56.0,140.0,56.3,56.3,56.3,56.3,15.0
2007-07-09 00:00:00+00:00,53.0,140.0,56.65,56.65,56.65,56.65,0.0
2007-07-10 00:00:00+00:00,52.0,140.0,56.05,56.05,56.05,56.05,0.0
2007-07-11 00:00:00+00:00,51.0,140.0,56.2,56.2,56.2,56.2,0.0
2007-07-12 00:00:00+00:00,50.0,140.0,57.05,57.05,57.05,57.05,0.0
2007-07-13 00:00:00+00:00,49.0,140.0,57.95,57.95,57.95,57.95,0.0
2007-07-16 00:00:00+00:00,46.0,140.0,58.6,58.6,58.6,58.6,0.0
2007-07-17 00:00:00+00:00,45.0,140.0,59.2,59.2,59.2,59.2,0.0
2007-07-18 00:00:00+00:00,44.0,140.0,58.75,58.75,58.75,58.75,0.0
2007-07-19 00:00:00+00:00,43.0,140.0,58.5,58.5,58.5,58.5,0.0
2007-07-20 00:00:00+00:00,42.0,140.0,58.25,58.25,58.25,58.25,0.0
2007-07-23 00:00:00+00:00,39.0,140.0,59.2,59.2,59.2,59.2,0.0
2007-07-24 00:00:00+00:00,38.0,140.0,57.7,57.7,57.7,57.7,0.0
2007-07-25 00:00:00+00:00,37.0,140.0,57.4,57.4,57.4,57.4,0.0
2007-07-26 00:00:00+00:00,36.0,140.0,56.7,56.7,56.7,56.7,0.0
2007-07-27 00:00:00+00:00,35.0,110.0,56.6,56.6,56.6,56.6,0.0
2007-07-30 00:00:00+00:00,32.0,200.0,57.7,57.7,57.7,57.7,0.0
2007-07-31 00:00:00+00:00,31.0,160.0,58.15,58.15,58.15,58.15,0.0
2007-08-01 00:00:00+00:00,58.0,210.0,59.1,59.1,59.1,59.1,0.0
2007-08-02 00:00:00+00:00,57.0,210.0,59.25,59.25,59.25,59.25,0.0
2007-08-03 00:00:00+00:00,56.0,210.0,59.55,59.55,59.55,59.55,0.0
2007-08-06 00:00:00+00:00,53.0,235.0,60.45,60.45,60.45,60.45,25.0
2007-08-07 00:00:00+00:00,52.0,235.0,60.65,60.65,60.65,60.65,0.0
2007-08-08 00:00:00+00:00,51.0,235.0,60.5,60.5,60.5,60.5,0.0
2007-08-09 00:00:00+00:00,50.0,235.0,60.3,60.3,60.3,60.3,0.0
2007-08-10 00:00:00+00:00,49.0,235.0,60.35,60.35,60.35,60.35,0.0
2007-08-13 00:00:00+00:00,46.0,235.0,60.25,60.25,60.25,60.25,0.0
2007-08-14 00:00:00+00:00,45.0,235.0,60.25,60.25,60.25,60.25,0.0
2007-08-15 00:00:00+00:00,44.0,235.0,59.75,59.75,59.75,59.75,0.0
2007-08-16 00:00:00+00:00,43.0,235.0,59.75,59.75,59.75,59.75,0.0
2007-08-17 00:00:00+00:00,42.0,235.0,59.5,59.5,59.5,59.5,0.0
2007-08-20 00:00:00+00:00,39.0,235.0,59.75,59.75,59.75,59.75,0.0
2007-08-21 00:00:00+00:00,38.0,235.0,59.75,59.75,59.75,59.75,0.0
2007-08-22 00:00:00+00:00,37.0,235.0,60.0,60.0,60.0,60.0,0.0
2007-08-23 00:00:00+00:00,36.0,235.0,60.0,60.0,60.0,60.0,0.0
2007-08-24 00:00:00+00:00,35.0,250.0,60.6,60.6,60.6,60.6,0.0
2007-08-27 00:00:00+00:00,32.0,250.0,60.6,60.6,60.6,60.6,0.0
2007-08-28 00:00:00+00:00,31.0,250.0,60.7,60.7,60.7,60.7,0.0
2007-08-29 00:00:00+00:00,30.0,250.0,60.3,60.3,60.3,60.3,0.0
2007-08-30 00:00:00+00:00,29.0,250.0,60.9,60.9,60.9,60.9,0.0
2007-08-31 00:00:00+00:00,28.0,235.0,60.7,60.7,60.7,60.7,0.0
2007-09-03 00:00:00+00:00,53.0,235.0,60.3,60.3,60.3,60.3,0.0
2007-09-04 00:00:00+00:00,52.0,245.0,60.5,60.5,60.5,60.5,0.0
2007-09-05 00:00:00+00:00,51.0,245.0,60.0,60.0,60.0,60.0,0.0
2007-09-06 00:00:00+00:00,50.0,245.0,61.05,61.05,61.05,61.05,0.0
2007-09-07 00:00:00+00:00,49.0,245.0,60.55,60.55,60.55,60.55,0.0
2007-09-10 00:00:00+00:00,46.0,245.0,60.9,60.9,60.9,60.9,0.0
2007-09-11 00:00:00+00:00,45.0,245.0,61.1,61.1,61.1,61.1,0.0
2007-09-12 00:00:00+00:00,44.0,255.0,62.25,62.25,62.25,62.25,0.0
2007-09-13 00:00:00+00:00,43.0,255.0,62.15,62.15,62.15,62.15,0.0
2007-09-14 00:00:00+00:00,42.0,255.0,62.4,62.4,62.4,62.4,0.0
2007-09-17 00:00:00+00:00,39.0,255.0,62.6,62.6,62.6,62.6,0.0
2007-09-18 00:00:00+00:00,38.0,255.0,62.4,62.4,62.4,62.4,0.0
2007-09-19 00:00:00+00:00,37.0,255.0,63.0,63.0,63.0,63.0,0.0
2007-09-20 00:00:00+00:00,36.0,275.0,63.85,63.85,63.85,63.85,0.0
2007-09-21 00:00:00+00:00,35.0,275.0,64.5,64.5,64.5,64.5,0.0
2007-09-24 00:00:00+00:00,32.0,275.0,64.7,64.7,64.7,64.7,0.0
2007-09-25 00:00:00+00:00,31.0,290.0,63.5,63.5,63.5,63.5,0.0
2007-09-26 00:00:00+00:00,30.0,290.0,64.1,64.1,64.1,64.1,0.0
2007-09-27 00:00:00+00:00,29.0,290.0,65.0,65.0,65.0,65.0,0.0
2007-09-28 00:00:00+00:00,28.0,275.0,65.5,65.5,65.5,65.5,0.0
2007-10-01 00:00:00+00:00,60.0,225.0,67.4,67.4,67.4,67.4,0.0
2007-10-02 00:00:00+00:00,59.0,250.0,66.4,66.4,66.4,66.4,0.0
2007-10-03 00:00:00+00:00,58.0,250.0,66.8,66.8,66.8,66.8,0.0
2007-10-04 00:00:00+00:00,57.0,250.0,67.25,67.25,67.25,67.25,0.0
2007-10-05 00:00:00+00:00,56.0,250.0,68.0,68.0,68.0,68.0,0.0
2007-10-08 00:00:00+00:00,53.0,250.0,69.5,69.5,69.5,69.5,0.0
2007-10-09 00:00:00+00:00,52.0,250.0,69.7,69.7,69.7,69.7,0.0
2007-10-10 00:00:00+00:00,51.0,250.0,70.0,70.0,70.0,70.0,0.0
2007-10-11 00:00:00+00:00,50.0,250.0,70.25,70.25,70.25,70.25,0.0
2007-10-12 00:00:00+00:00,49.0,250.0,70.0,70.0,70.0,70.0,0.0
2007-10-15 00:00:00+00:00,46.0,250.0,70.7,70.7,70.7,70.7,0.0
2007-10-16 00:00:00+00:00,45.0,250.0,72.25,72.25,72.25,72.25,0.0
2007-10-17 00:00:00+00:00,44.0,250.0,74.5,74.5,74.5,74.5,0.0
2007-10-18 00:00:00+00:00,43.0,250.0,76.0,76.0,76.0,76.0,0.0
2007-10-19 00:00:00+00:00,42.0,250.0,79.0,79.0,79.0,79.0,0.0
2007-10-22 00:00:00+00:00,39.0,250.0,77.25,77.25,77.25,77.25,0.0
2007-10-23 00:00:00+00:00,38.0,250.0,78.75,78.75,78.75,78.75,0.0
2007-10-24 00:00:00+00:00,37.0,255.0,78.5,78.5,78.5,78.5,10.0
2007-10-25 00:00:00+00:00,36.0,240.0,80.15,80.15,80.15,80.15,20.0
2007-10-26 00:00:00+00:00,35.0,225.0,81.35,81.35,81.35,81.35,0.0
2007-10-29 00:00:00+00:00,32.0,225.0,83.25,83.25,83.25,83.25,0.0
2007-10-30 00:00:00+00:00,31.0,230.0,83.5,83.5,83.5,83.5,5.0
2007-10-31 00:00:00+00:00,30.0,265.0,83.5,83.5,83.5,83.5,0.0
2007-11-01 00:00:00+00:00,57.0,265.0,84.0,84.0,84.0,84.0,0.0
2007-11-02 00:00:00+00:00,56.0,250.0,84.73,84.73,84.73,84.73,0.0
2007-11-05 00:00:00+00:00,53.0,250.0,84.0,84.0,84.0,84.0,0.0
2007-11-06 00:00:00+00:00,52.0,250.0,83.75,83.75,83.75,83.75,0.0
2007-11-07 00:00:00+00:00,51.0,250.0,83.65,83.65,83.65,83.65,0.0
2007-11-08 00:00:00+00:00,50.0,250.0,83.55,83.55,83.55,83.55,0.0
2007-11-09 00:00:00+00:00,49.0,250.0,83.25,83.25,83.25,83.25,0.0
2007-11-12 00:00:00+00:00,46.0,250.0,83.0,83.0,83.0,83.0,0.0
2007-11-13 00:00:00+00:00,45.0,250.0,84.65,84.65,84.65,84.65,0.0
2007-11-14 00:00:00+00:00,44.0,250.0,86.0,86.0,86.0,86.0,0.0
2007-11-15 00:00:00+00:00,43.0,250.0,85.9,85.9,85.9,85.9,0.0
2007-11-16 00:00:00+00:00,42.0,250.0,86.25,86.25,86.25,86.25,0.0
2007-11-19 00:00:00+00:00,39.0,255.0,87.0,87.0,87.0,87.0,0.0
2007-11-20 00:00:00+00:00,38.0,255.0,90.0,90.0,90.0,90.0,0.0
2007-11-21 00:00:00+00:00,37.0,255.0,92.5,92.5,92.5,92.5,0.0
2007-11-22 00:00:00+00:00,36.0,255.0,97.5,97.5,97.5,97.5,0.0
2007-11-23 00:00:00+00:00,35.0,255.0,102.25,102.25,102.25,102.25,0.0
2007-11-26 00:00:00+00:00,32.0,255.0,102.0,102.0,102.0,102.0,0.0
2007-11-27 00:00:00+00:00,31.0,255.0,100.0,100.0,100.0,100.0,0.0
2007-11-28 00:00:00+00:00,30.0,250.0,100.5,100.5,100.5,100.5,0.0
2007-11-29 00:00:00+00:00,29.0,255.0,93.75,93.75,93.75,93.75,0.0
2007-11-30 00:00:00+00:00,28.0,240.0,91.75,91.75,91.75,91.75,0.0
2007-12-03 00:00:00+00:00,53.0,240.0,85.9,85.9,85.9,85.9,0.0
2007-12-04 00:00:00+00:00,52.0,290.0,86.75,86.75,86.75,86.75,0.0
2007-12-05 00:00:00+00:00,51.0,335.0,88.88,88.88,88.88,88.88,0.0
2007-12-06 00:00:00+00:00,50.0,335.0,90.75,90.75,90.75,90.75,0.0
2007-12-07 00:00:00+00:00,49.0,315.0,92.25,92.25,92.25,92.25,0.0
2007-12-10 00:00:00+00:00,46.0,325.0,93.0,93.0,93.0,93.0,0.0
2007-12-11 00:00:00+00:00,45.0,325.0,94.75,94.75,94.75,94.75,0.0
2007-12-12 00:00:00+00:00,44.0,325.0,94.0,94.0,94.0,94.0,0.0
2007-12-13 00:00:00+00:00,43.0,330.0,95.0,95.0,95.0,95.0,0.0
2007-12-14 00:00:00+00:00,42.0,330.0,95.2,95.2,95.2,95.2,0.0
2007-12-17 00:00:00+00:00,39.0,330.0,94.25,94.25,94.25,94.25,0.0
2007-12-18 00:00:00+00:00,38.0,330.0,95.0,95.0,95.0,95.0,0.0
2007-12-19 00:00:00+00:00,37.0,330.0,95.25,95.25,95.25,95.25,0.0
2007-12-20 00:00:00+00:00,36.0,330.0,96.0,96.0,96.0,96.0,0.0
2007-12-21 00:00:00+00:00,35.0,330.0,96.75,96.75,96.75,96.75,0.0
2007-12-24 00:00:00+00:00,32.0,330.0,96.75,96.75,96.75,96.75,0.0
2007-12-25 00:00:00+00:00,32.0,330.0,,,,96.75,
2007-12-26 00:00:00+00:00,32.0,330.0,,,,96.75,
2007-12-27 00:00:00+00:00,29.0,330.0,96.7,96.7,96.7,96.7,0.0
2007-12-28 00:00:00+00:00,28.0,270.0,97.75,97.75,97.75,97.75,0.0
2007-12-31 00:00:00+00:00,25.0,270.0,98.0,98.0,98.0,98.0,0.0
2008-01-01 00:00:00+00:00,25.0,270.0,,,,98.0,
2008-01-02 00:00:00+00:00,58.0,270.0,98.5,98.5,98.5,98.5,0.0
2008-01-03 00:00:00+00:00,57.0,270.0,99.5,99.5,99.5,99.5,0.0
2008-01-04 00:00:00+00:00,56.0,270.0,100.1,100.1,100.1,100.1,0.0
2008-01-07 00:00:00+00:00,53.0,325.0,101.0,101.0,101.0,101.0,0.0
2008-01-08 00:00:00+00:00,52.0,325.0,100.55,100.55,100.55,100.55,0.0
2008-01-09 00:00:00+00:00,51.0,325.0,100.9,100.9,100.9,100.9,0.0
2008-01-10 00:00:00+00:00,50.0,325.0,103.0,103.0,103.0,103.0,0.0
2008-01-11 00:00:00+00:00,49.0,325.0,99.75,99.75,99.75,99.75,0.0
2008-01-14 00:00:00+00:00,46.0,325.0,101.75,101.75,101.75,101.75,0.0
2008-01-15 00:00:00+00:00,45.0,325.0,101.25,101.25,101.25,101.25,0.0
2008-01-16 00:00:00+00:00,44.0,325.0,100.0,100.0,100.0,100.0,0.0
2008-01-17 00:00:00+00:00,43.0,345.0,100.0,100.0,100.0,100.0,0.0
2008-01-18 00:00:00+00:00,42.0,345.0,99.95,99.95,99.95,99.95,0.0
2008-01-21 00:00:00+00:00,39.0,345.0,98.5,98.5,98.5,98.5,0.0
2008-01-22 00:00:00+00:00,38.0,345.0,96.25,96.25,96.25,96.25,0.0
2008-01-23 00:00:00+00:00,37.0,345.0,96.75,96.75,96.75,96.75,0.0
2008-01-24 00:00:00+00:00,36.0,345.0,98.25,98.25,98.25,98.25,0.0
2008-01-25 00:00:00+00:00,35.0,245.0,106.0,106.0,106.0,106.0,0.0
2008-01-28 00:00:00+00:00,32.0,245.0,109.0,109.0,109.0,109.0,0.0
2008-01-29 00:00:00+00:00,31.0,245.0,110.75,110.75,110.75,110.75,0.0
2008-01-30 00:00:00+00:00,30.0,345.0,111.75,111.75,111.75,111.75,35.0
2008-01-31 00:00:00+00:00,29.0,375.0,114.5,114.5,114.5,114.5,0.0
2008-02-01 00:00:00+00:00,56.0,375.0,115.5,115.5,115.5,115.5,0.0
2008-02-04 00:00:00+00:00,53.0,435.0,116.0,116.0,116.0,116.0,0.0
2008-02-05 00:00:00+00:00,52.0,375.0,112.0,112.0,112.0,112.0,0.0
2008-02-06 00:00:00+00:00,51.0,375.0,109.25,109.25,109.25,109.25,0.0
2008-02-07 00:00:00+00:00,50.0,445.0,109.0,109.0,109.0,109.0,0.0
2008-02-08 00:00:00+00:00,49.0,565.0,108.75,108.75,108.75,108.75,0.0
2008-02-11 00:00:00+00:00,46.0,565.0,110.0,110.0,110.0,110.0,0.0
2008-02-12 00:00:00+00:00,45.0,565.0,111.25,111.25,111.25,111.25,0.0
2008-02-13 00:00:00+00:00,44.0,580.0,117.0,117.0,117.0,117.0,0.0
2008-02-14 00:00:00+00:00,43.0,580.0,118.5,118.5,118.5,118.5,0.0
2008-02-15 00:00:00+00:00,42.0,580.0,124.0,124.0,124.0,124.0,0.0
2008-02-18 00:00:00+00:00,39.0,580.0,121.0,121.0,121.0,121.0,0.0
2008-02-19 00:00:00+00:00,38.0,595.0,120.0,120.0,120.0,120.0,0.0
2008-02-20 00:00:00+00:00,37.0,610.0,116.0,116.0,116.0,116.0,0.0
2008-02-21 00:00:00+00:00,36.0,595.0,117.5,117.5,117.5,117.5,0.0
2008-02-22 00:00:00+00:00,35.0,595.0,118.25,118.25,118.25,118.25,0.0
2008-02-25 00:00:00+00:00,32.0,595.0,117.5,117.5,117.5,117.5,0.0
2008-02-26 00:00:00+00:00,31.0,595.0,117.0,117.0,117.0,117.0,0.0
2008-02-27 00:00:00+00:00,30.0,595.0,119.0,119.0,119.0,119.0,0.0
2008-02-28 00:00:00+00:00,29.0,595.0,119.5,119.5,119.5,119.5,0.0
2008-02-29 00:00:00+00:00,28.0,700.0,119.0,119.0,119.0,119.0,0.0
2008-03-03 00:00:00+00:00,53.0,700.0,117.5,117.5,117.5,117.5,0.0
2008-03-04 00:00:00+00:00,52.0,565.0,115.5,115.5,115.5,115.5,0.0
2008-03-05 00:00:00+00:00,51.0,580.0,114.75,114.75,114.75,114.75,0.0
2008-03-06 00:00:00+00:00,50.0,580.0,114.25,114.25,114.25,114.25,0.0
2008-03-07 00:00:00+00:00,49.0,580.0,114.0,114.0,114.0,114.0,0.0
2008-03-10 00:00:00+00:00,46.0,605.0,110.25,110.25,110.25,110.25,0.0
2008-03-11 00:00:00+00:00,45.0,605.0,111.0,111.0,111.0,111.0,0.0
2008-03-12 00:00:00+00:00,44.0,620.0,114.5,114.5,114.5,114.5,0.0
2008-03-13 00:00:00+00:00,43.0,620.0,113.5,113.5,113.5,113.5,0.0
2008-03-14 00:00:00+00:00,42.0,620.0,113.25,113.25,113.25,113.25,0.0
2008-03-17 00:00:00+00:00,39.0,620.0,110.0,110.0,110.0,110.0,0.0
2008-03-18 00:00:00+00:00,38.0,650.0,109.0,109.0,109.0,109.0,0.0
2008-03-19 00:00:00+00:00,37.0,650.0,104.0,104.0,104.0,104.0,0.0
2008-03-20 00:00:00+00:00,36.0,650.0,101.5,101.5,101.5,101.5,0.0
2008-03-21 00:00:00+00:00,36.0,650.0,,,,101.5,
2008-03-24 00:00:00+00:00,36.0,650.0,,,,101.5,
2008-03-25 00:00:00+00:00,31.0,650.0,102.5,102.5,102.5,102.5,0.0
2008-03-26 00:00:00+00:00,30.0,650.0,102.5,102.5,102.5,102.5,0.0
2008-03-27 00:00:00+00:00,29.0,650.0,105.25,105.25,105.25,105.25,0.0
2008-03-28 00:00:00+00:00,28.0,620.0,103.55,103.55,103.55,103.55,0.0
2008-03-31 00:00:00+00:00,25.0,635.0,101.0,101.0,101.0,101.0,0.0
2008-04-01 00:00:00+00:00,59.0,675.0,99.75,99.75,99.75,99.75,0.0
2008-04-02 00:00:00+00:00,58.0,675.0,97.75,97.75,97.75,97.75,0.0
2008-04-03 00:00:00+00:00,57.0,705.0,97.75,97.75,97.75,97.75,0.0
2008-04-04 00:00:00+00:00,56.0,690.0,104.5,104.5,104.5,104.5,0.0
2008-04-07 00:00:00+00:00,53.0,690.0,105.25,105.25,105.25,105.25,0.0
2008-04-08 00:00:00+00:00,52.0,690.0,104.25,104.25,104.25,104.25,0.0
2008-04-09 00:00:00+00:00,51.0,720.0,104.25,104.25,104.25,104.25,0.0
2008-04-10 00:00:00+00:00,50.0,690.0,106.75,106.75,106.75,106.75,0.0
2008-04-11 00:00:00+00:00,49.0,690.0,109.75,109.75,109.75,109.75,0.0
2008-04-14 00:00:00+00:00,46.0,690.0,109.25,109.25,109.25,109.25,0.0
2008-04-15 00:00:00+00:00,45.0,690.0,110.5,110.5,110.5,110.5,0.0
2008-04-16 00:00:00+00:00,44.0,690.0,112.75,112.75,112.75,112.75,0.0
2008-04-17 00:00:00+00:00,43.0,690.0,110.5,110.5,110.5,110.5,0.0
2008-04-18 00:00:00+00:00,42.0,690.0,110.5,110.5,110.5,110.5,0.0
2008-04-21 00:00:00+00:00,39.0,690.0,112.0,112.0,112.0,112.0,0.0
2008-04-22 00:00:00+00:00,38.0,690.0,112.55,112.55,112.55,112.55,0.0
2008-04-23 00:00:00+00:00,37.0,690.0,113.5,113.5,113.5,113.5,0.0
2008-04-24 00:00:00+00:00,36.0,690.0,113.25,113.25,113.25,113.25,0.0
2008-04-25 00:00:00+00:00,35.0,500.0,112.75,112.75,112.75,112.75,0.0
2008-04-28 00:00:00+00:00,32.0,500.0,112.5,112.5,112.5,112.5,0.0
2008-04-29 00:00:00+00:00,31.0,510.0,111.7,111.7,111.7,111.7,10.0
2008-04-30 00:00:00+00:00,30.0,510.0,112.0,112.0,112.0,112.0,0.0
2008-05-01 00:00:00+00:00,57.0,510.0,112.0,112.0,112.0,112.0,0.0
2008-05-02 00:00:00+00:00,56.0,510.0,113.25,113.25,113.25,113.25,0.0
2008-05-05 00:00:00+00:00,56.0,510.0,,,,113.25,
2008-05-06 00:00:00+00:00,52.0,535.0,115.25,115.25,115.25,115.25,0.0
2008-05-07 00:00:00+00:00,51.0,535.0,116.0,116.0,116.0,116.0,0.0
2008-05-08 00:00:00+00:00,50.0,535.0,116.25,116.25,116.25,116.25,0.0
2008-05-09 00:00:00+00:00,49.0,550.0,117.75,117.75,117.75,117.75,0.0
2008-05-12 00:00:00+00:00,46.0,550.0,119.0,119.0,119.0,119.0,0.0
2008-05-13 00:00:00+00:00,45.0,560.0,119.0,119.0,119.0,119.0,0.0
2008-05-14 00:00:00+00:00,44.0,635.0,116.0,116.0,116.0,116.0,75.0
2008-05-15 00:00:00+00:00,43.0,635.0,116.75,116.75,116.75,116.75,0.0
2008-05-16 00:00:00+00:00,42.0,650.0,118.5,118.5,118.5,118.5,0.0
2008-05-19 00:00:00+00:00,39.0,650.0,120.5,120.5,120.5,120.5,0.0
2008-05-20 00:00:00+00:00,38.0,725.0,119.0,119.0,119.0,119.0,0.0
2008-05-21 00:00:00+00:00,37.0,725.0,119.75,119.75,119.75,119.75,0.0
2008-05-22 00:00:00+00:00,36.0,725.0,130.5,130.5,130.5,130.5,0.0
2008-05-23 00:00:00+00:00,35.0,735.0,130.5,130.5,130.5,130.5,0.0
2008-05-26 00:00:00+00:00,32.0,735.0,130.5,130.5,130.5,130.5,0.0
2008-05-27 00:00:00+00:00,31.0,735.0,133.5,133.5,133.5,133.5,0.0
2008-05-28 00:00:00+00:00,30.0,735.0,134.25,134.25,134.25,134.25,0.0
2008-05-29 00:00:00+00:00,29.0,730.0,134.0,134.0,134.0,134.0,0.0
2008-05-30 00:00:00+00:00,28.0,570.0,133.5,133.5,133.5,133.5,0.0
2008-06-02 00:00:00+00:00,53.0,570.0,132.95,132.95,132.95,132.95,0.0
2008-06-03 00:00:00+00:00,52.0,570.0,133.7,133.7,133.7,133.7,0.0
2008-06-04 00:00:00+00:00,51.0,570.0,131.8,131.8,131.8,131.8,0.0
2008-06-05 00:00:00+00:00,50.0,620.0,131.0,131.0,131.0,131.0,0.0
2008-06-06 00:00:00+00:00,49.0,620.0,133.75,133.75,133.75,133.75,0.0
2008-06-09 00:00:00+00:00,46.0,620.0,138.0,138.0,138.0,138.0,0.0
2008-06-10 00:00:00+00:00,45.0,620.0,138.25,138.25,138.25,138.25,0.0
2008-06-11 00:00:00+00:00,44.0,620.0,139.25,139.25,139.25,139.25,0.0
2008-06-12 00:00:00+00:00,43.0,620.0,144.75,144.75,144.75,144.75,0.0
2008-06-13 00:00:00+00:00,42.0,640.0,145.5,145.5,145.5,145.5,0.0
2008-06-16 00:00:00+00:00,39.0,630.0,146.75,146.75,146.75,146.75,0.0
2008-06-17 00:00:00+00:00,38.0,620.0,148.5,148.5,148.5,148.5,0.0
2008-06-18 00:00:00+00:00,37.0,620.0,152.0,152.0,152.0,152.0,0.0
2008-06-19 00:00:00+00:00,36.0,620.0,154.0,154.0,154.0,154.0,0.0
2008-06-20 00:00:00+00:00,35.0,630.0,154.3,154.3,154.3,154.3,0.0
2008-06-23 00:00:00+00:00,32.0,630.0,159.75,159.75,159.75,159.75,0.0
2008-06-24 00:00:00+00:00,31.0,650.0,164.0,164.0,164.0,164.0,0.0
2008-06-25 00:00:00+00:00,30.0,710.0,166.25,166.25,166.25,166.25,0.0
2008-06-26 00:00:00+00:00,29.0,710.0,167.25,167.25,167.25,167.25,0.0
2008-06-27 00:00:00+00:00,28.0,520.0,175.0,175.0,175.0,175.0,0.0
2008-06-30 00:00:00+00:00,25.0,525.0,181.5,181.5,181.5,181.5,0.0
2008-07-01 00:00:00+00:00,59.0,545.0,189.5,189.5,189.5,189.5,0.0
2008-07-02 00:00:00+00:00,58.0,540.0,176.5,176.5,176.5,176.5,5.0
2008-07-03 00:00:00+00:00,57.0,555.0,175.75,175.75,175.75,175.75,10.0
2008-07-04 00:00:00+00:00,56.0,570.0,180.0,180.0,180.0,180.0,0.0
2008-07-07 00:00:00+00:00,53.0,705.0,182.5,182.5,182.5,182.5,0.0
2008-07-08 00:00:00+00:00,52.0,735.0,179.5,179.5,179.5,179.5,0.0
2008-07-09 00:00:00+00:00,51.0,765.0,176.0,176.0,176.0,176.0,0.0
2008-07-10 00:00:00+00:00,50.0,760.0,166.0,166.0,166.0,166.0,0.0
2008-07-11 00:00:00+00:00,49.0,760.0,175.3,175.3,175.3,175.3,0.0
2008-07-14 00:00:00+00:00,46.0,760.0,177.0,177.0,177.0,177.0,0.0
2008-07-15 00:00:00+00:00,45.0,760.0,177.0,177.0,177.0,177.0,0.0
2008-07-16 00:00:00+00:00,44.0,700.0,171.4,171.4,171.4,171.4,0.0
2008-07-17 00:00:00+00:00,43.0,730.0,170.15,170.15,170.15,170.15,0.0
2008-07-18 00:00:00+00:00,42.0,785.0,166.75,166.75,166.75,166.75,15.0
2008-07-21 00:00:00+00:00,39.0,785.0,156.5,156.5,156.5,156.5,0.0
2008-07-22 00:00:00+00:00,38.0,740.0,157.75,157.75,157.75,157.75,5.0
2008-07-23 00:00:00+00:00,37.0,830.0,148.0,148.0,148.0,148.0,0.0
2008-07-24 00:00:00+00:00,36.0,995.0,155.65,155.65,155.65,155.65,0.0
2008-07-25 00:00:00+00:00,35.0,860.0,156.35,156.35,156.35,156.35,0.0
2008-07-28 00:00:00+00:00,32.0,830.0,151.0,151.0,151.0,151.0,0.0
2008-07-29 00:00:00+00:00,31.0,845.0,148.5,148.5,148.5,148.5,15.0
2008-07-30 00:00:00+00:00,30.0,860.0,149.1,149.1,149.1,149.1,0.0
2008-07-31 00:00:00+00:00,29.0,860.0,157.75,157.75,157.75,157.75,0.0
2008-08-01 00:00:00+00:00,56.0,1060.0,156.5,156.5,156.5,156.5,0.0
2008-08-04 00:00:00+00:00,53.0,1105.0,155.0,155.0,155.0,155.0,0.0
2008-08-05 00:00:00+00:00,52.0,1100.0,148.0,148.0,148.0,148.0,0.0
2008-08-06 00:00:00+00:00,51.0,1090.0,149.55,149.55,149.55,149.55,0.0
2008-08-07 00:00:00+00:00,50.0,1080.0,153.0,153.0,153.0,153.0,0.0
2008-08-08 00:00:00+00:00,49.0,1080.0,154.5,154.5,154.5,154.5,0.0
2008-08-11 00:00:00+00:00,46.0,960.0,154.75,154.75,154.75,154.75,0.0
2008-08-12 00:00:00+00:00,45.0,960.0,154.4,154.4,154.4,154.4,0.0
2008-08-13 00:00:00+00:00,44.0,1005.0,158.75,158.75,158.75,158.75,0.0
2008-08-14 00:00:00+00:00,43.0,1080.0,160.35,160.35,160.35,160.35,10.0
2008-08-15 00:00:00+00:00,42.0,1080.0,158.15,158.15,158.15,158.15,0.0
2008-08-18 00:00:00+00:00,39.0,1080.0,160.0,160.0,160.0,160.0,0.0
2008-08-19 00:00:00+00:00,38.0,1080.0,158.05,158.05,158.05,158.05,0.0
2008-08-20 00:00:00+00:00,37.0,1105.0,163.75,163.75,163.75,163.75,0.0
2008-08-21 00:00:00+00:00,36.0,1105.0,167.1,167.1,167.1,167.1,0.0
2008-08-22 00:00:00+00:00,35.0,1110.0,165.25,165.25,165.25,165.25,15.0
2008-08-25 00:00:00+00:00,35.0,1110.0,,,,165.25,
2008-08-26 00:00:00+00:00,31.0,1110.0,162.5,162.5,162.5,162.5,0.0
2008-08-27 00:00:00+00:00,30.0,1095.0,162.25,162.25,162.25,162.25,0.0
2008-08-28 00:00:00+00:00,29.0,1095.0,163.7,163.7,163.7,163.7,0.0
2008-08-29 00:00:00+00:00,28.0,1045.0,162.5,162.5,162.5,162.5,0.0
2008-09-01 00:00:00+00:00,60.0,1050.0,161.5,161.5,161.5,161.5,0.0
2008-09-02 00:00:00+00:00,59.0,965.0,156.5,156.5,156.5,156.5,0.0
2008-09-03 00:00:00+00:00,58.0,1005.0,157.3,157.3,157.3,157.3,10.0
2008-09-04 00:00:00+00:00,57.0,1020.0,159.0,159.0,159.0,159.0,5.0
2008-09-05 00:00:00+00:00,56.0,1255.0,157.25,157.25,157.25,157.25,0.0
2008-09-08 00:00:00+00:00,53.0,1350.0,157.55,157.55,157.55,157.55,10.0
2008-09-09 00:00:00+00:00,52.0,1350.0,149.5,149.5,149.5,149.5,0.0
2008-09-10 00:00:00+00:00,51.0,1535.0,143.5,143.5,143.5,143.5,0.0
2008-09-11 00:00:00+00:00,50.0,1390.0,143.1,143.1,143.1,143.1,0.0
2008-09-12 00:00:00+00:00,49.0,1390.0,144.65,144.65,144.65,144.65,0.0
2008-09-15 00:00:00+00:00,46.0,1380.0,137.4,137.4,137.4,137.4,0.0
2008-09-16 00:00:00+00:00,45.0,1350.0,132.65,132.65,132.65,132.65,0.0
2008-09-17 00:00:00+00:00,44.0,1410.0,136.95,136.95,136.95,136.95,0.0
2008-09-18 00:00:00+00:00,43.0,1455.0,138.9,138.9,138.9,138.9,65.0
2008-09-19 00:00:00+00:00,42.0,1520.0,142.9,142.9,142.9,142.9,5.0
2008-09-22 00:00:00+00:00,39.0,1470.0,145.15,145.15,145.15,145.15,10.0
2008-09-23 00:00:00+00:00,38.0,1530.0,146.7,146.7,146.7,146.7,0.0
2008-09-24 00:00:00+00:00,37.0,1540.0,147.45,147.45,147.45,147.45,0.0
2008-09-25 00:00:00+00:00,36.0,1560.0,142.75,142.75,142.75,142.75,0.0
2008-09-26 00:00:00+00:00,35.0,1410.0,140.2,140.2,140.2,140.2,0.0
2008-09-29 00:00:00+00:00,32.0,1410.0,133.7,133.7,133.7,133.7,0.0
2008-09-30 00:00:00+00:00,31.0,1745.0,131.4,131.4,131.4,131.4,10.0
2008-10-01 00:00:00+00:00,58.0,1900.0,132.2,132.2,132.2,132.2,25.0
2008-10-02 00:00:00+00:00,57.0,1940.0,132.45,132.45,132.45,132.45,0.0
2008-10-03 00:00:00+00:00,56.0,1985.0,130.85,130.85,130.85,130.85,0.0
2008-10-06 00:00:00+00:00,53.0,2015.0,125.0,125.0,125.0,125.0,5.0
2008-10-07 00:00:00+00:00,52.0,1955.0,124.25,124.25,124.25,124.25,5.0
2008-10-08 00:00:00+00:00,51.0,1955.0,121.25,121.25,121.25,121.25,0.0
2008-10-09 00:00:00+00:00,50.0,1915.0,122.25,122.25,122.25,122.25,0.0
2008-10-10 00:00:00+00:00,49.0,1945.0,109.4,109.4,109.4,109.4,0.0
2008-10-13 00:00:00+00:00,46.0,1720.0,111.65,111.65,111.65,111.65,5.0
2008-10-14 00:00:00+00:00,45.0,1780.0,115.4,115.4,115.4,115.4,5.0
2008-10-15 00:00:00+00:00,44.0,1770.0,107.75,107.75,107.75,107.75,0.0
2008-10-16 00:00:00+00:00,43.0,1775.0,96.25,96.25,96.25,96.25,40.0
2008-10-17 00:00:00+00:00,42.0,1750.0,94.0,94.0,94.0,94.0,30.0
2008-10-20 00:00:00+00:00,39.0,1765.0,98.0,98.0,98.0,98.0,0.0
2008-10-21 00:00:00+00:00,38.0,1745.0,98.5,98.5,98.5,98.5,10.0
2008-10-22 00:00:00+00:00,37.0,1825.0,89.75,89.75,89.75,89.75,10.0
2008-10-23 00:00:00+00:00,36.0,1805.0,95.95,95.95,95.95,95.95,5.0
2008-10-24 00:00:00+00:00,35.0,1785.0,88.0,88.0,88.0,88.0,30.0
2008-10-27 00:00:00+00:00,32.0,1815.0,83.1,83.1,83.1,83.1,30.0
2008-10-28 00:00:00+00:00,31.0,1865.0,88.75,88.75,88.75,88.75,95.0
2008-10-29 00:00:00+00:00,30.0,1850.0,94.5,94.5,94.5,94.5,35.0
2008-10-30 00:00:00+00:00,29.0,1835.0,102.0,102.0,102.0,102.0,20.0
2008-10-31 00:00:00+00:00,28.0,1575.0,105.0,105.0,105.0,105.0,70.0
2008-11-03 00:00:00+00:00,51.0,1580.0,104.5,104.5,104.5,104.5,0.0
2008-11-04 00:00:00+00:00,50.0,1915.0,105.5,105.5,105.5,105.5,0.0
2008-11-05 00:00:00+00:00,49.0,1885.0,109.5,109.5,109.5,109.5,0.0
2008-11-06 00:00:00+00:00,48.0,1915.0,105.0,105.0,105.0,105.0,0.0
2008-11-07 00:00:00+00:00,47.0,1905.0,106.5,106.5,106.5,106.5,0.0
2008-11-10 00:00:00+00:00,44.0,1940.0,104.7,104.7,104.7,104.7,0.0
2008-11-11 00:00:00+00:00,43.0,1880.0,95.0,95.0,95.0,95.0,0.0
2008-11-12 00:00:00+00:00,42.0,1910.0,91.75,91.75,91.75,91.75,0.0
2008-11-13 00:00:00+00:00,41.0,1900.0,87.25,87.25,87.25,87.25,0.0
2008-11-14 00:00:00+00:00,40.0,2130.0,87.4,87.4,87.4,87.4,0.0
2008-11-17 00:00:00+00:00,37.0,2400.0,82.9,82.9,82.9,82.9,0.0
2008-11-18 00:00:00+00:00,36.0,2435.0,81.75,81.75,81.75,81.75,0.0
2008-11-19 00:00:00+00:00,35.0,2464.0,82.5,82.5,82.5,82.5,0.0
2008-11-20 00:00:00+00:00,34.0,2514.0,77.0,77.0,77.0,77.0,0.0
2008-11-21 00:00:00+00:00,33.0,2589.0,75.75,75.75,75.75,75.75,0.0
2008-11-24 00:00:00+00:00,30.0,2639.0,74.9,74.9,74.9,74.9,0.0
2008-11-25 00:00:00+00:00,29.0,2664.0,76.0,76.0,76.0,76.0,0.0
2008-11-26 00:00:00+00:00,28.0,2699.0,77.15,77.15,77.15,77.15,0.0
2008-11-27 00:00:00+00:00,27.0,8349.0,80.9,80.9,80.9,80.9,0.0
2008-11-28 00:00:00+00:00,26.0,7954.0,81.0,81.0,81.0,81.0,0.0
2008-12-01 00:00:00+00:00,60.0,7994.0,75.0,75.0,75.0,75.0,0.0
2008-12-02 00:00:00+00:00,59.0,7979.0,74.05,74.05,74.05,74.05,0.0
2008-12-03 00:00:00+00:00,58.0,7944.0,73.45,73.45,73.45,73.45,0.0
2008-12-04 00:00:00+00:00,57.0,7729.0,71.25,71.25,71.25,71.25,0.0
2008-12-05 00:00:00+00:00,56.0,7679.0,68.35,68.35,68.35,68.35,0.0
2008-12-08 00:00:00+00:00,53.0,7455.0,71.9,71.9,71.9,71.9,0.0
2008-12-09 00:00:00+00:00,52.0,7695.0,72.0,72.0,72.0,72.0,0.0
2008-12-10 00:00:00+00:00,51.0,7740.0,74.4,74.4,74.4,74.4,0.0
2008-12-11 00:00:00+00:00,50.0,7750.0,79.55,79.55,79.55,79.55,0.0
2008-12-12 00:00:00+00:00,49.0,7725.0,75.35,75.35,75.35,75.35,0.0
2008-12-15 00:00:00+00:00,46.0,8020.0,77.15,77.15,77.15,77.15,0.0
2008-12-16 00:00:00+00:00,45.0,8035.0,76.15,76.15,76.15,76.15,0.0
2008-12-17 00:00:00+00:00,44.0,8095.0,77.3,77.3,77.3,77.3,0.0
2008-12-18 00:00:00+00:00,43.0,8220.0,76.65,76.65,76.65,76.65,0.0
2008-12-19 00:00:00+00:00,42.0,8285.0,76.8,76.8,76.8,76.8,0.0
2008-12-22 00:00:00+00:00,39.0,8275.0,76.8,76.8,76.8,76.8,0.0
2008-12-23 00:00:00+00:00,38.0,8275.0,76.9,76.9,76.9,76.9,0.0
2008-12-24 00:00:00+00:00,37.0,8275.0,76.75,76.75,76.75,76.75,0.0
2008-12-25 00:00:00+00:00,37.0,8275.0,,,,76.75,
2008-12-26 00:00:00+00:00,37.0,8275.0,,,,76.75,
2008-12-29 00:00:00+00:00,32.0,7830.0,77.8,77.8,77.8,77.8,0.0
2008-12-30 00:00:00+00:00,31.0,7830.0,78.5,78.5,78.5,78.5,0.0
2008-12-31 00:00:00+00:00,30.0,7830.0,78.05,78.05,78.05,78.05,0.0
2009-01-01 00:00:00+00:00,30.0,7830.0,,,,78.05,
2009-01-02 00:00:00+00:00,56.0,7890.0,76.75,76.75,76.75,76.75,0.0
2009-01-05 00:00:00+00:00,53.0,8055.0,78.45,78.45,78.45,78.45,0.0
2009-01-06 00:00:00+00:00,52.0,8100.0,83.75,83.75,83.75,83.75,0.0
2009-01-07 00:00:00+00:00,51.0,8095.0,81.75,81.75,81.75,81.75,0.0
2009-01-08 00:00:00+00:00,50.0,8200.0,79.75,79.75,79.75,79.75,0.0
2009-01-09 00:00:00+00:00,49.0,8625.0,77.5,77.5,77.5,77.5,0.0
2009-01-12 00:00:00+00:00,46.0,8590.0,72.15,72.15,72.15,72.15,0.0
2009-01-13 00:00:00+00:00,45.0,9125.0,72.15,72.15,72.15,72.15,0.0
2009-01-14 00:00:00+00:00,44.0,10085.0,72.15,72.15,72.15,72.15,0.0
2009-01-15 00:00:00+00:00,43.0,10525.0,74.0,74.0,74.0,74.0,0.0
2009-01-16 00:00:00+00:00,42.0,10900.0,72.0,72.0,72.0,72.0,0.0
2009-01-19 00:00:00+00:00,39.0,11260.0,69.2,69.2,69.2,69.2,0.0
2009-01-20 00:00:00+00:00,38.0,11665.0,66.9,66.9,66.9,66.9,0.0
2009-01-21 00:00:00+00:00,37.0,11730.0,65.95,65.95,65.95,65.95,0.0
2009-01-22 00:00:00+00:00,36.0,11780.0,66.25,66.25,66.25,66.25,0.0
2009-01-23 00:00:00+00:00,35.0,11880.0,67.5,67.5,67.5,67.5,0.0
2009-01-26 00:00:00+00:00,32.0,11970.0,69.75,69.75,69.75,69.75,0.0
2009-01-27 00:00:00+00:00,31.0,12005.0,70.5,70.5,70.5,70.5,0.0
2009-01-28 00:00:00+00:00,30.0,12045.0,71.9,71.9,71.9,71.9,0.0
2009-01-29 00:00:00+00:00,29.0,12510.0,71.25,71.25,71.25,71.25,0.0
2009-01-30 00:00:00+00:00,28.0,11875.0,72.65,72.65,72.65,72.65,0.0
2009-02-02 00:00:00+00:00,53.0,11875.0,70.25,70.25,70.25,70.25,0.0
2009-02-03 00:00:00+00:00,52.0,11920.0,69.9,69.9,69.9,69.9,0.0
2009-02-04 00:00:00+00:00,51.0,11825.0,70.15,70.15,70.15,70.15,0.0
2009-02-05 00:00:00+00:00,50.0,11785.0,71.15,71.15,71.15,71.15,0.0
2009-02-06 00:00:00+00:00,49.0,11865.0,72.5,72.5,72.5,72.5,0.0
2009-02-09 00:00:00+00:00,46.0,11880.0,76.5,76.5,76.5,76.5,0.0
2009-02-10 00:00:00+00:00,45.0,11795.0,74.25,74.25,74.25,74.25,0.0
2009-02-11 00:00:00+00:00,44.0,12105.0,70.75,70.75,70.75,70.75,0.0
2009-02-12 00:00:00+00:00,43.0,12075.0,70.25,70.25,70.25,70.25,0.0
2009-02-13 00:00:00+00:00,42.0,12330.0,70.15,70.15,70.15,70.15,0.0
2009-02-16 00:00:00+00:00,39.0,12450.0,67.4,67.4,67.4,67.4,0.0
2009-02-17 00:00:00+00:00,38.0,12555.0,65.5,65.5,65.5,65.5,0.0
2009-02-18 00:00:00+00:00,37.0,12690.0,65.0,65.0,65.0,65.0,0.0
2009-02-19 00:00:00+00:00,36.0,12855.0,65.6,65.6,65.6,65.6,0.0
2009-02-20 00:00:00+00:00,35.0,12720.0,63.9,63.9,63.9,63.9,0.0
2009-02-23 00:00:00+00:00,32.0,12665.0,59.4,59.4,59.4,59.4,0.0
2009-02-24 00:00:00+00:00,31.0,12700.0,57.8,57.8,57.8,57.8,0.0
2009-02-25 00:00:00+00:00,30.0,13010.0,57.75,57.75,57.75,57.75,0.0
2009-02-26 00:00:00+00:00,29.0,13255.0,59.05,59.05,59.05,59.05,0.0
2009-02-27 00:00:00+00:00,28.0,12680.0,56.35,56.35,56.35,56.35,0.0
2009-03-02 00:00:00+00:00,53.0,12715.0,53.25,53.25,53.25,53.25,0.0
2009-03-03 00:00:00+00:00,52.0,12950.0,54.25,54.25,54.25,54.25,0.0
2009-03-04 00:00:00+00:00,51.0,13040.0,56.5,56.5,56.5,56.5,0.0
2009-03-05 00:00:00+00:00,50.0,12695.0,55.25,55.25,55.25,55.25,0.0
2009-03-06 00:00:00+00:00,49.0,12805.0,55.7,55.7,55.7,55.7,0.0
2009-03-09 00:00:00+00:00,46.0,13030.0,56.4,56.4,56.4,56.4,10.0
2009-03-10 00:00:00+00:00,45.0,13210.0,56.35,56.35,56.35,56.35,0.0
2009-03-11 00:00:00+00:00,44.0,13505.0,55.1,55.1,55.1,55.1,0.0
2009-03-12 00:00:00+00:00,43.0,13707.0,51.4,51.4,51.4,51.4,0.0
2009-03-13 00:00:00+00:00,42.0,13952.0,51.55,51.55,51.55,51.55,0.0
2009-03-16 00:00:00+00:00,39.0,14197.0,51.75,51.75,51.75,51.75,0.0
2009-03-17 00:00:00+00:00,38.0,14467.0,53.1,53.1,53.1,53.1,0.0
2009-03-18 00:00:00+00:00,37.0,14582.0,54.0,54.0,54.0,54.0,0.0
2009-03-19 00:00:00+00:00,36.0,14985.0,57.55,57.55,57.55,57.55,0.0
2009-03-20 00:00:00+00:00,35.0,15235.0,57.9,57.9,57.9,57.9,0.0
2009-03-23 00:00:00+00:00,32.0,15005.0,62.25,62.25,62.25,62.25,0.0
2009-03-24 00:00:00+00:00,31.0,15005.0,62.0,62.0,62.0,62.0,0.0
2009-03-25 00:00:00+00:00,30.0,15070.0,61.25,61.25,61.25,61.25,0.0
2009-03-26 00:00:00+00:00,29.0,15005.0,63.4,63.4,63.4,63.4,0.0
2009-03-27 00:00:00+00:00,28.0,14725.0,62.5,62.5,62.5,62.5,0.0
2009-03-30 00:00:00+00:00,25.0,14650.0,59.05,59.05,59.05,59.05,3.0
2009-03-31 00:00:00+00:00,24.0,14755.0,60.9,60.9,60.9,60.9,0.0
2009-04-01 00:00:00+00:00,58.0,14835.0,60.4,60.4,60.4,60.4,3.0
2009-04-02 00:00:00+00:00,57.0,14910.0,62.9,62.9,62.9,62.9,0.0
2009-04-03 00:00:00+00:00,56.0,14910.0,62.0,62.0,62.0,62.0,0.0
2009-04-06 00:00:00+00:00,53.0,14260.0,62.3,62.3,62.3,62.3,0.0
2009-04-07 00:00:00+00:00,52.0,14650.0,59.75,59.75,59.75,59.75,0.0
2009-04-08 00:00:00+00:00,51.0,14895.0,58.65,58.65,58.65,58.65,0.0
2009-04-09 00:00:00+00:00,50.0,14895.0,58.95,58.95,58.95,58.95,0.0
2009-04-10 00:00:00+00:00,50.0,14895.0,,,,58.95,
2009-04-13 00:00:00+00:00,46.0,14940.0,58.95,58.95,58.95,58.95,0.0
2009-04-14 00:00:00+00:00,45.0,14835.0,59.9,59.9,59.9,59.9,0.0
2009-04-15 00:00:00+00:00,44.0,14855.0,60.35,60.35,60.35,60.35,0.0
2009-04-16 00:00:00+00:00,43.0,14680.0,60.15,60.15,60.15,60.15,0.0
2009-04-17 00:00:00+00:00,42.0,14820.0,60.45,60.45,60.45,60.45,0.0
2009-04-20 00:00:00+00:00,39.0,15095.0,58.6,58.6,58.6,58.6,0.0
2009-04-21 00:00:00+00:00,38.0,15035.0,58.2,58.2,58.2,58.2,0.0
2009-04-22 00:00:00+00:00,37.0,14930.0,58.05,58.05,58.05,58.05,0.0
2009-04-23 00:00:00+00:00,36.0,14905.0,58.25,58.25,58.25,58.25,0.0
2009-04-24 00:00:00+00:00,35.0,14065.0,58.95,58.95,58.95,58.95,0.0
2009-04-27 00:00:00+00:00,32.0,14200.0,58.05,58.05,58.05,58.05,0.0
2009-04-28 00:00:00+00:00,31.0,14370.0,58.15,58.15,58.15,58.15,0.0
2009-04-29 00:00:00+00:00,30.0,14310.0,59.25,59.25,59.25,59.25,0.0
2009-04-30 00:00:00+00:00,29.0,14330.0,59.8,59.8,59.8,59.8,0.0
2009-05-01 00:00:00+00:00,56.0,14330.0,60.75,60.75,60.75,60.75,0.0
2009-05-04 00:00:00+00:00,53.0,14330.0,60.75,60.75,60.75,60.75,0.0
2009-05-05 00:00:00+00:00,52.0,14410.0,59.9,59.9,59.9,59.9,0.0
2009-05-06 00:00:00+00:00,51.0,14216.0,58.75,58.75,58.75,58.75,0.0
2009-05-07 00:00:00+00:00,50.0,14541.0,58.38,58.38,58.38,58.38,0.0
2009-05-08 00:00:00+00:00,49.0,14881.0,58.25,58.25,58.25,58.25,0.0
2009-05-11 00:00:00+00:00,46.0,15002.0,55.75,55.75,55.75,55.75,0.0
2009-05-12 00:00:00+00:00,45.0,15237.0,55.5,55.5,55.5,55.5,0.0
2009-05-13 00:00:00+00:00,44.0,16682.0,55.5,55.5,55.5,55.5,0.0
2009-05-14 00:00:00+00:00,43.0,16892.0,55.25,55.25,55.25,55.25,0.0
2009-05-15 00:00:00+00:00,42.0,17052.0,56.0,56.0,56.0,56.0,0.0
2009-05-18 00:00:00+00:00,39.0,17082.0,55.75,55.75,55.75,55.75,0.0
2009-05-19 00:00:00+00:00,38.0,17112.0,56.4,56.4,56.4,56.4,0.0
2009-05-20 00:00:00+00:00,37.0,17127.0,56.75,56.75,56.75,56.75,0.0
2009-05-21 00:00:00+00:00,36.0,17135.0,56.4,56.4,56.4,56.4,0.0
2009-05-22 00:00:00+00:00,35.0,17135.0,57.9,57.9,57.9,57.9,0.0
2009-05-25 00:00:00+00:00,32.0,17390.0,57.9,57.9,57.9,57.9,0.0
2009-05-26 00:00:00+00:00,31.0,17395.0,56.88,56.88,56.88,56.88,5.0
2009-05-27 00:00:00+00:00,30.0,17620.0,58.0,58.0,58.0,58.0,10.0
2009-05-28 00:00:00+00:00,29.0,17680.0,59.0,59.0,59.0,59.0,0.0
2009-05-29 00:00:00+00:00,28.0,17045.0,59.0,59.0,59.0,59.0,0.0
2009-06-01 00:00:00+00:00,60.0,17385.0,62.75,62.75,62.75,62.75,35.0
2009-06-02 00:00:00+00:00,59.0,17880.0,63.5,63.5,63.5,63.5,0.0
2009-06-03 00:00:00+00:00,58.0,18035.0,62.5,62.5,62.5,62.5,0.0
2009-06-04 00:00:00+00:00,57.0,18385.0,63.05,63.05,63.05,63.05,0.0
2009-06-05 00:00:00+00:00,56.0,22150.0,65.1,65.1,65.1,65.1,0.0
2009-06-08 00:00:00+00:00,53.0,22150.0,65.9,65.9,65.9,65.9,0.0
2009-06-09 00:00:00+00:00,52.0,24145.0,66.95,66.95,66.95,66.95,0.0
2009-06-10 00:00:00+00:00,51.0,24605.0,66.75,66.75,66.75,66.75,0.0
2009-06-11 00:00:00+00:00,50.0,24945.0,64.9,64.9,64.9,64.9,0.0
2009-06-12 00:00:00+00:00,49.0,24996.0,63.75,63.75,63.75,63.75,0.0
2009-06-15 00:00:00+00:00,46.0,25041.0,61.75,61.75,61.75,61.75,0.0
2009-06-16 00:00:00+00:00,45.0,25026.0,60.95,60.95,60.95,60.95,0.0
2009-06-17 00:00:00+00:00,44.0,25236.0,57.1,57.1,57.1,57.1,0.0
2009-06-18 00:00:00+00:00,43.0,25626.0,57.9,57.9,57.9,57.9,0.0
2009-06-19 00:00:00+00:00,42.0,25876.0,58.0,58.0,58.0,58.0,0.0
2009-06-22 00:00:00+00:00,39.0,25936.0,54.65,54.65,54.65,54.65,0.0
2009-06-23 00:00:00+00:00,38.0,25591.0,57.65,57.65,57.65,57.65,0.0
2009-06-24 00:00:00+00:00,37.0,25641.0,59.2,59.2,59.2,59.2,0.0
2009-06-25 00:00:00+00:00,36.0,25621.0,60.1,60.1,60.1,60.1,0.0
2009-06-26 00:00:00+00:00,35.0,24726.0,59.75,59.75,59.75,59.75,0.0
2009-06-29 00:00:00+00:00,32.0,24741.0,59.9,59.9,59.9,59.9,0.0
2009-06-30 00:00:00+00:00,31.0,24791.0,59.55,59.55,59.55,59.55,0.0
2009-07-01 00:00:00+00:00,58.0,24806.0,62.75,62.75,62.75,62.75,0.0
2009-07-02 00:00:00+00:00,57.0,25332.0,61.45,61.45,61.45,61.45,0.0
2009-07-03 00:00:00+00:00,56.0,25897.0,61.6,61.6,61.6,61.6,0.0
2009-07-06 00:00:00+00:00,53.0,26512.0,61.15,61.15,61.15,61.15,0.0
2009-07-07 00:00:00+00:00,52.0,26830.0,60.8,60.8,60.8,60.8,0.0
2009-07-08 00:00:00+00:00,51.0,26960.0,61.4,61.4,61.4,61.4,0.0
2009-07-09 00:00:00+00:00,50.0,27038.0,62.6,62.6,62.6,62.6,0.0
2009-07-10 00:00:00+00:00,49.0,27318.0,63.25,63.25,63.25,63.25,0.0
2009-07-13 00:00:00+00:00,46.0,27380.0,63.8,63.8,63.8,63.8,0.0
2009-07-14 00:00:00+00:00,45.0,27500.0,64.0,64.0,64.0,64.0,0.0
2009-07-15 00:00:00+00:00,44.0,27495.0,64.15,64.15,64.15,64.15,0.0
2009-07-16 00:00:00+00:00,43.0,27810.0,64.25,64.25,64.25,64.25,0.0
2009-07-17 00:00:00+00:00,42.0,28330.0,63.1,63.1,63.1,63.1,0.0
2009-07-20 00:00:00+00:00,39.0,28400.0,61.1,61.1,61.1,61.1,0.0
2009-07-21 00:00:00+00:00,38.0,28415.0,62.1,62.1,62.1,62.1,0.0
2009-07-22 00:00:00+00:00,37.0,28470.0,62.0,62.0,62.0,62.0,0.0
2009-07-23 00:00:00+00:00,36.0,28695.0,62.1,62.1,62.1,62.1,0.0
2009-07-24 00:00:00+00:00,35.0,28760.0,62.85,62.85,62.85,62.85,0.0
2009-07-27 00:00:00+00:00,32.0,29255.0,62.9,62.9,62.9,62.9,0.0
2009-07-28 00:00:00+00:00,31.0,29230.0,62.75,62.75,62.75,62.75,0.0
2009-07-29 00:00:00+00:00,30.0,29270.0,62.4,62.4,62.4,62.4,0.0
2009-07-30 00:00:00+00:00,29.0,29530.0,62.5,62.5,62.5,62.5,0.0
2009-07-31 00:00:00+00:00,28.0,27265.0,62.6,62.6,62.6,62.6,0.0
2009-08-03 00:00:00+00:00,53.0,27370.0,67.55,67.55,67.55,67.55,0.0
2009-08-04 00:00:00+00:00,52.0,27405.0,64.6,64.6,64.6,64.6,0.0
2009-08-05 00:00:00+00:00,51.0,27315.0,65.0,65.0,65.0,65.0,0.0
2009-08-06 00:00:00+00:00,50.0,27375.0,65.95,65.95,65.95,65.95,0.0
2009-08-07 00:00:00+00:00,49.0,27545.0,65.7,65.7,65.7,65.7,0.0
2009-08-10 00:00:00+00:00,46.0,27570.0,65.5,65.5,65.5,65.5,0.0
2009-08-11 00:00:00+00:00,45.0,27690.0,65.35,65.35,65.35,65.35,0.0
2009-08-12 00:00:00+00:00,44.0,27960.0,65.35,65.35,65.35,65.35,0.0
2009-08-13 00:00:00+00:00,43.0,27465.0,65.55,65.55,65.55,65.55,0.0
2009-08-14 00:00:00+00:00,42.0,27450.0,65.0,65.0,65.0,65.0,0.0
2009-08-17 00:00:00+00:00,39.0,27460.0,64.95,64.95,64.95,64.95,0.0
2009-08-18 00:00:00+00:00,38.0,27465.0,65.15,65.15,65.15,65.15,0.0
2009-08-19 00:00:00+00:00,37.0,27550.0,64.75,64.75,64.75,64.75,0.0
2009-08-20 00:00:00+00:00,36.0,27535.0,65.1,65.1,65.1,65.1,0.0
2009-08-21 00:00:00+00:00,35.0,27700.0,65.4,65.4,65.4,65.4,0.0
2009-08-24 00:00:00+00:00,32.0,27775.0,65.3,65.3,65.3,65.3,0.0
2009-08-25 00:00:00+00:00,31.0,27960.0,65.5,65.5,65.5,65.5,0.0
2009-08-26 00:00:00+00:00,30.0,28375.0,64.5,64.5,64.5,64.5,0.0
2009-08-27 00:00:00+00:00,29.0,28270.0,63.65,63.65,63.65,63.65,0.0
2009-08-28 00:00:00+00:00,28.0,26380.0,63.4,63.4,63.4,63.4,0.0
2009-08-31 00:00:00+00:00,25.0,26380.0,63.4,63.4,63.4,63.4,0.0
2009-09-01 00:00:00+00:00,59.0,26415.0,62.25,62.25,62.25,62.25,0.0
2009-09-02 00:00:00+00:00,58.0,26763.0,61.65,61.65,61.65,61.65,0.0
2009-09-03 00:00:00+00:00,57.0,26883.0,62.15,62.15,62.15,62.15,0.0
2009-09-04 00:00:00+00:00,56.0,26978.0,61.2,61.2,61.2,61.2,0.0
2009-09-07 00:00:00+00:00,53.0,26980.0,61.45,61.45,61.45,61.45,0.0
2009-09-08 00:00:00+00:00,52.0,27255.0,62.15,62.15,62.15,62.15,0.0
2009-09-09 00:00:00+00:00,51.0,27445.0,63.15,63.15,63.15,63.15,0.0
2009-09-10 00:00:00+00:00,50.0,27659.0,63.35,63.35,63.35,63.35,0.0
2009-09-11 00:00:00+00:00,49.0,27550.0,63.6,63.6,63.6,63.6,0.0
2009-09-14 00:00:00+00:00,46.0,27689.0,62.55,62.55,62.55,62.55,0.0
2009-09-15 00:00:00+00:00,45.0,27569.0,62.85,62.85,62.85,62.85,0.0
2009-09-16 00:00:00+00:00,44.0,27506.0,64.1,64.1,64.1,64.1,0.0
2009-09-17 00:00:00+00:00,43.0,27607.0,64.3,64.3,64.3,64.3,0.0
2009-09-18 00:00:00+00:00,42.0,27390.0,63.85,63.85,63.85,63.85,0.0
2009-09-21 00:00:00+00:00,39.0,27420.0,63.35,63.35,63.35,63.35,0.0
2009-09-22 00:00:00+00:00,38.0,27460.0,64.2,64.2,64.2,64.2,0.0
2009-09-23 00:00:00+00:00,37.0,27445.0,63.15,63.15,63.15,63.15,0.0
2009-09-24 00:00:00+00:00,36.0,27265.0,62.15,62.15,62.15,62.15,0.0
2009-09-25 00:00:00+00:00,35.0,27195.0,62.5,62.5,62.5,62.5,0.0
2009-09-28 00:00:00+00:00,32.0,25500.0,62.15,62.15,62.15,62.15,0.0
2009-09-29 00:00:00+00:00,31.0,26235.0,62.55,62.55,62.55,62.55,0.0
2009-09-30 00:00:00+00:00,30.0,26136.0,63.65,63.65,63.65,63.65,0.0
2009-10-01 00:00:00+00:00,57.0,26646.0,65.0,65.0,65.0,65.0,0.0
2009-10-02 00:00:00+00:00,56.0,26641.0,64.35,64.35,64.35,64.35,0.0
2009-10-05 00:00:00+00:00,53.0,26376.0,65.25,65.25,65.25,65.25,0.0
2009-10-06 00:00:00+00:00,52.0,26380.0,66.5,66.5,66.5,66.5,0.0
2009-10-07 00:00:00+00:00,51.0,26503.0,66.3,66.3,66.3,66.3,0.0
2009-10-08 00:00:00+00:00,50.0,26848.0,66.15,66.15,66.15,66.15,0.0
2009-10-09 00:00:00+00:00,49.0,27128.0,66.0,66.0,66.0,66.0,0.0
2009-10-12 00:00:00+00:00,46.0,27218.0,66.9,66.9,66.9,66.9,0.0
2009-10-13 00:00:00+00:00,45.0,27612.0,66.85,66.85,66.85,66.85,0.0
2009-10-14 00:00:00+00:00,44.0,27789.0,66.8,66.8,66.8,66.8,0.0
2009-10-15 00:00:00+00:00,43.0,27703.0,66.6,66.6,66.6,66.6,0.0
2009-10-16 00:00:00+00:00,42.0,27758.0,66.4,66.4,66.4,66.4,0.0
2009-10-19 00:00:00+00:00,39.0,27758.0,66.1,66.1,66.1,66.1,0.0
2009-10-20 00:00:00+00:00,38.0,27906.0,66.1,66.1,66.1,66.1,0.0
2009-10-21 00:00:00+00:00,37.0,27996.0,66.7,66.7,66.7,66.7,0.0
2009-10-22 00:00:00+00:00,36.0,28172.0,67.55,67.55,67.55,67.55,0.0
2009-10-23 00:00:00+00:00,35.0,28078.0,67.85,67.85,67.85,67.85,0.0
2009-10-26 00:00:00+00:00,32.0,28035.0,67.0,67.0,67.0,67.0,0.0
2009-10-27 00:00:00+00:00,31.0,28030.0,66.95,66.95,66.95,66.95,0.0
2009-10-28 00:00:00+00:00,30.0,28165.0,66.4,66.4,66.4,66.4,0.0
2009-10-29 00:00:00+00:00,29.0,28310.0,67.15,67.15,67.15,67.15,0.0
2009-10-30 00:00:00+00:00,28.0,26815.0,67.25,67.25,67.25,67.25,0.0
2009-11-02 00:00:00+00:00,52.0,26865.0,67.4,67.4,67.4,67.4,0.0
2009-11-03 00:00:00+00:00,51.0,26885.0,67.2,67.2,67.2,67.2,0.0
2009-11-04 00:00:00+00:00,50.0,27015.0,67.35,67.35,67.35,67.35,0.0
2009-11-05 00:00:00+00:00,49.0,26975.0,67.65,67.65,67.65,67.65,0.0
2009-11-06 00:00:00+00:00,48.0,26985.0,67.8,67.8,67.8,67.8,0.0
2009-11-09 00:00:00+00:00,45.0,27046.0,69.0,69.0,69.0,69.0,0.0
2009-11-10 00:00:00+00:00,44.0,27106.0,69.35,69.35,69.35,69.35,0.0
2009-11-11 00:00:00+00:00,43.0,27840.0,69.5,69.5,69.5,69.5,0.0
2009-11-12 00:00:00+00:00,42.0,28302.0,68.75,68.75,68.75,68.75,0.0
2009-11-13 00:00:00+00:00,41.0,28521.0,68.9,68.9,68.9,68.9,0.0
2009-11-16 00:00:00+00:00,38.0,28685.0,69.15,69.15,69.15,69.15,0.0
2009-11-17 00:00:00+00:00,37.0,28906.0,69.1,69.1,69.1,69.1,0.0
2009-11-18 00:00:00+00:00,36.0,29141.0,69.1,69.1,69.1,69.1,0.0
2009-11-19 00:00:00+00:00,35.0,29456.0,68.45,68.45,68.45,68.45,0.0
2009-11-20 00:00:00+00:00,34.0,29661.0,67.6,67.6,67.6,67.6,0.0
2009-11-23 00:00:00+00:00,31.0,29941.0,68.25,68.25,68.25,68.25,0.0
2009-11-24 00:00:00+00:00,30.0,30011.0,67.65,67.65,67.65,67.65,0.0
2009-11-25 00:00:00+00:00,29.0,30166.0,67.7,67.7,67.7,67.7,0.0
2009-11-26 00:00:00+00:00,28.0,30241.0,68.15,68.15,68.15,68.15,0.0
2009-11-27 00:00:00+00:00,27.0,30271.0,68.7,68.7,68.7,68.7,0.0
2009-11-30 00:00:00+00:00,24.0,29130.0,68.45,68.45,68.45,68.45,0.0
2009-12-01 00:00:00+00:00,59.0,29055.0,69.6,69.6,69.6,69.6,0.0
2009-12-02 00:00:00+00:00,58.0,29385.0,68.7,68.7,68.7,68.7,0.0
2009-12-03 00:00:00+00:00,57.0,29360.0,69.15,69.15,69.15,69.15,0.0
2009-12-04 00:00:00+00:00,56.0,29296.0,68.75,68.75,68.75,68.75,0.0
2009-12-07 00:00:00+00:00,53.0,29711.0,68.45,68.45,68.45,68.45,0.0
2009-12-08 00:00:00+00:00,52.0,30156.0,69.55,69.55,69.55,69.55,0.0
2009-12-09 00:00:00+00:00,51.0,30031.0,69.9,69.9,69.9,69.9,0.0
2009-12-10 00:00:00+00:00,50.0,30041.0,70.15,70.15,70.15,70.15,0.0
2009-12-11 00:00:00+00:00,49.0,30341.0,70.7,70.7,70.7,70.7,0.0
2009-12-14 00:00:00+00:00,46.0,30448.0,70.95,70.95,70.95,70.95,0.0
2009-12-15 00:00:00+00:00,45.0,30393.0,72.15,72.15,72.15,72.15,0.0
2009-12-16 00:00:00+00:00,44.0,30415.0,73.9,73.9,73.9,73.9,0.0
2009-12-17 00:00:00+00:00,43.0,30430.0,73.8,73.8,73.8,73.8,0.0
2009-12-18 00:00:00+00:00,42.0,30320.0,75.3,75.3,75.3,75.3,0.0
2009-12-21 00:00:00+00:00,39.0,30270.0,76.4,76.4,76.4,76.4,0.0
2009-12-22 00:00:00+00:00,38.0,29890.0,78.0,78.0,78.0,78.0,0.0
2009-12-23 00:00:00+00:00,37.0,29780.0,78.75,78.75,78.75,78.75,0.0
2009-12-24 00:00:00+00:00,36.0,28585.0,78.95,78.95,78.95,78.95,0.0
2009-12-25 00:00:00+00:00,36.0,28585.0,,,,78.95,
2009-12-28 00:00:00+00:00,32.0,28395.0,78.95,78.95,78.95,78.95,0.0
2009-12-29 00:00:00+00:00,31.0,28550.0,80.45,80.45,80.45,80.45,0.0
2009-12-30 00:00:00+00:00,30.0,28600.0,80.9,80.9,80.9,80.9,0.0
2009-12-31 00:00:00+00:00,29.0,28615.0,80.15,80.15,80.15,80.15,0.0
2010-01-01 00:00:00+00:00,29.0,28615.0,,,,80.15,
2010-01-04 00:00:00+00:00,53.0,28765.0,84.25,84.25,84.25,84.25,0.0
2010-01-05 00:00:00+00:00,52.0,28655.0,88.85,88.85,88.85,88.85,0.0
2010-01-06 00:00:00+00:00,51.0,28530.0,88.95,88.95,88.95,88.95,0.0
2010-01-07 00:00:00+00:00,50.0,28455.0,93.1,93.1,93.1,93.1,0.0
2010-01-08 00:00:00+00:00,49.0,28465.0,91.2,91.2,91.2,91.2,0.0
2010-01-11 00:00:00+00:00,46.0,28225.0,88.55,88.55,88.55,88.55,0.0
2010-01-12 00:00:00+00:00,45.0,28485.0,84.7,84.7,84.7,84.7,0.0
2010-01-13 00:00:00+00:00,44.0,29135.0,82.65,82.65,82.65,82.65,0.0
2010-01-14 00:00:00+00:00,43.0,29930.0,83.55,83.55,83.55,83.55,0.0
2010-01-15 00:00:00+00:00,42.0,30155.0,86.05,86.05,86.05,86.05,0.0
2010-01-18 00:00:00+00:00,39.0,30285.0,85.1,85.1,85.1,85.1,0.0
2010-01-19 00:00:00+00:00,38.0,30290.0,85.8,85.8,85.8,85.8,0.0
2010-01-20 00:00:00+00:00,37.0,30900.0,83.2,83.2,83.2,83.2,0.0
2010-01-21 00:00:00+00:00,36.0,31250.0,81.7,81.7,81.7,81.7,0.0
2010-01-22 00:00:00+00:00,35.0,32200.0,81.85,81.85,81.85,81.85,0.0
2010-01-25 00:00:00+00:00,32.0,32170.0,82.35,82.35,82.35,82.35,0.0
2010-01-26 00:00:00+00:00,31.0,32950.0,82.6,82.6,82.6,82.6,0.0
2010-01-27 00:00:00+00:00,30.0,33050.0,83.4,83.4,83.4,83.4,0.0
2010-01-28 00:00:00+00:00,29.0,33720.0,81.5,81.5,81.5,81.5,0.0
2010-01-29 00:00:00+00:00,28.0,32675.0,86.4,86.4,86.4,86.4,0.0
2010-02-01 00:00:00+00:00,53.0,33060.0,84.6,84.6,84.6,84.6,0.0
2010-02-02 00:00:00+00:00,52.0,33035.0,84.4,84.4,84.4,84.4,0.0
2010-02-03 00:00:00+00:00,51.0,33440.0,83.6,83.6,83.6,83.6,0.0
2010-02-04 00:00:00+00:00,50.0,33595.0,83.0,83.0,83.0,83.0,0.0
2010-02-05 00:00:00+00:00,49.0,34390.0,82.9,82.9,82.9,82.9,0.0
2010-02-08 00:00:00+00:00,46.0,34560.0,81.5,81.5,81.5,81.5,0.0
2010-02-09 00:00:00+00:00,45.0,34750.0,81.9,81.9,81.9,81.9,0.0
2010-02-10 00:00:00+00:00,44.0,35210.0,80.5,80.5,80.5,80.5,0.0
2010-02-11 00:00:00+00:00,43.0,34860.0,79.5,79.5,79.5,79.5,0.0
2010-02-12 00:00:00+00:00,42.0,34570.0,79.9,79.9,79.9,79.9,0.0
2010-02-15 00:00:00+00:00,39.0,34420.0,79.65,79.65,79.65,79.65,0.0
2010-02-16 00:00:00+00:00,38.0,34475.0,82.9,82.9,82.9,82.9,0.0
2010-02-17 00:00:00+00:00,37.0,34565.0,80.75,80.75,80.75,80.75,0.0
2010-02-18 00:00:00+00:00,36.0,34802.0,81.6,81.6,81.6,81.6,0.0
2010-02-19 00:00:00+00:00,35.0,35264.0,82.25,82.25,82.25,82.25,0.0
2010-02-22 00:00:00+00:00,32.0,35205.0,83.3,83.3,83.3,83.3,0.0
2010-02-23 00:00:00+00:00,31.0,35930.0,83.05,83.05,83.05,83.05,0.0
2010-02-24 00:00:00+00:00,30.0,35530.0,83.55,83.55,83.55,83.55,0.0
2010-02-25 00:00:00+00:00,29.0,35965.0,83.9,83.9,83.9,83.9,0.0
2010-02-26 00:00:00+00:00,28.0,34095.0,84.75,84.75,84.75,84.75,0.0
2010-03-01 00:00:00+00:00,60.0,34195.0,84.2,84.2,84.2,84.2,0.0
2010-03-02 00:00:00+00:00,59.0,34640.0,83.55,83.55,83.55,83.55,0.0
2010-03-03 00:00:00+00:00,58.0,34985.0,82.45,82.45,82.45,82.45,0.0
2010-03-04 00:00:00+00:00,57.0,35650.0,82.4,82.4,82.4,82.4,0.0
2010-03-05 00:00:00+00:00,56.0,35375.0,81.8,81.8,81.8,81.8,0.0
2010-03-08 00:00:00+00:00,53.0,35270.0,81.75,81.75,81.75,81.75,0.0
2010-03-09 00:00:00+00:00,52.0,34975.0,80.7,80.7,80.7,80.7,0.0
2010-03-10 00:00:00+00:00,51.0,34720.0,81.8,81.8,81.8,81.8,0.0
2010-03-11 00:00:00+00:00,50.0,35020.0,82.35,82.35,82.35,82.35,0.0
2010-03-12 00:00:00+00:00,49.0,35445.0,82.8,82.8,82.8,82.8,0.0
2010-03-15 00:00:00+00:00,46.0,35305.0,82.85,82.85,82.85,82.85,0.0
2010-03-16 00:00:00+00:00,45.0,35240.0,83.2,83.2,83.2,83.2,0.0
2010-03-17 00:00:00+00:00,44.0,35520.0,82.85,82.85,82.85,82.85,0.0
2010-03-18 00:00:00+00:00,43.0,35600.0,82.85,82.85,82.85,82.85,0.0
2010-03-19 00:00:00+00:00,42.0,34905.0,82.2,82.2,82.2,82.2,0.0
2010-03-22 00:00:00+00:00,39.0,35155.0,81.1,81.1,81.1,81.1,0.0
2010-03-23 00:00:00+00:00,38.0,34925.0,81.1,81.1,81.1,81.1,0.0
2010-03-24 00:00:00+00:00,37.0,35165.0,79.6,79.6,79.6,79.6,0.0
2010-03-25 00:00:00+00:00,36.0,36040.0,79.25,79.25,79.25,79.25,0.0
2010-03-26 00:00:00+00:00,35.0,33450.0,81.4,81.4,81.4,81.4,0.0
2010-03-29 00:00:00+00:00,32.0,33515.0,82.65,82.65,82.65,82.65,0.0
2010-03-30 00:00:00+00:00,31.0,33875.0,83.05,83.05,83.05,83.05,0.0
2010-03-31 00:00:00+00:00,30.0,34190.0,84.25,84.25,84.25,84.25,0.0
2010-04-01 00:00:00+00:00,57.0,0.0,85.5,85.5,85.5,85.5,0.0
2010-04-02 00:00:00+00:00,57.0,0.0,,,,85.5,
2010-04-05 00:00:00+00:00,53.0,34425.0,85.5,85.5,85.5,85.5,0.0
2010-04-06 00:00:00+00:00,52.0,35040.0,87.35,87.35,87.35,87.35,0.0
2010-04-07 00:00:00+00:00,51.0,35660.0,86.75,86.75,86.75,86.75,0.0
2010-04-08 00:00:00+00:00,50.0,35530.0,87.6,87.6,87.6,87.6,0.0
2010-04-09 00:00:00+00:00,49.0,35565.0,87.75,87.75,87.75,87.75,0.0
2010-04-12 00:00:00+00:00,46.0,35560.0,86.3,86.3,86.3,86.3,0.0
2010-04-13 00:00:00+00:00,45.0,35675.0,84.45,84.45,84.45,84.45,0.0
2010-04-14 00:00:00+00:00,44.0,35525.0,84.65,84.65,84.65,84.65,0.0
2010-04-15 00:00:00+00:00,43.0,36015.0,84.8,84.8,84.8,84.8,0.0
2010-04-16 00:00:00+00:00,42.0,36500.0,84.75,84.75,84.75,84.75,0.0
2010-04-19 00:00:00+00:00,39.0,36745.0,85.45,85.45,85.45,85.45,0.0
2010-04-20 00:00:00+00:00,38.0,36375.0,87.05,87.05,87.05,87.05,0.0
2010-04-21 00:00:00+00:00,37.0,36710.0,90.7,90.7,90.7,90.7,0.0
2010-04-22 00:00:00+00:00,36.0,36985.0,92.05,92.05,92.05,92.05,0.0
2010-04-23 00:00:00+00:00,35.0,37323.0,96.8,96.8,96.8,96.8,0.0
2010-04-26 00:00:00+00:00,32.0,38043.0,100.3,100.3,100.3,100.3,0.0
2010-04-27 00:00:00+00:00,31.0,38303.0,97.15,97.15,97.15,97.15,0.0
2010-04-28 00:00:00+00:00,30.0,38093.0,94.35,94.35,94.35,94.35,0.0
2010-04-29 00:00:00+00:00,29.0,38238.0,94.3,94.3,94.3,94.3,0.0
2010-04-30 00:00:00+00:00,28.0,34973.0,94.7,94.7,94.7,94.7,0.0
2010-05-03 00:00:00+00:00,53.0,35448.0,94.65,94.65,94.65,94.65,0.0
2010-05-04 00:00:00+00:00,52.0,35468.0,96.25,96.25,96.25,96.25,0.0
2010-05-05 00:00:00+00:00,51.0,35703.0,93.4,93.4,93.4,93.4,0.0
2010-05-06 00:00:00+00:00,50.0,35568.0,92.9,92.9,92.9,92.9,0.0
2010-05-07 00:00:00+00:00,49.0,36063.0,91.9,91.9,91.9,91.9,0.0
2010-05-10 00:00:00+00:00,46.0,36092.0,92.0,92.0,92.0,92.0,0.0
2010-05-11 00:00:00+00:00,45.0,36110.0,89.9,89.9,89.9,89.9,0.0
2010-05-12 00:00:00+00:00,44.0,35918.0,88.5,88.5,88.5,88.5,0.0
2010-05-13 00:00:00+00:00,43.0,35508.0,88.9,88.9,88.9,88.9,0.0
2010-05-14 00:00:00+00:00,42.0,35598.0,89.4,89.4,89.4,89.4,0.0
2010-05-17 00:00:00+00:00,39.0,35633.0,87.25,87.25,87.25,87.25,0.0
2010-05-18 00:00:00+00:00,38.0,35488.0,89.9,89.9,89.9,89.9,0.0
2010-05-19 00:00:00+00:00,37.0,35459.0,86.75,86.75,86.75,86.75,0.0
2010-05-20 00:00:00+00:00,36.0,34939.0,87.75,87.75,87.75,87.75,0.0
2010-05-21 00:00:00+00:00,35.0,34944.0,90.0,90.0,90.0,90.0,0.0
2010-05-24 00:00:00+00:00,32.0,34653.0,93.4,93.4,93.4,93.4,0.0
2010-05-25 00:00:00+00:00,31.0,34963.0,92.5,92.5,92.5,92.5,0.0
2010-05-26 00:00:00+00:00,30.0,34893.0,92.4,92.4,92.4,92.4,0.0
2010-05-27 00:00:00+00:00,29.0,34883.0,91.35,91.35,91.35,91.35,0.0
2010-05-28 00:00:00+00:00,28.0,31408.0,92.55,92.55,92.55,92.55,0.0
2010-05-31 00:00:00+00:00,28.0,1055.0,,,,92.55,
2010-06-01 00:00:00+00:00,59.0,31558.0,91.75,91.75,91.75,91.75,0.0
2010-06-02 00:00:00+00:00,58.0,31603.0,92.15,92.15,92.15,92.15,0.0
2010-06-03 00:00:00+00:00,57.0,31688.0,92.5,92.5,92.5,92.5,0.0
2010-06-04 00:00:00+00:00,56.0,31743.0,92.5,92.5,92.5,92.5,0.0
2010-06-07 00:00:00+00:00,53.0,31598.0,92.15,92.15,92.15,92.15,0.0
2010-06-08 00:00:00+00:00,52.0,31648.0,93.4,93.4,93.4,93.4,0.0
2010-06-09 00:00:00+00:00,51.0,31308.0,93.9,93.9,93.9,93.9,0.0
2010-06-10 00:00:00+00:00,50.0,31468.0,93.35,93.35,93.35,93.35,0.0
2010-06-11 00:00:00+00:00,49.0,31563.0,93.0,93.0,93.0,93.0,0.0
2010-06-14 00:00:00+00:00,46.0,31218.0,94.15,94.15,94.15,94.15,0.0
2010-06-15 00:00:00+00:00,45.0,31403.0,93.65,93.65,93.65,93.65,0.0
2010-06-16 00:00:00+00:00,44.0,32075.0,93.35,93.35,93.35,93.35,0.0
2010-06-17 00:00:00+00:00,43.0,31950.0,93.15,93.15,93.15,93.15,0.0
2010-06-18 00:00:00+00:00,42.0,32175.0,92.25,92.25,92.25,92.25,0.0
2010-06-21 00:00:00+00:00,39.0,32675.0,92.4,92.4,92.4,92.4,0.0
2010-06-22 00:00:00+00:00,38.0,33085.0,91.35,91.35,91.35,91.35,0.0
2010-06-23 00:00:00+00:00,37.0,33090.0,90.5,90.5,90.5,90.5,0.0
2010-06-24 00:00:00+00:00,36.0,32985.0,92.25,92.25,92.25,92.25,0.0
2010-06-25 00:00:00+00:00,35.0,30535.0,92.25,92.25,92.25,92.25,0.0
2010-06-28 00:00:00+00:00,32.0,30215.0,92.65,92.65,92.65,92.65,0.0
2010-06-29 00:00:00+00:00,31.0,30180.0,92.3,92.3,92.3,92.3,0.0
2010-06-30 00:00:00+00:00,30.0,30795.0,91.5,91.5,91.5,91.5,0.0
2010-07-01 00:00:00+00:00,57.0,31530.0,90.75,90.75,90.75,90.75,0.0
2010-07-02 00:00:00+00:00,56.0,31860.0,90.25,90.25,90.25,90.25,0.0
2010-07-05 00:00:00+00:00,53.0,31740.0,89.95,89.95,89.95,89.95,0.0
2010-07-06 00:00:00+00:00,52.0,32345.0,90.35,90.35,90.35,90.35,0.0
2010-07-07 00:00:00+00:00,51.0,32615.0,90.45,90.45,90.45,90.45,0.0
2010-07-08 00:00:00+00:00,50.0,32810.0,91.3,91.3,91.3,91.3,0.0
2010-07-09 00:00:00+00:00,49.0,32750.0,91.5,91.5,91.5,91.5,0.0
2010-07-12 00:00:00+00:00,46.0,32830.0,91.15,91.15,91.15,91.15,0.0
2010-07-13 00:00:00+00:00,45.0,33405.0,90.9,90.9,90.9,90.9,0.0
2010-07-14 00:00:00+00:00,44.0,33885.0,91.2,91.2,91.2,91.2,0.0
2010-07-15 00:00:00+00:00,43.0,34085.0,91.65,91.65,91.65,91.65,0.0
2010-07-16 00:00:00+00:00,42.0,34160.0,91.55,91.55,91.55,91.55,0.0
2010-07-19 00:00:00+00:00,39.0,34655.0,91.1,91.1,91.1,91.1,0.0
2010-07-20 00:00:00+00:00,38.0,34805.0,90.9,90.9,90.9,90.9,0.0
2010-07-21 00:00:00+00:00,37.0,34725.0,90.45,90.45,90.45,90.45,0.0
2010-07-22 00:00:00+00:00,36.0,34945.0,90.65,90.65,90.65,90.65,0.0
2010-07-23 00:00:00+00:00,35.0,34945.0,90.55,90.55,90.55,90.55,0.0
2010-07-26 00:00:00+00:00,32.0,35135.0,90.05,90.05,90.05,90.05,0.0
2010-07-27 00:00:00+00:00,31.0,35155.0,89.85,89.85,89.85,89.85,0.0
2010-07-28 00:00:00+00:00,30.0,35260.0,89.6,89.6,89.6,89.6,0.0
2010-07-29 00:00:00+00:00,29.0,35285.0,90.2,90.2,90.2,90.2,0.0
2010-07-30 00:00:00+00:00,28.0,33265.0,90.2,90.2,90.2,90.2,0.0
2010-08-02 00:00:00+00:00,53.0,33780.0,90.6,90.6,90.6,90.6,0.0
2010-08-03 00:00:00+00:00,52.0,35165.0,91.1,91.1,91.1,91.1,0.0
2010-08-04 00:00:00+00:00,51.0,35545.0,90.75,90.75,90.75,90.75,0.0
2010-08-05 00:00:00+00:00,50.0,35795.0,90.3,90.3,90.3,90.3,0.0
2010-08-06 00:00:00+00:00,49.0,35680.0,89.75,89.75,89.75,89.75,0.0
2010-08-09 00:00:00+00:00,46.0,35978.0,89.35,89.35,89.35,89.35,0.0
2010-08-10 00:00:00+00:00,45.0,36023.0,88.65,88.65,88.65,88.65,0.0
2010-08-11 00:00:00+00:00,44.0,36067.0,87.3,87.3,87.3,87.3,0.0
2010-08-12 00:00:00+00:00,43.0,36310.0,86.85,86.85,86.85,86.85,0.0
2010-08-13 00:00:00+00:00,42.0,36350.0,86.3,86.3,86.3,86.3,0.0
2010-08-16 00:00:00+00:00,39.0,36610.0,86.1,86.1,86.1,86.1,0.0
2010-08-17 00:00:00+00:00,38.0,36585.0,87.3,87.3,87.3,87.3,0.0
2010-08-18 00:00:00+00:00,37.0,36585.0,87.75,87.75,87.75,87.75,0.0
2010-08-19 00:00:00+00:00,36.0,36855.0,88.45,88.45,88.45,88.45,0.0
2010-08-20 00:00:00+00:00,35.0,37125.0,88.8,88.8,88.8,88.8,0.0
2010-08-23 00:00:00+00:00,32.0,37030.0,88.15,88.15,88.15,88.15,0.0
2010-08-24 00:00:00+00:00,31.0,37085.0,87.65,87.65,87.65,87.65,0.0
2010-08-25 00:00:00+00:00,30.0,37060.0,87.55,87.55,87.55,87.55,0.0
2010-08-26 00:00:00+00:00,29.0,37410.0,88.0,88.0,88.0,88.0,0.0
2010-08-27 00:00:00+00:00,28.0,35690.0,88.95,88.95,88.95,88.95,0.0
2010-08-30 00:00:00+00:00,28.0,35690.0,,,,88.95,
2010-08-31 00:00:00+00:00,24.0,35718.0,88.75,88.75,88.75,88.75,0.0
2010-09-01 00:00:00+00:00,58.0,35923.0,88.75,88.75,88.75,88.75,0.0
2010-09-02 00:00:00+00:00,57.0,35903.0,88.65,88.65,88.65,88.65,0.0
2010-09-03 00:00:00+00:00,56.0,36028.0,88.98,88.98,88.98,88.98,0.0
2010-09-06 00:00:00+00:00,53.0,36083.0,88.12,88.12,88.12,88.12,0.0
2010-09-07 00:00:00+00:00,52.0,36363.0,87.42,87.42,87.42,87.42,0.0
2010-09-08 00:00:00+00:00,51.0,36428.0,86.22,86.22,86.22,86.22,0.0
2010-09-09 00:00:00+00:00,50.0,36485.0,85.65,85.65,85.65,85.65,0.0
2010-09-10 00:00:00+00:00,49.0,36819.0,85.87,85.87,85.87,85.87,0.0
2010-09-13 00:00:00+00:00,46.0,36854.0,86.6,86.6,86.6,86.6,0.0
2010-09-14 00:00:00+00:00,45.0,37089.0,87.43,87.43,87.43,87.43,0.0
2010-09-15 00:00:00+00:00,44.0,37659.0,87.13,87.13,87.13,87.13,0.0
2010-09-16 00:00:00+00:00,43.0,37569.0,87.23,87.23,87.23,87.23,0.0
2010-09-17 00:00:00+00:00,42.0,37699.0,87.33,87.33,87.33,87.33,0.0
2010-09-20 00:00:00+00:00,39.0,37654.0,86.77,86.77,86.77,86.77,0.0
2010-09-21 00:00:00+00:00,38.0,37544.0,86.89,86.89,86.89,86.89,0.0
2010-09-22 00:00:00+00:00,37.0,37574.0,86.8,86.8,86.8,86.8,0.0
2010-09-23 00:00:00+00:00,36.0,37559.0,87.1,87.1,87.1,87.1,0.0
2010-09-24 00:00:00+00:00,35.0,35414.0,87.97,87.97,87.97,87.97,0.0
2010-09-27 00:00:00+00:00,32.0,35574.0,87.55,87.55,87.55,87.55,0.0
2010-09-28 00:00:00+00:00,31.0,35514.0,87.63,87.63,87.63,87.63,0.0
2010-09-29 00:00:00+00:00,30.0,35644.0,88.58,88.58,88.58,88.58,0.0
2010-09-30 00:00:00+00:00,29.0,35614.0,89.18,89.18,89.18,89.18,0.0
2010-10-01 00:00:00+00:00,56.0,35869.0,90.3,90.3,90.3,90.3,0.0
2010-10-04 00:00:00+00:00,53.0,36054.0,89.7,89.7,89.7,89.7,0.0
2010-10-05 00:00:00+00:00,52.0,36059.0,90.18,90.18,90.18,90.18,0.0
2010-10-06 00:00:00+00:00,51.0,36299.0,90.93,90.93,90.93,90.93,0.0
2010-10-07 00:00:00+00:00,50.0,36691.0,90.9,90.9,90.9,90.9,0.0
2010-10-08 00:00:00+00:00,49.0,36966.0,90.45,90.45,90.45,90.45,0.0
2010-10-11 00:00:00+00:00,46.0,36951.0,90.83,90.83,90.83,90.83,0.0
2010-10-12 00:00:00+00:00,45.0,37176.0,90.1,90.1,90.1,90.1,0.0
2010-10-13 00:00:00+00:00,44.0,37161.0,91.47,91.47,91.47,91.47,0.0
2010-10-14 00:00:00+00:00,43.0,37171.0,92.73,92.73,92.73,92.73,0.0
2010-10-15 00:00:00+00:00,42.0,37223.0,92.63,92.63,92.63,92.63,0.0
2010-10-18 00:00:00+00:00,39.0,37208.0,93.6,93.6,93.6,93.6,0.0
2010-10-19 00:00:00+00:00,38.0,37283.0,93.15,93.15,93.15,93.15,0.0
2010-10-20 00:00:00+00:00,37.0,37788.0,94.1,94.1,94.1,94.1,0.0
2010-10-21 00:00:00+00:00,36.0,38566.0,95.8,95.8,95.8,95.8,0.0
2010-10-22 00:00:00+00:00,35.0,39241.0,95.25,95.25,95.25,95.25,0.0
2010-10-25 00:00:00+00:00,32.0,39611.0,97.0,97.0,97.0,97.0,0.0
2010-10-26 00:00:00+00:00,31.0,39414.0,97.25,97.25,97.25,97.25,0.0
2010-10-27 00:00:00+00:00,30.0,39404.0,96.95,96.95,96.95,96.95,0.0
2010-10-28 00:00:00+00:00,29.0,39905.0,97.8,97.8,97.8,97.8,0.0
2010-10-29 00:00:00+00:00,28.0,36540.0,99.5,99.5,99.5,99.5,0.0
2010-11-01 00:00:00+00:00,60.0,36743.0,101.2,101.2,101.2,101.2,0.0
2010-11-02 00:00:00+00:00,59.0,37408.0,101.8,101.8,101.8,101.8,0.0
2010-11-03 00:00:00+00:00,58.0,37863.0,101.4,101.4,101.4,101.4,0.0
2010-11-04 00:00:00+00:00,57.0,38405.0,101.0,101.0,101.0,101.0,0.0
2010-11-05 00:00:00+00:00,56.0,39455.0,100.7,100.7,100.7,100.7,0.0
2010-11-08 00:00:00+00:00,53.0,39449.0,100.3,100.3,100.3,100.3,0.0
2010-11-09 00:00:00+00:00,52.0,39489.0,100.5,100.5,100.5,100.5,0.0
2010-11-10 00:00:00+00:00,51.0,39799.0,102.85,102.85,102.85,102.85,0.0
2010-11-11 00:00:00+00:00,50.0,40045.0,105.35,105.35,105.35,105.35,0.0
2010-11-12 00:00:00+00:00,49.0,40180.0,107.0,107.0,107.0,107.0,0.0
2010-11-15 00:00:00+00:00,46.0,40270.0,109.2,109.2,109.2,109.2,0.0
2010-11-16 00:00:00+00:00,45.0,40311.0,106.7,106.7,106.7,106.7,0.0
2010-11-17 00:00:00+00:00,44.0,40031.0,103.6,103.6,103.6,103.6,0.0
2010-11-18 00:00:00+00:00,43.0,39895.0,104.7,104.7,104.7,104.7,0.0
2010-11-19 00:00:00+00:00,42.0,39810.0,104.55,104.55,104.55,104.55,0.0
2010-11-22 00:00:00+00:00,39.0,40045.0,104.75,104.75,104.75,104.75,0.0
2010-11-23 00:00:00+00:00,38.0,39750.0,102.75,102.75,102.75,102.75,0.0
2010-11-24 00:00:00+00:00,37.0,39730.0,102.5,102.5,102.5,102.5,0.0
2010-11-25 00:00:00+00:00,36.0,39830.0,102.75,102.75,102.75,102.75,0.0
2010-11-26 00:00:00+00:00,35.0,36730.0,103.5,103.5,103.5,103.5,0.0
2010-11-29 00:00:00+00:00,32.0,37080.0,106.1,106.1,106.1,106.1,0.0
2010-11-30 00:00:00+00:00,31.0,37255.0,106.1,106.1,106.1,106.1,0.0
2010-12-01 00:00:00+00:00,58.0,37380.0,107.0,107.0,107.0,107.0,0.0
2010-12-02 00:00:00+00:00,57.0,37511.0,107.9,107.9,107.9,107.9,0.0
2010-12-03 00:00:00+00:00,56.0,37586.0,109.3,109.3,109.3,109.3,0.0
2010-12-06 00:00:00+00:00,53.0,37636.0,110.65,110.65,110.65,110.65,0.0
2010-12-07 00:00:00+00:00,52.0,37461.0,110.1,110.1,110.1,110.1,0.0
2010-12-08 00:00:00+00:00,51.0,37436.0,109.55,109.55,109.55,109.55,0.0
2010-12-09 00:00:00+00:00,50.0,37436.0,108.4,108.4,108.4,108.4,0.0
2010-12-10 00:00:00+00:00,49.0,36936.0,110.9,110.9,110.9,110.9,0.0
2010-12-13 00:00:00+00:00,46.0,36916.0,112.1,112.1,112.1,112.1,0.0
2010-12-14 00:00:00+00:00,45.0,36886.0,111.1,111.1,111.1,111.1,0.0
2010-12-15 00:00:00+00:00,44.0,37061.0,111.1,111.1,111.1,111.1,0.0
2010-12-16 00:00:00+00:00,43.0,37121.0,113.75,113.75,113.75,113.75,0.0
2010-12-17 00:00:00+00:00,42.0,37216.0,117.2,117.2,117.2,117.2,0.0
2010-12-20 00:00:00+00:00,39.0,37540.0,118.4,118.4,118.4,118.4,0.0
2010-12-21 00:00:00+00:00,38.0,37533.0,118.85,118.85,118.85,118.85,0.0
2010-12-22 00:00:00+00:00,37.0,37576.0,121.85,121.85,121.85,121.85,0.0
2010-12-23 00:00:00+00:00,36.0,37636.0,123.5,123.5,123.5,123.5,0.0
2010-12-24 00:00:00+00:00,35.0,37661.0,123.4,123.4,123.4,123.4,0.0
2010-12-27 00:00:00+00:00,32.0,37695.0,123.4,123.4,123.4,123.4,0.0
2010-12-28 00:00:00+00:00,31.0,37695.0,123.4,123.4,123.4,123.4,0.0
2010-12-29 00:00:00+00:00,30.0,37901.0,128.9,128.9,128.9,128.9,0.0
2010-12-30 00:00:00+00:00,29.0,37499.0,130.8,130.8,130.8,130.8,0.0
2010-12-31 00:00:00+00:00,28.0,34344.0,130.75,130.75,130.75,130.75,0.0
2011-01-03 00:00:00+00:00,53.0,34344.0,127.9,127.9,127.9,127.9,0.0
2011-01-04 00:00:00+00:00,52.0,34224.0,127.1,127.1,127.1,127.1,0.0
2011-01-05 00:00:00+00:00,51.0,34446.0,122.25,122.25,122.25,122.25,0.0
2011-01-06 00:00:00+00:00,50.0,34301.0,125.2,125.2,125.2,125.2,0.0
2011-01-07 00:00:00+00:00,49.0,34304.0,128.15,128.15,128.15,128.15,0.0
2011-01-10 00:00:00+00:00,46.0,34694.0,130.0,130.0,130.0,130.0,0.0
2011-01-11 00:00:00+00:00,45.0,34849.0,129.85,129.85,129.85,129.85,0.0
2011-01-12 00:00:00+00:00,44.0,34926.0,128.5,128.5,128.5,128.5,0.0
2011-01-13 00:00:00+00:00,43.0,35239.0,127.5,127.5,127.5,127.5,0.0
2011-01-14 00:00:00+00:00,42.0,34919.0,123.45,123.45,123.45,123.45,0.0
2011-01-17 00:00:00+00:00,39.0,35074.0,121.65,121.65,121.65,121.65,0.0
2011-01-18 00:00:00+00:00,38.0,35119.0,121.75,121.75,121.75,121.75,0.0
2011-01-19 00:00:00+00:00,37.0,35499.0,121.5,121.5,121.5,121.5,0.0
2011-01-20 00:00:00+00:00,36.0,35529.0,119.75,119.75,119.75,119.75,0.0
2011-01-21 00:00:00+00:00,35.0,35634.0,115.75,115.75,115.75,115.75,0.0
2011-01-24 00:00:00+00:00,32.0,35719.0,115.0,115.0,115.0,115.0,0.0
2011-01-25 00:00:00+00:00,31.0,36079.0,114.5,114.5,114.5,114.5,0.0
2011-01-26 00:00:00+00:00,30.0,36514.0,115.0,115.0,115.0,115.0,0.0
2011-01-27 00:00:00+00:00,29.0,36759.0,116.65,116.65,116.65,116.65,0.0
2011-01-28 00:00:00+00:00,28.0,34624.0,118.9,118.9,118.9,118.9,0.0
2011-01-31 00:00:00+00:00,25.0,34769.0,121.5,121.5,121.5,121.5,0.0
2011-02-01 00:00:00+00:00,52.0,35242.0,120.7,120.7,120.7,120.7,0.0
2011-02-02 00:00:00+00:00,51.0,35269.0,120.15,120.15,120.15,120.15,0.0
2011-02-03 00:00:00+00:00,50.0,35918.0,120.4,120.4,120.4,120.4,0.0
2011-02-04 00:00:00+00:00,49.0,36131.0,119.55,119.55,119.55,119.55,0.0
2011-02-07 00:00:00+00:00,46.0,36075.0,115.3,115.3,115.3,115.3,0.0
2011-02-08 00:00:00+00:00,45.0,36285.0,113.95,113.95,113.95,113.95,0.0
2011-02-09 00:00:00+00:00,44.0,36615.0,112.55,112.55,112.55,112.55,0.0
2011-02-10 00:00:00+00:00,43.0,37020.0,113.65,113.65,113.65,113.65,0.0
2011-02-11 00:00:00+00:00,42.0,37366.0,114.8,114.8,114.8,114.8,0.0
2011-02-14 00:00:00+00:00,39.0,37246.0,114.15,114.15,114.15,114.15,0.0
2011-02-15 00:00:00+00:00,38.0,37401.0,114.05,114.05,114.05,114.05,0.0
2011-02-16 00:00:00+00:00,37.0,37671.0,114.65,114.65,114.65,114.65,0.0
2011-02-17 00:00:00+00:00,36.0,38246.0,116.2,116.2,116.2,116.2,0.0
2011-02-18 00:00:00+00:00,35.0,38646.0,117.1,117.1,117.1,117.1,0.0
2011-02-21 00:00:00+00:00,32.0,38966.0,118.2,118.2,118.2,118.2,0.0
2011-02-22 00:00:00+00:00,31.0,39076.0,118.4,118.4,118.4,118.4,0.0
2011-02-23 00:00:00+00:00,30.0,39426.0,117.95,117.95,117.95,117.95,0.0
2011-02-24 00:00:00+00:00,29.0,39528.0,117.75,117.75,117.75,117.75,0.0
2011-02-25 00:00:00+00:00,28.0,37461.0,118.15,118.15,118.15,118.15,0.0
2011-02-28 00:00:00+00:00,25.0,37689.0,119.45,119.45,119.45,119.45,0.0
2011-03-01 00:00:00+00:00,58.0,37799.0,118.55,118.55,118.55,118.55,0.0
2011-03-02 00:00:00+00:00,57.0,37700.0,119.0,119.0,119.0,119.0,0.0
2011-03-03 00:00:00+00:00,56.0,38155.0,119.25,119.25,119.25,119.25,0.0
2011-03-04 00:00:00+00:00,55.0,37930.0,119.9,119.9,119.9,119.9,0.0
2011-03-07 00:00:00+00:00,52.0,38160.0,120.8,120.8,120.8,120.8,0.0
2011-03-08 00:00:00+00:00,51.0,38000.0,119.45,119.45,119.45,119.45,0.0
2011-03-09 00:00:00+00:00,50.0,38230.0,119.4,119.4,119.4,119.4,0.0
2011-03-10 00:00:00+00:00,49.0,37790.0,118.5,118.5,118.5,118.5,0.0
2011-03-11 00:00:00+00:00,48.0,38190.0,119.95,119.95,119.95,119.95,0.0
2011-03-14 00:00:00+00:00,45.0,38070.0,121.55,121.55,121.55,121.55,0.0
2011-03-15 00:00:00+00:00,44.0,37834.0,123.25,123.25,123.25,123.25,0.0
2011-03-16 00:00:00+00:00,43.0,37834.0,125.8,125.8,125.8,125.8,0.0
2011-03-17 00:00:00+00:00,42.0,38350.0,121.6,121.6,121.6,121.6,0.0
2011-03-18 00:00:00+00:00,41.0,38451.0,121.1,121.1,121.1,121.1,0.0
2011-03-21 00:00:00+00:00,38.0,38656.0,122.45,122.45,122.45,122.45,0.0
2011-03-22 00:00:00+00:00,37.0,38656.0,122.7,122.7,122.7,122.7,0.0
2011-03-23 00:00:00+00:00,36.0,38685.0,122.9,122.9,122.9,122.9,0.0
2011-03-24 00:00:00+00:00,35.0,38705.0,121.35,121.35,121.35,121.35,0.0
2011-03-25 00:00:00+00:00,34.0,36438.0,120.5,120.5,120.5,120.5,0.0
2011-03-28 00:00:00+00:00,31.0,36563.0,119.8,119.8,119.8,119.8,0.0
2011-03-29 00:00:00+00:00,30.0,36818.0,119.05,119.05,119.05,119.05,0.0
2011-03-30 00:00:00+00:00,29.0,37488.0,119.1,119.1,119.1,119.1,0.0
2011-03-31 00:00:00+00:00,28.0,37578.0,120.95,120.95,120.95,120.95,0.0
2011-04-01 00:00:00+00:00,56.0,37602.0,123.0,123.0,123.0,123.0,0.0
2011-04-04 00:00:00+00:00,53.0,37427.0,125.25,125.25,125.25,125.25,0.0
2011-04-05 00:00:00+00:00,52.0,37807.0,123.5,123.5,123.5,123.5,0.0
2011-04-06 00:00:00+00:00,51.0,38712.0,123.9,123.9,123.9,123.9,0.0
2011-04-07 00:00:00+00:00,50.0,39311.0,123.1,123.1,123.1,123.1,0.0
2011-04-08 00:00:00+00:00,49.0,39256.0,123.85,123.85,123.85,123.85,0.0
2011-04-11 00:00:00+00:00,46.0,39361.0,124.25,124.25,124.25,124.25,0.0
2011-04-12 00:00:00+00:00,45.0,39151.0,123.0,123.0,123.0,123.0,0.0
2011-04-13 00:00:00+00:00,44.0,39191.0,122.85,122.85,122.85,122.85,0.0
2011-04-14 00:00:00+00:00,43.0,39251.0,123.25,123.25,123.25,123.25,0.0
2011-04-15 00:00:00+00:00,42.0,39121.0,125.2,125.2,125.2,125.2,0.0
2011-04-18 00:00:00+00:00,39.0,39106.0,123.2,123.2,123.2,123.2,0.0
2011-04-19 00:00:00+00:00,38.0,39171.0,122.95,122.95,122.95,122.95,0.0
2011-04-20 00:00:00+00:00,37.0,39174.0,123.6,123.6,123.6,123.6,0.0
2011-04-21 00:00:00+00:00,36.0,39274.0,123.8,123.8,123.8,123.8,0.0
2011-04-22 00:00:00+00:00,36.0,39274.0,,,,123.8,
2011-04-25 00:00:00+00:00,32.0,39049.0,123.8,123.8,123.8,123.8,0.0
2011-04-26 00:00:00+00:00,31.0,39519.0,122.75,122.75,122.75,122.75,0.0
2011-04-27 00:00:00+00:00,30.0,39444.0,123.4,123.4,123.4,123.4,0.0
2011-04-28 00:00:00+00:00,29.0,39524.0,124.3,124.3,124.3,124.3,0.0
2011-04-29 00:00:00+00:00,28.0,37035.0,124.3,124.3,124.3,124.3,0.0
2011-05-02 00:00:00+00:00,53.0,0.0,124.35,124.35,124.35,124.35,0.0
2011-05-03 00:00:00+00:00,52.0,37185.0,124.45,124.45,124.45,124.45,0.0
2011-05-04 00:00:00+00:00,51.0,37210.0,124.55,124.55,124.55,124.55,0.0
2011-05-05 00:00:00+00:00,50.0,37280.0,123.3,123.3,123.3,123.3,0.0
2011-05-06 00:00:00+00:00,49.0,37275.0,123.35,123.35,123.35,123.35,0.0
2011-05-09 00:00:00+00:00,46.0,37380.0,123.0,123.0,123.0,123.0,0.0
2011-05-10 00:00:00+00:00,45.0,37485.0,121.75,121.75,121.75,121.75,0.0
2011-05-11 00:00:00+00:00,44.0,37780.0,120.7,120.7,120.7,120.7,0.0
2011-05-12 00:00:00+00:00,43.0,37825.0,118.95,118.95,118.95,118.95,0.0
2011-05-13 00:00:00+00:00,42.0,37865.0,117.85,117.85,117.85,117.85,0.0
2011-05-16 00:00:00+00:00,39.0,37815.0,118.55,118.55,118.55,118.55,0.0
2011-05-17 00:00:00+00:00,38.0,37795.0,118.6,118.6,118.6,118.6,0.0
2011-05-18 00:00:00+00:00,37.0,37985.0,118.75,118.75,118.75,118.75,0.0
2011-05-19 00:00:00+00:00,36.0,37960.0,120.5,120.5,120.5,120.5,0.0
2011-05-20 00:00:00+00:00,35.0,37870.0,120.2,120.2,120.2,120.2,0.0
2011-05-23 00:00:00+00:00,32.0,37810.0,119.2,119.2,119.2,119.2,0.0
2011-05-24 00:00:00+00:00,31.0,37760.0,119.65,119.65,119.65,119.65,0.0
2011-05-25 00:00:00+00:00,30.0,37785.0,118.7,118.7,118.7,118.7,0.0
2011-05-26 00:00:00+00:00,29.0,37800.0,118.1,118.1,118.1,118.1,0.0
2011-05-27 00:00:00+00:00,28.0,35235.0,119.65,119.65,119.65,119.65,0.0
2011-05-30 00:00:00+00:00,25.0,35235.0,119.65,119.65,119.65,119.65,0.0
2011-05-31 00:00:00+00:00,24.0,35225.0,119.4,119.4,119.4,119.4,0.0
2011-06-01 00:00:00+00:00,58.0,35390.0,119.45,119.45,119.45,119.45,0.0
2011-06-02 00:00:00+00:00,57.0,35390.0,119.6,119.6,119.6,119.6,0.0
2011-06-03 00:00:00+00:00,56.0,35470.0,120.35,120.35,120.35,120.35,0.0
2011-06-06 00:00:00+00:00,53.0,35590.0,121.35,121.35,121.35,121.35,0.0
2011-06-07 00:00:00+00:00,52.0,35375.0,122.25,122.25,122.25,122.25,0.0
2011-06-08 00:00:00+00:00,51.0,35430.0,122.05,122.05,122.05,122.05,0.0
2011-06-09 00:00:00+00:00,50.0,35395.0,121.45,121.45,121.45,121.45,0.0
2011-06-10 00:00:00+00:00,49.0,35405.0,120.6,120.6,120.6,120.6,0.0
2011-06-13 00:00:00+00:00,46.0,35383.0,121.35,121.35,121.35,121.35,0.0
2011-06-14 00:00:00+00:00,45.0,35635.0,121.5,121.5,121.5,121.35,10.0
2011-06-15 00:00:00+00:00,44.0,35785.0,120.5,120.5,120.5,120.7,5.0
2011-06-16 00:00:00+00:00,43.0,35900.0,119.55,119.55,119.55,119.55,0.0
2011-06-17 00:00:00+00:00,42.0,35875.0,119.2,119.2,119.2,119.2,0.0
2011-06-20 00:00:00+00:00,39.0,35893.0,119.05,119.05,119.05,119.05,0.0
2011-06-21 00:00:00+00:00,38.0,35623.0,118.95,118.95,118.95,118.95,0.0
2011-06-22 00:00:00+00:00,37.0,35690.0,119.7,119.7,119.7,119.7,0.0
2011-06-23 00:00:00+00:00,36.0,35745.0,118.85,118.85,118.85,118.85,0.0
2011-06-24 00:00:00+00:00,35.0,33405.0,118.85,118.85,118.85,118.85,0.0
2011-06-27 00:00:00+00:00,32.0,33555.0,118.65,118.65,118.65,118.65,0.0
2011-06-28 00:00:00+00:00,31.0,33525.0,118.7,118.7,118.7,118.7,0.0
2011-06-29 00:00:00+00:00,30.0,33560.0,119.05,119.05,119.05,119.05,0.0
2011-06-30 00:00:00+00:00,29.0,33705.0,118.45,118.45,118.45,118.45,0.0
2011-07-01 00:00:00+00:00,56.0,33946.0,119.95,119.95,119.95,119.95,0.0
2011-07-04 00:00:00+00:00,53.0,33976.0,119.95,119.95,119.95,119.95,0.0
2011-07-05 00:00:00+00:00,52.0,33986.0,120.5,120.5,120.5,120.5,0.0
2011-07-06 00:00:00+00:00,51.0,33931.0,119.15,119.15,119.15,119.15,0.0
2011-07-07 00:00:00+00:00,50.0,33641.0,118.9,118.9,118.9,118.9,0.0
2011-07-08 00:00:00+00:00,49.0,33671.0,118.65,118.65,118.65,118.65,0.0
2011-07-11 00:00:00+00:00,46.0,33766.0,116.75,116.75,116.75,116.75,0.0
2011-07-12 00:00:00+00:00,45.0,34146.0,117.5,117.5,117.5,117.5,0.0
2011-07-13 00:00:00+00:00,44.0,34551.0,117.85,117.85,117.85,117.85,0.0
2011-07-14 00:00:00+00:00,43.0,34691.0,117.3,117.3,117.3,117.3,0.0
2011-07-15 00:00:00+00:00,42.0,34816.0,117.4,117.4,117.4,117.4,0.0
2011-07-18 00:00:00+00:00,39.0,34911.0,116.6,116.6,116.6,116.6,0.0
2011-07-19 00:00:00+00:00,38.0,35372.0,117.15,117.15,117.15,117.15,0.0
2011-07-20 00:00:00+00:00,37.0,35472.0,117.65,117.65,117.65,117.65,0.0
2011-07-21 00:00:00+00:00,36.0,35562.0,118.2,118.2,118.2,118.2,0.0
2011-07-22 00:00:00+00:00,35.0,36035.0,118.4,118.4,118.4,118.4,0.0
2011-07-25 00:00:00+00:00,32.0,36125.0,118.25,118.25,118.25,118.25,0.0
2011-07-26 00:00:00+00:00,31.0,36420.0,118.55,118.55,118.55,118.55,0.0
2011-07-27 00:00:00+00:00,30.0,36350.0,118.6,118.6,118.6,118.6,0.0
2011-07-28 00:00:00+00:00,29.0,36535.0,118.8,118.8,118.8,118.8,0.0
2011-07-29 00:00:00+00:00,28.0,33901.0,118.75,118.75,118.75,118.75,0.0
2011-08-01 00:00:00+00:00,60.0,34116.0,120.15,120.15,120.15,120.15,0.0
2011-08-02 00:00:00+00:00,59.0,34636.0,120.6,120.6,120.6,120.6,0.0
2011-08-03 00:00:00+00:00,58.0,34681.0,120.5,120.5,120.5,120.5,0.0
2011-08-04 00:00:00+00:00,57.0,35321.0,119.8,119.8,119.8,119.8,0.0
2011-08-05 00:00:00+00:00,56.0,35546.0,119.45,119.45,119.45,119.45,0.0
2011-08-08 00:00:00+00:00,53.0,35874.0,118.5,118.5,118.5,118.5,0.0
2011-08-09 00:00:00+00:00,52.0,36164.0,118.05,118.05,118.05,118.05,0.0
2011-08-10 00:00:00+00:00,51.0,36071.0,118.25,118.25,118.25,118.25,0.0
2011-08-11 00:00:00+00:00,50.0,36991.0,118.5,118.5,118.5,118.5,0.0
2011-08-12 00:00:00+00:00,49.0,36786.0,119.1,119.1,119.1,119.1,0.0
2011-08-15 00:00:00+00:00,46.0,36731.0,119.7,119.7,119.7,119.7,0.0
2011-08-16 00:00:00+00:00,45.0,37016.0,119.4,119.4,119.4,119.4,0.0
2011-08-17 00:00:00+00:00,44.0,37036.0,119.45,119.45,119.45,119.45,0.0
2011-08-18 00:00:00+00:00,43.0,37176.0,118.5,118.5,118.5,118.5,0.0
2011-08-19 00:00:00+00:00,42.0,36979.0,118.3,118.3,118.3,118.3,0.0
2011-08-22 00:00:00+00:00,39.0,37209.0,118.6,118.6,118.6,118.6,0.0
2011-08-23 00:00:00+00:00,38.0,37204.0,118.65,118.65,118.65,118.65,0.0
2011-08-24 00:00:00+00:00,37.0,37099.0,118.6,118.6,118.6,118.6,0.0
2011-08-25 00:00:00+00:00,36.0,37849.0,118.4,118.4,118.4,118.4,0.0
2011-08-26 00:00:00+00:00,35.0,34780.0,118.4,118.4,118.4,118.4,0.0
2011-08-29 00:00:00+00:00,32.0,34780.0,118.4,118.4,118.4,118.4,0.0
2011-08-30 00:00:00+00:00,31.0,34880.0,118.5,118.5,118.5,118.5,0.0
2011-08-31 00:00:00+00:00,30.0,35120.0,119.45,119.45,119.45,119.45,0.0
2011-09-01 00:00:00+00:00,57.0,35325.0,121.9,121.9,121.9,121.9,0.0
2011-09-02 00:00:00+00:00,56.0,35434.0,122.05,122.05,122.05,122.05,0.0
2011-09-05 00:00:00+00:00,53.0,36419.0,121.9,121.9,121.9,121.9,0.0
2011-09-06 00:00:00+00:00,52.0,36934.0,121.55,121.55,121.55,121.55,0.0
2011-09-07 00:00:00+00:00,51.0,36950.0,121.55,121.55,121.55,121.55,0.0
2011-09-08 00:00:00+00:00,50.0,36940.0,120.25,120.25,120.25,120.25,0.0
2011-09-09 00:00:00+00:00,49.0,37064.0,118.45,118.45,118.45,118.45,0.0
2011-09-12 00:00:00+00:00,46.0,37584.0,117.65,117.65,117.65,117.65,0.0
2011-09-13 00:00:00+00:00,45.0,37345.0,117.05,117.05,117.05,117.05,0.0
2011-09-14 00:00:00+00:00,44.0,37537.0,116.65,116.65,116.65,116.65,0.0
2011-09-15 00:00:00+00:00,43.0,38227.0,117.55,117.55,117.55,117.55,0.0
2011-09-16 00:00:00+00:00,42.0,38297.0,117.45,117.45,117.45,117.45,0.0
2011-09-19 00:00:00+00:00,39.0,38627.0,117.35,117.35,117.35,117.35,0.0
2011-09-20 00:00:00+00:00,38.0,38411.0,117.3,117.3,117.3,117.3,0.0
2011-09-21 00:00:00+00:00,37.0,38635.0,117.4,117.4,117.4,117.4,0.0
2011-09-22 00:00:00+00:00,36.0,39146.0,116.5,116.5,116.5,116.5,0.0
2011-09-23 00:00:00+00:00,35.0,38983.0,115.5,115.5,115.5,115.5,0.0
2011-09-26 00:00:00+00:00,32.0,38878.0,115.05,115.05,115.05,115.05,0.0
2011-09-27 00:00:00+00:00,31.0,38938.0,115.9,115.9,115.9,115.9,0.0
2011-09-28 00:00:00+00:00,30.0,39150.0,115.65,115.65,115.65,115.65,0.0
2011-09-29 00:00:00+00:00,29.0,39645.0,115.75,115.75,115.75,115.75,0.0
2011-09-30 00:00:00+00:00,28.0,37515.0,115.4,115.4,115.4,115.4,0.0
2011-10-03 00:00:00+00:00,53.0,37446.0,115.5,115.5,115.5,115.5,0.0
2011-10-04 00:00:00+00:00,52.0,37325.0,113.8,113.8,113.8,113.8,0.0
2011-10-05 00:00:00+00:00,51.0,37052.0,114.0,114.0,114.0,114.0,0.0
2011-10-06 00:00:00+00:00,50.0,37115.0,114.6,114.6,114.6,114.6,0.0
2011-10-07 00:00:00+00:00,49.0,37445.0,114.65,114.65,114.65,114.65,0.0
2011-10-10 00:00:00+00:00,46.0,37318.0,114.75,114.75,114.75,114.75,0.0
2011-10-11 00:00:00+00:00,45.0,37534.0,114.25,114.25,114.25,114.25,0.0
2011-10-12 00:00:00+00:00,44.0,37794.0,114.4,114.4,114.4,114.4,0.0
2011-10-13 00:00:00+00:00,43.0,38567.0,113.6,113.6,113.6,113.6,0.0
2011-10-14 00:00:00+00:00,42.0,38839.0,113.4,113.4,113.4,113.4,0.0
2011-10-17 00:00:00+00:00,39.0,38980.0,113.3,113.3,113.3,113.3,0.0
2011-10-18 00:00:00+00:00,38.0,38976.0,111.85,111.85,111.85,111.85,0.0
2011-10-19 00:00:00+00:00,37.0,38860.0,110.05,110.05,110.05,110.05,0.0
2011-10-20 00:00:00+00:00,36.0,38870.0,110.4,110.4,110.4,110.4,0.0
2011-10-21 00:00:00+00:00,35.0,39366.0,112.05,112.05,112.05,112.05,0.0
2011-10-24 00:00:00+00:00,32.0,39391.0,112.1,112.1,112.1,112.1,0.0
2011-10-25 00:00:00+00:00,31.0,39391.0,112.3,112.3,112.3,112.3,0.0
2011-10-26 00:00:00+00:00,30.0,39776.0,110.6,110.6,110.6,110.6,0.0
2011-10-27 00:00:00+00:00,29.0,39976.0,111.2,111.2,111.2,111.2,0.0
2011-10-28 00:00:00+00:00,28.0,37543.0,111.5,111.5,111.5,111.5,0.0
2011-10-31 00:00:00+00:00,25.0,37623.0,110.65,110.65,110.65,110.65,0.0
2011-11-01 00:00:00+00:00,59.0,37778.0,109.85,109.85,109.85,109.85,0.0
2011-11-02 00:00:00+00:00,58.0,37868.0,110.5,110.5,110.5,110.5,0.0
2011-11-03 00:00:00+00:00,57.0,38053.0,111.1,111.1,111.1,111.1,0.0
2011-11-04 00:00:00+00:00,56.0,38053.0,111.25,111.25,111.25,111.25,0.0
2011-11-07 00:00:00+00:00,53.0,38137.0,110.95,110.95,110.95,110.95,0.0
2011-11-08 00:00:00+00:00,52.0,38237.0,110.5,110.5,110.5,110.5,0.0
2011-11-09 00:00:00+00:00,51.0,38292.0,108.85,108.85,108.85,108.85,0.0
2011-11-10 00:00:00+00:00,50.0,38774.0,107.1,107.1,107.1,107.1,0.0
2011-11-11 00:00:00+00:00,49.0,38888.0,107.9,107.9,107.9,107.9,0.0
2011-11-14 00:00:00+00:00,46.0,39033.0,107.4,107.4,107.4,107.4,0.0
2011-11-15 00:00:00+00:00,45.0,39088.0,107.6,107.6,107.6,107.6,0.0
2011-11-16 00:00:00+00:00,44.0,38998.0,108.05,108.05,108.05,108.05,0.0
2011-11-17 00:00:00+00:00,43.0,39013.0,107.35,107.35,107.35,107.35,0.0
2011-11-18 00:00:00+00:00,42.0,38728.0,107.05,107.05,107.05,107.05,0.0
2011-11-21 00:00:00+00:00,39.0,38794.0,106.0,106.0,106.0,106.0,0.0
2011-11-22 00:00:00+00:00,38.0,38764.0,105.8,105.8,105.8,105.8,0.0
2011-11-23 00:00:00+00:00,37.0,38538.0,104.85,104.85,104.85,104.85,0.0
2011-11-24 00:00:00+00:00,36.0,38660.0,103.75,103.75,103.75,103.75,0.0
2011-11-25 00:00:00+00:00,35.0,35610.0,101.65,101.65,101.65,101.65,0.0
2011-11-28 00:00:00+00:00,32.0,36005.0,102.8,102.8,102.8,102.8,0.0
2011-11-29 00:00:00+00:00,31.0,36146.0,102.85,102.85,102.85,102.85,0.0
2011-11-30 00:00:00+00:00,30.0,36238.0,103.8,103.8,103.8,103.8,0.0
2011-12-01 00:00:00+00:00,57.0,36444.0,105.45,105.45,105.45,105.45,0.0
2011-12-02 00:00:00+00:00,56.0,36339.0,105.55,105.55,105.55,105.55,0.0
2011-12-05 00:00:00+00:00,53.0,36085.0,105.75,105.75,105.75,105.75,0.0
2011-12-06 00:00:00+00:00,52.0,36030.0,104.7,104.7,104.7,104.7,0.0
2011-12-07 00:00:00+00:00,51.0,35892.0,104.2,104.2,104.2,104.2,0.0
2011-12-08 00:00:00+00:00,50.0,35372.0,104.2,104.2,104.2,104.2,0.0
2011-12-09 00:00:00+00:00,49.0,35362.0,104.1,104.1,104.1,104.1,0.0
2011-12-12 00:00:00+00:00,46.0,35288.0,103.6,103.6,103.6,103.6,0.0
2011-12-13 00:00:00+00:00,45.0,35368.0,103.45,103.45,103.45,103.45,0.0
2011-12-14 00:00:00+00:00,44.0,35172.0,103.1,103.1,103.1,103.1,0.0
2011-12-15 00:00:00+00:00,43.0,35311.0,103.15,103.15,103.15,103.15,0.0
2011-12-16 00:00:00+00:00,42.0,35454.0,103.55,103.55,103.55,103.55,0.0
2011-12-19 00:00:00+00:00,39.0,35416.0,103.85,103.85,103.85,103.85,0.0
2011-12-20 00:00:00+00:00,38.0,35464.0,105.65,105.65,105.65,105.65,0.0
2011-12-21 00:00:00+00:00,37.0,35016.0,106.0,106.0,106.0,106.0,0.0
2011-12-22 00:00:00+00:00,36.0,35041.0,106.4,106.4,106.4,106.4,0.0
2011-12-23 00:00:00+00:00,35.0,35046.0,106.35,106.35,106.35,106.35,0.0
2011-12-26 00:00:00+00:00,35.0,35046.0,,,,106.35,
2011-12-27 00:00:00+00:00,31.0,32007.0,106.35,106.35,106.35,106.35,0.0
2011-12-28 00:00:00+00:00,30.0,35101.0,106.4,106.4,106.4,106.4,0.0
2011-12-29 00:00:00+00:00,29.0,35086.0,105.05,105.05,105.05,105.05,0.0
2011-12-30 00:00:00+00:00,28.0,32072.0,104.45,104.45,104.45,104.45,0.0
2012-01-02 00:00:00+00:00,28.0,32072.0,,,,104.45,
2012-01-03 00:00:00+00:00,52.0,31932.0,105.05,105.05,105.05,105.05,0.0
2012-01-04 00:00:00+00:00,51.0,32257.0,105.4,105.4,105.4,105.4,0.0
2012-01-05 00:00:00+00:00,50.0,32207.0,106.25,106.25,106.25,106.25,0.0
2012-01-06 00:00:00+00:00,49.0,32232.0,106.6,106.6,106.6,106.6,0.0
2012-01-09 00:00:00+00:00,46.0,32202.0,105.65,105.65,105.65,105.65,0.0
2012-01-10 00:00:00+00:00,45.0,32272.0,105.35,105.35,105.35,105.35,0.0
2012-01-11 00:00:00+00:00,44.0,32107.0,104.85,104.85,104.85,104.85,0.0
2012-01-12 00:00:00+00:00,43.0,32262.0,104.7,104.7,104.7,104.7,0.0
2012-01-13 00:00:00+00:00,42.0,31848.0,103.65,103.65,103.65,103.65,0.0
2012-01-16 00:00:00+00:00,39.0,32142.0,102.2,102.2,102.2,102.2,0.0
2012-01-17 00:00:00+00:00,38.0,32082.0,103.4,103.4,103.4,103.4,0.0
2012-01-18 00:00:00+00:00,37.0,32302.0,104.15,104.15,104.15,104.15,0.0
2012-01-19 00:00:00+00:00,36.0,32402.0,104.65,104.65,104.65,104.65,0.0
2012-01-20 00:00:00+00:00,35.0,32705.0,105.35,105.35,105.35,105.35,0.0
2012-01-23 00:00:00+00:00,32.0,32705.0,105.6,105.6,105.6,105.6,0.0
2012-01-24 00:00:00+00:00,31.0,33597.0,106.3,106.3,106.3,106.3,0.0
2012-01-25 00:00:00+00:00,30.0,33887.0,107.25,107.25,107.25,107.25,0.0
2012-01-26 00:00:00+00:00,29.0,34479.0,107.55,107.55,107.55,107.55,0.0
2012-01-27 00:00:00+00:00,28.0,32018.0,107.8,107.8,107.8,107.8,0.0
2012-01-30 00:00:00+00:00,25.0,31637.0,107.45,107.45,107.45,107.45,0.0
2012-01-31 00:00:00+00:00,24.0,31827.0,105.45,105.45,105.45,105.45,0.0
2012-02-01 00:00:00+00:00,58.0,32017.0,104.5,104.5,104.5,104.5,0.0
2012-02-02 00:00:00+00:00,57.0,32042.0,105.4,105.4,105.4,105.4,0.0
2012-02-03 00:00:00+00:00,56.0,32150.0,105.4,105.4,105.4,105.4,0.0
2012-02-06 00:00:00+00:00,53.0,32150.0,105.05,105.05,105.05,105.05,0.0
2012-02-07 00:00:00+00:00,52.0,32108.0,105.1,105.1,105.1,105.1,0.0
2012-02-08 00:00:00+00:00,51.0,32228.0,104.6,104.6,104.6,104.6,0.0
2012-02-09 00:00:00+00:00,50.0,32453.0,103.9,103.9,103.9,103.9,0.0
2012-02-10 00:00:00+00:00,49.0,32313.0,103.3,103.3,103.3,103.3,0.0
2012-02-13 00:00:00+00:00,46.0,32458.0,103.2,103.2,103.2,103.2,0.0
2012-02-14 00:00:00+00:00,45.0,32788.0,103.2,103.2,103.2,103.2,0.0
2012-02-15 00:00:00+00:00,44.0,32723.0,103.55,103.55,103.55,103.55,0.0
2012-02-16 00:00:00+00:00,43.0,32799.0,104.35,104.35,104.35,104.35,0.0
2012-02-17 00:00:00+00:00,42.0,32889.0,105.5,105.5,105.5,105.5,0.0
2012-02-20 00:00:00+00:00,39.0,33014.0,105.7,105.7,105.7,105.7,0.0
2012-02-21 00:00:00+00:00,38.0,33276.0,105.65,105.65,105.65,105.65,0.0
2012-02-22 00:00:00+00:00,37.0,33401.0,106.1,106.1,106.1,106.1,0.0
2012-02-23 00:00:00+00:00,36.0,33741.0,105.7,105.7,105.7,105.7,0.0
2012-02-24 00:00:00+00:00,35.0,31200.0,105.4,105.4,105.4,105.4,0.0
2012-02-27 00:00:00+00:00,32.0,31105.0,105.55,105.55,105.55,105.55,0.0
2012-02-28 00:00:00+00:00,31.0,31260.0,104.45,104.45,104.45,104.45,0.0
2012-02-29 00:00:00+00:00,30.0,31535.0,103.9,103.9,103.9,103.9,0.0
2012-03-01 00:00:00+00:00,57.0,31620.0,103.45,103.45,103.45,103.45,0.0
2012-03-02 00:00:00+00:00,56.0,31645.0,103.5,103.5,103.5,103.5,0.0
2012-03-05 00:00:00+00:00,53.0,31820.0,103.5,103.5,103.5,103.5,0.0
2012-03-06 00:00:00+00:00,52.0,31857.0,103.4,103.4,103.4,103.4,0.0
2012-03-07 00:00:00+00:00,51.0,31947.0,103.85,103.85,103.85,103.85,0.0
2012-03-08 00:00:00+00:00,50.0,31862.0,104.05,104.05,104.05,104.05,0.0
2012-03-09 00:00:00+00:00,49.0,32002.0,103.65,103.65,103.65,103.65,0.0
2012-03-12 00:00:00+00:00,46.0,32122.0,103.15,103.15,103.15,103.15,0.0
2012-03-13 00:00:00+00:00,45.0,32262.0,103.25,103.25,103.25,103.25,0.0
2012-03-14 00:00:00+00:00,44.0,32267.0,103.2,103.2,103.2,103.2,0.0
2012-03-15 00:00:00+00:00,43.0,32267.0,102.95,102.95,102.95,102.95,0.0
2012-03-16 00:00:00+00:00,42.0,32492.0,103.4,103.4,103.4,103.4,0.0
2012-03-19 00:00:00+00:00,39.0,32747.0,103.75,103.75,103.75,103.75,0.0
2012-03-20 00:00:00+00:00,38.0,33607.0,103.5,103.5,103.5,103.5,0.0
2012-03-21 00:00:00+00:00,37.0,33512.0,103.55,103.55,103.55,103.55,0.0
2012-03-22 00:00:00+00:00,36.0,33512.0,102.7,102.7,102.7,102.7,0.0
2012-03-23 00:00:00+00:00,35.0,33702.0,102.3,102.3,102.3,102.3,0.0
2012-03-26 00:00:00+00:00,32.0,33932.0,102.7,102.7,102.7,102.7,0.0
2012-03-27 00:00:00+00:00,31.0,34042.0,103.1,103.1,103.1,103.1,0.0
2012-03-28 00:00:00+00:00,30.0,33937.0,103.8,103.8,103.8,103.8,0.0
2012-03-29 00:00:00+00:00,29.0,34432.0,103.65,103.65,103.65,103.65,0.0
2012-03-30 00:00:00+00:00,28.0,32627.0,104.85,104.85,104.85,104.85,0.0
2012-04-02 00:00:00+00:00,53.0,32502.0,104.3,104.3,104.3,104.3,0.0
2012-04-03 00:00:00+00:00,52.0,32762.0,103.45,103.45,103.45,103.45,0.0
2012-04-04 00:00:00+00:00,51.0,32972.0,102.7,102.7,102.7,102.7,0.0
2012-04-05 00:00:00+00:00,50.0,32999.0,102.65,102.65,102.65,102.65,0.0
2012-04-06 00:00:00+00:00,50.0,32999.0,,,,102.65,
2012-04-09 00:00:00+00:00,46.0,32999.0,102.65,102.65,102.65,102.65,0.0
2012-04-10 00:00:00+00:00,45.0,33224.0,102.55,102.55,102.55,102.55,0.0
2012-04-11 00:00:00+00:00,44.0,33609.0,102.45,102.45,102.45,102.45,0.0
2012-04-12 00:00:00+00:00,43.0,33698.0,102.65,102.65,102.65,102.65,0.0
2012-04-13 00:00:00+00:00,42.0,33859.0,102.35,102.35,102.35,102.35,0.0
2012-04-16 00:00:00+00:00,39.0,33859.0,101.5,101.5,101.5,101.5,0.0
2012-04-17 00:00:00+00:00,38.0,34111.0,100.65,100.65,100.65,100.65,0.0
2012-04-18 00:00:00+00:00,37.0,34296.0,99.75,99.75,99.75,99.75,0.0
2012-04-19 00:00:00+00:00,36.0,34376.0,99.35,99.35,99.35,99.35,0.0
2012-04-20 00:00:00+00:00,35.0,34536.0,99.95,99.95,99.95,99.95,0.0
2012-04-23 00:00:00+00:00,32.0,34716.0,99.6,99.6,99.6,99.6,0.0
2012-04-24 00:00:00+00:00,31.0,35051.0,99.55,99.55,99.55,99.55,0.0
2012-04-25 00:00:00+00:00,30.0,35041.0,98.95,98.95,98.95,98.95,0.0
2012-04-26 00:00:00+00:00,29.0,35121.0,99.45,99.45,99.45,99.45,0.0
2012-04-27 00:00:00+00:00,28.0,32928.0,98.75,98.75,98.75,98.75,0.0
2012-04-30 00:00:00+00:00,25.0,33103.0,97.45,97.45,97.45,97.45,0.0
2012-05-01 00:00:00+00:00,59.0,33098.0,96.9,96.9,96.9,96.9,0.0
2012-05-02 00:00:00+00:00,58.0,33873.0,96.7,96.7,96.7,96.7,0.0
2012-05-03 00:00:00+00:00,57.0,33845.0,97.3,97.3,97.3,97.3,0.0
2012-05-04 00:00:00+00:00,56.0,34178.0,97.0,97.0,97.0,97.0,0.0
2012-05-07 00:00:00+00:00,56.0,34178.0,,,,97.0,
2012-05-08 00:00:00+00:00,52.0,34308.0,96.3,96.3,96.3,96.3,0.0
2012-05-09 00:00:00+00:00,51.0,34268.0,96.8,96.8,96.8,96.8,0.0
2012-05-10 00:00:00+00:00,50.0,34438.0,97.5,97.5,97.5,97.5,0.0
2012-05-11 00:00:00+00:00,49.0,34643.0,96.8,96.8,96.8,96.8,0.0
2012-05-14 00:00:00+00:00,46.0,34763.0,94.95,94.95,94.95,94.95,0.0
2012-05-15 00:00:00+00:00,45.0,34863.0,94.8,94.8,94.8,94.8,0.0
2012-05-16 00:00:00+00:00,44.0,34903.0,93.75,93.75,93.75,93.75,0.0
2012-05-17 00:00:00+00:00,43.0,35505.0,93.65,93.65,93.65,93.65,0.0
2012-05-18 00:00:00+00:00,42.0,35875.0,92.4,92.4,92.4,92.4,0.0
2012-05-21 00:00:00+00:00,39.0,36090.0,92.15,92.15,92.15,92.15,0.0
2012-05-22 00:00:00+00:00,38.0,36300.0,89.55,89.55,89.55,89.55,0.0
2012-05-23 00:00:00+00:00,37.0,36150.0,88.55,88.55,88.55,88.55,0.0
2012-05-24 00:00:00+00:00,36.0,35995.0,88.9,88.9,88.9,88.9,0.0
2012-05-25 00:00:00+00:00,35.0,33678.0,88.5,88.5,88.5,88.5,0.0
2012-05-28 00:00:00+00:00,32.0,33593.0,88.85,88.85,88.85,88.85,0.0
2012-05-29 00:00:00+00:00,31.0,33958.0,90.1,90.1,90.1,90.1,0.0
2012-05-30 00:00:00+00:00,30.0,34218.0,89.65,89.65,89.65,89.65,0.0
2012-05-31 00:00:00+00:00,29.0,34503.0,88.95,88.95,88.95,88.95,0.0
2012-06-01 00:00:00+00:00,56.0,34603.0,89.1,89.1,89.1,89.1,0.0
2012-06-04 00:00:00+00:00,56.0,34603.0,,,,89.1,
2012-06-05 00:00:00+00:00,56.0,34603.0,,,,89.1,
2012-06-06 00:00:00+00:00,51.0,34603.0,87.5,87.5,87.5,87.5,0.0
2012-06-07 00:00:00+00:00,50.0,35248.0,85.65,85.65,85.65,85.65,0.0
2012-06-08 00:00:00+00:00,49.0,35998.0,83.9,83.9,83.9,83.9,0.0
2012-06-11 00:00:00+00:00,46.0,36673.0,81.3,81.3,81.3,81.3,0.0
2012-06-12 00:00:00+00:00,45.0,36898.0,80.65,80.65,80.65,80.65,0.0
2012-06-13 00:00:00+00:00,44.0,37063.0,81.75,81.75,81.75,81.75,0.0
2012-06-14 00:00:00+00:00,43.0,37373.0,81.4,81.4,81.4,81.4,0.0
2012-06-15 00:00:00+00:00,42.0,37383.0,82.45,82.45,82.45,82.45,0.0
2012-06-18 00:00:00+00:00,39.0,37285.0,82.1,82.1,82.1,82.1,0.0
2012-06-19 00:00:00+00:00,38.0,37265.0,82.4,82.4,82.4,82.4,0.0
2012-06-20 00:00:00+00:00,37.0,37300.0,83.55,83.55,83.55,83.55,0.0
2012-06-21 00:00:00+00:00,36.0,37325.0,84.65,84.65,84.65,84.65,0.0
2012-06-22 00:00:00+00:00,35.0,37570.0,86.65,86.65,86.65,86.65,0.0
2012-06-25 00:00:00+00:00,32.0,37630.0,86.15,86.15,86.15,86.15,0.0
2012-06-26 00:00:00+00:00,31.0,37555.0,86.75,86.75,86.75,86.75,0.0
2012-06-27 00:00:00+00:00,30.0,37440.0,87.7,87.7,87.7,87.7,0.0
2012-06-28 00:00:00+00:00,29.0,37619.0,88.45,88.45,88.45,88.45,0.0
2012-06-29 00:00:00+00:00,28.0,35202.0,90.0,90.0,90.0,90.0,0.0
2012-07-02 00:00:00+00:00,60.0,35291.0,89.75,89.75,89.75,89.75,0.0
2012-07-03 00:00:00+00:00,59.0,35671.0,90.05,90.05,90.05,90.05,0.0
2012-07-04 00:00:00+00:00,58.0,35636.0,89.5,89.5,89.5,89.5,0.0
2012-07-05 00:00:00+00:00,57.0,35636.0,89.35,89.35,89.35,89.35,0.0
2012-07-06 00:00:00+00:00,56.0,36056.0,88.9,88.9,88.9,88.9,0.0
2012-07-09 00:00:00+00:00,53.0,36066.0,88.0,88.0,88.0,88.0,0.0
2012-07-10 00:00:00+00:00,52.0,36081.0,86.9,86.9,86.9,86.9,0.0
2012-07-11 00:00:00+00:00,51.0,36111.0,84.95,84.95,84.95,84.95,0.0
2012-07-12 00:00:00+00:00,50.0,35979.0,84.65,84.65,84.65,84.65,0.0
2012-07-13 00:00:00+00:00,49.0,35974.0,85.4,85.4,85.4,85.4,0.0
2012-07-16 00:00:00+00:00,46.0,36269.0,86.25,86.25,86.25,86.25,0.0
2012-07-17 00:00:00+00:00,45.0,36299.0,86.45,86.45,86.45,86.45,0.0
2012-07-18 00:00:00+00:00,44.0,36289.0,86.65,86.65,86.65,86.65,0.0
2012-07-19 00:00:00+00:00,43.0,36369.0,87.25,87.25,87.25,87.25,0.0
2012-07-20 00:00:00+00:00,42.0,36464.0,86.6,86.6,86.6,86.6,0.0
2012-07-23 00:00:00+00:00,39.0,36484.0,84.95,84.95,84.95,84.95,0.0
2012-07-24 00:00:00+00:00,38.0,36469.0,84.8,84.8,84.8,84.8,0.0
2012-07-25 00:00:00+00:00,37.0,36485.0,85.55,85.55,85.55,85.55,0.0
2012-07-26 00:00:00+00:00,36.0,36410.0,86.6,86.6,86.6,86.6,0.0
2012-07-27 00:00:00+00:00,35.0,33830.0,87.2,87.2,87.2,87.2,0.0
2012-07-30 00:00:00+00:00,32.0,33950.0,87.55,87.55,87.55,87.55,0.0
2012-07-31 00:00:00+00:00,31.0,33970.0,89.4,89.4,89.4,89.4,0.0
2012-08-01 00:00:00+00:00,58.0,34300.0,90.05,90.05,90.05,90.05,0.0
2012-08-02 00:00:00+00:00,57.0,34255.0,89.35,89.35,89.35,89.35,0.0
2012-08-03 00:00:00+00:00,56.0,34165.0,89.95,89.95,89.95,89.95,0.0
2012-08-06 00:00:00+00:00,53.0,34265.0,91.25,91.25,91.25,91.25,0.0
2012-08-07 00:00:00+00:00,52.0,34325.0,91.95,91.95,91.95,91.95,0.0
2012-08-08 00:00:00+00:00,51.0,34632.0,92.2,92.2,92.2,92.2,0.0
2012-08-09 00:00:00+00:00,50.0,34797.0,92.3,92.3,92.3,92.3,0.0
2012-08-10 00:00:00+00:00,49.0,34842.0,91.55,91.55,91.55,91.55,0.0
2012-08-13 00:00:00+00:00,46.0,35087.0,91.65,91.65,91.65,91.65,0.0
2012-08-14 00:00:00+00:00,45.0,34917.0,91.5,91.5,91.5,91.5,0.0
2012-08-15 00:00:00+00:00,44.0,34912.0,89.95,89.95,89.95,89.95,0.0
2012-08-16 00:00:00+00:00,43.0,34922.0,89.9,89.9,89.9,89.9,0.0
2012-08-17 00:00:00+00:00,42.0,34917.0,89.55,89.55,89.55,89.55,0.0
2012-08-20 00:00:00+00:00,39.0,34837.0,88.85,88.85,88.85,88.85,0.0
2012-08-21 00:00:00+00:00,38.0,34867.0,90.15,90.15,90.15,90.15,0.0
2012-08-22 00:00:00+00:00,37.0,34932.0,88.95,88.95,88.95,88.95,0.0
2012-08-23 00:00:00+00:00,36.0,34864.0,87.8,87.8,87.8,87.8,0.0
2012-08-24 00:00:00+00:00,35.0,34804.0,87.4,87.4,87.4,87.4,0.0
2012-08-27 00:00:00+00:00,32.0,0.0,87.4,87.4,87.4,87.4,0.0
2012-08-28 00:00:00+00:00,31.0,34834.0,87.15,87.15,87.15,87.15,0.0
2012-08-29 00:00:00+00:00,30.0,34794.0,86.95,86.95,86.95,86.95,0.0
2012-08-30 00:00:00+00:00,29.0,34864.0,87.15,87.15,87.15,87.15,0.0
2012-08-31 00:00:00+00:00,28.0,32108.0,88.0,88.0,88.0,88.0,0.0
2012-09-03 00:00:00+00:00,53.0,31993.0,89.9,89.9,89.9,89.9,0.0
2012-09-04 00:00:00+00:00,52.0,31733.0,89.3,89.3,89.3,89.3,0.0
2012-09-05 00:00:00+00:00,51.0,31823.0,89.05,89.05,89.05,89.05,0.0
2012-09-06 00:00:00+00:00,50.0,31863.0,89.0,89.0,89.0,89.0,0.0
2012-09-07 00:00:00+00:00,49.0,31868.0,89.05,89.05,89.05,89.05,0.0
2012-09-10 00:00:00+00:00,46.0,31965.0,87.85,87.85,87.85,87.85,0.0
2012-09-11 00:00:00+00:00,45.0,31918.0,86.7,86.7,86.7,86.7,0.0
2012-09-12 00:00:00+00:00,44.0,31998.0,86.15,86.15,86.15,86.15,0.0
2012-09-13 00:00:00+00:00,43.0,32063.0,85.65,85.65,85.65,85.65,0.0
2012-09-14 00:00:00+00:00,42.0,31978.0,86.85,86.85,86.85,86.85,0.0
2012-09-17 00:00:00+00:00,39.0,31868.0,87.25,87.25,87.25,87.25,0.0
2012-09-18 00:00:00+00:00,38.0,31933.0,87.35,87.35,87.35,87.35,0.0
2012-09-19 00:00:00+00:00,37.0,31428.0,87.6,87.6,87.6,87.6,0.0
2012-09-20 00:00:00+00:00,36.0,31528.0,87.75,87.75,87.75,87.75,0.0
2012-09-21 00:00:00+00:00,35.0,31583.0,86.3,86.3,86.3,86.3,0.0
2012-09-24 00:00:00+00:00,32.0,31648.0,85.4,85.4,85.4,85.4,0.0
2012-09-25 00:00:00+00:00,31.0,31813.0,86.2,86.2,86.2,84.9,0.0
2012-09-26 00:00:00+00:00,30.0,31678.0,85.15,85.15,85.15,85.15,0.0
2012-09-27 00:00:00+00:00,29.0,31693.0,86.05,86.05,86.05,86.05,0.0
2012-09-28 00:00:00+00:00,28.0,29487.0,85.95,85.95,85.95,85.95,0.0
2012-10-01 00:00:00+00:00,60.0,29392.0,86.55,86.55,86.55,86.55,0.0
2012-10-02 00:00:00+00:00,59.0,29727.0,86.75,86.75,86.75,86.75,0.0
2012-10-03 00:00:00+00:00,58.0,29822.0,86.6,86.6,86.6,86.6,0.0
2012-10-04 00:00:00+00:00,57.0,30002.0,87.35,87.35,87.35,87.35,0.0
2012-10-05 00:00:00+00:00,56.0,30017.0,87.95,87.95,87.95,87.95,0.0
2012-10-08 00:00:00+00:00,53.0,30037.0,88.25,88.25,88.25,88.25,0.0
2012-10-09 00:00:00+00:00,52.0,30252.0,88.65,88.65,88.65,88.65,0.0
2012-10-10 00:00:00+00:00,51.0,30337.0,87.2,87.2,87.2,87.2,0.0
2012-10-11 00:00:00+00:00,50.0,30492.0,86.3,86.3,86.3,86.3,0.0
2012-10-12 00:00:00+00:00,49.0,30399.0,84.7,84.7,84.7,84.7,0.0
2012-10-15 00:00:00+00:00,46.0,30494.0,83.1,83.1,83.1,83.1,0.0
2012-10-16 00:00:00+00:00,45.0,30519.0,84.05,84.05,84.05,84.05,0.0
2012-10-17 00:00:00+00:00,44.0,30509.0,84.9,84.9,84.9,84.9,0.0
2012-10-18 00:00:00+00:00,43.0,30334.0,84.7,84.7,84.7,84.7,0.0
2012-10-19 00:00:00+00:00,42.0,30364.0,84.9,84.9,84.9,84.9,0.0
2012-10-22 00:00:00+00:00,39.0,30404.0,84.2,84.2,84.2,84.2,0.0
2012-10-23 00:00:00+00:00,38.0,30499.0,83.7,83.7,83.7,83.7,0.0
2012-10-24 00:00:00+00:00,37.0,30472.0,83.15,83.15,83.15,83.15,0.0
2012-10-25 00:00:00+00:00,36.0,30627.0,81.85,81.85,81.85,81.85,0.0
2012-10-26 00:00:00+00:00,35.0,27930.0,81.65,81.65,81.65,81.65,0.0
2012-10-29 00:00:00+00:00,32.0,27900.0,80.55,80.55,80.55,80.55,0.0
2012-10-30 00:00:00+00:00,31.0,27990.0,80.85,80.85,80.85,80.85,0.0
2012-10-31 00:00:00+00:00,30.0,28050.0,80.7,80.7,80.7,80.7,0.0
2012-11-01 00:00:00+00:00,57.0,28040.0,82.55,82.55,82.55,82.55,0.0
2012-11-02 00:00:00+00:00,56.0,28030.0,82.6,82.6,82.6,82.6,0.0
2012-11-05 00:00:00+00:00,53.0,28010.0,83.15,83.15,83.15,83.15,0.0
2012-11-06 00:00:00+00:00,52.0,28010.0,84.8,84.8,84.8,84.8,0.0
2012-11-07 00:00:00+00:00,51.0,28160.0,84.55,84.55,84.55,84.55,0.0
2012-11-08 00:00:00+00:00,50.0,28208.0,85.45,85.45,85.45,85.45,0.0
2012-11-09 00:00:00+00:00,49.0,28343.0,85.45,85.45,85.45,85.45,0.0
2012-11-12 00:00:00+00:00,46.0,28451.0,86.65,86.65,86.65,86.65,0.0
2012-11-13 00:00:00+00:00,45.0,28401.0,86.1,86.1,86.1,86.1,0.0
2012-11-14 00:00:00+00:00,44.0,28511.0,87.4,87.4,87.4,87.4,0.0
2012-11-15 00:00:00+00:00,43.0,28506.0,88.0,88.0,88.0,88.0,0.0
2012-11-16 00:00:00+00:00,42.0,28511.0,88.9,88.9,88.9,88.9,0.0
2012-11-19 00:00:00+00:00,39.0,28496.0,88.85,88.85,88.85,88.85,0.0
2012-11-20 00:00:00+00:00,38.0,28606.0,87.95,87.95,87.95,87.95,1.0
2012-11-21 00:00:00+00:00,37.0,28676.0,87.6,87.6,87.6,87.6,0.0
2012-11-22 00:00:00+00:00,36.0,28606.0,88.4,88.4,88.4,88.4,0.0
2012-11-23 00:00:00+00:00,35.0,28891.0,89.55,89.55,89.55,89.55,0.0
2012-11-26 00:00:00+00:00,32.0,28921.0,89.8,89.8,89.8,89.8,0.0
2012-11-27 00:00:00+00:00,31.0,28881.0,90.95,90.95,90.95,90.95,0.0
2012-11-28 00:00:00+00:00,30.0,28906.0,90.35,90.35,90.35,90.35,0.0
2012-11-29 00:00:00+00:00,29.0,29186.0,90.6,90.6,90.6,90.6,0.0
2012-11-30 00:00:00+00:00,28.0,26836.0,90.65,90.65,90.65,90.65,0.0
2012-12-03 00:00:00+00:00,53.0,26996.0,91.75,91.75,91.75,91.75,0.0
2012-12-04 00:00:00+00:00,52.0,27451.0,91.25,91.25,91.25,91.25,0.0
2012-12-05 00:00:00+00:00,51.0,27246.0,90.35,90.35,90.35,90.35,0.0
2012-12-06 00:00:00+00:00,50.0,27436.0,89.25,89.25,89.25,89.25,0.0
2012-12-07 00:00:00+00:00,49.0,27451.0,88.85,88.85,88.85,88.85,0.0
2012-12-10 00:00:00+00:00,46.0,27511.0,88.25,88.25,88.25,88.25,0.0
2012-12-11 00:00:00+00:00,45.0,27536.0,87.0,87.0,87.0,87.0,0.0
2012-12-12 00:00:00+00:00,44.0,27381.0,86.9,86.9,86.9,86.9,0.0
2012-12-13 00:00:00+00:00,43.0,27161.0,88.3,88.3,88.3,88.3,0.0
2012-12-14 00:00:00+00:00,42.0,27031.0,89.15,89.15,89.15,89.15,0.0
2012-12-17 00:00:00+00:00,39.0,26956.0,89.95,89.95,89.95,89.95,0.0
2012-12-18 00:00:00+00:00,38.0,27141.0,91.15,91.15,91.15,91.15,0.0
2012-12-19 00:00:00+00:00,37.0,27251.0,91.5,91.5,91.5,91.5,0.0
2012-12-20 00:00:00+00:00,36.0,27236.0,90.25,90.25,90.25,90.25,0.0
2012-12-21 00:00:00+00:00,35.0,27376.0,90.05,90.05,90.05,90.05,0.0
2012-12-24 00:00:00+00:00,32.0,27376.0,89.85,89.85,89.85,89.85,0.0
2012-12-25 00:00:00+00:00,32.0,27376.0,,,,89.85,
2012-12-26 00:00:00+00:00,30.0,21357.0,89.85,89.85,89.85,89.85,0.0
2012-12-27 00:00:00+00:00,29.0,27376.0,89.45,89.45,89.45,89.45,0.0
2012-12-28 00:00:00+00:00,28.0,24646.0,89.65,89.65,89.65,89.65,0.0
2012-12-31 00:00:00+00:00,25.0,24646.0,89.35,89.35,89.35,89.35,0.0
2013-01-01 00:00:00+00:00,25.0,24646.0,,,,89.35,
2013-01-02 00:00:00+00:00,51.0,24778.0,90.75,90.75,90.75,90.75,0.0
2013-01-03 00:00:00+00:00,50.0,24741.0,90.1,90.1,90.1,90.1,0.0
2013-01-04 00:00:00+00:00,49.0,24762.0,90.0,90.0,90.0,90.0,0.0
2013-01-07 00:00:00+00:00,46.0,24747.0,89.65,89.65,89.65,89.65,0.0
2013-01-08 00:00:00+00:00,45.0,24832.0,88.5,88.5,88.5,88.5,0.0
2013-01-09 00:00:00+00:00,44.0,24577.0,88.45,88.45,88.45,88.45,0.0
2013-01-10 00:00:00+00:00,43.0,24552.0,88.25,88.25,88.25,88.25,0.0
2013-01-11 00:00:00+00:00,42.0,24647.0,88.8,88.8,88.8,88.8,0.0
2013-01-14 00:00:00+00:00,39.0,24627.0,87.9,87.9,87.9,87.9,0.0
2013-01-15 00:00:00+00:00,38.0,24682.0,87.2,87.2,87.2,87.2,0.0
2013-01-16 00:00:00+00:00,37.0,24922.0,86.85,86.85,86.85,86.85,0.0
2013-01-17 00:00:00+00:00,36.0,24952.0,87.15,87.15,87.15,87.15,0.0
2013-01-18 00:00:00+00:00,35.0,24967.0,86.75,86.75,86.75,86.75,0.0
2013-01-21 00:00:00+00:00,32.0,25162.0,86.3,86.3,86.3,86.3,0.0
2013-01-22 00:00:00+00:00,31.0,25117.0,86.85,86.85,86.85,86.85,0.0
2013-01-23 00:00:00+00:00,30.0,25107.0,85.9,85.9,85.9,85.9,0.0
2013-01-24 00:00:00+00:00,29.0,25217.0,86.7,86.7,86.7,86.7,0.0
2013-01-25 00:00:00+00:00,28.0,23545.0,86.85,86.85,86.85,86.85,0.0
2013-01-28 00:00:00+00:00,25.0,23680.0,87.55,87.55,87.55,87.55,0.0
2013-01-29 00:00:00+00:00,24.0,23690.0,86.95,86.95,86.95,86.95,0.0
2013-01-30 00:00:00+00:00,23.0,23740.0,86.75,86.75,86.75,86.75,0.0
2013-01-31 00:00:00+00:00,22.0,24050.0,85.9,85.9,85.9,85.9,0.0
2013-02-01 00:00:00+00:00,55.0,24470.0,87.25,87.25,87.25,87.25,0.0
2013-02-04 00:00:00+00:00,52.0,24780.0,86.65,86.65,86.65,86.65,0.0
2013-02-05 00:00:00+00:00,51.0,24810.0,86.6,86.6,86.6,86.6,80.0
2013-02-06 00:00:00+00:00,50.0,25035.0,86.5,86.5,86.5,86.5,80.0
2013-02-07 00:00:00+00:00,49.0,25195.0,86.3,86.3,86.3,86.3,0.0
2013-02-08 00:00:00+00:00,48.0,25440.0,87.6,87.6,87.6,87.6,0.0
2013-02-11 00:00:00+00:00,45.0,25265.0,87.3,87.3,87.3,87.3,0.0
2013-02-12 00:00:00+00:00,44.0,25295.0,87.1,87.1,87.1,87.1,0.0
2013-02-13 00:00:00+00:00,43.0,25350.0,86.6,86.6,86.6,86.6,0.0
2013-02-14 00:00:00+00:00,42.0,25515.0,86.25,86.25,86.25,86.25,0.0
2013-02-15 00:00:00+00:00,41.0,25710.0,86.1,86.1,86.1,86.1,0.0
2013-02-18 00:00:00+00:00,38.0,25715.0,86.55,86.55,86.55,86.55,0.0
2013-02-19 00:00:00+00:00,37.0,25715.0,87.35,87.35,87.35,87.35,0.0
2013-02-20 00:00:00+00:00,36.0,25854.0,88.0,88.0,88.0,88.0,0.0
2013-02-21 00:00:00+00:00,35.0,25919.0,87.25,87.25,87.25,87.25,0.0
2013-02-22 00:00:00+00:00,34.0,25979.0,86.65,86.65,86.65,86.65,0.0
2013-02-25 00:00:00+00:00,31.0,24382.0,86.0,86.0,86.0,86.0,0.0
2013-02-26 00:00:00+00:00,30.0,24647.0,85.35,85.35,85.35,85.35,0.0
2013-02-27 00:00:00+00:00,29.0,24847.0,85.3,85.3,85.3,85.3,0.0
2013-02-28 00:00:00+00:00,28.0,24812.0,85.75,85.75,85.75,85.75,0.0
2013-03-01 00:00:00+00:00,56.0,24717.0,85.9,85.9,85.9,85.9,0.0
2013-03-04 00:00:00+00:00,53.0,24697.0,85.25,85.25,85.25,85.25,0.0
2013-03-05 00:00:00+00:00,52.0,24767.0,85.0,85.0,85.0,85.0,0.0
2013-03-06 00:00:00+00:00,51.0,25002.0,84.5,84.5,84.5,84.5,0.0
2013-03-07 00:00:00+00:00,50.0,24977.0,84.9,84.9,84.9,84.9,0.0
2013-03-08 00:00:00+00:00,49.0,25012.0,84.45,84.45,84.45,84.45,0.0
2013-03-11 00:00:00+00:00,46.0,25107.0,84.45,84.45,84.45,84.45,0.0
2013-03-12 00:00:00+00:00,45.0,25082.0,84.9,84.9,84.9,84.9,0.0
2013-03-13 00:00:00+00:00,44.0,25142.0,84.65,84.65,84.65,84.65,0.0
2013-03-14 00:00:00+00:00,43.0,25202.0,84.3,84.3,84.3,84.3,0.0
2013-03-15 00:00:00+00:00,42.0,25240.0,84.45,84.45,84.45,84.45,0.0
2013-03-18 00:00:00+00:00,39.0,25330.0,83.95,83.95,83.95,83.95,0.0
2013-03-19 00:00:00+00:00,38.0,25370.0,83.15,83.15,83.15,83.15,0.0
2013-03-20 00:00:00+00:00,37.0,25545.0,82.05,82.05,82.05,82.05,0.0
2013-03-21 00:00:00+00:00,36.0,25615.0,81.75,81.75,81.75,81.75,0.0
2013-03-22 00:00:00+00:00,35.0,25605.0,81.95,81.95,81.95,81.95,0.0
2013-03-25 00:00:00+00:00,32.0,25615.0,82.25,82.25,82.25,82.25,0.0
2013-03-26 00:00:00+00:00,31.0,25725.0,81.75,81.75,81.75,81.75,0.0
2013-03-27 00:00:00+00:00,30.0,25925.0,81.25,81.25,81.25,81.25,0.0
2013-03-28 00:00:00+00:00,29.0,24179.0,80.3,80.3,80.3,80.3,0.0
2013-03-29 00:00:00+00:00,29.0,24179.0,,,,80.3,
2013-04-01 00:00:00+00:00,60.0,0.0,81.1,81.1,81.1,81.1,0.0
2013-04-02 00:00:00+00:00,59.0,24254.0,81.3,81.3,81.3,81.3,0.0
2013-04-03 00:00:00+00:00,58.0,24194.0,82.5,82.5,82.5,82.5,0.0
2013-04-04 00:00:00+00:00,57.0,24299.0,82.85,82.85,82.85,82.85,0.0
2013-04-05 00:00:00+00:00,56.0,24344.0,83.35,83.35,83.35,83.35,0.0
2013-04-08 00:00:00+00:00,53.0,24299.0,83.7,83.7,83.7,83.7,0.0
2013-04-09 00:00:00+00:00,52.0,24374.0,83.1,83.1,83.1,83.1,0.0
2013-04-10 00:00:00+00:00,51.0,24416.0,83.45,83.45,83.45,83.45,0.0
2013-04-11 00:00:00+00:00,50.0,24821.0,83.9,83.9,83.9,83.9,0.0
2013-04-12 00:00:00+00:00,49.0,24971.0,84.5,84.5,84.5,84.5,0.0
2013-04-15 00:00:00+00:00,46.0,25051.0,83.6,83.6,83.6,83.6,0.0
2013-04-16 00:00:00+00:00,45.0,25126.0,83.05,83.05,83.05,83.05,0.0
2013-04-17 00:00:00+00:00,44.0,25426.0,81.6,81.6,81.6,81.6,0.0
2013-04-18 00:00:00+00:00,43.0,25486.0,81.0,81.0,81.0,81.0,0.0
2013-04-19 00:00:00+00:00,42.0,25546.0,82.05,82.05,82.05,82.05,0.0
2013-04-22 00:00:00+00:00,39.0,25561.0,82.15,82.15,82.15,82.15,0.0
2013-04-23 00:00:00+00:00,38.0,25576.0,82.95,82.95,82.95,82.95,0.0
2013-04-24 00:00:00+00:00,37.0,25651.0,82.2,82.2,82.2,82.2,0.0
2013-04-25 00:00:00+00:00,36.0,25716.0,82.35,82.35,82.35,82.35,0.0
2013-04-26 00:00:00+00:00,35.0,25841.0,82.05,82.05,82.05,82.05,0.0
2013-04-29 00:00:00+00:00,32.0,23717.0,81.35,81.35,81.35,81.35,0.0
2013-04-30 00:00:00+00:00,31.0,23852.0,80.8,80.8,80.8,80.8,0.0
2013-05-01 00:00:00+00:00,58.0,24192.0,80.95,80.95,80.95,80.95,0.0
2013-05-02 00:00:00+00:00,57.0,24231.0,81.55,81.55,81.55,81.55,0.0
2013-05-03 00:00:00+00:00,56.0,24317.0,82.25,82.25,82.25,82.25,0.0
2013-05-06 00:00:00+00:00,53.0,24317.0,82.25,82.25,82.25,82.25,0.0
2013-05-07 00:00:00+00:00,52.0,24392.0,82.2,82.2,82.2,82.2,0.0
2013-05-08 00:00:00+00:00,51.0,24437.0,82.2,82.2,82.2,82.2,0.0
2013-05-09 00:00:00+00:00,50.0,24582.0,82.35,82.35,82.35,82.35,0.0
2013-05-10 00:00:00+00:00,49.0,24732.0,81.65,81.65,81.65,81.65,0.0
2013-05-13 00:00:00+00:00,46.0,24642.0,80.7,80.7,80.7,80.7,0.0
2013-05-14 00:00:00+00:00,45.0,24692.0,80.95,80.95,80.95,80.95,0.0
2013-05-15 00:00:00+00:00,44.0,24752.0,80.75,80.75,80.75,80.75,0.0
2013-05-16 00:00:00+00:00,43.0,24659.0,81.0,81.0,81.0,81.0,0.0
2013-05-17 00:00:00+00:00,42.0,24719.0,81.45,81.45,81.45,81.45,0.0
2013-05-20 00:00:00+00:00,39.0,24983.0,81.95,81.95,81.95,81.95,0.0
2013-05-21 00:00:00+00:00,38.0,24933.0,82.8,82.8,82.8,82.8,0.0
2013-05-22 00:00:00+00:00,37.0,24893.0,83.15,83.15,83.15,83.15,0.0
2013-05-23 00:00:00+00:00,36.0,25121.0,83.25,83.25,83.25,83.25,0.0
2013-05-24 00:00:00+00:00,35.0,25076.0,82.95,82.95,82.95,82.95,0.0
2013-05-27 00:00:00+00:00,32.0,25076.0,82.95,82.95,82.95,82.95,0.0
2013-05-28 00:00:00+00:00,31.0,25121.0,82.9,82.9,82.9,82.9,0.0
2013-05-29 00:00:00+00:00,30.0,25146.0,82.25,82.25,82.25,82.25,0.0
2013-05-30 00:00:00+00:00,29.0,25161.0,82.2,82.2,82.2,82.2,0.0
2013-05-31 00:00:00+00:00,28.0,23668.0,82.7,82.7,82.7,82.7,0.0
2013-06-03 00:00:00+00:00,53.0,23653.0,80.9,80.9,80.9,80.9,0.0
2013-06-04 00:00:00+00:00,52.0,23728.0,80.55,80.55,80.55,80.55,0.0
2013-06-05 00:00:00+00:00,51.0,23773.0,80.65,80.65,80.65,80.65,0.0
2013-06-06 00:00:00+00:00,50.0,23898.0,80.6,80.6,80.6,80.6,0.0
2013-06-07 00:00:00+00:00,49.0,24038.0,80.1,80.1,80.1,80.1,0.0
2013-06-10 00:00:00+00:00,46.0,24193.0,78.75,78.75,78.75,78.75,0.0
2013-06-11 00:00:00+00:00,45.0,24133.0,78.15,78.15,78.15,78.15,0.0
2013-06-12 00:00:00+00:00,44.0,23883.0,77.5,77.5,77.5,77.5,0.0
2013-06-13 00:00:00+00:00,43.0,23990.0,76.65,76.65,76.65,76.65,0.0
2013-06-14 00:00:00+00:00,42.0,24045.0,77.0,77.0,77.0,77.0,0.0
2013-06-17 00:00:00+00:00,39.0,24125.0,76.75,76.75,76.75,76.75,0.0
2013-06-18 00:00:00+00:00,38.0,24125.0,76.8,76.8,76.8,76.8,0.0
2013-06-19 00:00:00+00:00,37.0,24125.0,76.9,76.9,76.9,76.9,0.0
2013-06-20 00:00:00+00:00,36.0,24212.0,76.5,76.5,76.5,76.5,0.0
2013-06-21 00:00:00+00:00,35.0,24217.0,75.2,75.2,75.2,75.2,0.0
2013-06-24 00:00:00+00:00,32.0,24217.0,74.25,74.25,74.25,74.25,0.0
2013-06-25 00:00:00+00:00,31.0,24442.0,74.5,74.5,74.5,74.5,0.0
2013-06-26 00:00:00+00:00,30.0,24492.0,74.1,74.1,74.1,74.1,0.0
2013-06-27 00:00:00+00:00,29.0,24432.0,74.0,74.0,74.0,74.0,0.0
2013-06-28 00:00:00+00:00,28.0,22579.0,73.2,73.2,73.2,73.2,0.0
2013-07-01 00:00:00+00:00,60.0,22549.0,74.3,74.3,74.3,74.3,0.0
2013-07-02 00:00:00+00:00,59.0,22549.0,74.05,74.05,74.05,74.05,0.0
2013-07-03 00:00:00+00:00,58.0,22729.0,74.45,74.45,74.45,74.45,0.0
2013-07-04 00:00:00+00:00,57.0,22669.0,74.35,74.35,74.35,74.35,0.0
2013-07-05 00:00:00+00:00,56.0,22634.0,74.5,74.5,74.5,74.5,0.0
2013-07-08 00:00:00+00:00,53.0,22809.0,73.9,73.9,73.9,73.9,0.0
2013-07-09 00:00:00+00:00,52.0,23144.0,73.8,73.8,73.8,73.8,0.0
2013-07-10 00:00:00+00:00,51.0,23309.0,73.55,73.55,73.55,73.55,0.0
2013-07-11 00:00:00+00:00,50.0,23669.0,73.65,73.65,73.65,73.65,0.0
2013-07-12 00:00:00+00:00,49.0,23674.0,73.4,73.4,73.4,73.4,0.0
2013-07-15 00:00:00+00:00,46.0,23674.0,73.75,73.75,73.75,73.75,0.0
2013-07-16 00:00:00+00:00,45.0,23709.0,74.35,74.35,74.35,74.35,0.0
2013-07-17 00:00:00+00:00,44.0,24094.0,74.95,74.95,74.95,74.95,0.0
2013-07-18 00:00:00+00:00,43.0,24244.0,74.15,74.15,74.15,74.15,0.0
2013-07-19 00:00:00+00:00,42.0,24214.0,73.65,73.65,73.65,73.65,0.0
2013-07-22 00:00:00+00:00,39.0,24214.0,73.25,73.25,73.25,73.25,0.0
2013-07-23 00:00:00+00:00,38.0,24154.0,73.65,73.65,73.65,73.65,0.0
2013-07-24 00:00:00+00:00,37.0,24124.0,73.55,73.55,73.55,73.55,0.0
2013-07-25 00:00:00+00:00,36.0,24279.0,73.9,73.9,73.9,73.9,0.0
2013-07-26 00:00:00+00:00,35.0,22696.0,73.65,73.65,73.65,73.65,0.0
2013-07-29 00:00:00+00:00,32.0,22686.0,73.25,73.25,73.25,73.25,0.0
2013-07-30 00:00:00+00:00,31.0,22676.0,73.05,73.05,73.05,73.05,0.0
2013-07-31 00:00:00+00:00,30.0,22601.0,72.6,72.6,72.6,72.6,0.0
2013-08-01 00:00:00+00:00,57.0,22456.0,72.7,72.7,72.7,72.7,0.0
2013-08-02 00:00:00+00:00,56.0,22306.0,72.5,72.5,72.5,72.5,0.0
2013-08-05 00:00:00+00:00,53.0,22206.0,72.3,72.3,72.3,72.3,0.0
2013-08-06 00:00:00+00:00,52.0,22466.0,72.6,72.6,72.6,72.6,0.0
2013-08-07 00:00:00+00:00,51.0,22436.0,72.6,72.6,72.6,72.6,0.0
2013-08-08 00:00:00+00:00,50.0,22496.0,73.0,73.0,73.0,73.0,0.0
2013-08-09 00:00:00+00:00,49.0,22796.0,73.95,73.95,73.95,73.95,0.0
2013-08-12 00:00:00+00:00,46.0,22656.0,74.9,74.9,74.9,74.9,0.0
2013-08-13 00:00:00+00:00,45.0,22577.0,74.65,74.65,74.65,74.65,0.0
2013-08-14 00:00:00+00:00,44.0,22507.0,75.1,75.1,75.1,75.1,0.0
2013-08-15 00:00:00+00:00,43.0,22537.0,73.85,73.85,73.85,73.85,0.0
2013-08-16 00:00:00+00:00,42.0,22582.0,73.95,73.95,73.95,73.95,0.0
2013-08-19 00:00:00+00:00,39.0,22552.0,74.05,74.05,74.05,74.05,0.0
2013-08-20 00:00:00+00:00,38.0,22540.0,74.15,74.15,74.15,74.15,0.0
2013-08-21 00:00:00+00:00,37.0,22455.0,74.0,74.0,74.0,74.0,0.0
2013-08-22 00:00:00+00:00,36.0,22564.0,74.0,74.0,74.0,74.0,0.0
2013-08-23 00:00:00+00:00,35.0,22579.0,74.1,74.1,74.1,74.1,0.0
2013-08-26 00:00:00+00:00,32.0,22579.0,74.1,74.1,74.1,74.1,0.0
2013-08-27 00:00:00+00:00,31.0,22566.0,73.4,73.4,73.4,73.4,0.0
2013-08-28 00:00:00+00:00,30.0,22794.0,72.3,72.3,72.3,72.3,0.0
2013-08-29 00:00:00+00:00,29.0,23081.0,72.3,72.3,72.3,72.3,0.0
2013-08-30 00:00:00+00:00,28.0,21408.0,72.5,72.5,72.5,72.5,0.0
2013-09-02 00:00:00+00:00,53.0,21566.0,73.4,73.4,73.4,73.4,0.0
2013-09-03 00:00:00+00:00,52.0,21631.0,73.45,73.45,73.45,73.45,0.0
2013-09-04 00:00:00+00:00,51.0,21721.0,73.1,73.1,73.1,73.1,0.0
2013-09-05 00:00:00+00:00,50.0,21911.0,73.4,73.4,73.4,73.4,0.0
2013-09-06 00:00:00+00:00,49.0,21976.0,73.05,73.05,73.05,73.05,0.0
2013-09-09 00:00:00+00:00,46.0,22046.0,72.8,72.8,72.8,72.8,0.0
2013-09-10 00:00:00+00:00,45.0,22176.0,72.85,72.85,72.85,72.85,0.0
2013-09-11 00:00:00+00:00,44.0,21856.0,73.05,73.05,73.05,73.05,0.0
2013-09-12 00:00:00+00:00,43.0,21921.0,73.9,73.9,73.9,73.9,0.0
2013-09-13 00:00:00+00:00,42.0,22108.0,74.05,74.05,74.05,74.05,0.0
2013-09-16 00:00:00+00:00,39.0,22183.0,74.0,74.0,74.0,74.0,0.0
2013-09-17 00:00:00+00:00,38.0,22293.0,74.4,74.4,74.4,74.4,0.0
2013-09-18 00:00:00+00:00,37.0,22573.0,75.55,75.55,75.55,75.55,0.0
2013-09-19 00:00:00+00:00,36.0,23177.0,75.0,75.0,75.0,75.0,0.0
2013-09-20 00:00:00+00:00,35.0,23278.0,75.05,75.05,75.05,75.05,0.0
2013-09-23 00:00:00+00:00,32.0,24184.0,75.8,75.8,75.8,75.8,0.0
2013-09-24 00:00:00+00:00,31.0,25039.0,76.1,76.1,76.1,76.1,0.0
2013-09-25 00:00:00+00:00,30.0,25116.0,77.15,77.15,77.15,77.15,0.0
2013-09-26 00:00:00+00:00,29.0,25982.0,77.55,77.55,77.55,77.55,0.0
2013-09-27 00:00:00+00:00,28.0,24836.0,77.35,77.35,77.35,77.35,0.0
2013-09-30 00:00:00+00:00,25.0,25421.0,77.25,77.25,77.25,77.25,0.0
2013-10-01 00:00:00+00:00,59.0,25709.0,78.65,78.65,78.65,78.65,0.0
2013-10-02 00:00:00+00:00,58.0,25908.0,78.75,78.75,78.75,78.75,0.0
2013-10-03 00:00:00+00:00,57.0,26553.0,79.45,79.45,79.45,79.45,0.0
2013-10-04 00:00:00+00:00,56.0,26893.0,79.65,79.65,79.65,79.65,0.0
2013-10-07 00:00:00+00:00,53.0,26823.0,79.9,79.9,79.9,79.9,0.0
2013-10-08 00:00:00+00:00,52.0,27028.0,79.75,79.75,79.75,79.75,0.0
2013-10-09 00:00:00+00:00,51.0,27258.0,79.2,79.2,79.2,79.2,0.0
2013-10-10 00:00:00+00:00,50.0,27508.0,79.3,79.3,79.3,79.3,0.0
2013-10-11 00:00:00+00:00,49.0,26775.0,78.75,78.75,78.75,78.75,0.0
2013-10-14 00:00:00+00:00,46.0,27090.0,79.35,79.35,79.35,79.35,0.0
2013-10-15 00:00:00+00:00,45.0,27663.0,79.8,79.8,79.8,79.8,0.0
2013-10-16 00:00:00+00:00,44.0,27646.0,81.3,81.3,81.3,81.3,0.0
2013-10-17 00:00:00+00:00,43.0,29612.0,81.5,81.5,81.5,81.5,0.0
2013-10-18 00:00:00+00:00,42.0,30820.0,83.25,83.25,83.25,83.25,0.0
2013-10-21 00:00:00+00:00,39.0,30828.0,85.15,85.15,85.15,85.15,0.0
2013-10-22 00:00:00+00:00,38.0,31493.0,86.7,86.7,86.7,86.7,0.0
2013-10-23 00:00:00+00:00,37.0,31213.0,89.0,89.0,89.0,89.0,0.0
2013-10-24 00:00:00+00:00,36.0,31378.0,90.2,90.2,90.2,90.2,0.0
2013-10-25 00:00:00+00:00,35.0,31482.0,90.2,90.2,90.2,90.2,0.0
2013-10-28 00:00:00+00:00,32.0,29006.0,88.55,88.55,88.55,88.55,0.0
2013-10-29 00:00:00+00:00,31.0,27236.0,88.05,88.05,88.05,88.05,0.0
2013-10-30 00:00:00+00:00,30.0,27351.0,86.75,86.75,86.75,86.75,0.0
2013-10-31 00:00:00+00:00,29.0,27510.0,85.9,85.9,85.9,85.9,0.0
2013-11-01 00:00:00+00:00,56.0,27553.0,85.35,85.35,85.35,85.35,0.0
2013-11-04 00:00:00+00:00,53.0,27809.0,84.0,84.0,84.0,84.0,0.0
2013-11-05 00:00:00+00:00,52.0,27854.0,84.2,84.2,84.2,84.2,0.0
2013-11-06 00:00:00+00:00,51.0,27920.0,84.2,84.2,84.2,84.2,0.0
2013-11-07 00:00:00+00:00,50.0,27905.0,84.65,84.65,84.65,84.65,0.0
2013-11-08 00:00:00+00:00,49.0,27975.0,84.15,84.15,84.15,84.15,0.0
2013-11-11 00:00:00+00:00,46.0,28115.0,83.3,83.3,83.3,83.3,0.0
2013-11-12 00:00:00+00:00,45.0,28145.0,82.85,82.85,82.85,82.85,0.0
2013-11-13 00:00:00+00:00,44.0,28139.0,83.05,83.05,83.05,83.05,0.0
2013-11-14 00:00:00+00:00,43.0,28122.0,83.05,83.05,83.05,83.05,0.0
2013-11-15 00:00:00+00:00,42.0,28207.0,83.9,83.9,83.9,83.9,0.0
2013-11-18 00:00:00+00:00,39.0,28382.0,84.2,84.2,84.2,84.2,0.0
2013-11-19 00:00:00+00:00,38.0,28267.0,84.4,84.4,84.4,84.4,0.0
2013-11-20 00:00:00+00:00,37.0,28242.0,85.7,85.7,85.7,85.7,0.0
2013-11-21 00:00:00+00:00,36.0,28508.0,85.4,85.4,85.4,85.4,0.0
2013-11-22 00:00:00+00:00,35.0,28498.0,85.8,85.8,85.8,85.8,0.0
2013-11-25 00:00:00+00:00,32.0,28443.0,85.9,85.9,85.9,85.9,0.0
2013-11-26 00:00:00+00:00,31.0,28393.0,85.8,85.8,85.8,85.8,0.0
2013-11-27 00:00:00+00:00,30.0,28994.0,84.7,84.7,84.7,84.7,0.0
2013-11-28 00:00:00+00:00,29.0,29009.0,83.75,83.75,83.75,83.75,0.0
2013-11-29 00:00:00+00:00,28.0,27308.0,84.0,84.0,84.0,84.0,0.0
2013-12-02 00:00:00+00:00,60.0,27333.0,84.25,84.25,84.25,84.25,0.0
2013-12-03 00:00:00+00:00,59.0,27743.0,84.05,84.05,84.05,84.05,0.0
2013-12-04 00:00:00+00:00,58.0,27763.0,83.7,83.7,83.7,83.7,0.0
2013-12-05 00:00:00+00:00,57.0,27898.0,84.2,84.2,84.2,84.2,0.0
2013-12-06 00:00:00+00:00,56.0,27933.0,85.15,85.15,85.15,85.15,0.0
2013-12-09 00:00:00+00:00,53.0,27953.0,85.5,85.5,85.5,85.5,0.0
2013-12-10 00:00:00+00:00,52.0,28158.0,85.65,85.65,85.65,85.65,0.0
2013-12-11 00:00:00+00:00,51.0,28308.0,86.4,86.4,86.4,86.4,0.0
2013-12-12 00:00:00+00:00,50.0,28698.0,86.8,86.8,86.8,86.8,0.0
2013-12-13 00:00:00+00:00,49.0,28688.0,86.45,86.45,86.45,86.45,0.0
2013-12-16 00:00:00+00:00,46.0,28453.0,86.2,86.2,86.2,86.2,0.0
2013-12-17 00:00:00+00:00,45.0,28423.0,86.05,86.05,86.05,86.05,0.0
2013-12-18 00:00:00+00:00,44.0,28433.0,85.95,85.95,85.95,85.95,0.0
2013-12-19 00:00:00+00:00,43.0,28463.0,85.35,85.35,85.35,85.35,0.0
2013-12-20 00:00:00+00:00,42.0,28463.0,84.95,84.95,84.95,84.95,0.0
2013-12-23 00:00:00+00:00,39.0,28463.0,85.1,85.1,85.1,85.1,0.0
2013-12-24 00:00:00+00:00,38.0,28468.0,85.05,85.05,85.05,85.05,0.0
2013-12-25 00:00:00+00:00,38.0,28468.0,,,,85.05,
2013-12-26 00:00:00+00:00,36.0,0.0,85.05,85.05,85.05,85.05,0.0
2013-12-27 00:00:00+00:00,35.0,25638.0,85.55,85.55,85.55,85.55,0.0
2013-12-30 00:00:00+00:00,32.0,25688.0,85.25,85.25,85.25,85.25,0.0
2013-12-31 00:00:00+00:00,31.0,25688.0,85.25,85.25,85.25,85.25,0.0
2014-01-01 00:00:00+00:00,31.0,25688.0,,,,85.25,
2014-01-02 00:00:00+00:00,57.0,25688.0,84.25,84.25,84.25,84.25,0.0
2014-01-03 00:00:00+00:00,56.0,25748.0,83.1,83.1,83.1,83.1,0.0
2014-01-06 00:00:00+00:00,53.0,25808.0,82.25,82.25,82.25,82.25,0.0
2014-01-07 00:00:00+00:00,52.0,25940.0,80.95,80.95,80.95,80.95,0.0
2014-01-08 00:00:00+00:00,51.0,26255.0,81.35,81.35,81.35,81.35,0.0
2014-01-09 00:00:00+00:00,50.0,26332.0,82.9,82.9,82.9,82.9,0.0
2014-01-10 00:00:00+00:00,49.0,26490.0,82.7,82.7,82.7,82.7,0.0
2014-01-13 00:00:00+00:00,46.0,26478.0,83.2,83.2,83.2,83.2,0.0
2014-01-14 00:00:00+00:00,45.0,26468.0,84.0,84.0,84.0,84.0,0.0
2014-01-15 00:00:00+00:00,44.0,27058.0,84.55,84.55,84.55,84.55,0.0
2014-01-16 00:00:00+00:00,43.0,27108.0,84.6,84.6,84.6,84.6,0.0
2014-01-17 00:00:00+00:00,42.0,27293.0,84.4,84.4,84.4,84.4,0.0
2014-01-20 00:00:00+00:00,39.0,27067.0,83.55,83.55,83.55,83.55,0.0
2014-01-21 00:00:00+00:00,38.0,27167.0,82.25,82.25,82.25,82.25,0.0
2014-01-22 00:00:00+00:00,37.0,27275.0,79.9,79.9,79.9,79.9,0.0
2014-01-23 00:00:00+00:00,36.0,27635.0,79.15,79.15,79.15,79.15,0.0
2014-01-24 00:00:00+00:00,35.0,27630.0,79.3,79.3,79.3,79.3,0.0
2014-01-27 00:00:00+00:00,32.0,27465.0,80.1,80.1,80.1,80.1,0.0
2014-01-28 00:00:00+00:00,31.0,27550.0,80.5,80.5,80.5,80.5,0.0
2014-01-29 00:00:00+00:00,30.0,27635.0,79.4,79.4,79.4,79.4,0.0
2014-01-30 00:00:00+00:00,29.0,27784.0,79.0,79.0,79.0,79.0,0.0
2014-01-31 00:00:00+00:00,28.0,27779.0,77.7,77.7,77.7,77.7,0.0
2014-02-03 00:00:00+00:00,53.0,23435.0,76.9,76.9,76.9,76.9,0.0
2014-02-04 00:00:00+00:00,52.0,23458.0,77.7,77.7,77.7,77.7,0.0
2014-02-05 00:00:00+00:00,51.0,23618.0,78.4,78.4,78.4,78.4,0.0
2014-02-06 00:00:00+00:00,50.0,23822.0,78.9,78.9,78.9,78.9,0.0
2014-02-07 00:00:00+00:00,49.0,24007.0,78.4,78.4,78.4,78.4,0.0
2014-02-10 00:00:00+00:00,46.0,24162.0,77.95,77.95,77.95,77.95,0.0
2014-02-11 00:00:00+00:00,45.0,24177.0,76.5,76.5,76.5,76.5,0.0
2014-02-12 00:00:00+00:00,44.0,24267.0,76.05,76.05,76.05,76.05,0.0
2014-02-13 00:00:00+00:00,43.0,24448.0,76.3,76.3,76.3,76.3,0.0
2014-02-14 00:00:00+00:00,42.0,24508.0,76.7,76.7,76.7,76.7,0.0
2014-02-17 00:00:00+00:00,39.0,24668.0,76.1,76.1,76.1,76.1,0.0
2014-02-18 00:00:00+00:00,38.0,25221.0,75.3,75.3,75.3,75.3,0.0
2014-02-19 00:00:00+00:00,37.0,25265.0,74.7,74.7,74.7,74.7,0.0
2014-02-20 00:00:00+00:00,36.0,25326.0,74.75,74.75,74.75,74.75,0.0
2014-02-21 00:00:00+00:00,35.0,25396.0,74.75,74.75,74.75,74.75,0.0
2014-02-24 00:00:00+00:00,32.0,25884.0,73.3,73.3,73.3,73.3,0.0
2014-02-25 00:00:00+00:00,31.0,25754.0,73.2,73.2,73.2,73.2,0.0
2014-02-26 00:00:00+00:00,30.0,25844.0,73.75,73.75,73.75,73.75,0.0
2014-02-27 00:00:00+00:00,29.0,26227.0,74.05,74.05,74.05,74.05,0.0
2014-02-28 00:00:00+00:00,28.0,23025.0,74.3,74.3,74.3,74.3,0.0
2014-03-03 00:00:00+00:00,53.0,23240.0,73.4,73.4,73.4,73.4,0.0
2014-03-04 00:00:00+00:00,52.0,23451.0,72.8,72.8,72.8,72.8,0.0
2014-03-05 00:00:00+00:00,51.0,23606.0,72.6,72.6,72.6,72.6,0.0
2014-03-06 00:00:00+00:00,50.0,23711.0,72.75,72.75,72.75,72.75,0.0
2014-03-07 00:00:00+00:00,49.0,23711.0,72.9,72.9,72.9,72.9,0.0
2014-03-10 00:00:00+00:00,46.0,23930.0,71.9,71.9,71.9,71.9,0.0
2014-03-11 00:00:00+00:00,45.0,23975.0,72.8,72.8,72.8,72.8,0.0
2014-03-12 00:00:00+00:00,44.0,24070.0,73.35,73.35,73.35,73.35,0.0
2014-03-13 00:00:00+00:00,43.0,24083.0,73.7,73.7,73.7,73.7,0.0
2014-03-14 00:00:00+00:00,42.0,24443.0,74.55,74.55,74.55,74.55,0.0
2014-03-17 00:00:00+00:00,39.0,24614.0,74.85,74.85,74.85,74.85,0.0
2014-03-18 00:00:00+00:00,38.0,24654.0,74.45,74.45,74.45,74.45,0.0
2014-03-19 00:00:00+00:00,37.0,24629.0,74.1,74.1,74.1,74.1,0.0
2014-03-20 00:00:00+00:00,36.0,24639.0,73.8,73.8,73.8,73.8,0.0
2014-03-21 00:00:00+00:00,35.0,24829.0,74.1,74.1,74.1,74.1,0.0
2014-03-24 00:00:00+00:00,32.0,24900.0,73.15,73.15,73.15,73.15,0.0
2014-03-25 00:00:00+00:00,31.0,24940.0,71.75,71.75,71.75,71.75,0.0
2014-03-26 00:00:00+00:00,30.0,25060.0,71.1,71.1,71.1,71.1,0.0
2014-03-27 00:00:00+00:00,29.0,25140.0,71.85,71.85,71.85,71.85,0.0
2014-03-28 00:00:00+00:00,28.0,25290.0,72.35,72.35,72.35,72.35,0.0
2014-03-31 00:00:00+00:00,25.0,21694.0,72.4,72.4,72.4,72.4,0.0
2014-04-01 00:00:00+00:00,59.0,21693.0,72.65,72.65,72.65,72.65,0.0
2014-04-02 00:00:00+00:00,58.0,21763.0,72.6,72.6,72.6,72.6,0.0
2014-04-03 00:00:00+00:00,57.0,21626.0,72.9,72.9,72.9,72.9,0.0
2014-04-04 00:00:00+00:00,56.0,21596.0,73.25,73.25,73.25,73.25,0.0
2014-04-07 00:00:00+00:00,53.0,21636.0,74.15,74.15,74.15,74.15,0.0
2014-04-08 00:00:00+00:00,52.0,21741.0,74.05,74.05,74.05,74.05,0.0
2014-04-09 00:00:00+00:00,51.0,21691.0,74.15,74.15,74.15,74.15,0.0
2014-04-10 00:00:00+00:00,50.0,21691.0,74.65,74.65,74.65,74.65,0.0
2014-04-11 00:00:00+00:00,49.0,21641.0,75.0,75.0,75.0,75.0,0.0
2014-04-14 00:00:00+00:00,46.0,21656.0,75.1,75.1,75.1,75.1,0.0
2014-04-15 00:00:00+00:00,45.0,21671.0,74.95,74.95,74.95,74.95,0.0
2014-04-16 00:00:00+00:00,44.0,21856.0,75.1,75.1,75.1,75.1,0.0
2014-04-17 00:00:00+00:00,43.0,21916.0,74.85,74.85,74.85,74.85,0.0
2014-04-18 00:00:00+00:00,43.0,21916.0,,,,74.85,
2014-04-21 00:00:00+00:00,39.0,0.0,74.85,74.85,74.85,74.85,0.0
2014-04-22 00:00:00+00:00,38.0,21896.0,74.8,74.8,74.8,74.8,0.0
2014-04-23 00:00:00+00:00,37.0,21806.0,75.3,75.3,75.3,75.3,0.0
2014-04-24 00:00:00+00:00,36.0,21866.0,75.3,75.3,75.3,75.3,0.0
2014-04-25 00:00:00+00:00,35.0,21907.0,75.2,75.2,75.2,75.2,0.0
2014-04-28 00:00:00+00:00,32.0,19621.0,75.4,75.4,75.4,75.4,0.0
2014-04-29 00:00:00+00:00,31.0,19981.0,75.4,75.4,75.4,75.4,0.0
2014-04-30 00:00:00+00:00,30.0,20161.0,75.2,75.2,75.2,75.2,0.0
2014-05-01 00:00:00+00:00,57.0,20291.0,74.25,74.25,74.25,74.25,0.0
2014-05-02 00:00:00+00:00,56.0,20291.0,74.3,74.3,74.3,74.3,0.0
2014-05-05 00:00:00+00:00,56.0,20291.0,,,,74.3,
2014-05-06 00:00:00+00:00,52.0,20326.0,74.35,74.35,74.35,74.35,0.0
2014-05-07 00:00:00+00:00,51.0,20110.0,74.45,74.45,74.45,74.45,0.0
2014-05-08 00:00:00+00:00,50.0,20046.0,74.55,74.55,74.55,74.55,0.0
2014-05-09 00:00:00+00:00,49.0,20115.0,74.9,74.9,74.9,74.9,0.0
2014-05-12 00:00:00+00:00,46.0,20220.0,75.3,75.3,75.3,75.3,0.0
2014-05-13 00:00:00+00:00,45.0,20331.0,75.7,75.7,75.7,75.7,0.0
2014-05-14 00:00:00+00:00,44.0,20331.0,75.4,75.4,75.4,75.4,0.0
2014-05-15 00:00:00+00:00,43.0,20611.0,75.55,75.55,75.55,75.55,0.0
2014-05-16 00:00:00+00:00,42.0,20626.0,75.6,75.6,75.6,75.6,0.0
2014-05-19 00:00:00+00:00,39.0,20626.0,75.45,75.45,75.45,75.45,0.0
2014-05-20 00:00:00+00:00,38.0,20611.0,75.3,75.3,75.3,75.3,0.0
2014-05-21 00:00:00+00:00,37.0,20621.0,75.25,75.25,75.25,75.25,0.0
2014-05-22 00:00:00+00:00,36.0,20461.0,75.45,75.45,75.45,75.45,0.0
2014-05-23 00:00:00+00:00,35.0,20570.0,75.55,75.55,75.55,75.55,0.0
2014-05-26 00:00:00+00:00,32.0,0.0,75.55,75.55,75.55,75.55,0.0
2014-05-27 00:00:00+00:00,31.0,20666.0,75.4,75.4,75.4,75.4,0.0
2014-05-28 00:00:00+00:00,30.0,20681.0,75.25,75.25,75.25,75.25,0.0
2014-05-29 00:00:00+00:00,29.0,20566.0,75.25,75.25,75.25,75.25,0.0
2014-05-30 00:00:00+00:00,28.0,20409.0,74.75,74.75,74.75,74.75,0.0
2014-06-02 00:00:00+00:00,53.0,18413.0,74.2,74.2,74.2,74.2,0.0
2014-06-03 00:00:00+00:00,52.0,18468.0,74.3,74.3,74.3,74.3,0.0
2014-06-04 00:00:00+00:00,51.0,18582.0,74.2,74.2,74.2,74.2,0.0
2014-06-05 00:00:00+00:00,50.0,18632.0,74.25,74.25,74.25,74.25,0.0
2014-06-06 00:00:00+00:00,49.0,18276.0,73.95,73.95,73.95,73.95,0.0
2014-06-09 00:00:00+00:00,46.0,18276.0,73.8,73.8,73.8,73.8,0.0
2014-06-10 00:00:00+00:00,45.0,18786.0,73.8,73.8,73.8,73.8,0.0
2014-06-11 00:00:00+00:00,44.0,19043.0,73.25,73.25,73.25,73.25,0.0
2014-06-12 00:00:00+00:00,43.0,19201.0,73.45,73.45,73.45,73.45,0.0
2014-06-13 00:00:00+00:00,42.0,19281.0,73.8,73.8,73.8,73.8,0.0
2014-06-16 00:00:00+00:00,39.0,19456.0,73.85,73.85,73.85,73.85,0.0
2014-06-17 00:00:00+00:00,38.0,19523.0,73.7,73.7,73.7,73.7,0.0
2014-06-18 00:00:00+00:00,37.0,19873.0,73.9,73.9,73.9,73.9,0.0
2014-06-19 00:00:00+00:00,36.0,20829.0,74.25,74.25,74.25,74.25,0.0
2014-06-20 00:00:00+00:00,35.0,21362.0,73.85,73.85,73.85,73.85,0.0
2014-06-23 00:00:00+00:00,32.0,21362.0,73.7,73.7,73.7,73.7,0.0
2014-06-24 00:00:00+00:00,31.0,21477.0,73.9,73.9,73.9,73.9,0.0
2014-06-25 00:00:00+00:00,30.0,21497.0,74.45,74.45,74.45,74.45,0.0
2014-06-26 00:00:00+00:00,29.0,21432.0,74.1,74.1,74.1,74.1,0.0
2014-06-27 00:00:00+00:00,28.0,19461.0,74.15,74.15,74.15,74.15,0.0
2014-06-30 00:00:00+00:00,25.0,19887.0,74.15,74.15,74.15,74.15,0.0
2014-07-01 00:00:00+00:00,59.0,19903.0,73.65,73.65,73.65,73.65,0.0
2014-07-02 00:00:00+00:00,58.0,20087.0,73.35,73.35,73.35,73.35,0.0
2014-07-03 00:00:00+00:00,57.0,20217.0,73.2,73.2,73.2,73.1,30.0
2014-07-04 00:00:00+00:00,56.0,20227.0,72.3,72.3,72.3,72.3,0.0
2014-07-07 00:00:00+00:00,53.0,20417.0,72.0,72.0,72.0,72.0,0.0
2014-07-08 00:00:00+00:00,52.0,20417.0,71.65,71.65,71.65,71.65,0.0
2014-07-09 00:00:00+00:00,51.0,20687.0,71.85,71.85,71.85,71.85,0.0
2014-07-10 00:00:00+00:00,50.0,20784.0,71.45,71.45,71.45,71.45,0.0
2014-07-11 00:00:00+00:00,49.0,20893.0,70.95,70.95,70.95,70.95,0.0
2014-07-14 00:00:00+00:00,46.0,20910.0,71.0,71.0,71.0,71.0,0.0
2014-07-15 00:00:00+00:00,45.0,20865.0,70.3,70.3,70.3,70.3,0.0
2014-07-16 00:00:00+00:00,44.0,20775.0,69.0,69.0,69.0,69.0,0.0
2014-07-17 00:00:00+00:00,43.0,21405.0,70.0,70.0,70.0,70.0,0.0
2014-07-18 00:00:00+00:00,42.0,21465.0,70.35,70.35,70.35,70.35,0.0
2014-07-21 00:00:00+00:00,39.0,21860.0,70.85,70.85,70.85,70.85,0.0
2014-07-22 00:00:00+00:00,38.0,21882.0,71.9,71.9,71.9,71.9,0.0
2014-07-23 00:00:00+00:00,37.0,22072.0,72.3,72.3,72.3,72.3,0.0
2014-07-24 00:00:00+00:00,36.0,21895.0,72.2,72.2,72.2,72.2,0.0
2014-07-25 00:00:00+00:00,35.0,22068.0,72.9,72.9,72.9,72.9,0.0
2014-07-28 00:00:00+00:00,32.0,19796.0,73.85,73.85,73.85,73.85,0.0
2014-07-29 00:00:00+00:00,31.0,19761.0,73.2,73.2,73.2,73.2,0.0
2014-07-30 00:00:00+00:00,30.0,19756.0,72.6,72.6,72.6,72.6,0.0
2014-07-31 00:00:00+00:00,29.0,19731.0,72.0,72.0,72.0,72.0,0.0
2014-08-01 00:00:00+00:00,56.0,19753.0,71.45,71.45,71.45,71.45,0.0
2014-08-04 00:00:00+00:00,53.0,19758.0,71.75,71.75,71.75,71.75,0.0
2014-08-05 00:00:00+00:00,52.0,19818.0,72.7,72.7,72.7,72.7,0.0
2014-08-06 00:00:00+00:00,51.0,19798.0,72.65,72.65,72.65,72.65,0.0
2014-08-07 00:00:00+00:00,50.0,19947.0,73.25,73.25,73.25,73.25,0.0
2014-08-08 00:00:00+00:00,49.0,19792.0,74.05,74.05,74.05,74.05,0.0
2014-08-11 00:00:00+00:00,46.0,19792.0,74.05,74.05,74.05,74.05,0.0
2014-08-12 00:00:00+00:00,45.0,19627.0,73.15,73.15,73.15,73.15,0.0
2014-08-13 00:00:00+00:00,44.0,19657.0,73.5,73.5,73.5,73.5,0.0
2014-08-14 00:00:00+00:00,43.0,19657.0,72.35,72.35,72.35,72.35,0.0
2014-08-15 00:00:00+00:00,42.0,19657.0,72.65,72.65,72.65,72.65,0.0
2014-08-18 00:00:00+00:00,39.0,19797.0,71.65,71.65,71.65,71.65,0.0
2014-08-19 00:00:00+00:00,38.0,19822.0,70.7,70.7,70.7,70.7,0.0
2014-08-20 00:00:00+00:00,37.0,19987.0,70.7,70.7,70.7,70.7,0.0
2014-08-21 00:00:00+00:00,36.0,20087.0,70.75,70.75,70.75,70.75,0.0
2014-08-22 00:00:00+00:00,35.0,20077.0,70.75,70.75,70.75,70.75,0.0
2014-08-25 00:00:00+00:00,35.0,20077.0,,,,70.75,
2014-08-26 00:00:00+00:00,31.0,20122.0,71.05,71.05,71.05,71.05,0.0
2014-08-27 00:00:00+00:00,30.0,18390.0,70.4,70.4,70.4,70.4,0.0
2014-08-28 00:00:00+00:00,29.0,20172.0,70.7,70.7,70.7,70.7,0.0
2014-08-29 00:00:00+00:00,28.0,18410.0,70.35,70.35,70.35,70.35,0.0
2014-09-01 00:00:00+00:00,60.0,18445.0,70.45,70.45,70.45,70.45,0.0
2014-09-02 00:00:00+00:00,59.0,18446.0,69.55,69.55,69.55,69.55,0.0
2014-09-03 00:00:00+00:00,58.0,18701.0,69.65,69.65,69.65,69.65,0.0
2014-09-04 00:00:00+00:00,57.0,18751.0,68.9,68.9,68.9,68.9,0.0
2014-09-05 00:00:00+00:00,56.0,18911.0,68.75,68.75,68.75,68.75,0.0
2014-09-08 00:00:00+00:00,53.0,18942.0,69.0,69.0,69.0,69.0,0.0
2014-09-09 00:00:00+00:00,52.0,19102.0,68.2,68.2,68.2,68.2,0.0
2014-09-10 00:00:00+00:00,51.0,19192.0,68.85,68.85,68.85,68.85,0.0
2014-09-11 00:00:00+00:00,50.0,19192.0,68.7,68.7,68.7,68.7,0.0
2014-09-12 00:00:00+00:00,49.0,19222.0,68.85,68.85,68.85,68.85,0.0
2014-09-15 00:00:00+00:00,46.0,18957.0,68.95,68.95,68.95,68.95,0.0
2014-09-16 00:00:00+00:00,45.0,19022.0,68.65,68.65,68.65,68.65,0.0
2014-09-17 00:00:00+00:00,44.0,19022.0,68.35,68.35,68.35,68.35,0.0
2014-09-18 00:00:00+00:00,43.0,19022.0,68.45,68.45,68.45,68.45,0.0
2014-09-19 00:00:00+00:00,42.0,19022.0,68.45,68.45,68.45,68.45,0.0
2014-09-22 00:00:00+00:00,39.0,19067.0,68.15,68.15,68.15,68.15,0.0
2014-09-23 00:00:00+00:00,38.0,19062.0,67.6,67.6,67.6,67.6,0.0
2014-09-24 00:00:00+00:00,37.0,19067.0,67.4,67.4,67.4,67.4,0.0
2014-09-25 00:00:00+00:00,36.0,19122.0,67.05,67.05,67.05,67.05,0.0
2014-09-26 00:00:00+00:00,35.0,17328.0,67.0,67.0,67.0,67.0,0.0
2014-09-29 00:00:00+00:00,32.0,17328.0,66.05,66.05,66.05,66.05,0.0
2014-09-30 00:00:00+00:00,31.0,17298.0,65.55,65.55,65.55,65.55,0.0
2014-10-01 00:00:00+00:00,58.0,17298.0,66.25,66.25,66.25,66.25,0.0
2014-10-02 00:00:00+00:00,57.0,17848.0,66.75,66.75,66.75,66.75,0.0
2014-10-03 00:00:00+00:00,56.0,17818.0,66.35,66.35,66.35,66.35,0.0
2014-10-06 00:00:00+00:00,53.0,17828.0,66.2,66.2,66.2,66.2,0.0
2014-10-07 00:00:00+00:00,52.0,17828.0,67.2,67.2,67.2,67.2,0.0
2014-10-08 00:00:00+00:00,51.0,17838.0,67.4,67.4,67.4,67.4,0.0
2014-10-09 00:00:00+00:00,50.0,17783.0,67.0,67.0,67.0,67.0,0.0
2014-10-10 00:00:00+00:00,49.0,17783.0,66.4,66.4,66.4,66.4,0.0
2014-10-13 00:00:00+00:00,46.0,17813.0,65.45,65.45,65.45,65.45,0.0
2014-10-14 00:00:00+00:00,45.0,17848.0,65.05,65.05,65.05,65.05,0.0
2014-10-15 00:00:00+00:00,44.0,17815.0,65.4,65.4,65.4,65.4,0.0
2014-10-16 00:00:00+00:00,43.0,17795.0,65.3,65.3,65.3,65.3,0.0
2014-10-17 00:00:00+00:00,42.0,17915.0,65.4,65.4,65.4,65.4,0.0
2014-10-20 00:00:00+00:00,39.0,17915.0,65.65,65.65,65.65,65.65,0.0
2014-10-21 00:00:00+00:00,38.0,17915.0,66.25,66.25,66.25,66.25,0.0
2014-10-22 00:00:00+00:00,37.0,17975.0,67.5,67.5,67.5,67.5,0.0
2014-10-23 00:00:00+00:00,36.0,18020.0,67.85,67.85,67.85,67.85,0.0
2014-10-24 00:00:00+00:00,35.0,18008.0,67.9,67.9,67.9,67.9,0.0
2014-10-27 00:00:00+00:00,32.0,18008.0,67.2,67.2,67.2,67.2,0.0
2014-10-28 00:00:00+00:00,31.0,18008.0,66.75,66.75,66.75,66.75,0.0
2014-10-29 00:00:00+00:00,30.0,17792.0,66.65,66.65,66.65,66.65,110.0
2014-10-30 00:00:00+00:00,29.0,17792.0,66.25,66.25,66.25,66.25,0.0
2014-10-31 00:00:00+00:00,28.0,15901.0,65.8,65.8,65.8,65.8,0.0
2014-11-03 00:00:00+00:00,51.0,15916.0,64.65,64.65,64.65,64.65,0.0
2014-11-04 00:00:00+00:00,50.0,16092.0,63.75,63.75,63.75,63.75,25.0
2014-11-05 00:00:00+00:00,49.0,16257.0,64.1,64.1,64.1,64.1,0.0
2014-11-06 00:00:00+00:00,48.0,16398.0,63.75,63.75,63.75,63.75,0.0
2014-11-07 00:00:00+00:00,47.0,16408.0,64.2,64.2,64.2,64.2,0.0
2014-11-10 00:00:00+00:00,44.0,16468.0,65.35,65.35,65.35,65.35,0.0
2014-11-11 00:00:00+00:00,43.0,16540.0,66.0,66.0,66.0,66.0,0.0
2014-11-12 00:00:00+00:00,42.0,16534.0,66.2,66.2,66.2,66.2,0.0
2014-11-13 00:00:00+00:00,41.0,16639.0,66.45,66.45,66.45,66.45,0.0
2014-11-14 00:00:00+00:00,40.0,16609.0,66.45,66.45,66.45,66.45,0.0
2014-11-17 00:00:00+00:00,37.0,16572.0,66.75,66.75,66.75,66.75,0.0
2014-11-18 00:00:00+00:00,36.0,16502.0,67.25,67.25,67.25,67.25,0.0
2014-11-19 00:00:00+00:00,35.0,16643.0,67.05,67.05,67.05,67.05,0.0
2014-11-20 00:00:00+00:00,34.0,16713.0,66.7,66.7,66.7,66.7,0.0
2014-11-21 00:00:00+00:00,33.0,16743.0,67.3,67.3,67.3,67.3,0.0
2014-11-24 00:00:00+00:00,30.0,16803.0,67.45,67.45,67.45,67.45,0.0
2014-11-25 00:00:00+00:00,29.0,16737.0,68.0,68.0,68.0,68.0,0.0
2014-11-26 00:00:00+00:00,28.0,16797.0,67.95,67.95,67.95,67.95,0.0
2014-11-27 00:00:00+00:00,27.0,17242.0,67.45,67.45,67.45,67.45,0.0
2014-11-28 00:00:00+00:00,26.0,16423.0,67.15,67.15,67.15,67.15,0.0
2014-12-01 00:00:00+00:00,60.0,16377.0,66.75,66.75,66.75,66.85,5.0
2014-12-02 00:00:00+00:00,59.0,16479.0,66.25,66.25,66.25,66.25,0.0
2014-12-03 00:00:00+00:00,58.0,16142.0,66.05,66.05,66.05,66.05,0.0
2014-12-04 00:00:00+00:00,57.0,16292.0,66.0,66.0,66.0,66.0,0.0
2014-12-05 00:00:00+00:00,56.0,16412.0,66.0,66.0,66.0,66.0,0.0
2014-12-08 00:00:00+00:00,53.0,16412.0,65.6,65.6,65.6,65.6,0.0
2014-12-09 00:00:00+00:00,52.0,16345.0,66.4,66.4,66.4,66.4,0.0
2014-12-10 00:00:00+00:00,51.0,16280.0,66.55,66.55,66.55,66.55,0.0
2014-12-11 00:00:00+00:00,50.0,16370.0,67.1,67.1,67.1,67.1,0.0
2014-12-12 00:00:00+00:00,49.0,16245.0,66.75,66.75,66.75,66.75,0.0
2014-12-15 00:00:00+00:00,46.0,16270.0,66.45,66.45,66.45,66.45,0.0
2014-12-16 00:00:00+00:00,45.0,16020.0,66.0,66.0,66.0,66.0,0.0
2014-12-17 00:00:00+00:00,44.0,15854.0,66.05,66.05,66.05,66.05,0.0
2014-12-18 00:00:00+00:00,43.0,15840.0,66.25,66.25,66.25,66.25,0.0
2014-12-19 00:00:00+00:00,42.0,15923.0,65.65,65.65,65.65,65.65,0.0
2014-12-22 00:00:00+00:00,39.0,15923.0,65.6,65.6,65.6,65.6,0.0
2014-12-23 00:00:00+00:00,38.0,15923.0,65.35,65.35,65.35,65.35,0.0
2014-12-24 00:00:00+00:00,37.0,15923.0,65.1,65.1,65.1,65.1,0.0
2014-12-25 00:00:00+00:00,37.0,15923.0,,,,65.1,
2014-12-26 00:00:00+00:00,35.0,14044.0,65.1,65.1,65.1,65.1,0.0
2014-12-29 00:00:00+00:00,32.0,14044.0,64.4,64.4,64.4,64.4,0.0
2014-12-30 00:00:00+00:00,31.0,14078.0,64.0,64.0,64.0,64.0,0.0
2014-12-31 00:00:00+00:00,30.0,14078.0,63.65,63.65,63.65,63.65,0.0
2015-01-01 00:00:00+00:00,30.0,14078.0,,,,63.65,
2015-01-02 00:00:00+00:00,56.0,14078.0,62.7,62.7,62.7,62.7,0.0
2015-01-05 00:00:00+00:00,53.0,14078.0,62.05,62.05,62.05,62.05,0.0
2015-01-06 00:00:00+00:00,52.0,15033.0,60.85,60.85,60.85,60.85,0.0
2015-01-07 00:00:00+00:00,51.0,15423.0,58.55,58.55,58.55,58.55,0.0
2015-01-08 00:00:00+00:00,50.0,15433.0,58.35,58.35,58.35,58.35,0.0
2015-01-09 00:00:00+00:00,49.0,15388.0,58.6,58.6,58.6,58.6,0.0
2015-01-12 00:00:00+00:00,46.0,15393.0,57.65,57.65,57.65,57.65,0.0
2015-01-13 00:00:00+00:00,45.0,15403.0,58.2,58.2,58.2,58.2,0.0
2015-01-14 00:00:00+00:00,44.0,15403.0,57.25,57.25,57.25,57.25,0.0
2015-01-15 00:00:00+00:00,43.0,15594.0,56.35,56.35,56.35,56.35,0.0
2015-01-16 00:00:00+00:00,42.0,15599.0,56.15,56.15,56.15,56.15,0.0
2015-01-19 00:00:00+00:00,39.0,15734.0,56.9,56.9,56.9,56.9,0.0
2015-01-20 00:00:00+00:00,38.0,15749.0,58.8,58.8,58.8,58.8,0.0
2015-01-21 00:00:00+00:00,37.0,15883.0,60.35,60.35,60.35,60.35,0.0
2015-01-22 00:00:00+00:00,36.0,15943.0,59.75,59.75,59.75,59.75,0.0
2015-01-23 00:00:00+00:00,35.0,15953.0,59.5,59.5,59.5,59.5,0.0
2015-01-26 00:00:00+00:00,32.0,15968.0,59.55,59.55,59.55,59.55,0.0
2015-01-27 00:00:00+00:00,31.0,16028.0,60.35,60.35,60.35,60.35,0.0
2015-01-28 00:00:00+00:00,30.0,15869.0,61.9,61.9,61.9,61.9,0.0
2015-01-29 00:00:00+00:00,29.0,15649.0,61.0,61.0,61.0,61.0,0.0
2015-01-30 00:00:00+00:00,28.0,15649.0,61.0,61.0,61.0,61.0,0.0
2015-02-02 00:00:00+00:00,53.0,14261.0,60.85,60.85,60.85,60.85,0.0
2015-02-03 00:00:00+00:00,52.0,14241.0,61.6,61.6,61.6,61.6,0.0
2015-02-04 00:00:00+00:00,51.0,14521.0,61.2,61.2,61.2,61.2,0.0
2015-02-05 00:00:00+00:00,50.0,14466.0,61.35,61.35,61.35,61.35,0.0
2015-02-06 00:00:00+00:00,49.0,14521.0,61.45,61.45,61.45,61.45,0.0
2015-02-09 00:00:00+00:00,46.0,14521.0,63.85,63.85,63.85,63.85,0.0
2015-02-10 00:00:00+00:00,45.0,14591.0,64.25,64.25,64.25,64.25,0.0
2015-02-11 00:00:00+00:00,44.0,14594.0,64.65,64.65,64.65,64.65,0.0
2015-02-12 00:00:00+00:00,43.0,14634.0,64.75,64.75,64.75,64.75,0.0
2015-02-13 00:00:00+00:00,42.0,14679.0,65.35,65.35,65.35,65.35,0.0
2015-02-16 00:00:00+00:00,39.0,14490.0,65.7,65.7,65.7,65.7,0.0
2015-02-17 00:00:00+00:00,38.0,14573.0,64.75,64.75,64.75,64.75,0.0
2015-02-18 00:00:00+00:00,37.0,14573.0,64.15,64.15,64.15,64.15,0.0
2015-02-19 00:00:00+00:00,36.0,14293.0,62.95,62.95,62.95,62.95,0.0
2015-02-20 00:00:00+00:00,35.0,14288.0,63.3,63.3,63.3,63.3,0.0
2015-02-23 00:00:00+00:00,32.0,14248.0,62.65,62.65,62.65,62.65,0.0
2015-02-24 00:00:00+00:00,31.0,14203.0,62.15,62.15,62.15,62.15,0.0
2015-02-25 00:00:00+00:00,30.0,14180.0,62.55,62.55,62.55,62.55,0.0
2015-02-26 00:00:00+00:00,29.0,14228.0,62.6,62.6,62.6,62.6,0.0
2015-02-27 00:00:00+00:00,28.0,12943.0,64.75,64.75,64.75,64.75,0.0
2015-03-02 00:00:00+00:00,53.0,12943.0,62.9,62.9,62.9,62.9,0.0
2015-03-03 00:00:00+00:00,52.0,12938.0,61.9,61.9,61.9,61.9,0.0
2015-03-04 00:00:00+00:00,51.0,12923.0,61.95,61.95,61.95,61.95,0.0
2015-03-05 00:00:00+00:00,50.0,12923.0,61.25,61.25,61.25,61.25,0.0
2015-03-06 00:00:00+00:00,49.0,12979.0,60.0,60.0,60.0,60.0,0.0
2015-03-09 00:00:00+00:00,46.0,13139.0,60.75,60.75,60.75,60.75,0.0
2015-03-10 00:00:00+00:00,45.0,13139.0,60.85,60.85,60.85,60.85,0.0
2015-03-11 00:00:00+00:00,44.0,13079.0,61.45,61.45,61.45,61.45,0.0
2015-03-12 00:00:00+00:00,43.0,13224.0,61.05,61.05,61.05,61.05,0.0
2015-03-13 00:00:00+00:00,42.0,13229.0,61.2,61.2,61.2,61.2,0.0
2015-03-16 00:00:00+00:00,39.0,13394.0,60.1,60.1,60.1,60.1,0.0
2015-03-17 00:00:00+00:00,38.0,13464.0,59.65,59.65,59.65,59.65,0.0
2015-03-18 00:00:00+00:00,37.0,13624.0,59.8,59.8,59.8,59.8,0.0
2015-03-19 00:00:00+00:00,36.0,13640.0,58.35,58.35,58.35,58.35,0.0
2015-03-20 00:00:00+00:00,35.0,13685.0,58.55,58.55,58.55,58.55,0.0
2015-03-23 00:00:00+00:00,32.0,13685.0,57.9,57.9,57.9,57.9,0.0
2015-03-24 00:00:00+00:00,31.0,13710.0,57.8,57.8,57.8,57.8,0.0
2015-03-25 00:00:00+00:00,30.0,13709.0,58.9,58.9,58.9,58.9,0.0
2015-03-26 00:00:00+00:00,29.0,13709.0,59.75,59.75,59.75,59.75,0.0
2015-03-27 00:00:00+00:00,28.0,12433.0,59.7,59.7,59.7,59.7,0.0
2015-03-30 00:00:00+00:00,25.0,12443.0,59.0,59.0,59.0,59.0,0.0
2015-03-31 00:00:00+00:00,24.0,12493.0,58.65,58.65,58.65,58.65,0.0
2015-04-01 00:00:00+00:00,58.0,12493.0,58.0,58.0,58.0,58.0,0.0
2015-04-02 00:00:00+00:00,57.0,12523.0,57.45,57.45,57.45,57.45,0.0
2015-04-03 00:00:00+00:00,57.0,12523.0,,,,57.45,
2015-04-06 00:00:00+00:00,53.0,12523.0,57.45,57.45,57.45,57.45,0.0
2015-04-07 00:00:00+00:00,52.0,12523.0,56.7,56.7,56.7,56.7,0.0
2015-04-08 00:00:00+00:00,51.0,12553.0,56.7,56.7,56.7,56.7,0.0
2015-04-09 00:00:00+00:00,50.0,12613.0,57.45,57.45,57.45,57.45,0.0
2015-04-10 00:00:00+00:00,49.0,12613.0,57.55,57.55,57.55,57.55,0.0
2015-04-13 00:00:00+00:00,46.0,12972.0,58.15,58.15,58.15,58.15,0.0
2015-04-14 00:00:00+00:00,45.0,13047.0,58.2,58.2,58.2,58.2,0.0
2015-04-15 00:00:00+00:00,44.0,13007.0,58.45,58.45,58.45,58.45,0.0
2015-04-16 00:00:00+00:00,43.0,13202.0,58.9,58.9,58.9,58.9,0.0
2015-04-17 00:00:00+00:00,42.0,13257.0,58.95,58.95,58.95,58.95,0.0
2015-04-20 00:00:00+00:00,39.0,13262.0,59.4,59.4,59.4,59.4,0.0
2015-04-21 00:00:00+00:00,38.0,13447.0,59.95,59.95,59.95,59.95,0.0
2015-04-22 00:00:00+00:00,37.0,13512.0,59.6,59.6,59.6,59.6,0.0
2015-04-23 00:00:00+00:00,36.0,13572.0,59.85,59.85,59.85,59.85,0.0
2015-04-24 00:00:00+00:00,35.0,12392.0,60.3,60.3,60.3,60.3,0.0
2015-04-27 00:00:00+00:00,32.0,12392.0,60.65,60.65,60.65,60.65,0.0
2015-04-28 00:00:00+00:00,31.0,12377.0,60.6,60.6,60.6,60.6,0.0
2015-04-29 00:00:00+00:00,30.0,12761.0,61.05,61.05,61.05,61.05,0.0
2015-04-30 00:00:00+00:00,29.0,12890.0,61.85,61.85,61.85,61.85,0.0
2015-05-01 00:00:00+00:00,56.0,12890.0,62.25,62.25,62.25,62.25,0.0
2015-05-04 00:00:00+00:00,53.0,12890.0,62.25,62.25,62.25,62.25,0.0
2015-05-05 00:00:00+00:00,52.0,13200.0,62.45,62.45,62.45,62.45,0.0
2015-05-06 00:00:00+00:00,51.0,13250.0,62.05,62.05,62.05,62.05,0.0
2015-05-07 00:00:00+00:00,50.0,13295.0,61.15,61.15,61.15,61.15,0.0
2015-05-08 00:00:00+00:00,49.0,13280.0,60.4,60.4,60.4,60.4,0.0
2015-05-11 00:00:00+00:00,46.0,13340.0,61.9,61.9,61.9,61.9,0.0
2015-05-12 00:00:00+00:00,45.0,13409.0,61.7,61.7,61.7,61.7,0.0
2015-05-13 00:00:00+00:00,44.0,13369.0,62.1,62.1,62.1,62.1,0.0
2015-05-14 00:00:00+00:00,43.0,13404.0,62.15,62.15,62.15,62.15,0.0
2015-05-15 00:00:00+00:00,42.0,13489.0,62.2,62.2,62.2,62.2,0.0
2015-05-18 00:00:00+00:00,39.0,13489.0,61.6,61.6,61.6,61.6,0.0
2015-05-19 00:00:00+00:00,38.0,13489.0,60.4,60.4,60.4,60.4,0.0
2015-05-20 00:00:00+00:00,37.0,13218.0,60.6,60.6,60.6,60.6,0.0
2015-05-21 00:00:00+00:00,36.0,13413.0,60.8,60.8,60.8,60.8,0.0
2015-05-22 00:00:00+00:00,35.0,13448.0,61.3,61.3,61.3,61.3,0.0
2015-05-25 00:00:00+00:00,32.0,13448.0,61.3,61.3,61.3,61.3,0.0
2015-05-26 00:00:00+00:00,31.0,13485.0,61.8,61.8,61.8,61.8,0.0
2015-05-27 00:00:00+00:00,30.0,13525.0,62.1,62.1,62.1,62.1,0.0
2015-05-28 00:00:00+00:00,29.0,13509.0,61.95,61.95,61.95,61.95,0.0
2015-05-29 00:00:00+00:00,28.0,12281.0,62.5,62.5,62.5,62.5,0.0
2015-06-01 00:00:00+00:00,60.0,12866.0,60.0,60.0,60.0,60.0,0.0
2015-06-02 00:00:00+00:00,59.0,13024.0,60.55,60.55,60.55,60.55,0.0
2015-06-03 00:00:00+00:00,58.0,13014.0,60.0,60.0,60.0,60.0,0.0
2015-06-04 00:00:00+00:00,57.0,13029.0,60.1,60.1,60.1,60.1,0.0
2015-06-05 00:00:00+00:00,56.0,13119.0,60.15,60.15,60.15,60.15,0.0
2015-06-08 00:00:00+00:00,53.0,13179.0,60.05,60.05,60.05,60.05,0.0
2015-06-09 00:00:00+00:00,52.0,13314.0,59.75,59.75,59.75,59.75,0.0
2015-06-10 00:00:00+00:00,51.0,13609.0,59.8,59.8,59.8,59.8,0.0
2015-06-11 00:00:00+00:00,50.0,13571.0,60.25,60.25,60.25,60.25,0.0
2015-06-12 00:00:00+00:00,49.0,13524.0,61.05,61.05,61.05,61.05,0.0
2015-06-15 00:00:00+00:00,46.0,13724.0,61.1,61.1,61.1,61.1,0.0
2015-06-16 00:00:00+00:00,45.0,13659.0,61.1,61.1,61.1,61.1,0.0
2015-06-17 00:00:00+00:00,44.0,13836.0,61.1,61.1,61.1,61.1,0.0
2015-06-18 00:00:00+00:00,43.0,13961.0,61.3,61.3,61.3,61.3,0.0
2015-06-19 00:00:00+00:00,42.0,13781.0,61.15,61.15,61.15,61.15,0.0
2015-06-22 00:00:00+00:00,39.0,13769.0,61.15,61.15,61.15,61.15,0.0
2015-06-23 00:00:00+00:00,38.0,13979.0,60.1,60.1,60.1,60.1,0.0
2015-06-24 00:00:00+00:00,37.0,13959.0,59.55,59.55,59.55,59.55,0.0
2015-06-25 00:00:00+00:00,36.0,14451.0,59.75,59.75,59.75,59.75,0.0
2015-06-26 00:00:00+00:00,35.0,13195.0,59.4,59.4,59.4,59.4,0.0
2015-06-29 00:00:00+00:00,32.0,13195.0,59.4,59.4,59.4,59.4,0.0
2015-06-30 00:00:00+00:00,31.0,13508.0,60.3,60.3,60.3,60.3,0.0
2015-07-01 00:00:00+00:00,58.0,13563.0,59.35,59.35,59.35,59.35,0.0
2015-07-02 00:00:00+00:00,57.0,13580.0,59.3,59.3,59.3,59.3,0.0
2015-07-03 00:00:00+00:00,56.0,13598.0,58.8,58.8,58.8,58.8,0.0
2015-07-06 00:00:00+00:00,53.0,13723.0,58.15,58.15,58.15,58.15,0.0
2015-07-07 00:00:00+00:00,52.0,13768.0,57.65,57.65,57.65,57.65,0.0
2015-07-08 00:00:00+00:00,51.0,13723.0,58.05,58.05,58.05,58.05,0.0
2015-07-09 00:00:00+00:00,50.0,13723.0,58.1,58.1,58.1,58.1,0.0
2015-07-10 00:00:00+00:00,49.0,13738.0,58.75,58.75,58.75,58.75,0.0
2015-07-13 00:00:00+00:00,46.0,13753.0,58.15,58.15,58.15,58.15,0.0
2015-07-14 00:00:00+00:00,45.0,13753.0,58.25,58.25,58.25,58.25,0.0
2015-07-15 00:00:00+00:00,44.0,13723.0,57.85,57.85,57.85,57.85,0.0
2015-07-16 00:00:00+00:00,43.0,13723.0,57.9,57.9,57.9,57.9,0.0
2015-07-17 00:00:00+00:00,42.0,13735.0,57.8,57.8,57.8,57.8,0.0
2015-07-20 00:00:00+00:00,39.0,13735.0,58.0,58.0,58.0,58.0,0.0
2015-07-21 00:00:00+00:00,38.0,13855.0,58.05,58.05,58.05,58.05,0.0
2015-07-22 00:00:00+00:00,37.0,13927.0,57.35,57.35,57.35,57.35,0.0
2015-07-23 00:00:00+00:00,36.0,14104.0,57.15,57.15,57.15,57.15,0.0
2015-07-24 00:00:00+00:00,35.0,14194.0,57.15,57.15,57.15,57.15,0.0
2015-07-27 00:00:00+00:00,32.0,14204.0,56.85,56.85,56.85,56.85,0.0
2015-07-28 00:00:00+00:00,31.0,14156.0,56.7,56.7,56.7,56.7,0.0
2015-07-29 00:00:00+00:00,30.0,14156.0,56.65,56.65,56.65,56.65,0.0
2015-07-30 00:00:00+00:00,29.0,14111.0,56.4,56.4,56.4,56.4,0.0
2015-07-31 00:00:00+00:00,28.0,12047.0,55.85,55.85,55.85,55.85,0.0
2015-08-03 00:00:00+00:00,53.0,12047.0,55.85,55.85,55.85,55.85,0.0
2015-08-04 00:00:00+00:00,52.0,12077.0,56.4,56.4,56.4,56.4,0.0
2015-08-05 00:00:00+00:00,51.0,12077.0,56.75,56.75,56.75,56.75,0.0
2015-08-06 00:00:00+00:00,50.0,12077.0,56.75,56.75,56.75,56.75,0.0
2015-08-07 00:00:00+00:00,49.0,12077.0,56.0,56.0,56.0,56.0,0.0
2015-08-10 00:00:00+00:00,46.0,12122.0,56.6,56.6,56.6,56.6,0.0
2015-08-11 00:00:00+00:00,45.0,12122.0,55.7,55.7,55.7,55.7,0.0
2015-08-12 00:00:00+00:00,44.0,12137.0,55.4,55.4,55.4,55.4,0.0
2015-08-13 00:00:00+00:00,43.0,12122.0,55.15,55.15,55.15,55.15,0.0
2015-08-14 00:00:00+00:00,42.0,12097.0,55.0,55.0,55.0,55.0,0.0
2015-08-17 00:00:00+00:00,39.0,12097.0,54.6,54.6,54.6,54.6,0.0
2015-08-18 00:00:00+00:00,38.0,12187.0,54.15,54.15,54.15,54.15,0.0
2015-08-19 00:00:00+00:00,37.0,12187.0,53.65,53.65,53.65,53.65,0.0
2015-08-20 00:00:00+00:00,36.0,12187.0,53.55,53.55,53.55,53.55,0.0
2015-08-21 00:00:00+00:00,35.0,12078.0,53.4,53.4,53.4,53.4,0.0
2015-08-24 00:00:00+00:00,32.0,12078.0,52.9,52.9,52.9,52.9,0.0
2015-08-25 00:00:00+00:00,31.0,12123.0,53.0,53.0,53.0,53.0,0.0
2015-08-26 00:00:00+00:00,30.0,12123.0,53.6,53.6,53.6,53.6,0.0
2015-08-27 00:00:00+00:00,29.0,12108.0,54.25,54.25,54.25,54.25,0.0
2015-08-28 00:00:00+00:00,28.0,10528.0,53.85,53.85,53.85,53.85,0.0
2015-08-31 00:00:00+00:00,28.0,10528.0,,,,53.85,
2015-09-01 00:00:00+00:00,59.0,10453.0,54.0,54.0,54.0,54.0,0.0
2015-09-02 00:00:00+00:00,58.0,10513.0,53.8,53.8,53.8,53.8,0.0
2015-09-03 00:00:00+00:00,57.0,10533.0,54.1,54.1,54.1,54.1,0.0
2015-09-04 00:00:00+00:00,56.0,10533.0,53.35,53.35,53.35,53.35,0.0
2015-09-07 00:00:00+00:00,53.0,10593.0,52.2,52.2,52.2,52.2,0.0
2015-09-08 00:00:00+00:00,52.0,10578.0,52.5,52.5,52.5,52.5,0.0
2015-09-09 00:00:00+00:00,51.0,10578.0,52.25,52.25,52.25,52.25,0.0
2015-09-10 00:00:00+00:00,50.0,10578.0,52.5,52.5,52.5,52.5,0.0
2015-09-11 00:00:00+00:00,49.0,10558.0,52.3,52.3,52.3,52.3,0.0
2015-09-14 00:00:00+00:00,46.0,10573.0,52.2,52.2,52.2,52.2,0.0
2015-09-15 00:00:00+00:00,45.0,10595.0,51.75,51.75,51.75,51.75,0.0
2015-09-16 00:00:00+00:00,44.0,10650.0,52.15,52.15,52.15,52.15,0.0
2015-09-17 00:00:00+00:00,43.0,10620.0,52.05,52.05,52.05,52.05,0.0
2015-09-18 00:00:00+00:00,42.0,10620.0,51.65,51.65,51.65,51.65,0.0
2015-09-21 00:00:00+00:00,39.0,10620.0,51.65,51.65,51.65,51.65,0.0
2015-09-22 00:00:00+00:00,38.0,10725.0,51.45,51.45,51.45,51.45,0.0
2015-09-23 00:00:00+00:00,37.0,10800.0,51.25,51.25,51.25,51.25,0.0
2015-09-24 00:00:00+00:00,36.0,10870.0,51.15,51.15,51.15,51.15,0.0
2015-09-25 00:00:00+00:00,35.0,9157.0,50.85,50.85,50.85,50.85,0.0
2015-09-28 00:00:00+00:00,32.0,9145.0,50.25,50.25,50.25,50.25,0.0
2015-09-29 00:00:00+00:00,31.0,9155.0,50.1,50.1,50.1,50.1,0.0
2015-09-30 00:00:00+00:00,30.0,9091.0,49.65,49.65,49.65,49.65,0.0
2015-10-01 00:00:00+00:00,57.0,9051.0,49.5,49.5,49.5,49.5,0.0
2015-10-02 00:00:00+00:00,56.0,8916.0,49.75,49.75,49.75,49.75,0.0
2015-10-05 00:00:00+00:00,53.0,8886.0,50.6,50.6,50.6,50.6,0.0
2015-10-06 00:00:00+00:00,52.0,9061.0,51.0,51.0,51.0,51.0,0.0
2015-10-07 00:00:00+00:00,51.0,9043.0,50.5,50.5,50.5,50.5,0.0
2015-10-08 00:00:00+00:00,50.0,9026.0,50.4,50.4,50.4,50.4,0.0
2015-10-09 00:00:00+00:00,49.0,9076.0,50.55,50.55,50.55,50.55,0.0
2015-10-12 00:00:00+00:00,46.0,9073.0,50.15,50.15,50.15,50.15,0.0
2015-10-13 00:00:00+00:00,45.0,9058.0,49.55,49.55,49.55,49.55,0.0
2015-10-14 00:00:00+00:00,44.0,9058.0,49.25,49.25,49.25,49.25,0.0
2015-10-15 00:00:00+00:00,43.0,9078.0,49.25,49.25,49.25,49.25,0.0
2015-10-16 00:00:00+00:00,42.0,9099.0,49.25,49.25,49.25,49.25,0.0
2015-10-19 00:00:00+00:00,39.0,9104.0,49.5,49.5,49.5,49.5,0.0
2015-10-20 00:00:00+00:00,38.0,9156.0,49.5,49.5,49.5,49.5,0.0
2015-10-21 00:00:00+00:00,37.0,9171.0,49.3,49.3,49.3,49.3,0.0
2015-10-22 00:00:00+00:00,36.0,9273.0,49.3,49.3,49.3,49.3,0.0
2015-10-23 00:00:00+00:00,35.0,9404.0,49.6,49.6,49.6,49.6,0.0
2015-10-26 00:00:00+00:00,32.0,9454.0,50.1,50.1,50.1,50.1,0.0
2015-10-27 00:00:00+00:00,31.0,9439.0,50.15,50.15,50.15,50.15,0.0
2015-10-28 00:00:00+00:00,30.0,9483.0,50.25,50.25,50.25,50.25,0.0
2015-10-29 00:00:00+00:00,29.0,9468.0,51.35,51.35,51.35,51.35,0.0
2015-10-30 00:00:00+00:00,28.0,8418.0,51.75,51.75,51.75,51.75,0.0
2015-11-02 00:00:00+00:00,52.0,8473.0,51.45,51.45,51.45,51.45,0.0
2015-11-03 00:00:00+00:00,51.0,8758.0,51.55,51.55,51.55,51.55,0.0
2015-11-04 00:00:00+00:00,50.0,8721.0,50.6,50.6,50.6,50.6,0.0
2015-11-05 00:00:00+00:00,49.0,8756.0,50.4,50.4,50.4,50.4,0.0
2015-11-06 00:00:00+00:00,48.0,8841.0,50.45,50.45,50.45,50.45,0.0
2015-11-09 00:00:00+00:00,45.0,8841.0,50.1,50.1,50.1,50.1,0.0
2015-11-10 00:00:00+00:00,44.0,8906.0,50.4,50.4,50.4,50.4,0.0
2015-11-11 00:00:00+00:00,43.0,8906.0,50.65,50.65,50.65,50.65,0.0
2015-11-12 00:00:00+00:00,42.0,8971.0,50.95,50.95,50.95,50.95,0.0
2015-11-13 00:00:00+00:00,41.0,9036.0,50.95,50.95,50.95,50.95,0.0
2015-11-16 00:00:00+00:00,38.0,9101.0,51.5,51.5,51.5,51.5,0.0
2015-11-17 00:00:00+00:00,37.0,9181.0,52.75,52.75,52.75,52.75,0.0
2015-11-18 00:00:00+00:00,36.0,9816.0,54.5,54.5,54.5,54.5,0.0
2015-11-19 00:00:00+00:00,35.0,10151.0,54.85,54.85,54.85,54.85,0.0
2015-11-20 00:00:00+00:00,34.0,10136.0,54.45,54.45,54.45,54.45,0.0
2015-11-23 00:00:00+00:00,31.0,10466.0,54.25,54.25,54.25,54.25,0.0
2015-11-24 00:00:00+00:00,30.0,10709.0,54.7,54.7,54.7,54.7,0.0
2015-11-25 00:00:00+00:00,29.0,10824.0,54.5,54.5,54.5,54.5,0.0
2015-11-26 00:00:00+00:00,28.0,10919.0,54.2,54.2,54.2,54.2,0.0
2015-11-27 00:00:00+00:00,27.0,10967.0,54.15,54.15,54.15,54.15,0.0
2015-11-30 00:00:00+00:00,24.0,9715.0,53.75,53.75,53.75,53.75,0.0
2015-12-01 00:00:00+00:00,59.0,9790.0,51.25,51.25,51.25,51.25,0.0
2015-12-02 00:00:00+00:00,58.0,10420.0,50.35,50.35,50.35,50.35,0.0
2015-12-03 00:00:00+00:00,57.0,10660.0,50.15,50.15,50.15,50.15,0.0
2015-12-04 00:00:00+00:00,56.0,10720.0,49.8,49.8,49.8,49.8,0.0
2015-12-07 00:00:00+00:00,53.0,10663.0,49.4,49.4,49.4,49.4,0.0
2015-12-08 00:00:00+00:00,52.0,10711.0,49.1,49.1,49.1,49.1,0.0
2015-12-09 00:00:00+00:00,51.0,10777.0,48.75,48.75,48.75,48.75,0.0
2015-12-10 00:00:00+00:00,50.0,11024.0,48.15,48.15,48.15,48.15,0.0
2015-12-11 00:00:00+00:00,49.0,11553.0,47.75,47.75,47.75,47.75,0.0
2015-12-14 00:00:00+00:00,46.0,11685.0,48.35,48.35,48.35,48.35,0.0
2015-12-15 00:00:00+00:00,45.0,11914.0,48.5,48.5,48.5,48.5,0.0
2015-12-16 00:00:00+00:00,44.0,12019.0,48.95,48.95,48.95,48.95,0.0
2015-12-17 00:00:00+00:00,43.0,12044.0,48.45,48.45,48.45,48.45,0.0
2015-12-18 00:00:00+00:00,42.0,12119.0,48.55,48.55,48.55,48.55,0.0
2015-12-21 00:00:00+00:00,39.0,12174.0,48.25,48.25,48.25,48.25,0.0
2015-12-22 00:00:00+00:00,38.0,12269.0,46.7,46.7,46.7,46.7,0.0
2015-12-23 00:00:00+00:00,37.0,12274.0,48.55,48.55,48.55,48.55,0.0
2015-12-24 00:00:00+00:00,36.0,10857.0,48.75,48.75,48.75,48.75,0.0
2015-12-25 00:00:00+00:00,36.0,10857.0,,,,48.75,
2015-12-28 00:00:00+00:00,32.0,10857.0,48.75,48.75,48.75,48.75,0.0
2015-12-29 00:00:00+00:00,31.0,10894.0,49.0,49.0,49.0,49.0,0.0
2015-12-30 00:00:00+00:00,30.0,10894.0,49.45,49.45,49.45,49.45,0.0
2015-12-31 00:00:00+00:00,29.0,10894.0,49.3,49.3,49.3,49.3,0.0
2016-01-01 00:00:00+00:00,29.0,10894.0,,,,49.3,
2016-01-04 00:00:00+00:00,53.0,10981.0,48.55,48.55,48.55,48.55,0.0
2016-01-05 00:00:00+00:00,52.0,11326.0,49.6,49.6,49.6,49.6,0.0
2016-01-06 00:00:00+00:00,51.0,11671.0,50.5,50.5,50.5,50.5,0.0
2016-01-07 00:00:00+00:00,50.0,12086.0,50.05,50.05,50.05,50.05,0.0
2016-01-08 00:00:00+00:00,49.0,12251.0,48.6,48.6,48.6,48.6,0.0
2016-01-11 00:00:00+00:00,46.0,12412.0,48.1,48.1,48.1,48.1,0.0
2016-01-12 00:00:00+00:00,45.0,12913.0,47.8,47.8,47.8,47.8,0.0
2016-01-13 00:00:00+00:00,44.0,13349.0,47.25,47.25,47.25,47.25,0.0
2016-01-14 00:00:00+00:00,43.0,13589.0,47.8,47.8,47.8,47.8,0.0
2016-01-15 00:00:00+00:00,42.0,13619.0,47.65,47.65,47.65,47.65,0.0
2016-01-18 00:00:00+00:00,39.0,13751.0,48.15,48.15,48.15,48.15,0.0
2016-01-19 00:00:00+00:00,38.0,13929.0,48.5,48.5,48.5,48.5,0.0
2016-01-20 00:00:00+00:00,37.0,14130.0,49.75,49.75,49.75,49.75,0.0
2016-01-21 00:00:00+00:00,36.0,14333.0,50.25,50.25,50.25,50.25,0.0
2016-01-22 00:00:00+00:00,35.0,14530.0,50.25,50.25,50.25,50.25,0.0
2016-01-25 00:00:00+00:00,32.0,14635.0,50.85,50.85,50.85,50.85,0.0
2016-01-26 00:00:00+00:00,31.0,14852.0,50.85,50.85,50.85,50.85,0.0
2016-01-27 00:00:00+00:00,30.0,14852.0,51.1,51.1,51.1,51.1,0.0
2016-01-28 00:00:00+00:00,29.0,15667.0,50.15,50.15,50.15,50.15,0.0
2016-01-29 00:00:00+00:00,28.0,13803.0,49.9,49.9,49.9,49.9,0.0
2016-02-01 00:00:00+00:00,52.0,13903.0,48.95,48.95,48.95,48.95,0.0
2016-02-02 00:00:00+00:00,51.0,14073.0,50.15,50.15,50.15,50.15,0.0
2016-02-03 00:00:00+00:00,50.0,13904.0,50.9,50.9,50.9,50.9,0.0
2016-02-04 00:00:00+00:00,49.0,13727.0,50.6,50.6,50.6,50.6,0.0
2016-02-05 00:00:00+00:00,48.0,13566.0,50.1,50.1,50.1,50.1,0.0
2016-02-08 00:00:00+00:00,45.0,13573.0,49.7,49.7,49.7,49.7,0.0
2016-02-09 00:00:00+00:00,44.0,13393.0,49.3,49.3,49.3,49.3,0.0
2016-02-10 00:00:00+00:00,43.0,13534.0,49.3,49.3,49.3,49.3,0.0
2016-02-11 00:00:00+00:00,42.0,13689.0,49.3,49.3,49.3,49.3,0.0
2016-02-12 00:00:00+00:00,41.0,13814.0,49.65,49.65,49.65,49.65,0.0
2016-02-15 00:00:00+00:00,38.0,13884.0,49.9,49.9,49.9,49.9,0.0
2016-02-16 00:00:00+00:00,37.0,14208.0,49.8,49.8,49.8,49.8,0.0
2016-02-17 00:00:00+00:00,36.0,14323.0,50.6,50.6,50.6,50.6,0.0
2016-02-18 00:00:00+00:00,35.0,14478.0,50.9,50.9,50.9,50.9,0.0
2016-02-19 00:00:00+00:00,34.0,14570.0,51.2,51.2,51.2,51.2,0.0
2016-02-22 00:00:00+00:00,31.0,14918.0,52.1,52.1,52.1,52.1,0.0
2016-02-23 00:00:00+00:00,30.0,14813.0,51.85,51.85,51.85,51.85,0.0
2016-02-24 00:00:00+00:00,29.0,14893.0,52.0,52.0,52.0,52.0,0.0
2016-02-25 00:00:00+00:00,28.0,15013.0,51.95,51.95,51.95,51.95,0.0
2016-02-26 00:00:00+00:00,27.0,13545.0,51.85,51.85,51.85,51.85,0.0
2016-02-29 00:00:00+00:00,24.0,13855.0,51.7,51.7,51.7,51.7,0.0
2016-03-01 00:00:00+00:00,59.0,13987.0,50.3,50.3,50.3,50.3,0.0
2016-03-02 00:00:00+00:00,58.0,13987.0,50.0,50.0,50.0,50.0,0.0
2016-03-03 00:00:00+00:00,57.0,13817.0,50.75,50.75,50.75,50.75,0.0
2016-03-04 00:00:00+00:00,56.0,13937.0,51.15,51.15,51.15,51.15,0.0
2016-03-07 00:00:00+00:00,53.0,14169.0,51.55,51.55,51.55,51.55,0.0
2016-03-08 00:00:00+00:00,52.0,14277.0,51.9,51.9,51.9,51.9,0.0
2016-03-09 00:00:00+00:00,51.0,15007.0,53.5,53.5,53.5,53.5,0.0
2016-03-10 00:00:00+00:00,50.0,15547.0,54.45,54.45,54.45,54.45,0.0
2016-03-11 00:00:00+00:00,49.0,15607.0,54.05,54.05,54.05,54.05,0.0
2016-03-14 00:00:00+00:00,46.0,15734.0,53.85,53.85,53.85,53.85,0.0
2016-03-15 00:00:00+00:00,45.0,15994.0,52.8,52.8,52.8,52.8,0.0
2016-03-16 00:00:00+00:00,44.0,16124.0,52.3,52.3,52.3,52.3,0.0
2016-03-17 00:00:00+00:00,43.0,16050.0,52.45,52.45,52.45,52.45,0.0
2016-03-18 00:00:00+00:00,42.0,15812.0,52.3,52.3,52.3,52.3,0.0
2016-03-21 00:00:00+00:00,39.0,15923.0,52.1,52.1,52.1,52.1,0.0
2016-03-22 00:00:00+00:00,38.0,15898.0,51.7,51.7,51.7,51.7,0.0
2016-03-23 00:00:00+00:00,37.0,16159.0,52.0,52.0,52.0,52.0,0.0
2016-03-24 00:00:00+00:00,36.0,14010.0,52.3,52.3,52.3,52.3,0.0
2016-03-25 00:00:00+00:00,36.0,14010.0,,,,52.3,
2016-03-28 00:00:00+00:00,32.0,14010.0,52.3,52.3,52.3,52.3,0.0
2016-03-29 00:00:00+00:00,31.0,13990.0,52.65,52.65,52.65,52.65,0.0
2016-03-30 00:00:00+00:00,30.0,13800.0,53.1,53.1,53.1,53.1,0.0
2016-03-31 00:00:00+00:00,29.0,13805.0,53.15,53.15,53.15,53.15,0.0
2016-04-01 00:00:00+00:00,56.0,13849.0,51.35,51.35,51.35,51.35,0.0
2016-04-04 00:00:00+00:00,53.0,13945.0,51.15,51.15,51.15,51.15,0.0
2016-04-05 00:00:00+00:00,52.0,13929.0,51.25,51.25,51.25,51.25,0.0
2016-04-06 00:00:00+00:00,51.0,14004.0,50.7,50.7,50.7,50.7,0.0
2016-04-07 00:00:00+00:00,50.0,14014.0,49.9,49.9,49.9,49.9,0.0
2016-04-08 00:00:00+00:00,49.0,14070.0,50.45,50.45,50.45,50.45,0.0
2016-04-11 00:00:00+00:00,46.0,14030.0,51.2,51.2,51.2,51.2,0.0
2016-04-12 00:00:00+00:00,45.0,14035.0,51.75,51.75,51.75,51.75,0.0
2016-04-13 00:00:00+00:00,44.0,14105.0,52.55,52.55,52.55,52.55,0.0
2016-04-14 00:00:00+00:00,43.0,14196.0,53.5,53.5,53.5,53.5,0.0
2016-04-15 00:00:00+00:00,42.0,14258.0,53.25,53.25,53.25,53.25,0.0
2016-04-18 00:00:00+00:00,39.0,14313.0,53.65,53.65,53.65,53.65,0.0
2016-04-19 00:00:00+00:00,38.0,14386.0,53.75,53.75,53.75,53.75,0.0
2016-04-20 00:00:00+00:00,37.0,14276.0,53.25,53.25,53.25,53.25,0.0
2016-04-21 00:00:00+00:00,36.0,14430.0,52.9,52.9,52.9,52.9,0.0
2016-04-22 00:00:00+00:00,35.0,14471.0,52.0,52.0,52.0,52.0,0.0
2016-04-25 00:00:00+00:00,32.0,14477.0,51.7,51.7,51.7,51.7,0.0
2016-04-26 00:00:00+00:00,31.0,14517.0,52.15,52.15,52.15,52.15,0.0
2016-04-27 00:00:00+00:00,30.0,14663.0,52.2,52.2,52.2,52.2,0.0
2016-04-28 00:00:00+00:00,29.0,14588.0,52.65,52.65,52.65,52.65,0.0
2016-04-29 00:00:00+00:00,28.0,12535.0,52.95,52.95,52.95,52.95,0.0
2016-05-02 00:00:00+00:00,53.0,12535.0,53.0,53.0,53.0,53.0,0.0
2016-05-03 00:00:00+00:00,52.0,12590.0,52.85,52.85,52.85,52.85,0.0
2016-05-04 00:00:00+00:00,51.0,12596.0,53.05,53.05,53.05,53.05,0.0
2016-05-05 00:00:00+00:00,50.0,12567.0,53.5,53.5,53.5,53.5,0.0
2016-05-06 00:00:00+00:00,49.0,12670.0,53.6,53.6,53.6,53.6,0.0
2016-05-09 00:00:00+00:00,46.0,12796.0,53.35,53.35,53.35,53.35,0.0
2016-05-10 00:00:00+00:00,45.0,12979.0,53.5,53.5,53.5,53.5,0.0
2016-05-11 00:00:00+00:00,44.0,12945.0,54.25,54.25,54.25,54.25,0.0
2016-05-12 00:00:00+00:00,43.0,12976.0,54.3,54.3,54.3,54.3,0.0
2016-05-13 00:00:00+00:00,42.0,12980.0,54.45,54.45,54.45,54.45,0.0
2016-05-16 00:00:00+00:00,39.0,12987.0,55.0,55.0,55.0,55.0,0.0
2016-05-17 00:00:00+00:00,38.0,13102.0,54.9,54.9,54.9,54.9,0.0
2016-05-18 00:00:00+00:00,37.0,13060.0,54.45,54.45,54.45,54.45,0.0
2016-05-19 00:00:00+00:00,36.0,13025.0,53.75,53.75,53.75,53.75,0.0
2016-05-20 00:00:00+00:00,35.0,13085.0,54.35,54.35,54.35,54.35,0.0
2016-05-23 00:00:00+00:00,32.0,13089.0,53.9,53.9,53.9,53.9,0.0
2016-05-24 00:00:00+00:00,31.0,13089.0,54.1,54.1,54.1,54.1,0.0
2016-05-25 00:00:00+00:00,30.0,13099.0,54.85,54.85,54.85,54.85,0.0
2016-05-26 00:00:00+00:00,29.0,13085.0,54.95,54.95,54.95,54.95,0.0
2016-05-27 00:00:00+00:00,28.0,10785.0,55.1,55.1,55.1,55.1,0.0
2016-05-30 00:00:00+00:00,25.0,10785.0,55.1,55.1,55.1,55.1,0.0
2016-05-31 00:00:00+00:00,24.0,10754.0,55.3,55.3,55.3,55.3,0.0
2016-06-01 00:00:00+00:00,58.0,10799.0,55.9,55.9,55.9,55.9,0.0
2016-06-02 00:00:00+00:00,57.0,11069.0,57.0,57.0,57.0,57.0,0.0
2016-06-03 00:00:00+00:00,56.0,10995.0,58.6,58.6,58.6,58.6,0.0
2016-06-06 00:00:00+00:00,53.0,11024.0,60.05,60.05,60.05,60.05,0.0
2016-06-07 00:00:00+00:00,52.0,11057.0,59.15,59.15,59.15,59.15,0.0
2016-06-08 00:00:00+00:00,51.0,11168.0,57.5,57.5,57.5,57.5,0.0
2016-06-09 00:00:00+00:00,50.0,11135.0,56.9,56.9,56.9,56.9,0.0
2016-06-10 00:00:00+00:00,49.0,11183.0,56.4,56.4,56.4,56.4,0.0
2016-06-13 00:00:00+00:00,46.0,11193.0,56.75,56.75,56.75,56.75,0.0
2016-06-14 00:00:00+00:00,45.0,11154.0,57.85,57.85,57.85,57.85,0.0
2016-06-15 00:00:00+00:00,44.0,11205.0,58.6,58.6,58.6,58.6,0.0
2016-06-16 00:00:00+00:00,43.0,11190.0,58.95,58.95,58.95,58.95,0.0
2016-06-17 00:00:00+00:00,42.0,11245.0,59.8,59.8,59.8,59.8,0.0
2016-06-20 00:00:00+00:00,39.0,11395.0,62.05,62.05,62.05,62.05,0.0
2016-06-21 00:00:00+00:00,38.0,11349.0,60.35,60.35,60.35,60.35,0.0
2016-06-22 00:00:00+00:00,37.0,11526.0,61.5,61.5,61.5,61.5,0.0
2016-06-23 00:00:00+00:00,36.0,8689.0,60.95,60.95,60.95,60.95,0.0
2016-06-24 00:00:00+00:00,35.0,8700.0,59.3,59.3,59.3,59.3,0.0
2016-06-27 00:00:00+00:00,32.0,8980.0,58.0,58.0,58.0,58.0,0.0
2016-06-28 00:00:00+00:00,31.0,8878.0,58.5,58.5,58.5,58.5,0.0
2016-06-29 00:00:00+00:00,30.0,8803.0,58.45,58.45,58.45,58.45,0.0
2016-06-30 00:00:00+00:00,29.0,8787.0,59.2,59.2,59.2,59.2,0.0
2016-07-01 00:00:00+00:00,56.0,8702.0,60.95,60.95,60.95,60.95,0.0
2016-07-04 00:00:00+00:00,53.0,8783.0,61.8,61.8,61.8,61.8,0.0
2016-07-05 00:00:00+00:00,52.0,8844.0,61.15,61.15,61.15,61.15,1.0
2016-07-06 00:00:00+00:00,51.0,8886.0,60.75,60.75,60.75,60.75,0.0
2016-07-07 00:00:00+00:00,50.0,8886.0,61.3,61.3,61.3,61.3,0.0
2016-07-08 00:00:00+00:00,49.0,8871.0,60.75,60.75,60.75,60.75,0.0
2016-07-11 00:00:00+00:00,46.0,8936.0,61.2,61.2,61.2,61.2,0.0
2016-07-12 00:00:00+00:00,45.0,8936.0,63.0,63.0,63.0,63.0,0.0
2016-07-13 00:00:00+00:00,44.0,9024.0,63.7,63.7,63.7,63.7,0.0
2016-07-14 00:00:00+00:00,43.0,9024.0,64.05,64.05,64.05,64.05,0.0
2016-07-15 00:00:00+00:00,42.0,9154.0,64.75,64.75,64.75,64.75,0.0
2016-07-18 00:00:00+00:00,39.0,9184.0,64.35,64.35,64.35,64.35,0.0
2016-07-19 00:00:00+00:00,38.0,9190.0,63.3,63.3,63.3,63.3,0.0
2016-07-20 00:00:00+00:00,37.0,9230.0,62.75,62.75,62.75,62.75,0.0
2016-07-21 00:00:00+00:00,36.0,9380.0,62.95,62.95,62.95,62.95,0.0
2016-07-22 00:00:00+00:00,35.0,9421.0,63.45,63.45,63.45,63.45,0.0
2016-07-25 00:00:00+00:00,32.0,9556.0,63.8,63.8,63.8,63.8,0.0
2016-07-26 00:00:00+00:00,31.0,9666.0,64.45,64.45,64.45,64.45,0.0
2016-07-27 00:00:00+00:00,30.0,9671.0,65.8,65.8,65.8,65.8,0.0
2016-07-28 00:00:00+00:00,29.0,9543.0,66.1,66.1,66.1,66.1,0.0
2016-07-29 00:00:00+00:00,28.0,8280.0,66.55,66.55,66.55,66.55,0.0
2016-08-01 00:00:00+00:00,60.0,8345.0,67.05,67.05,67.05,67.05,0.0
2016-08-02 00:00:00+00:00,59.0,8376.0,66.6,66.6,66.6,66.6,0.0
2016-08-03 00:00:00+00:00,58.0,8381.0,66.35,66.35,66.35,66.35,0.0
2016-08-04 00:00:00+00:00,57.0,8433.0,65.0,65.0,65.0,64.5,2.0
2016-08-05 00:00:00+00:00,56.0,8273.0,63.05,63.05,63.05,63.05,0.0
2016-08-08 00:00:00+00:00,53.0,8151.0,65.95,65.95,65.95,65.95,0.0
2016-08-09 00:00:00+00:00,52.0,8149.0,66.3,66.3,66.3,66.3,0.0
2016-08-10 00:00:00+00:00,51.0,8164.0,65.15,65.15,65.15,65.15,0.0
2016-08-11 00:00:00+00:00,50.0,8113.0,66.85,66.85,66.85,66.85,0.0
2016-08-12 00:00:00+00:00,49.0,8113.0,68.55,68.55,68.55,68.55,0.0
2016-08-15 00:00:00+00:00,46.0,8051.0,68.25,68.25,68.25,68.25,0.0
2016-08-16 00:00:00+00:00,45.0,7875.0,68.0,68.0,68.0,68.0,0.0
2016-08-17 00:00:00+00:00,44.0,7947.0,68.25,68.25,68.25,68.25,0.0
2016-08-18 00:00:00+00:00,43.0,8027.0,67.2,67.2,67.2,67.2,0.0
2016-08-19 00:00:00+00:00,42.0,7837.0,66.5,66.5,66.5,66.5,0.0
2016-08-22 00:00:00+00:00,39.0,7862.0,66.8,66.8,66.8,66.8,0.0
2016-08-23 00:00:00+00:00,38.0,7865.0,66.45,66.45,66.45,66.45,5.0
2016-08-24 00:00:00+00:00,37.0,7861.0,66.5,66.0,66.0,65.9,25.0
2016-08-25 00:00:00+00:00,36.0,7871.0,65.9,65.9,65.9,65.9,0.0
2016-08-26 00:00:00+00:00,35.0,7276.0,66.45,66.45,66.45,66.45,0.0
2016-08-29 00:00:00+00:00,32.0,7276.0,66.45,66.45,66.45,66.45,0.0
2016-08-30 00:00:00+00:00,31.0,7391.0,67.0,67.0,67.0,66.5,5.0
2016-08-31 00:00:00+00:00,30.0,7436.0,66.4,66.4,66.4,66.4,0.0
2016-09-01 00:00:00+00:00,57.0,7522.0,66.65,66.65,66.65,66.65,0.0
2016-09-02 00:00:00+00:00,56.0,7478.0,67.1,67.1,67.1,67.3,5.0
2016-09-05 00:00:00+00:00,53.0,7550.0,67.65,67.65,67.65,67.65,0.0
2016-09-06 00:00:00+00:00,52.0,7659.0,67.8,67.8,67.8,67.8,0.0
2016-09-07 00:00:00+00:00,51.0,7688.0,66.25,66.25,66.25,66.25,0.0
2016-09-08 00:00:00+00:00,50.0,7693.0,65.5,65.5,65.5,65.5,2.0
2016-09-09 00:00:00+00:00,49.0,7728.0,65.85,65.85,65.85,65.85,0.0
2016-09-12 00:00:00+00:00,46.0,7803.0,66.15,66.15,66.15,66.15,0.0
2016-09-13 00:00:00+00:00,45.0,7844.0,66.85,66.85,66.85,66.85,0.0
2016-09-14 00:00:00+00:00,44.0,7851.0,67.3,67.3,67.3,67.3,0.0
2016-09-15 00:00:00+00:00,43.0,7881.0,67.8,67.8,67.8,67.8,0.0
2016-09-16 00:00:00+00:00,42.0,7916.0,67.9,67.9,67.9,67.9,0.0
2016-09-19 00:00:00+00:00,39.0,7929.0,68.2,68.2,68.2,68.2,0.0
2016-09-20 00:00:00+00:00,38.0,8089.0,68.05,68.05,68.05,68.05,0.0
2016-09-21 00:00:00+00:00,37.0,8149.0,68.9,68.9,68.9,68.9,0.0
2016-09-22 00:00:00+00:00,36.0,8243.0,68.9,68.9,68.9,68.9,0.0
2016-09-23 00:00:00+00:00,35.0,8284.0,69.15,69.15,69.15,69.15,0.0
2016-09-26 00:00:00+00:00,32.0,8299.0,69.95,69.95,69.95,69.95,0.0
2016-09-27 00:00:00+00:00,31.0,8470.0,70.35,70.35,70.35,70.35,0.0
2016-09-28 00:00:00+00:00,30.0,8419.0,73.35,73.35,73.35,73.35,0.0
2016-09-29 00:00:00+00:00,29.0,8613.0,74.35,74.35,74.35,74.35,0.0
2016-09-30 00:00:00+00:00,28.0,7313.0,74.2,74.2,74.2,74.2,0.0
2016-10-03 00:00:00+00:00,53.0,7308.0,75.05,75.05,75.05,75.05,0.0
2016-10-04 00:00:00+00:00,52.0,7292.0,75.5,75.5,75.5,75.5,0.0
2016-10-05 00:00:00+00:00,51.0,7312.0,76.35,76.35,76.35,76.35,0.0
2016-10-06 00:00:00+00:00,50.0,7367.0,79.35,79.35,79.35,79.35,0.0
2016-10-07 00:00:00+00:00,49.0,7294.0,78.75,78.75,78.75,78.75,0.0
2016-10-10 00:00:00+00:00,46.0,7303.0,77.75,77.75,77.75,77.75,0.0
2016-10-11 00:00:00+00:00,45.0,7197.0,78.65,78.65,78.65,78.0,35.0
2016-10-12 00:00:00+00:00,44.0,7242.0,80.1,80.1,80.1,80.1,5.0
2016-10-13 00:00:00+00:00,43.0,7223.0,81.85,81.85,81.85,81.85,0.0
2016-10-14 00:00:00+00:00,42.0,7311.0,85.0,85.0,85.0,84.65,5.0
2016-10-17 00:00:00+00:00,39.0,7370.0,87.0,87.0,87.0,87.0,0.0
2016-10-18 00:00:00+00:00,38.0,7438.0,91.2,91.2,91.2,91.2,0.0
2016-10-19 00:00:00+00:00,37.0,7408.0,87.9,87.9,87.9,87.9,3.0
2016-10-20 00:00:00+00:00,36.0,7441.0,86.85,86.85,86.85,86.85,0.0
2016-10-21 00:00:00+00:00,35.0,7444.0,88.7,88.7,88.7,88.7,0.0
2016-10-24 00:00:00+00:00,32.0,7444.0,88.9,88.9,88.9,88.9,0.0
2016-10-25 00:00:00+00:00,31.0,7465.0,89.45,89.45,89.45,89.45,0.0
2016-10-26 00:00:00+00:00,30.0,7475.0,90.95,90.95,90.95,90.95,0.0
2016-10-27 00:00:00+00:00,29.0,7746.0,90.55,90.55,90.55,90.55,0.0
2016-10-28 00:00:00+00:00,28.0,6799.0,90.1,90.1,90.1,90.1,0.0
2016-10-31 00:00:00+00:00,25.0,7175.0,92.45,92.45,92.45,92.45,3.0
2016-11-01 00:00:00+00:00,59.0,7341.0,94.0,94.0,94.0,94.45,4.0
2016-11-02 00:00:00+00:00,58.0,7321.0,92.75,92.75,92.75,92.75,0.0
2016-11-03 00:00:00+00:00,57.0,7416.0,94.0,93.0,93.0,93.75,2.0
2016-11-04 00:00:00+00:00,56.0,7772.0,97.7,97.7,97.7,97.7,0.0
2016-11-07 00:00:00+00:00,53.0,7857.0,100.15,100.15,100.15,100.15,23.0
2016-11-08 00:00:00+00:00,52.0,7808.0,99.5,99.2,99.5,99.25,80.0
2016-11-09 00:00:00+00:00,51.0,7831.0,100.5,100.5,100.5,99.15,25.0
2016-11-10 00:00:00+00:00,50.0,8018.0,98.15,98.15,98.15,98.15,0.0
2016-11-11 00:00:00+00:00,49.0,8117.0,96.6,96.6,96.6,96.6,0.0
2016-11-14 00:00:00+00:00,46.0,8193.0,90.65,90.65,90.65,90.65,0.0
2016-11-15 00:00:00+00:00,45.0,8027.0,89.0,89.0,89.0,89.05,5.0
2016-11-16 00:00:00+00:00,44.0,7980.0,84.75,84.75,84.75,84.75,0.0
2016-11-17 00:00:00+00:00,43.0,8145.0,81.7,81.7,81.7,81.7,0.0
2016-11-18 00:00:00+00:00,42.0,8176.0,79.95,79.95,79.95,79.95,0.0
2016-11-21 00:00:00+00:00,39.0,8141.0,79.4,79.4,79.4,79.4,0.0
2016-11-22 00:00:00+00:00,38.0,8142.0,83.5,83.5,83.5,83.5,0.0
2016-11-23 00:00:00+00:00,37.0,8260.0,81.2,81.2,81.2,81.2,0.0
2016-11-24 00:00:00+00:00,36.0,8255.0,83.75,83.75,83.75,84.35,5.0
2016-11-25 00:00:00+00:00,35.0,7401.0,84.4,84.4,84.4,84.4,0.0
2016-11-28 00:00:00+00:00,32.0,7406.0,85.55,85.55,85.55,85.55,0.0
2016-11-29 00:00:00+00:00,31.0,7406.0,83.0,83.0,83.0,83.0,0.0
2016-11-30 00:00:00+00:00,30.0,7336.0,84.25,84.25,84.25,84.25,0.0
2016-12-01 00:00:00+00:00,57.0,7252.0,82.6,82.6,82.6,82.6,0.0
2016-12-02 00:00:00+00:00,56.0,7304.0,82.65,82.65,82.65,82.65,0.0
2016-12-05 00:00:00+00:00,53.0,7302.0,81.1,81.1,81.1,81.1,0.0
2016-12-06 00:00:00+00:00,52.0,7272.0,76.6,76.6,76.6,76.6,0.0
2016-12-07 00:00:00+00:00,51.0,7684.0,77.25,77.25,77.25,77.25,0.0
2016-12-08 00:00:00+00:00,50.0,7657.0,78.4,78.4,78.4,78.4,0.0
2016-12-09 00:00:00+00:00,49.0,7740.0,78.85,78.85,78.85,78.85,0.0
2016-12-12 00:00:00+00:00,46.0,7635.0,80.35,80.35,80.35,80.35,0.0
2016-12-13 00:00:00+00:00,45.0,7650.0,79.9,79.9,79.9,79.9,0.0
2016-12-14 00:00:00+00:00,44.0,7692.0,81.45,81.45,81.45,81.45,0.0
2016-12-15 00:00:00+00:00,43.0,7692.0,82.85,82.85,82.85,82.85,0.0
2016-12-16 00:00:00+00:00,42.0,7707.0,82.8,82.8,82.8,82.8,0.0
2016-12-19 00:00:00+00:00,39.0,7707.0,83.05,83.05,83.05,83.05,0.0
2016-12-20 00:00:00+00:00,38.0,7868.0,84.15,84.15,84.15,84.15,0.0
2016-12-21 00:00:00+00:00,37.0,7918.0,84.85,84.85,84.85,84.85,0.0
2016-12-22 00:00:00+00:00,36.0,7923.0,85.65,85.65,85.65,85.65,0.0
2016-12-23 00:00:00+00:00,35.0,7916.0,85.45,85.45,85.45,85.45,0.0
2016-12-26 00:00:00+00:00,35.0,7916.0,,,,85.45,
2016-12-27 00:00:00+00:00,31.0,7916.0,85.45,85.45,85.45,85.45,0.0
2016-12-28 00:00:00+00:00,30.0,7976.0,86.45,86.45,86.45,86.45,0.0
2016-12-29 00:00:00+00:00,29.0,8113.0,87.1,87.1,87.1,87.1,0.0
2016-12-30 00:00:00+00:00,28.0,7183.0,87.2,87.2,87.2,87.2,0.0
2017-01-02 00:00:00+00:00,53.0,7183.0,84.55,84.55,84.55,84.55,0.0
2017-01-03 00:00:00+00:00,52.0,8013.0,81.9,81.9,81.9,81.9,0.0
2017-01-04 00:00:00+00:00,51.0,7965.0,82.0,82.0,82.0,82.0,0.0
2017-01-05 00:00:00+00:00,50.0,8040.0,83.0,83.0,83.0,83.0,0.0
2017-01-06 00:00:00+00:00,49.0,8172.0,82.0,82.0,82.0,82.0,0.0
2017-01-09 00:00:00+00:00,46.0,8222.0,81.9,81.9,81.9,81.9,0.0
2017-01-10 00:00:00+00:00,45.0,8335.0,82.9,82.9,82.9,82.9,0.0
2017-01-11 00:00:00+00:00,44.0,8350.0,85.6,85.6,85.6,85.6,0.0
2017-01-12 00:00:00+00:00,43.0,8440.0,87.5,87.5,87.5,87.5,0.0
2017-01-13 00:00:00+00:00,42.0,8465.0,87.05,87.05,87.05,87.05,0.0
2017-01-16 00:00:00+00:00,39.0,8490.0,87.1,87.1,87.1,87.1,0.0
2017-01-17 00:00:00+00:00,38.0,8477.0,90.85,90.85,90.85,90.85,0.0
2017-01-18 00:00:00+00:00,37.0,8682.0,90.0,90.0,90.0,90.0,0.0
2017-01-19 00:00:00+00:00,36.0,8616.0,88.7,88.7,88.7,88.7,0.0
2017-01-20 00:00:00+00:00,35.0,8526.0,88.5,88.5,88.5,88.5,40.0
2017-01-23 00:00:00+00:00,32.0,8558.0,89.25,89.0,89.0,89.1,25.0
2017-01-24 00:00:00+00:00,31.0,8529.0,88.8,88.8,88.8,88.8,0.0
2017-01-25 00:00:00+00:00,30.0,8569.0,88.6,88.25,88.5,87.8,40.0
2017-01-26 00:00:00+00:00,29.0,8513.0,86.85,86.85,86.85,86.85,0.0
2017-01-27 00:00:00+00:00,28.0,7999.0,86.3,86.3,86.3,86.3,0.0
2017-01-30 00:00:00+00:00,25.0,8074.0,86.1,86.1,86.1,86.1,0.0
2017-01-31 00:00:00+00:00,24.0,7989.0,87.2,87.2,87.2,87.2,0.0
2017-02-01 00:00:00+00:00,58.0,8002.0,86.25,86.25,86.25,86.25,0.0
2017-02-02 00:00:00+00:00,57.0,8017.0,86.85,86.85,86.85,86.85,0.0
2017-02-03 00:00:00+00:00,56.0,8053.0,86.6,86.6,86.6,86.6,0.0
2017-02-06 00:00:00+00:00,53.0,7962.0,84.6,84.6,84.6,84.6,0.0
2017-02-07 00:00:00+00:00,52.0,7992.0,83.8,83.75,83.75,84.25,10.0
2017-02-08 00:00:00+00:00,51.0,8037.0,83.3,83.3,83.3,83.3,0.0
2017-02-09 00:00:00+00:00,50.0,8053.0,83.5,83.5,83.5,83.5,3.0
2017-02-10 00:00:00+00:00,49.0,8048.0,83.0,83.0,83.0,83.0,10.0
2017-02-13 00:00:00+00:00,46.0,8300.0,82.3,82.3,82.3,82.3,0.0
2017-02-14 00:00:00+00:00,45.0,8324.0,81.0,81.0,81.0,81.0,0.0
2017-02-15 00:00:00+00:00,44.0,8246.0,82.0,81.0,81.0,81.9,60.0
2017-02-16 00:00:00+00:00,43.0,8251.0,82.25,82.25,82.25,82.25,0.0
2017-02-17 00:00:00+00:00,42.0,8274.0,82.45,82.45,82.45,82.45,0.0
2017-02-20 00:00:00+00:00,39.0,8275.0,84.5,83.0,83.0,84.75,42.0
2017-02-21 00:00:00+00:00,38.0,8277.0,85.0,85.0,85.0,84.4,15.0
2017-02-22 00:00:00+00:00,37.0,8282.0,83.8,83.8,83.8,83.8,0.0
2017-02-23 00:00:00+00:00,36.0,8283.0,84.0,84.0,84.0,84.0,5.0
2017-02-24 00:00:00+00:00,35.0,7108.0,83.8,83.8,83.8,83.8,0.0
2017-02-27 00:00:00+00:00,32.0,7116.0,83.95,83.95,83.95,83.65,47.0
2017-02-28 00:00:00+00:00,31.0,7218.0,83.4,83.4,83.4,83.4,0.0
2017-03-01 00:00:00+00:00,58.0,7260.0,83.4,83.4,83.4,83.4,34.0
2017-03-02 00:00:00+00:00,57.0,7424.0,83.4,83.4,83.4,83.4,163.0
2017-03-03 00:00:00+00:00,56.0,7414.0,82.2,82.2,82.2,82.2,16.0
2017-03-06 00:00:00+00:00,53.0,7393.0,81.85,81.85,81.85,81.85,0.0
2017-03-07 00:00:00+00:00,52.0,7415.0,80.65,80.65,80.65,80.65,10.0
2017-03-08 00:00:00+00:00,51.0,7506.0,80.25,80.25,80.25,80.25,0.0
2017-03-09 00:00:00+00:00,50.0,7784.0,78.75,78.75,78.75,78.75,12.0
2017-03-10 00:00:00+00:00,49.0,7871.0,78.85,78.85,78.85,78.85,2.0
2017-03-13 00:00:00+00:00,46.0,8024.0,79.75,79.75,79.75,79.75,15.0
2017-03-14 00:00:00+00:00,45.0,8009.0,78.8,78.8,78.8,78.8,12.0
2017-03-15 00:00:00+00:00,44.0,7924.0,78.45,78.0,78.0,78.35,86.0
2017-03-16 00:00:00+00:00,43.0,7996.0,78.3,78.0,78.3,77.4,72.0
2017-03-17 00:00:00+00:00,42.0,8056.0,78.25,78.0,78.05,78.3,65.0
2017-03-20 00:00:00+00:00,39.0,8107.0,78.2,77.9,78.2,78.15,11.0
2017-03-21 00:00:00+00:00,38.0,8038.0,77.5,77.5,77.5,77.5,0.0
2017-03-22 00:00:00+00:00,37.0,8091.0,76.75,76.75,76.75,76.75,0.0
2017-03-23 00:00:00+00:00,36.0,8092.0,77.35,77.35,77.35,77.8,2.0
2017-03-24 00:00:00+00:00,35.0,8106.0,77.9,77.8,77.8,77.75,107.0
2017-03-27 00:00:00+00:00,32.0,8168.0,77.15,77.15,77.15,77.15,72.0
2017-03-28 00:00:00+00:00,31.0,8152.0,77.75,77.75,77.75,77.75,15.0
2017-03-29 00:00:00+00:00,30.0,8210.0,77.9,77.9,77.9,77.9,36.0
2017-03-30 00:00:00+00:00,29.0,8280.0,78.05,78.05,78.05,78.05,51.0
2017-03-31 00:00:00+00:00,28.0,7327.0,78.4,78.4,78.4,78.4,42.0
2017-04-03 00:00:00+00:00,53.0,7370.0,82.4,82.4,82.4,82.4,15.0
2017-04-04 00:00:00+00:00,52.0,7197.0,81.55,81.55,81.55,81.55,6.0
2017-04-05 00:00:00+00:00,51.0,7217.0,81.2,81.2,81.2,81.2,0.0
2017-04-06 00:00:00+00:00,50.0,7347.0,82.5,82.5,82.5,83.0,25.0
2017-04-07 00:00:00+00:00,49.0,7342.0,81.8,81.8,81.8,81.8,0.0
2017-04-10 00:00:00+00:00,46.0,7337.0,80.2,80.2,80.2,80.2,0.0
2017-04-11 00:00:00+00:00,45.0,7395.0,79.4,79.4,79.4,79.4,105.0
2017-04-12 00:00:00+00:00,44.0,7482.0,79.1,79.1,79.1,79.2,1.0
2017-04-13 00:00:00+00:00,43.0,7640.0,79.6,79.5,79.5,79.25,90.0
2017-04-14 00:00:00+00:00,43.0,7640.0,,,,79.25,
2017-04-17 00:00:00+00:00,39.0,7640.0,79.25,79.25,79.25,79.25,0.0
2017-04-18 00:00:00+00:00,38.0,7690.0,79.15,78.7,78.7,79.0,55.0
2017-04-19 00:00:00+00:00,37.0,7710.0,78.4,78.4,78.4,78.4,1.0
2017-04-20 00:00:00+00:00,36.0,7755.0,78.5,78.5,78.5,78.5,15.0
2017-04-21 00:00:00+00:00,35.0,7991.0,77.6,77.6,77.6,77.6,1.0
2017-04-24 00:00:00+00:00,32.0,8050.0,77.2,76.9,77.2,76.95,140.0
2017-04-25 00:00:00+00:00,31.0,8192.0,76.75,76.6,76.6,76.5,48.0
2017-04-26 00:00:00+00:00,30.0,8184.0,76.7,76.7,76.7,76.8,2.0
2017-04-27 00:00:00+00:00,29.0,8179.0,77.4,77.4,77.4,77.4,5.0
2017-04-28 00:00:00+00:00,28.0,6997.0,77.15,77.15,77.15,77.15,3.0
2017-05-01 00:00:00+00:00,60.0,6997.0,77.45,77.45,77.45,77.45,0.0
2017-05-02 00:00:00+00:00,59.0,7076.0,76.8,76.8,76.8,76.9,10.0
2017-05-03 00:00:00+00:00,58.0,7106.0,76.1,76.1,76.1,76.1,0.0
2017-05-04 00:00:00+00:00,57.0,7184.0,75.1,75.1,75.1,75.1,0.0
2017-05-05 00:00:00+00:00,56.0,7201.0,74.85,74.85,74.85,74.75,10.0
2017-05-08 00:00:00+00:00,53.0,7280.0,73.3,73.3,73.3,73.3,105.0
2017-05-09 00:00:00+00:00,52.0,7277.0,73.35,73.35,73.35,73.35,19.0
2017-05-10 00:00:00+00:00,51.0,7195.0,73.5,73.25,73.25,73.5,33.0
2017-05-11 00:00:00+00:00,50.0,7194.0,72.75,72.75,72.75,72.75,40.0
2017-05-12 00:00:00+00:00,49.0,7197.0,73.3,73.3,73.3,73.3,110.0
2017-05-15 00:00:00+00:00,46.0,7135.0,72.75,72.6,72.6,73.15,44.0
2017-05-16 00:00:00+00:00,45.0,7144.0,74.3,73.25,73.25,74.05,129.0
2017-05-17 00:00:00+00:00,44.0,7228.0,75.5,75.0,75.0,75.5,73.0
2017-05-18 00:00:00+00:00,43.0,7335.0,75.0,75.0,75.0,75.0,0.0
2017-05-19 00:00:00+00:00,42.0,7478.0,74.9,74.9,74.9,74.9,0.0
2017-05-22 00:00:00+00:00,39.0,7508.0,75.35,75.35,75.35,75.35,0.0
2017-05-23 00:00:00+00:00,38.0,7468.0,75.35,75.35,75.35,75.35,0.0
2017-05-24 00:00:00+00:00,37.0,7523.0,75.3,75.3,75.3,75.3,0.0
2017-05-25 00:00:00+00:00,36.0,7503.0,75.25,75.25,75.25,75.25,0.0
2017-05-26 00:00:00+00:00,35.0,6177.0,74.4,74.4,74.4,74.4,0.0
2017-05-29 00:00:00+00:00,32.0,6177.0,74.4,74.4,74.4,74.4,0.0
2017-05-30 00:00:00+00:00,31.0,6512.0,75.3,75.3,75.3,75.3,0.0
2017-05-31 00:00:00+00:00,30.0,6571.0,74.45,74.45,74.45,74.45,15.0
2017-06-01 00:00:00+00:00,57.0,6576.0,75.8,75.8,75.8,75.8,12.0
2017-06-02 00:00:00+00:00,56.0,6577.0,76.45,76.45,76.45,76.45,0.0
2017-06-05 00:00:00+00:00,53.0,6605.0,78.3,78.3,78.3,78.3,24.0
2017-06-06 00:00:00+00:00,52.0,6612.0,78.45,78.45,78.45,78.45,0.0
2017-06-07 00:00:00+00:00,51.0,6665.0,80.4,80.4,80.4,80.4,12.0
2017-06-08 00:00:00+00:00,50.0,6645.0,81.7,81.7,81.7,81.7,5.0
2017-06-09 00:00:00+00:00,49.0,6722.0,81.65,81.65,81.65,81.65,8.0
2017-06-12 00:00:00+00:00,46.0,6803.0,82.0,82.0,82.0,81.05,5.0
2017-06-13 00:00:00+00:00,45.0,6878.0,80.0,80.0,80.0,80.0,0.0
2017-06-14 00:00:00+00:00,44.0,6901.0,77.9,77.9,77.9,77.9,0.0
2017-06-15 00:00:00+00:00,43.0,7050.0,78.75,78.5,78.5,79.05,17.0
2017-06-16 00:00:00+00:00,42.0,6980.0,78.5,78.5,78.5,78.25,15.0
2017-06-19 00:00:00+00:00,39.0,7055.0,79.3,79.3,79.3,79.3,0.0
2017-06-20 00:00:00+00:00,38.0,7055.0,77.8,77.8,77.8,77.8,0.0
2017-06-21 00:00:00+00:00,37.0,7095.0,76.75,76.75,76.75,76.75,0.0
2017-06-22 00:00:00+00:00,36.0,7103.0,76.7,76.7,76.7,76.7,0.0
2017-06-23 00:00:00+00:00,35.0,7108.0,76.7,76.7,76.7,76.7,0.0
2017-06-26 00:00:00+00:00,32.0,7131.0,76.6,76.6,76.6,76.6,8.0
2017-06-27 00:00:00+00:00,31.0,7161.0,77.2,77.2,77.2,77.2,0.0
2017-06-28 00:00:00+00:00,30.0,7208.0,77.5,77.5,77.5,77.5,20.0
2017-06-29 00:00:00+00:00,29.0,7235.0,77.2,77.2,77.2,77.2,27.0
2017-06-30 00:00:00+00:00,28.0,6341.0,76.3,76.3,76.3,76.3,0.0
2017-07-03 00:00:00+00:00,53.0,6341.0,78.15,78.15,78.15,78.15,0.0
2017-07-04 00:00:00+00:00,52.0,6281.0,80.15,80.15,80.15,80.15,0.0
2017-07-05 00:00:00+00:00,51.0,6379.0,81.5,81.0,81.0,82.3,20.0
2017-07-06 00:00:00+00:00,50.0,6752.0,83.75,83.2,83.5,83.8,45.0
2017-07-07 00:00:00+00:00,49.0,6847.0,83.55,83.55,83.55,83.55,0.0
2017-07-10 00:00:00+00:00,46.0,6882.0,83.15,83.15,83.15,83.15,0.0
2017-07-11 00:00:00+00:00,45.0,6879.0,82.6,82.6,82.6,82.6,6.0
2017-07-12 00:00:00+00:00,44.0,6869.0,81.6,81.6,81.6,81.6,6.0
2017-07-13 00:00:00+00:00,43.0,6899.0,80.2,80.2,80.2,80.2,0.0
2017-07-14 00:00:00+00:00,42.0,6926.0,80.8,80.8,80.8,80.8,0.0
2017-07-17 00:00:00+00:00,39.0,7085.0,80.5,80.1,80.5,80.25,324.0
2017-07-18 00:00:00+00:00,38.0,7117.0,82.0,80.6,80.6,82.05,361.0
2017-07-19 00:00:00+00:00,37.0,7352.0,83.75,82.35,82.35,82.85,140.0
2017-07-20 00:00:00+00:00,36.0,7527.0,83.6,83.5,83.5,82.95,40.0
2017-07-21 00:00:00+00:00,35.0,7567.0,82.75,82.75,82.75,82.75,0.0
2017-07-24 00:00:00+00:00,32.0,7587.0,80.95,80.95,80.95,80.95,0.0
2017-07-25 00:00:00+00:00,31.0,7672.0,81.1,81.0,81.0,80.65,55.0
2017-07-26 00:00:00+00:00,30.0,7657.0,79.8,79.3,79.8,79.5,98.0
2017-07-27 00:00:00+00:00,29.0,7722.0,79.5,79.0,79.0,79.45,115.0
2017-07-28 00:00:00+00:00,28.0,6860.0,80.5,80.0,80.0,80.55,120.0
2017-07-31 00:00:00+00:00,25.0,6873.0,84.0,83.0,83.0,83.85,100.0
2017-08-01 00:00:00+00:00,59.0,6817.0,84.7,84.7,84.7,84.7,42.0
2017-08-02 00:00:00+00:00,58.0,6909.0,85.0,85.0,85.0,85.25,15.0
2017-08-03 00:00:00+00:00,57.0,7029.0,85.0,85.0,85.0,85.6,65.0
2017-08-04 00:00:00+00:00,56.0,7114.0,86.7,86.0,86.6,86.45,25.0
2017-08-07 00:00:00+00:00,53.0,7158.0,87.3,86.8,86.8,87.1,90.0
2017-08-08 00:00:00+00:00,52.0,7209.0,86.2,86.2,86.2,86.2,0.0
2017-08-09 00:00:00+00:00,51.0,7239.0,86.75,86.0,86.0,86.85,30.0
2017-08-10 00:00:00+00:00,50.0,7189.0,88.0,87.25,87.25,87.95,30.0
2017-08-11 00:00:00+00:00,49.0,7246.0,88.6,88.6,88.6,88.6,0.0
2017-08-14 00:00:00+00:00,46.0,7261.0,88.5,87.25,87.25,87.75,40.0
2017-08-15 00:00:00+00:00,45.0,7226.0,86.6,86.6,86.6,86.6,0.0
2017-08-16 00:00:00+00:00,44.0,7276.0,88.05,88.05,88.05,88.05,12.0
2017-08-17 00:00:00+00:00,43.0,7480.0,89.5,88.9,89.0,89.3,45.0
2017-08-18 00:00:00+00:00,42.0,7600.0,89.2,89.2,89.2,89.2,0.0
2017-08-21 00:00:00+00:00,39.0,7588.0,89.0,89.0,89.0,89.0,0.0
2017-08-22 00:00:00+00:00,38.0,7716.0,88.8,88.8,88.8,88.8,0.0
2017-08-23 00:00:00+00:00,37.0,7646.0,89.25,89.25,89.25,89.25,0.0
2017-08-24 00:00:00+00:00,36.0,7646.0,89.6,89.6,89.6,89.6,0.0
2017-08-25 00:00:00+00:00,35.0,7724.0,90.15,90.15,90.15,90.15,0.0
2017-08-28 00:00:00+00:00,32.0,6620.0,90.25,90.25,90.25,90.25,0.0
2017-08-29 00:00:00+00:00,31.0,6610.0,90.0,90.0,90.0,90.0,15.0
2017-08-30 00:00:00+00:00,30.0,6617.0,90.2,90.2,90.2,90.2,31.0
2017-08-31 00:00:00+00:00,29.0,6617.0,88.9,88.9,88.9,88.9,31.0
2017-09-01 00:00:00+00:00,56.0,6632.0,89.0,88.75,89.0,88.6,10.0
2017-09-04 00:00:00+00:00,53.0,6687.0,89.3,89.3,89.3,89.3,0.0
2017-09-05 00:00:00+00:00,52.0,6718.0,90.15,90.1,90.1,90.15,25.0
2017-09-06 00:00:00+00:00,51.0,6815.0,90.1,90.1,90.1,90.1,0.0
2017-09-07 00:00:00+00:00,50.0,6844.0,90.45,90.45,90.45,90.45,0.0
2017-09-08 00:00:00+00:00,49.0,6971.0,91.15,90.35,90.35,91.15,160.0
2017-09-11 00:00:00+00:00,46.0,7046.0,92.2,91.5,91.5,92.1,110.0
2017-09-12 00:00:00+00:00,45.0,7174.0,92.25,91.9,92.25,92.1,45.0
2017-09-13 00:00:00+00:00,44.0,7263.0,95.0,93.0,93.0,95.05,45.0
2017-09-14 00:00:00+00:00,43.0,7385.0,96.8,96.5,96.8,96.7,20.0
2017-09-15 00:00:00+00:00,42.0,7591.0,94.75,94.75,94.75,94.75,0.0
2017-09-18 00:00:00+00:00,39.0,7685.0,94.0,93.9,93.9,93.75,15.0
2017-09-19 00:00:00+00:00,38.0,7771.0,94.55,94.55,94.55,94.55,0.0
2017-09-20 00:00:00+00:00,37.0,7836.0,95.25,95.25,95.25,95.25,0.0
2017-09-21 00:00:00+00:00,36.0,8065.0,93.25,93.25,93.25,93.25,0.0
2017-09-22 00:00:00+00:00,35.0,8065.0,93.4,93.4,93.4,93.4,0.0
2017-09-25 00:00:00+00:00,32.0,8065.0,94.05,94.05,94.05,94.05,0.0
2017-09-26 00:00:00+00:00,31.0,8229.0,93.5,92.2,93.5,91.8,51.0
2017-09-27 00:00:00+00:00,30.0,8224.0,91.6,91.6,91.6,91.3,5.0
2017-09-28 00:00:00+00:00,29.0,8332.0,89.75,89.75,89.75,89.75,0.0
2017-09-29 00:00:00+00:00,28.0,6720.0,88.65,88.65,88.65,88.65,0.0
2017-10-02 00:00:00+00:00,53.0,6807.0,89.75,89.75,89.75,89.75,0.0
2017-10-03 00:00:00+00:00,52.0,6957.0,90.85,90.85,90.85,90.85,0.0
2017-10-04 00:00:00+00:00,51.0,7097.0,92.15,92.15,92.15,91.05,10.0
2017-10-05 00:00:00+00:00,50.0,7108.0,92.0,91.0,92.0,90.9,31.0
2017-10-06 00:00:00+00:00,49.0,7135.0,90.15,90.15,90.15,90.15,5.0
2017-10-09 00:00:00+00:00,46.0,7199.0,89.75,89.75,89.75,89.6,5.0
2017-10-10 00:00:00+00:00,45.0,7352.0,90.5,90.5,90.5,90.5,0.0
2017-10-11 00:00:00+00:00,44.0,7439.0,90.7,90.7,90.7,90.7,0.0
2017-10-12 00:00:00+00:00,43.0,7464.0,91.3,91.3,91.3,91.3,0.0
2017-10-13 00:00:00+00:00,42.0,7539.0,91.7,91.7,91.7,91.7,0.0
2017-10-16 00:00:00+00:00,39.0,7668.0,92.8,92.25,92.25,92.5,25.0
2017-10-17 00:00:00+00:00,38.0,7701.0,92.45,92.45,92.45,92.7,5.0
2017-10-18 00:00:00+00:00,37.0,7830.0,93.05,93.05,93.05,93.05,0.0
2017-10-19 00:00:00+00:00,36.0,7791.0,91.7,91.5,91.7,91.5,10.0
2017-10-20 00:00:00+00:00,35.0,7866.0,91.8,91.8,91.8,91.8,0.0
2017-10-23 00:00:00+00:00,32.0,7861.0,91.2,90.9,91.2,91.1,10.0
2017-10-24 00:00:00+00:00,31.0,7891.0,91.5,91.5,91.5,91.8,20.0
2017-10-25 00:00:00+00:00,30.0,7964.0,91.5,91.5,91.5,91.5,0.0
2017-10-26 00:00:00+00:00,29.0,8156.0,91.6,91.6,91.6,91.6,0.0
2017-10-27 00:00:00+00:00,28.0,6879.0,92.6,92.25,92.25,92.75,20.0
2017-10-30 00:00:00+00:00,25.0,6988.0,92.8,92.8,92.8,93.1,35.0
2017-10-31 00:00:00+00:00,24.0,7173.0,94.5,93.25,93.25,94.65,50.0
2017-11-01 00:00:00+00:00,58.0,7251.0,95.0,94.0,94.0,94.9,35.0
2017-11-02 00:00:00+00:00,57.0,7451.0,94.5,94.5,94.5,94.5,0.0
2017-11-03 00:00:00+00:00,56.0,7532.0,93.45,93.45,93.45,93.45,0.0
2017-11-06 00:00:00+00:00,53.0,7587.0,93.85,93.0,93.0,93.4,95.0
2017-11-07 00:00:00+00:00,52.0,7653.0,93.25,93.25,93.25,93.4,10.0
2017-11-08 00:00:00+00:00,51.0,7811.0,93.0,93.0,93.0,92.8,93.0
2017-11-09 00:00:00+00:00,50.0,7856.0,92.6,92.6,92.6,92.6,22.0
2017-11-10 00:00:00+00:00,49.0,7923.0,92.0,92.0,92.0,92.85,10.0
2017-11-13 00:00:00+00:00,46.0,8028.0,92.4,92.4,92.4,92.4,0.0
2017-11-14 00:00:00+00:00,45.0,8063.0,91.75,91.75,91.75,91.0,32.0
2017-11-15 00:00:00+00:00,44.0,8012.0,91.05,91.05,91.05,91.05,0.0
2017-11-16 00:00:00+00:00,43.0,8032.0,89.45,89.45,89.45,89.45,0.0
2017-11-17 00:00:00+00:00,42.0,8111.0,88.7,88.7,88.7,88.7,0.0
2017-11-20 00:00:00+00:00,39.0,8245.0,88.5,88.25,88.25,88.9,10.0
2017-11-21 00:00:00+00:00,38.0,8263.0,89.25,89.25,89.25,89.05,2.0
2017-11-22 00:00:00+00:00,37.0,8392.0,89.5,89.5,89.5,89.4,22.0
2017-11-23 00:00:00+00:00,36.0,8406.0,90.8,90.8,90.8,90.8,0.0
2017-11-24 00:00:00+00:00,35.0,7122.0,91.0,90.0,90.0,91.6,79.0
2017-11-27 00:00:00+00:00,32.0,7152.0,92.35,92.35,92.35,92.35,0.0
2017-11-28 00:00:00+00:00,31.0,7223.0,94.0,94.0,94.0,94.05,130.0
2017-11-29 00:00:00+00:00,30.0,7280.0,94.1,94.0,94.0,94.0,55.0
2017-11-30 00:00:00+00:00,29.0,7280.0,94.55,94.55,94.55,94.1,1.0
2017-12-01 00:00:00+00:00,56.0,7323.0,94.0,94.0,94.0,93.55,10.0
2017-12-04 00:00:00+00:00,53.0,7355.0,94.9,94.9,94.9,94.9,0.0
2017-12-05 00:00:00+00:00,52.0,7437.0,95.05,95.05,95.05,95.05,0.0
2017-12-06 00:00:00+00:00,51.0,7487.0,94.9,94.9,94.9,94.9,0.0
2017-12-07 00:00:00+00:00,50.0,7591.0,95.2,95.2,95.2,95.2,0.0
2017-12-08 00:00:00+00:00,49.0,7607.0,96.0,96.0,96.0,96.0,0.0
2017-12-11 00:00:00+00:00,46.0,7494.0,97.25,97.25,97.25,97.25,0.0
2017-12-12 00:00:00+00:00,45.0,7556.0,97.85,97.85,97.85,97.85,12.0
2017-12-13 00:00:00+00:00,44.0,7684.0,96.15,96.15,96.15,96.15,0.0
2017-12-14 00:00:00+00:00,43.0,7796.0,96.25,96.25,96.25,96.25,25.0
2017-12-15 00:00:00+00:00,42.0,7801.0,95.9,95.9,95.9,95.9,10.0
2017-12-18 00:00:00+00:00,39.0,7857.0,96.2,96.2,96.2,96.2,40.0
2017-12-19 00:00:00+00:00,38.0,7867.0,95.15,95.15,95.15,95.15,0.0
2017-12-20 00:00:00+00:00,37.0,8036.0,94.35,94.35,94.35,94.35,0.0
2017-12-21 00:00:00+00:00,36.0,8222.0,94.6,94.4,94.4,94.5,10.0
2017-12-22 00:00:00+00:00,35.0,8222.0,94.65,94.65,94.65,94.75,5.0
2017-12-25 00:00:00+00:00,35.0,8222.0,,,,94.75,
2017-12-26 00:00:00+00:00,31.0,8222.0,94.75,94.75,94.75,94.75,0.0
2017-12-27 00:00:00+00:00,30.0,8243.0,94.75,94.4,94.75,94.55,15.0
2017-12-28 00:00:00+00:00,29.0,8259.0,94.75,94.75,94.75,94.95,10.0
2017-12-29 00:00:00+00:00,28.0,7320.0,95.1,95.0,95.0,95.05,15.0
2018-01-01 00:00:00+00:00,28.0,7320.0,,,,95.05,
2018-01-02 00:00:00+00:00,52.0,7435.0,96.55,96.55,96.55,96.55,24.0
2018-01-03 00:00:00+00:00,51.0,7425.0,96.2,96.2,96.2,96.2,0.0
2018-01-04 00:00:00+00:00,50.0,7461.0,96.75,96.75,96.75,96.75,0.0
2018-01-05 00:00:00+00:00,49.0,7509.0,97.25,97.25,97.25,97.25,0.0
2018-01-08 00:00:00+00:00,46.0,7512.0,97.65,97.65,97.65,97.65,0.0
2018-01-09 00:00:00+00:00,45.0,7589.0,97.9,97.9,97.9,97.9,0.0
2018-01-10 00:00:00+00:00,44.0,7609.0,97.55,97.55,97.55,97.55,0.0
2018-01-11 00:00:00+00:00,43.0,7608.0,97.3,97.3,97.3,97.3,24.0
2018-01-12 00:00:00+00:00,42.0,7746.0,97.55,97.55,97.55,97.55,0.0
2018-01-15 00:00:00+00:00,39.0,7826.0,98.0,98.0,98.0,98.0,0.0
2018-01-16 00:00:00+00:00,38.0,8037.0,97.65,97.65,97.65,97.65,5.0
2018-01-17 00:00:00+00:00,37.0,8258.0,97.8,97.8,97.8,97.8,10.0
2018-01-18 00:00:00+00:00,36.0,8281.0,98.1,98.0,98.0,97.95,2.0
2018-01-19 00:00:00+00:00,35.0,8287.0,98.4,98.4,98.4,98.4,0.0
2018-01-22 00:00:00+00:00,32.0,8335.0,98.5,98.25,98.25,98.5,81.0
2018-01-23 00:00:00+00:00,31.0,8412.0,98.75,98.6,98.75,98.65,12.0
2018-01-24 00:00:00+00:00,30.0,8443.0,98.55,98.55,98.55,98.55,0.0
2018-01-25 00:00:00+00:00,29.0,8445.0,98.6,98.6,98.6,99.25,5.0
2018-01-26 00:00:00+00:00,28.0,8462.0,98.3,98.3,98.3,98.3,47.0
2018-01-29 00:00:00+00:00,25.0,7288.0,98.25,97.7,98.25,97.85,53.0
2018-01-30 00:00:00+00:00,24.0,7359.0,97.45,97.4,97.4,96.95,36.0
2018-01-31 00:00:00+00:00,23.0,7315.0,95.85,95.85,95.85,95.9,44.0
2018-02-01 00:00:00+00:00,56.0,7279.0,93.9,93.9,93.9,93.9,0.0
2018-02-02 00:00:00+00:00,55.0,7264.0,94.25,94.25,94.25,94.25,0.0
2018-02-05 00:00:00+00:00,52.0,7338.0,93.4,93.4,93.4,93.4,24.0
2018-02-06 00:00:00+00:00,51.0,7406.0,91.0,91.0,91.0,91.0,24.0
2018-02-07 00:00:00+00:00,50.0,7466.0,90.9,90.9,90.9,90.1,17.0
2018-02-08 00:00:00+00:00,49.0,7532.0,88.5,87.7,88.0,88.5,221.0
2018-02-09 00:00:00+00:00,48.0,7508.0,88.8,87.9,88.0,88.2,11.0
2018-02-12 00:00:00+00:00,45.0,7554.0,89.0,88.0,88.0,89.4,11.0
2018-02-13 00:00:00+00:00,44.0,7682.0,90.5,90.0,90.0,90.65,20.0
2018-02-14 00:00:00+00:00,43.0,7695.0,93.25,91.9,92.0,93.05,40.0
2018-02-15 00:00:00+00:00,42.0,7868.0,93.8,92.0,93.8,92.15,12.0
2018-02-16 00:00:00+00:00,41.0,7947.0,93.3,92.5,92.75,94.05,85.0
2018-02-19 00:00:00+00:00,38.0,7978.0,96.2,94.5,94.5,96.3,70.0
2018-02-20 00:00:00+00:00,37.0,7909.0,96.6,96.5,96.5,96.65,2.0
2018-02-21 00:00:00+00:00,36.0,7847.0,97.25,96.5,96.85,97.65,4.0
2018-02-22 00:00:00+00:00,35.0,7859.0,98.45,98.45,98.45,98.45,0.0
2018-02-23 00:00:00+00:00,34.0,6711.0,98.3,98.3,98.3,98.3,0.0
2018-02-26 00:00:00+00:00,31.0,6751.0,94.0,94.0,94.0,94.05,49.0
2018-02-27 00:00:00+00:00,30.0,6877.0,95.0,95.0,95.0,95.25,17.0
2018-02-28 00:00:00+00:00,29.0,6843.0,96.0,96.0,96.0,95.6,57.0
2018-03-01 00:00:00+00:00,57.0,6896.0,93.55,93.55,93.55,93.55,0.0
2018-03-02 00:00:00+00:00,56.0,6953.0,93.5,93.25,93.25,94.2,13.0
2018-03-05 00:00:00+00:00,53.0,6999.0,93.95,93.95,93.95,93.95,36.0
2018-03-06 00:00:00+00:00,52.0,7075.0,92.8,92.8,92.8,92.8,0.0
2018-03-07 00:00:00+00:00,51.0,7069.0,92.0,92.0,92.0,90.9,19.0
2018-03-08 00:00:00+00:00,50.0,7136.0,90.95,90.95,90.95,90.95,36.0
2018-03-09 00:00:00+00:00,49.0,7194.0,90.9,90.9,90.9,90.9,5.0
2018-03-12 00:00:00+00:00,46.0,7305.0,89.8,89.8,89.8,89.85,8.0
2018-03-13 00:00:00+00:00,45.0,7308.0,89.5,89.5,89.5,90.5,7.0
2018-03-14 00:00:00+00:00,44.0,7441.0,90.0,90.0,90.0,90.05,57.0
2018-03-15 00:00:00+00:00,43.0,7519.0,89.9,89.9,89.9,89.9,0.0
2018-03-16 00:00:00+00:00,42.0,7612.0,89.5,88.9,89.5,88.9,37.0
2018-03-19 00:00:00+00:00,39.0,7733.0,88.0,88.0,88.0,87.95,1.0
2018-03-20 00:00:00+00:00,38.0,7803.0,89.1,88.75,88.75,89.1,20.0
2018-03-21 00:00:00+00:00,37.0,7792.0,89.3,89.3,89.3,89.3,0.0
2018-03-22 00:00:00+00:00,36.0,7741.0,87.8,87.8,87.8,87.8,0.0
2018-03-23 00:00:00+00:00,35.0,7809.0,87.85,87.85,87.85,87.85,0.0
2018-03-26 00:00:00+00:00,32.0,7841.0,87.45,87.45,87.45,87.45,0.0
2018-03-27 00:00:00+00:00,31.0,7911.0,87.8,87.8,87.8,87.8,0.0
2018-03-28 00:00:00+00:00,30.0,7969.0,88.15,88.0,89.5,88.15,10.0
2018-03-29 00:00:00+00:00,29.0,6610.0,89.0,88.0,88.0,88.95,18.0
2018-03-30 00:00:00+00:00,29.0,6610.0,,,,88.95,
2018-04-02 00:00:00+00:00,53.0,6610.0,88.3,88.3,88.3,88.3,0.0
2018-04-03 00:00:00+00:00,52.0,6620.0,90.2,90.2,90.2,89.35,134.0
2018-04-04 00:00:00+00:00,51.0,6702.0,90.0,90.0,90.0,90.65,125.0
2018-04-05 00:00:00+00:00,50.0,6730.0,91.0,91.0,91.0,91.65,105.0
2018-04-06 00:00:00+00:00,49.0,6741.0,91.9,91.9,91.9,91.9,0.0
2018-04-09 00:00:00+00:00,46.0,6616.0,92.25,92.0,92.0,92.5,129.0
2018-04-10 00:00:00+00:00,45.0,6638.0,92.75,92.6,92.75,92.7,37.0
2018-04-11 00:00:00+00:00,44.0,6760.0,92.9,92.25,92.25,92.85,31.0
2018-04-12 00:00:00+00:00,43.0,6785.0,93.6,93.25,93.25,93.0,10.0
2018-04-13 00:00:00+00:00,42.0,6882.0,93.75,93.5,93.5,93.55,31.0
2018-04-16 00:00:00+00:00,39.0,6991.0,93.9,93.9,93.9,93.9,3.0
2018-04-17 00:00:00+00:00,38.0,7078.0,93.1,93.1,93.1,93.1,17.0
2018-04-18 00:00:00+00:00,37.0,7102.0,92.85,92.85,92.85,92.85,8.0
2018-04-19 00:00:00+00:00,36.0,7126.0,93.8,93.8,93.8,93.8,41.0
2018-04-20 00:00:00+00:00,35.0,7123.0,94.15,93.5,93.5,94.1,34.0
2018-04-23 00:00:00+00:00,32.0,7154.0,94.5,94.5,94.5,94.2,6.0
2018-04-24 00:00:00+00:00,31.0,7197.0,93.65,93.65,93.65,93.65,13.0
2018-04-25 00:00:00+00:00,30.0,7261.0,94.35,94.35,94.35,94.35,0.0
2018-04-26 00:00:00+00:00,29.0,7427.0,94.1,94.1,94.1,94.1,96.0
2018-04-27 00:00:00+00:00,28.0,7430.0,95.25,95.25,95.25,95.25,60.0
2018-04-30 00:00:00+00:00,25.0,6037.0,97.25,96.95,96.95,97.15,19.0
2018-05-01 00:00:00+00:00,59.0,6160.0,97.25,97.25,97.25,97.5,3.0
2018-05-02 00:00:00+00:00,58.0,6297.0,98.05,98.05,98.05,97.85,15.0
2018-05-03 00:00:00+00:00,57.0,6327.0,98.1,97.75,97.75,98.1,42.0
2018-05-04 00:00:00+00:00,56.0,6327.0,99.0,98.5,98.5,98.9,82.0
2018-05-07 00:00:00+00:00,53.0,6390.0,98.9,98.9,98.9,98.9,0.0
2018-05-08 00:00:00+00:00,52.0,6352.0,100.9,100.25,100.25,100.55,119.0
2018-05-09 00:00:00+00:00,51.0,6566.0,101.55,101.0,101.0,101.45,122.0
2018-05-10 00:00:00+00:00,50.0,6723.0,102.35,102.0,102.35,102.5,78.0
2018-05-11 00:00:00+00:00,49.0,6764.0,104.0,103.5,103.5,103.35,36.0
2018-05-14 00:00:00+00:00,46.0,6775.0,104.2,103.75,104.1,104.0,28.0
2018-05-15 00:00:00+00:00,45.0,6790.0,104.0,104.0,104.0,104.1,1.0
2018-05-16 00:00:00+00:00,44.0,6786.0,104.3,104.3,104.3,104.3,0.0
2018-05-17 00:00:00+00:00,43.0,7000.0,104.6,104.6,104.6,104.6,0.0
2018-05-18 00:00:00+00:00,42.0,7013.0,103.2,103.2,103.2,103.2,0.0
2018-05-21 00:00:00+00:00,39.0,7135.0,103.0,102.5,103.0,103.1,20.0
2018-05-22 00:00:00+00:00,38.0,7670.0,103.25,102.5,103.25,102.45,40.0
2018-05-23 00:00:00+00:00,37.0,7750.0,102.25,101.5,102.0,101.9,57.0
2018-05-24 00:00:00+00:00,36.0,7806.0,102.6,102.6,102.6,102.35,3.0
2018-05-25 00:00:00+00:00,35.0,7806.0,102.25,102.25,102.25,102.6,1.0
2018-05-28 00:00:00+00:00,32.0,6721.0,103.35,103.35,103.35,103.35,0.0
2018-05-29 00:00:00+00:00,31.0,6882.0,103.0,102.8,103.0,103.0,257.0
2018-05-30 00:00:00+00:00,30.0,6914.0,103.8,103.5,103.75,103.75,188.0
2018-05-31 00:00:00+00:00,29.0,6911.0,104.5,104.0,104.0,104.0,40.0
2018-06-01 00:00:00+00:00,56.0,6941.0,103.85,103.85,103.85,103.85,0.0
2018-06-04 00:00:00+00:00,53.0,6937.0,104.85,104.85,104.85,104.85,0.0
2018-06-05 00:00:00+00:00,52.0,7009.0,105.25,104.25,105.25,103.85,27.0
2018-06-06 00:00:00+00:00,51.0,7052.0,104.25,104.0,104.0,104.05,42.0
2018-06-07 00:00:00+00:00,50.0,7321.0,104.6,104.5,104.5,104.8,93.0
2018-06-08 00:00:00+00:00,49.0,7348.0,104.7,104.7,104.7,104.7,0.0
2018-06-11 00:00:00+00:00,46.0,7452.0,105.0,105.0,105.0,104.75,118.0
2018-06-12 00:00:00+00:00,45.0,7533.0,105.35,105.25,105.25,105.45,25.0
2018-06-13 00:00:00+00:00,44.0,7575.0,105.25,105.0,105.25,105.15,27.0
2018-06-14 00:00:00+00:00,43.0,7575.0,105.05,105.05,105.05,105.05,0.0
2018-06-15 00:00:00+00:00,42.0,7591.0,104.55,104.55,104.55,104.55,12.0
2018-06-18 00:00:00+00:00,39.0,7601.0,105.0,105.0,105.0,105.05,15.0
2018-06-19 00:00:00+00:00,38.0,7619.0,104.5,104.5,104.5,104.35,2.0
2018-06-20 00:00:00+00:00,37.0,7609.0,103.0,103.0,103.0,103.0,0.0
2018-06-21 00:00:00+00:00,36.0,7642.0,100.8,100.5,100.8,100.6,11.0
2018-06-22 00:00:00+00:00,35.0,7600.0,101.0,101.0,101.0,100.9,10.0
2018-06-25 00:00:00+00:00,32.0,7707.0,102.15,101.7,102.0,102.4,70.0
2018-06-26 00:00:00+00:00,31.0,7754.0,102.6,102.4,102.4,102.7,69.0
2018-06-27 00:00:00+00:00,30.0,7794.0,104.0,103.15,103.15,104.05,41.0
2018-06-28 00:00:00+00:00,29.0,7796.0,104.25,104.1,104.1,104.05,6.0
2018-06-29 00:00:00+00:00,28.0,6579.0,104.9,104.9,104.9,104.9,0.0
2018-07-02 00:00:00+00:00,60.0,6584.0,105.9,105.0,105.0,105.4,33.0
2018-07-03 00:00:00+00:00,59.0,6722.0,106.25,106.0,106.0,106.35,56.0
2018-07-04 00:00:00+00:00,58.0,6744.0,107.1,106.5,106.5,107.2,4.0
2018-07-05 00:00:00+00:00,57.0,6943.0,107.0,106.4,106.7,107.35,100.0
2018-07-06 00:00:00+00:00,56.0,6956.0,107.15,107.15,107.15,107.15,0.0
2018-07-09 00:00:00+00:00,53.0,6994.0,108.5,108.5,108.5,108.5,0.0
2018-07-10 00:00:00+00:00,52.0,7029.0,108.3,108.3,108.3,108.3,0.0
2018-07-11 00:00:00+00:00,51.0,7039.0,108.65,108.65,108.65,108.65,0.0
2018-07-12 00:00:00+00:00,50.0,7042.0,106.8,106.8,106.8,106.8,36.0
2018-07-13 00:00:00+00:00,49.0,7029.0,106.5,106.5,106.5,106.05,17.0
2018-07-16 00:00:00+00:00,46.0,7085.0,107.25,106.0,107.25,105.85,50.0
2018-07-17 00:00:00+00:00,45.0,7201.0,106.75,106.75,106.75,105.7,1.0
2018-07-18 00:00:00+00:00,44.0,7220.0,107.5,107.4,107.4,107.65,134.0
2018-07-19 00:00:00+00:00,43.0,7267.0,106.5,106.0,106.5,105.95,49.0
2018-07-20 00:00:00+00:00,42.0,7408.0,105.5,104.5,105.5,105.2,23.0
2018-07-23 00:00:00+00:00,39.0,7413.0,105.25,105.25,105.25,105.25,0.0
2018-07-24 00:00:00+00:00,38.0,7429.0,104.8,104.8,104.8,104.8,0.0
2018-07-25 00:00:00+00:00,37.0,7495.0,104.5,104.5,104.5,104.5,0.0
2018-07-26 00:00:00+00:00,36.0,7571.0,104.05,104.05,104.05,104.05,0.0
2018-07-27 00:00:00+00:00,35.0,6098.0,104.0,104.0,104.0,104.0,1.0
2018-07-30 00:00:00+00:00,32.0,6089.0,104.25,103.5,103.75,104.25,43.0
2018-07-31 00:00:00+00:00,31.0,6150.0,104.15,104.0,104.0,104.55,16.0
2018-08-01 00:00:00+00:00,58.0,6235.0,103.45,103.45,103.45,103.6,40.0
2018-08-02 00:00:00+00:00,57.0,6282.0,103.0,102.3,103.0,102.6,149.0
2018-08-03 00:00:00+00:00,56.0,6298.0,102.0,101.8,102.0,101.85,24.0
2018-08-06 00:00:00+00:00,53.0,6374.0,101.85,101.85,101.85,102.05,76.0
2018-08-07 00:00:00+00:00,52.0,6476.0,102.7,102.7,102.7,102.7,0.0
2018-08-08 00:00:00+00:00,51.0,6901.0,101.0,100.5,101.0,101.0,590.0
2018-08-09 00:00:00+00:00,50.0,7070.0,100.55,100.0,100.5,100.2,113.0
2018-08-10 00:00:00+00:00,49.0,7048.0,100.0,100.0,100.0,100.0,7.0
2018-08-13 00:00:00+00:00,46.0,7114.0,99.65,99.5,99.65,99.4,25.0
2018-08-14 00:00:00+00:00,45.0,7210.0,100.5,99.5,99.5,100.15,31.0
2018-08-15 00:00:00+00:00,44.0,7207.0,98.75,98.75,98.75,97.85,1.0
2018-08-16 00:00:00+00:00,43.0,7300.0,96.15,96.15,96.15,96.15,15.0
2018-08-17 00:00:00+00:00,42.0,7303.0,98.0,95.5,95.55,97.85,62.0
2018-08-20 00:00:00+00:00,39.0,7288.0,96.75,96.75,96.75,96.75,0.0
2018-08-21 00:00:00+00:00,38.0,7337.0,98.1,97.7,98.1,97.6,11.0
2018-08-22 00:00:00+00:00,37.0,7429.0,97.6,97.45,97.6,97.3,50.0
2018-08-23 00:00:00+00:00,36.0,7429.0,97.45,97.45,97.45,97.45,3.0
2018-08-24 00:00:00+00:00,35.0,7479.0,98.1,98.1,98.1,98.1,57.0
2018-08-27 00:00:00+00:00,32.0,7479.0,99.1,99.1,99.1,99.1,0.0
2018-08-28 00:00:00+00:00,31.0,7382.0,98.15,98.15,98.15,98.15,0.0
2018-08-29 00:00:00+00:00,30.0,7547.0,99.0,99.0,99.0,98.95,22.0
2018-08-30 00:00:00+00:00,29.0,7571.0,98.0,98.0,98.0,97.5,52.0
2018-08-31 00:00:00+00:00,28.0,6115.0,97.55,97.55,97.55,97.55,12.0
2018-09-03 00:00:00+00:00,53.0,6146.0,99.55,99.55,99.55,99.55,0.0
2018-09-04 00:00:00+00:00,52.0,6161.0,100.25,100.25,100.25,100.25,12.0
2018-09-05 00:00:00+00:00,51.0,6217.0,100.8,100.8,100.8,100.8,0.0
2018-09-06 00:00:00+00:00,50.0,6207.0,101.65,101.65,101.65,101.65,2.0
2018-09-07 00:00:00+00:00,49.0,6266.0,102.35,102.35,102.35,102.35,0.0
2018-09-10 00:00:00+00:00,46.0,6251.0,103.7,103.7,103.7,103.7,3.0
2018-09-11 00:00:00+00:00,45.0,6300.0,104.4,104.4,104.4,104.4,1.0
2018-09-12 00:00:00+00:00,44.0,6338.0,104.0,104.0,104.0,104.0,38.0
2018-09-13 00:00:00+00:00,43.0,6385.0,104.0,104.0,104.0,104.0,45.0
2018-09-14 00:00:00+00:00,42.0,6418.0,103.45,103.45,103.45,103.45,84.0
2018-09-17 00:00:00+00:00,39.0,6399.0,102.9,102.9,102.9,102.9,108.0
2018-09-18 00:00:00+00:00,38.0,6433.0,100.65,100.65,100.65,100.65,99.0
2018-09-19 00:00:00+00:00,37.0,6394.0,101.05,101.05,101.05,101.05,18.0
2018-09-20 00:00:00+00:00,36.0,6369.0,100.1,100.1,100.1,100.1,0.0
2018-09-21 00:00:00+00:00,35.0,6354.0,100.45,100.45,100.45,100.45,0.0
2018-09-24 00:00:00+00:00,32.0,6372.0,100.4,100.4,100.4,100.4,51.0
2018-09-25 00:00:00+00:00,31.0,6430.0,100.75,100.0,100.0,100.6,9.0
2018-09-26 00:00:00+00:00,30.0,6505.0,102.1,100.75,100.75,102.1,41.0
2018-09-27 00:00:00+00:00,29.0,6499.0,101.4,101.4,101.4,101.4,0.0
2018-09-28 00:00:00+00:00,28.0,5133.0,101.05,101.05,101.05,101.05,0.0
2018-10-01 00:00:00+00:00,60.0,5139.0,102.95,102.95,102.95,102.95,18.0
2018-10-02 00:00:00+00:00,59.0,5187.0,102.95,102.95,102.95,102.9,9.0
2018-10-03 00:00:00+00:00,58.0,5257.0,102.8,102.8,102.8,102.8,0.0
2018-10-04 00:00:00+00:00,57.0,5297.0,102.95,102.95,102.95,102.95,8.0
2018-10-05 00:00:00+00:00,56.0,5352.0,103.25,103.25,103.25,103.25,63.0
2018-10-08 00:00:00+00:00,53.0,5355.0,102.65,102.65,102.65,102.65,6.0
2018-10-09 00:00:00+00:00,52.0,5420.0,101.85,101.85,101.85,101.85,16.0
2018-10-10 00:00:00+00:00,51.0,5471.0,100.35,100.35,100.35,100.35,3.0
2018-10-11 00:00:00+00:00,50.0,5532.0,99.2,99.0,99.2,99.4,50.0
2018-10-12 00:00:00+00:00,49.0,5517.0,99.9,99.9,99.9,99.8,51.0
2018-10-15 00:00:00+00:00,46.0,5502.0,99.5,99.5,99.5,99.5,0.0
2018-10-16 00:00:00+00:00,45.0,5520.0,98.95,98.95,98.95,98.95,0.0
2018-10-17 00:00:00+00:00,44.0,5525.0,99.4,99.0,99.0,99.6,25.0
2018-10-18 00:00:00+00:00,43.0,5527.0,99.8,99.3,99.3,100.05,34.0
2018-10-19 00:00:00+00:00,42.0,5526.0,100.5,100.5,100.5,100.75,5.0
2018-10-22 00:00:00+00:00,39.0,5601.0,100.55,100.15,100.5,100.35,16.0
2018-10-23 00:00:00+00:00,38.0,5618.0,100.1,100.0,100.1,100.1,27.0
2018-10-24 00:00:00+00:00,37.0,5629.0,100.0,99.9,100.0,99.8,8.0
2018-10-25 00:00:00+00:00,36.0,5690.0,99.25,99.25,99.25,99.2,37.0
2018-10-26 00:00:00+00:00,35.0,4478.0,99.0,98.4,99.0,98.55,10.0
2018-10-29 00:00:00+00:00,32.0,4472.0,98.5,98.5,98.5,98.5,3.0
2018-10-30 00:00:00+00:00,31.0,4487.0,98.25,98.25,98.25,98.1,19.0
2018-10-31 00:00:00+00:00,30.0,4497.0,98.0,98.0,98.0,97.5,5.0
2018-11-01 00:00:00+00:00,57.0,4540.0,95.75,95.75,95.75,95.75,32.0
2018-11-02 00:00:00+00:00,56.0,4621.0,97.85,97.65,97.85,97.7,52.0
2018-11-05 00:00:00+00:00,53.0,4627.0,96.9,96.9,96.9,96.9,39.0
2018-11-06 00:00:00+00:00,52.0,4655.0,96.3,95.5,96.3,95.6,165.0
2018-11-07 00:00:00+00:00,51.0,4645.0,96.25,96.25,96.25,96.25,3.0
2018-11-08 00:00:00+00:00,50.0,4642.0,95.65,95.65,95.65,95.65,79.0
2018-11-09 00:00:00+00:00,49.0,4649.0,95.0,94.5,95.0,94.25,66.0
2018-11-12 00:00:00+00:00,46.0,4570.0,94.95,94.95,94.95,94.95,6.0
2018-11-13 00:00:00+00:00,45.0,4591.0,94.0,94.0,94.0,94.0,5.0
2018-11-14 00:00:00+00:00,44.0,4589.0,90.7,90.7,90.7,90.7,0.0
2018-11-15 00:00:00+00:00,43.0,4582.0,91.55,91.55,91.55,91.55,24.0
2018-11-16 00:00:00+00:00,42.0,4574.0,90.7,90.7,90.7,90.7,0.0
2018-11-19 00:00:00+00:00,39.0,4549.0,89.6,89.6,89.6,89.6,0.0
2018-11-20 00:00:00+00:00,38.0,4612.0,89.6,89.4,89.5,89.6,17.0
2018-11-21 00:00:00+00:00,37.0,4621.0,88.6,88.6,88.6,89.6,5.0
2018-11-22 00:00:00+00:00,36.0,4674.0,89.5,89.0,89.5,89.4,17.0
2018-11-23 00:00:00+00:00,35.0,4719.0,89.0,88.25,89.0,88.25,11.0
2018-11-26 00:00:00+00:00,32.0,4752.0,89.25,89.0,89.0,89.4,17.0
2018-11-27 00:00:00+00:00,31.0,4791.0,90.75,89.25,89.25,90.65,62.0
2018-11-28 00:00:00+00:00,30.0,4763.0,91.7,91.7,91.7,91.7,3.0
2018-11-29 00:00:00+00:00,29.0,4783.0,92.6,92.6,92.6,92.6,12.0
2018-11-30 00:00:00+00:00,28.0,3554.0,94.4,92.0,92.0,94.25,221.0
2018-12-03 00:00:00+00:00,53.0,3611.0,93.4,93.4,93.4,93.4,74.0
2018-12-04 00:00:00+00:00,52.0,3605.0,93.8,93.0,93.0,94.25,35.0
2018-12-05 00:00:00+00:00,51.0,3642.0,94.0,94.0,94.0,94.15,20.0
2018-12-06 00:00:00+00:00,50.0,3728.0,94.15,94.0,94.0,94.35,58.0
2018-12-07 00:00:00+00:00,49.0,3743.0,94.4,94.4,94.4,94.4,0.0
2018-12-10 00:00:00+00:00,46.0,3766.0,94.55,94.55,94.55,94.55,3.0
2018-12-11 00:00:00+00:00,45.0,3782.0,96.25,96.25,96.25,96.25,54.0
2018-12-12 00:00:00+00:00,44.0,3782.0,96.5,96.5,96.5,96.5,1.0
2018-12-13 00:00:00+00:00,43.0,3739.0,97.2,97.2,97.2,97.2,5.0
2018-12-14 00:00:00+00:00,42.0,3723.0,98.3,98.3,98.3,98.3,2.0
2018-12-17 00:00:00+00:00,39.0,3788.0,98.7,98.7,98.7,98.7,81.0
2018-12-18 00:00:00+00:00,38.0,3795.0,98.05,98.05,98.05,98.05,19.0
2018-12-19 00:00:00+00:00,37.0,3924.0,97.6,97.5,97.6,97.5,111.0
2018-12-20 00:00:00+00:00,36.0,3963.0,97.8,97.4,97.4,97.55,35.0
2018-12-21 00:00:00+00:00,35.0,3936.0,97.75,96.75,97.75,97.1,63.0
2018-12-24 00:00:00+00:00,32.0,0.0,97.05,97.05,97.05,97.05,0.0
2018-12-25 00:00:00+00:00,32.0,0.0,,,,97.05,
2018-12-26 00:00:00+00:00,30.0,3936.0,97.05,97.05,97.05,97.05,0.0
2018-12-27 00:00:00+00:00,29.0,3933.0,96.2,96.2,96.2,96.2,9.0
2018-12-28 00:00:00+00:00,28.0,3968.0,96.15,96.15,96.15,96.15,0.0
2018-12-31 00:00:00+00:00,25.0,2598.0,96.35,96.35,96.35,96.35,0.0
2019-01-01 00:00:00+00:00,25.0,2598.0,,,,96.35,
2019-01-02 00:00:00+00:00,51.0,2599.0,94.05,94.05,94.05,94.05,1.0
2019-01-03 00:00:00+00:00,50.0,2608.0,92.35,92.35,92.35,92.35,9.0
2019-01-04 00:00:00+00:00,49.0,2672.0,91.9,91.9,91.9,91.9,72.0
2019-01-07 00:00:00+00:00,46.0,2721.0,90.75,90.75,90.75,90.75,70.0
2019-01-08 00:00:00+00:00,45.0,2722.0,90.0,89.7,90.0,90.7,20.0
2019-01-09 00:00:00+00:00,44.0,2875.0,90.4,90.25,90.25,91.0,115.0
2019-01-10 00:00:00+00:00,43.0,2931.0,91.0,91.0,91.0,91.0,31.0
2019-01-11 00:00:00+00:00,42.0,2982.0,90.5,90.5,90.5,91.0,56.0
2019-01-14 00:00:00+00:00,39.0,3193.0,91.25,91.25,91.25,91.25,27.0
2019-01-15 00:00:00+00:00,38.0,3223.0,91.85,91.85,91.85,91.85,0.0
2019-01-16 00:00:00+00:00,37.0,3317.0,93.8,93.8,93.8,93.8,12.0
2019-01-17 00:00:00+00:00,36.0,3368.0,95.0,95.0,95.0,95.0,27.0
2019-01-18 00:00:00+00:00,35.0,3427.0,95.35,95.35,95.35,95.35,0.0
2019-01-21 00:00:00+00:00,32.0,3453.0,93.25,93.25,93.25,92.6,13.0
2019-01-22 00:00:00+00:00,31.0,3491.0,92.5,92.5,92.5,92.65,22.0
2019-01-23 00:00:00+00:00,30.0,3541.0,92.35,92.35,92.35,92.35,100.0
2019-01-24 00:00:00+00:00,29.0,3583.0,92.1,91.2,92.1,91.3,68.0
2019-01-25 00:00:00+00:00,28.0,2820.0,91.25,91.0,91.0,91.25,58.0
2019-01-28 00:00:00+00:00,25.0,2856.0,91.15,90.5,91.15,90.6,37.0
2019-01-29 00:00:00+00:00,24.0,2931.0,90.55,89.55,90.25,90.55,74.0
2019-01-30 00:00:00+00:00,23.0,2942.0,90.5,90.0,90.5,90.35,42.0
2019-01-31 00:00:00+00:00,22.0,3063.0,90.0,89.0,90.0,89.55,56.0
2019-02-01 00:00:00+00:00,56.0,3168.0,89.25,89.25,89.25,87.95,29.0
2019-02-04 00:00:00+00:00,53.0,3215.0,87.3,86.5,86.5,87.65,25.0
2019-02-05 00:00:00+00:00,52.0,3333.0,87.0,86.5,86.75,86.6,57.0
2019-02-06 00:00:00+00:00,51.0,3482.0,86.2,86.2,86.2,86.6,36.0
2019-02-07 00:00:00+00:00,50.0,3741.0,85.75,85.7,85.7,85.4,45.0
2019-02-08 00:00:00+00:00,49.0,3809.0,85.2,83.75,85.2,83.45,22.0
2019-02-11 00:00:00+00:00,46.0,3865.0,83.15,82.75,83.15,82.9,39.0
2019-02-12 00:00:00+00:00,45.0,3926.0,82.5,81.25,82.5,81.75,30.0
2019-02-13 00:00:00+00:00,44.0,3935.0,82.4,82.2,82.2,82.3,33.0
2019-02-14 00:00:00+00:00,43.0,3958.0,81.9,80.25,81.9,80.7,96.0
2019-02-15 00:00:00+00:00,42.0,4022.0,80.5,80.5,80.5,82.75,0.0
2019-02-18 00:00:00+00:00,39.0,4163.0,84.25,83.0,83.0,83.75,152.0
2019-02-19 00:00:00+00:00,38.0,4234.0,84.0,82.9,83.25,84.0,220.0
2019-02-20 00:00:00+00:00,37.0,4202.0,84.0,83.25,83.9,84.0,15.0
2019-02-21 00:00:00+00:00,36.0,4300.0,83.6,82.75,83.6,83.0,41.0
2019-02-22 00:00:00+00:00,35.0,3059.0,84.25,84.0,84.0,84.05,12.0
2019-02-25 00:00:00+00:00,32.0,3082.0,84.5,83.55,83.55,84.45,36.0
2019-02-26 00:00:00+00:00,31.0,3097.0,85.05,85.05,85.05,85.05,12.0
2019-02-27 00:00:00+00:00,30.0,3146.0,84.5,84.0,84.5,84.05,74.0
2019-02-28 00:00:00+00:00,29.0,3216.0,84.1,83.9,84.1,83.95,17.0
2019-03-01 00:00:00+00:00,56.0,3307.0,84.75,84.75,84.75,84.75,17.0
2019-03-04 00:00:00+00:00,53.0,3372.0,84.75,84.75,84.75,84.75,10.0
2019-03-05 00:00:00+00:00,52.0,3476.0,84.4,84.4,84.4,84.4,59.0
2019-03-06 00:00:00+00:00,51.0,3490.0,82.85,82.85,82.85,82.85,34.0
2019-03-07 00:00:00+00:00,50.0,3579.0,81.7,81.7,81.7,81.7,23.0
2019-03-08 00:00:00+00:00,49.0,3644.0,80.25,80.25,80.25,80.25,2.0
2019-03-11 00:00:00+00:00,46.0,3695.0,79.5,79.5,79.5,79.5,0.0
2019-03-12 00:00:00+00:00,45.0,3692.0,79.75,79.5,79.5,80.1,40.0
2019-03-13 00:00:00+00:00,44.0,3792.0,80.0,79.9,80.0,79.9,27.0
2019-03-14 00:00:00+00:00,43.0,3808.0,80.5,80.5,80.5,80.5,4.0
2019-03-15 00:00:00+00:00,42.0,3890.0,79.6,79.6,79.6,79.6,67.0
2019-03-18 00:00:00+00:00,39.0,3945.0,78.9,78.9,78.9,78.9,0.0
2019-03-19 00:00:00+00:00,38.0,4031.0,77.45,77.45,77.45,77.45,0.0
2019-03-20 00:00:00+00:00,37.0,4074.0,76.75,76.35,76.35,77.35,15.0
2019-03-21 00:00:00+00:00,36.0,4140.0,76.25,75.75,76.25,75.25,8.0
2019-03-22 00:00:00+00:00,35.0,4285.0,74.95,74.95,74.95,74.95,15.0
2019-03-25 00:00:00+00:00,32.0,4352.0,74.5,74.3,74.5,74.4,87.0
2019-03-26 00:00:00+00:00,31.0,4408.0,74.5,73.75,74.3,74.6,117.0
2019-03-27 00:00:00+00:00,30.0,4661.0,75.25,74.5,75.0,74.5,96.0
2019-03-28 00:00:00+00:00,29.0,4705.0,74.75,73.75,74.3,73.25,113.0
2019-03-29 00:00:00+00:00,28.0,3515.0,72.5,72.45,72.5,72.5,15.0
2019-04-01 00:00:00+00:00,60.0,3591.0,71.8,71.8,71.8,71.65,44.0
2019-04-02 00:00:00+00:00,59.0,3770.0,69.6,69.6,69.6,69.6,5.0
2019-04-03 00:00:00+00:00,58.0,3845.0,68.4,68.4,68.4,68.4,0.0
2019-04-04 00:00:00+00:00,57.0,4050.0,69.7,67.1,67.1,69.8,75.0
2019-04-05 00:00:00+00:00,56.0,4204.0,71.8,71.0,71.0,71.75,74.0
2019-04-08 00:00:00+00:00,53.0,4340.0,74.0,72.0,72.0,74.1,145.0
2019-04-09 00:00:00+00:00,52.0,4544.0,75.7,74.0,74.0,75.6,259.0
2019-04-10 00:00:00+00:00,51.0,4593.0,75.65,74.35,75.5,74.65,255.0
2019-04-11 00:00:00+00:00,50.0,4738.0,74.25,74.0,74.0,74.85,52.0
2019-04-12 00:00:00+00:00,49.0,4757.0,75.0,75.0,75.0,75.0,0.0
2019-04-15 00:00:00+00:00,46.0,4894.0,74.25,72.15,74.0,71.9,73.0
2019-04-16 00:00:00+00:00,45.0,4940.0,72.35,72.35,72.35,72.9,19.0
2019-04-17 00:00:00+00:00,44.0,5011.0,73.9,73.9,73.9,73.9,0.0
2019-04-18 00:00:00+00:00,43.0,5031.0,73.15,73.15,73.15,72.35,5.0
2019-04-19 00:00:00+00:00,43.0,5031.0,,,,72.35,
2019-04-22 00:00:00+00:00,39.0,5031.0,72.35,72.35,72.35,72.35,0.0
2019-04-23 00:00:00+00:00,38.0,5351.0,73.1,73.0,73.0,72.95,15.0
2019-04-24 00:00:00+00:00,37.0,5688.0,72.75,71.4,72.75,71.55,107.0
2019-04-25 00:00:00+00:00,36.0,5780.0,71.15,70.25,71.15,71.4,57.0
2019-04-26 00:00:00+00:00,35.0,4070.0,71.5,71.5,71.5,71.5,0.0
2019-04-29 00:00:00+00:00,32.0,4161.0,71.5,71.5,71.5,71.1,22.0
2019-04-30 00:00:00+00:00,31.0,4188.0,71.9,71.5,71.5,72.0,45.0
2019-05-01 00:00:00+00:00,58.0,4255.0,72.6,72.6,72.6,72.6,16.0
2019-05-02 00:00:00+00:00,57.0,4247.0,73.1,73.1,73.1,73.1,6.0
2019-05-03 00:00:00+00:00,56.0,4253.0,74.1,74.1,74.1,74.1,34.0
2019-05-06 00:00:00+00:00,53.0,4253.0,74.15,74.15,74.15,74.15,0.0
2019-05-07 00:00:00+00:00,52.0,4334.0,74.4,73.75,74.0,73.7,47.0
2019-05-08 00:00:00+00:00,51.0,4353.0,74.0,73.5,73.75,74.05,43.0
2019-05-09 00:00:00+00:00,50.0,4461.0,73.5,73.5,73.5,73.45,35.0
2019-05-10 00:00:00+00:00,49.0,4486.0,73.0,73.0,73.0,73.0,35.0
2019-05-13 00:00:00+00:00,46.0,4493.0,72.25,70.75,72.25,70.3,59.0
2019-05-14 00:00:00+00:00,45.0,4546.0,70.15,70.0,70.15,70.2,13.0
2019-05-15 00:00:00+00:00,44.0,4625.0,69.5,68.2,69.5,68.8,17.0
2019-05-16 00:00:00+00:00,43.0,4696.0,68.2,67.5,68.2,67.7,37.0
2019-05-17 00:00:00+00:00,42.0,4739.0,67.1,67.1,67.1,67.1,3.0
2019-05-20 00:00:00+00:00,39.0,4831.0,66.1,65.75,66.1,65.6,18.0
2019-05-21 00:00:00+00:00,38.0,4907.0,65.8,65.5,65.5,66.3,39.0
2019-05-22 00:00:00+00:00,37.0,4971.0,66.5,66.05,66.05,66.5,43.0
2019-05-23 00:00:00+00:00,36.0,5025.0,66.0,66.0,66.0,66.3,23.0
2019-05-24 00:00:00+00:00,35.0,5126.0,66.5,66.3,66.3,66.35,40.0
2019-05-27 00:00:00+00:00,32.0,5126.0,66.35,66.35,66.35,66.35,0.0
2019-05-28 00:00:00+00:00,31.0,5185.0,66.5,65.15,66.5,65.25,33.0
2019-05-29 00:00:00+00:00,30.0,5248.0,64.5,63.85,64.5,64.15,10.0
2019-05-30 00:00:00+00:00,29.0,5292.0,63.5,63.3,63.5,63.0,3.0
2019-05-31 00:00:00+00:00,28.0,5347.0,62.25,62.25,62.25,61.9,6.0
2019-06-03 00:00:00+00:00,53.0,4085.0,61.5,60.9,61.5,61.9,10.0
2019-06-04 00:00:00+00:00,52.0,4185.0,61.6,61.6,61.6,62.3,47.0
2019-06-05 00:00:00+00:00,51.0,4354.0,62.3,62.3,62.3,62.65,11.0
2019-06-06 00:00:00+00:00,50.0,4539.0,64.15,64.15,64.15,64.15,1.0
2019-06-07 00:00:00+00:00,49.0,4572.0,65.15,65.15,65.15,65.15,3.0
2019-06-10 00:00:00+00:00,46.0,4741.0,66.75,66.75,66.75,67.0,1.0
2019-06-11 00:00:00+00:00,45.0,4762.0,64.9,64.9,64.9,64.9,6.0
2019-06-12 00:00:00+00:00,44.0,4794.0,63.1,63.1,63.1,63.1,5.0
2019-06-13 00:00:00+00:00,43.0,4829.0,62.95,62.95,62.95,62.95,0.0
2019-06-14 00:00:00+00:00,42.0,4910.0,61.7,61.7,61.7,61.7,2.0
2019-06-17 00:00:00+00:00,39.0,4965.0,61.3,61.3,61.3,61.3,25.0
2019-06-18 00:00:00+00:00,38.0,5016.0,60.4,60.4,60.4,60.75,7.0
2019-06-19 00:00:00+00:00,37.0,5081.0,61.15,61.15,61.15,61.15,3.0
2019-06-20 00:00:00+00:00,36.0,5162.0,63.4,63.4,63.4,63.7,47.0
2019-06-21 00:00:00+00:00,35.0,5205.0,64.0,64.0,64.0,64.3,5.0
2019-06-24 00:00:00+00:00,32.0,5217.0,64.35,64.35,64.35,64.35,56.0
2019-06-25 00:00:00+00:00,31.0,5255.0,63.65,63.55,63.65,63.5,16.0
2019-06-26 00:00:00+00:00,30.0,5322.0,63.25,63.0,63.25,63.3,8.0
2019-06-27 00:00:00+00:00,29.0,5405.0,63.2,63.0,63.2,62.9,8.0
2019-06-28 00:00:00+00:00,28.0,5455.0,64.0,62.5,62.7,63.8,34.0
2019-07-01 00:00:00+00:00,60.0,4285.0,64.6,64.5,64.6,64.35,15.0
2019-07-02 00:00:00+00:00,59.0,4387.0,65.0,65.0,65.0,64.95,32.0
2019-07-03 00:00:00+00:00,58.0,4555.0,65.15,65.15,65.15,65.15,9.0
2019-07-04 00:00:00+00:00,57.0,4570.0,66.25,66.25,66.25,66.25,1.0
2019-07-05 00:00:00+00:00,56.0,4548.0,66.95,66.95,66.95,66.95,18.0
2019-07-08 00:00:00+00:00,53.0,4529.0,67.85,67.85,67.85,67.3,53.0
2019-07-09 00:00:00+00:00,52.0,4487.0,65.75,65.75,65.75,65.75,3.0
2019-07-10 00:00:00+00:00,51.0,4515.0,66.85,66.85,66.85,66.6,7.0
2019-07-11 00:00:00+00:00,50.0,4444.0,67.5,67.0,67.5,66.85,67.0
2019-07-12 00:00:00+00:00,49.0,4472.0,66.35,66.35,66.35,66.35,36.0
2019-07-15 00:00:00+00:00,46.0,4475.0,66.25,66.25,66.25,65.4,25.0
2019-07-16 00:00:00+00:00,45.0,4485.0,64.0,64.0,64.0,64.6,20.0
2019-07-17 00:00:00+00:00,44.0,4519.0,64.75,64.0,64.0,65.25,9.0
2019-07-18 00:00:00+00:00,43.0,4529.0,65.95,65.95,65.95,65.5,19.0
2019-07-19 00:00:00+00:00,42.0,4624.0,66.6,66.6,66.6,66.6,114.0
2019-07-22 00:00:00+00:00,39.0,4634.0,66.75,66.6,66.6,66.25,77.0
2019-07-23 00:00:00+00:00,38.0,4634.0,66.6,66.6,66.6,66.95,11.0
2019-07-24 00:00:00+00:00,37.0,4595.0,66.1,66.1,66.1,66.1,15.0
2019-07-25 00:00:00+00:00,36.0,4591.0,65.9,65.9,65.9,65.9,6.0
2019-07-26 00:00:00+00:00,35.0,3505.0,65.4,65.4,65.4,65.4,36.0
2019-07-29 00:00:00+00:00,32.0,3601.0,65.15,65.0,65.0,64.7,26.0
2019-07-30 00:00:00+00:00,31.0,3634.0,64.5,64.5,64.5,64.5,16.0
2019-07-31 00:00:00+00:00,30.0,3689.0,65.0,63.9,65.0,63.55,15.0
2019-08-01 00:00:00+00:00,57.0,3711.0,64.1,64.1,64.1,64.1,9.0
2019-08-02 00:00:00+00:00,56.0,3736.0,63.7,63.7,63.7,63.7,0.0
2019-08-05 00:00:00+00:00,53.0,3738.0,62.25,62.25,62.25,62.25,9.0
2019-08-06 00:00:00+00:00,52.0,3824.0,60.5,60.5,60.5,60.55,56.0
2019-08-07 00:00:00+00:00,51.0,3883.0,60.35,60.35,60.35,60.35,63.0
2019-08-08 00:00:00+00:00,50.0,3912.0,60.4,60.4,60.4,60.4,13.0
2019-08-09 00:00:00+00:00,49.0,3972.0,60.7,60.7,60.7,60.95,16.0
2019-08-12 00:00:00+00:00,46.0,3997.0,61.2,61.2,61.2,61.2,0.0
2019-08-13 00:00:00+00:00,45.0,4080.0,61.7,61.3,61.3,61.8,14.0
2019-08-14 00:00:00+00:00,44.0,4147.0,61.4,61.4,61.4,61.4,14.0
2019-08-15 00:00:00+00:00,43.0,4176.0,61.0,60.25,61.0,60.0,6.0
2019-08-16 00:00:00+00:00,42.0,4181.0,59.05,59.05,59.05,59.05,0.0
2019-08-19 00:00:00+00:00,39.0,4252.0,59.4,59.4,59.4,59.4,2.0
2019-08-20 00:00:00+00:00,38.0,4297.0,59.7,59.7,59.7,59.7,2.0
2019-08-21 00:00:00+00:00,37.0,4430.0,59.65,59.65,59.65,59.65,0.0
2019-08-22 00:00:00+00:00,36.0,4430.0,59.25,59.25,59.25,59.25,0.0
2019-08-23 00:00:00+00:00,35.0,4481.0,58.55,58.55,58.55,58.55,0.0
2019-08-26 00:00:00+00:00,32.0,4481.0,58.55,58.55,58.55,58.55,0.0
2019-08-27 00:00:00+00:00,31.0,4531.0,57.95,57.95,57.95,57.95,2.0
2019-08-28 00:00:00+00:00,30.0,4556.0,57.85,57.85,57.85,57.05,7.0
2019-08-29 00:00:00+00:00,29.0,4699.0,57.25,57.25,57.25,58.85,19.0
2019-08-30 00:00:00+00:00,28.0,3809.0,59.0,58.85,58.85,59.0,29.0
2019-09-02 00:00:00+00:00,53.0,3844.0,59.95,59.95,59.95,59.95,28.0
2019-09-03 00:00:00+00:00,52.0,3844.0,61.3,61.3,61.3,61.3,12.0
2019-09-04 00:00:00+00:00,51.0,3866.0,61.25,61.25,61.25,61.25,26.0
2019-09-05 00:00:00+00:00,50.0,3868.0,61.15,61.15,61.15,61.15,11.0
2019-09-06 00:00:00+00:00,49.0,3914.0,60.6,60.6,60.6,60.6,9.0
2019-09-09 00:00:00+00:00,46.0,3961.0,59.85,59.85,59.85,59.85,21.0
2019-09-10 00:00:00+00:00,45.0,4084.0,61.7,61.7,61.7,61.7,74.0
2019-09-11 00:00:00+00:00,44.0,4049.0,61.7,61.6,61.6,61.5,29.0
2019-09-12 00:00:00+00:00,43.0,4071.0,61.9,61.9,61.9,61.9,4.0
2019-09-13 00:00:00+00:00,42.0,4083.0,62.2,62.2,62.2,62.2,0.0
2019-09-16 00:00:00+00:00,39.0,4104.0,63.3,63.3,63.3,63.45,74.0
2019-09-17 00:00:00+00:00,38.0,4089.0,63.5,63.5,63.5,63.1,21.0
2019-09-18 00:00:00+00:00,37.0,4133.0,62.0,62.0,62.0,62.0,52.0
2019-09-19 00:00:00+00:00,36.0,4183.0,63.0,63.0,63.0,61.6,151.0
2019-09-20 00:00:00+00:00,35.0,4235.0,62.5,62.5,62.5,62.5,7.0
2019-09-23 00:00:00+00:00,32.0,4235.0,61.5,61.5,61.5,61.5,17.0
2019-09-24 00:00:00+00:00,31.0,4225.0,60.6,60.6,60.6,60.6,19.0
2019-09-25 00:00:00+00:00,30.0,4238.0,60.25,60.25,60.25,60.25,14.0
2019-09-26 00:00:00+00:00,29.0,4258.0,62.0,62.0,62.0,62.1,33.0
2019-09-27 00:00:00+00:00,28.0,3037.0,62.7,62.25,62.25,62.65,28.0
2019-09-30 00:00:00+00:00,25.0,3145.0,64.0,63.25,63.25,64.05,43.0
2019-10-01 00:00:00+00:00,59.0,3210.0,62.55,62.35,62.55,63.25,29.0
2019-10-02 00:00:00+00:00,58.0,3265.0,63.1,62.0,62.5,62.55,40.0
2019-10-03 00:00:00+00:00,57.0,3301.0,62.5,61.5,61.5,62.75,38.0
2019-10-04 00:00:00+00:00,56.0,3325.0,63.8,62.85,63.0,64.65,18.0
2019-10-07 00:00:00+00:00,53.0,3346.0,67.0,65.75,65.75,66.9,75.0
2019-10-08 00:00:00+00:00,52.0,3375.0,68.25,67.65,68.25,68.05,40.0
2019-10-09 00:00:00+00:00,51.0,3381.0,68.15,67.0,67.75,66.95,42.0
2019-10-10 00:00:00+00:00,50.0,3398.0,67.85,66.75,67.85,66.65,30.0
2019-10-11 00:00:00+00:00,49.0,3423.0,66.85,66.8,66.85,66.9,12.0
2019-10-14 00:00:00+00:00,46.0,3429.0,67.75,67.6,67.75,67.5,46.0
2019-10-15 00:00:00+00:00,45.0,3421.0,67.5,67.3,67.5,67.2,27.0
2019-10-16 00:00:00+00:00,44.0,3508.0,67.2,67.0,67.2,67.3,71.0
2019-10-17 00:00:00+00:00,43.0,3605.0,67.5,67.5,67.5,67.45,56.0
2019-10-18 00:00:00+00:00,42.0,3624.0,70.0,67.5,67.5,69.5,111.0
2019-10-21 00:00:00+00:00,39.0,3625.0,71.25,70.7,71.25,70.6,12.0
2019-10-22 00:00:00+00:00,38.0,3582.0,70.1,70.0,70.0,70.9,15.0
2019-10-23 00:00:00+00:00,37.0,3592.0,69.75,69.75,69.75,69.7,8.0
2019-10-24 00:00:00+00:00,36.0,3597.0,68.6,68.6,68.6,68.6,0.0
2019-10-25 00:00:00+00:00,35.0,2702.0,68.6,66.9,68.6,67.6,23.0
2019-10-28 00:00:00+00:00,32.0,2722.0,66.7,66.7,66.7,66.7,0.0
2019-10-29 00:00:00+00:00,31.0,2843.0,66.6,66.6,66.6,66.6,0.0
2019-10-30 00:00:00+00:00,30.0,2868.0,67.0,66.2,67.0,66.0,38.0
2019-10-31 00:00:00+00:00,29.0,2848.0,67.5,65.95,65.95,66.85,68.0
2019-11-01 00:00:00+00:00,56.0,2875.0,67.6,67.25,67.25,67.65,33.0
2019-11-04 00:00:00+00:00,53.0,2930.0,67.5,67.5,67.5,68.05,42.0
2019-11-05 00:00:00+00:00,52.0,2979.0,68.75,68.0,68.0,68.9,65.0
2019-11-06 00:00:00+00:00,51.0,2949.0,69.0,69.0,69.0,69.0,61.0
2019-11-07 00:00:00+00:00,50.0,2985.0,69.4,69.4,69.4,69.2,13.0
2019-11-08 00:00:00+00:00,49.0,3010.0,68.85,68.85,68.85,68.85,0.0
2019-11-11 00:00:00+00:00,46.0,3084.0,69.25,68.8,69.0,69.05,70.0
2019-11-12 00:00:00+00:00,45.0,3143.0,69.5,69.0,69.0,69.65,27.0
2019-11-13 00:00:00+00:00,44.0,3133.0,70.0,70.0,70.0,70.0,8.0
2019-11-14 00:00:00+00:00,43.0,3226.0,70.4,70.4,70.4,70.4,101.0
2019-11-15 00:00:00+00:00,42.0,3190.0,70.75,70.75,70.75,71.5,20.0
2019-11-18 00:00:00+00:00,39.0,3211.0,73.3,72.75,72.75,73.4,55.0
2019-11-19 00:00:00+00:00,38.0,3315.0,75.25,73.5,74.0,75.1,104.0
2019-11-20 00:00:00+00:00,37.0,3327.0,76.0,76.0,76.0,76.2,14.0
2019-11-21 00:00:00+00:00,36.0,3331.0,76.85,76.85,76.85,76.85,21.0
2019-11-22 00:00:00+00:00,35.0,3360.0,76.2,76.2,76.2,76.2,16.0
2019-11-25 00:00:00+00:00,32.0,3412.0,76.75,76.5,76.5,76.45,42.0
2019-11-26 00:00:00+00:00,31.0,3552.0,76.85,76.8,76.8,76.85,114.0
2019-11-27 00:00:00+00:00,30.0,3609.0,77.9,76.7,77.25,77.85,61.0
2019-11-28 00:00:00+00:00,29.0,3745.0,78.75,78.3,78.75,78.0,64.0
2019-11-29 00:00:00+00:00,28.0,2752.0,81.4,78.5,78.5,80.1,20.0
2019-12-02 00:00:00+00:00,60.0,2785.0,78.1,76.5,76.5,77.9,49.0
2019-12-03 00:00:00+00:00,59.0,2789.0,78.5,77.9,78.5,77.3,17.0
2019-12-04 00:00:00+00:00,58.0,2857.0,76.9,74.5,76.9,75.1,119.0
2019-12-05 00:00:00+00:00,57.0,2853.0,76.25,76.0,76.0,75.95,5.0
2019-12-06 00:00:00+00:00,56.0,2852.0,75.85,75.3,75.3,75.6,29.0
2019-12-09 00:00:00+00:00,53.0,2932.0,76.25,76.25,76.25,76.15,13.0
2019-12-10 00:00:00+00:00,52.0,2998.0,76.1,76.0,76.1,76.1,59.0
2019-12-11 00:00:00+00:00,51.0,3013.0,74.85,74.5,74.5,75.05,11.0
2019-12-12 00:00:00+00:00,50.0,3025.0,75.3,75.3,75.3,75.3,4.0
2019-12-13 00:00:00+00:00,77.0,3049.0,74.4,74.4,74.4,74.4,0.0
2019-12-16 00:00:00+00:00,46.0,3066.0,73.85,73.85,73.85,73.85,0.0
2019-12-17 00:00:00+00:00,45.0,3158.0,75.0,74.3,75.0,74.05,51.0
2019-12-18 00:00:00+00:00,44.0,3179.0,74.4,73.6,74.4,73.25,21.0
2019-12-19 00:00:00+00:00,43.0,3262.0,74.5,74.2,74.2,73.8,44.0
2019-12-20 00:00:00+00:00,42.0,3277.0,74.6,74.6,74.6,74.6,0.0
2019-12-23 00:00:00+00:00,39.0,3291.0,77.25,76.45,76.45,76.2,14.0
2019-12-24 00:00:00+00:00,38.0,3308.0,77.25,77.25,77.25,77.15,10.0
2019-12-25 00:00:00+00:00,38.0,3308.0,,,,77.15,
2019-12-26 00:00:00+00:00,36.0,3308.0,77.15,77.15,77.15,77.15,0.0
2019-12-27 00:00:00+00:00,35.0,2474.0,77.35,77.35,77.35,77.95,2.0
2019-12-30 00:00:00+00:00,32.0,2413.0,78.7,78.7,78.7,78.7,15.0
2019-12-31 00:00:00+00:00,31.0,2489.0,79.7,79.7,79.7,79.7,0.0
2020-01-01 00:00:00+00:00,31.0,2489.0,,,,79.7,
2020-01-02 00:00:00+00:00,57.0,2454.0,75.3,75.3,75.3,75.3,1.0
2020-01-03 00:00:00+00:00,56.0,2467.0,75.9,75.9,75.9,75.9,2.0
2020-01-06 00:00:00+00:00,53.0,2463.0,78.5,77.0,77.0,78.45,33.0
2020-01-07 00:00:00+00:00,52.0,2474.0,84.0,78.5,78.5,83.7,91.0
2020-01-08 00:00:00+00:00,51.0,2594.0,84.0,82.75,83.25,83.35,128.0
2020-01-09 00:00:00+00:00,50.0,2667.0,85.5,84.25,84.25,86.2,58.0
2020-01-10 00:00:00+00:00,49.0,2852.0,91.95,91.0,91.95,91.1,208.0
2020-01-13 00:00:00+00:00,46.0,2925.0,93.05,89.6,91.6,89.7,49.0
2020-01-14 00:00:00+00:00,45.0,2978.0,89.0,84.0,89.0,84.0,163.0
2020-01-15 00:00:00+00:00,44.0,3142.0,84.25,81.0,84.25,81.2,186.0
2020-01-16 00:00:00+00:00,43.0,3153.0,83.0,78.0,81.0,78.3,79.0
2020-01-17 00:00:00+00:00,42.0,3175.0,78.0,74.0,74.0,77.2,154.0
2020-01-20 00:00:00+00:00,39.0,3207.0,78.5,78.0,78.0,77.85,10.0
2020-01-21 00:00:00+00:00,38.0,3224.0,78.65,78.65,78.65,78.65,1.0
2020-01-22 00:00:00+00:00,37.0,3232.0,80.0,80.0,80.0,79.2,30.0
2020-01-23 00:00:00+00:00,36.0,3294.0,79.85,79.85,79.85,79.85,14.0
2020-01-24 00:00:00+00:00,35.0,3329.0,79.95,79.95,79.95,79.95,14.0
2020-01-27 00:00:00+00:00,32.0,3393.0,81.0,80.55,80.55,80.55,15.0
2020-01-28 00:00:00+00:00,31.0,3399.0,83.0,82.0,82.0,83.35,12.0
2020-01-29 00:00:00+00:00,30.0,3458.0,84.9,84.9,84.9,84.9,21.0
2020-01-30 00:00:00+00:00,29.0,3458.0,82.5,82.0,82.5,82.0,3.0
2020-01-31 00:00:00+00:00,28.0,2760.0,84.0,82.0,82.0,83.75,6.0
2020-02-03 00:00:00+00:00,53.0,2832.0,78.9,76.5,78.9,76.85,66.0
2020-02-04 00:00:00+00:00,52.0,2849.0,80.1,78.5,78.5,80.0,70.0
2020-02-05 00:00:00+00:00,51.0,2906.0,82.0,80.1,80.1,81.9,62.0
2020-02-06 00:00:00+00:00,50.0,2981.0,81.5,81.5,81.5,81.65,14.0
2020-02-07 00:00:00+00:00,49.0,3043.0,81.2,79.95,81.2,79.95,36.0
2020-02-10 00:00:00+00:00,46.0,3017.0,79.25,79.25,79.25,80.1,36.0
2020-02-11 00:00:00+00:00,45.0,3042.0,81.25,81.25,81.25,81.5,17.0
2020-02-12 00:00:00+00:00,44.0,3140.0,81.0,81.0,81.0,81.05,7.0
2020-02-13 00:00:00+00:00,43.0,3210.0,81.5,80.75,81.0,81.3,17.0
2020-02-14 00:00:00+00:00,42.0,3250.0,81.75,80.5,80.5,81.55,2.0
2020-02-17 00:00:00+00:00,39.0,3277.0,82.5,80.5,80.5,81.95,20.0
2020-02-18 00:00:00+00:00,38.0,3356.0,81.0,80.0,81.0,80.75,18.0
2020-02-19 00:00:00+00:00,37.0,3458.0,80.25,79.0,80.0,79.85,38.0
2020-02-20 00:00:00+00:00,36.0,3454.0,78.0,77.8,78.0,78.0,31.0
2020-02-21 00:00:00+00:00,35.0,3480.0,78.0,77.25,78.0,78.0,10.0
2020-02-24 00:00:00+00:00,32.0,3544.0,77.5,75.0,77.5,76.0,42.0
2020-02-25 00:00:00+00:00,31.0,3641.0,77.5,76.0,77.5,76.5,40.0
2020-02-26 00:00:00+00:00,30.0,3936.0,75.7,75.0,75.0,75.8,43.0
2020-02-27 00:00:00+00:00,29.0,3957.0,77.5,75.5,75.5,76.65,49.0
2020-02-28 00:00:00+00:00,28.0,4077.0,76.5,74.9,76.5,75.1,33.0
2020-03-02 00:00:00+00:00,53.0,3162.0,74.0,73.1,74.0,73.2,13.0
2020-03-03 00:00:00+00:00,52.0,3198.0,72.5,72.5,72.5,72.5,6.0
2020-03-04 00:00:00+00:00,51.0,3280.0,70.5,70.5,70.5,70.3,36.0
2020-03-05 00:00:00+00:00,50.0,3372.0,67.85,67.85,67.85,67.85,88.0
2020-03-06 00:00:00+00:00,49.0,3456.0,64.0,61.0,64.0,63.75,62.0
2020-03-09 00:00:00+00:00,46.0,3456.0,63.75,62.0,63.75,62.3,86.0
2020-03-10 00:00:00+00:00,45.0,3405.0,62.5,62.5,62.5,63.4,45.0
2020-03-11 00:00:00+00:00,44.0,3482.0,66.15,64.0,64.0,66.1,160.0
2020-03-12 00:00:00+00:00,43.0,3553.0,65.6,65.0,65.0,65.0,27.0
2020-03-13 00:00:00+00:00,42.0,3702.0,66.0,65.0,65.4,65.85,89.0
2020-03-16 00:00:00+00:00,39.0,3727.0,65.0,65.0,65.0,65.75,6.0
2020-03-17 00:00:00+00:00,38.0,3771.0,65.5,65.5,65.5,65.45,40.0
2020-03-18 00:00:00+00:00,37.0,3821.0,65.25,65.15,65.25,65.15,12.0
2020-03-19 00:00:00+00:00,36.0,3837.0,63.75,63.5,63.75,62.55,15.0
2020-03-20 00:00:00+00:00,35.0,3882.0,62.85,62.75,62.75,63.05,14.0
2020-03-23 00:00:00+00:00,32.0,3918.0,61.0,61.0,61.0,60.95,33.0
2020-03-24 00:00:00+00:00,31.0,3961.0,64.0,64.0,64.0,65.25,49.0
2020-03-25 00:00:00+00:00,30.0,3968.0,70.0,67.0,67.0,69.2,14.0
2020-03-26 00:00:00+00:00,29.0,4006.0,68.0,68.0,68.0,74.3,34.0
2020-03-27 00:00:00+00:00,63.0,2640.0,79.0,73.5,73.5,79.3,36.0
2020-03-30 00:00:00+00:00,25.0,2619.0,72.0,71.75,72.0,72.3,22.0
2020-03-31 00:00:00+00:00,24.0,2602.0,74.0,74.0,74.0,74.0,10.0
2020-04-01 00:00:00+00:00,58.0,2608.0,74.5,73.0,74.5,71.8,17.0
2020-04-02 00:00:00+00:00,57.0,2616.0,69.0,65.0,69.0,64.6,53.0
2020-04-03 00:00:00+00:00,56.0,2597.0,64.0,62.75,64.0,62.7,64.0
2020-04-06 00:00:00+00:00,53.0,2636.0,62.0,62.0,62.0,62.5,8.0
2020-04-07 00:00:00+00:00,52.0,2777.0,62.45,62.45,62.45,62.45,27.0
2020-04-08 00:00:00+00:00,51.0,2904.0,58.95,58.95,58.95,58.95,54.0
2020-04-09 00:00:00+00:00,50.0,2973.0,58.55,58.55,58.55,58.4,5.0
2020-04-10 00:00:00+00:00,50.0,2973.0,,,,58.4,
2020-04-13 00:00:00+00:00,46.0,2973.0,58.4,58.4,58.4,58.4,0.0
2020-04-14 00:00:00+00:00,45.0,3048.0,55.5,55.0,55.5,56.0,6.0
2020-04-15 00:00:00+00:00,44.0,3199.0,56.6,56.6,56.6,56.6,6.0
2020-04-16 00:00:00+00:00,43.0,3261.0,57.7,57.7,57.7,57.7,6.0
2020-04-17 00:00:00+00:00,42.0,3369.0,57.0,56.8,57.0,56.7,133.0
2020-04-20 00:00:00+00:00,39.0,3361.0,54.5,54.0,54.5,52.2,10.0
2020-04-21 00:00:00+00:00,38.0,3498.0,50.5,48.75,50.05,48.95,218.0
2020-04-22 00:00:00+00:00,37.0,3522.0,48.3,48.25,48.25,48.6,75.0
2020-04-23 00:00:00+00:00,36.0,3547.0,50.4,48.4,48.4,50.3,78.0
2020-04-24 00:00:00+00:00,35.0,2895.0,51.0,50.25,50.75,50.4,33.0
2020-04-27 00:00:00+00:00,32.0,2920.0,48.85,48.85,48.85,48.85,0.0
2020-04-28 00:00:00+00:00,31.0,2999.0,50.0,49.5,49.75,49.4,94.0
2020-04-29 00:00:00+00:00,30.0,3205.0,50.5,50.0,50.0,50.6,289.0
2020-04-30 00:00:00+00:00,29.0,3312.0,53.0,51.5,51.5,53.35,208.0
2020-05-01 00:00:00+00:00,56.0,3337.0,55.75,55.25,55.75,54.95,7.0
2020-05-04 00:00:00+00:00,53.0,3427.0,54.0,54.0,54.0,54.05,10.0
2020-05-05 00:00:00+00:00,52.0,3601.0,54.5,54.0,54.0,55.15,15.0
2020-05-06 00:00:00+00:00,51.0,3697.0,57.0,55.5,56.5,55.35,79.0
2020-05-07 00:00:00+00:00,50.0,3749.0,55.5,55.5,55.5,56.05,11.0
2020-05-08 00:00:00+00:00,49.0,3749.0,56.0,56.0,56.0,56.0,0.0
2020-05-11 00:00:00+00:00,46.0,3759.0,56.75,56.75,56.75,56.75,0.0
2020-05-12 00:00:00+00:00,45.0,3840.0,56.85,56.75,56.75,56.7,26.0
2020-05-13 00:00:00+00:00,44.0,4241.0,57.0,56.4,56.4,56.95,71.0
2020-05-14 00:00:00+00:00,43.0,4286.0,57.3,57.3,57.3,57.3,14.0
2020-05-15 00:00:00+00:00,42.0,4348.0,59.2,57.4,58.5,57.1,197.0
2020-05-18 00:00:00+00:00,39.0,4378.0,57.9,57.25,57.5,56.85,35.0
2020-05-19 00:00:00+00:00,38.0,4398.0,57.2,56.6,57.2,56.8,16.0
2020-05-20 00:00:00+00:00,37.0,4510.0,59.0,57.5,58.25,58.8,109.0
2020-05-21 00:00:00+00:00,36.0,4499.0,58.65,57.5,58.65,57.45,36.0
2020-05-22 00:00:00+00:00,35.0,4551.0,57.0,56.0,57.0,57.85,12.0
2020-05-25 00:00:00+00:00,32.0,4551.0,57.95,57.95,57.95,57.95,0.0
2020-05-26 00:00:00+00:00,31.0,4592.0,59.25,58.3,58.3,58.75,79.0
2020-05-27 00:00:00+00:00,30.0,4596.0,58.75,58.25,58.75,58.3,3.0
2020-05-28 00:00:00+00:00,29.0,4677.0,58.5,58.15,58.5,58.4,3.0
2020-05-29 00:00:00+00:00,28.0,3229.0,59.25,58.7,58.7,58.9,226.0
2020-06-01 00:00:00+00:00,60.0,3260.0,60.55,60.0,60.4,60.7,33.0
2020-06-02 00:00:00+00:00,59.0,3362.0,61.9,61.35,61.9,61.2,204.0
2020-06-03 00:00:00+00:00,58.0,3448.0,61.75,61.5,61.5,61.5,45.0
2020-06-04 00:00:00+00:00,57.0,3451.0,60.75,60.7,60.75,60.7,51.0
2020-06-05 00:00:00+00:00,56.0,3499.0,61.35,61.0,61.15,61.15,72.0
2020-06-08 00:00:00+00:00,53.0,3498.0,60.75,60.0,60.75,60.1,49.0
2020-06-09 00:00:00+00:00,52.0,3481.0,59.75,57.9,59.75,57.85,47.0
2020-06-10 00:00:00+00:00,51.0,3509.0,57.75,55.5,57.75,56.4,103.0
2020-06-11 00:00:00+00:00,50.0,4218.0,56.5,56.0,56.0,56.25,1222.0
2020-06-12 00:00:00+00:00,49.0,4247.0,57.5,57.25,57.5,57.5,30.0
2020-06-15 00:00:00+00:00,46.0,4247.0,58.0,57.45,57.45,57.55,32.0
2020-06-16 00:00:00+00:00,45.0,4286.0,57.75,56.65,57.75,56.75,292.0
2020-06-17 00:00:00+00:00,44.0,4378.0,56.25,55.5,56.25,55.7,44.0
2020-06-18 00:00:00+00:00,43.0,4448.0,56.1,56.0,56.0,56.35,289.0
2020-06-19 00:00:00+00:00,42.0,4575.0,57.0,56.4,56.5,56.65,135.0
2020-06-22 00:00:00+00:00,39.0,4576.0,56.4,56.35,56.4,56.6,10.0
2020-06-23 00:00:00+00:00,38.0,4668.0,56.4,56.0,56.3,56.35,97.0
2020-06-24 00:00:00+00:00,37.0,4713.0,56.05,56.05,56.05,56.05,40.0
2020-06-25 00:00:00+00:00,36.0,4935.0,55.65,54.25,55.5,54.95,485.0
2020-06-26 00:00:00+00:00,35.0,3625.0,56.1,56.1,56.1,56.1,25.0
2020-06-29 00:00:00+00:00,32.0,3640.0,55.5,55.5,55.5,55.2,1.0
2020-06-30 00:00:00+00:00,31.0,3692.0,54.75,54.5,54.75,54.7,8.0
2020-07-01 00:00:00+00:00,58.0,3736.0,54.9,54.7,54.9,55.25,27.0
2020-07-02 00:00:00+00:00,57.0,3774.0,56.25,56.25,56.25,56.4,23.0
2020-07-03 00:00:00+00:00,56.0,3889.0,56.8,56.75,56.8,56.75,19.0
2020-07-06 00:00:00+00:00,53.0,3901.0,57.75,57.0,57.0,57.75,27.0
2020-07-07 00:00:00+00:00,52.0,3999.0,57.6,57.6,57.6,57.6,30.0
2020-07-08 00:00:00+00:00,51.0,4062.0,57.3,57.3,57.3,57.3,32.0
2020-07-09 00:00:00+00:00,50.0,4130.0,56.75,56.5,56.75,56.35,36.0
2020-07-10 00:00:00+00:00,49.0,4110.0,57.05,57.05,57.05,57.05,26.0
2020-07-13 00:00:00+00:00,46.0,4120.0,57.0,57.0,57.0,57.0,0.0
2020-07-14 00:00:00+00:00,45.0,4159.0,57.4,57.25,57.25,57.6,77.0
2020-07-15 00:00:00+00:00,44.0,4139.0,57.5,57.5,57.5,57.5,5.0
2020-07-16 00:00:00+00:00,43.0,4113.0,56.9,56.9,56.9,56.9,25.0
2020-07-17 00:00:00+00:00,42.0,4116.0,56.9,56.9,56.9,56.9,21.0
2020-07-20 00:00:00+00:00,39.0,4063.0,56.9,56.8,56.9,56.7,17.0
2020-07-21 00:00:00+00:00,38.0,4110.0,56.7,56.4,56.7,56.7,146.0
2020-07-22 00:00:00+00:00,37.0,4080.0,56.5,56.5,56.5,56.5,41.0
2020-07-23 00:00:00+00:00,36.0,4107.0,56.25,56.25,56.25,56.3,28.0
2020-07-24 00:00:00+00:00,35.0,4132.0,56.15,56.15,56.15,56.15,1.0
2020-07-27 00:00:00+00:00,32.0,4170.0,56.0,55.1,56.0,55.1,67.0
2020-07-28 00:00:00+00:00,31.0,4295.0,55.15,54.8,54.8,55.4,7.0
2020-07-29 00:00:00+00:00,30.0,4305.0,56.3,55.6,55.6,56.0,43.0
2020-07-30 00:00:00+00:00,29.0,4485.0,56.35,55.8,55.8,56.5,46.0
2020-07-31 00:00:00+00:00,28.0,3501.0,57.1,56.7,56.7,57.15,32.0
2020-08-03 00:00:00+00:00,53.0,3605.0,57.6,57.6,57.6,57.7,62.0
2020-08-04 00:00:00+00:00,52.0,3682.0,57.7,57.7,57.7,57.7,42.0
2020-08-05 00:00:00+00:00,51.0,3761.0,57.5,57.5,57.5,57.45,46.0
2020-08-06 00:00:00+00:00,50.0,3917.0,56.75,56.75,56.75,56.5,1.0
2020-08-07 00:00:00+00:00,49.0,3922.0,56.5,56.5,56.5,56.5,0.0
2020-08-10 00:00:00+00:00,46.0,3942.0,56.55,56.55,56.55,56.55,0.0
2020-08-11 00:00:00+00:00,45.0,4030.0,56.4,56.4,56.4,56.4,0.0
2020-08-12 00:00:00+00:00,44.0,4094.0,56.0,56.0,56.0,56.05,25.0
2020-08-13 00:00:00+00:00,43.0,4115.0,56.35,56.35,56.35,56.35,57.0
2020-08-14 00:00:00+00:00,42.0,4174.0,57.3,57.15,57.15,57.55,98.0
2020-08-17 00:00:00+00:00,39.0,4195.0,58.5,58.25,58.25,58.1,48.0
2020-08-18 00:00:00+00:00,38.0,4315.0,58.7,58.7,58.7,58.6,56.0
2020-08-19 00:00:00+00:00,37.0,4306.0,58.2,58.2,58.2,58.2,10.0
2020-08-20 00:00:00+00:00,36.0,4210.0,57.65,57.4,57.4,57.7,138.0
2020-08-21 00:00:00+00:00,35.0,4204.0,57.5,57.4,57.5,57.5,26.0
2020-08-24 00:00:00+00:00,32.0,4184.0,57.5,57.5,57.5,57.6,31.0
2020-08-25 00:00:00+00:00,31.0,4190.0,58.0,56.9,58.0,57.25,24.0
2020-08-26 00:00:00+00:00,30.0,4214.0,57.1,57.1,57.1,57.1,22.0
2020-08-27 00:00:00+00:00,29.0,4231.0,57.75,57.5,57.5,57.5,69.0
2020-08-28 00:00:00+00:00,28.0,4259.0,57.8,57.75,57.75,57.9,28.0
2020-08-31 00:00:00+00:00,25.0,3112.0,59.15,59.15,59.15,59.15,4.0
2020-09-01 00:00:00+00:00,59.0,3157.0,59.35,59.35,59.35,59.35,45.0
2020-09-02 00:00:00+00:00,58.0,3183.0,59.75,58.5,59.75,58.55,36.0
2020-09-03 00:00:00+00:00,57.0,3236.0,58.0,58.0,58.0,58.2,69.0
2020-09-04 00:00:00+00:00,56.0,3298.0,57.5,57.5,57.5,57.55,13.0
2020-09-07 00:00:00+00:00,53.0,3371.0,57.0,56.75,57.0,56.8,137.0
2020-09-08 00:00:00+00:00,52.0,3473.0,56.75,56.15,56.75,56.5,55.0
2020-09-09 00:00:00+00:00,51.0,3473.0,56.75,56.75,56.75,56.75,63.0
2020-09-10 00:00:00+00:00,50.0,3519.0,57.8,57.0,57.0,57.75,60.0
2020-09-11 00:00:00+00:00,49.0,3567.0,57.9,57.9,57.9,57.9,50.0
2020-09-14 00:00:00+00:00,46.0,3609.0,58.0,58.0,58.0,58.0,49.0
2020-09-15 00:00:00+00:00,45.0,3679.0,58.0,58.0,58.0,57.95,102.0
2020-09-16 00:00:00+00:00,44.0,3689.0,58.1,58.1,58.1,58.1,2.0
2020-09-17 00:00:00+00:00,43.0,3708.0,58.5,58.5,58.5,58.6,138.0
2020-09-18 00:00:00+00:00,42.0,3738.0,58.75,58.75,58.75,58.75,0.0
2020-09-21 00:00:00+00:00,39.0,3758.0,59.35,59.35,59.35,59.35,15.0
2020-09-22 00:00:00+00:00,38.0,3860.0,60.5,60.0,60.0,60.65,126.0
2020-09-23 00:00:00+00:00,37.0,3882.0,61.6,60.75,60.75,61.55,143.0
2020-09-24 00:00:00+00:00,36.0,3866.0,63.0,62.0,62.0,63.1,87.0
2020-09-25 00:00:00+00:00,35.0,2696.0,63.25,63.25,63.25,63.4,60.0
2020-09-28 00:00:00+00:00,32.0,2678.0,63.3,63.3,63.3,63.15,103.0
2020-09-29 00:00:00+00:00,31.0,2645.0,63.5,62.9,63.5,63.0,51.0
2020-09-30 00:00:00+00:00,30.0,2634.0,62.5,62.0,62.5,62.25,87.0
2020-10-01 00:00:00+00:00,57.0,2685.0,64.3,63.8,64.1,63.75,118.0
2020-10-02 00:00:00+00:00,56.0,2735.0,63.0,63.0,63.0,63.0,106.0
2020-10-05 00:00:00+00:00,53.0,2800.0,63.1,63.1,63.1,63.2,22.0
2020-10-06 00:00:00+00:00,52.0,2887.0,63.0,61.8,63.0,61.95,28.0
2020-10-07 00:00:00+00:00,51.0,2969.0,61.85,61.85,61.85,61.85,8.0
2020-10-08 00:00:00+00:00,50.0,3073.0,61.75,61.75,61.75,61.75,16.0
2020-10-09 00:00:00+00:00,49.0,3102.0,61.4,61.4,61.4,61.5,4.0
2020-10-12 00:00:00+00:00,46.0,3128.0,60.75,60.0,60.75,60.1,54.0
2020-10-13 00:00:00+00:00,45.0,3128.0,60.0,59.5,59.5,59.75,29.0
2020-10-14 00:00:00+00:00,44.0,3149.0,59.85,59.85,59.85,59.85,6.0
2020-10-15 00:00:00+00:00,43.0,3200.0,59.5,59.5,59.5,59.75,10.0
2020-10-16 00:00:00+00:00,42.0,3215.0,60.0,59.75,60.0,60.0,26.0
2020-10-19 00:00:00+00:00,39.0,3223.0,60.5,60.5,60.5,60.55,37.0
2020-10-20 00:00:00+00:00,38.0,3268.0,60.4,60.4,60.4,60.45,21.0
2020-10-21 00:00:00+00:00,37.0,3297.0,59.75,59.75,59.75,60.1,109.0
2020-10-22 00:00:00+00:00,36.0,3309.0,60.5,60.5,60.5,60.4,4.0
2020-10-23 00:00:00+00:00,35.0,3315.0,60.6,60.6,60.6,60.95,17.0
2020-10-26 00:00:00+00:00,32.0,3354.0,61.05,61.05,61.05,61.05,45.0
2020-10-27 00:00:00+00:00,31.0,3374.0,61.5,61.5,61.5,61.7,24.0
2020-10-28 00:00:00+00:00,30.0,3400.0,61.7,61.7,61.7,61.7,31.0
2020-10-29 00:00:00+00:00,29.0,3389.0,61.4,61.4,61.4,61.2,71.0
2020-10-30 00:00:00+00:00,28.0,2344.0,61.25,61.0,61.25,61.25,29.0
2020-11-02 00:00:00+00:00,52.0,2384.0,61.95,61.95,61.95,61.95,22.0
2020-11-03 00:00:00+00:00,51.0,2348.0,62.5,62.2,62.5,62.15,94.0
2020-11-04 00:00:00+00:00,50.0,2354.0,62.45,62.45,62.45,62.45,6.0
2020-11-05 00:00:00+00:00,49.0,2540.0,63.2,63.2,63.2,63.55,179.0
2020-11-06 00:00:00+00:00,48.0,2587.0,63.5,63.0,63.0,64.2,64.0
2020-11-09 00:00:00+00:00,45.0,2576.0,65.75,64.5,64.5,65.85,34.0
2020-11-10 00:00:00+00:00,44.0,2622.0,67.25,66.8,67.0,67.15,80.0
2020-11-11 00:00:00+00:00,43.0,2713.0,68.3,67.5,67.5,68.45,74.0
2020-11-12 00:00:00+00:00,42.0,2767.0,69.55,68.75,68.75,69.55,41.0
2020-11-13 00:00:00+00:00,41.0,2862.0,69.0,68.9,69.0,69.25,70.0
2020-11-16 00:00:00+00:00,38.0,2868.0,69.2,69.1,69.1,69.5,6.0
2020-11-17 00:00:00+00:00,37.0,2916.0,70.0,70.0,70.0,69.7,31.0
2020-11-18 00:00:00+00:00,36.0,3023.0,70.0,69.8,70.0,69.8,58.0
2020-11-19 00:00:00+00:00,35.0,3089.0,70.2,69.9,70.2,70.25,112.0
2020-11-20 00:00:00+00:00,34.0,3137.0,70.25,70.0,70.0,70.3,329.0
2020-11-23 00:00:00+00:00,31.0,3253.0,72.0,71.0,71.0,72.25,212.0
2020-11-24 00:00:00+00:00,30.0,3387.0,75.25,73.0,73.0,75.4,64.0
2020-11-25 00:00:00+00:00,29.0,3403.0,79.25,77.9,79.0,78.6,195.0
2020-11-26 00:00:00+00:00,28.0,3471.0,80.5,80.25,80.25,80.2,48.0
2020-11-27 00:00:00+00:00,63.0,2921.0,81.0,80.0,80.0,80.95,52.0
2020-11-30 00:00:00+00:00,24.0,2952.0,83.65,83.65,83.65,83.65,23.0
2020-12-01 00:00:00+00:00,87.0,2949.0,83.05,82.5,82.5,83.0,100.0
2020-12-02 00:00:00+00:00,86.0,2987.0,83.5,83.0,83.0,83.7,56.0
2020-12-03 00:00:00+00:00,57.0,3027.0,84.0,84.0,84.0,83.7,28.0
2020-12-04 00:00:00+00:00,56.0,3077.0,83.5,83.5,83.5,83.5,24.0
2020-12-07 00:00:00+00:00,53.0,3136.0,82.05,82.05,82.05,82.05,141.0
2020-12-08 00:00:00+00:00,52.0,3142.0,81.5,80.5,81.5,80.5,67.0
2020-12-09 00:00:00+00:00,51.0,3390.0,81.0,80.75,81.0,80.75,105.0
2020-12-10 00:00:00+00:00,50.0,3583.0,84.5,82.9,82.9,84.7,75.0
2020-12-11 00:00:00+00:00,49.0,3619.0,89.0,87.0,87.0,89.2,80.0
2020-12-14 00:00:00+00:00,46.0,3618.0,91.0,90.0,90.0,91.7,74.0
2020-12-15 00:00:00+00:00,45.0,3632.0,93.0,92.75,92.75,92.9,10.0
2020-12-16 00:00:00+00:00,44.0,3594.0,92.5,91.5,92.0,91.05,65.0
2020-12-17 00:00:00+00:00,43.0,3609.0,91.5,90.5,91.5,91.05,188.0
2020-12-18 00:00:00+00:00,42.0,3733.0,91.05,91.05,91.05,91.05,72.0
2020-12-21 00:00:00+00:00,39.0,3748.0,90.5,90.5,90.5,90.5,13.0
2020-12-22 00:00:00+00:00,38.0,3765.0,90.3,90.3,90.3,90.3,27.0
2020-12-23 00:00:00+00:00,37.0,3765.0,89.85,89.85,89.85,89.85,0.0
2020-12-24 00:00:00+00:00,36.0,2915.0,89.85,89.85,89.85,89.85,0.0
2020-12-25 00:00:00+00:00,36.0,2915.0,,,,89.85,
2020-12-28 00:00:00+00:00,32.0,2915.0,91.5,91.5,91.5,91.25,1.0
2020-12-29 00:00:00+00:00,31.0,2858.0,89.0,89.0,89.0,88.7,100.0
2020-12-30 00:00:00+00:00,30.0,2889.0,87.65,87.65,87.65,87.65,30.0
2020-12-31 00:00:00+00:00,29.0,2865.0,87.05,87.05,87.05,87.05,9.0
2021-01-01 00:00:00+00:00,29.0,2865.0,,,,87.05,
2021-01-04 00:00:00+00:00,53.0,2814.0,85.0,85.0,85.0,85.0,84.0
2021-01-05 00:00:00+00:00,52.0,2835.0,82.15,82.15,82.15,82.15,18.0
2021-01-06 00:00:00+00:00,51.0,2922.0,82.5,82.5,82.5,82.85,19.0
2021-01-07 00:00:00+00:00,50.0,2934.0,86.0,86.0,86.0,86.25,52.0
2021-01-08 00:00:00+00:00,49.0,3022.0,87.0,86.4,86.4,87.15,56.0
2021-01-11 00:00:00+00:00,46.0,3077.0,90.0,89.5,90.0,89.7,64.0
2021-01-12 00:00:00+00:00,45.0,3196.0,91.0,90.0,90.0,91.3,113.0
2021-01-13 00:00:00+00:00,44.0,3273.0,93.0,92.0,92.5,92.0,65.0
2021-01-14 00:00:00+00:00,43.0,3279.0,90.25,88.75,90.25,90.25,64.0
2021-01-15 00:00:00+00:00,42.0,3319.0,89.3,89.3,89.3,89.5,24.0
2021-01-18 00:00:00+00:00,39.0,3313.0,88.5,86.5,88.5,86.65,19.0
2021-01-19 00:00:00+00:00,38.0,3329.0,86.0,84.75,86.0,85.2,26.0
2021-01-20 00:00:00+00:00,37.0,3371.0,85.0,84.0,85.0,84.1,42.0
2021-01-21 00:00:00+00:00,36.0,3367.0,83.0,83.0,83.0,83.05,12.0
2021-01-22 00:00:00+00:00,35.0,3387.0,81.75,81.5,81.5,81.35,25.0
2021-01-25 00:00:00+00:00,32.0,3412.0,81.75,81.75,81.75,81.75,2.0
2021-01-26 00:00:00+00:00,31.0,3442.0,84.0,83.25,83.25,84.35,19.0
2021-01-27 00:00:00+00:00,30.0,3460.0,86.25,85.65,86.0,86.0,60.0
2021-01-28 00:00:00+00:00,29.0,3496.0,86.15,85.55,86.0,86.0,68.0
2021-01-29 00:00:00+00:00,28.0,2786.0,85.75,85.4,85.75,85.35,50.0
2021-02-01 00:00:00+00:00,53.0,2855.0,81.5,81.5,81.5,80.35,31.0
2021-02-02 00:00:00+00:00,52.0,2859.0,80.0,78.5,80.0,79.0,37.0
2021-02-03 00:00:00+00:00,51.0,2869.0,78.5,78.0,78.5,78.9,25.0
2021-02-04 00:00:00+00:00,50.0,2912.0,81.5,79.0,79.0,81.5,96.0
2021-02-05 00:00:00+00:00,49.0,3010.0,84.0,82.0,82.0,83.8,74.0
2021-02-08 00:00:00+00:00,46.0,3186.0,85.5,84.5,85.0,84.7,221.0
2021-02-09 00:00:00+00:00,45.0,3289.0,85.0,84.75,85.0,84.65,51.0
2021-02-10 00:00:00+00:00,44.0,3490.0,85.75,85.6,85.75,85.55,156.0
2021-02-11 00:00:00+00:00,43.0,3553.0,86.15,85.2,86.15,85.2,64.0
2021-02-12 00:00:00+00:00,42.0,3543.0,85.25,85.25,85.25,85.3,24.0
2021-02-15 00:00:00+00:00,39.0,3612.0,85.15,85.0,85.15,85.0,43.0
2021-02-16 00:00:00+00:00,38.0,3651.0,85.0,84.5,85.0,84.5,44.0
2021-02-17 00:00:00+00:00,37.0,3678.0,83.5,83.0,83.5,82.8,47.0
2021-02-18 00:00:00+00:00,36.0,3684.0,83.0,81.65,83.0,82.0,30.0
2021-02-19 00:00:00+00:00,35.0,3718.0,83.0,82.5,82.5,83.1,95.0
2021-02-22 00:00:00+00:00,32.0,3718.0,82.55,82.55,82.55,82.55,0.0
2021-02-23 00:00:00+00:00,31.0,3855.0,81.65,80.5,81.65,80.5,114.0
2021-02-24 00:00:00+00:00,30.0,3894.0,81.5,80.85,81.0,81.25,81.0
2021-02-25 00:00:00+00:00,29.0,3912.0,82.0,81.75,82.0,81.85,20.0
2021-02-26 00:00:00+00:00,28.0,3181.0,82.4,82.0,82.0,82.95,17.0
2021-03-01 00:00:00+00:00,60.0,3259.0,83.5,83.5,83.5,83.4,110.0
2021-03-02 00:00:00+00:00,59.0,3414.0,83.75,83.5,83.75,84.65,189.0
2021-03-03 00:00:00+00:00,58.0,3645.0,85.5,85.5,85.5,85.5,68.0
2021-03-04 00:00:00+00:00,57.0,3704.0,84.5,84.0,84.5,83.9,78.0
2021-03-05 00:00:00+00:00,56.0,3742.0,84.5,84.0,84.5,83.9,53.0
2021-03-08 00:00:00+00:00,53.0,3745.0,83.6,83.6,83.6,83.6,0.0
2021-03-09 00:00:00+00:00,52.0,3756.0,84.5,84.5,84.5,84.5,12.0
2021-03-10 00:00:00+00:00,51.0,3763.0,85.05,85.05,85.05,85.05,9.0
2021-03-11 00:00:00+00:00,50.0,3897.0,85.0,85.0,85.0,85.35,37.0
2021-03-12 00:00:00+00:00,49.0,3902.0,87.0,86.0,86.0,86.95,17.0
2021-03-15 00:00:00+00:00,46.0,3922.0,88.75,87.75,88.0,88.65,24.0
2021-03-16 00:00:00+00:00,45.0,3986.0,89.75,88.5,88.5,89.45,29.0
2021-03-17 00:00:00+00:00,44.0,4083.0,92.2,90.0,90.0,92.25,102.0
2021-03-18 00:00:00+00:00,43.0,4219.0,94.0,93.0,93.0,93.3,186.0
2021-03-19 00:00:00+00:00,42.0,4293.0,94.0,93.7,94.0,93.75,151.0
2021-03-22 00:00:00+00:00,39.0,4303.0,96.0,95.0,96.0,95.0,29.0
2021-03-23 00:00:00+00:00,38.0,4345.0,96.0,95.0,96.0,94.6,318.0
2021-03-24 00:00:00+00:00,37.0,4345.0,94.9,94.9,94.9,94.9,12.0
2021-03-25 00:00:00+00:00,36.0,4484.0,95.25,95.25,95.25,95.4,274.0
2021-03-26 00:00:00+00:00,35.0,4583.0,95.5,95.5,95.5,95.65,115.0
2021-03-29 00:00:00+00:00,32.0,3561.0,95.0,95.0,95.0,94.85,157.0
2021-03-30 00:00:00+00:00,31.0,3568.0,94.75,94.75,94.75,94.75,34.0
2021-03-31 00:00:00+00:00,30.0,3618.0,96.0,96.0,96.0,96.85,63.0
2021-04-01 00:00:00+00:00,57.0,3662.0,92.25,92.25,92.25,92.2,22.0
2021-04-02 00:00:00+00:00,57.0,3662.0,,,,92.2,
2021-04-05 00:00:00+00:00,53.0,3662.0,92.2,92.2,92.2,92.2,0.0
2021-04-06 00:00:00+00:00,52.0,3662.0,93.25,93.25,93.25,93.25,1.0
2021-04-07 00:00:00+00:00,51.0,3776.0,93.0,92.55,93.0,92.9,79.0
2021-04-08 00:00:00+00:00,50.0,3807.0,89.95,89.95,89.95,89.95,4.0
2021-04-09 00:00:00+00:00,49.0,3808.0,89.1,89.1,89.1,89.1,1.0
2021-04-12 00:00:00+00:00,46.0,3833.0,88.5,88.4,88.5,88.35,2.0
2021-04-13 00:00:00+00:00,45.0,3938.0,89.0,88.0,89.0,88.45,41.0
2021-04-14 00:00:00+00:00,44.0,3963.0,88.0,88.0,88.0,88.0,29.0
2021-04-15 00:00:00+00:00,43.0,4093.0,89.5,88.5,88.5,89.5,90.0
2021-04-16 00:00:00+00:00,42.0,4253.0,91.7,90.5,90.5,91.85,48.0
2021-04-19 00:00:00+00:00,39.0,4271.0,91.05,90.0,91.05,90.25,20.0
2021-04-20 00:00:00+00:00,38.0,4282.0,90.0,88.5,90.0,88.85,126.0
2021-04-21 00:00:00+00:00,37.0,4257.0,88.0,87.5,88.0,88.45,9.0
2021-04-22 00:00:00+00:00,36.0,4217.0,88.35,88.35,88.35,88.35,0.0
2021-04-23 00:00:00+00:00,35.0,4219.0,87.65,87.65,87.65,87.4,35.0
2021-04-26 00:00:00+00:00,32.0,4207.0,86.5,85.75,86.5,85.85,37.0
2021-04-27 00:00:00+00:00,31.0,4250.0,86.5,86.25,86.25,86.9,63.0
2021-04-28 00:00:00+00:00,30.0,4308.0,88.3,87.25,87.25,89.85,53.0
2021-04-29 00:00:00+00:00,29.0,4447.0,92.0,92.0,92.0,92.0,23.0
2021-04-30 00:00:00+00:00,28.0,3534.0,93.5,93.0,93.0,93.5,11.0
2021-05-03 00:00:00+00:00,53.0,3534.0,92.2,92.2,92.2,92.2,0.0
2021-05-04 00:00:00+00:00,52.0,3555.0,92.5,92.5,92.5,92.3,16.0
2021-05-05 00:00:00+00:00,51.0,3616.0,93.35,93.0,93.0,93.15,4.0
2021-05-06 00:00:00+00:00,50.0,3620.0,96.25,95.85,96.0,95.95,39.0
2021-05-07 00:00:00+00:00,49.0,3627.0,95.5,95.0,95.5,95.75,14.0
2021-05-10 00:00:00+00:00,46.0,3663.0,97.35,97.35,97.35,97.35,14.0
2021-05-11 00:00:00+00:00,45.0,3779.0,99.0,98.0,98.0,99.2,24.0
2021-05-12 00:00:00+00:00,44.0,3823.0,102.0,100.1,100.1,103.65,47.0
2021-05-13 00:00:00+00:00,43.0,3806.0,104.25,104.0,104.25,104.35,4.0
2021-05-14 00:00:00+00:00,42.0,3809.0,103.05,103.05,103.05,103.05,2.0
2021-05-17 00:00:00+00:00,39.0,3813.0,101.0,100.75,101.0,100.8,39.0
2021-05-18 00:00:00+00:00,38.0,3804.0,100.85,100.85,100.85,100.85,40.0
2021-05-19 00:00:00+00:00,37.0,3794.0,100.5,99.5,100.5,99.55,31.0
2021-05-20 00:00:00+00:00,36.0,3708.0,100.5,99.7,99.7,100.45,108.0
2021-05-21 00:00:00+00:00,35.0,3852.0,102.0,100.25,101.0,101.8,212.0
2021-05-24 00:00:00+00:00,32.0,3923.0,103.0,102.25,102.25,103.15,86.0
2021-05-25 00:00:00+00:00,31.0,3984.0,104.5,103.0,104.25,103.4,187.0
2021-05-26 00:00:00+00:00,30.0,4060.0,104.5,104.5,104.5,104.6,108.0
2021-05-27 00:00:00+00:00,29.0,4062.0,106.0,105.25,105.25,105.8,136.0
2021-05-28 00:00:00+00:00,28.0,3149.0,108.0,107.0,107.0,108.25,289.0
2021-05-31 00:00:00+00:00,25.0,3149.0,108.25,108.25,108.25,108.25,0.0
2021-06-01 00:00:00+00:00,59.0,3242.0,107.1,107.1,107.1,107.1,26.0
2021-06-02 00:00:00+00:00,58.0,3285.0,107.5,107.5,107.5,107.35,6.0
2021-06-03 00:00:00+00:00,57.0,3290.0,109.65,109.65,109.65,109.65,18.0
2021-06-04 00:00:00+00:00,56.0,3306.0,107.35,107.35,107.35,107.35,16.0
2021-06-07 00:00:00+00:00,53.0,3293.0,111.0,110.0,110.0,111.4,12.0
2021-06-08 00:00:00+00:00,52.0,3359.0,114.5,112.5,112.5,112.6,47.0
2021-06-09 00:00:00+00:00,51.0,3412.0,114.0,113.75,114.0,113.35,39.0
2021-06-10 00:00:00+00:00,50.0,3482.0,115.4,115.0,115.0,115.0,31.0
2021-06-11 00:00:00+00:00,49.0,3537.0,116.75,116.0,116.0,115.8,18.0
2021-06-14 00:00:00+00:00,46.0,3537.0,113.25,113.25,113.25,113.25,0.0
2021-06-15 00:00:00+00:00,45.0,3546.0,110.25,110.25,110.25,110.25,3.0
2021-06-16 00:00:00+00:00,44.0,3592.0,111.0,111.0,111.0,110.7,23.0
2021-06-17 00:00:00+00:00,43.0,3589.0,111.6,111.6,111.6,111.6,6.0
2021-06-18 00:00:00+00:00,42.0,3589.0,112.15,112.15,112.15,112.1,4.0
2021-06-21 00:00:00+00:00,39.0,3589.0,112.05,112.05,112.05,112.05,0.0
2021-06-22 00:00:00+00:00,38.0,3603.0,114.0,112.85,112.85,113.7,387.0
2021-06-23 00:00:00+00:00,37.0,3618.0,113.75,113.75,113.75,113.75,16.0
2021-06-24 00:00:00+00:00,36.0,3639.0,115.5,114.0,114.0,115.45,36.0
2021-06-25 00:00:00+00:00,35.0,2960.0,116.0,116.0,116.0,115.4,118.0
2021-06-28 00:00:00+00:00,32.0,2993.0,115.0,115.0,115.0,115.0,24.0
2021-06-29 00:00:00+00:00,31.0,2997.0,114.35,114.25,114.25,113.9,5.0
2021-06-30 00:00:00+00:00,30.0,3036.0,114.45,114.0,114.0,114.85,52.0
2021-07-01 00:00:00+00:00,57.0,3051.0,117.4,117.4,117.4,117.4,15.0
2021-07-02 00:00:00+00:00,56.0,3056.0,117.5,117.5,117.5,117.45,23.0
2021-07-05 00:00:00+00:00,53.0,3105.0,120.0,117.5,117.5,120.1,68.0
2021-07-06 00:00:00+00:00,52.0,3146.0,118.0,117.0,118.0,115.7,60.0
2021-07-07 00:00:00+00:00,51.0,3156.0,114.75,114.75,114.75,115.25,5.0
2021-07-08 00:00:00+00:00,50.0,3137.0,114.5,114.5,114.5,115.4,6.0
2021-07-09 00:00:00+00:00,49.0,3116.0,116.3,116.3,116.3,116.3,90.0
2021-07-12 00:00:00+00:00,46.0,3107.0,118.5,118.45,118.45,118.65,46.0
2021-07-13 00:00:00+00:00,45.0,3126.0,126.0,125.5,126.0,125.65,90.0
2021-07-14 00:00:00+00:00,44.0,3119.0,125.45,125.45,125.45,125.45,0.0
2021-07-15 00:00:00+00:00,43.0,3170.0,127.25,126.0,126.0,127.35,82.0
2021-07-16 00:00:00+00:00,42.0,3188.0,130.0,129.95,130.0,129.9,69.0
2021-07-19 00:00:00+00:00,39.0,3222.0,132.25,131.0,131.0,131.5,37.0
2021-07-20 00:00:00+00:00,38.0,3196.0,130.0,130.0,130.0,130.1,16.0
2021-07-21 00:00:00+00:00,37.0,3257.0,129.85,129.85,129.85,129.85,57.0
2021-07-22 00:00:00+00:00,36.0,3254.0,130.25,130.0,130.0,130.45,85.0
2021-07-23 00:00:00+00:00,35.0,3251.0,131.25,131.25,131.25,131.25,27.0
2021-07-26 00:00:00+00:00,32.0,3315.0,132.5,132.5,132.5,132.65,10.0
2021-07-27 00:00:00+00:00,31.0,3346.0,132.0,132.0,132.0,131.95,16.0
2021-07-28 00:00:00+00:00,30.0,3387.0,132.35,132.35,132.35,132.35,42.0
2021-07-29 00:00:00+00:00,29.0,3437.0,133.45,133.45,133.45,133.45,15.0
2021-07-30 00:00:00+00:00,28.0,2891.0,133.35,133.35,133.35,133.35,0.0
2021-08-02 00:00:00+00:00,53.0,3041.0,132.0,132.0,132.0,131.5,15.0
2021-08-03 00:00:00+00:00,52.0,3102.0,131.6,131.6,131.6,131.6,0.0
2021-08-04 00:00:00+00:00,51.0,3143.0,132.75,132.75,132.75,132.75,14.0
2021-08-05 00:00:00+00:00,50.0,3174.0,133.7,133.7,133.7,133.7,27.0
2021-08-06 00:00:00+00:00,49.0,3209.0,134.7,134.7,134.7,134.7,48.0
2021-08-09 00:00:00+00:00,46.0,3242.0,137.4,137.4,137.4,137.4,48.0
2021-08-10 00:00:00+00:00,45.0,3373.0,137.05,137.05,137.05,137.05,0.0
2021-08-11 00:00:00+00:00,44.0,3440.0,138.5,138.5,138.5,138.5,36.0
2021-08-12 00:00:00+00:00,43.0,3499.0,140.0,140.0,140.0,141.05,8.0
2021-08-13 00:00:00+00:00,42.0,3504.0,140.45,140.45,140.45,140.45,9.0
2021-08-16 00:00:00+00:00,39.0,3500.0,141.5,140.5,140.75,140.75,27.0
2021-08-17 00:00:00+00:00,38.0,3504.0,139.95,139.15,139.95,139.4,67.0
2021-08-18 00:00:00+00:00,37.0,3519.0,140.0,140.0,140.0,140.5,59.0
2021-08-19 00:00:00+00:00,36.0,3526.0,140.25,139.0,140.25,139.05,152.0
2021-08-20 00:00:00+00:00,35.0,3536.0,139.5,139.5,139.5,139.25,7.0
2021-08-23 00:00:00+00:00,32.0,3585.0,141.45,141.45,141.45,141.45,24.0
2021-08-24 00:00:00+00:00,31.0,3585.0,143.0,143.0,143.0,143.0,0.0
2021-08-25 00:00:00+00:00,30.0,3606.0,142.5,142.5,142.5,142.5,30.0
2021-08-26 00:00:00+00:00,29.0,3610.0,142.0,142.0,142.0,142.0,10.0
2021-08-27 00:00:00+00:00,28.0,2854.0,142.9,142.9,142.9,142.9,22.0
2021-08-30 00:00:00+00:00,25.0,2854.0,143.15,143.15,143.15,143.15,0.0
2021-08-31 00:00:00+00:00,24.0,2847.0,146.8,146.8,146.8,146.8,12.0
2021-09-01 00:00:00+00:00,58.0,2892.0,153.0,153.0,153.0,151.15,60.0
2021-09-02 00:00:00+00:00,57.0,2924.0,153.75,153.75,153.75,153.75,11.0
2021-09-03 00:00:00+00:00,56.0,2968.0,155.3,155.3,155.3,155.3,27.0
2021-09-06 00:00:00+00:00,53.0,2968.0,154.25,154.25,154.25,154.25,5.0
2021-09-07 00:00:00+00:00,52.0,2993.0,156.25,156.25,156.25,156.25,4.0
2021-09-08 00:00:00+00:00,51.0,3004.0,157.7,157.7,157.7,157.7,13.0
2021-09-09 00:00:00+00:00,50.0,3026.0,158.8,158.8,158.8,158.8,15.0
2021-09-10 00:00:00+00:00,49.0,3026.0,159.25,159.25,159.25,159.25,0.0
2021-09-13 00:00:00+00:00,46.0,3067.0,159.35,159.35,159.35,159.35,25.0
2021-09-14 00:00:00+00:00,45.0,3100.0,159.85,159.85,159.85,159.85,0.0
2021-09-15 00:00:00+00:00,44.0,3225.0,161.0,161.0,161.0,160.15,15.0
2021-09-16 00:00:00+00:00,43.0,3223.0,159.3,159.3,159.3,159.3,25.0
2021-09-17 00:00:00+00:00,42.0,3284.0,161.0,161.0,161.0,161.0,55.0
2021-09-20 00:00:00+00:00,39.0,3375.0,160.65,160.65,160.65,160.65,39.0
2021-09-21 00:00:00+00:00,38.0,3397.0,160.7,160.7,160.7,160.7,36.0
2021-09-22 00:00:00+00:00,37.0,3446.0,163.3,163.3,163.3,163.3,166.0
2021-09-23 00:00:00+00:00,36.0,3660.0,170.05,170.05,170.05,170.05,292.0
2021-09-24 00:00:00+00:00,35.0,3231.0,172.1,172.1,172.1,172.1,304.0
2021-09-27 00:00:00+00:00,32.0,3273.0,184.3,184.3,184.3,184.3,177.0
2021-09-28 00:00:00+00:00,31.0,3319.0,191.5,191.5,191.5,190.75,40.0
2021-09-29 00:00:00+00:00,30.0,3393.0,193.0,193.0,193.0,193.15,168.0
2021-09-30 00:00:00+00:00,29.0,3545.0,200.5,200.5,200.5,200.5,239.0
2021-10-01 00:00:00+00:00,56.0,3650.0,213.0,213.0,213.0,209.35,338.0
2021-10-04 00:00:00+00:00,53.0,3631.0,237.1,237.1,237.1,237.1,109.0
2021-10-05 00:00:00+00:00,52.0,3616.0,250.0,250.0,250.0,256.6,36.0
2021-10-06 00:00:00+00:00,51.0,3690.0,245.0,221.0,245.0,221.0,89.0
2021-10-07 00:00:00+00:00,50.0,3693.0,217.0,195.0,210.0,211.9,81.0
2021-10-08 00:00:00+00:00,49.0,3858.0,225.0,215.0,220.0,221.5,159.0
2021-10-11 00:00:00+00:00,46.0,3985.0,240.0,235.0,235.0,239.5,144.0
2021-10-12 00:00:00+00:00,45.0,4060.0,245.0,243.0,245.0,243.55,50.0
2021-10-13 00:00:00+00:00,44.0,4218.0,248.0,248.0,248.0,240.4,27.0
2021-10-14 00:00:00+00:00,43.0,4356.0,248.0,242.0,248.0,243.95,220.0
2021-10-15 00:00:00+00:00,42.0,4401.0,246.0,239.0,246.0,237.3,37.0
2021-10-18 00:00:00+00:00,39.0,4406.0,225.35,225.35,225.35,225.35,4.0
2021-10-19 00:00:00+00:00,38.0,4419.0,225.6,225.6,225.6,225.6,19.0
2021-10-20 00:00:00+00:00,37.0,4447.0,217.1,217.1,217.1,217.1,9.0
2021-10-21 00:00:00+00:00,36.0,4443.0,186.0,186.0,186.0,186.0,0.0
2021-10-22 00:00:00+00:00,35.0,4456.0,181.5,181.5,181.5,181.5,37.0
2021-10-25 00:00:00+00:00,32.0,4464.0,184.1,184.1,184.1,184.1,0.0
2021-10-26 00:00:00+00:00,31.0,4491.0,190.0,185.0,190.0,179.55,43.0
2021-10-27 00:00:00+00:00,30.0,4377.0,175.0,175.0,175.0,165.55,20.0
2021-10-28 00:00:00+00:00,29.0,4415.0,165.0,163.0,163.0,164.8,4.0
2021-10-29 00:00:00+00:00,28.0,3738.0,162.0,140.0,162.0,148.0,50.0
2021-11-01 00:00:00+00:00,60.0,3743.0,126.75,126.75,126.75,126.75,20.0
2021-11-02 00:00:00+00:00,59.0,3789.0,117.5,117.5,117.5,117.5,92.0
2021-11-03 00:00:00+00:00,58.0,3609.0,136.6,136.6,136.6,136.6,254.0
2021-11-04 00:00:00+00:00,57.0,3519.0,146.75,146.75,146.75,143.0,51.0
2021-11-05 00:00:00+00:00,56.0,3519.0,141.75,141.75,141.75,141.75,30.0
2021-11-08 00:00:00+00:00,53.0,3531.0,147.0,147.0,147.0,147.0,16.0
2021-11-09 00:00:00+00:00,52.0,3518.0,147.0,147.0,147.0,142.85,3.0
2021-11-10 00:00:00+00:00,51.0,3574.0,137.2,137.2,137.2,137.2,6.0
2021-11-11 00:00:00+00:00,50.0,3596.0,133.65,133.65,133.65,133.65,0.0
2021-11-12 00:00:00+00:00,49.0,3508.0,132.0,130.0,132.0,127.0,48.0
2021-11-15 00:00:00+00:00,46.0,3528.0,124.0,124.0,124.0,123.35,76.0
2021-11-16 00:00:00+00:00,45.0,3554.0,126.5,125.0,126.0,125.6,101.0
2021-11-17 00:00:00+00:00,44.0,3536.0,127.4,127.4,127.4,127.4,32.0
2021-11-18 00:00:00+00:00,43.0,3574.0,130.0,130.0,130.0,132.55,154.0
2021-11-19 00:00:00+00:00,42.0,3579.0,138.5,138.5,138.5,138.5,18.0
2021-11-22 00:00:00+00:00,39.0,3650.0,148.0,143.0,143.0,144.4,137.0
2021-11-23 00:00:00+00:00,38.0,3481.0,157.0,157.0,157.0,157.0,11.0
2021-11-24 00:00:00+00:00,37.0,3509.0,161.0,161.0,161.0,161.0,43.0
2021-11-25 00:00:00+00:00,36.0,3593.0,170.0,163.0,170.0,162.0,28.0
2021-11-26 00:00:00+00:00,35.0,2914.0,149.35,149.35,149.35,149.35,0.0
2021-11-29 00:00:00+00:00,32.0,2914.0,137.5,137.5,137.5,128.6,1.0
2021-11-30 00:00:00+00:00,31.0,2948.0,117.0,117.0,117.0,117.0,6.0
2021-12-01 00:00:00+00:00,58.0,3006.0,130.0,125.0,125.0,127.1,37.0
2021-12-02 00:00:00+00:00,57.0,3004.0,128.0,127.0,128.0,128.15,14.0
2021-12-03 00:00:00+00:00,56.0,2990.0,124.25,124.25,124.25,124.25,12.0
2021-12-06 00:00:00+00:00,53.0,2990.0,124.95,124.95,124.95,124.95,0.0
2021-12-07 00:00:00+00:00,52.0,3060.0,128.25,128.25,128.25,128.25,23.0
2021-12-08 00:00:00+00:00,51.0,3021.0,132.0,131.0,132.0,131.0,66.0
2021-12-09 00:00:00+00:00,50.0,3054.0,135.0,134.0,134.0,135.1,5.0
2021-12-10 00:00:00+00:00,49.0,3083.0,134.0,134.0,134.0,136.85,35.0
2021-12-13 00:00:00+00:00,46.0,3128.0,140.0,140.0,140.0,139.85,20.0
2021-12-14 00:00:00+00:00,45.0,3133.0,140.65,140.65,140.65,140.65,0.0
2021-12-15 00:00:00+00:00,44.0,3150.0,140.25,140.25,140.25,140.2,5.0
2021-12-16 00:00:00+00:00,43.0,3285.0,143.75,143.75,143.75,143.75,35.0
2021-12-17 00:00:00+00:00,42.0,3305.0,145.0,145.0,145.0,143.15,5.0
2021-12-20 00:00:00+00:00,39.0,3363.0,144.0,144.0,144.0,145.1,9.0
2021-12-21 00:00:00+00:00,38.0,3420.0,144.7,144.7,144.7,144.7,5.0
2021-12-22 00:00:00+00:00,37.0,3492.0,145.4,145.4,145.4,145.4,4.0
2021-12-23 00:00:00+00:00,36.0,3542.0,139.65,139.65,139.65,139.65,0.0
2021-12-24 00:00:00+00:00,35.0,3542.0,141.25,141.25,141.25,141.25,0.0
2021-12-27 00:00:00+00:00,32.0,3542.0,137.75,137.75,137.75,137.75,0.0
2021-12-28 00:00:00+00:00,31.0,3542.0,137.75,137.75,137.75,137.75,0.0
2021-12-29 00:00:00+00:00,30.0,3442.0,125.1,125.1,125.1,125.1,0.0
2021-12-30 00:00:00+00:00,29.0,3452.0,120.0,118.0,120.0,115.35,4.0
2021-12-31 00:00:00+00:00,28.0,2705.0,115.75,115.75,115.75,115.75,0.0
2022-01-03 00:00:00+00:00,53.0,2705.0,112.75,112.75,112.75,112.75,0.0
2022-01-04 00:00:00+00:00,52.0,2734.0,122.65,122.65,122.65,122.65,8.0
2022-01-05 00:00:00+00:00,51.0,2767.0,128.65,128.65,128.65,128.65,23.0
2022-01-06 00:00:00+00:00,50.0,2814.0,145.0,137.0,137.0,143.4,66.0
2022-01-07 00:00:00+00:00,49.0,2917.0,147.0,145.0,145.0,139.65,83.0
2022-01-10 00:00:00+00:00,46.0,2964.0,147.0,143.0,145.0,138.0,54.0
2022-01-11 00:00:00+00:00,45.0,3044.0,136.0,136.0,136.0,136.0,7.0
2022-01-12 00:00:00+00:00,44.0,3108.0,140.0,138.0,138.0,138.1,46.0
2022-01-13 00:00:00+00:00,43.0,3162.0,150.0,145.0,145.0,152.15,23.0
2022-01-14 00:00:00+00:00,42.0,3212.0,167.0,167.0,167.0,156.0,63.0
2022-01-17 00:00:00+00:00,39.0,3240.0,163.0,160.0,160.0,157.05,62.0
2022-01-18 00:00:00+00:00,38.0,3267.0,165.0,164.0,165.0,163.5,26.0
2022-01-19 00:00:00+00:00,37.0,3401.0,165.0,165.0,165.0,163.75,26.0
2022-01-20 00:00:00+00:00,36.0,3432.0,163.0,160.0,163.0,161.2,63.0
2022-01-21 00:00:00+00:00,35.0,3437.0,165.0,165.0,165.0,165.0,5.0
2022-01-24 00:00:00+00:00,32.0,3532.0,175.0,174.0,174.0,175.1,16.0
2022-01-25 00:00:00+00:00,31.0,3661.0,180.6,180.6,180.6,180.6,129.0
2022-01-26 00:00:00+00:00,30.0,3682.0,188.0,187.0,187.0,188.0,43.0
2022-01-27 00:00:00+00:00,29.0,3723.0,183.5,183.0,183.5,181.1,10.0
2022-01-28 00:00:00+00:00,28.0,3160.0,181.5,181.5,181.5,176.5,26.0
2022-01-31 00:00:00+00:00,25.0,3205.0,174.0,174.0,174.0,174.0,31.0
2022-02-01 00:00:00+00:00,52.0,3331.0,145.0,145.0,145.0,145.65,207.0
2022-02-02 00:00:00+00:00,51.0,3401.0,152.0,152.0,152.0,152.0,2.0
2022-02-03 00:00:00+00:00,50.0,3506.0,155.0,153.85,155.0,153.4,17.0
2022-02-04 00:00:00+00:00,49.0,3686.0,158.0,157.0,157.0,163.2,79.0
2022-02-07 00:00:00+00:00,46.0,3747.0,170.0,168.0,168.0,168.5,27.0
2022-02-08 00:00:00+00:00,45.0,3802.0,180.0,175.5,175.5,177.25,10.0
2022-02-09 00:00:00+00:00,44.0,3803.0,183.5,183.5,183.5,182.6,29.0
2022-02-10 00:00:00+00:00,43.0,3933.0,180.55,180.55,180.55,180.55,0.0
2022-02-11 00:00:00+00:00,42.0,3997.0,177.0,177.0,177.0,189.5,21.0
2022-02-14 00:00:00+00:00,39.0,3992.0,190.0,190.0,190.0,187.5,14.0
2022-02-15 00:00:00+00:00,38.0,4042.0,189.0,189.0,189.0,185.25,32.0
2022-02-16 00:00:00+00:00,37.0,4047.0,179.25,179.25,179.25,179.25,0.0
2022-02-17 00:00:00+00:00,36.0,4083.0,176.0,176.0,176.0,174.35,5.0
2022-02-18 00:00:00+00:00,35.0,4069.0,176.0,172.0,172.0,175.2,54.0
2022-02-21 00:00:00+00:00,32.0,4088.0,180.0,180.0,180.0,181.0,64.0
2022-02-22 00:00:00+00:00,31.0,4195.0,196.0,191.0,191.0,194.6,47.0
2022-02-23 00:00:00+00:00,30.0,4173.0,205.5,200.0,200.0,205.0,109.0
2022-02-24 00:00:00+00:00,29.0,4538.0,246.0,240.0,240.0,246.0,51.0
2022-02-25 00:00:00+00:00,28.0,4168.0,232.5,227.0,232.5,229.0,30.0
2022-02-28 00:00:00+00:00,25.0,4168.0,261.0,260.0,260.0,261.0,35.0
2022-03-01 00:00:00+00:00,59.0,4134.0,271.0,271.0,271.0,282.0,126.0
2022-03-02 00:00:00+00:00,58.0,4315.0,417.5,417.5,417.5,417.5,41.0
2022-03-03 00:00:00+00:00,57.0,4394.0,400.0,400.0,400.0,330.0,83.0
2022-03-04 00:00:00+00:00,56.0,4459.0,400.0,400.0,400.0,401.65,68.0
2022-03-07 00:00:00+00:00,53.0,4556.0,450.0,450.0,450.0,451.0,53.0
2022-03-08 00:00:00+00:00,52.0,4603.0,455.0,450.0,450.0,455.15,6.0
2022-03-09 00:00:00+00:00,51.0,4600.0,448.0,425.0,448.0,426.5,12.0
2022-03-10 00:00:00+00:00,50.0,4607.0,420.0,350.0,420.0,355.0,36.0
2022-03-11 00:00:00+00:00,49.0,4607.0,348.7,348.7,348.7,348.7,0.0
2022-03-14 00:00:00+00:00,46.0,0.0,330.0,330.0,330.0,322.5,9.0
2022-03-15 00:00:00+00:00,73.0,4647.0,275.0,275.0,275.0,277.5,15.0
2022-03-16 00:00:00+00:00,44.0,4690.0,220.0,220.0,220.0,220.0,19.0
2022-03-17 00:00:00+00:00,43.0,4756.0,220.0,220.0,220.0,220.0,105.0
2022-03-18 00:00:00+00:00,70.0,4761.0,250.0,220.0,250.0,222.75,7.0
2022-03-21 00:00:00+00:00,39.0,4757.0,222.15,222.15,222.15,222.15,6.0
2022-03-22 00:00:00+00:00,38.0,4851.0,248.0,245.0,245.0,248.1,65.0
2022-03-23 00:00:00+00:00,37.0,4979.0,270.0,269.0,270.0,273.35,119.0
2022-03-24 00:00:00+00:00,36.0,4984.0,270.0,270.0,270.0,270.0,15.0
2022-03-25 00:00:00+00:00,35.0,3733.0,258.75,258.75,258.75,258.75,15.0
2022-03-28 00:00:00+00:00,32.0,3729.0,258.7,258.7,258.7,258.7,42.0
2022-03-29 00:00:00+00:00,31.0,3734.0,255.5,255.5,255.5,255.5,0.0
2022-03-30 00:00:00+00:00,30.0,3748.0,259.0,259.0,259.0,259.0,21.0
2022-03-31 00:00:00+00:00,29.0,3745.0,254.35,254.35,254.35,254.35,6.0
2022-04-01 00:00:00+00:00,84.0,3745.0,245.6,245.6,245.6,245.6,0.0
2022-04-04 00:00:00+00:00,81.0,3745.0,246.0,246.0,246.0,246.0,0.0
2022-04-05 00:00:00+00:00,80.0,3843.0,275.65,275.65,275.65,275.65,3.0
2022-04-06 00:00:00+00:00,79.0,3937.0,282.5,282.5,282.5,282.5,1.0
2022-04-07 00:00:00+00:00,50.0,3878.0,271.5,271.5,271.5,271.5,0.0
2022-04-08 00:00:00+00:00,49.0,3878.0,285.6,285.6,285.6,285.6,0.0
2022-04-11 00:00:00+00:00,46.0,3878.0,286.75,286.75,286.75,286.75,0.0
2022-04-12 00:00:00+00:00,45.0,3678.0,310.0,310.0,310.0,304.7,4.0
2022-04-13 00:00:00+00:00,44.0,3768.0,311.55,311.55,311.55,311.55,0.0
2022-04-14 00:00:00+00:00,43.0,0.0,307.4,307.4,307.4,307.4,0.0
2022-04-15 00:00:00+00:00,43.0,0.0,,,,307.4,
2022-04-18 00:00:00+00:00,39.0,3768.0,307.4,307.4,307.4,307.4,0.0
2022-04-19 00:00:00+00:00,38.0,3754.0,308.5,308.5,308.5,308.5,0.0
2022-04-20 00:00:00+00:00,37.0,3766.0,313.35,313.35,313.35,313.35,51.0
2022-04-21 00:00:00+00:00,36.0,3803.0,315.0,315.0,315.0,315.15,1.0
2022-04-22 00:00:00+00:00,35.0,3828.0,303.25,303.25,303.25,303.25,0.0
2022-04-25 00:00:00+00:00,32.0,3893.0,298.85,298.85,298.85,298.85,60.0
2022-04-26 00:00:00+00:00,31.0,3893.0,279.25,279.25,279.25,279.25,0.0
2022-04-27 00:00:00+00:00,30.0,3947.0,275.95,275.95,275.95,273.0,16.0
2022-04-28 00:00:00+00:00,29.0,3996.0,270.0,268.0,270.0,261.0,75.0
2022-04-29 00:00:00+00:00,28.0,2952.0,258.25,258.25,258.25,258.25,0.0
2022-05-02 00:00:00+00:00,53.0,2952.0,252.7,252.7,252.7,252.7,0.0
2022-05-03 00:00:00+00:00,52.0,3132.0,260.0,260.0,260.0,267.5,107.0
2022-05-04 00:00:00+00:00,51.0,3136.0,292.8,292.8,292.8,292.8,25.0
2022-05-05 00:00:00+00:00,50.0,3135.0,305.0,305.0,305.0,305.3,7.0
2022-05-06 00:00:00+00:00,49.0,3185.0,305.95,305.95,305.95,305.95,0.0
2022-05-09 00:00:00+00:00,46.0,3254.0,310.0,308.0,310.0,303.5,55.0
2022-05-10 00:00:00+00:00,45.0,3249.0,303.0,298.0,303.0,298.15,36.0
2022-05-11 00:00:00+00:00,44.0,3282.0,298.0,298.0,298.0,300.5,13.0
2022-05-12 00:00:00+00:00,43.0,3351.0,312.0,312.0,312.0,310.0,54.0
2022-05-13 00:00:00+00:00,42.0,3427.0,300.0,300.0,300.0,300.0,137.0
2022-05-16 00:00:00+00:00,39.0,3531.0,308.0,303.0,303.0,309.45,72.0
2022-05-17 00:00:00+00:00,38.0,3861.0,320.0,314.0,314.0,320.0,87.0
2022-05-18 00:00:00+00:00,37.0,3917.0,330.0,330.0,330.0,318.75,61.0
2022-05-19 00:00:00+00:00,36.0,4007.0,323.0,323.0,323.0,323.0,60.0
2022-05-20 00:00:00+00:00,35.0,4053.0,333.2,333.2,333.2,333.2,77.0
2022-05-23 00:00:00+00:00,32.0,4052.0,322.5,322.5,322.5,322.5,10.0
2022-05-24 00:00:00+00:00,31.0,4052.0,293.0,293.0,293.0,293.0,30.0
2022-05-25 00:00:00+00:00,30.0,4052.0,285.0,280.0,280.0,280.0,2.0
2022-05-26 00:00:00+00:00,29.0,4197.0,305.0,300.0,300.0,296.8,222.0
2022-05-27 00:00:00+00:00,28.0,3528.0,301.0,301.0,301.0,301.0,0.0
2022-05-30 00:00:00+00:00,25.0,3511.0,320.0,315.0,315.0,319.65,14.0
2022-05-31 00:00:00+00:00,24.0,3575.0,332.0,332.0,332.0,341.5,37.0
2022-06-01 00:00:00+00:00,58.0,3575.0,303.15,303.15,303.15,303.15,0.0
2022-06-02 00:00:00+00:00,57.0,3575.0,303.65,303.65,303.65,303.65,0.0
2022-06-03 00:00:00+00:00,56.0,3575.0,303.65,303.65,303.65,303.65,0.0
2022-06-06 00:00:00+00:00,53.0,3587.0,314.1,314.1,314.1,314.1,10.0
2022-06-07 00:00:00+00:00,80.0,3667.0,304.15,304.15,304.15,304.15,0.0
2022-06-08 00:00:00+00:00,51.0,3673.0,292.75,292.75,292.75,292.75,38.0
2022-06-09 00:00:00+00:00,50.0,3688.0,289.75,289.75,289.75,289.75,27.0
2022-06-10 00:00:00+00:00,49.0,3694.0,279.0,279.0,279.0,279.0,2.0
2022-06-13 00:00:00+00:00,46.0,3694.0,277.25,277.25,277.25,277.25,0.0
2022-06-14 00:00:00+00:00,45.0,3727.0,275.35,275.35,275.35,275.35,12.0
2022-06-15 00:00:00+00:00,44.0,3788.0,290.0,290.0,290.0,287.6,70.0
2022-06-16 00:00:00+00:00,43.0,3783.0,295.75,295.75,295.75,295.75,40.0
2022-06-17 00:00:00+00:00,42.0,3813.0,311.9,311.9,311.9,311.9,0.0
2022-06-20 00:00:00+00:00,39.0,3999.0,335.0,330.0,330.0,330.5,102.0
2022-06-21 00:00:00+00:00,38.0,4124.0,352.0,350.0,350.0,352.1,32.0
2022-06-22 00:00:00+00:00,37.0,4388.0,346.7,346.7,346.7,346.7,12.0
2022-06-23 00:00:00+00:00,36.0,4521.0,355.0,355.0,355.0,355.0,45.0
2022-06-24 00:00:00+00:00,35.0,3859.0,345.5,345.5,345.5,345.5,15.0
2022-06-27 00:00:00+00:00,32.0,3891.0,347.25,347.25,347.25,347.25,40.0
2022-06-28 00:00:00+00:00,31.0,4073.0,340.0,340.0,340.0,340.0,56.0
2022-06-29 00:00:00+00:00,30.0,4152.0,338.5,338.5,338.5,338.5,108.0
2022-06-30 00:00:00+00:00,29.0,4230.0,341.65,341.65,341.65,341.65,12.0
2022-07-01 00:00:00+00:00,56.0,4230.0,327.0,327.0,327.0,327.0,0.0
2022-07-04 00:00:00+00:00,53.0,4230.0,334.35,334.35,334.35,334.35,0.0
2022-07-05 00:00:00+00:00,87.0,4293.0,335.5,335.5,335.5,335.5,12.0
2022-07-06 00:00:00+00:00,51.0,4341.0,337.7,337.7,337.7,337.7,48.0
2022-07-07 00:00:00+00:00,50.0,4356.0,347.75,347.75,347.75,347.75,75.0
2022-07-08 00:00:00+00:00,49.0,4374.0,346.75,346.75,346.75,346.75,3.0
2022-07-11 00:00:00+00:00,46.0,4431.0,351.15,351.15,351.15,351.15,0.0
2022-07-12 00:00:00+00:00,45.0,4441.0,350.75,350.75,350.75,350.75,15.0
2022-07-13 00:00:00+00:00,44.0,4405.0,344.05,344.05,344.05,344.05,6.0
2022-07-14 00:00:00+00:00,43.0,4398.0,334.0,334.0,334.0,334.0,0.0
2022-07-15 00:00:00+00:00,42.0,4398.0,318.3,318.3,318.3,318.3,0.0
2022-07-18 00:00:00+00:00,39.0,4398.0,307.0,307.0,307.0,307.0,0.0
2022-07-19 00:00:00+00:00,73.0,4383.0,307.25,307.25,307.25,307.25,39.0
2022-07-20 00:00:00+00:00,37.0,4371.0,307.2,307.2,307.2,307.2,9.0
2022-07-21 00:00:00+00:00,36.0,4371.0,302.15,302.15,302.15,302.15,0.0
2022-07-22 00:00:00+00:00,35.0,4371.0,306.3,306.3,306.3,306.3,0.0
2022-07-25 00:00:00+00:00,32.0,4340.0,317.65,317.65,317.65,317.65,0.0
2022-07-26 00:00:00+00:00,31.0,4352.0,341.85,341.85,341.85,341.85,72.0
2022-07-27 00:00:00+00:00,30.0,4394.0,335.5,335.5,335.5,335.5,46.0
2022-07-28 00:00:00+00:00,29.0,4394.0,337.25,337.25,337.25,337.25,0.0
2022-07-29 00:00:00+00:00,28.0,3833.0,327.65,327.65,327.65,327.65,0.0
2022-08-01 00:00:00+00:00,60.0,3833.0,317.5,317.5,317.5,317.5,0.0
2022-08-02 00:00:00+00:00,59.0,3869.0,313.5,313.5,313.5,313.5,94.0
2022-08-03 00:00:00+00:00,58.0,3863.0,305.0,305.0,305.0,305.0,6.0
2022-08-04 00:00:00+00:00,57.0,3854.0,289.0,289.0,289.0,289.0,12.0
2022-08-05 00:00:00+00:00,56.0,3848.0,268.5,268.5,268.5,268.5,9.0
2022-08-08 00:00:00+00:00,53.0,3878.0,276.8,276.8,276.8,276.8,0.0
2022-08-09 00:00:00+00:00,52.0,3878.0,292.5,292.5,292.5,292.5,0.0
2022-08-10 00:00:00+00:00,51.0,3886.0,315.0,315.0,315.0,314.0,19.0
2022-08-11 00:00:00+00:00,50.0,3858.0,315.0,311.0,315.0,313.0,75.0
2022-08-12 00:00:00+00:00,49.0,3893.0,305.0,305.0,305.0,308.15,125.0
2022-08-15 00:00:00+00:00,46.0,3901.0,322.45,322.45,322.45,322.45,12.0
2022-08-16 00:00:00+00:00,45.0,3905.0,334.55,334.55,334.55,334.55,6.0
2022-08-17 00:00:00+00:00,44.0,4019.0,341.8,341.8,341.8,341.8,186.0
2022-08-18 00:00:00+00:00,43.0,4034.0,345.05,345.05,345.05,345.05,9.0
2022-08-19 00:00:00+00:00,42.0,0.0,351.2,351.2,351.2,351.2,0.0
2022-08-22 00:00:00+00:00,39.0,4114.0,363.8,363.8,363.8,363.8,72.0
2022-08-23 00:00:00+00:00,38.0,4114.0,344.8,344.8,344.8,344.8,0.0
2022-08-24 00:00:00+00:00,37.0,4114.0,344.1,344.1,344.1,344.1,0.0
2022-08-25 00:00:00+00:00,36.0,4119.0,345.0,345.0,345.0,344.0,5.0
2022-08-26 00:00:00+00:00,35.0,3565.0,352.0,352.0,352.0,352.0,132.0
2022-08-29 00:00:00+00:00,32.0,3565.0,348.5,348.5,348.5,348.5,0.0
2022-08-30 00:00:00+00:00,31.0,3570.0,346.6,346.6,346.6,346.6,11.0
2022-08-31 00:00:00+00:00,30.0,3581.0,346.45,346.45,346.45,346.45,14.0
2022-09-01 00:00:00+00:00,57.0,3584.0,353.35,353.35,353.35,353.35,11.0
2022-09-02 00:00:00+00:00,56.0,3590.0,352.9,352.9,352.9,352.9,28.0
2022-09-05 00:00:00+00:00,53.0,3606.0,371.35,371.35,371.35,371.35,16.0
2022-09-06 00:00:00+00:00,52.0,3699.0,359.35,359.35,359.35,359.35,32.0
2022-09-07 00:00:00+00:00,51.0,3729.0,345.0,345.0,345.0,346.0,5.0
2022-09-08 00:00:00+00:00,50.0,3748.0,330.2,330.2,330.2,330.2,0.0
2022-09-09 00:00:00+00:00,49.0,3748.0,314.5,314.5,314.5,314.5,0.0
2022-09-12 00:00:00+00:00,74.0,3823.0,300.7,300.7,300.7,300.7,153.0
2022-09-13 00:00:00+00:00,45.0,3868.0,309.25,309.25,309.25,309.25,29.0
2022-09-14 00:00:00+00:00,44.0,3868.0,319.0,319.0,319.0,319.0,0.0
2022-09-15 00:00:00+00:00,43.0,3912.0,323.0,323.0,323.0,315.5,5.0
2022-09-16 00:00:00+00:00,42.0,0.0,301.4,301.4,301.4,301.4,5.0
2022-09-19 00:00:00+00:00,39.0,3589.0,302.35,302.35,302.35,302.35,0.0
2022-09-20 00:00:00+00:00,38.0,3601.0,299.5,299.5,299.5,299.5,12.0
2022-09-21 00:00:00+00:00,37.0,3661.0,300.85,300.85,300.85,300.85,13.0
2022-09-22 00:00:00+00:00,36.0,3745.0,299.0,299.0,299.0,293.1,88.0
2022-09-23 00:00:00+00:00,35.0,3734.0,298.0,298.0,298.0,298.0,75.0
2022-09-26 00:00:00+00:00,32.0,3798.0,297.5,297.5,297.5,297.5,9.0
2022-09-27 00:00:00+00:00,31.0,3828.0,307.5,307.5,307.5,307.5,0.0
2022-09-28 00:00:00+00:00,30.0,3825.0,309.9,309.9,309.9,309.9,13.0
2022-09-29 00:00:00+00:00,29.0,3820.0,307.0,307.0,307.0,308.3,5.0
2022-09-30 00:00:00+00:00,28.0,3152.0,305.9,305.9,305.9,305.9,0.0
2022-10-03 00:00:00+00:00,53.0,3167.0,315.5,315.5,315.5,315.5,3.0
2022-10-04 00:00:00+00:00,52.0,3167.0,304.25,304.25,304.25,304.25,0.0
2022-10-05 00:00:00+00:00,51.0,3245.0,289.95,289.95,289.95,289.95,168.0
2022-10-06 00:00:00+00:00,50.0,3245.0,265.0,265.0,265.0,265.0,9.0
2022-10-07 00:00:00+00:00,49.0,3245.0,253.0,253.0,253.0,253.0,0.0
2022-10-10 00:00:00+00:00,46.0,3245.0,253.0,253.0,253.0,253.0,0.0
2022-10-11 00:00:00+00:00,45.0,3276.0,253.0,251.0,251.0,260.0,69.0
2022-10-12 00:00:00+00:00,44.0,3264.0,279.25,279.25,279.25,279.25,60.0
2022-10-13 00:00:00+00:00,43.0,3265.0,262.5,262.5,262.5,259.0,1.0
2022-10-14 00:00:00+00:00,42.0,3280.0,260.0,260.0,260.0,260.0,39.0
2022-10-17 00:00:00+00:00,39.0,3307.0,258.75,258.75,258.75,258.75,27.0
2022-10-18 00:00:00+00:00,38.0,3316.0,252.0,252.0,252.0,252.0,9.0
2022-10-19 00:00:00+00:00,37.0,3319.0,254.5,254.5,254.5,254.5,3.0
2022-10-20 00:00:00+00:00,36.0,3319.0,255.25,255.25,255.25,255.25,0.0
2022-10-21 00:00:00+00:00,35.0,3361.0,251.65,251.65,251.65,251.65,31.0
2022-10-24 00:00:00+00:00,32.0,3416.0,244.2,244.2,244.2,244.2,50.0
2022-10-25 00:00:00+00:00,31.0,3440.0,248.1,248.1,248.1,248.1,26.0
2022-10-26 00:00:00+00:00,30.0,3459.0,240.0,238.0,240.0,240.8,28.0
2022-10-27 00:00:00+00:00,29.0,3470.0,233.0,233.0,233.0,236.4,26.0
2022-10-28 00:00:00+00:00,28.0,2896.0,237.0,237.0,237.0,238.2,20.0
2022-10-31 00:00:00+00:00,25.0,2900.0,218.0,212.0,218.0,214.6,45.0
2022-11-01 00:00:00+00:00,59.0,2906.0,221.2,221.2,221.2,221.2,9.0
2022-11-02 00:00:00+00:00,58.0,2958.0,230.5,230.5,230.5,230.5,79.0
2022-11-03 00:00:00+00:00,57.0,2970.0,219.0,219.0,219.0,219.0,24.0
2022-11-04 00:00:00+00:00,56.0,2995.0,215.4,215.4,215.4,215.4,15.0
2022-11-07 00:00:00+00:00,53.0,3010.0,200.0,200.0,200.0,196.1,5.0
2022-11-08 00:00:00+00:00,52.0,3010.0,186.2,186.2,186.2,186.2,0.0
2022-11-09 00:00:00+00:00,51.0,3010.0,178.95,178.95,178.95,178.95,0.0
2022-11-10 00:00:00+00:00,50.0,3012.0,180.75,180.75,180.75,180.75,6.0
2022-11-11 00:00:00+00:00,49.0,3012.0,180.55,180.55,180.55,180.55,0.0
2022-11-14 00:00:00+00:00,46.0,3052.0,191.5,191.5,191.5,191.5,48.0
2022-11-15 00:00:00+00:00,45.0,3056.0,203.1,203.1,203.1,203.1,6.0
2022-11-16 00:00:00+00:00,44.0,3056.0,194.0,194.0,194.0,194.0,0.0
2022-11-17 00:00:00+00:00,43.0,3081.0,196.0,196.0,196.0,196.0,0.0
2022-11-18 00:00:00+00:00,42.0,3087.0,206.0,206.0,206.0,206.0,3.0
2022-11-21 00:00:00+00:00,39.0,3157.0,219.4,219.4,219.4,219.4,84.0
2022-11-22 00:00:00+00:00,38.0,3167.0,225.25,225.25,225.25,225.25,9.0
2022-11-23 00:00:00+00:00,37.0,3156.0,234.9,234.9,234.9,234.9,9.0
2022-11-24 00:00:00+00:00,36.0,3177.0,237.5,232.0,237.5,233.0,15.0
2022-11-25 00:00:00+00:00,35.0,2445.0,232.0,230.0,232.0,232.5,12.0
2022-11-28 00:00:00+00:00,32.0,2484.0,235.0,235.0,235.0,234.9,43.0
2022-11-29 00:00:00+00:00,31.0,2488.0,241.0,241.0,241.0,241.0,0.0
2022-11-30 00:00:00+00:00,30.0,2501.0,250.0,250.0,250.0,250.75,18.0
2022-12-01 00:00:00+00:00,57.0,2506.0,255.35,255.35,255.35,255.35,2.0
2022-12-02 00:00:00+00:00,56.0,2506.0,258.05,258.05,258.05,258.05,0.0
2022-12-05 00:00:00+00:00,53.0,2456.0,255.0,255.0,255.0,250.45,23.0
2022-12-06 00:00:00+00:00,52.0,2497.0,255.0,255.0,255.0,252.0,25.0
2022-12-07 00:00:00+00:00,51.0,2512.0,250.0,245.0,250.0,246.0,15.0
2022-12-08 00:00:00+00:00,50.0,2512.0,242.0,242.0,242.0,242.0,0.0
2022-12-09 00:00:00+00:00,49.0,2527.0,241.0,241.0,241.0,241.0,8.0
2022-12-12 00:00:00+00:00,46.0,2532.0,230.5,230.5,230.5,230.5,0.0
2022-12-13 00:00:00+00:00,45.0,2532.0,225.5,225.5,225.5,225.5,0.0
2022-12-14 00:00:00+00:00,44.0,2552.0,225.65,225.65,225.65,225.65,6.0
2022-12-15 00:00:00+00:00,43.0,2552.0,223.2,223.2,223.2,223.2,0.0
2022-12-16 00:00:00+00:00,42.0,2587.0,218.9,218.9,218.9,218.9,0.0
2022-12-19 00:00:00+00:00,39.0,2587.0,209.65,209.65,209.65,209.65,0.0
2022-12-20 00:00:00+00:00,38.0,2615.0,205.65,205.65,205.65,205.65,50.0
2022-12-21 00:00:00+00:00,37.0,2650.0,204.9,204.9,204.9,204.9,0.0
2022-12-22 00:00:00+00:00,36.0,2672.0,199.0,199.0,199.0,199.0,110.0
2022-12-23 00:00:00+00:00,35.0,0.0,190.85,190.85,190.85,190.85,100.0
2022-12-26 00:00:00+00:00,35.0,0.0,,,,190.85,
2022-12-27 00:00:00+00:00,31.0,2713.0,184.35,184.35,184.35,184.35,0.0
2022-12-28 00:00:00+00:00,30.0,2713.0,186.35,186.35,186.35,186.35,0.0
2022-12-29 00:00:00+00:00,29.0,2730.0,190.0,190.0,190.0,188.0,17.0
2022-12-30 00:00:00+00:00,28.0,1997.0,186.1,186.1,186.1,186.1,3.0
2023-01-02 00:00:00+00:00,53.0,1997.0,184.0,184.0,184.0,184.0,0.0
2023-01-03 00:00:00+00:00,52.0,2007.0,181.0,181.0,181.0,181.0,0.0
2023-01-04 00:00:00+00:00,51.0,2044.0,183.0,183.0,183.0,183.0,27.0
2023-01-05 00:00:00+00:00,50.0,2104.0,181.0,181.0,181.0,181.0,0.0
2023-01-06 00:00:00+00:00,49.0,2114.0,173.15,173.15,173.15,173.15,0.0
2023-01-09 00:00:00+00:00,46.0,2125.0,170.0,170.0,170.0,171.5,11.0
2023-01-10 00:00:00+00:00,45.0,2140.0,170.35,170.35,170.35,170.35,0.0
2023-01-11 00:00:00+00:00,44.0,2205.0,167.1,167.1,167.1,167.1,15.0
2023-01-12 00:00:00+00:00,43.0,2216.0,170.0,170.0,170.0,174.15,72.0
2023-01-13 00:00:00+00:00,42.0,2211.0,175.0,175.0,175.0,175.0,15.0
2023-01-16 00:00:00+00:00,39.0,2217.0,167.0,167.0,167.0,167.0,3.0
2023-01-17 00:00:00+00:00,38.0,2236.0,171.0,171.0,171.0,170.55,12.0
2023-01-18 00:00:00+00:00,37.0,2248.0,172.0,171.0,171.0,172.0,11.0
2023-01-19 00:00:00+00:00,36.0,2273.0,176.0,176.0,176.0,175.5,10.0
2023-01-20 00:00:00+00:00,35.0,2278.0,175.75,175.75,175.75,175.75,0.0
2023-01-23 00:00:00+00:00,32.0,2294.0,176.75,176.75,176.75,176.75,0.0
2023-01-24 00:00:00+00:00,31.0,2306.0,169.0,169.0,169.0,169.0,5.0
2023-01-25 00:00:00+00:00,30.0,2318.0,154.0,154.0,154.0,154.0,12.0
2023-01-26 00:00:00+00:00,29.0,2358.0,156.0,150.0,155.0,147.95,19.0
2023-01-27 00:00:00+00:00,28.0,1908.0,147.25,147.25,147.25,147.25,4.0
2023-01-30 00:00:00+00:00,25.0,1897.0,145.0,145.0,145.0,146.25,1.0
2023-01-31 00:00:00+00:00,24.0,1914.0,145.0,140.0,145.0,141.65,8.0
2023-02-01 00:00:00+00:00,58.0,0.0,145.0,144.0,144.0,144.5,12.0
2023-02-02 00:00:00+00:00,57.0,0.0,145.0,144.8,145.0,145.0,19.0
2023-02-03 00:00:00+00:00,56.0,2019.0,149.5,149.5,149.5,147.35,11.0
2023-02-06 00:00:00+00:00,53.0,2036.0,158.0,158.0,158.0,158.0,4.0
2023-02-07 00:00:00+00:00,52.0,2052.0,155.0,152.0,155.0,148.5,62.0
2023-02-08 00:00:00+00:00,51.0,2057.0,142.0,139.5,142.0,140.6,15.0
2023-02-09 00:00:00+00:00,50.0,2072.0,135.25,133.5,135.0,134.05,33.0
2023-02-10 00:00:00+00:00,49.0,2087.0,144.5,140.0,140.0,143.5,18.0
2023-02-13 00:00:00+00:00,46.0,2092.0,140.8,140.8,140.8,140.8,0.0
2023-02-14 00:00:00+00:00,45.0,2109.0,142.2,142.2,142.2,142.2,8.0
2023-02-15 00:00:00+00:00,44.0,2118.0,146.0,145.0,146.0,145.5,9.0
2023-02-16 00:00:00+00:00,43.0,2161.0,141.0,140.0,141.0,143.0,23.0
2023-02-17 00:00:00+00:00,42.0,2189.0,137.0,137.0,137.0,136.5,8.0
2023-02-20 00:00:00+00:00,39.0,2202.0,135.0,135.0,135.0,135.5,24.0
2023-02-21 00:00:00+00:00,38.0,2227.0,136.0,136.0,136.0,138.1,16.0
2023-02-22 00:00:00+00:00,37.0,2257.0,138.25,138.25,138.25,138.25,0.0
2023-02-23 00:00:00+00:00,36.0,2271.0,143.0,140.0,140.0,143.65,20.0
2023-02-24 00:00:00+00:00,35.0,1830.0,149.0,146.0,146.0,148.2,27.0
2023-02-27 00:00:00+00:00,32.0,1845.0,145.7,145.7,145.7,145.7,0.0
2023-02-28 00:00:00+00:00,31.0,1877.0,145.0,143.0,145.0,143.05,77.0
2023-03-01 00:00:00+00:00,58.0,1892.0,144.25,144.25,144.25,144.25,16.0
2023-03-02 00:00:00+00:00,57.0,1901.0,139.4,139.4,139.4,139.4,19.0
2023-03-03 00:00:00+00:00,56.0,1917.0,132.0,132.0,132.0,132.0,10.0
2023-03-06 00:00:00+00:00,53.0,1929.0,122.25,122.25,122.25,122.25,58.0
2023-03-07 00:00:00+00:00,52.0,1920.0,126.55,126.55,126.55,126.55,10.0
2023-03-08 00:00:00+00:00,51.0,1975.0,127.65,127.65,127.65,127.65,4.0
2023-03-09 00:00:00+00:00,50.0,1992.0,132.0,125.0,125.0,131.75,3.0
2023-03-10 00:00:00+00:00,49.0,2005.0,138.0,138.0,138.0,137.5,3.0
2023-03-13 00:00:00+00:00,46.0,2010.0,138.65,138.65,138.65,138.65,1.0
2023-03-14 00:00:00+00:00,45.0,2044.0,138.3,138.3,138.3,138.3,1.0
2023-03-15 00:00:00+00:00,44.0,2094.0,134.0,134.0,134.0,133.0,49.0
2023-03-16 00:00:00+00:00,43.0,2109.0,134.0,134.0,134.0,134.0,5.0
2023-03-17 00:00:00+00:00,42.0,2149.0,130.5,130.5,130.5,130.5,2.0
2023-03-20 00:00:00+00:00,39.0,2221.0,130.1,130.1,130.1,130.1,4.0
2023-03-21 00:00:00+00:00,38.0,2218.0,134.9,134.9,134.9,134.9,1.0
2023-03-22 00:00:00+00:00,37.0,2211.0,133.0,133.0,133.0,132.35,11.0
2023-03-23 00:00:00+00:00,36.0,2245.0,133.2,133.2,133.2,133.2,78.0
2023-03-24 00:00:00+00:00,35.0,2449.0,131.1,131.1,131.1,131.1,216.0
2023-03-27 00:00:00+00:00,32.0,2464.0,132.85,132.85,132.85,132.85,15.0
2023-03-28 00:00:00+00:00,31.0,2464.0,136.85,136.85,136.85,136.85,0.0
2023-03-29 00:00:00+00:00,30.0,2512.0,138.9,138.9,138.9,138.9,0.0
2023-03-30 00:00:00+00:00,29.0,2512.0,138.5,138.5,138.5,138.5,0.0
2023-03-31 00:00:00+00:00,28.0,1692.0,140.0,140.0,140.0,140.0,9.0
2023-04-03 00:00:00+00:00,53.0,1707.0,142.5,142.5,142.5,142.5,0.0
2023-04-04 00:00:00+00:00,52.0,1707.0,140.0,140.0,140.0,136.5,1.0
2023-04-05 00:00:00+00:00,51.0,1710.0,136.0,136.0,136.0,136.0,51.0
2023-04-06 00:00:00+00:00,50.0,0.0,135.0,134.0,135.0,132.85,7.0
2023-04-07 00:00:00+00:00,50.0,0.0,,,,132.85,
2023-04-10 00:00:00+00:00,46.0,1767.0,132.85,132.85,132.85,132.85,0.0
2023-04-11 00:00:00+00:00,45.0,1789.0,130.0,130.0,130.0,129.35,21.0
2023-04-12 00:00:00+00:00,44.0,1790.0,130.35,130.35,130.35,130.35,20.0
2023-04-13 00:00:00+00:00,43.0,1815.0,128.5,126.0,126.5,125.75,12.0
2023-04-14 00:00:00+00:00,42.0,1861.0,123.85,123.85,123.85,123.85,1.0
2023-04-17 00:00:00+00:00,39.0,1886.0,123.25,123.25,123.25,123.25,0.0
2023-04-18 00:00:00+00:00,38.0,1904.0,125.05,125.05,125.05,125.05,23.0
2023-04-19 00:00:00+00:00,37.0,1977.0,128.25,128.25,128.25,128.25,33.0
2023-04-20 00:00:00+00:00,36.0,1993.0,130.0,130.0,130.0,130.5,8.0
2023-04-21 00:00:00+00:00,35.0,1999.0,131.0,131.0,131.0,131.25,1.0
2023-04-24 00:00:00+00:00,32.0,1999.0,129.75,129.75,129.75,129.75,0.0
2023-04-25 00:00:00+00:00,31.0,2005.0,130.35,130.35,130.35,130.35,10.0
2023-04-26 00:00:00+00:00,30.0,2008.0,129.75,129.75,129.75,129.75,2.0
2023-04-27 00:00:00+00:00,29.0,2008.0,129.75,129.75,129.75,129.75,2.0
2023-04-28 00:00:00+00:00,28.0,1580.0,129.75,129.75,129.75,129.75,0.0
2023-05-01 00:00:00+00:00,60.0,1580.0,129.95,129.95,129.95,129.95,0.0
2023-05-02 00:00:00+00:00,59.0,1590.0,128.4,128.4,128.4,128.4,6.0
2023-05-03 00:00:00+00:00,58.0,1623.0,124.0,124.0,124.0,125.0,19.0
2023-05-04 00:00:00+00:00,57.0,1643.0,122.1,122.1,122.1,122.1,0.0
2023-05-05 00:00:00+00:00,56.0,1643.0,120.5,120.5,120.5,120.5,1.0
2023-05-08 00:00:00+00:00,53.0,1643.0,120.5,120.5,120.5,120.5,0.0
2023-05-09 00:00:00+00:00,52.0,1662.0,119.6,119.6,119.6,119.6,16.0
2023-05-10 00:00:00+00:00,51.0,1667.0,115.0,115.0,115.0,115.0,8.0
2023-05-11 00:00:00+00:00,50.0,1692.0,113.0,109.5,113.0,111.15,31.0
2023-05-12 00:00:00+00:00,49.0,1746.0,108.0,108.0,108.0,107.95,5.0
2023-05-15 00:00:00+00:00,46.0,1767.0,106.0,106.0,106.0,106.0,8.0
2023-05-16 00:00:00+00:00,45.0,1792.0,102.25,102.25,102.25,102.25,24.0
2023-05-17 00:00:00+00:00,44.0,1865.0,105.25,105.25,105.25,105.25,4.0
2023-05-18 00:00:00+00:00,43.0,1906.0,101.0,101.0,101.0,100.95,16.0
2023-05-19 00:00:00+00:00,42.0,1911.0,105.0,105.0,105.0,105.0,1.0
2023-05-22 00:00:00+00:00,39.0,1898.0,105.1,105.1,105.1,105.1,12.0
2023-05-23 00:00:00+00:00,38.0,1888.0,103.75,103.75,103.75,103.75,37.0
2023-05-24 00:00:00+00:00,37.0,2020.0,105.0,105.0,105.0,104.0,107.0
2023-05-25 00:00:00+00:00,36.0,2062.0,103.0,102.0,103.0,102.5,50.0
2023-05-26 00:00:00+00:00,35.0,1641.0,102.9,102.9,102.9,102.9,21.0
2023-05-29 00:00:00+00:00,32.0,1641.0,102.9,102.9,102.9,102.9,0.0
2023-05-30 00:00:00+00:00,31.0,1809.0,100.0,98.0,100.0,99.0,104.0
2023-05-31 00:00:00+00:00,30.0,1858.0,100.2,100.2,100.2,100.2,12.0
2023-06-01 00:00:00+00:00,57.0,1920.0,96.0,96.0,96.0,95.75,66.0
2023-06-02 00:00:00+00:00,56.0,1942.0,99.35,99.35,99.35,99.35,10.0
2023-06-05 00:00:00+00:00,53.0,1926.0,103.45,103.45,103.45,103.45,33.0
2023-06-06 00:00:00+00:00,80.0,1952.0,99.2,99.2,99.2,99.2,37.0
