0,1,2,3,4,5,6,7
Name,CSCE-COFFEE 'C' CONTINUOUS - LIFE DAYS,CSCE-COFFEE 'C' CONTINUOUS - OPEN INTEREST,CSCE-COFFEE 'C' CONTINUOUS - PRICE HIGH,CSCE-COFFEE 'C' CONTINUOUS - PRICE LOW,CSCE-COFFEE 'C' CONTINUOUS - OPENING PRICE,CSCE-COFFEE 'C' CONTINUOUS - SETT. PRICE,CSCE-COFFEE 'C' CONTINUOUS - VOLUME TRADED
MNEM,NKCCS00,NKCCS00,NKCCS00,NKCCS00,NKCCS00,NKCCS00,NKCCS00
DATATYPE,L,OI,PH,PL,PO,PS,VM
NAME,CSCE-COFFEE 'C' CONTINUOUS,CSCE-COFFEE 'C' CONTINUOUS,CSCE-COFFEE 'C' CONTINUOUS,CSCE-COFFEE 'C' CONTINUOUS,CSCE-COFFEE 'C' CONTINUOUS,CSCE-COFFEE 'C' CONTINUOUS,CSCE-COFFEE 'C' CONTINUOUS
ISOCUR,USX,USX,USX,USX,USX,USX,USX
1979-01-02 00:00:00+00:00,83.0,6460.0,135.0,133.25,133.5,134.97,753.0
1979-01-03 00:00:00+00:00,82.0,6555.0,136.0,134.5,134.62,135.98,984.0
1979-01-04 00:00:00+00:00,81.0,6629.0,137.25,136.0,136.82,136.36,1344.0
1979-01-05 00:00:00+00:00,80.0,6742.0,135.0,132.5,132.87,134.66,1234.0
1979-01-08 00:00:00+00:00,77.0,6765.0,135.9,135.0,135.62,135.6,1030.0
1979-01-09 00:00:00+00:00,76.0,7020.0,136.0,134.1,134.62,135.7,1177.0
1979-01-10 00:00:00+00:00,75.0,7051.0,135.0,132.05,134.75,133.05,891.0
1979-01-11 00:00:00+00:00,74.0,7017.0,133.2,129.05,132.87,129.26,1345.0
1979-01-12 00:00:00+00:00,73.0,6881.0,130.5,128.75,130.0,130.25,958.0
1979-01-15 00:00:00+00:00,70.0,6852.0,131.25,129.5,130.25,130.13,477.0
1979-01-16 00:00:00+00:00,69.0,6837.0,130.9,129.3,130.5,129.39,588.0
1979-01-17 00:00:00+00:00,68.0,6857.0,129.25,126.75,129.12,126.98,879.0
1979-01-18 00:00:00+00:00,67.0,6930.0,130.0,127.25,127.37,130.0,1365.0
1979-01-19 00:00:00+00:00,66.0,7162.0,130.4,128.0,129.75,129.2,1041.0
1979-01-22 00:00:00+00:00,63.0,7107.0,129.75,128.5,128.75,128.9,628.0
1979-01-23 00:00:00+00:00,62.0,7196.0,129.0,127.45,128.41,128.19,814.0
1979-01-24 00:00:00+00:00,61.0,7193.0,126.5,125.5,126.25,125.71,852.0
1979-01-25 00:00:00+00:00,60.0,7078.0,126.25,125.25,125.4,125.77,952.0
1979-01-26 00:00:00+00:00,59.0,7111.0,125.25,124.4,124.87,124.47,814.0
1979-01-29 00:00:00+00:00,56.0,7098.0,125.6,124.26,124.5,124.5,404.0
1979-01-30 00:00:00+00:00,55.0,7242.0,124.95,123.6,124.25,124.8,1114.0
1979-01-31 00:00:00+00:00,54.0,7113.0,127.8,124.5,125.12,127.76,1871.0
1979-02-01 00:00:00+00:00,53.0,7485.0,128.2,125.65,125.87,127.5,1656.0
1979-02-02 00:00:00+00:00,52.0,7763.0,129.0,127.5,127.65,128.75,1370.0
1979-02-05 00:00:00+00:00,49.0,7725.0,129.1,127.75,128.69,127.75,651.0
1979-02-06 00:00:00+00:00,48.0,7806.0,127.75,126.25,127.75,127.09,1353.0
1979-02-07 00:00:00+00:00,47.0,7848.0,127.0,124.51,126.75,126.17,1533.0
1979-02-08 00:00:00+00:00,46.0,7977.0,126.0,125.0,125.12,125.55,971.0
1979-02-09 00:00:00+00:00,45.0,8009.0,125.9,124.8,125.3,125.7,1200.0
1979-02-12 00:00:00+00:00,42.0,8137.0,125.5,124.85,125.25,125.25,780.0
1979-02-13 00:00:00+00:00,41.0,8220.0,125.4,123.8,124.67,125.02,996.0
1979-02-14 00:00:00+00:00,40.0,7991.0,126.0,124.25,125.95,124.5,659.0
1979-02-15 00:00:00+00:00,39.0,7712.0,124.5,120.0,124.5,122.25,3493.0
1979-02-16 00:00:00+00:00,38.0,7729.0,122.9,121.35,122.25,122.5,1038.0
1979-02-19 00:00:00+00:00,38.0,7729.0,,,,122.5,
1979-02-20 00:00:00+00:00,34.0,7804.0,125.0,123.5,123.75,124.94,988.0
1979-02-21 00:00:00+00:00,33.0,7686.0,126.5,125.25,125.25,125.96,1626.0
1979-02-22 00:00:00+00:00,32.0,7781.0,128.75,125.5,125.5,128.16,1438.0
1979-02-23 00:00:00+00:00,31.0,7801.0,128.5,126.55,127.87,128.5,1584.0
1979-02-26 00:00:00+00:00,28.0,7949.0,127.77,127.0,127.77,127.35,1148.0
1979-02-27 00:00:00+00:00,27.0,7676.0,127.1,125.75,127.1,126.13,1338.0
1979-02-28 00:00:00+00:00,26.0,7965.0,126.5,125.5,125.8,126.25,1450.0
1979-03-01 00:00:00+00:00,83.0,7940.0,128.11,126.6,127.5,127.48,1133.0
1979-03-02 00:00:00+00:00,82.0,7883.0,128.31,127.21,127.25,128.14,690.0
1979-03-05 00:00:00+00:00,79.0,8150.0,132.11,129.0,129.25,131.38,1181.0
1979-03-06 00:00:00+00:00,78.0,8206.0,132.0,131.11,131.25,131.22,1175.0
1979-03-07 00:00:00+00:00,77.0,8078.0,133.26,132.26,132.62,132.5,1285.0
1979-03-08 00:00:00+00:00,76.0,8348.0,136.0,133.55,134.01,136.24,1705.0
1979-03-09 00:00:00+00:00,75.0,8407.0,136.22,136.22,136.22,136.22,1756.0
1979-03-12 00:00:00+00:00,72.0,8400.0,134.36,134.36,134.36,134.36,1078.0
1979-03-13 00:00:00+00:00,71.0,8418.0,135.6,135.11,135.23,135.41,988.0
1979-03-14 00:00:00+00:00,70.0,8249.0,134.5,133.0,134.37,134.22,861.0
1979-03-15 00:00:00+00:00,69.0,8189.0,133.44,133.44,133.44,133.44,848.0
1979-03-16 00:00:00+00:00,68.0,8180.0,134.16,132.5,134.11,133.0,510.0
1979-03-19 00:00:00+00:00,65.0,8115.0,133.25,132.11,133.12,133.24,1030.0
1979-03-20 00:00:00+00:00,64.0,8149.0,133.0,132.11,132.2,133.27,578.0
1979-03-21 00:00:00+00:00,63.0,8158.0,133.11,132.02,132.5,132.11,648.0
1979-03-22 00:00:00+00:00,62.0,8489.0,134.5,133.5,133.6,134.36,1115.0
1979-03-23 00:00:00+00:00,61.0,8641.0,137.0,135.5,136.15,137.26,1514.0
1979-03-26 00:00:00+00:00,58.0,8755.0,136.48,136.48,136.48,136.48,1236.0
1979-03-27 00:00:00+00:00,57.0,8660.0,135.62,135.62,135.62,135.62,831.0
1979-03-28 00:00:00+00:00,56.0,8678.0,137.35,135.45,135.6,137.28,1480.0
1979-03-29 00:00:00+00:00,55.0,8709.0,137.4,136.3,137.12,137.16,1249.0
1979-03-30 00:00:00+00:00,54.0,8799.0,138.06,136.3,136.5,137.49,1313.0
1979-04-02 00:00:00+00:00,51.0,8772.0,135.6,133.4,134.0,134.38,758.0
1979-04-03 00:00:00+00:00,50.0,8884.0,137.25,135.5,136.11,137.19,1130.0
1979-04-04 00:00:00+00:00,49.0,8965.0,136.5,135.25,136.42,136.21,928.0
1979-04-05 00:00:00+00:00,48.0,8830.0,136.0,132.5,135.2,136.26,2412.0
1979-04-06 00:00:00+00:00,47.0,9138.0,137.26,134.0,134.0,137.01,1246.0
1979-04-09 00:00:00+00:00,44.0,9158.0,141.15,139.15,140.01,140.55,1844.0
1979-04-10 00:00:00+00:00,43.0,9204.0,143.0,141.11,141.23,143.16,1624.0
1979-04-11 00:00:00+00:00,42.0,9197.0,143.5,142.25,143.0,143.18,1083.0
1979-04-12 00:00:00+00:00,41.0,9066.0,144.01,142.5,143.49,143.35,1101.0
1979-04-13 00:00:00+00:00,41.0,9066.0,,,,143.35,
1979-04-16 00:00:00+00:00,37.0,9082.0,143.25,142.11,143.0,142.25,963.0
1979-04-17 00:00:00+00:00,36.0,9138.0,142.4,142.11,142.32,142.0,1028.0
1979-04-18 00:00:00+00:00,35.0,9300.0,142.25,141.2,142.12,142.1,1396.0
1979-04-19 00:00:00+00:00,34.0,9293.0,143.6,142.6,143.1,143.26,1787.0
1979-04-20 00:00:00+00:00,33.0,9461.0,144.0,142.5,143.2,144.21,3251.0
1979-04-23 00:00:00+00:00,30.0,9751.0,144.4,142.25,144.23,143.11,2846.0
1979-04-24 00:00:00+00:00,29.0,9147.0,143.6,142.3,143.11,143.41,2415.0
1979-04-25 00:00:00+00:00,28.0,9257.0,144.0,143.0,143.0,144.24,2135.0
1979-04-26 00:00:00+00:00,27.0,9511.0,146.0,143.5,143.6,146.09,2996.0
1979-04-27 00:00:00+00:00,26.0,9782.0,152.0,146.5,146.5,151.17,3440.0
1979-04-30 00:00:00+00:00,23.0,9751.0,151.25,149.5,151.0,151.25,1915.0
1979-05-01 00:00:00+00:00,84.0,9836.0,156.31,154.1,155.37,156.23,2148.0
1979-05-02 00:00:00+00:00,83.0,9525.0,156.11,155.06,155.62,155.03,1507.0
1979-05-03 00:00:00+00:00,82.0,9989.0,157.11,154.25,154.62,157.08,2268.0
1979-05-04 00:00:00+00:00,81.0,10066.0,159.31,157.08,157.09,159.26,2557.0
1979-05-07 00:00:00+00:00,78.0,10017.0,159.35,158.55,159.25,159.27,1259.0
1979-05-08 00:00:00+00:00,77.0,10069.0,159.11,158.11,159.11,158.44,1163.0
1979-05-09 00:00:00+00:00,76.0,10038.0,158.11,155.5,157.52,157.57,1627.0
1979-05-10 00:00:00+00:00,75.0,9936.0,159.06,157.1,158.0,158.16,1869.0
1979-05-11 00:00:00+00:00,74.0,10070.0,157.59,157.59,157.59,157.59,1532.0
1979-05-14 00:00:00+00:00,71.0,10022.0,158.11,156.55,158.03,157.0,729.0
1979-05-15 00:00:00+00:00,70.0,10020.0,156.5,154.25,156.25,155.06,1968.0
1979-05-16 00:00:00+00:00,69.0,10267.0,155.4,153.6,154.16,155.05,1519.0
1979-05-17 00:00:00+00:00,68.0,10068.0,151.05,151.05,151.05,151.05,1790.0
1979-05-18 00:00:00+00:00,67.0,9758.0,153.5,148.0,149.11,152.03,3369.0
1979-05-21 00:00:00+00:00,64.0,10132.0,154.4,151.0,151.12,154.01,1478.0
1979-05-22 00:00:00+00:00,63.0,10317.0,154.11,152.55,153.55,153.25,992.0
1979-05-23 00:00:00+00:00,62.0,10263.0,153.11,151.6,153.06,152.19,1495.0
1979-05-24 00:00:00+00:00,61.0,10317.0,152.11,149.6,151.01,152.02,1060.0
1979-05-25 00:00:00+00:00,60.0,10281.0,153.0,152.05,152.49,153.02,1414.0
1979-05-28 00:00:00+00:00,60.0,10281.0,,,,153.02,
1979-05-29 00:00:00+00:00,56.0,10295.0,152.26,150.2,151.57,151.11,716.0
1979-05-30 00:00:00+00:00,55.0,10299.0,153.5,148.25,150.25,151.54,2045.0
1979-05-31 00:00:00+00:00,54.0,10279.0,157.11,154.5,155.62,156.18,1494.0
1979-06-01 00:00:00+00:00,53.0,10311.0,175.0,170.0,174.5,175.35,1116.0
1979-06-04 00:00:00+00:00,50.0,10219.0,190.0,183.5,188.5,184.08,954.0
1979-06-05 00:00:00+00:00,49.0,10131.0,187.11,181.5,183.5,186.6,1263.0
1979-06-06 00:00:00+00:00,48.0,10128.0,188.0,185.1,187.25,186.61,1096.0
1979-06-07 00:00:00+00:00,47.0,9698.0,185.26,182.5,183.23,184.49,2466.0
1979-06-08 00:00:00+00:00,46.0,9734.0,188.0,185.11,185.35,187.23,2735.0
1979-06-11 00:00:00+00:00,43.0,9743.0,187.0,185.25,186.25,185.43,1542.0
1979-06-12 00:00:00+00:00,42.0,9541.0,187.0,181.55,184.12,186.08,3042.0
1979-06-13 00:00:00+00:00,41.0,9546.0,192.0,188.0,188.22,191.51,2230.0
1979-06-14 00:00:00+00:00,40.0,9494.0,205.5,202.25,202.25,203.13,1759.0
1979-06-15 00:00:00+00:00,39.0,9527.0,201.11,196.0,200.16,197.1,2494.0
1979-06-18 00:00:00+00:00,36.0,9440.0,194.25,190.5,193.62,192.0,1490.0
1979-06-19 00:00:00+00:00,35.0,9340.0,196.0,193.0,193.12,194.62,1940.0
1979-06-20 00:00:00+00:00,34.0,9479.0,198.39,195.25,195.25,198.0,1657.0
1979-06-21 00:00:00+00:00,33.0,9523.0,202.0,201.0,201.62,201.0,1515.0
1979-06-22 00:00:00+00:00,32.0,9361.0,199.11,199.11,199.11,199.11,2236.0
1979-06-25 00:00:00+00:00,29.0,8522.0,204.0,197.0,198.11,203.38,1937.0
1979-06-26 00:00:00+00:00,28.0,8337.0,205.0,203.4,203.45,204.5,1885.0
1979-06-27 00:00:00+00:00,27.0,8604.0,208.11,204.25,205.34,207.58,1979.0
1979-06-28 00:00:00+00:00,26.0,8532.0,212.35,209.5,210.11,212.0,2203.0
1979-06-29 00:00:00+00:00,25.0,8761.0,216.0,215.01,216.0,215.23,1828.0
1979-07-02 00:00:00+00:00,81.0,8556.0,220.5,217.53,220.37,217.53,1514.0
1979-07-03 00:00:00+00:00,80.0,8469.0,216.0,213.53,214.02,215.54,2357.0
1979-07-04 00:00:00+00:00,80.0,8469.0,,,,215.54,
1979-07-05 00:00:00+00:00,78.0,8861.0,219.54,216.0,216.5,219.0,3482.0
1979-07-06 00:00:00+00:00,77.0,8993.0,219.0,215.0,218.55,215.0,2203.0
1979-07-09 00:00:00+00:00,74.0,9157.0,212.0,211.0,211.5,211.0,2629.0
1979-07-10 00:00:00+00:00,73.0,9416.0,214.0,210.0,210.5,214.27,1980.0
1979-07-11 00:00:00+00:00,72.0,9760.0,212.5,211.0,212.23,212.44,1567.0
1979-07-12 00:00:00+00:00,71.0,9926.0,213.11,208.44,212.0,208.44,2186.0
1979-07-13 00:00:00+00:00,70.0,9896.0,206.01,204.44,205.28,204.44,1292.0
1979-07-16 00:00:00+00:00,67.0,10111.0,203.5,200.44,200.44,203.26,1497.0
1979-07-17 00:00:00+00:00,66.0,10246.0,207.26,204.11,207.26,205.25,2785.0
1979-07-18 00:00:00+00:00,65.0,10242.0,206.5,203.25,206.23,206.29,2530.0
1979-07-19 00:00:00+00:00,64.0,10372.0,210.29,205.5,206.31,210.29,2759.0
1979-07-20 00:00:00+00:00,63.0,10558.0,214.29,208.0,213.0,212.29,3570.0
1979-07-23 00:00:00+00:00,60.0,10864.0,209.0,208.29,208.29,208.29,1568.0
1979-07-24 00:00:00+00:00,59.0,10680.0,204.29,204.29,204.29,204.29,597.0
1979-07-25 00:00:00+00:00,58.0,10373.0,206.0,201.25,202.0,206.07,2635.0
1979-07-26 00:00:00+00:00,57.0,10479.0,205.2,201.16,205.0,204.05,2114.0
1979-07-27 00:00:00+00:00,56.0,10396.0,201.5,196.5,201.25,197.13,1581.0
1979-07-30 00:00:00+00:00,53.0,10169.0,196.51,188.11,196.51,190.0,1483.0
1979-07-31 00:00:00+00:00,52.0,10487.0,201.0,194.0,201.0,198.0,1708.0
1979-08-01 00:00:00+00:00,51.0,10156.0,202.11,196.1,197.25,201.53,2035.0
1979-08-02 00:00:00+00:00,50.0,10279.0,201.0,197.11,198.0,197.48,1503.0
1979-08-03 00:00:00+00:00,49.0,10503.0,198.0,196.5,197.37,197.32,1088.0
1979-08-06 00:00:00+00:00,46.0,10748.0,196.5,192.4,194.62,194.5,1407.0
1979-08-07 00:00:00+00:00,45.0,10883.0,195.0,192.05,194.12,195.0,1616.0
1979-08-08 00:00:00+00:00,44.0,11098.0,199.25,196.55,198.12,197.29,1537.0
1979-08-09 00:00:00+00:00,43.0,11208.0,201.5,195.5,197.23,200.5,2055.0
1979-08-10 00:00:00+00:00,42.0,11179.0,201.0,199.0,199.5,200.62,1054.0
1979-08-13 00:00:00+00:00,39.0,11131.0,201.0,201.0,201.0,201.0,953.0
1979-08-14 00:00:00+00:00,38.0,11222.0,204.25,201.01,201.01,204.11,2105.0
1979-08-15 00:00:00+00:00,37.0,11406.0,205.25,201.5,205.25,202.63,1987.0
1979-08-16 00:00:00+00:00,36.0,11237.0,204.0,203.11,203.11,203.5,1884.0
1979-08-17 00:00:00+00:00,35.0,11581.0,205.5,204.0,205.0,205.35,1809.0
1979-08-20 00:00:00+00:00,32.0,11770.0,207.4,204.5,205.62,207.35,1765.0
1979-08-21 00:00:00+00:00,31.0,11800.0,210.0,206.25,206.25,210.18,1765.0
1979-08-22 00:00:00+00:00,30.0,12191.0,212.5,209.0,209.5,212.05,2433.0
1979-08-23 00:00:00+00:00,29.0,12052.0,215.0,210.12,211.5,215.32,2254.0
1979-08-24 00:00:00+00:00,28.0,11896.0,215.26,210.6,214.25,211.39,1724.0
1979-08-27 00:00:00+00:00,25.0,11658.0,217.0,209.05,210.25,216.29,3472.0
1979-08-28 00:00:00+00:00,24.0,11759.0,218.0,216.0,217.55,217.29,2129.0
1979-08-29 00:00:00+00:00,23.0,11787.0,218.0,217.11,217.11,218.32,2284.0
1979-08-30 00:00:00+00:00,22.0,12101.0,218.0,216.0,218.0,217.28,2199.0
1979-08-31 00:00:00+00:00,21.0,12014.0,218.4,215.25,216.11,218.06,1922.0
1979-09-03 00:00:00+00:00,21.0,12014.0,,,,218.06,
1979-09-04 00:00:00+00:00,107.0,12129.0,208.25,206.1,206.62,208.22,1677.0
1979-09-05 00:00:00+00:00,106.0,12322.0,208.25,207.5,208.05,208.09,1479.0
1979-09-06 00:00:00+00:00,105.0,12744.0,208.0,206.5,208.0,207.6,1936.0
1979-09-07 00:00:00+00:00,104.0,12745.0,207.04,204.1,206.55,206.25,1336.0
1979-09-10 00:00:00+00:00,101.0,12657.0,204.5,202.4,204.25,204.26,1992.0
1979-09-11 00:00:00+00:00,100.0,12907.0,204.25,202.0,202.12,204.04,2019.0
1979-09-12 00:00:00+00:00,99.0,12672.0,208.0,203.6,204.31,208.31,3409.0
1979-09-13 00:00:00+00:00,98.0,12593.0,211.5,208.11,208.23,211.23,3897.0
1979-09-14 00:00:00+00:00,97.0,12280.0,215.34,212.25,212.5,215.18,2987.0
1979-09-17 00:00:00+00:00,94.0,12716.0,216.16,214.11,214.37,215.35,2088.0
1979-09-18 00:00:00+00:00,93.0,12861.0,215.2,214.11,215.11,214.44,1526.0
1979-09-19 00:00:00+00:00,92.0,12665.0,212.08,212.08,212.08,212.08,1646.0
1979-09-20 00:00:00+00:00,91.0,12452.0,215.25,210.6,210.6,215.19,3002.0
1979-09-21 00:00:00+00:00,90.0,12250.0,218.01,216.0,216.0,217.37,2587.0
1979-09-24 00:00:00+00:00,87.0,12163.0,217.5,215.5,216.5,216.12,1102.0
1979-09-25 00:00:00+00:00,86.0,12286.0,216.0,214.5,215.62,215.21,1335.0
1979-09-26 00:00:00+00:00,85.0,12234.0,216.0,214.51,215.12,216.24,1751.0
1979-09-27 00:00:00+00:00,84.0,12368.0,217.26,215.25,216.0,215.41,1850.0
1979-09-28 00:00:00+00:00,83.0,12479.0,215.26,213.25,214.12,214.17,2469.0
1979-10-01 00:00:00+00:00,80.0,12412.0,216.5,213.0,214.13,216.29,2609.0
1979-10-02 00:00:00+00:00,79.0,12772.0,223.0,217.05,221.0,217.5,2024.0
1979-10-03 00:00:00+00:00,78.0,12633.0,217.25,216.25,217.25,216.49,1307.0
1979-10-04 00:00:00+00:00,77.0,12873.0,218.5,214.5,215.5,218.23,2193.0
1979-10-05 00:00:00+00:00,76.0,13259.0,218.25,217.01,217.2,218.21,1534.0
1979-10-08 00:00:00+00:00,73.0,13431.0,219.31,219.31,219.31,219.31,1271.0
1979-10-09 00:00:00+00:00,72.0,13439.0,219.31,215.0,219.28,216.43,3370.0
1979-10-10 00:00:00+00:00,71.0,13500.0,216.11,213.25,215.5,214.0,2310.0
1979-10-11 00:00:00+00:00,70.0,13780.0,215.5,211.0,215.11,213.14,2305.0
1979-10-12 00:00:00+00:00,69.0,13353.0,211.5,208.11,211.12,208.18,2230.0
1979-10-15 00:00:00+00:00,66.0,13549.0,209.0,204.5,206.43,209.21,3012.0
1979-10-16 00:00:00+00:00,65.0,13450.0,211.2,207.45,209.01,211.0,2168.0
1979-10-17 00:00:00+00:00,64.0,13543.0,205.28,205.28,205.28,205.28,1477.0
1979-10-18 00:00:00+00:00,63.0,13576.0,206.25,202.0,206.13,205.16,2529.0
1979-10-19 00:00:00+00:00,62.0,13696.0,220.0,201.5,202.37,217.34,4749.0
1979-10-22 00:00:00+00:00,59.0,14612.0,215.5,213.25,214.25,215.28,3146.0
1979-10-23 00:00:00+00:00,58.0,14344.0,214.62,214.62,214.62,214.62,1590.0
1979-10-24 00:00:00+00:00,57.0,14573.0,215.0,212.5,213.4,215.21,2664.0
1979-10-25 00:00:00+00:00,56.0,14417.0,215.0,213.0,214.5,215.31,2337.0
1979-10-26 00:00:00+00:00,55.0,14509.0,214.25,213.6,214.12,214.06,790.0
1979-10-29 00:00:00+00:00,52.0,14647.0,215.0,214.0,214.0,215.3,1175.0
1979-10-30 00:00:00+00:00,51.0,14844.0,213.0,210.25,211.05,210.5,1304.0
1979-10-31 00:00:00+00:00,50.0,14808.0,212.45,210.5,210.5,212.32,1947.0
1979-11-01 00:00:00+00:00,49.0,14999.0,213.5,211.25,212.11,212.35,1823.0
1979-11-02 00:00:00+00:00,48.0,15044.0,212.45,211.25,211.25,211.29,999.0
1979-11-05 00:00:00+00:00,45.0,15059.0,211.45,210.3,211.0,211.34,783.0
1979-11-06 00:00:00+00:00,44.0,15127.0,214.11,212.01,212.38,213.38,1322.0
1979-11-07 00:00:00+00:00,43.0,15281.0,214.34,213.11,214.22,213.56,1554.0
1979-11-08 00:00:00+00:00,42.0,15484.0,214.33,214.33,214.33,214.33,1666.0
1979-11-09 00:00:00+00:00,41.0,15320.0,215.49,215.06,215.06,215.46,1636.0
1979-11-12 00:00:00+00:00,38.0,15593.0,217.25,215.6,216.12,217.21,2508.0
1979-11-13 00:00:00+00:00,37.0,15859.0,218.6,217.5,218.11,218.55,2871.0
1979-11-14 00:00:00+00:00,36.0,16123.0,217.25,215.01,217.25,215.47,2191.0
1979-11-15 00:00:00+00:00,35.0,16643.0,218.31,216.2,217.25,216.25,1960.0
1979-11-16 00:00:00+00:00,34.0,16385.0,219.16,211.5,216.0,218.29,6336.0
1979-11-19 00:00:00+00:00,31.0,15922.0,217.5,216.25,217.12,217.27,1336.0
1979-11-20 00:00:00+00:00,30.0,17563.0,218.0,214.5,216.0,217.14,3334.0
1979-11-21 00:00:00+00:00,29.0,15559.0,218.0,216.0,217.0,217.26,1954.0
1979-11-22 00:00:00+00:00,29.0,15559.0,,,,217.26,
1979-11-23 00:00:00+00:00,27.0,15988.0,218.0,216.0,218.0,218.06,2367.0
1979-11-26 00:00:00+00:00,24.0,15525.0,219.0,217.5,218.0,219.0,2061.0
1979-11-27 00:00:00+00:00,23.0,15660.0,220.5,219.18,219.18,220.5,3278.0
1979-11-28 00:00:00+00:00,22.0,15994.0,221.0,219.0,220.11,221.31,1750.0
1979-11-29 00:00:00+00:00,21.0,16078.0,221.0,218.5,220.0,220.0,2011.0
1979-11-30 00:00:00+00:00,20.0,15974.0,222.0,218.0,221.5,220.09,8348.0
1979-12-03 00:00:00+00:00,112.0,16374.0,202.21,202.21,202.21,202.21,2054.0
1979-12-04 00:00:00+00:00,111.0,16671.0,202.11,198.21,200.62,198.21,3080.0
1979-12-05 00:00:00+00:00,110.0,16791.0,200.11,196.5,197.25,200.06,3047.0
1979-12-06 00:00:00+00:00,109.0,16753.0,199.11,197.0,198.0,198.0,2092.0
1979-12-07 00:00:00+00:00,108.0,16716.0,196.1,194.0,194.0,194.0,4109.0
1979-12-10 00:00:00+00:00,105.0,16458.0,198.16,196.0,196.5,198.09,2267.0
1979-12-11 00:00:00+00:00,104.0,16510.0,196.5,194.25,196.37,196.25,2066.0
1979-12-12 00:00:00+00:00,103.0,16636.0,195.11,192.25,194.62,192.25,1758.0
1979-12-13 00:00:00+00:00,102.0,16602.0,194.31,191.5,192.2,193.01,1467.0
1979-12-14 00:00:00+00:00,101.0,16966.0,192.6,191.0,192.26,192.33,2131.0
1979-12-17 00:00:00+00:00,98.0,16908.0,192.45,191.0,191.05,191.56,1675.0
1979-12-18 00:00:00+00:00,97.0,16944.0,192.23,192.23,192.23,192.23,1524.0
1979-12-19 00:00:00+00:00,96.0,17033.0,195.11,193.0,193.37,194.24,1729.0
1979-12-20 00:00:00+00:00,95.0,17297.0,194.0,192.6,193.3,193.18,1488.0
1979-12-21 00:00:00+00:00,94.0,15940.0,194.25,190.25,193.12,190.47,1214.0
1979-12-24 00:00:00+00:00,94.0,15940.0,,,,190.47,
1979-12-25 00:00:00+00:00,94.0,15940.0,,,,190.47,
1979-12-26 00:00:00+00:00,89.0,15820.0,190.0,187.25,188.37,187.35,1565.0
1979-12-27 00:00:00+00:00,88.0,15987.0,188.5,183.0,188.25,183.18,2158.0
1979-12-28 00:00:00+00:00,87.0,16178.0,186.11,181.0,183.12,181.53,2218.0
1979-12-31 00:00:00+00:00,84.0,15990.0,183.11,181.0,182.25,181.56,768.0
1980-01-01 00:00:00+00:00,84.0,15990.0,,,,181.56,
1980-01-02 00:00:00+00:00,82.0,15725.0,182.25,176.0,182.1,177.58,2274.0
1980-01-03 00:00:00+00:00,81.0,15492.0,176.5,170.5,176.5,171.5,3229.0
1980-01-04 00:00:00+00:00,80.0,15713.0,178.25,173.25,173.37,176.16,2451.0
1980-01-07 00:00:00+00:00,77.0,15633.0,179.0,175.0,175.42,178.58,2372.0
1980-01-08 00:00:00+00:00,76.0,15950.0,183.4,179.0,180.3,180.57,3673.0
1980-01-09 00:00:00+00:00,75.0,16108.0,179.4,176.1,178.12,176.16,2344.0
1980-01-10 00:00:00+00:00,74.0,15827.0,180.26,175.25,176.0,179.5,2468.0
1980-01-11 00:00:00+00:00,73.0,15652.0,184.11,181.0,181.25,183.02,2294.0
1980-01-14 00:00:00+00:00,70.0,15498.0,182.5,176.2,182.3,179.29,1985.0
1980-01-15 00:00:00+00:00,69.0,15144.0,177.26,173.25,176.3,173.36,2720.0
1980-01-16 00:00:00+00:00,68.0,13828.0,173.5,171.25,173.11,173.36,3564.0
1980-01-17 00:00:00+00:00,67.0,13684.0,175.11,172.0,173.55,174.29,3186.0
1980-01-18 00:00:00+00:00,66.0,13409.0,174.31,171.25,174.07,174.15,3101.0
1980-01-21 00:00:00+00:00,63.0,13546.0,173.31,171.0,172.62,173.05,1611.0
1980-01-22 00:00:00+00:00,62.0,13383.0,172.25,166.25,172.23,167.44,2506.0
1980-01-23 00:00:00+00:00,61.0,13265.0,162.47,162.47,162.47,162.47,3572.0
1980-01-24 00:00:00+00:00,60.0,13194.0,165.25,162.25,164.2,165.07,4719.0
1980-01-25 00:00:00+00:00,59.0,13121.0,164.0,160.1,163.0,164.11,5833.0
1980-01-28 00:00:00+00:00,56.0,12734.0,167.11,162.0,162.24,165.48,3854.0
1980-01-29 00:00:00+00:00,55.0,12552.0,165.5,164.05,165.16,165.0,3047.0
1980-01-30 00:00:00+00:00,54.0,12789.0,165.3,163.31,164.5,165.0,4919.0
1980-01-31 00:00:00+00:00,53.0,13077.0,166.5,163.55,164.11,166.39,4551.0
1980-02-01 00:00:00+00:00,52.0,13489.0,169.11,167.0,168.39,168.61,4314.0
1980-02-04 00:00:00+00:00,49.0,12782.0,169.24,167.5,168.5,169.31,2784.0
1980-02-05 00:00:00+00:00,48.0,12969.0,169.25,166.0,169.0,166.0,2415.0
1980-02-06 00:00:00+00:00,47.0,12622.0,168.0,163.0,164.25,167.6,6110.0
1980-02-07 00:00:00+00:00,46.0,13144.0,167.5,164.0,165.0,166.18,3257.0
1980-02-08 00:00:00+00:00,45.0,13381.0,168.0,164.6,166.01,166.35,3135.0
1980-02-11 00:00:00+00:00,42.0,13140.0,165.28,165.28,165.28,165.28,1437.0
1980-02-12 00:00:00+00:00,42.0,13140.0,,,,165.28,
1980-02-13 00:00:00+00:00,40.0,13185.0,165.11,163.0,164.25,164.14,2642.0
1980-02-14 00:00:00+00:00,39.0,13066.0,164.0,163.0,163.0,163.06,1829.0
1980-02-15 00:00:00+00:00,38.0,12827.0,167.5,164.25,165.11,166.46,4467.0
1980-02-18 00:00:00+00:00,38.0,12827.0,,,,166.46,
1980-02-19 00:00:00+00:00,34.0,12690.0,169.11,166.4,167.0,168.58,5300.0
1980-02-20 00:00:00+00:00,33.0,13266.0,168.0,166.6,168.0,167.5,3993.0
1980-02-21 00:00:00+00:00,32.0,13495.0,168.5,167.0,167.0,168.46,5936.0
1980-02-22 00:00:00+00:00,31.0,13301.0,170.49,169.0,169.5,170.1,6147.0
1980-02-25 00:00:00+00:00,28.0,13595.0,173.0,170.0,172.0,173.16,5334.0
1980-02-26 00:00:00+00:00,27.0,13463.0,175.26,172.0,173.0,174.24,4399.0
1980-02-27 00:00:00+00:00,26.0,13096.0,175.14,175.14,175.14,175.14,4388.0
1980-02-28 00:00:00+00:00,25.0,13102.0,175.5,172.1,174.11,175.17,4143.0
1980-02-29 00:00:00+00:00,24.0,13113.0,176.0,173.0,173.5,176.04,6119.0
1980-03-03 00:00:00+00:00,80.0,12842.0,187.0,182.5,183.11,187.35,4365.0
1980-03-04 00:00:00+00:00,79.0,13126.0,191.11,187.0,187.25,191.11,6239.0
1980-03-05 00:00:00+00:00,78.0,12687.0,195.11,193.25,194.48,194.48,5412.0
1980-03-06 00:00:00+00:00,77.0,12664.0,192.3,190.48,192.3,190.48,3169.0
1980-03-07 00:00:00+00:00,76.0,14089.0,192.11,187.5,188.35,191.48,9165.0
1980-03-10 00:00:00+00:00,73.0,12429.0,193.11,190.3,190.5,192.2,7239.0
1980-03-11 00:00:00+00:00,72.0,12596.0,191.5,189.05,191.11,191.01,6598.0
1980-03-12 00:00:00+00:00,71.0,12338.0,192.6,190.5,191.0,191.31,4128.0
1980-03-13 00:00:00+00:00,70.0,12341.0,191.5,187.0,189.5,191.28,9611.0
1980-03-14 00:00:00+00:00,69.0,12540.0,191.0,188.25,189.0,190.55,5623.0
1980-03-17 00:00:00+00:00,66.0,11992.0,189.5,187.25,189.0,188.61,4220.0
1980-03-18 00:00:00+00:00,65.0,11804.0,189.0,187.0,187.5,187.29,5254.0
1980-03-19 00:00:00+00:00,64.0,12339.0,188.03,188.03,188.03,188.03,3982.0
1980-03-20 00:00:00+00:00,63.0,12746.0,190.5,188.25,188.5,190.38,6652.0
1980-03-21 00:00:00+00:00,62.0,13046.0,192.26,190.5,191.55,191.3,4617.0
1980-03-24 00:00:00+00:00,59.0,13225.0,190.5,189.0,190.5,189.53,3148.0
1980-03-25 00:00:00+00:00,58.0,13513.0,188.6,186.11,188.42,188.06,4834.0
1980-03-26 00:00:00+00:00,57.0,13631.0,188.5,186.0,186.25,188.34,6397.0
1980-03-27 00:00:00+00:00,56.0,13904.0,188.0,186.0,187.62,187.58,4807.0
1980-03-28 00:00:00+00:00,55.0,14463.0,186.25,183.5,186.12,185.24,3792.0
1980-03-31 00:00:00+00:00,52.0,12990.0,184.11,181.11,183.5,182.25,3242.0
1980-04-01 00:00:00+00:00,51.0,12851.0,181.5,178.11,181.25,179.34,3556.0
1980-04-02 00:00:00+00:00,50.0,12363.0,179.5,178.5,179.25,179.32,3147.0
1980-04-03 00:00:00+00:00,49.0,12362.0,184.5,180.0,180.5,184.04,6261.0
1980-04-04 00:00:00+00:00,49.0,12362.0,,,,184.04,
1980-04-07 00:00:00+00:00,45.0,12225.0,186.5,183.3,183.52,186.23,3638.0
1980-04-08 00:00:00+00:00,44.0,11538.0,187.06,185.0,185.12,186.34,3385.0
1980-04-09 00:00:00+00:00,43.0,11785.0,186.5,184.0,186.42,185.07,2440.0
1980-04-10 00:00:00+00:00,42.0,11871.0,186.26,184.0,185.25,186.08,4648.0
1980-04-11 00:00:00+00:00,41.0,11362.0,188.0,186.25,187.5,187.12,3668.0
1980-04-14 00:00:00+00:00,38.0,11601.0,187.11,185.0,186.62,186.02,3551.0
1980-04-15 00:00:00+00:00,37.0,11813.0,185.43,185.43,185.43,185.43,3841.0
1980-04-16 00:00:00+00:00,36.0,12249.0,185.5,184.0,185.43,185.19,4000.0
1980-04-17 00:00:00+00:00,35.0,12700.0,185.26,183.5,184.52,184.47,5459.0
1980-04-18 00:00:00+00:00,34.0,12296.0,184.59,183.25,184.32,184.16,5296.0
1980-04-21 00:00:00+00:00,31.0,12025.0,184.25,183.0,184.25,184.05,5860.0
1980-04-22 00:00:00+00:00,30.0,12905.0,183.25,182.2,183.0,183.05,8390.0
1980-04-23 00:00:00+00:00,29.0,12786.0,184.35,182.4,183.4,183.59,6425.0
1980-04-24 00:00:00+00:00,28.0,12108.0,183.16,181.5,182.5,182.25,4477.0
1980-04-25 00:00:00+00:00,27.0,11462.0,183.49,181.5,183.35,181.63,4377.0
1980-04-28 00:00:00+00:00,24.0,11355.0,181.25,178.6,181.0,179.15,2895.0
1980-04-29 00:00:00+00:00,23.0,11060.0,179.0,177.11,178.25,177.38,4994.0
1980-04-30 00:00:00+00:00,22.0,11288.0,177.5,176.5,177.1,176.6,2800.0
1980-05-01 00:00:00+00:00,82.0,11614.0,187.5,182.5,184.87,187.33,11127.0
1980-05-02 00:00:00+00:00,81.0,12879.0,191.33,185.76,187.36,191.33,13908.0
1980-05-05 00:00:00+00:00,78.0,12476.0,195.0,190.5,190.87,194.94,9685.0
1980-05-06 00:00:00+00:00,77.0,12114.0,196.4,194.05,194.15,194.34,8764.0
1980-05-07 00:00:00+00:00,76.0,12628.0,195.5,193.5,193.5,195.41,8511.0
1980-05-08 00:00:00+00:00,75.0,12412.0,196.5,194.3,194.87,196.42,8336.0
1980-05-09 00:00:00+00:00,74.0,12412.0,200.25,197.0,197.5,200.0,7722.0
1980-05-12 00:00:00+00:00,71.0,12898.0,200.3,198.75,200.15,199.47,7690.0
1980-05-13 00:00:00+00:00,70.0,13063.0,199.0,197.5,198.42,198.42,7481.0
1980-05-14 00:00:00+00:00,69.0,12943.0,202.3,195.0,197.67,201.96,14211.0
1980-05-15 00:00:00+00:00,68.0,13178.0,204.0,201.15,201.65,203.07,8751.0
1980-05-16 00:00:00+00:00,67.0,15213.0,204.5,202.0,203.15,202.81,8336.0
1980-05-19 00:00:00+00:00,64.0,15186.0,201.5,198.81,201.25,198.86,5693.0
1980-05-20 00:00:00+00:00,63.0,15384.0,201.5,197.0,197.5,200.21,3831.0
1980-05-21 00:00:00+00:00,62.0,15364.0,201.2,198.7,201.1,198.81,3763.0
1980-05-22 00:00:00+00:00,61.0,15589.0,201.85,200.0,200.25,201.74,3190.0
1980-05-23 00:00:00+00:00,60.0,16124.0,203.0,200.01,201.45,200.65,3259.0
1980-05-26 00:00:00+00:00,60.0,16124.0,,,,200.65,
1980-05-27 00:00:00+00:00,56.0,16174.0,201.25,197.0,200.8,197.48,3225.0
1980-05-28 00:00:00+00:00,55.0,16571.0,198.5,195.8,197.15,197.5,2711.0
1980-05-29 00:00:00+00:00,54.0,16834.0,197.6,196.6,197.25,197.09,2801.0
1980-05-30 00:00:00+00:00,53.0,16975.0,197.0,193.5,196.75,194.05,2918.0
1980-06-02 00:00:00+00:00,50.0,16875.0,199.4,195.75,196.62,198.5,3234.0
1980-06-03 00:00:00+00:00,49.0,16823.0,202.3,196.0,200.25,198.5,4363.0
1980-06-04 00:00:00+00:00,48.0,16056.0,198.9,196.5,198.7,196.6,3732.0
1980-06-05 00:00:00+00:00,47.0,16568.0,196.75,193.7,195.85,196.1,4129.0
1980-06-06 00:00:00+00:00,46.0,16411.0,195.9,191.5,195.6,192.28,4347.0
1980-06-09 00:00:00+00:00,43.0,16214.0,193.5,190.4,191.25,191.71,3324.0
1980-06-10 00:00:00+00:00,42.0,16425.0,193.25,189.0,190.37,192.86,6156.0
1980-06-11 00:00:00+00:00,41.0,16458.0,194.1,191.25,193.55,193.4,5397.0
1980-06-12 00:00:00+00:00,40.0,17229.0,192.5,189.75,192.5,191.9,5451.0
1980-06-13 00:00:00+00:00,39.0,17353.0,192.65,189.0,191.0,189.61,2314.0
1980-06-16 00:00:00+00:00,36.0,17013.0,189.0,182.6,188.75,182.61,2418.0
1980-06-17 00:00:00+00:00,35.0,16770.0,184.5,180.0,181.37,180.31,4351.0
1980-06-18 00:00:00+00:00,34.0,17208.0,182.0,174.5,181.75,174.86,4307.0
1980-06-19 00:00:00+00:00,33.0,17109.0,179.0,172.0,177.27,178.29,6336.0
1980-06-20 00:00:00+00:00,32.0,17896.0,176.5,165.0,175.62,168.01,2994.0
1980-06-23 00:00:00+00:00,29.0,17605.0,169.0,164.25,168.25,164.84,1207.0
1980-06-24 00:00:00+00:00,28.0,16678.0,177.25,169.25,170.5,174.67,5478.0
1980-06-25 00:00:00+00:00,27.0,16631.0,179.9,173.25,173.37,178.46,4519.0
1980-06-26 00:00:00+00:00,26.0,16299.0,182.35,179.5,181.4,179.55,6330.0
1980-06-27 00:00:00+00:00,25.0,15926.0,184.25,176.25,183.37,180.75,5277.0
1980-06-30 00:00:00+00:00,22.0,15854.0,173.0,166.0,172.25,168.05,899.0
1980-07-01 00:00:00+00:00,80.0,16182.0,179.0,174.0,176.25,176.9,5815.0
1980-07-02 00:00:00+00:00,79.0,15436.0,176.0,170.9,175.0,171.13,3741.0
1980-07-03 00:00:00+00:00,78.0,15511.0,166.25,165.13,165.21,165.13,1977.0
1980-07-04 00:00:00+00:00,78.0,15511.0,,,,165.13,
1980-07-07 00:00:00+00:00,74.0,15321.0,171.13,171.13,171.13,171.13,895.0
1980-07-08 00:00:00+00:00,73.0,15170.0,172.0,165.13,171.75,165.84,3588.0
1980-07-09 00:00:00+00:00,72.0,15048.0,163.0,159.84,162.12,161.46,2544.0
1980-07-10 00:00:00+00:00,71.0,15025.0,166.0,163.1,163.75,164.86,3894.0
1980-07-11 00:00:00+00:00,70.0,14882.0,170.86,168.01,169.85,170.86,4199.0
1980-07-14 00:00:00+00:00,67.0,15309.0,174.5,171.1,172.4,174.4,5012.0
1980-07-15 00:00:00+00:00,66.0,14846.0,175.0,169.5,173.0,173.45,5503.0
1980-07-16 00:00:00+00:00,65.0,14265.0,170.25,169.45,169.75,170.04,1936.0
1980-07-17 00:00:00+00:00,64.0,14421.0,166.04,166.04,166.04,166.04,1080.0
1980-07-18 00:00:00+00:00,63.0,14526.0,166.0,162.04,162.04,165.79,2088.0
1980-07-21 00:00:00+00:00,60.0,15040.0,166.5,163.5,166.25,164.72,4001.0
1980-07-22 00:00:00+00:00,59.0,15015.0,167.0,160.72,161.42,165.69,4371.0
1980-07-23 00:00:00+00:00,58.0,15075.0,164.1,162.5,163.25,163.61,5883.0
1980-07-24 00:00:00+00:00,57.0,15693.0,160.0,155.02,157.5,159.67,5677.0
1980-07-25 00:00:00+00:00,56.0,14755.0,156.99,152.25,155.75,153.77,3961.0
1980-07-28 00:00:00+00:00,53.0,14944.0,149.0,139.0,148.25,139.09,1975.0
1980-07-29 00:00:00+00:00,52.0,14729.0,141.0,130.5,133.0,139.23,3859.0
1980-07-30 00:00:00+00:00,51.0,14084.0,144.5,140.6,142.0,142.66,4516.0
1980-07-31 00:00:00+00:00,50.0,13279.0,146.5,142.5,145.9,143.06,3427.0
1980-08-01 00:00:00+00:00,49.0,13572.0,141.0,135.25,140.25,137.91,3441.0
1980-08-04 00:00:00+00:00,46.0,13740.0,137.9,131.0,133.62,137.45,3064.0
1980-08-05 00:00:00+00:00,45.0,12971.0,144.25,136.0,136.22,144.12,4384.0
1980-08-06 00:00:00+00:00,44.0,12606.0,149.4,145.5,145.75,149.09,4452.0
1980-08-07 00:00:00+00:00,43.0,12728.0,152.0,145.0,145.2,147.65,5040.0
1980-08-08 00:00:00+00:00,42.0,12613.0,149.25,137.25,148.37,138.77,1854.0
1980-08-11 00:00:00+00:00,39.0,12592.0,143.25,136.1,140.05,142.15,2201.0
1980-08-12 00:00:00+00:00,38.0,12899.0,144.0,140.5,140.75,143.58,1999.0
1980-08-13 00:00:00+00:00,37.0,12861.0,144.47,141.0,143.12,142.13,1855.0
1980-08-14 00:00:00+00:00,36.0,13246.0,147.0,142.75,144.12,146.71,3905.0
1980-08-15 00:00:00+00:00,35.0,12972.0,149.9,146.0,146.0,149.39,3144.0
1980-08-18 00:00:00+00:00,32.0,12436.0,148.5,145.55,147.75,146.23,3009.0
1980-08-19 00:00:00+00:00,31.0,12154.0,145.75,142.5,144.44,142.84,1923.0
1980-08-20 00:00:00+00:00,30.0,12084.0,145.9,140.6,144.7,140.97,3253.0
1980-08-21 00:00:00+00:00,29.0,11022.0,139.0,133.75,138.5,133.97,1910.0
1980-08-22 00:00:00+00:00,28.0,11180.0,133.5,129.4,130.0,131.56,1395.0
1980-08-25 00:00:00+00:00,25.0,10882.0,130.0,127.25,130.0,127.83,2993.0
1980-08-26 00:00:00+00:00,24.0,10912.0,132.0,124.5,130.62,130.75,3937.0
1980-08-27 00:00:00+00:00,23.0,10686.0,132.0,127.5,131.5,131.08,4440.0
1980-08-28 00:00:00+00:00,22.0,12436.0,130.5,127.25,128.12,130.22,3867.0
1980-08-29 00:00:00+00:00,21.0,10767.0,128.9,125.5,126.25,128.0,2406.0
1980-09-01 00:00:00+00:00,21.0,10767.0,,,,128.0,
1980-09-02 00:00:00+00:00,107.0,10752.0,132.4,130.92,131.12,131.26,3336.0
1980-09-03 00:00:00+00:00,106.0,10632.0,133.0,131.0,131.13,132.97,3374.0
1980-09-04 00:00:00+00:00,105.0,10806.0,134.5,131.2,133.37,134.22,3968.0
1980-09-05 00:00:00+00:00,104.0,10897.0,135.5,132.71,133.12,135.34,3412.0
1980-09-08 00:00:00+00:00,101.0,11018.0,139.34,134.35,134.82,139.34,4298.0
1980-09-09 00:00:00+00:00,100.0,10755.0,143.34,138.75,139.12,143.34,4234.0
1980-09-10 00:00:00+00:00,99.0,10858.0,146.4,142.0,144.25,143.1,5725.0
1980-09-11 00:00:00+00:00,98.0,10635.0,141.8,137.1,139.62,137.1,2568.0
1980-09-12 00:00:00+00:00,97.0,10740.0,136.5,132.0,134.5,132.52,1868.0
1980-09-15 00:00:00+00:00,94.0,11171.0,131.75,126.52,130.25,130.26,4545.0
1980-09-16 00:00:00+00:00,93.0,11569.0,135.76,128.9,129.65,135.62,6183.0
1980-09-17 00:00:00+00:00,92.0,11757.0,134.0,130.01,133.75,132.18,7675.0
1980-09-18 00:00:00+00:00,91.0,11732.0,134.5,128.18,129.52,133.82,3565.0
1980-09-19 00:00:00+00:00,90.0,11857.0,133.49,130.3,132.5,130.58,2631.0
1980-09-22 00:00:00+00:00,87.0,11866.0,135.5,130.0,130.25,135.19,3120.0
1980-09-23 00:00:00+00:00,86.0,11621.0,134.75,131.25,132.87,131.36,2516.0
1980-09-24 00:00:00+00:00,85.0,11914.0,132.25,129.5,130.25,129.82,2199.0
1980-09-25 00:00:00+00:00,84.0,11977.0,130.6,125.0,129.37,125.46,2206.0
1980-09-26 00:00:00+00:00,83.0,12001.0,124.0,121.5,122.75,123.44,1855.0
1980-09-29 00:00:00+00:00,80.0,11885.0,129.5,122.0,122.0,128.75,2151.0
1980-09-30 00:00:00+00:00,79.0,11824.0,131.65,126.1,129.25,126.66,2495.0
1980-10-01 00:00:00+00:00,78.0,11565.0,129.9,126.25,127.92,126.5,1853.0
1980-10-02 00:00:00+00:00,77.0,11557.0,128.0,125.75,127.12,126.91,893.0
1980-10-03 00:00:00+00:00,76.0,11325.0,132.8,127.25,131.65,128.22,3292.0
1980-10-06 00:00:00+00:00,73.0,11078.0,127.5,124.2,127.06,124.37,2186.0
1980-10-07 00:00:00+00:00,72.0,10719.0,128.6,124.05,128.38,128.38,3140.0
1980-10-08 00:00:00+00:00,71.0,10624.0,130.65,127.05,127.62,130.09,2348.0
1980-10-09 00:00:00+00:00,70.0,10725.0,133.25,131.05,132.35,132.02,2595.0
1980-10-10 00:00:00+00:00,69.0,10787.0,133.49,131.9,133.24,132.79,1552.0
1980-10-13 00:00:00+00:00,66.0,10912.0,133.8,132.1,133.0,132.27,974.0
1980-10-14 00:00:00+00:00,65.0,10886.0,132.75,131.0,132.37,132.11,1163.0
1980-10-15 00:00:00+00:00,64.0,10882.0,135.7,134.25,134.37,134.58,2270.0
1980-10-16 00:00:00+00:00,63.0,10930.0,135.25,133.25,134.65,133.26,1193.0
1980-10-17 00:00:00+00:00,62.0,10771.0,133.0,129.0,132.75,132.13,2179.0
1980-10-20 00:00:00+00:00,59.0,10687.0,131.0,129.5,130.75,129.81,1023.0
1980-10-21 00:00:00+00:00,58.0,10845.0,129.0,126.75,128.75,126.99,1563.0
1980-10-22 00:00:00+00:00,57.0,10763.0,127.5,125.05,127.25,125.15,1468.0
1980-10-23 00:00:00+00:00,56.0,10880.0,126.0,124.25,125.4,124.75,1390.0
1980-10-24 00:00:00+00:00,55.0,11273.0,127.3,124.1,124.17,126.85,1300.0
1980-10-27 00:00:00+00:00,52.0,11101.0,129.0,127.25,127.37,128.98,1292.0
1980-10-28 00:00:00+00:00,51.0,11003.0,128.75,126.0,128.62,126.07,1317.0
1980-10-29 00:00:00+00:00,50.0,11150.0,125.5,124.6,125.5,125.05,815.0
1980-10-30 00:00:00+00:00,49.0,11106.0,125.45,124.5,124.65,125.33,649.0
1980-10-31 00:00:00+00:00,48.0,11155.0,126.0,124.6,125.0,125.14,1110.0
1980-11-03 00:00:00+00:00,45.0,11095.0,124.6,121.5,124.37,121.74,1820.0
1980-11-04 00:00:00+00:00,45.0,11095.0,,,,121.74,
1980-11-05 00:00:00+00:00,43.0,11164.0,123.0,120.2,121.25,122.59,1477.0
1980-11-06 00:00:00+00:00,42.0,11346.0,123.25,118.5,122.1,118.82,2545.0
1980-11-07 00:00:00+00:00,41.0,11418.0,118.25,112.75,117.62,113.0,2012.0
1980-11-10 00:00:00+00:00,38.0,11097.0,113.75,107.5,112.87,108.03,2525.0
1980-11-11 00:00:00+00:00,37.0,10986.0,109.5,107.5,107.62,108.3,1679.0
1980-11-12 00:00:00+00:00,36.0,10954.0,112.45,109.25,110.0,111.89,1982.0
1980-11-13 00:00:00+00:00,35.0,10776.0,113.9,110.25,111.62,110.3,1899.0
1980-11-14 00:00:00+00:00,34.0,10656.0,110.5,108.2,109.55,109.11,1719.0
1980-11-17 00:00:00+00:00,31.0,10859.0,108.5,103.25,107.87,104.08,2911.0
1980-11-18 00:00:00+00:00,30.0,11102.0,110.9,102.1,102.55,110.07,3490.0
1980-11-19 00:00:00+00:00,29.0,10490.0,114.0,109.5,110.0,113.94,2303.0
1980-11-20 00:00:00+00:00,28.0,10090.0,116.9,113.45,115.5,114.25,2395.0
1980-11-21 00:00:00+00:00,27.0,10022.0,116.25,114.5,114.5,115.63,1784.0
1980-11-24 00:00:00+00:00,24.0,9858.0,117.39,113.5,117.0,113.5,1623.0
1980-11-25 00:00:00+00:00,23.0,9734.0,113.98,110.5,112.1,113.93,1476.0
1980-11-26 00:00:00+00:00,22.0,9513.0,114.75,111.5,113.15,114.0,1175.0
1980-11-27 00:00:00+00:00,22.0,9513.0,,,,114.0,
1980-11-28 00:00:00+00:00,20.0,9489.0,115.98,114.5,115.98,114.75,495.0
1980-12-01 00:00:00+00:00,109.0,9592.0,122.35,121.55,122.12,121.62,612.0
1980-12-02 00:00:00+00:00,108.0,9379.0,121.7,119.6,121.55,120.29,1213.0
1980-12-03 00:00:00+00:00,107.0,9396.0,124.29,121.25,121.27,124.29,2132.0
1980-12-04 00:00:00+00:00,106.0,9480.0,125.75,122.7,123.12,123.57,1719.0
1980-12-05 00:00:00+00:00,105.0,9280.0,124.25,121.1,123.4,122.69,1141.0
1980-12-08 00:00:00+00:00,102.0,9354.0,123.25,121.5,122.37,121.91,843.0
1980-12-09 00:00:00+00:00,101.0,9266.0,122.9,119.6,121.62,121.15,1574.0
1980-12-10 00:00:00+00:00,100.0,9236.0,122.9,119.25,120.9,120.14,1803.0
1980-12-11 00:00:00+00:00,99.0,8835.0,118.5,116.14,117.65,116.14,2057.0
1980-12-12 00:00:00+00:00,98.0,8612.0,115.7,113.25,114.65,114.0,2582.0
1980-12-15 00:00:00+00:00,95.0,8614.0,118.0,115.25,115.87,118.0,1818.0
1980-12-16 00:00:00+00:00,94.0,8741.0,122.0,119.5,120.5,121.0,1860.0
1980-12-17 00:00:00+00:00,93.0,8597.0,122.99,120.5,120.87,121.95,2129.0
1980-12-18 00:00:00+00:00,92.0,8180.0,123.5,121.75,121.87,122.08,1694.0
1980-12-19 00:00:00+00:00,91.0,8132.0,121.75,120.1,121.62,120.18,710.0
1980-12-22 00:00:00+00:00,88.0,8225.0,123.9,120.75,120.8,123.5,1092.0
1980-12-23 00:00:00+00:00,87.0,8449.0,126.99,124.5,125.0,126.06,2470.0
1980-12-24 00:00:00+00:00,86.0,8530.0,128.4,126.5,126.75,128.11,1292.0
1980-12-25 00:00:00+00:00,86.0,8530.0,,,,128.11,
1980-12-26 00:00:00+00:00,86.0,8530.0,,,,128.11,
1980-12-29 00:00:00+00:00,81.0,8635.0,129.75,127.75,127.77,129.48,1214.0
1980-12-30 00:00:00+00:00,80.0,8735.0,128.9,126.7,128.57,127.0,1414.0
1980-12-31 00:00:00+00:00,79.0,8846.0,127.25,125.6,125.97,126.8,662.0
1981-01-01 00:00:00+00:00,79.0,8846.0,,,,126.8,
1981-01-02 00:00:00+00:00,79.0,8846.0,,,,126.8,
1981-01-05 00:00:00+00:00,74.0,8766.0,131.9,126.5,126.7,131.7,1701.0
1981-01-06 00:00:00+00:00,73.0,8754.0,133.85,131.1,132.8,131.51,2018.0
1981-01-07 00:00:00+00:00,72.0,8748.0,132.75,128.6,132.62,129.85,2136.0
1981-01-08 00:00:00+00:00,71.0,8895.0,129.5,127.75,129.12,127.95,1805.0
1981-01-09 00:00:00+00:00,70.0,8883.0,130.25,127.25,128.17,130.08,1569.0
1981-01-12 00:00:00+00:00,67.0,8733.0,132.9,130.5,130.88,131.65,2073.0
1981-01-13 00:00:00+00:00,66.0,8748.0,134.5,132.0,132.12,133.59,2209.0
1981-01-14 00:00:00+00:00,65.0,9027.0,134.8,131.7,134.7,132.74,2164.0
1981-01-15 00:00:00+00:00,64.0,9137.0,134.5,131.7,133.95,132.28,1578.0
1981-01-16 00:00:00+00:00,63.0,9073.0,133.45,131.1,131.55,133.0,1306.0
1981-01-19 00:00:00+00:00,60.0,8954.0,133.9,129.1,133.82,129.3,1783.0
1981-01-20 00:00:00+00:00,59.0,8991.0,130.5,127.5,129.35,130.37,1435.0
1981-01-21 00:00:00+00:00,58.0,8726.0,129.6,126.75,129.33,127.08,1974.0
1981-01-22 00:00:00+00:00,57.0,8711.0,128.6,126.05,126.4,127.23,1957.0
1981-01-23 00:00:00+00:00,56.0,8761.0,127.25,123.6,126.37,123.73,1861.0
1981-01-26 00:00:00+00:00,53.0,8473.0,123.0,120.05,122.5,120.22,2916.0
1981-01-27 00:00:00+00:00,52.0,8371.0,122.4,119.5,121.7,120.62,2400.0
1981-01-28 00:00:00+00:00,51.0,8164.0,122.0,119.75,120.82,120.32,2260.0
1981-01-29 00:00:00+00:00,50.0,8290.0,120.5,118.1,120.12,120.31,2010.0
1981-01-30 00:00:00+00:00,49.0,8218.0,122.75,119.25,119.42,122.36,1515.0
1981-02-02 00:00:00+00:00,46.0,8222.0,123.7,120.75,120.87,121.97,1688.0
1981-02-03 00:00:00+00:00,45.0,8287.0,121.9,119.6,121.25,119.69,1336.0
1981-02-04 00:00:00+00:00,44.0,8431.0,119.5,116.5,119.07,116.58,2090.0
1981-02-05 00:00:00+00:00,43.0,8602.0,119.7,115.55,117.45,119.53,1890.0
1981-02-06 00:00:00+00:00,42.0,8702.0,123.25,118.6,119.07,121.28,2616.0
1981-02-09 00:00:00+00:00,39.0,8716.0,121.0,119.85,120.87,120.71,490.0
1981-02-10 00:00:00+00:00,38.0,8868.0,122.25,120.8,121.5,121.0,895.0
1981-02-11 00:00:00+00:00,37.0,8903.0,121.75,118.3,121.5,118.81,1369.0
1981-02-12 00:00:00+00:00,36.0,8817.0,120.7,117.3,118.6,119.89,1139.0
1981-02-13 00:00:00+00:00,35.0,8760.0,127.0,118.5,118.75,123.25,2196.0
1981-02-16 00:00:00+00:00,35.0,8760.0,,,,123.25,
1981-02-17 00:00:00+00:00,31.0,8763.0,122.95,119.5,122.62,120.18,1534.0
1981-02-18 00:00:00+00:00,30.0,8803.0,119.6,118.06,119.27,119.16,1783.0
1981-02-19 00:00:00+00:00,29.0,8566.0,121.5,119.1,119.17,120.21,1962.0
1981-02-20 00:00:00+00:00,28.0,8281.0,122.0,120.0,120.12,122.0,2346.0
1981-02-23 00:00:00+00:00,25.0,8270.0,122.0,121.0,121.25,121.75,919.0
1981-02-24 00:00:00+00:00,24.0,8471.0,122.5,121.6,121.6,122.43,2035.0
1981-02-25 00:00:00+00:00,23.0,8338.0,122.45,121.25,121.75,121.8,1525.0
1981-02-26 00:00:00+00:00,22.0,8370.0,120.95,120.0,120.5,119.75,2273.0
1981-02-27 00:00:00+00:00,21.0,8624.0,121.0,118.75,119.0,121.0,3135.0
1981-03-02 00:00:00+00:00,78.0,8253.0,122.3,120.5,121.8,121.44,3684.0
1981-03-03 00:00:00+00:00,77.0,8115.0,123.75,121.0,121.05,123.58,2154.0
1981-03-04 00:00:00+00:00,76.0,8129.0,123.75,122.7,123.67,123.0,1326.0
1981-03-05 00:00:00+00:00,75.0,8133.0,123.75,122.3,122.75,123.6,971.0
1981-03-06 00:00:00+00:00,74.0,7859.0,123.4,122.5,122.6,122.68,1753.0
1981-03-09 00:00:00+00:00,71.0,7877.0,122.25,120.6,122.12,120.83,1500.0
1981-03-10 00:00:00+00:00,70.0,7935.0,121.7,119.7,120.37,119.74,1366.0
1981-03-11 00:00:00+00:00,69.0,8072.0,119.3,117.65,118.95,118.04,2013.0
1981-03-12 00:00:00+00:00,68.0,8138.0,119.95,118.3,118.62,119.72,1568.0
1981-03-13 00:00:00+00:00,67.0,8114.0,121.4,119.65,119.87,120.73,1378.0
1981-03-16 00:00:00+00:00,64.0,8079.0,121.3,120.4,121.15,120.99,801.0
1981-03-17 00:00:00+00:00,63.0,8321.0,121.2,119.55,121.0,119.82,1528.0
1981-03-18 00:00:00+00:00,62.0,8575.0,123.82,119.6,120.0,123.82,2781.0
1981-03-19 00:00:00+00:00,61.0,8661.0,127.4,125.49,125.69,126.37,3639.0
1981-03-20 00:00:00+00:00,60.0,8769.0,126.0,124.51,125.75,125.91,2443.0
1981-03-23 00:00:00+00:00,57.0,9106.0,128.9,125.5,125.7,128.49,2759.0
1981-03-24 00:00:00+00:00,56.0,9182.0,129.45,128.05,128.7,128.72,3131.0
1981-03-25 00:00:00+00:00,55.0,9506.0,131.4,128.25,131.12,128.43,3191.0
1981-03-26 00:00:00+00:00,54.0,9669.0,129.25,126.2,128.66,127.16,2690.0
1981-03-27 00:00:00+00:00,53.0,9565.0,127.25,125.76,126.37,126.62,1504.0
1981-03-30 00:00:00+00:00,50.0,9672.0,129.0,126.05,126.38,127.8,1741.0
1981-03-31 00:00:00+00:00,49.0,9931.0,129.3,128.15,129.2,128.66,1051.0
1981-04-01 00:00:00+00:00,48.0,9803.0,128.0,126.2,127.6,127.15,1384.0
1981-04-02 00:00:00+00:00,47.0,9970.0,128.7,127.25,127.62,127.49,1219.0
1981-04-03 00:00:00+00:00,46.0,9916.0,128.05,126.6,127.42,127.11,973.0
1981-04-06 00:00:00+00:00,43.0,9795.0,127.25,124.8,127.0,124.81,1818.0
1981-04-07 00:00:00+00:00,42.0,9758.0,125.7,124.0,124.17,124.98,1902.0
1981-04-08 00:00:00+00:00,41.0,9773.0,125.75,124.5,125.37,125.24,1198.0
1981-04-09 00:00:00+00:00,40.0,9989.0,125.2,124.2,124.62,124.35,999.0
1981-04-10 00:00:00+00:00,39.0,10012.0,124.9,123.9,124.12,124.33,952.0
1981-04-13 00:00:00+00:00,36.0,9875.0,123.6,121.65,123.42,121.7,2096.0
1981-04-14 00:00:00+00:00,35.0,9948.0,124.25,121.5,122.25,123.99,1716.0
1981-04-15 00:00:00+00:00,34.0,10140.0,126.05,124.0,124.25,125.2,1940.0
1981-04-16 00:00:00+00:00,33.0,10209.0,126.8,125.6,125.8,126.36,1701.0
1981-04-17 00:00:00+00:00,33.0,10209.0,,,,126.36,
1981-04-20 00:00:00+00:00,29.0,10056.0,126.5,125.6,126.37,125.84,979.0
1981-04-21 00:00:00+00:00,28.0,10024.0,127.0,125.1,125.6,126.54,1736.0
1981-04-22 00:00:00+00:00,27.0,8964.0,128.0,126.4,127.02,126.4,1621.0
1981-04-23 00:00:00+00:00,26.0,9830.0,127.0,126.2,126.75,126.29,939.0
1981-04-24 00:00:00+00:00,25.0,9707.0,127.4,126.5,126.75,127.26,923.0
1981-04-27 00:00:00+00:00,22.0,10013.0,128.8,127.25,127.25,128.7,2237.0
1981-04-28 00:00:00+00:00,21.0,10299.0,129.25,128.1,128.35,128.24,2000.0
1981-04-29 00:00:00+00:00,20.0,10282.0,127.75,126.5,127.5,126.5,1631.0
1981-04-30 00:00:00+00:00,19.0,10043.0,126.5,125.7,126.5,126.48,1122.0
1981-05-01 00:00:00+00:00,82.0,10064.0,127.8,126.25,126.75,127.58,938.0
1981-05-04 00:00:00+00:00,79.0,9956.0,127.4,126.3,127.1,127.16,1099.0
1981-05-05 00:00:00+00:00,78.0,9909.0,126.7,125.65,126.2,126.52,773.0
1981-05-06 00:00:00+00:00,77.0,10097.0,128.9,126.25,126.25,127.54,1864.0
1981-05-07 00:00:00+00:00,76.0,10038.0,128.5,127.0,127.82,127.06,1492.0
1981-05-08 00:00:00+00:00,75.0,10212.0,127.91,126.6,127.25,127.9,1128.0
1981-05-11 00:00:00+00:00,72.0,10139.0,128.75,127.51,127.75,127.9,1361.0
1981-05-12 00:00:00+00:00,71.0,10033.0,128.45,127.35,127.67,127.76,1122.0
1981-05-13 00:00:00+00:00,70.0,9673.0,127.5,125.51,127.37,125.7,2347.0
1981-05-14 00:00:00+00:00,69.0,9315.0,124.75,123.25,124.0,123.51,2833.0
1981-05-15 00:00:00+00:00,68.0,8596.0,123.5,119.51,123.25,119.51,5118.0
1981-05-18 00:00:00+00:00,65.0,9325.0,118.5,115.51,118.3,116.81,3233.0
1981-05-19 00:00:00+00:00,64.0,9316.0,118.4,112.81,116.87,112.81,3058.0
1981-05-20 00:00:00+00:00,63.0,9264.0,113.9,110.1,112.2,112.27,3214.0
1981-05-21 00:00:00+00:00,62.0,8766.0,116.9,113.5,114.0,116.72,2526.0
1981-05-22 00:00:00+00:00,61.0,8828.0,117.0,113.6,116.75,114.92,1527.0
1981-05-25 00:00:00+00:00,61.0,8828.0,,,,114.92,
1981-05-26 00:00:00+00:00,57.0,8843.0,115.75,113.9,114.62,114.82,1003.0
1981-05-27 00:00:00+00:00,56.0,9038.0,119.5,114.85,114.92,119.0,1483.0
1981-05-28 00:00:00+00:00,55.0,8815.0,119.4,117.0,118.37,117.03,1141.0
1981-05-29 00:00:00+00:00,54.0,8964.0,116.23,112.75,116.11,113.78,1917.0
1981-06-01 00:00:00+00:00,51.0,8899.0,112.9,110.5,111.75,110.57,1804.0
1981-06-02 00:00:00+00:00,50.0,8925.0,113.0,107.25,108.15,111.82,2119.0
1981-06-03 00:00:00+00:00,49.0,8952.0,111.0,108.55,110.5,109.48,1655.0
1981-06-04 00:00:00+00:00,48.0,9044.0,107.45,102.5,107.02,102.82,2094.0
1981-06-05 00:00:00+00:00,47.0,8934.0,105.75,102.5,104.12,104.8,2580.0
1981-06-08 00:00:00+00:00,44.0,8817.0,103.9,99.25,102.6,99.41,2060.0
1981-06-09 00:00:00+00:00,43.0,8797.0,98.0,93.0,97.77,93.89,2106.0
1981-06-10 00:00:00+00:00,42.0,8469.0,104.4,96.0,96.5,102.65,2577.0
1981-06-11 00:00:00+00:00,41.0,8525.0,102.4,95.75,99.25,100.0,2689.0
1981-06-12 00:00:00+00:00,40.0,8381.0,104.75,102.5,103.0,103.63,1924.0
1981-06-15 00:00:00+00:00,37.0,8111.0,105.5,100.0,105.37,101.05,2339.0
1981-06-16 00:00:00+00:00,36.0,7884.0,95.25,93.2,93.87,93.25,914.0
1981-06-17 00:00:00+00:00,35.0,8294.0,96.0,92.85,92.92,93.0,3032.0
1981-06-18 00:00:00+00:00,34.0,9078.0,95.5,93.0,94.24,95.16,2134.0
1981-06-19 00:00:00+00:00,33.0,8858.0,96.5,94.0,94.25,96.39,2169.0
1981-06-22 00:00:00+00:00,30.0,8928.0,93.0,89.1,92.65,89.13,1625.0
1981-06-23 00:00:00+00:00,29.0,8925.0,90.9,87.0,90.7,88.06,2645.0
1981-06-24 00:00:00+00:00,28.0,8672.0,90.5,88.25,88.77,88.88,1724.0
1981-06-25 00:00:00+00:00,27.0,8471.0,91.0,87.5,90.0,87.59,1565.0
1981-06-26 00:00:00+00:00,26.0,8358.0,87.75,85.5,87.67,85.88,2172.0
1981-06-29 00:00:00+00:00,23.0,8399.0,88.1,86.15,86.27,88.1,1632.0
1981-06-30 00:00:00+00:00,22.0,8093.0,93.9,88.5,89.0,93.62,2535.0
1981-07-01 00:00:00+00:00,82.0,8019.0,96.02,94.0,94.5,96.02,2781.0
1981-07-02 00:00:00+00:00,81.0,7852.0,95.0,92.02,94.75,94.3,1942.0
1981-07-03 00:00:00+00:00,81.0,7852.0,,,,94.3,
1981-07-06 00:00:00+00:00,77.0,7940.0,97.7,94.5,95.8,95.21,1610.0
1981-07-07 00:00:00+00:00,76.0,7843.0,96.35,91.21,96.35,91.27,2366.0
1981-07-08 00:00:00+00:00,75.0,7980.0,92.75,87.75,88.5,92.41,2029.0
1981-07-09 00:00:00+00:00,74.0,8144.0,96.0,93.25,94.37,93.26,1712.0
1981-07-10 00:00:00+00:00,73.0,8512.0,97.26,95.26,96.25,97.26,1689.0
1981-07-13 00:00:00+00:00,70.0,8332.0,101.26,99.25,101.26,101.26,2326.0
1981-07-14 00:00:00+00:00,69.0,8757.0,100.4,98.1,100.25,98.19,1980.0
1981-07-15 00:00:00+00:00,68.0,8590.0,100.9,96.75,97.62,100.15,1794.0
1981-07-16 00:00:00+00:00,67.0,8846.0,102.75,99.75,100.87,102.05,2368.0
1981-07-17 00:00:00+00:00,66.0,9123.0,103.55,101.15,103.4,102.63,2191.0
1981-07-20 00:00:00+00:00,63.0,8980.0,106.63,102.8,103.5,106.63,3040.0
1981-07-21 00:00:00+00:00,62.0,8898.0,110.63,110.63,110.63,110.63,982.0
1981-07-22 00:00:00+00:00,61.0,8756.0,116.63,116.63,116.63,116.63,604.0
1981-07-23 00:00:00+00:00,60.0,8835.0,130.0,123.2,125.5,129.58,3617.0
1981-07-24 00:00:00+00:00,59.0,9061.0,132.5,125.25,131.5,125.43,3544.0
1981-07-27 00:00:00+00:00,56.0,9156.0,127.25,122.5,124.0,126.11,2608.0
1981-07-28 00:00:00+00:00,55.0,9208.0,130.0,127.0,128.55,129.71,2394.0
1981-07-29 00:00:00+00:00,54.0,9194.0,132.4,126.49,130.87,126.88,2957.0
1981-07-30 00:00:00+00:00,53.0,9277.0,126.75,118.75,124.12,120.83,3187.0
1981-07-31 00:00:00+00:00,52.0,9198.0,125.0,118.5,118.75,123.13,3181.0
1981-08-03 00:00:00+00:00,49.0,9251.0,123.13,115.55,122.56,115.73,3077.0
1981-08-04 00:00:00+00:00,48.0,9253.0,116.75,113.2,113.6,115.45,2609.0
1981-08-05 00:00:00+00:00,47.0,9442.0,117.5,112.5,116.75,112.81,3037.0
1981-08-06 00:00:00+00:00,46.0,9548.0,118.95,111.0,111.25,118.5,2501.0
1981-08-07 00:00:00+00:00,45.0,9696.0,119.55,114.26,116.25,114.56,2559.0
1981-08-10 00:00:00+00:00,42.0,9772.0,118.0,112.25,113.5,117.32,1950.0
1981-08-11 00:00:00+00:00,41.0,9578.0,119.4,116.0,118.37,116.15,2202.0
1981-08-12 00:00:00+00:00,40.0,9659.0,118.0,114.8,116.37,117.51,1515.0
1981-08-13 00:00:00+00:00,39.0,9735.0,127.45,124.5,125.75,126.6,1556.0
1981-08-14 00:00:00+00:00,38.0,9891.0,125.5,121.5,124.75,122.29,2865.0
1981-08-17 00:00:00+00:00,35.0,9901.0,124.0,121.3,122.5,122.64,1360.0
1981-08-18 00:00:00+00:00,34.0,9723.0,124.1,117.0,124.05,117.15,2357.0
1981-08-19 00:00:00+00:00,33.0,9774.0,118.9,114.2,115.1,117.88,2886.0
1981-08-20 00:00:00+00:00,32.0,9816.0,117.7,113.5,117.0,113.69,3010.0
1981-08-21 00:00:00+00:00,31.0,9638.0,114.25,111.5,112.37,112.43,2434.0
1981-08-24 00:00:00+00:00,28.0,9066.0,111.75,107.1,111.16,108.05,2063.0
1981-08-25 00:00:00+00:00,27.0,8521.0,113.25,107.25,107.75,109.25,2822.0
1981-08-26 00:00:00+00:00,26.0,8215.0,108.0,104.1,106.87,104.88,3179.0
1981-08-27 00:00:00+00:00,25.0,8234.0,107.0,103.0,106.25,106.0,3002.0
1981-08-28 00:00:00+00:00,24.0,8298.0,105.75,104.0,104.62,105.25,1638.0
1981-08-31 00:00:00+00:00,21.0,8182.0,105.5,99.5,104.37,99.9,1860.0
1981-09-01 00:00:00+00:00,111.0,8299.0,99.0,95.25,96.65,97.46,2564.0
1981-09-02 00:00:00+00:00,110.0,8177.0,101.46,97.75,97.82,101.46,2048.0
1981-09-03 00:00:00+00:00,109.0,8557.0,105.46,102.6,103.55,105.46,3488.0
1981-09-04 00:00:00+00:00,108.0,8599.0,107.5,103.6,106.87,107.29,1995.0
1981-09-07 00:00:00+00:00,108.0,8599.0,,,,107.29,
1981-09-08 00:00:00+00:00,104.0,8603.0,106.75,105.25,106.37,105.88,1493.0
1981-09-09 00:00:00+00:00,103.0,8550.0,109.88,105.75,105.94,109.88,2005.0
1981-09-10 00:00:00+00:00,102.0,8418.0,113.88,110.75,113.25,112.63,2508.0
1981-09-11 00:00:00+00:00,101.0,8645.0,116.63,113.5,115.81,115.75,2022.0
1981-09-14 00:00:00+00:00,98.0,8711.0,118.0,115.0,117.75,116.68,1817.0
1981-09-15 00:00:00+00:00,97.0,8694.0,116.4,114.5,115.7,115.13,1463.0
1981-09-16 00:00:00+00:00,96.0,8713.0,114.5,112.3,114.37,112.72,1825.0
1981-09-17 00:00:00+00:00,95.0,8892.0,116.72,114.0,114.37,116.72,1344.0
1981-09-18 00:00:00+00:00,94.0,8981.0,120.72,120.5,120.72,120.72,1313.0
1981-09-21 00:00:00+00:00,91.0,9312.0,126.5,119.75,121.99,125.43,3222.0
1981-09-22 00:00:00+00:00,90.0,9328.0,126.0,121.25,125.0,121.32,2514.0
1981-09-23 00:00:00+00:00,89.0,9217.0,126.5,120.0,123.15,120.14,2961.0
1981-09-24 00:00:00+00:00,88.0,9119.0,124.8,118.0,118.42,124.29,3222.0
1981-09-25 00:00:00+00:00,87.0,9090.0,132.5,129.55,131.75,131.46,2193.0
1981-09-28 00:00:00+00:00,84.0,8923.0,129.95,126.55,128.12,128.98,1938.0
1981-09-29 00:00:00+00:00,83.0,9035.0,128.2,127.0,127.5,127.0,1225.0
1981-09-30 00:00:00+00:00,82.0,9226.0,129.9,125.76,126.5,129.15,1744.0
1981-10-01 00:00:00+00:00,81.0,9069.0,132.1,129.95,131.25,130.1,2366.0
1981-10-02 00:00:00+00:00,80.0,8989.0,133.0,129.25,129.6,132.93,1432.0
1981-10-05 00:00:00+00:00,77.0,9002.0,134.9,132.8,133.62,132.83,1827.0
1981-10-06 00:00:00+00:00,76.0,8914.0,135.75,132.25,132.37,135.17,2081.0
1981-10-07 00:00:00+00:00,75.0,8853.0,135.5,132.35,135.5,133.45,1729.0
1981-10-08 00:00:00+00:00,74.0,8936.0,133.4,130.45,132.7,132.94,1741.0
1981-10-09 00:00:00+00:00,73.0,8842.0,134.5,131.1,132.95,131.3,1485.0
1981-10-12 00:00:00+00:00,70.0,8740.0,131.0,129.3,130.35,129.79,1036.0
1981-10-13 00:00:00+00:00,69.0,8502.0,134.5,130.25,130.42,134.5,2210.0
1981-10-14 00:00:00+00:00,68.0,8795.0,135.35,132.05,133.82,132.4,1765.0
1981-10-15 00:00:00+00:00,67.0,9074.0,136.9,132.9,133.62,136.57,2382.0
1981-10-16 00:00:00+00:00,66.0,9101.0,137.0,125.0,136.75,135.25,1910.0
1981-10-19 00:00:00+00:00,63.0,8980.0,135.6,133.1,135.3,133.77,1272.0
1981-10-20 00:00:00+00:00,62.0,8937.0,133.9,130.0,132.63,130.09,2846.0
1981-10-21 00:00:00+00:00,61.0,8720.0,133.5,129.25,129.5,133.28,2316.0
1981-10-22 00:00:00+00:00,60.0,8712.0,134.8,132.3,132.91,134.66,2090.0
1981-10-23 00:00:00+00:00,59.0,8774.0,138.4,133.5,133.8,138.35,3103.0
1981-10-26 00:00:00+00:00,56.0,8915.0,139.8,136.75,138.45,138.51,2499.0
1981-10-27 00:00:00+00:00,55.0,8883.0,138.5,136.75,137.75,137.12,1799.0
1981-10-28 00:00:00+00:00,54.0,8844.0,143.5,139.5,139.92,142.94,2839.0
1981-10-29 00:00:00+00:00,53.0,9084.0,144.4,141.05,143.62,142.82,2716.0
1981-10-30 00:00:00+00:00,52.0,9084.0,143.05,141.06,143.02,141.12,1574.0
1981-11-02 00:00:00+00:00,49.0,9252.0,144.45,141.25,141.37,144.38,1690.0
1981-11-03 00:00:00+00:00,48.0,9175.0,148.75,145.0,145.25,148.33,2570.0
1981-11-04 00:00:00+00:00,47.0,9024.0,155.25,149.5,150.5,149.71,3845.0
1981-11-05 00:00:00+00:00,46.0,9153.0,151.75,148.4,150.55,149.65,2506.0
1981-11-06 00:00:00+00:00,45.0,9184.0,151.0,145.95,149.62,146.11,1999.0
1981-11-09 00:00:00+00:00,42.0,8978.0,147.0,144.5,146.75,145.02,1694.0
1981-11-10 00:00:00+00:00,41.0,8981.0,151.5,143.1,145.27,143.63,2819.0
1981-11-11 00:00:00+00:00,40.0,8890.0,147.0,141.55,146.55,144.45,2239.0
1981-11-12 00:00:00+00:00,39.0,9103.0,149.25,144.0,144.05,148.86,2436.0
1981-11-13 00:00:00+00:00,38.0,9282.0,150.45,145.3,149.97,146.82,2254.0
1981-11-16 00:00:00+00:00,35.0,9362.0,148.65,144.25,146.0,144.93,1804.0
1981-11-17 00:00:00+00:00,34.0,9493.0,145.9,142.75,143.8,145.72,3126.0
1981-11-18 00:00:00+00:00,33.0,9549.0,148.5,146.5,147.0,147.15,2603.0
1981-11-19 00:00:00+00:00,32.0,9526.0,150.5,147.0,148.25,147.05,2154.0
1981-11-20 00:00:00+00:00,31.0,9469.0,147.9,145.3,147.8,145.42,1846.0
1981-11-23 00:00:00+00:00,28.0,9303.0,146.0,143.25,146.0,143.25,2596.0
1981-11-24 00:00:00+00:00,27.0,8963.0,143.0,138.6,142.25,139.66,3541.0
1981-11-25 00:00:00+00:00,26.0,8833.0,142.0,140.25,141.5,140.5,2039.0
1981-11-26 00:00:00+00:00,26.0,8833.0,,,,140.5,
1981-11-27 00:00:00+00:00,24.0,8854.0,138.5,136.0,138.12,136.5,2610.0
1981-11-30 00:00:00+00:00,21.0,8922.0,137.5,135.65,136.87,136.61,3109.0
1981-12-01 00:00:00+00:00,108.0,9328.0,131.0,125.68,130.37,128.25,4243.0
1981-12-02 00:00:00+00:00,107.0,9368.0,132.25,129.25,130.25,131.0,2751.0
1981-12-03 00:00:00+00:00,106.0,9476.0,132.7,129.25,129.85,131.94,2041.0
1981-12-04 00:00:00+00:00,105.0,9558.0,132.5,130.4,132.37,132.23,1762.0
1981-12-07 00:00:00+00:00,102.0,9687.0,136.23,133.45,133.72,136.23,2620.0
1981-12-08 00:00:00+00:00,101.0,9685.0,137.4,134.8,136.62,136.07,2771.0
1981-12-09 00:00:00+00:00,100.0,9495.0,135.75,133.51,135.37,133.68,2083.0
1981-12-10 00:00:00+00:00,99.0,9464.0,134.5,132.75,133.0,133.49,1599.0
1981-12-11 00:00:00+00:00,98.0,9658.0,137.49,132.25,133.02,137.49,2993.0
1981-12-14 00:00:00+00:00,95.0,9797.0,140.0,137.6,139.25,138.83,3057.0
1981-12-15 00:00:00+00:00,94.0,9479.0,139.25,137.6,137.9,137.69,2391.0
1981-12-16 00:00:00+00:00,93.0,9485.0,139.0,136.25,138.84,137.69,1791.0
1981-12-17 00:00:00+00:00,92.0,9648.0,139.15,137.0,137.25,138.44,1722.0
1981-12-18 00:00:00+00:00,91.0,9692.0,139.98,136.0,139.12,137.02,2227.0
1981-12-21 00:00:00+00:00,88.0,9641.0,138.0,135.6,137.87,136.32,1460.0
1981-12-22 00:00:00+00:00,87.0,9951.0,139.9,136.35,137.2,139.7,1864.0
1981-12-23 00:00:00+00:00,86.0,9962.0,140.45,139.0,139.25,139.62,1509.0
1981-12-24 00:00:00+00:00,86.0,9962.0,,,,139.62,
1981-12-25 00:00:00+00:00,86.0,9962.0,,,,139.62,
1981-12-28 00:00:00+00:00,81.0,9871.0,140.25,138.5,140.25,139.24,614.0
1981-12-29 00:00:00+00:00,80.0,9747.0,140.35,138.75,139.67,139.35,1136.0
1981-12-30 00:00:00+00:00,79.0,9809.0,139.2,138.25,138.65,138.99,746.0
1981-12-31 00:00:00+00:00,78.0,9823.0,139.8,138.49,138.62,139.74,391.0
1982-01-01 00:00:00+00:00,78.0,9823.0,,,,139.74,
1982-01-04 00:00:00+00:00,74.0,10207.0,142.45,140.5,140.85,142.4,2344.0
1982-01-05 00:00:00+00:00,73.0,10822.0,143.9,141.75,142.25,143.22,3334.0
1982-01-06 00:00:00+00:00,72.0,10843.0,142.9,141.55,142.7,142.06,1639.0
1982-01-07 00:00:00+00:00,71.0,10578.0,141.1,139.1,140.8,139.62,2064.0
1982-01-08 00:00:00+00:00,70.0,10557.0,139.25,137.5,137.75,138.37,1908.0
1982-01-11 00:00:00+00:00,67.0,10596.0,140.0,137.5,137.75,139.88,1219.0
1982-01-12 00:00:00+00:00,66.0,10693.0,140.7,138.65,139.81,138.77,1464.0
1982-01-13 00:00:00+00:00,65.0,10601.0,138.7,136.4,137.62,137.04,2269.0
1982-01-14 00:00:00+00:00,64.0,10656.0,137.8,136.26,136.33,137.57,1275.0
1982-01-15 00:00:00+00:00,63.0,10763.0,138.4,136.51,138.1,136.56,1458.0
1982-01-18 00:00:00+00:00,60.0,10707.0,136.2,135.1,135.3,135.61,1933.0
1982-01-19 00:00:00+00:00,59.0,10768.0,136.2,135.3,135.52,135.86,1059.0
1982-01-20 00:00:00+00:00,58.0,10971.0,139.7,136.5,136.6,139.59,2470.0
1982-01-21 00:00:00+00:00,57.0,10893.0,141.65,138.25,140.01,138.45,3959.0
1982-01-22 00:00:00+00:00,56.0,11265.0,140.0,137.5,138.85,139.88,2866.0
1982-01-25 00:00:00+00:00,53.0,11288.0,141.45,139.1,139.17,139.66,1717.0
1982-01-26 00:00:00+00:00,52.0,11369.0,143.1,140.55,140.9,143.04,3565.0
1982-01-27 00:00:00+00:00,51.0,11229.0,145.0,142.65,143.82,144.91,4797.0
1982-01-28 00:00:00+00:00,50.0,11213.0,144.9,143.4,144.75,143.98,1619.0
1982-01-29 00:00:00+00:00,49.0,11236.0,150.5,145.51,146.1,149.14,4607.0
1982-02-01 00:00:00+00:00,46.0,11345.0,150.25,147.5,150.02,148.68,2588.0
1982-02-02 00:00:00+00:00,45.0,11500.0,151.4,148.15,150.82,148.35,3315.0
1982-02-03 00:00:00+00:00,44.0,11359.0,150.5,147.5,148.74,149.92,2028.0
1982-02-04 00:00:00+00:00,43.0,11276.0,154.8,151.75,151.9,153.64,3453.0
1982-02-05 00:00:00+00:00,42.0,11253.0,153.7,150.1,153.3,150.46,2748.0
1982-02-08 00:00:00+00:00,39.0,11112.0,151.5,149.1,151.2,149.29,1353.0
1982-02-09 00:00:00+00:00,38.0,11229.0,155.0,148.6,148.8,154.73,2828.0
1982-02-10 00:00:00+00:00,37.0,11282.0,161.3,156.51,160.0,157.75,4218.0
1982-02-11 00:00:00+00:00,36.0,10893.0,159.9,155.75,158.5,159.68,2740.0
1982-02-12 00:00:00+00:00,35.0,11049.0,162.3,158.1,161.87,158.68,2875.0
1982-02-15 00:00:00+00:00,35.0,11049.0,,,,158.68,
1982-02-16 00:00:00+00:00,31.0,10964.0,159.75,157.0,158.12,159.13,3710.0
1982-02-17 00:00:00+00:00,30.0,10618.0,159.8,157.25,157.8,158.33,3596.0
1982-02-18 00:00:00+00:00,29.0,10201.0,158.2,156.05,157.77,156.25,2105.0
1982-02-19 00:00:00+00:00,28.0,9839.0,156.0,152.0,155.5,152.03,2830.0
1982-02-22 00:00:00+00:00,25.0,9745.0,155.1,150.0,152.13,151.25,2786.0
1982-02-23 00:00:00+00:00,24.0,9722.0,153.05,150.5,151.87,151.75,1819.0
1982-02-24 00:00:00+00:00,23.0,9740.0,156.5,151.0,152.38,156.13,2084.0
1982-02-25 00:00:00+00:00,22.0,9802.0,156.13,154.5,156.01,155.57,2533.0
1982-02-26 00:00:00+00:00,21.0,9647.0,155.0,153.8,153.9,153.98,1371.0
1982-03-01 00:00:00+00:00,79.0,9772.0,143.0,139.8,140.3,142.96,1605.0
1982-03-02 00:00:00+00:00,78.0,9890.0,144.4,142.5,142.55,143.05,1949.0
1982-03-03 00:00:00+00:00,77.0,10001.0,145.3,144.05,144.38,144.74,2048.0
1982-03-04 00:00:00+00:00,76.0,10059.0,146.7,144.2,145.12,145.59,1891.0
1982-03-05 00:00:00+00:00,75.0,10495.0,146.8,144.5,146.7,145.84,2159.0
1982-03-08 00:00:00+00:00,72.0,10571.0,149.0,147.65,147.82,148.28,1957.0
1982-03-09 00:00:00+00:00,71.0,10427.0,148.75,145.6,148.5,146.05,1851.0
1982-03-10 00:00:00+00:00,70.0,10498.0,147.2,145.0,145.88,146.64,2082.0
1982-03-11 00:00:00+00:00,69.0,10230.0,145.9,142.7,145.69,142.77,3294.0
1982-03-12 00:00:00+00:00,68.0,10275.0,145.0,142.3,142.63,143.83,2076.0
1982-03-15 00:00:00+00:00,65.0,9928.0,143.5,139.83,143.15,139.83,3465.0
1982-03-16 00:00:00+00:00,64.0,9078.0,139.3,135.83,138.8,135.83,5330.0
1982-03-17 00:00:00+00:00,63.0,8492.0,134.5,131.83,132.17,132.86,4531.0
1982-03-18 00:00:00+00:00,62.0,8335.0,134.0,129.0,133.63,129.45,3818.0
1982-03-19 00:00:00+00:00,61.0,8718.0,133.4,129.75,130.25,131.49,3350.0
1982-03-22 00:00:00+00:00,58.0,8674.0,134.7,131.7,132.63,134.44,1769.0
1982-03-23 00:00:00+00:00,57.0,8859.0,137.5,131.5,132.0,136.8,3477.0
1982-03-24 00:00:00+00:00,56.0,8999.0,135.4,129.01,135.03,129.31,3142.0
1982-03-25 00:00:00+00:00,55.0,9406.0,130.0,125.5,128.3,125.96,3921.0
1982-03-26 00:00:00+00:00,54.0,9559.0,129.0,127.1,127.9,127.28,2145.0
1982-03-29 00:00:00+00:00,51.0,9528.0,126.5,124.5,125.63,125.89,1762.0
1982-03-30 00:00:00+00:00,50.0,9070.0,133.0,128.0,128.25,132.31,3020.0
1982-03-31 00:00:00+00:00,49.0,9249.0,130.5,127.55,130.38,128.56,2435.0
1982-04-01 00:00:00+00:00,48.0,9043.0,135.0,129.75,129.88,134.83,3040.0
1982-04-02 00:00:00+00:00,47.0,9026.0,135.75,131.8,135.63,134.97,2173.0
1982-04-05 00:00:00+00:00,44.0,8932.0,136.8,134.31,135.43,135.4,1943.0
1982-04-06 00:00:00+00:00,43.0,9065.0,134.25,132.0,133.75,133.49,1034.0
1982-04-07 00:00:00+00:00,42.0,9136.0,137.8,134.5,134.75,137.18,2353.0
1982-04-08 00:00:00+00:00,41.0,9217.0,138.39,135.5,137.46,138.3,2183.0
1982-04-09 00:00:00+00:00,41.0,9217.0,,,,138.3,
1982-04-12 00:00:00+00:00,37.0,8978.0,139.85,137.5,138.83,137.55,2746.0
1982-04-13 00:00:00+00:00,36.0,9071.0,136.4,133.8,135.15,133.98,2445.0
1982-04-14 00:00:00+00:00,35.0,9506.0,133.8,132.1,132.8,133.57,3032.0
1982-04-15 00:00:00+00:00,34.0,9807.0,137.0,134.5,134.7,136.75,2433.0
1982-04-16 00:00:00+00:00,33.0,9839.0,136.1,133.1,136.0,134.71,2411.0
1982-04-19 00:00:00+00:00,30.0,10362.0,133.5,129.6,132.0,130.46,3812.0
1982-04-20 00:00:00+00:00,29.0,10445.0,132.0,129.2,130.63,131.93,3069.0
1982-04-21 00:00:00+00:00,28.0,10322.0,136.0,133.1,133.35,135.99,3236.0
1982-04-22 00:00:00+00:00,27.0,10180.0,136.5,134.1,134.8,134.23,2170.0
1982-04-23 00:00:00+00:00,26.0,10219.0,138.45,134.5,135.0,136.87,2755.0
1982-04-26 00:00:00+00:00,23.0,9942.0,141.0,139.0,139.0,140.95,2447.0
1982-04-27 00:00:00+00:00,22.0,9788.0,141.5,140.0,140.38,140.44,2255.0
1982-04-28 00:00:00+00:00,21.0,9687.0,140.0,139.0,139.17,139.35,1584.0
1982-04-29 00:00:00+00:00,20.0,9085.0,142.95,140.5,140.5,142.08,2923.0
1982-04-30 00:00:00+00:00,19.0,8753.0,143.75,141.25,143.33,141.72,2664.0
1982-05-03 00:00:00+00:00,79.0,8754.0,130.4,128.6,129.95,129.01,1051.0
1982-05-04 00:00:00+00:00,78.0,8692.0,129.0,126.0,128.51,126.08,1993.0
1982-05-05 00:00:00+00:00,77.0,8825.0,125.8,124.2,125.13,125.09,1904.0
1982-05-06 00:00:00+00:00,76.0,8621.0,126.25,121.8,125.38,122.25,2515.0
1982-05-07 00:00:00+00:00,75.0,8567.0,122.5,120.0,121.5,121.69,2816.0
1982-05-10 00:00:00+00:00,72.0,8368.0,124.95,122.25,122.33,124.82,2031.0
1982-05-11 00:00:00+00:00,71.0,8418.0,126.1,123.6,125.93,124.35,1682.0
1982-05-12 00:00:00+00:00,70.0,8535.0,128.35,123.6,123.65,127.76,2409.0
1982-05-13 00:00:00+00:00,69.0,8097.0,129.6,127.0,128.93,127.74,2818.0
1982-05-14 00:00:00+00:00,68.0,8102.0,128.49,123.75,127.85,124.79,2940.0
1982-05-17 00:00:00+00:00,65.0,7948.0,124.0,122.3,123.38,123.41,1830.0
1982-05-18 00:00:00+00:00,64.0,8062.0,124.4,120.31,120.66,124.02,3006.0
1982-05-19 00:00:00+00:00,63.0,7921.0,125.75,122.3,123.25,122.46,2208.0
1982-05-20 00:00:00+00:00,62.0,8066.0,122.75,119.5,120.25,122.73,2804.0
1982-05-21 00:00:00+00:00,61.0,8161.0,126.75,122.6,123.7,126.38,2251.0
1982-05-24 00:00:00+00:00,58.0,8334.0,127.5,125.0,127.1,125.62,1816.0
1982-05-25 00:00:00+00:00,57.0,8163.0,129.0,126.7,127.3,128.65,2468.0
1982-05-26 00:00:00+00:00,56.0,7855.0,132.95,128.75,130.0,132.89,4243.0
1982-05-27 00:00:00+00:00,55.0,7620.0,137.9,132.05,132.25,137.2,5108.0
1982-05-28 00:00:00+00:00,54.0,7949.0,138.25,134.7,136.45,138.23,3169.0
1982-05-31 00:00:00+00:00,54.0,7949.0,,,,138.23,
1982-06-01 00:00:00+00:00,50.0,7944.0,135.5,133.3,134.25,133.76,1677.0
1982-06-02 00:00:00+00:00,49.0,8331.0,139.25,134.05,134.53,136.09,2814.0
1982-06-03 00:00:00+00:00,48.0,8283.0,138.25,134.2,136.85,134.77,1880.0
1982-06-04 00:00:00+00:00,47.0,8316.0,137.7,134.0,134.95,137.39,1505.0
1982-06-07 00:00:00+00:00,44.0,8215.0,142.25,136.0,136.63,140.69,2265.0
1982-06-08 00:00:00+00:00,43.0,8242.0,141.9,139.05,140.5,139.35,2207.0
1982-06-09 00:00:00+00:00,42.0,8438.0,140.5,136.75,139.0,137.12,1995.0
1982-06-10 00:00:00+00:00,41.0,8461.0,139.0,136.25,136.75,138.96,1212.0
1982-06-11 00:00:00+00:00,40.0,8486.0,142.0,138.5,139.88,138.76,2310.0
1982-06-14 00:00:00+00:00,37.0,8245.0,140.0,135.25,139.6,135.35,2458.0
1982-06-15 00:00:00+00:00,36.0,8124.0,139.0,133.5,134.25,136.36,2099.0
1982-06-16 00:00:00+00:00,35.0,8051.0,138.85,137.0,137.13,138.37,2201.0
1982-06-17 00:00:00+00:00,34.0,8086.0,138.5,135.5,138.25,137.88,2292.0
1982-06-18 00:00:00+00:00,33.0,8069.0,139.0,137.15,138.55,137.82,1987.0
1982-06-21 00:00:00+00:00,30.0,7986.0,138.25,136.75,137.68,136.93,1365.0
1982-06-22 00:00:00+00:00,29.0,7786.0,139.0,136.8,137.13,137.53,1751.0
1982-06-23 00:00:00+00:00,28.0,7776.0,139.78,137.5,137.64,139.08,1576.0
1982-06-24 00:00:00+00:00,27.0,7775.0,141.5,139.0,139.13,140.47,1930.0
1982-06-25 00:00:00+00:00,26.0,7799.0,141.25,138.0,140.88,139.21,2265.0
1982-06-28 00:00:00+00:00,23.0,7835.0,139.4,138.01,138.76,139.4,835.0
1982-06-29 00:00:00+00:00,22.0,8134.0,141.4,140.25,140.25,140.95,1934.0
1982-06-30 00:00:00+00:00,21.0,8358.0,141.5,140.05,141.23,140.6,1500.0
1982-07-01 00:00:00+00:00,82.0,8435.0,132.8,131.27,132.65,131.78,1567.0
1982-07-02 00:00:00+00:00,81.0,8292.0,130.5,127.78,130.25,127.78,1901.0
1982-07-05 00:00:00+00:00,81.0,8292.0,,,,127.78,
1982-07-06 00:00:00+00:00,77.0,7952.0,125.75,123.78,124.53,123.78,2925.0
1982-07-07 00:00:00+00:00,76.0,7718.0,124.2,121.8,122.75,123.09,3060.0
1982-07-08 00:00:00+00:00,75.0,7501.0,125.0,120.25,124.75,120.53,3041.0
1982-07-09 00:00:00+00:00,74.0,7330.0,122.4,119.7,120.5,121.29,2244.0
1982-07-12 00:00:00+00:00,71.0,7299.0,121.75,120.3,121.38,120.41,1296.0
1982-07-13 00:00:00+00:00,70.0,7548.0,123.2,119.65,119.7,122.77,2179.0
1982-07-14 00:00:00+00:00,69.0,7517.0,125.7,123.1,123.18,125.53,1910.0
1982-07-15 00:00:00+00:00,68.0,7804.0,125.75,123.5,125.64,123.75,1972.0
1982-07-16 00:00:00+00:00,67.0,7511.0,126.25,123.12,124.25,124.98,2266.0
1982-07-19 00:00:00+00:00,64.0,7479.0,124.98,123.8,124.65,124.29,623.0
1982-07-20 00:00:00+00:00,63.0,7314.0,126.25,123.7,123.75,125.84,1839.0
1982-07-21 00:00:00+00:00,62.0,7161.0,127.49,122.8,125.65,123.0,2633.0
1982-07-22 00:00:00+00:00,61.0,7706.0,124.9,121.9,122.5,124.75,2502.0
1982-07-23 00:00:00+00:00,60.0,7737.0,125.3,123.5,124.88,123.79,1210.0
1982-07-26 00:00:00+00:00,57.0,7754.0,124.75,122.75,123.52,123.12,913.0
1982-07-27 00:00:00+00:00,56.0,7882.0,122.8,121.26,122.3,121.35,2207.0
1982-07-28 00:00:00+00:00,55.0,7872.0,126.5,120.8,120.9,126.46,2113.0
1982-07-29 00:00:00+00:00,54.0,7771.0,127.8,124.6,127.7,126.89,2002.0
1982-07-30 00:00:00+00:00,53.0,7791.0,129.25,126.5,127.63,126.81,2218.0
1982-08-02 00:00:00+00:00,50.0,7813.0,127.0,126.0,126.25,126.78,434.0
1982-08-03 00:00:00+00:00,49.0,7809.0,128.9,126.7,126.98,128.57,1219.0
1982-08-04 00:00:00+00:00,48.0,7906.0,129.7,128.15,128.88,129.43,1882.0
1982-08-05 00:00:00+00:00,47.0,8063.0,131.0,129.1,130.2,130.94,3210.0
1982-08-06 00:00:00+00:00,46.0,7912.0,131.2,129.6,130.25,130.67,1729.0
1982-08-09 00:00:00+00:00,43.0,7900.0,129.7,128.51,129.38,129.51,1285.0
1982-08-10 00:00:00+00:00,42.0,7962.0,129.75,126.5,129.25,126.86,1700.0
1982-08-11 00:00:00+00:00,41.0,7912.0,129.9,126.6,127.0,129.9,2116.0
1982-08-12 00:00:00+00:00,40.0,7901.0,130.8,128.0,130.45,128.33,1657.0
1982-08-13 00:00:00+00:00,39.0,7891.0,129.95,128.2,128.85,129.76,959.0
1982-08-16 00:00:00+00:00,36.0,7890.0,130.75,129.4,130.13,130.46,948.0
1982-08-17 00:00:00+00:00,35.0,8189.0,133.1,131.3,131.63,132.78,3165.0
1982-08-18 00:00:00+00:00,34.0,8039.0,134.5,132.06,133.75,134.18,2755.0
1982-08-19 00:00:00+00:00,33.0,8081.0,134.0,132.25,133.0,132.89,2078.0
1982-08-20 00:00:00+00:00,32.0,8191.0,134.24,132.5,132.95,133.94,1734.0
1982-08-23 00:00:00+00:00,29.0,8235.0,134.8,133.6,134.2,134.5,1308.0
1982-08-24 00:00:00+00:00,28.0,8238.0,134.55,133.1,134.05,133.11,1799.0
1982-08-25 00:00:00+00:00,27.0,8135.0,132.65,131.5,132.33,131.56,1811.0
1982-08-26 00:00:00+00:00,26.0,8346.0,133.5,131.5,132.25,132.6,2146.0
1982-08-27 00:00:00+00:00,25.0,8412.0,133.35,131.0,132.15,131.56,1638.0
1982-08-30 00:00:00+00:00,22.0,8180.0,133.0,131.0,131.25,132.75,1122.0
1982-08-31 00:00:00+00:00,21.0,8393.0,134.0,132.6,133.75,133.93,1762.0
1982-09-01 00:00:00+00:00,110.0,8430.0,127.3,126.0,127.05,126.11,647.0
1982-09-02 00:00:00+00:00,109.0,8544.0,126.44,125.3,126.18,125.35,947.0
1982-09-03 00:00:00+00:00,108.0,8613.0,127.4,126.0,126.38,126.95,1457.0
1982-09-06 00:00:00+00:00,108.0,8613.0,,,,126.95,
1982-09-07 00:00:00+00:00,104.0,9027.0,130.95,127.0,127.58,130.95,3321.0
1982-09-08 00:00:00+00:00,103.0,9505.0,130.4,127.75,129.9,128.55,2528.0
1982-09-09 00:00:00+00:00,102.0,9736.0,131.93,127.6,127.9,131.11,2883.0
1982-09-10 00:00:00+00:00,101.0,9676.0,131.9,129.05,130.5,129.51,2224.0
1982-09-13 00:00:00+00:00,98.0,9800.0,132.5,128.8,128.88,132.06,2017.0
1982-09-14 00:00:00+00:00,97.0,9793.0,133.49,131.75,132.83,132.99,2060.0
1982-09-15 00:00:00+00:00,96.0,9688.0,133.8,130.8,133.48,131.47,2391.0
1982-09-16 00:00:00+00:00,95.0,9694.0,134.2,131.25,131.65,134.01,2354.0
1982-09-17 00:00:00+00:00,94.0,9958.0,136.75,133.1,133.38,136.22,3124.0
1982-09-20 00:00:00+00:00,91.0,9893.0,135.5,133.75,135.36,133.76,1929.0
1982-09-21 00:00:00+00:00,90.0,9536.0,136.9,133.1,133.33,135.3,1809.0
1982-09-22 00:00:00+00:00,89.0,9818.0,137.9,136.5,137.7,137.21,1652.0
1982-09-23 00:00:00+00:00,88.0,9918.0,137.9,136.25,137.63,137.74,1624.0
1982-09-24 00:00:00+00:00,87.0,9968.0,139.0,137.6,138.13,138.95,1880.0
1982-09-27 00:00:00+00:00,84.0,9703.0,144.5,140.0,141.48,143.87,3278.0
1982-09-28 00:00:00+00:00,83.0,9657.0,143.0,140.1,142.88,140.57,2149.0
1982-09-29 00:00:00+00:00,82.0,9850.0,142.4,139.75,140.38,142.27,1585.0
1982-09-30 00:00:00+00:00,81.0,9677.0,144.9,141.75,143.35,144.87,2490.0
1982-10-01 00:00:00+00:00,80.0,9695.0,145.85,143.75,145.01,145.04,1628.0
1982-10-04 00:00:00+00:00,77.0,9609.0,144.75,143.0,143.65,143.51,1161.0
1982-10-05 00:00:00+00:00,76.0,9489.0,142.6,141.05,141.9,141.44,1883.0
1982-10-06 00:00:00+00:00,75.0,9496.0,142.75,140.8,142.25,142.17,1613.0
1982-10-07 00:00:00+00:00,74.0,9542.0,144.45,142.55,143.13,143.71,1426.0
1982-10-08 00:00:00+00:00,73.0,9307.0,143.4,139.5,143.33,139.71,2438.0
1982-10-11 00:00:00+00:00,70.0,9170.0,140.5,137.5,139.86,137.93,2678.0
1982-10-12 00:00:00+00:00,69.0,9207.0,144.5,138.0,138.25,144.27,3562.0
1982-10-13 00:00:00+00:00,68.0,9351.0,145.0,141.75,144.13,142.56,1840.0
1982-10-14 00:00:00+00:00,67.0,9264.0,144.5,141.0,142.88,141.1,3131.0
1982-10-15 00:00:00+00:00,66.0,9118.0,142.0,139.25,141.5,139.48,2210.0
1982-10-18 00:00:00+00:00,63.0,9152.0,140.7,139.45,139.9,140.35,1082.0
1982-10-19 00:00:00+00:00,62.0,9256.0,143.2,138.25,141.7,138.52,3237.0
1982-10-20 00:00:00+00:00,61.0,9216.0,140.5,139.05,139.28,140.26,1454.0
1982-10-21 00:00:00+00:00,60.0,8819.0,141.75,137.6,141.63,138.92,3812.0
1982-10-22 00:00:00+00:00,59.0,8665.0,141.25,138.15,139.08,141.2,1906.0
1982-10-25 00:00:00+00:00,56.0,8835.0,141.9,139.0,141.5,139.27,1317.0
1982-10-26 00:00:00+00:00,55.0,8716.0,140.75,138.25,138.68,140.69,1166.0
1982-10-27 00:00:00+00:00,54.0,8632.0,141.25,139.75,140.88,140.87,702.0
1982-10-28 00:00:00+00:00,53.0,8713.0,140.3,139.15,140.0,140.14,738.0
1982-10-29 00:00:00+00:00,52.0,8876.0,140.5,139.0,139.85,139.41,982.0
1982-11-01 00:00:00+00:00,49.0,8275.0,139.25,134.93,139.25,135.02,4455.0
1982-11-02 00:00:00+00:00,49.0,8275.0,,,,135.02,
1982-11-03 00:00:00+00:00,47.0,8017.0,135.9,133.5,133.5,133.56,3220.0
1982-11-04 00:00:00+00:00,46.0,7977.0,137.3,134.15,134.68,136.92,1874.0
1982-11-05 00:00:00+00:00,45.0,8293.0,136.5,134.51,136.25,135.26,1591.0
1982-11-08 00:00:00+00:00,42.0,8362.0,136.4,133.6,134.75,136.08,873.0
1982-11-09 00:00:00+00:00,41.0,8329.0,137.6,134.65,135.13,137.48,1542.0
1982-11-10 00:00:00+00:00,40.0,8461.0,137.95,135.8,136.75,136.18,1938.0
1982-11-11 00:00:00+00:00,39.0,8497.0,136.9,135.5,135.88,136.78,1388.0
1982-11-12 00:00:00+00:00,38.0,8499.0,138.9,137.25,138.2,138.73,2401.0
1982-11-15 00:00:00+00:00,35.0,8831.0,140.7,139.0,139.35,139.85,2419.0
1982-11-16 00:00:00+00:00,34.0,8857.0,139.4,138.25,139.0,138.52,1334.0
1982-11-17 00:00:00+00:00,33.0,8861.0,139.9,138.0,139.15,138.2,2093.0
1982-11-18 00:00:00+00:00,32.0,8716.0,138.8,136.8,138.63,137.44,2123.0
1982-11-19 00:00:00+00:00,31.0,8407.0,139.0,136.2,136.6,138.98,2356.0
1982-11-22 00:00:00+00:00,28.0,8995.0,142.0,139.0,139.38,141.94,4332.0
1982-11-23 00:00:00+00:00,27.0,9362.0,142.5,140.5,142.25,141.82,3545.0
1982-11-24 00:00:00+00:00,26.0,9818.0,142.25,139.02,142.08,139.81,2236.0
1982-11-25 00:00:00+00:00,26.0,9818.0,,,,139.81,
1982-11-26 00:00:00+00:00,24.0,10090.0,140.1,139.0,139.8,139.4,1816.0
1982-11-29 00:00:00+00:00,21.0,9633.0,139.4,136.0,139.33,136.35,2680.0
1982-11-30 00:00:00+00:00,20.0,9152.0,137.9,136.0,136.0,136.65,2031.0
1982-12-01 00:00:00+00:00,111.0,9369.0,137.21,135.45,135.6,136.29,1346.0
1982-12-02 00:00:00+00:00,110.0,8505.0,135.11,133.0,134.5,133.51,3431.0
1982-12-03 00:00:00+00:00,109.0,8140.0,134.25,133.11,133.13,133.3,1970.0
1982-12-06 00:00:00+00:00,106.0,8291.0,136.26,134.5,134.63,136.16,1754.0
1982-12-07 00:00:00+00:00,105.0,8453.0,138.25,136.2,136.5,138.33,1983.0
1982-12-08 00:00:00+00:00,104.0,8432.0,137.5,134.33,137.35,134.33,2340.0
1982-12-09 00:00:00+00:00,103.0,8172.0,134.5,131.26,132.19,134.02,3069.0
1982-12-10 00:00:00+00:00,102.0,8288.0,135.4,133.5,134.33,135.19,1493.0
1982-12-13 00:00:00+00:00,99.0,8361.0,136.31,133.1,135.5,133.19,1617.0
1982-12-14 00:00:00+00:00,98.0,8427.0,134.4,132.6,133.47,133.06,1676.0
1982-12-15 00:00:00+00:00,97.0,8362.0,133.26,131.06,132.03,131.11,2324.0
1982-12-16 00:00:00+00:00,96.0,8468.0,131.26,127.21,130.3,128.09,3694.0
1982-12-17 00:00:00+00:00,95.0,8592.0,129.4,128.11,128.58,128.22,2177.0
1982-12-20 00:00:00+00:00,92.0,8629.0,130.3,128.5,129.37,129.61,1063.0
1982-12-21 00:00:00+00:00,91.0,8758.0,131.45,130.11,130.63,130.22,1808.0
1982-12-22 00:00:00+00:00,90.0,8818.0,130.4,129.06,130.01,130.26,1036.0
1982-12-23 00:00:00+00:00,89.0,9102.0,130.26,130.26,130.26,130.26,1061.0
1982-12-24 00:00:00+00:00,89.0,9102.0,,,,130.26,
1982-12-27 00:00:00+00:00,85.0,9298.0,130.26,127.5,130.06,128.0,932.0
1982-12-28 00:00:00+00:00,84.0,9361.0,130.26,127.25,127.63,130.04,852.0
1982-12-29 00:00:00+00:00,83.0,9324.0,131.25,130.16,131.16,131.25,826.0
1982-12-30 00:00:00+00:00,82.0,9273.0,131.26,129.6,131.06,130.19,946.0
1982-12-31 00:00:00+00:00,82.0,9273.0,,,,130.19,
1983-01-03 00:00:00+00:00,78.0,9005.0,133.26,130.0,130.25,133.05,1771.0
1983-01-04 00:00:00+00:00,77.0,8945.0,133.5,130.5,133.25,132.1,1810.0
1983-01-05 00:00:00+00:00,76.0,8966.0,132.3,130.1,130.6,132.28,1662.0
1983-01-06 00:00:00+00:00,75.0,9207.0,131.5,129.1,131.3,129.2,1805.0
1983-01-07 00:00:00+00:00,74.0,9246.0,129.4,128.0,128.15,129.02,1296.0
1983-01-10 00:00:00+00:00,71.0,9297.0,129.16,128.03,128.63,128.12,1500.0
1983-01-11 00:00:00+00:00,70.0,9464.0,129.11,127.26,128.26,128.1,1674.0
1983-01-12 00:00:00+00:00,69.0,9565.0,130.31,128.2,129.16,130.23,2134.0
1983-01-13 00:00:00+00:00,68.0,9811.0,130.5,128.1,130.45,128.16,1355.0
1983-01-14 00:00:00+00:00,67.0,9859.0,129.11,127.3,128.21,128.54,1219.0
1983-01-17 00:00:00+00:00,64.0,9880.0,130.26,128.6,129.31,129.48,923.0
1983-01-18 00:00:00+00:00,63.0,9953.0,129.25,127.0,129.13,127.11,1620.0
1983-01-19 00:00:00+00:00,62.0,9840.0,129.11,126.01,127.28,128.62,1696.0
1983-01-20 00:00:00+00:00,61.0,9818.0,129.31,127.55,128.44,128.02,759.0
1983-01-21 00:00:00+00:00,60.0,9812.0,127.5,126.3,127.4,127.04,898.0
1983-01-24 00:00:00+00:00,57.0,9853.0,127.04,125.4,126.59,126.11,1137.0
1983-01-25 00:00:00+00:00,56.0,10012.0,127.01,126.26,126.4,126.04,1108.0
1983-01-26 00:00:00+00:00,55.0,10233.0,126.45,125.0,126.33,125.34,1406.0
1983-01-27 00:00:00+00:00,54.0,10266.0,126.26,125.35,125.43,126.02,921.0
1983-01-28 00:00:00+00:00,53.0,10297.0,126.45,124.25,126.21,124.3,1683.0
1983-01-31 00:00:00+00:00,50.0,10752.0,124.5,122.5,124.45,123.17,2192.0
1983-02-01 00:00:00+00:00,49.0,10725.0,124.26,122.25,122.58,122.49,2050.0
1983-02-02 00:00:00+00:00,48.0,10773.0,124.26,122.3,123.33,124.05,1291.0
1983-02-03 00:00:00+00:00,47.0,10832.0,124.31,122.2,123.45,123.25,1542.0
1983-02-04 00:00:00+00:00,46.0,10621.0,125.25,121.5,122.11,124.62,2535.0
1983-02-07 00:00:00+00:00,43.0,10388.0,127.26,124.0,124.38,126.56,1684.0
1983-02-08 00:00:00+00:00,42.0,10168.0,127.6,126.01,127.48,127.22,2072.0
1983-02-09 00:00:00+00:00,41.0,10220.0,127.11,125.3,126.38,125.38,1208.0
1983-02-10 00:00:00+00:00,40.0,10173.0,126.38,125.0,125.0,126.03,1351.0
1983-02-11 00:00:00+00:00,39.0,10171.0,126.1,124.35,126.05,125.23,1115.0
1983-02-14 00:00:00+00:00,36.0,10190.0,127.26,125.25,125.5,127.22,1914.0
1983-02-15 00:00:00+00:00,35.0,10224.0,126.39,126.39,126.39,126.39,2013.0
1983-02-16 00:00:00+00:00,34.0,10113.0,125.14,125.14,125.14,125.14,2736.0
1983-02-17 00:00:00+00:00,33.0,10183.0,126.35,125.25,125.38,126.17,1964.0
1983-02-18 00:00:00+00:00,32.0,10458.0,126.6,126.1,126.41,126.47,1318.0
1983-02-21 00:00:00+00:00,32.0,10458.0,,,,126.47,
1983-02-22 00:00:00+00:00,28.0,10272.0,127.11,124.55,126.13,125.46,2240.0
1983-02-23 00:00:00+00:00,27.0,10263.0,126.2,124.55,125.09,126.09,1113.0
1983-02-24 00:00:00+00:00,26.0,10183.0,126.21,126.21,126.21,126.21,1123.0
1983-02-25 00:00:00+00:00,25.0,10265.0,125.5,125.11,125.4,125.14,1611.0
1983-02-28 00:00:00+00:00,22.0,10336.0,125.25,123.51,124.21,125.05,1981.0
1983-03-01 00:00:00+00:00,79.0,10423.0,122.45,120.35,120.6,122.32,2194.0
1983-03-02 00:00:00+00:00,78.0,10612.0,122.75,121.2,122.18,121.79,1804.0
1983-03-03 00:00:00+00:00,77.0,10321.0,122.9,122.15,122.63,122.31,1127.0
1983-03-04 00:00:00+00:00,76.0,10250.0,122.25,121.6,121.73,121.83,1122.0
1983-03-07 00:00:00+00:00,73.0,10182.0,122.45,121.35,121.95,121.88,795.0
1983-03-08 00:00:00+00:00,72.0,10135.0,121.7,120.8,121.63,121.09,1318.0
1983-03-09 00:00:00+00:00,71.0,9955.0,123.25,121.25,121.38,123.16,2373.0
1983-03-10 00:00:00+00:00,70.0,9644.0,123.85,122.9,123.38,122.99,2223.0
1983-03-11 00:00:00+00:00,69.0,9696.0,123.8,122.25,122.63,123.37,1577.0
1983-03-14 00:00:00+00:00,66.0,9826.0,124.15,122.8,123.68,123.41,1351.0
1983-03-15 00:00:00+00:00,65.0,9980.0,123.0,121.42,122.75,121.49,1923.0
1983-03-16 00:00:00+00:00,64.0,9965.0,121.6,120.41,120.82,120.83,1807.0
1983-03-17 00:00:00+00:00,63.0,10156.0,122.3,121.5,121.58,121.72,1733.0
1983-03-18 00:00:00+00:00,62.0,10046.0,121.95,120.9,121.44,121.91,1174.0
1983-03-21 00:00:00+00:00,59.0,10268.0,123.7,121.25,121.3,123.52,3018.0
1983-03-22 00:00:00+00:00,58.0,10290.0,123.8,122.9,123.53,123.55,1644.0
1983-03-23 00:00:00+00:00,57.0,10752.0,126.9,123.75,123.85,126.58,4949.0
1983-03-24 00:00:00+00:00,56.0,11430.0,126.75,125.4,126.68,126.33,3370.0
1983-03-25 00:00:00+00:00,55.0,11566.0,125.95,124.1,125.9,124.18,1810.0
1983-03-28 00:00:00+00:00,52.0,11174.0,124.8,123.25,123.7,124.44,2444.0
1983-03-29 00:00:00+00:00,51.0,11549.0,125.85,123.95,124.85,124.9,2262.0
1983-03-30 00:00:00+00:00,50.0,11687.0,124.65,123.65,123.8,124.16,1150.0
1983-03-31 00:00:00+00:00,49.0,11739.0,124.25,123.1,123.88,123.23,1038.0
1983-04-01 00:00:00+00:00,49.0,11739.0,,,,123.23,
1983-04-04 00:00:00+00:00,45.0,11737.0,123.6,123.0,123.05,123.1,406.0
1983-04-05 00:00:00+00:00,44.0,11877.0,122.78,121.86,122.45,121.87,1473.0
1983-04-06 00:00:00+00:00,43.0,11730.0,122.4,120.6,121.9,120.71,2963.0
1983-04-07 00:00:00+00:00,42.0,11764.0,122.08,120.1,120.38,121.29,3242.0
1983-04-08 00:00:00+00:00,41.0,11926.0,122.1,121.29,121.85,121.55,2322.0
1983-04-11 00:00:00+00:00,38.0,12007.0,122.0,121.3,121.63,121.35,707.0
1983-04-12 00:00:00+00:00,37.0,11883.0,122.5,121.34,121.35,122.47,1563.0
1983-04-13 00:00:00+00:00,36.0,11748.0,122.65,121.56,122.44,121.84,1875.0
1983-04-14 00:00:00+00:00,35.0,11674.0,122.9,122.0,122.0,122.72,1343.0
1983-04-15 00:00:00+00:00,34.0,11770.0,124.5,122.4,122.56,124.09,2645.0
1983-04-18 00:00:00+00:00,31.0,11607.0,124.65,123.6,123.68,124.22,1621.0
1983-04-19 00:00:00+00:00,30.0,11421.0,124.75,123.6,124.12,123.86,1847.0
1983-04-20 00:00:00+00:00,29.0,11169.0,124.25,123.3,123.95,123.78,1909.0
1983-04-21 00:00:00+00:00,28.0,11394.0,124.75,123.8,123.85,124.71,1979.0
1983-04-22 00:00:00+00:00,27.0,11487.0,125.5,124.8,125.1,125.48,2874.0
1983-04-25 00:00:00+00:00,24.0,11693.0,126.85,125.98,125.98,126.25,2588.0
1983-04-26 00:00:00+00:00,23.0,11782.0,126.5,124.5,126.4,124.5,1991.0
1983-04-27 00:00:00+00:00,22.0,11928.0,125.4,124.6,124.6,124.95,1043.0
1983-04-28 00:00:00+00:00,21.0,11742.0,125.25,124.75,125.25,124.77,1556.0
1983-04-29 00:00:00+00:00,20.0,11752.0,124.9,124.3,124.4,124.8,1452.0
1983-05-02 00:00:00+00:00,79.0,11900.0,125.9,124.5,124.8,125.6,1120.0
1983-05-03 00:00:00+00:00,78.0,11893.0,126.25,125.35,125.83,125.67,1014.0
1983-05-04 00:00:00+00:00,77.0,12042.0,126.3,125.5,125.59,126.14,1174.0
1983-05-05 00:00:00+00:00,76.0,12093.0,126.5,125.75,126.08,126.3,1191.0
1983-05-06 00:00:00+00:00,75.0,12319.0,126.7,125.0,126.25,125.13,1250.0
1983-05-09 00:00:00+00:00,72.0,12137.0,124.8,124.0,124.7,124.08,1551.0
1983-05-10 00:00:00+00:00,71.0,11705.0,124.35,123.45,124.14,123.5,2156.0
1983-05-11 00:00:00+00:00,70.0,11714.0,124.45,123.65,123.85,124.2,1233.0
1983-05-12 00:00:00+00:00,69.0,11626.0,124.9,123.2,124.28,124.74,2366.0
1983-05-13 00:00:00+00:00,68.0,11306.0,126.4,125.1,125.15,125.8,2389.0
1983-05-16 00:00:00+00:00,65.0,11144.0,129.75,125.9,126.2,129.48,4779.0
1983-05-17 00:00:00+00:00,64.0,11569.0,129.9,128.5,129.13,128.51,3460.0
1983-05-18 00:00:00+00:00,63.0,11585.0,128.5,127.7,128.45,128.0,1247.0
1983-05-19 00:00:00+00:00,62.0,11059.0,129.65,128.4,128.75,129.43,1828.0
1983-05-20 00:00:00+00:00,61.0,11132.0,132.25,129.7,130.18,132.02,2978.0
1983-05-23 00:00:00+00:00,58.0,11140.0,132.6,130.75,132.43,131.01,1542.0
1983-05-24 00:00:00+00:00,57.0,11186.0,133.8,130.5,131.43,133.35,2488.0
1983-05-25 00:00:00+00:00,56.0,10996.0,135.3,132.7,134.53,133.95,3716.0
1983-05-26 00:00:00+00:00,55.0,11293.0,135.5,133.26,134.38,133.35,2854.0
1983-05-27 00:00:00+00:00,54.0,11433.0,135.25,132.5,132.63,135.23,1886.0
1983-05-30 00:00:00+00:00,54.0,11433.0,,,,135.23,
1983-05-31 00:00:00+00:00,50.0,11317.0,134.7,131.5,134.48,131.75,2522.0
1983-06-01 00:00:00+00:00,49.0,11453.0,130.3,127.9,129.33,128.0,3066.0
1983-06-02 00:00:00+00:00,48.0,10888.0,128.75,126.5,128.43,126.58,3032.0
1983-06-03 00:00:00+00:00,47.0,10685.0,127.9,125.8,126.65,126.72,2550.0
1983-06-06 00:00:00+00:00,44.0,10725.0,128.25,126.65,127.38,127.9,1722.0
1983-06-07 00:00:00+00:00,43.0,10957.0,129.5,128.0,128.63,129.37,2033.0
1983-06-08 00:00:00+00:00,42.0,10597.0,130.46,126.0,130.33,126.14,2591.0
1983-06-09 00:00:00+00:00,41.0,10890.0,127.4,125.56,125.81,127.17,2691.0
1983-06-10 00:00:00+00:00,40.0,10550.0,127.0,124.95,126.75,125.29,2401.0
1983-06-13 00:00:00+00:00,37.0,10676.0,126.7,124.75,125.13,126.21,1912.0
1983-06-14 00:00:00+00:00,36.0,10789.0,127.5,125.6,126.05,127.24,1332.0
1983-06-15 00:00:00+00:00,35.0,10937.0,127.85,126.0,127.13,127.05,2308.0
1983-06-16 00:00:00+00:00,34.0,10713.0,127.89,126.0,127.77,126.88,2504.0
1983-06-17 00:00:00+00:00,33.0,10606.0,127.25,125.8,127.25,126.36,1491.0
1983-06-20 00:00:00+00:00,30.0,10346.0,125.85,124.8,125.6,124.86,2002.0
1983-06-21 00:00:00+00:00,29.0,9373.0,124.5,123.51,123.9,123.6,3827.0
1983-06-22 00:00:00+00:00,28.0,8808.0,124.7,123.51,123.83,124.65,2254.0
1983-06-23 00:00:00+00:00,27.0,8578.0,125.25,124.1,124.38,124.8,1707.0
1983-06-24 00:00:00+00:00,26.0,8456.0,125.0,124.25,124.75,124.75,1190.0
1983-06-27 00:00:00+00:00,23.0,8526.0,124.26,124.05,124.26,124.23,1257.0
1983-06-28 00:00:00+00:00,22.0,8330.0,124.9,123.8,123.85,124.05,1466.0
1983-06-29 00:00:00+00:00,21.0,8064.0,125.6,123.8,124.0,125.4,1384.0
1983-06-30 00:00:00+00:00,20.0,7885.0,125.25,123.25,123.63,124.63,856.0
1983-07-01 00:00:00+00:00,82.0,8124.0,127.96,125.5,125.55,127.48,3175.0
1983-07-04 00:00:00+00:00,82.0,8124.0,,,,127.48,
1983-07-05 00:00:00+00:00,78.0,8107.0,127.9,127.1,127.37,127.71,1270.0
1983-07-06 00:00:00+00:00,77.0,8016.0,127.75,126.05,127.4,126.11,1175.0
1983-07-07 00:00:00+00:00,76.0,8172.0,128.3,126.0,126.15,128.0,1572.0
1983-07-08 00:00:00+00:00,75.0,8479.0,128.75,127.61,128.38,127.89,1282.0
1983-07-11 00:00:00+00:00,72.0,8436.0,128.9,127.7,128.28,128.78,1162.0
1983-07-12 00:00:00+00:00,71.0,8316.0,129.4,128.47,128.74,129.0,1438.0
1983-07-13 00:00:00+00:00,70.0,8430.0,130.25,129.1,129.4,129.11,1863.0
1983-07-14 00:00:00+00:00,69.0,8188.0,129.45,127.01,129.35,127.15,1803.0
1983-07-15 00:00:00+00:00,68.0,8183.0,128.0,126.7,127.28,126.83,1265.0
1983-07-18 00:00:00+00:00,65.0,8239.0,127.75,126.85,127.35,127.18,541.0
1983-07-19 00:00:00+00:00,64.0,8159.0,128.4,127.35,127.44,128.01,945.0
1983-07-20 00:00:00+00:00,63.0,8151.0,129.2,128.35,128.37,128.88,1176.0
1983-07-21 00:00:00+00:00,62.0,8139.0,129.5,128.0,129.35,128.28,1122.0
1983-07-22 00:00:00+00:00,61.0,8215.0,128.95,128.01,128.48,128.76,570.0
1983-07-25 00:00:00+00:00,58.0,7983.0,129.5,127.05,129.33,127.26,1340.0
1983-07-26 00:00:00+00:00,57.0,7963.0,127.75,126.88,127.52,127.72,1007.0
1983-07-27 00:00:00+00:00,56.0,7969.0,127.45,126.6,126.8,126.91,1232.0
1983-07-28 00:00:00+00:00,55.0,8003.0,127.2,126.6,126.83,126.74,766.0
1983-07-29 00:00:00+00:00,54.0,7833.0,126.75,125.9,126.72,126.07,1345.0
1983-08-01 00:00:00+00:00,51.0,7620.0,126.04,125.05,125.9,125.1,1285.0
1983-08-02 00:00:00+00:00,50.0,7626.0,126.4,125.3,125.6,125.35,1090.0
1983-08-03 00:00:00+00:00,49.0,7643.0,126.15,125.65,125.7,125.79,493.0
1983-08-04 00:00:00+00:00,48.0,7739.0,126.3,125.4,126.0,125.88,879.0
1983-08-05 00:00:00+00:00,47.0,7790.0,126.35,125.8,125.97,126.28,618.0
1983-08-08 00:00:00+00:00,44.0,7780.0,126.7,125.55,125.68,126.35,951.0
1983-08-09 00:00:00+00:00,43.0,7677.0,126.55,126.0,126.33,126.17,539.0
1983-08-10 00:00:00+00:00,42.0,8016.0,128.0,125.9,126.08,128.0,2160.0
1983-08-11 00:00:00+00:00,41.0,9075.0,129.0,127.6,128.68,127.74,3834.0
1983-08-12 00:00:00+00:00,40.0,8886.0,127.6,126.8,127.55,127.2,2171.0
1983-08-15 00:00:00+00:00,37.0,9039.0,127.9,126.75,126.88,127.5,1214.0
1983-08-16 00:00:00+00:00,36.0,9217.0,128.75,127.8,127.9,128.69,1585.0
1983-08-17 00:00:00+00:00,35.0,9547.0,129.45,128.55,129.25,129.45,1701.0
1983-08-18 00:00:00+00:00,34.0,9757.0,129.5,128.8,129.43,128.82,1101.0
1983-08-19 00:00:00+00:00,33.0,10288.0,131.4,128.75,129.05,130.9,2756.0
1983-08-22 00:00:00+00:00,30.0,10079.0,132.45,130.7,130.81,131.04,3168.0
1983-08-23 00:00:00+00:00,29.0,10275.0,132.25,130.85,131.25,132.23,1220.0
1983-08-24 00:00:00+00:00,28.0,10172.0,133.95,132.06,132.35,133.6,1069.0
1983-08-25 00:00:00+00:00,27.0,9639.0,134.45,132.4,134.23,132.95,1639.0
1983-08-26 00:00:00+00:00,26.0,9684.0,132.6,132.1,132.45,132.38,738.0
1983-08-29 00:00:00+00:00,23.0,9609.0,132.75,131.05,132.55,131.05,890.0
1983-08-30 00:00:00+00:00,22.0,9520.0,131.75,130.95,131.03,131.73,860.0
1983-08-31 00:00:00+00:00,21.0,9351.0,132.15,131.4,131.4,131.71,857.0
1983-09-01 00:00:00+00:00,110.0,9310.0,130.5,129.6,130.38,130.21,583.0
1983-09-02 00:00:00+00:00,109.0,9275.0,130.4,130.26,130.27,130.37,445.0
1983-09-05 00:00:00+00:00,109.0,9275.0,,,,130.37,
1983-09-06 00:00:00+00:00,105.0,9178.0,130.3,130.06,130.2,130.32,650.0
1983-09-07 00:00:00+00:00,104.0,8965.0,130.11,129.05,130.09,129.08,817.0
1983-09-08 00:00:00+00:00,103.0,8652.0,129.4,128.51,129.3,129.34,857.0
1983-09-09 00:00:00+00:00,102.0,8722.0,130.48,129.4,130.14,130.18,1038.0
1983-09-12 00:00:00+00:00,99.0,8696.0,131.0,130.4,130.53,131.03,649.0
1983-09-13 00:00:00+00:00,98.0,8706.0,132.01,131.01,131.06,131.5,1214.0
1983-09-14 00:00:00+00:00,97.0,8693.0,132.26,130.1,132.19,130.12,1486.0
1983-09-15 00:00:00+00:00,96.0,8728.0,132.1,130.05,130.45,131.58,1086.0
1983-09-16 00:00:00+00:00,95.0,8597.0,132.1,131.05,132.09,132.27,1000.0
1983-09-19 00:00:00+00:00,92.0,8699.0,133.21,132.27,132.28,133.12,1343.0
1983-09-20 00:00:00+00:00,91.0,8735.0,133.45,132.1,132.25,133.25,1509.0
1983-09-21 00:00:00+00:00,90.0,8786.0,134.06,133.11,133.15,133.25,1017.0
1983-09-22 00:00:00+00:00,89.0,8997.0,134.34,132.1,132.62,134.3,1202.0
1983-09-23 00:00:00+00:00,88.0,9095.0,134.3,133.6,134.05,134.26,713.0
1983-09-26 00:00:00+00:00,85.0,9164.0,134.06,132.4,133.33,132.59,1371.0
1983-09-27 00:00:00+00:00,84.0,9079.0,134.16,132.05,132.15,133.53,746.0
1983-09-28 00:00:00+00:00,83.0,9203.0,136.2,134.3,134.38,136.04,1932.0
1983-09-29 00:00:00+00:00,82.0,9248.0,137.26,135.0,136.23,135.47,1727.0
1983-09-30 00:00:00+00:00,81.0,9439.0,136.5,135.21,135.38,136.48,1137.0
1983-10-03 00:00:00+00:00,78.0,9519.0,138.24,136.5,137.06,138.24,1219.0
1983-10-04 00:00:00+00:00,77.0,9578.0,141.25,138.38,138.44,141.02,2554.0
1983-10-05 00:00:00+00:00,76.0,9699.0,141.24,141.24,141.24,141.24,1597.0
1983-10-06 00:00:00+00:00,75.0,9496.0,144.2,141.5,141.55,144.28,2784.0
1983-10-07 00:00:00+00:00,74.0,8882.0,145.26,140.5,144.45,141.1,2907.0
1983-10-10 00:00:00+00:00,71.0,8648.0,144.35,142.15,143.16,144.27,2119.0
1983-10-11 00:00:00+00:00,70.0,8705.0,145.26,142.3,145.06,143.11,1603.0
1983-10-12 00:00:00+00:00,69.0,8826.0,144.26,143.0,143.35,144.13,1067.0
1983-10-13 00:00:00+00:00,68.0,8716.0,144.35,142.26,144.13,143.3,2071.0
1983-10-14 00:00:00+00:00,67.0,8758.0,143.4,142.25,143.16,143.29,752.0
1983-10-17 00:00:00+00:00,64.0,8785.0,146.4,143.61,144.25,144.19,2483.0
1983-10-18 00:00:00+00:00,63.0,9161.0,144.19,142.21,144.15,142.48,2045.0
1983-10-19 00:00:00+00:00,62.0,9492.0,143.3,141.55,143.19,142.01,2167.0
1983-10-20 00:00:00+00:00,61.0,9483.0,142.14,142.14,142.14,142.14,799.0
1983-10-21 00:00:00+00:00,60.0,9485.0,143.11,141.6,142.3,143.09,1142.0
1983-10-24 00:00:00+00:00,57.0,9488.0,144.06,142.3,143.0,143.54,1310.0
1983-10-25 00:00:00+00:00,56.0,9689.0,144.5,142.6,144.16,143.23,2084.0
1983-10-26 00:00:00+00:00,55.0,9713.0,143.1,142.07,142.58,143.31,1267.0
1983-10-27 00:00:00+00:00,54.0,9465.0,142.45,139.55,142.43,139.56,2965.0
1983-10-28 00:00:00+00:00,53.0,9458.0,140.06,138.3,139.4,139.09,2021.0
1983-10-31 00:00:00+00:00,50.0,9420.0,142.06,138.16,139.11,141.54,2045.0
1983-11-01 00:00:00+00:00,49.0,9181.0,141.1,140.11,141.06,141.24,1520.0
1983-11-02 00:00:00+00:00,48.0,9026.0,143.45,141.06,141.16,143.37,2304.0
1983-11-03 00:00:00+00:00,47.0,8875.0,144.4,143.25,144.0,144.35,1847.0
1983-11-04 00:00:00+00:00,46.0,8885.0,144.4,143.01,144.26,144.35,1008.0
1983-11-07 00:00:00+00:00,43.0,8865.0,145.45,144.0,144.25,145.22,1165.0
1983-11-08 00:00:00+00:00,42.0,8954.0,148.1,148.1,148.1,148.1,2365.0
1983-11-09 00:00:00+00:00,41.0,9466.0,149.13,146.35,147.63,147.17,3764.0
1983-11-10 00:00:00+00:00,40.0,9802.0,149.25,145.63,147.04,148.57,2988.0
1983-11-11 00:00:00+00:00,39.0,9524.0,150.06,147.6,148.49,149.39,1485.0
1983-11-14 00:00:00+00:00,36.0,9465.0,150.21,148.16,149.62,148.19,1214.0
1983-11-15 00:00:00+00:00,35.0,9412.0,149.11,148.06,148.63,148.35,1746.0
1983-11-16 00:00:00+00:00,34.0,9345.0,148.5,147.3,148.43,148.23,1388.0
1983-11-17 00:00:00+00:00,33.0,9251.0,148.11,146.55,147.58,147.01,1239.0
1983-11-18 00:00:00+00:00,32.0,9147.0,150.21,146.1,146.38,149.1,3113.0
1983-11-21 00:00:00+00:00,29.0,8996.0,149.48,148.5,149.39,149.25,903.0
1983-11-22 00:00:00+00:00,28.0,9020.0,149.4,148.5,148.63,149.23,863.0
1983-11-23 00:00:00+00:00,27.0,8973.0,150.0,148.25,148.5,149.58,862.0
1983-11-24 00:00:00+00:00,27.0,8973.0,,,,149.58,
1983-11-25 00:00:00+00:00,25.0,8942.0,150.25,149.01,150.02,150.24,704.0
1983-11-28 00:00:00+00:00,22.0,8737.0,150.6,149.55,150.13,150.04,1519.0
1983-11-29 00:00:00+00:00,21.0,8631.0,150.54,150.54,150.54,150.54,1146.0
1983-11-30 00:00:00+00:00,20.0,8600.0,151.15,150.15,150.38,151.14,1262.0
1983-12-01 00:00:00+00:00,111.0,9335.0,146.75,144.41,144.46,146.5,2825.0
1983-12-02 00:00:00+00:00,110.0,9336.0,146.97,145.86,146.65,146.89,1467.0
1983-12-05 00:00:00+00:00,107.0,9208.0,147.5,146.22,147.45,146.28,1207.0
1983-12-06 00:00:00+00:00,106.0,9290.0,147.39,145.7,145.8,146.91,1331.0
1983-12-07 00:00:00+00:00,105.0,9290.0,147.51,147.0,147.33,147.5,941.0
1983-12-08 00:00:00+00:00,104.0,9169.0,147.49,146.2,147.37,146.32,1237.0
1983-12-09 00:00:00+00:00,103.0,9395.0,148.69,146.49,146.55,148.53,1861.0
1983-12-12 00:00:00+00:00,100.0,9379.0,149.5,148.81,149.2,148.89,1041.0
1983-12-13 00:00:00+00:00,99.0,9446.0,149.85,148.95,149.25,149.58,1673.0
1983-12-14 00:00:00+00:00,98.0,9491.0,150.0,148.2,149.95,148.98,1657.0
1983-12-15 00:00:00+00:00,97.0,9316.0,148.55,147.65,148.3,147.69,1220.0
1983-12-16 00:00:00+00:00,96.0,9361.0,148.9,148.01,148.33,148.66,1068.0
1983-12-19 00:00:00+00:00,93.0,9127.0,147.75,146.6,147.5,147.21,1572.0
1983-12-20 00:00:00+00:00,92.0,9013.0,146.3,144.1,146.2,144.22,3632.0
1983-12-21 00:00:00+00:00,91.0,8231.0,143.6,141.6,143.23,142.12,3992.0
1983-12-22 00:00:00+00:00,90.0,7850.0,142.85,140.5,141.13,141.91,3652.0
1983-12-23 00:00:00+00:00,89.0,7638.0,142.25,141.6,141.8,142.13,459.0
1983-12-26 00:00:00+00:00,89.0,7638.0,,,,142.13,
1983-12-27 00:00:00+00:00,85.0,7625.0,142.4,141.8,142.33,142.29,437.0
1983-12-28 00:00:00+00:00,84.0,7632.0,142.35,140.1,142.18,140.12,2278.0
1983-12-29 00:00:00+00:00,83.0,7747.0,139.95,138.51,139.4,138.71,2096.0
1983-12-30 00:00:00+00:00,82.0,7689.0,139.24,138.62,138.83,138.79,1316.0
1984-01-02 00:00:00+00:00,82.0,7689.0,,,,138.79,
1984-01-03 00:00:00+00:00,82.0,907.0,,,,138.79,88.0
1984-01-04 00:00:00+00:00,77.0,7921.0,139.4,137.1,137.25,139.34,1682.0
1984-01-05 00:00:00+00:00,76.0,8071.0,141.25,139.6,139.83,141.21,1875.0
1984-01-06 00:00:00+00:00,75.0,7931.0,141.99,139.69,141.88,140.67,1660.0
1984-01-09 00:00:00+00:00,72.0,7806.0,140.75,139.8,140.46,140.08,855.0
1984-01-10 00:00:00+00:00,71.0,7891.0,142.0,138.25,139.15,141.07,2529.0
1984-01-11 00:00:00+00:00,70.0,7846.0,140.7,138.85,140.5,139.76,1347.0
1984-01-12 00:00:00+00:00,69.0,7840.0,141.49,139.75,140.2,141.15,1371.0
1984-01-13 00:00:00+00:00,68.0,8031.0,142.6,140.9,141.95,142.35,1741.0
1984-01-16 00:00:00+00:00,65.0,8041.0,142.45,141.0,142.13,141.66,922.0
1984-01-17 00:00:00+00:00,64.0,8031.0,142.0,140.5,141.35,141.52,1177.0
1984-01-18 00:00:00+00:00,63.0,8216.0,142.25,141.65,141.85,141.98,719.0
1984-01-19 00:00:00+00:00,62.0,8193.0,142.9,141.7,141.85,142.77,1358.0
1984-01-20 00:00:00+00:00,61.0,7849.0,144.9,142.75,143.35,144.73,2682.0
1984-01-23 00:00:00+00:00,58.0,7433.0,145.9,144.5,145.13,145.84,2415.0
1984-01-24 00:00:00+00:00,57.0,7578.0,145.35,143.7,145.1,143.96,1900.0
1984-01-25 00:00:00+00:00,56.0,7601.0,144.6,143.05,143.2,144.3,1358.0
1984-01-26 00:00:00+00:00,55.0,7720.0,144.5,142.8,144.3,143.23,1700.0
1984-01-27 00:00:00+00:00,54.0,7871.0,143.75,142.2,142.35,143.56,1251.0
1984-01-30 00:00:00+00:00,51.0,7982.0,143.8,142.26,143.6,142.61,950.0
1984-01-31 00:00:00+00:00,50.0,8018.0,142.85,142.1,142.33,142.44,1585.0
1984-02-01 00:00:00+00:00,49.0,7985.0,143.9,142.25,142.38,143.46,1304.0
1984-02-02 00:00:00+00:00,48.0,8161.0,144.2,143.25,144.13,143.74,1622.0
1984-02-03 00:00:00+00:00,47.0,8281.0,143.8,142.3,143.6,143.4,2084.0
1984-02-06 00:00:00+00:00,44.0,8519.0,144.15,142.6,142.83,142.77,1324.0
1984-02-07 00:00:00+00:00,43.0,8966.0,143.0,139.8,142.75,139.91,3952.0
1984-02-08 00:00:00+00:00,42.0,10108.0,140.2,137.7,140.1,139.66,4708.0
1984-02-09 00:00:00+00:00,41.0,10254.0,141.0,140.1,140.7,140.97,1482.0
1984-02-10 00:00:00+00:00,40.0,9993.0,142.8,140.9,141.12,142.79,3664.0
1984-02-13 00:00:00+00:00,37.0,9924.0,143.5,142.7,143.15,143.48,1324.0
1984-02-14 00:00:00+00:00,36.0,9437.0,145.0,142.8,143.01,144.98,2656.0
1984-02-15 00:00:00+00:00,35.0,9718.0,145.8,144.6,144.93,145.51,2871.0
1984-02-16 00:00:00+00:00,34.0,10054.0,147.3,145.35,145.67,147.18,4079.0
1984-02-17 00:00:00+00:00,33.0,9494.0,147.2,145.4,146.62,146.83,4009.0
1984-02-20 00:00:00+00:00,33.0,9494.0,,,,146.83,
1984-02-21 00:00:00+00:00,29.0,9447.0,147.4,145.7,146.23,145.74,1614.0
1984-02-22 00:00:00+00:00,28.0,9808.0,146.5,144.5,144.5,146.5,2166.0
1984-02-23 00:00:00+00:00,27.0,9952.0,147.99,147.1,147.25,147.71,1928.0
1984-02-24 00:00:00+00:00,26.0,10026.0,148.15,146.5,146.5,147.88,1781.0
1984-02-27 00:00:00+00:00,23.0,10153.0,147.98,147.4,147.4,147.98,981.0
1984-02-28 00:00:00+00:00,22.0,10082.0,148.0,147.25,147.9,147.29,1275.0
1984-02-29 00:00:00+00:00,21.0,10853.0,148.45,147.5,147.65,148.45,2877.0
1984-03-01 00:00:00+00:00,81.0,11298.0,146.2,145.01,145.1,145.55,2717.0
1984-03-02 00:00:00+00:00,80.0,11399.0,146.2,145.01,145.85,145.91,1428.0
1984-03-05 00:00:00+00:00,77.0,11510.0,146.89,145.35,146.29,146.8,1446.0
1984-03-06 00:00:00+00:00,76.0,11725.0,147.2,145.8,146.52,147.19,1514.0
1984-03-07 00:00:00+00:00,75.0,11673.0,147.9,144.1,147.37,144.21,3409.0
1984-03-08 00:00:00+00:00,74.0,11488.0,145.4,142.65,144.32,145.06,2393.0
1984-03-09 00:00:00+00:00,73.0,11524.0,144.4,142.55,144.22,143.68,2185.0
1984-03-12 00:00:00+00:00,70.0,11383.0,143.48,142.1,142.73,143.28,1824.0
1984-03-13 00:00:00+00:00,69.0,11583.0,144.9,143.6,143.77,144.42,1489.0
1984-03-14 00:00:00+00:00,68.0,11171.0,145.25,142.1,144.95,142.62,3001.0
1984-03-15 00:00:00+00:00,67.0,11318.0,145.1,141.9,141.95,145.09,2451.0
1984-03-16 00:00:00+00:00,66.0,11598.0,145.7,143.9,144.1,144.7,1976.0
1984-03-19 00:00:00+00:00,63.0,11602.0,145.2,144.0,144.2,144.2,1179.0
1984-03-20 00:00:00+00:00,62.0,11512.0,145.0,142.25,142.37,144.9,2405.0
1984-03-21 00:00:00+00:00,61.0,11688.0,146.99,145.3,145.57,146.88,2736.0
1984-03-22 00:00:00+00:00,60.0,11742.0,147.4,146.1,147.22,146.81,2332.0
1984-03-23 00:00:00+00:00,59.0,12089.0,147.9,146.66,147.3,147.84,2126.0
1984-03-26 00:00:00+00:00,56.0,12395.0,149.35,147.9,148.3,149.3,1907.0
1984-03-27 00:00:00+00:00,55.0,12512.0,149.5,147.77,149.37,148.25,2034.0
1984-03-28 00:00:00+00:00,54.0,12707.0,149.0,147.55,147.7,148.87,1522.0
1984-03-29 00:00:00+00:00,53.0,12882.0,151.25,149.15,149.27,151.11,2236.0
1984-03-30 00:00:00+00:00,52.0,12885.0,152.3,150.5,151.45,151.37,2344.0
1984-04-02 00:00:00+00:00,49.0,12624.0,152.3,149.25,151.92,149.34,1867.0
1984-04-03 00:00:00+00:00,48.0,12638.0,151.2,148.3,148.7,151.13,2177.0
1984-04-04 00:00:00+00:00,47.0,12583.0,152.14,150.25,150.97,150.6,2079.0
1984-04-05 00:00:00+00:00,46.0,12463.0,152.25,149.85,151.67,150.69,2299.0
1984-04-06 00:00:00+00:00,45.0,12362.0,151.45,150.15,151.32,150.92,1832.0
1984-04-09 00:00:00+00:00,42.0,12306.0,151.5,150.05,151.25,150.63,2056.0
1984-04-10 00:00:00+00:00,41.0,12253.0,150.6,149.9,150.12,150.06,1467.0
1984-04-11 00:00:00+00:00,40.0,12225.0,150.4,149.65,150.07,149.96,2240.0
1984-04-12 00:00:00+00:00,39.0,12006.0,149.6,148.35,149.5,148.49,3288.0
1984-04-13 00:00:00+00:00,38.0,12006.0,149.95,147.0,149.75,147.15,3762.0
1984-04-16 00:00:00+00:00,35.0,11892.0,149.5,147.0,147.07,149.47,2500.0
1984-04-17 00:00:00+00:00,34.0,11806.0,151.25,150.3,150.77,151.19,3319.0
1984-04-18 00:00:00+00:00,33.0,11353.0,153.5,151.25,151.42,153.22,3750.0
1984-04-19 00:00:00+00:00,32.0,11442.0,154.23,153.22,153.35,153.9,2704.0
1984-04-20 00:00:00+00:00,32.0,11442.0,,,,153.9,
1984-04-23 00:00:00+00:00,28.0,11559.0,154.0,152.9,152.9,153.29,1324.0
1984-04-24 00:00:00+00:00,27.0,11370.0,153.3,151.4,151.4,151.5,2224.0
1984-04-25 00:00:00+00:00,26.0,11048.0,151.4,148.95,151.3,149.99,2508.0
1984-04-26 00:00:00+00:00,25.0,11004.0,151.9,149.55,149.77,151.4,1637.0
1984-04-27 00:00:00+00:00,24.0,11470.0,153.4,151.95,152.35,152.82,2192.0
1984-04-30 00:00:00+00:00,21.0,11418.0,153.25,151.9,151.9,152.2,1115.0
1984-05-01 00:00:00+00:00,80.0,11426.0,147.23,146.3,146.87,146.96,778.0
1984-05-02 00:00:00+00:00,79.0,11459.0,148.2,146.1,147.32,146.35,2562.0
1984-05-03 00:00:00+00:00,78.0,11552.0,147.7,146.05,146.45,147.64,1606.0
1984-05-04 00:00:00+00:00,77.0,11551.0,148.7,147.1,147.45,148.56,1514.0
1984-05-07 00:00:00+00:00,74.0,11577.0,149.1,147.85,148.12,148.66,795.0
1984-05-08 00:00:00+00:00,73.0,11622.0,149.6,148.45,148.67,149.22,1792.0
1984-05-09 00:00:00+00:00,72.0,11557.0,149.4,148.05,149.32,148.16,1617.0
1984-05-10 00:00:00+00:00,71.0,11478.0,150.5,148.55,148.94,150.46,2320.0
1984-05-11 00:00:00+00:00,70.0,11403.0,152.6,151.3,151.95,151.74,2211.0
1984-05-14 00:00:00+00:00,67.0,11318.0,152.74,150.85,152.62,151.36,1870.0
1984-05-15 00:00:00+00:00,66.0,11280.0,151.98,150.5,151.37,150.94,2150.0
1984-05-16 00:00:00+00:00,65.0,11179.0,151.9,149.55,151.05,150.17,3057.0
1984-05-17 00:00:00+00:00,64.0,11296.0,150.9,149.15,149.57,150.86,1429.0
1984-05-18 00:00:00+00:00,63.0,11109.0,154.86,152.05,152.37,154.42,3084.0
1984-05-21 00:00:00+00:00,60.0,11006.0,158.42,155.26,158.21,156.45,3828.0
1984-05-22 00:00:00+00:00,59.0,11078.0,155.45,153.15,154.87,154.59,2746.0
1984-05-23 00:00:00+00:00,58.0,11093.0,155.5,151.4,155.45,152.24,3005.0
1984-05-24 00:00:00+00:00,57.0,10968.0,152.4,150.55,151.1,150.8,2398.0
1984-05-25 00:00:00+00:00,56.0,10363.0,149.3,144.5,149.2,145.06,3930.0
1984-05-28 00:00:00+00:00,56.0,10363.0,,,,145.06,
1984-05-29 00:00:00+00:00,52.0,9720.0,143.7,141.75,143.22,141.9,3924.0
1984-05-30 00:00:00+00:00,51.0,9638.0,144.35,143.0,143.19,144.24,2398.0
1984-05-31 00:00:00+00:00,50.0,9512.0,145.0,143.6,144.87,144.35,1491.0
1984-06-01 00:00:00+00:00,49.0,9862.0,146.15,144.35,144.42,145.93,1641.0
1984-06-04 00:00:00+00:00,46.0,9632.0,145.8,142.75,145.35,142.92,2548.0
1984-06-05 00:00:00+00:00,45.0,9606.0,144.6,141.3,141.9,144.16,2832.0
1984-06-06 00:00:00+00:00,44.0,9795.0,145.2,143.35,143.42,144.77,1658.0
1984-06-07 00:00:00+00:00,43.0,10116.0,149.3,144.9,145.33,148.79,3544.0
1984-06-08 00:00:00+00:00,42.0,10064.0,149.95,145.55,149.82,146.25,2289.0
1984-06-11 00:00:00+00:00,39.0,10160.0,146.75,144.9,146.17,146.73,1207.0
1984-06-12 00:00:00+00:00,38.0,10083.0,147.1,145.26,146.22,146.63,1326.0
1984-06-13 00:00:00+00:00,37.0,10163.0,148.3,146.25,147.12,146.25,2546.0
1984-06-14 00:00:00+00:00,36.0,10303.0,147.3,145.65,147.25,146.51,1933.0
1984-06-15 00:00:00+00:00,35.0,10416.0,148.1,146.25,146.4,147.39,1393.0
1984-06-18 00:00:00+00:00,32.0,10366.0,147.25,146.25,146.75,146.29,1311.0
1984-06-19 00:00:00+00:00,31.0,9848.0,146.2,144.3,146.15,144.55,2857.0
1984-06-20 00:00:00+00:00,30.0,9619.0,146.5,144.0,144.5,146.09,1954.0
1984-06-21 00:00:00+00:00,29.0,9546.0,147.75,146.5,146.94,146.88,1560.0
1984-06-22 00:00:00+00:00,28.0,9483.0,147.2,146.0,146.27,147.15,761.0
1984-06-25 00:00:00+00:00,25.0,9613.0,147.2,146.05,147.0,146.18,1234.0
1984-06-26 00:00:00+00:00,24.0,9645.0,148.9,146.5,146.9,148.67,2103.0
1984-06-27 00:00:00+00:00,23.0,9565.0,152.98,148.75,149.37,152.75,3167.0
1984-06-28 00:00:00+00:00,22.0,9420.0,151.0,149.0,150.42,150.5,2702.0
1984-06-29 00:00:00+00:00,21.0,9437.0,149.5,147.55,148.95,149.5,2325.0
1984-07-02 00:00:00+00:00,79.0,9500.0,145.05,141.6,141.67,144.9,1765.0
1984-07-03 00:00:00+00:00,78.0,9527.0,144.7,143.6,144.49,143.84,1063.0
1984-07-04 00:00:00+00:00,78.0,9527.0,,,,143.84,
1984-07-05 00:00:00+00:00,76.0,9480.0,145.7,144.4,144.57,144.82,1040.0
1984-07-06 00:00:00+00:00,75.0,9520.0,145.25,143.55,144.91,143.99,1232.0
1984-07-09 00:00:00+00:00,72.0,9572.0,143.73,142.2,143.73,142.52,1334.0
1984-07-10 00:00:00+00:00,71.0,9641.0,142.5,141.55,141.77,142.32,1368.0
1984-07-11 00:00:00+00:00,70.0,10024.0,142.2,139.74,141.75,139.53,3209.0
1984-07-12 00:00:00+00:00,69.0,10118.0,140.6,139.35,139.62,139.97,1989.0
1984-07-13 00:00:00+00:00,68.0,10234.0,140.9,139.6,139.88,139.84,1357.0
1984-07-16 00:00:00+00:00,65.0,10239.0,140.9,139.1,139.82,140.86,1523.0
1984-07-17 00:00:00+00:00,64.0,10355.0,142.4,140.7,141.02,141.76,2017.0
1984-07-18 00:00:00+00:00,63.0,10327.0,141.69,140.5,141.35,141.15,2177.0
1984-07-19 00:00:00+00:00,62.0,10072.0,141.7,140.7,140.8,140.88,1117.0
1984-07-20 00:00:00+00:00,61.0,9939.0,142.3,140.5,140.6,142.05,1182.0
1984-07-23 00:00:00+00:00,58.0,9923.0,143.75,142.05,142.2,143.68,2073.0
1984-07-24 00:00:00+00:00,57.0,10090.0,143.25,140.4,142.92,140.48,1866.0
1984-07-25 00:00:00+00:00,56.0,9797.0,143.6,141.2,142.87,141.26,2303.0
1984-07-26 00:00:00+00:00,55.0,10172.0,141.0,138.33,140.52,138.46,2643.0
1984-07-27 00:00:00+00:00,54.0,10226.0,139.7,138.6,139.07,139.4,1548.0
1984-07-30 00:00:00+00:00,51.0,10296.0,139.2,138.1,138.62,138.95,1052.0
1984-07-31 00:00:00+00:00,50.0,10303.0,139.9,138.8,138.9,139.01,1141.0
1984-08-01 00:00:00+00:00,49.0,10252.0,140.5,140.1,140.2,140.31,1823.0
1984-08-02 00:00:00+00:00,48.0,10228.0,140.9,139.61,140.82,140.12,1261.0
1984-08-03 00:00:00+00:00,47.0,10094.0,140.8,139.8,140.37,140.73,1030.0
1984-08-06 00:00:00+00:00,44.0,10117.0,140.5,139.3,140.4,139.78,1113.0
1984-08-07 00:00:00+00:00,43.0,9963.0,140.5,139.4,139.8,140.49,1167.0
1984-08-08 00:00:00+00:00,42.0,9770.0,141.98,139.8,140.44,141.71,2284.0
1984-08-09 00:00:00+00:00,41.0,9733.0,144.4,142.4,142.6,144.34,3067.0
1984-08-10 00:00:00+00:00,40.0,9765.0,145.5,143.3,143.65,145.21,3083.0
1984-08-13 00:00:00+00:00,37.0,9697.0,145.4,144.25,144.59,145.32,1517.0
1984-08-14 00:00:00+00:00,36.0,9575.0,147.25,145.5,145.52,147.0,3219.0
1984-08-15 00:00:00+00:00,35.0,9295.0,146.75,144.51,146.75,145.31,2581.0
1984-08-16 00:00:00+00:00,34.0,9315.0,145.0,144.25,144.75,144.86,1198.0
1984-08-17 00:00:00+00:00,33.0,9379.0,146.9,145.6,145.75,146.52,1708.0
1984-08-20 00:00:00+00:00,30.0,9347.0,146.9,145.26,146.1,145.6,1286.0
1984-08-21 00:00:00+00:00,29.0,9452.0,147.0,146.0,146.05,146.97,1999.0
1984-08-22 00:00:00+00:00,28.0,9860.0,148.45,147.3,147.35,147.73,3930.0
1984-08-23 00:00:00+00:00,27.0,9935.0,148.85,147.55,148.35,148.81,1734.0
1984-08-24 00:00:00+00:00,26.0,9694.0,148.2,147.4,148.0,147.65,1591.0
1984-08-27 00:00:00+00:00,23.0,9750.0,160.0,156.1,158.75,157.44,1361.0
1984-08-28 00:00:00+00:00,22.0,9668.0,154.0,150.0,153.75,151.95,4064.0
1984-08-29 00:00:00+00:00,21.0,9749.0,151.4,149.7,150.65,150.4,2467.0
1984-08-30 00:00:00+00:00,20.0,9819.0,151.75,150.01,151.0,151.65,2180.0
1984-08-31 00:00:00+00:00,19.0,10405.0,151.5,149.5,151.22,149.61,3316.0
1984-09-03 00:00:00+00:00,106.0,10283.0,149.8,146.75,148.8,146.85,3300.0
1984-09-04 00:00:00+00:00,105.0,10022.0,145.7,144.0,144.9,145.23,2682.0
1984-09-05 00:00:00+00:00,104.0,9813.0,146.25,144.6,145.8,144.8,1642.0
1984-09-06 00:00:00+00:00,103.0,9820.0,145.7,143.6,145.6,144.64,1816.0
1984-09-07 00:00:00+00:00,102.0,9788.0,144.45,143.3,144.37,143.85,1357.0
1984-09-10 00:00:00+00:00,99.0,9633.0,144.45,142.31,143.72,142.35,2303.0
1984-09-11 00:00:00+00:00,98.0,9387.0,141.9,140.55,141.6,140.58,3269.0
1984-09-12 00:00:00+00:00,97.0,9116.0,140.8,139.3,140.4,139.61,3406.0
1984-09-13 00:00:00+00:00,96.0,8768.0,141.45,140.3,140.55,141.12,2355.0
1984-09-14 00:00:00+00:00,95.0,9028.0,141.9,138.55,141.82,138.99,3360.0
1984-09-17 00:00:00+00:00,92.0,8711.0,138.85,137.35,138.72,137.61,2114.0
1984-09-18 00:00:00+00:00,91.0,8755.0,138.6,137.2,137.25,137.93,1876.0
1984-09-19 00:00:00+00:00,90.0,8928.0,139.85,137.5,137.6,138.75,2275.0
1984-09-20 00:00:00+00:00,89.0,8781.0,139.05,138.1,138.77,138.74,875.0
1984-09-21 00:00:00+00:00,88.0,8760.0,139.74,138.6,139.17,139.56,1015.0
1984-09-24 00:00:00+00:00,85.0,9018.0,140.35,137.41,139.8,137.46,1889.0
1984-09-25 00:00:00+00:00,84.0,9140.0,137.4,136.15,136.47,137.1,2203.0
1984-09-26 00:00:00+00:00,83.0,9751.0,136.0,134.75,135.75,135.06,3093.0
1984-09-27 00:00:00+00:00,82.0,10090.0,137.0,134.45,134.67,136.21,2663.0
1984-09-28 00:00:00+00:00,81.0,10300.0,137.2,134.8,136.0,135.95,2866.0
1984-10-01 00:00:00+00:00,78.0,10547.0,134.2,133.2,133.57,133.57,1826.0
1984-10-02 00:00:00+00:00,77.0,10829.0,134.49,133.6,133.67,134.36,1142.0
1984-10-03 00:00:00+00:00,76.0,11072.0,135.2,134.05,134.9,134.12,1302.0
1984-10-04 00:00:00+00:00,75.0,10865.0,135.15,133.7,133.82,134.89,1559.0
1984-10-05 00:00:00+00:00,74.0,10843.0,135.5,134.2,135.3,134.33,1194.0
1984-10-08 00:00:00+00:00,71.0,11013.0,134.4,133.8,134.08,134.83,843.0
1984-10-09 00:00:00+00:00,70.0,11108.0,134.89,133.81,134.2,134.83,980.0
1984-10-10 00:00:00+00:00,69.0,10821.0,136.48,135.0,135.32,136.43,2038.0
1984-10-11 00:00:00+00:00,68.0,10886.0,136.9,134.3,136.82,134.35,1702.0
1984-10-12 00:00:00+00:00,67.0,10899.0,135.7,134.35,134.45,135.5,1087.0
1984-10-15 00:00:00+00:00,64.0,10752.0,136.7,134.9,135.2,136.37,1456.0
1984-10-16 00:00:00+00:00,63.0,10623.0,137.05,135.8,136.4,136.53,1556.0
1984-10-17 00:00:00+00:00,62.0,10530.0,137.6,136.1,136.17,137.01,2204.0
1984-10-18 00:00:00+00:00,61.0,10626.0,136.7,135.32,136.6,135.35,1370.0
1984-10-19 00:00:00+00:00,60.0,10612.0,135.75,134.8,134.92,135.63,723.0
1984-10-22 00:00:00+00:00,57.0,10492.0,135.8,135.14,135.5,135.51,334.0
1984-10-23 00:00:00+00:00,56.0,10547.0,135.5,135.05,135.22,135.25,695.0
1984-10-24 00:00:00+00:00,55.0,10548.0,136.59,135.0,135.12,136.53,1222.0
1984-10-25 00:00:00+00:00,54.0,10421.0,136.65,135.9,136.57,136.16,929.0
1984-10-26 00:00:00+00:00,53.0,10425.0,136.6,136.0,136.05,136.38,700.0
1984-10-29 00:00:00+00:00,50.0,10620.0,136.5,135.65,136.3,136.1,647.0
1984-10-30 00:00:00+00:00,49.0,10547.0,136.6,136.0,136.37,136.44,894.0
1984-10-31 00:00:00+00:00,48.0,10400.0,139.2,136.21,136.25,138.66,3300.0
1984-11-01 00:00:00+00:00,47.0,10481.0,139.4,137.5,138.7,138.7,3144.0
1984-11-02 00:00:00+00:00,46.0,10502.0,139.1,138.02,138.25,138.67,1295.0
1984-11-05 00:00:00+00:00,43.0,10331.0,139.24,138.61,138.85,138.73,935.0
1984-11-06 00:00:00+00:00,42.0,10208.0,140.1,139.25,139.3,139.77,1895.0
1984-11-07 00:00:00+00:00,41.0,10214.0,141.25,139.8,140.15,140.79,2521.0
1984-11-08 00:00:00+00:00,40.0,10375.0,141.4,140.6,141.05,141.11,1568.0
1984-11-09 00:00:00+00:00,39.0,10238.0,141.11,139.85,140.7,140.7,1746.0
1984-11-12 00:00:00+00:00,36.0,10112.0,143.7,141.1,141.15,143.54,2978.0
1984-11-13 00:00:00+00:00,35.0,10225.0,144.6,143.1,143.52,143.7,2956.0
1984-11-14 00:00:00+00:00,34.0,10286.0,144.5,143.05,143.45,144.07,2273.0
1984-11-15 00:00:00+00:00,33.0,10119.0,144.25,143.15,143.65,143.88,1680.0
1984-11-16 00:00:00+00:00,32.0,10098.0,144.2,142.25,143.67,142.55,1626.0
1984-11-19 00:00:00+00:00,29.0,10111.0,141.99,140.25,141.87,141.34,2551.0
1984-11-20 00:00:00+00:00,28.0,10025.0,141.5,140.4,141.31,141.25,1175.0
1984-11-21 00:00:00+00:00,27.0,10030.0,141.0,139.4,140.75,139.83,2056.0
1984-11-22 00:00:00+00:00,27.0,10030.0,,,,139.83,
1984-11-23 00:00:00+00:00,25.0,9978.0,139.4,138.8,139.25,138.94,962.0
1984-11-26 00:00:00+00:00,22.0,10150.0,141.0,138.15,138.63,140.44,1704.0
1984-11-27 00:00:00+00:00,21.0,10123.0,139.9,138.8,139.7,139.26,1154.0
1984-11-28 00:00:00+00:00,20.0,10198.0,139.85,138.3,138.52,139.83,1365.0
1984-11-29 00:00:00+00:00,19.0,10098.0,139.6,138.78,138.89,139.1,972.0
1984-11-30 00:00:00+00:00,18.0,10143.0,139.0,138.6,138.8,138.86,908.0
1984-12-03 00:00:00+00:00,107.0,10108.0,137.05,136.6,136.67,136.77,424.0
1984-12-04 00:00:00+00:00,106.0,10032.0,139.2,136.9,136.95,139.06,2146.0
1984-12-05 00:00:00+00:00,105.0,10423.0,140.95,138.1,139.3,138.21,5048.0
1984-12-06 00:00:00+00:00,104.0,10630.0,139.25,138.3,138.65,138.8,1423.0
1984-12-07 00:00:00+00:00,103.0,10668.0,138.8,137.8,138.27,138.54,1161.0
1984-12-10 00:00:00+00:00,100.0,10743.0,138.0,137.16,137.2,137.97,1316.0
1984-12-11 00:00:00+00:00,99.0,10811.0,139.75,138.47,138.53,139.45,1592.0
1984-12-12 00:00:00+00:00,98.0,11018.0,140.7,139.5,139.77,140.35,1962.0
1984-12-13 00:00:00+00:00,97.0,11139.0,140.7,139.15,140.25,139.28,1754.0
1984-12-14 00:00:00+00:00,96.0,11263.0,139.95,138.8,139.05,139.05,1628.0
1984-12-17 00:00:00+00:00,93.0,11700.0,141.9,138.9,139.3,141.44,2980.0
1984-12-18 00:00:00+00:00,92.0,12069.0,141.8,138.0,140.97,138.67,3088.0
1984-12-19 00:00:00+00:00,91.0,11899.0,140.25,138.4,138.75,140.09,1896.0
1984-12-20 00:00:00+00:00,90.0,11994.0,140.65,139.65,139.7,140.53,1468.0
1984-12-21 00:00:00+00:00,89.0,11881.0,141.4,140.4,140.45,141.19,1361.0
1984-12-24 00:00:00+00:00,89.0,11881.0,,,,141.19,
1984-12-25 00:00:00+00:00,89.0,11881.0,,,,141.19,
1984-12-26 00:00:00+00:00,84.0,12112.0,141.75,140.5,141.4,140.58,1118.0
1984-12-27 00:00:00+00:00,83.0,12121.0,142.2,140.25,140.38,142.07,2374.0
1984-12-28 00:00:00+00:00,82.0,12308.0,142.6,141.32,142.06,142.48,2247.0
1984-12-31 00:00:00+00:00,79.0,12435.0,142.79,142.25,142.5,142.25,1045.0
1985-01-01 00:00:00+00:00,79.0,12435.0,,,,142.25,
1985-01-02 00:00:00+00:00,77.0,12457.0,142.5,141.25,142.5,141.62,1480.0
1985-01-03 00:00:00+00:00,76.0,12953.0,142.9,140.4,141.18,142.71,2596.0
1985-01-04 00:00:00+00:00,75.0,13165.0,143.3,141.85,142.23,143.05,2704.0
1985-01-07 00:00:00+00:00,72.0,12965.0,143.15,141.85,142.93,142.21,1417.0
1985-01-08 00:00:00+00:00,71.0,13048.0,142.8,141.9,142.45,142.38,832.0
1985-01-09 00:00:00+00:00,70.0,13192.0,143.5,142.5,142.72,143.44,1443.0
1985-01-10 00:00:00+00:00,69.0,13267.0,143.9,142.8,143.4,142.84,1710.0
1985-01-11 00:00:00+00:00,68.0,13379.0,143.4,141.8,143.35,142.63,1948.0
1985-01-14 00:00:00+00:00,65.0,13355.0,143.25,142.05,142.52,143.0,824.0
1985-01-15 00:00:00+00:00,64.0,13416.0,145.0,143.45,143.64,144.98,2812.0
1985-01-16 00:00:00+00:00,63.0,13427.0,145.2,144.5,144.65,144.84,1403.0
1985-01-17 00:00:00+00:00,62.0,13414.0,146.6,145.2,145.3,146.26,2023.0
1985-01-18 00:00:00+00:00,61.0,13717.0,148.4,146.52,146.7,148.25,3656.0
1985-01-21 00:00:00+00:00,58.0,13867.0,148.5,147.6,148.4,148.36,1230.0
1985-01-22 00:00:00+00:00,57.0,13811.0,150.2,147.8,147.88,149.71,2647.0
1985-01-23 00:00:00+00:00,56.0,13829.0,152.1,149.71,149.95,150.24,4740.0
1985-01-24 00:00:00+00:00,55.0,13675.0,151.0,148.4,149.8,150.94,3566.0
1985-01-25 00:00:00+00:00,54.0,13830.0,151.95,150.6,151.28,151.11,2383.0
1985-01-28 00:00:00+00:00,51.0,13805.0,151.4,149.4,151.33,149.7,2074.0
1985-01-29 00:00:00+00:00,50.0,13966.0,149.9,148.25,148.88,148.51,2291.0
1985-01-30 00:00:00+00:00,49.0,13878.0,149.25,147.3,148.0,147.63,1986.0
1985-01-31 00:00:00+00:00,48.0,14435.0,150.5,147.1,147.25,150.05,2977.0
1985-02-01 00:00:00+00:00,47.0,14392.0,151.9,149.5,149.78,150.85,2596.0
1985-02-04 00:00:00+00:00,44.0,14070.0,153.45,151.0,151.13,153.07,2921.0
1985-02-05 00:00:00+00:00,43.0,14167.0,153.7,150.9,153.48,152.04,2946.0
1985-02-06 00:00:00+00:00,42.0,14098.0,151.95,149.6,151.85,149.93,2364.0
1985-02-07 00:00:00+00:00,41.0,13976.0,150.0,148.2,149.68,148.4,2503.0
1985-02-08 00:00:00+00:00,40.0,13922.0,148.45,145.3,148.23,145.9,4918.0
1985-02-11 00:00:00+00:00,37.0,13771.0,146.7,144.0,145.13,145.79,3134.0
1985-02-12 00:00:00+00:00,36.0,13747.0,146.75,144.5,146.03,144.61,3113.0
1985-02-13 00:00:00+00:00,35.0,13521.0,144.2,143.1,143.75,143.36,3810.0
1985-02-14 00:00:00+00:00,34.0,13437.0,144.75,143.65,143.73,144.2,2399.0
1985-02-15 00:00:00+00:00,33.0,13481.0,144.5,143.55,144.03,144.27,1280.0
1985-02-18 00:00:00+00:00,33.0,13481.0,,,,144.27,
1985-02-19 00:00:00+00:00,29.0,12778.0,144.25,142.1,143.5,142.28,4542.0
1985-02-20 00:00:00+00:00,28.0,12771.0,144.29,141.4,142.71,141.79,5317.0
1985-02-21 00:00:00+00:00,27.0,12454.0,143.35,141.76,142.35,143.0,1999.0
1985-02-22 00:00:00+00:00,26.0,12397.0,144.0,142.65,143.25,143.8,1540.0
1985-02-25 00:00:00+00:00,23.0,12417.0,144.25,141.7,144.18,142.5,2053.0
1985-02-26 00:00:00+00:00,22.0,12223.0,142.8,141.1,142.0,142.7,2376.0
1985-02-27 00:00:00+00:00,21.0,12453.0,143.15,141.4,142.7,141.62,1977.0
1985-02-28 00:00:00+00:00,20.0,12454.0,141.25,139.55,141.18,139.6,3021.0
1985-03-01 00:00:00+00:00,81.0,12570.0,140.7,139.25,139.6,140.55,3241.0
1985-03-04 00:00:00+00:00,78.0,12466.0,141.92,140.3,140.4,141.59,1503.0
1985-03-05 00:00:00+00:00,77.0,12532.0,141.9,141.25,141.33,141.63,1078.0
1985-03-06 00:00:00+00:00,76.0,12552.0,142.4,141.45,141.7,142.33,1359.0
1985-03-07 00:00:00+00:00,75.0,12606.0,143.99,142.75,142.9,143.93,3646.0
1985-03-08 00:00:00+00:00,74.0,12481.0,145.2,143.85,144.5,145.0,2841.0
1985-03-11 00:00:00+00:00,71.0,12513.0,145.55,144.1,145.33,144.84,2755.0
1985-03-12 00:00:00+00:00,70.0,12655.0,145.29,144.12,144.55,144.33,2013.0
1985-03-13 00:00:00+00:00,69.0,12739.0,144.0,142.7,143.83,142.77,2266.0
1985-03-14 00:00:00+00:00,68.0,13176.0,142.7,141.5,142.41,142.12,4151.0
1985-03-15 00:00:00+00:00,67.0,13478.0,143.15,141.75,141.85,142.73,3671.0
1985-03-18 00:00:00+00:00,64.0,13476.0,144.5,142.4,142.87,144.47,1736.0
1985-03-19 00:00:00+00:00,63.0,13404.0,145.4,143.15,145.13,143.71,2616.0
1985-03-20 00:00:00+00:00,62.0,13238.0,144.45,143.5,143.66,143.89,1031.0
1985-03-21 00:00:00+00:00,61.0,13306.0,146.0,144.64,144.8,145.45,2288.0
1985-03-22 00:00:00+00:00,60.0,13111.0,145.8,144.4,145.48,145.28,2254.0
1985-03-25 00:00:00+00:00,57.0,13229.0,146.05,144.8,145.83,146.0,1805.0
1985-03-26 00:00:00+00:00,56.0,13244.0,146.2,144.5,145.88,144.54,2986.0
1985-03-27 00:00:00+00:00,55.0,13296.0,144.8,143.0,144.78,143.03,2395.0
1985-03-28 00:00:00+00:00,54.0,12949.0,143.4,142.2,142.9,142.55,3321.0
1985-03-29 00:00:00+00:00,53.0,12973.0,144.5,141.8,142.05,144.43,3338.0
1985-04-01 00:00:00+00:00,50.0,13040.0,145.0,143.65,144.63,143.92,1086.0
1985-04-02 00:00:00+00:00,49.0,13047.0,145.45,143.25,143.55,144.91,2643.0
1985-04-03 00:00:00+00:00,48.0,13113.0,144.5,143.0,144.35,144.2,2262.0
1985-04-04 00:00:00+00:00,47.0,13158.0,144.2,143.3,143.65,143.35,1195.0
1985-04-05 00:00:00+00:00,47.0,13158.0,,,,143.35,
1985-04-08 00:00:00+00:00,43.0,13145.0,143.6,142.75,142.88,143.11,898.0
1985-04-09 00:00:00+00:00,42.0,12988.0,144.0,142.9,143.1,143.29,1493.0
1985-04-10 00:00:00+00:00,41.0,12807.0,144.45,143.4,143.45,143.53,1798.0
1985-04-11 00:00:00+00:00,40.0,12637.0,143.9,140.85,143.7,141.19,5298.0
1985-04-12 00:00:00+00:00,39.0,13057.0,141.4,139.85,140.95,140.01,4290.0
1985-04-15 00:00:00+00:00,36.0,13300.0,140.3,139.05,140.25,139.29,2663.0
1985-04-16 00:00:00+00:00,35.0,13394.0,140.75,139.5,140.5,140.07,1852.0
1985-04-17 00:00:00+00:00,34.0,13596.0,140.6,139.3,140.33,139.48,2294.0
1985-04-18 00:00:00+00:00,33.0,13269.0,140.6,138.85,139.05,140.6,2509.0
1985-04-19 00:00:00+00:00,32.0,12838.0,142.18,140.3,140.75,142.1,3538.0
1985-04-22 00:00:00+00:00,29.0,12254.0,145.6,141.6,141.78,145.16,3964.0
1985-04-23 00:00:00+00:00,28.0,11859.0,145.7,143.7,145.6,143.99,4218.0
1985-04-24 00:00:00+00:00,27.0,11730.0,146.0,143.25,143.56,146.0,4912.0
1985-04-25 00:00:00+00:00,26.0,12440.0,146.25,145.0,146.13,145.9,3997.0
1985-04-26 00:00:00+00:00,25.0,12634.0,145.99,144.9,145.18,145.92,1610.0
1985-04-29 00:00:00+00:00,22.0,13091.0,146.99,144.7,145.0,146.99,3143.0
1985-04-30 00:00:00+00:00,21.0,13230.0,147.3,145.75,146.49,145.8,2873.0
1985-05-01 00:00:00+00:00,82.0,13242.0,146.9,145.15,145.58,146.86,1776.0
1985-05-02 00:00:00+00:00,81.0,13175.0,146.9,145.5,146.8,146.17,1637.0
1985-05-03 00:00:00+00:00,80.0,13255.0,147.6,145.6,146.3,146.58,2650.0
1985-05-06 00:00:00+00:00,77.0,13255.0,147.2,146.1,146.55,146.23,566.0
1985-05-07 00:00:00+00:00,76.0,13183.0,147.05,143.3,146.4,144.19,4041.0
1985-05-08 00:00:00+00:00,75.0,13125.0,144.15,143.0,143.85,143.01,2563.0
1985-05-09 00:00:00+00:00,74.0,13115.0,143.9,143.0,143.1,143.39,1444.0
1985-05-10 00:00:00+00:00,73.0,12959.0,144.95,142.76,142.76,144.86,1896.0
1985-05-13 00:00:00+00:00,70.0,12888.0,144.86,143.9,144.4,144.42,1235.0
1985-05-14 00:00:00+00:00,69.0,12867.0,144.15,143.15,143.95,143.87,1655.0
1985-05-15 00:00:00+00:00,68.0,12802.0,144.65,143.25,143.45,143.42,2024.0
1985-05-16 00:00:00+00:00,67.0,12734.0,144.2,143.3,143.35,143.31,1180.0
1985-05-17 00:00:00+00:00,66.0,12669.0,144.35,143.0,143.15,144.17,1583.0
1985-05-20 00:00:00+00:00,63.0,12602.0,146.2,143.95,144.04,146.1,2444.0
1985-05-21 00:00:00+00:00,62.0,12427.0,146.86,145.1,146.55,145.58,1883.0
1985-05-22 00:00:00+00:00,61.0,12505.0,146.4,145.35,145.75,146.4,1447.0
1985-05-23 00:00:00+00:00,60.0,12553.0,146.99,146.3,146.65,146.62,1673.0
1985-05-24 00:00:00+00:00,59.0,12555.0,146.8,145.86,146.7,146.15,1005.0
1985-05-27 00:00:00+00:00,59.0,12555.0,,,,146.15,
1985-05-28 00:00:00+00:00,55.0,12393.0,146.0,144.6,145.95,144.65,1525.0
1985-05-29 00:00:00+00:00,54.0,12436.0,144.85,144.2,144.5,144.23,1452.0
1985-05-30 00:00:00+00:00,53.0,12517.0,145.2,143.8,143.9,144.59,1406.0
1985-05-31 00:00:00+00:00,52.0,12606.0,145.2,144.05,144.6,144.1,1477.0
1985-06-03 00:00:00+00:00,49.0,12709.0,144.95,144.1,144.25,144.8,666.0
1985-06-04 00:00:00+00:00,48.0,12864.0,144.75,142.9,144.63,142.97,2731.0
1985-06-05 00:00:00+00:00,47.0,12829.0,145.44,142.7,142.78,145.16,2901.0
1985-06-06 00:00:00+00:00,46.0,12891.0,144.75,143.75,144.58,144.15,1515.0
1985-06-07 00:00:00+00:00,45.0,13242.0,149.4,146.5,147.5,149.02,6041.0
1985-06-10 00:00:00+00:00,42.0,13378.0,147.15,145.65,146.5,147.03,3572.0
1985-06-11 00:00:00+00:00,41.0,13144.0,147.5,145.2,147.35,145.3,2175.0
1985-06-12 00:00:00+00:00,40.0,13489.0,147.9,145.5,145.68,146.72,3082.0
1985-06-13 00:00:00+00:00,39.0,13580.0,148.45,147.35,147.87,147.89,3863.0
1985-06-14 00:00:00+00:00,38.0,13762.0,147.81,146.8,147.69,146.83,2133.0
1985-06-17 00:00:00+00:00,35.0,13692.0,145.9,145.05,145.63,145.2,2429.0
1985-06-18 00:00:00+00:00,34.0,13391.0,145.5,144.6,144.78,145.37,2238.0
1985-06-19 00:00:00+00:00,33.0,13310.0,145.7,144.25,145.18,144.31,2798.0
1985-06-20 00:00:00+00:00,32.0,11750.0,143.5,141.45,143.0,141.55,5507.0
1985-06-21 00:00:00+00:00,31.0,11302.0,142.2,141.0,141.63,141.1,3529.0
1985-06-24 00:00:00+00:00,28.0,10477.0,141.1,139.55,141.05,139.88,3208.0
1985-06-25 00:00:00+00:00,27.0,10552.0,140.75,139.0,139.35,140.5,2066.0
1985-06-26 00:00:00+00:00,26.0,10386.0,141.4,140.1,140.1,141.08,1723.0
1985-06-27 00:00:00+00:00,25.0,10561.0,142.25,141.3,141.3,141.93,1577.0
1985-06-28 00:00:00+00:00,24.0,10561.0,142.1,141.1,141.67,141.28,971.0
1985-07-01 00:00:00+00:00,80.0,10771.0,143.3,141.8,143.06,142.15,1556.0
1985-07-02 00:00:00+00:00,79.0,11150.0,142.7,140.81,142.15,141.69,2017.0
1985-07-03 00:00:00+00:00,78.0,11398.0,141.4,139.5,141.3,139.77,2761.0
1985-07-04 00:00:00+00:00,78.0,11398.0,,,,139.77,
1985-07-05 00:00:00+00:00,78.0,11398.0,,,,139.77,
1985-07-08 00:00:00+00:00,73.0,11538.0,141.95,140.35,141.62,141.07,2015.0
1985-07-09 00:00:00+00:00,72.0,11609.0,140.9,139.0,140.9,139.12,1593.0
1985-07-10 00:00:00+00:00,71.0,11596.0,143.12,141.86,142.81,143.12,3497.0
1985-07-11 00:00:00+00:00,70.0,11958.0,143.64,141.0,142.55,141.07,4303.0
1985-07-12 00:00:00+00:00,69.0,12003.0,137.7,137.07,137.07,137.07,2285.0
1985-07-15 00:00:00+00:00,66.0,12185.0,136.8,134.57,134.79,135.48,2585.0
1985-07-16 00:00:00+00:00,65.0,12002.0,136.8,135.4,135.63,136.67,1948.0
1985-07-17 00:00:00+00:00,64.0,11898.0,137.0,135.9,136.2,136.3,1270.0
1985-07-18 00:00:00+00:00,63.0,11816.0,136.0,134.87,136.0,135.66,2521.0
1985-07-19 00:00:00+00:00,62.0,11847.0,136.99,134.1,134.3,136.38,2214.0
1985-07-22 00:00:00+00:00,59.0,11895.0,135.9,134.5,134.8,135.48,825.0
1985-07-23 00:00:00+00:00,58.0,11700.0,134.5,131.25,134.5,131.32,1690.0
1985-07-24 00:00:00+00:00,57.0,11821.0,133.25,131.65,132.88,133.15,1988.0
1985-07-25 00:00:00+00:00,56.0,11830.0,134.99,133.05,134.99,133.24,1727.0
1985-07-26 00:00:00+00:00,55.0,11743.0,134.5,132.25,132.48,134.17,1026.0
1985-07-29 00:00:00+00:00,52.0,11819.0,135.2,133.25,134.13,133.59,887.0
1985-07-30 00:00:00+00:00,51.0,11809.0,135.05,132.5,134.9,132.78,1180.0
1985-07-31 00:00:00+00:00,50.0,11783.0,134.1,132.75,133.0,133.49,1064.0
1985-08-01 00:00:00+00:00,49.0,11806.0,135.25,133.5,135.13,134.13,1609.0
1985-08-02 00:00:00+00:00,48.0,11997.0,135.15,134.15,135.08,134.18,1477.0
1985-08-05 00:00:00+00:00,45.0,11863.0,133.6,132.07,133.34,132.43,1597.0
1985-08-06 00:00:00+00:00,44.0,11465.0,133.3,131.7,131.88,132.88,1833.0
1985-08-07 00:00:00+00:00,43.0,11214.0,133.74,132.6,133.0,133.33,1246.0
1985-08-08 00:00:00+00:00,42.0,11421.0,134.7,133.11,133.68,134.63,1765.0
1985-08-09 00:00:00+00:00,41.0,11564.0,135.75,134.5,135.15,134.68,2145.0
1985-08-12 00:00:00+00:00,38.0,11597.0,134.7,133.31,134.7,133.42,1521.0
1985-08-13 00:00:00+00:00,37.0,11645.0,134.5,132.75,132.88,134.26,2046.0
1985-08-14 00:00:00+00:00,36.0,11339.0,135.7,133.9,133.95,135.6,2522.0
1985-08-15 00:00:00+00:00,35.0,11361.0,136.75,135.0,136.4,135.04,2597.0
1985-08-16 00:00:00+00:00,34.0,11301.0,136.19,134.3,134.4,135.86,1937.0
1985-08-19 00:00:00+00:00,31.0,10975.0,136.7,135.7,136.33,136.05,2450.0
1985-08-20 00:00:00+00:00,30.0,10741.0,136.5,135.5,135.55,136.3,2875.0
1985-08-21 00:00:00+00:00,29.0,10406.0,136.0,133.6,135.83,134.02,2975.0
1985-08-22 00:00:00+00:00,28.0,10423.0,135.0,134.3,134.4,134.96,947.0
1985-08-23 00:00:00+00:00,27.0,10336.0,135.5,134.6,134.6,135.1,1041.0
1985-08-26 00:00:00+00:00,24.0,10278.0,135.9,135.49,135.49,135.85,676.0
1985-08-27 00:00:00+00:00,23.0,10182.0,137.6,135.9,135.95,137.45,1523.0
1985-08-28 00:00:00+00:00,22.0,10207.0,137.75,136.6,136.65,137.35,1303.0
1985-08-29 00:00:00+00:00,21.0,10066.0,136.75,135.05,136.68,135.23,2391.0
1985-08-30 00:00:00+00:00,20.0,10148.0,136.1,134.25,134.38,135.85,954.0
1985-09-02 00:00:00+00:00,20.0,10148.0,,,,135.85,
1985-09-03 00:00:00+00:00,106.0,10112.0,138.45,137.77,138.15,138.29,699.0
1985-09-04 00:00:00+00:00,105.0,10466.0,138.0,136.55,137.91,136.6,1790.0
1985-09-05 00:00:00+00:00,104.0,10338.0,136.9,136.0,136.33,136.75,1175.0
1985-09-06 00:00:00+00:00,103.0,10137.0,137.6,136.15,136.18,136.95,965.0
1985-09-09 00:00:00+00:00,100.0,10317.0,137.02,135.0,136.5,135.41,1704.0
1985-09-10 00:00:00+00:00,99.0,10231.0,135.7,134.4,135.18,135.46,2643.0
1985-09-11 00:00:00+00:00,98.0,10209.0,136.2,134.9,135.2,135.61,1105.0
1985-09-12 00:00:00+00:00,97.0,10007.0,136.6,135.6,136.08,135.77,841.0
1985-09-13 00:00:00+00:00,96.0,10583.0,136.4,135.35,136.15,135.6,791.0
1985-09-16 00:00:00+00:00,93.0,10270.0,136.89,135.5,135.74,136.86,831.0
1985-09-17 00:00:00+00:00,92.0,10179.0,138.99,137.7,137.85,138.94,2049.0
1985-09-18 00:00:00+00:00,91.0,10187.0,139.65,137.35,139.3,138.19,1631.0
1985-09-19 00:00:00+00:00,90.0,10081.0,138.6,137.5,137.8,137.85,871.0
1985-09-20 00:00:00+00:00,89.0,10147.0,138.4,137.6,138.0,138.34,855.0
1985-09-23 00:00:00+00:00,86.0,10039.0,139.25,137.0,139.18,137.07,1658.0
1985-09-24 00:00:00+00:00,85.0,10079.0,137.45,136.67,137.2,137.15,1175.0
1985-09-25 00:00:00+00:00,84.0,10086.0,138.5,137.5,137.83,138.44,1138.0
1985-09-26 00:00:00+00:00,83.0,10093.0,138.6,137.8,138.4,138.19,781.0
1985-09-27 00:00:00+00:00,83.0,10093.0,,,,138.19,
1985-09-30 00:00:00+00:00,79.0,10066.0,138.8,137.75,138.63,138.0,913.0
1985-10-01 00:00:00+00:00,78.0,10239.0,136.6,134.65,135.88,135.07,3728.0
1985-10-02 00:00:00+00:00,77.0,10186.0,137.5,136.5,137.35,137.47,1733.0
1985-10-03 00:00:00+00:00,76.0,10289.0,137.67,136.75,137.26,137.6,767.0
1985-10-04 00:00:00+00:00,75.0,10242.0,137.55,136.78,137.02,137.25,707.0
1985-10-07 00:00:00+00:00,72.0,10091.0,138.9,136.95,137.4,138.71,1529.0
1985-10-08 00:00:00+00:00,71.0,9961.0,139.55,138.8,139.45,139.29,1439.0
1985-10-09 00:00:00+00:00,70.0,10065.0,139.5,138.75,138.95,139.36,1497.0
1985-10-10 00:00:00+00:00,69.0,10091.0,141.7,138.55,138.8,141.65,3522.0
1985-10-11 00:00:00+00:00,68.0,10343.0,141.7,140.8,141.33,141.48,2279.0
1985-10-14 00:00:00+00:00,68.0,10343.0,,,,141.48,
1985-10-15 00:00:00+00:00,64.0,10284.0,142.25,141.1,142.03,142.07,1449.0
1985-10-16 00:00:00+00:00,63.0,10450.0,143.6,142.45,142.48,143.18,2518.0
1985-10-17 00:00:00+00:00,62.0,10187.0,144.0,142.2,142.8,143.95,2551.0
1985-10-18 00:00:00+00:00,61.0,10252.0,144.3,143.2,143.35,143.99,1712.0
1985-10-21 00:00:00+00:00,58.0,10266.0,144.4,142.9,144.05,143.66,1596.0
1985-10-22 00:00:00+00:00,57.0,10500.0,144.75,143.5,143.58,144.1,2341.0
1985-10-23 00:00:00+00:00,56.0,10740.0,148.2,143.8,144.05,147.12,3531.0
1985-10-24 00:00:00+00:00,55.0,10762.0,154.2,149.6,150.25,153.58,4794.0
1985-10-25 00:00:00+00:00,54.0,10939.0,153.95,151.25,151.5,152.74,4186.0
1985-10-28 00:00:00+00:00,51.0,11159.0,159.9,154.0,154.25,158.94,2874.0
1985-10-29 00:00:00+00:00,50.0,11130.0,158.7,152.4,158.23,152.54,5350.0
1985-10-30 00:00:00+00:00,49.0,11057.0,160.0,155.5,159.0,157.69,3532.0
1985-10-31 00:00:00+00:00,48.0,11873.0,162.69,158.0,158.98,161.55,5234.0
1985-11-01 00:00:00+00:00,47.0,11664.0,168.6,163.25,163.75,167.62,5687.0
1985-11-04 00:00:00+00:00,44.0,11396.0,164.25,159.5,159.75,161.46,5064.0
1985-11-05 00:00:00+00:00,43.0,11338.0,163.5,157.5,161.9,158.51,5938.0
1985-11-06 00:00:00+00:00,42.0,11583.0,160.9,156.2,160.63,156.35,4525.0
1985-11-07 00:00:00+00:00,41.0,11621.0,159.87,155.1,155.3,158.76,4533.0
1985-11-08 00:00:00+00:00,40.0,11364.0,158.76,154.0,158.0,154.0,4713.0
1985-11-11 00:00:00+00:00,37.0,11245.0,158.0,153.25,153.38,158.0,3347.0
1985-11-12 00:00:00+00:00,36.0,11780.0,161.65,157.9,159.43,157.98,5097.0
1985-11-13 00:00:00+00:00,35.0,11972.0,159.0,153.75,158.88,153.96,3649.0
1985-11-14 00:00:00+00:00,34.0,12003.0,159.0,154.5,158.63,157.35,4951.0
1985-11-15 00:00:00+00:00,33.0,12155.0,159.5,156.8,158.53,156.94,3744.0
1985-11-18 00:00:00+00:00,30.0,12296.0,158.5,154.4,157.6,155.66,3443.0
1985-11-19 00:00:00+00:00,29.0,11749.0,157.4,154.7,154.88,156.94,4160.0
1985-11-20 00:00:00+00:00,28.0,11358.0,160.0,155.0,155.38,159.5,6133.0
1985-11-21 00:00:00+00:00,27.0,11670.0,160.8,158.76,159.78,159.87,3288.0
1985-11-22 00:00:00+00:00,26.0,11708.0,159.5,157.8,158.4,159.48,2717.0
1985-11-25 00:00:00+00:00,23.0,11671.0,159.55,158.7,159.4,158.7,1695.0
1985-11-26 00:00:00+00:00,22.0,11191.0,158.6,156.51,156.76,158.6,2768.0
1985-11-27 00:00:00+00:00,21.0,11513.0,160.25,158.25,158.63,159.6,5012.0
1985-11-28 00:00:00+00:00,21.0,11513.0,,,,159.6,
1985-11-29 00:00:00+00:00,19.0,11776.0,165.6,159.5,159.5,165.25,3384.0
1985-12-02 00:00:00+00:00,107.0,11822.0,172.56,172.56,172.56,172.56,1738.0
1985-12-03 00:00:00+00:00,106.0,12405.0,177.7,171.5,171.75,175.13,7755.0
1985-12-04 00:00:00+00:00,105.0,12707.0,176.75,172.76,175.18,174.27,6269.0
1985-12-05 00:00:00+00:00,104.0,12995.0,178.27,176.3,176.88,178.27,3523.0
1985-12-06 00:00:00+00:00,103.0,13511.0,182.27,181.0,182.27,182.27,4221.0
1985-12-09 00:00:00+00:00,100.0,13704.0,185.77,182.75,184.13,182.97,6569.0
1985-12-10 00:00:00+00:00,99.0,14240.0,188.97,178.5,180.53,188.97,6757.0
1985-12-11 00:00:00+00:00,98.0,14006.0,193.77,182.97,190.0,183.96,7045.0
1985-12-12 00:00:00+00:00,97.0,14446.0,189.96,188.0,189.96,189.96,4372.0
1985-12-13 00:00:00+00:00,96.0,14066.0,195.96,192.0,192.75,195.96,5217.0
1985-12-16 00:00:00+00:00,93.0,13980.0,201.96,201.96,201.96,201.96,1586.0
1985-12-17 00:00:00+00:00,92.0,14027.0,207.96,207.96,207.96,207.96,1505.0
1985-12-18 00:00:00+00:00,91.0,13171.0,212.4,201.96,208.88,212.05,7418.0
1985-12-19 00:00:00+00:00,90.0,13005.0,230.0,212.07,212.54,225.68,6122.0
1985-12-20 00:00:00+00:00,89.0,12742.0,248.9,233.25,237.5,240.78,4003.0
1985-12-23 00:00:00+00:00,86.0,12374.0,249.0,244.0,247.25,246.66,2191.0
1985-12-24 00:00:00+00:00,86.0,12374.0,,,,246.66,
1985-12-25 00:00:00+00:00,86.0,12374.0,,,,246.66,
1985-12-26 00:00:00+00:00,83.0,12671.0,245.9,226.0,243.25,239.61,4475.0
1985-12-27 00:00:00+00:00,82.0,13262.0,237.0,222.0,231.25,222.11,6221.0
1985-12-30 00:00:00+00:00,79.0,13455.0,232.0,222.11,230.5,231.79,5624.0
1985-12-31 00:00:00+00:00,78.0,13167.0,243.4,232.5,232.75,241.29,2056.0
1986-01-01 00:00:00+00:00,78.0,13167.0,,,,241.29,
1986-01-02 00:00:00+00:00,76.0,13539.0,262.0,254.25,256.5,258.56,2951.0
1986-01-03 00:00:00+00:00,75.0,13310.0,263.75,254.1,261.51,255.92,3678.0
1986-01-06 00:00:00+00:00,72.0,12964.0,262.24,253.0,261.25,261.67,4530.0
1986-01-07 00:00:00+00:00,71.0,13119.0,276.0,271.2,275.5,273.45,3549.0
1986-01-08 00:00:00+00:00,70.0,13382.0,271.0,262.5,266.25,263.98,7260.0
1986-01-09 00:00:00+00:00,69.0,13133.0,261.9,253.8,256.5,260.34,5881.0
1986-01-10 00:00:00+00:00,68.0,13068.0,271.5,266.75,270.75,267.28,5171.0
1986-01-13 00:00:00+00:00,65.0,13369.0,258.0,243.5,243.5,244.21,5789.0
1986-01-14 00:00:00+00:00,64.0,13436.0,258.5,242.0,242.0,257.4,6050.0
1986-01-15 00:00:00+00:00,63.0,13345.0,252.0,237.5,248.0,238.06,5063.0
1986-01-16 00:00:00+00:00,62.0,12692.0,242.25,232.25,234.55,234.18,4841.0
1986-01-17 00:00:00+00:00,61.0,12658.0,245.75,230.0,230.88,244.62,5958.0
1986-01-20 00:00:00+00:00,58.0,12375.0,247.0,235.25,246.5,238.14,5103.0
1986-01-21 00:00:00+00:00,57.0,12356.0,236.5,227.85,236.5,231.14,4957.0
1986-01-22 00:00:00+00:00,56.0,12789.0,238.8,226.5,226.5,232.31,6437.0
1986-01-23 00:00:00+00:00,55.0,13190.0,239.0,226.0,237.65,230.44,5545.0
1986-01-24 00:00:00+00:00,54.0,13399.0,240.75,229.0,231.22,239.44,4763.0
1986-01-27 00:00:00+00:00,51.0,13441.0,239.5,235.7,236.7,237.26,3592.0
1986-01-28 00:00:00+00:00,50.0,13758.0,235.5,221.05,234.38,222.04,6282.0
1986-01-29 00:00:00+00:00,49.0,13192.0,217.8,208.0,215.5,208.64,6052.0
1986-01-30 00:00:00+00:00,48.0,12964.0,216.5,207.35,215.25,207.59,3687.0
1986-01-31 00:00:00+00:00,47.0,13062.0,217.75,207.75,213.75,214.43,6166.0
1986-02-03 00:00:00+00:00,44.0,13417.0,214.0,207.51,213.75,209.89,4285.0
1986-02-04 00:00:00+00:00,43.0,13345.0,208.5,201.95,202.23,205.64,4781.0
1986-02-05 00:00:00+00:00,42.0,13805.0,226.5,210.25,212.5,226.12,5618.0
1986-02-06 00:00:00+00:00,41.0,13542.0,230.25,218.3,227.75,219.23,4841.0
1986-02-07 00:00:00+00:00,40.0,13870.0,233.25,222.75,226.37,230.27,4217.0
1986-02-10 00:00:00+00:00,37.0,13808.0,235.0,230.0,232.25,233.43,2875.0
1986-02-11 00:00:00+00:00,36.0,13870.0,237.5,230.0,230.63,235.71,3897.0
1986-02-12 00:00:00+00:00,35.0,13774.0,235.9,230.7,233.13,232.8,5506.0
1986-02-13 00:00:00+00:00,34.0,14051.0,234.5,216.05,234.13,217.94,7235.0
1986-02-14 00:00:00+00:00,33.0,14074.0,216.5,209.0,215.25,212.37,4392.0
1986-02-17 00:00:00+00:00,33.0,14074.0,,,,212.37,
1986-02-18 00:00:00+00:00,29.0,14158.0,235.0,224.0,224.5,234.52,7422.0
1986-02-19 00:00:00+00:00,28.0,14686.0,245.0,233.25,235.98,235.86,8611.0
1986-02-20 00:00:00+00:00,27.0,14762.0,243.0,233.05,242.5,238.21,6034.0
1986-02-21 00:00:00+00:00,26.0,14771.0,240.0,235.5,238.75,239.96,3726.0
1986-02-24 00:00:00+00:00,23.0,15081.0,254.8,246.0,246.0,254.14,5212.0
1986-02-25 00:00:00+00:00,22.0,15291.0,259.0,249.05,249.05,250.0,6323.0
1986-02-26 00:00:00+00:00,21.0,15679.0,252.0,238.0,252.0,246.64,4537.0
1986-02-27 00:00:00+00:00,20.0,15695.0,251.0,245.0,246.0,249.8,3314.0
1986-02-28 00:00:00+00:00,19.0,15758.0,249.75,243.5,246.0,243.63,2683.0
1986-03-03 00:00:00+00:00,78.0,15708.0,242.5,236.3,239.9,236.78,3864.0
1986-03-04 00:00:00+00:00,77.0,15644.0,254.0,235.6,235.6,253.9,5250.0
1986-03-05 00:00:00+00:00,76.0,15711.0,252.75,246.6,248.5,248.73,3603.0
1986-03-06 00:00:00+00:00,75.0,15413.0,254.9,250.5,254.9,254.42,5051.0
1986-03-07 00:00:00+00:00,74.0,15472.0,252.0,248.75,249.5,250.42,3987.0
1986-03-10 00:00:00+00:00,71.0,15438.0,252.0,249.9,251.5,251.33,2008.0
1986-03-11 00:00:00+00:00,70.0,15743.0,257.0,252.7,253.9,256.36,3673.0
1986-03-12 00:00:00+00:00,69.0,15952.0,256.5,251.65,255.25,252.88,3848.0
1986-03-13 00:00:00+00:00,68.0,15829.0,251.75,247.75,247.75,251.67,2708.0
1986-03-14 00:00:00+00:00,67.0,15891.0,250.75,248.05,249.75,248.74,2483.0
1986-03-17 00:00:00+00:00,64.0,15954.0,246.5,238.45,245.6,238.95,4854.0
1986-03-18 00:00:00+00:00,63.0,16236.0,247.5,238.1,238.1,242.76,5473.0
1986-03-19 00:00:00+00:00,62.0,15986.0,247.0,241.0,245.0,244.59,3301.0
1986-03-20 00:00:00+00:00,61.0,16150.0,247.5,243.25,244.5,245.84,2773.0
1986-03-21 00:00:00+00:00,60.0,16073.0,246.2,240.1,244.7,241.24,2688.0
1986-03-24 00:00:00+00:00,57.0,15600.0,238.9,231.15,238.0,232.58,6201.0
1986-03-25 00:00:00+00:00,56.0,15296.0,236.75,231.3,233.25,234.04,5151.0
1986-03-26 00:00:00+00:00,55.0,15216.0,240.75,236.25,237.0,237.64,4122.0
1986-03-27 00:00:00+00:00,54.0,15376.0,245.4,241.5,243.0,245.01,3135.0
1986-03-28 00:00:00+00:00,54.0,15376.0,,,,245.01,
1986-03-31 00:00:00+00:00,50.0,15611.0,246.5,242.6,245.01,246.41,2614.0
1986-04-01 00:00:00+00:00,49.0,15452.0,243.7,235.5,242.6,237.0,3947.0
1986-04-02 00:00:00+00:00,48.0,15763.0,236.5,232.1,232.25,232.26,4662.0
1986-04-03 00:00:00+00:00,47.0,15498.0,232.0,224.75,230.4,225.97,5245.0
1986-04-04 00:00:00+00:00,46.0,15571.0,228.8,222.1,226.4,223.23,3866.0
1986-04-07 00:00:00+00:00,43.0,16217.0,229.0,215.25,224.5,228.62,6236.0
1986-04-08 00:00:00+00:00,42.0,16060.0,227.5,222.5,223.5,226.9,4007.0
1986-04-09 00:00:00+00:00,41.0,16242.0,226.5,222.2,222.2,224.22,2139.0
1986-04-10 00:00:00+00:00,40.0,16132.0,231.75,223.25,224.5,227.96,3642.0
1986-04-11 00:00:00+00:00,39.0,16415.0,232.5,228.5,228.5,232.23,3642.0
1986-04-14 00:00:00+00:00,36.0,16299.0,234.5,227.25,233.25,227.51,2908.0
1986-04-15 00:00:00+00:00,35.0,16170.0,227.5,220.0,223.0,226.11,5926.0
1986-04-16 00:00:00+00:00,34.0,16140.0,227.25,223.0,223.0,225.24,3085.0
1986-04-17 00:00:00+00:00,33.0,16250.0,230.5,225.75,225.75,227.63,3940.0
1986-04-18 00:00:00+00:00,32.0,16095.0,230.0,227.25,228.75,230.0,3568.0
1986-04-21 00:00:00+00:00,29.0,15859.0,230.0,228.05,229.0,229.02,3939.0
1986-04-22 00:00:00+00:00,28.0,15532.0,236.5,227.76,228.5,231.41,4526.0
1986-04-23 00:00:00+00:00,27.0,15534.0,236.0,233.25,233.25,235.99,3525.0
1986-04-24 00:00:00+00:00,26.0,15904.0,239.5,237.1,239.0,238.99,4030.0
1986-04-25 00:00:00+00:00,25.0,15857.0,238.5,234.25,237.45,234.45,2775.0
1986-04-28 00:00:00+00:00,22.0,15951.0,235.5,233.0,234.5,235.0,1758.0
1986-04-29 00:00:00+00:00,21.0,16167.0,235.9,233.0,233.0,234.63,1740.0
1986-04-30 00:00:00+00:00,20.0,16285.0,233.0,229.05,233.0,229.07,3002.0
1986-05-01 00:00:00+00:00,82.0,16408.0,238.75,231.75,233.4,234.6,2748.0
1986-05-02 00:00:00+00:00,81.0,16532.0,237.0,235.0,235.25,235.59,1236.0
1986-05-05 00:00:00+00:00,78.0,16586.0,236.5,234.7,236.2,234.85,858.0
1986-05-06 00:00:00+00:00,77.0,16922.0,232.0,227.1,232.0,227.97,3776.0
1986-05-07 00:00:00+00:00,76.0,16552.0,230.9,225.0,228.0,225.42,4031.0
1986-05-08 00:00:00+00:00,75.0,16644.0,228.0,220.8,227.1,224.31,5042.0
1986-05-09 00:00:00+00:00,74.0,16532.0,226.25,222.0,222.5,224.59,3201.0
1986-05-12 00:00:00+00:00,71.0,16416.0,220.6,214.6,219.0,214.87,3708.0
1986-05-13 00:00:00+00:00,70.0,16549.0,217.5,208.5,209.75,216.13,4074.0
1986-05-14 00:00:00+00:00,69.0,16569.0,227.0,216.6,219.0,220.04,4513.0
1986-05-15 00:00:00+00:00,68.0,16725.0,222.0,217.4,218.1,220.87,2952.0
1986-05-16 00:00:00+00:00,67.0,16494.0,223.4,219.7,220.35,220.25,2664.0
1986-05-19 00:00:00+00:00,64.0,16585.0,219.5,209.5,219.3,209.93,3931.0
1986-05-20 00:00:00+00:00,63.0,16769.0,212.75,204.25,205.5,205.15,3865.0
1986-05-21 00:00:00+00:00,62.0,16944.0,215.4,209.1,215.4,214.53,5556.0
1986-05-22 00:00:00+00:00,61.0,17039.0,215.5,209.75,215.37,210.77,3489.0
1986-05-23 00:00:00+00:00,60.0,16790.0,214.1,207.0,211.5,208.03,2747.0
1986-05-26 00:00:00+00:00,60.0,16790.0,,,,208.03,
1986-05-27 00:00:00+00:00,56.0,16794.0,209.0,198.6,208.45,203.88,4795.0
1986-05-28 00:00:00+00:00,55.0,16972.0,205.58,202.0,203.0,204.24,3348.0
1986-05-29 00:00:00+00:00,54.0,16801.0,197.0,192.25,196.5,192.5,3725.0
1986-05-30 00:00:00+00:00,53.0,16765.0,198.5,185.75,196.25,187.98,4917.0
1986-06-02 00:00:00+00:00,50.0,16581.0,187.4,182.0,186.28,184.47,2892.0
1986-06-03 00:00:00+00:00,49.0,16475.0,193.0,188.0,190.05,188.84,3483.0
1986-06-04 00:00:00+00:00,48.0,16554.0,192.25,184.1,187.18,190.71,3340.0
1986-06-05 00:00:00+00:00,47.0,16094.0,196.75,188.65,189.7,194.55,3123.0
1986-06-06 00:00:00+00:00,46.0,16146.0,197.0,191.35,197.0,193.55,3014.0
1986-06-09 00:00:00+00:00,43.0,15952.0,190.0,183.3,188.75,183.43,2994.0
1986-06-10 00:00:00+00:00,42.0,15671.0,184.2,176.1,179.75,183.09,5738.0
1986-06-11 00:00:00+00:00,41.0,15668.0,185.0,177.6,180.63,178.05,5155.0
1986-06-12 00:00:00+00:00,40.0,15488.0,182.25,174.3,174.65,181.84,6256.0
1986-06-13 00:00:00+00:00,39.0,15327.0,187.5,182.5,182.75,183.29,5090.0
1986-06-16 00:00:00+00:00,36.0,15224.0,182.0,176.5,180.25,177.34,3698.0
1986-06-17 00:00:00+00:00,35.0,15259.0,180.4,176.5,176.75,180.07,4192.0
1986-06-18 00:00:00+00:00,34.0,15681.0,187.9,181.07,181.54,187.57,5805.0
1986-06-19 00:00:00+00:00,33.0,15771.0,190.25,183.1,189.5,187.51,7705.0
1986-06-20 00:00:00+00:00,32.0,15634.0,186.2,183.0,184.3,183.69,4098.0
1986-06-23 00:00:00+00:00,29.0,15428.0,182.5,175.2,182.5,175.78,3013.0
1986-06-24 00:00:00+00:00,28.0,15259.0,174.5,168.25,174.0,168.38,3544.0
1986-06-25 00:00:00+00:00,27.0,15359.0,170.75,163.0,166.43,163.0,4608.0
1986-06-26 00:00:00+00:00,26.0,15290.0,168.25,163.0,163.0,167.05,3822.0
1986-06-27 00:00:00+00:00,25.0,15601.0,166.5,163.25,166.0,163.4,3152.0
1986-06-30 00:00:00+00:00,22.0,15492.0,168.5,164.0,164.0,166.5,2601.0
1986-07-01 00:00:00+00:00,80.0,15328.0,173.8,170.75,173.5,171.74,1989.0
1986-07-02 00:00:00+00:00,79.0,15238.0,170.5,163.5,170.15,163.76,3288.0
1986-07-03 00:00:00+00:00,79.0,15238.0,,,,163.76,
1986-07-04 00:00:00+00:00,79.0,15238.0,,,,163.76,
1986-07-07 00:00:00+00:00,74.0,15133.0,164.8,157.0,161.25,164.31,2750.0
1986-07-08 00:00:00+00:00,73.0,14946.0,166.5,158.05,164.35,163.78,3541.0
1986-07-09 00:00:00+00:00,72.0,15215.0,165.75,159.5,161.25,164.54,3249.0
1986-07-10 00:00:00+00:00,71.0,15634.0,167.25,163.25,165.8,166.81,3475.0
1986-07-11 00:00:00+00:00,70.0,16042.0,175.7,168.25,169.13,172.6,4225.0
1986-07-14 00:00:00+00:00,67.0,16132.0,182.4,175.25,176.3,181.88,3939.0
1986-07-15 00:00:00+00:00,66.0,15965.0,187.2,179.5,185.9,182.73,6006.0
1986-07-16 00:00:00+00:00,65.0,15963.0,188.25,178.2,181.88,185.38,5764.0
1986-07-17 00:00:00+00:00,64.0,15940.0,190.25,184.1,188.25,184.93,4426.0
1986-07-18 00:00:00+00:00,63.0,15948.0,188.0,181.0,182.25,184.47,3945.0
1986-07-21 00:00:00+00:00,60.0,15866.0,186.5,180.1,181.5,184.8,3599.0
1986-07-22 00:00:00+00:00,59.0,15936.0,189.3,185.5,186.13,187.36,4136.0
1986-07-23 00:00:00+00:00,58.0,15938.0,189.6,184.6,189.3,185.78,2825.0
1986-07-24 00:00:00+00:00,57.0,16001.0,187.9,185.25,186.25,186.09,2395.0
1986-07-25 00:00:00+00:00,56.0,16092.0,190.5,186.5,186.88,188.19,3698.0
1986-07-28 00:00:00+00:00,53.0,16515.0,188.5,184.75,185.8,187.09,3555.0
1986-07-29 00:00:00+00:00,52.0,16762.0,187.5,185.3,186.13,185.58,2040.0
1986-07-30 00:00:00+00:00,51.0,16662.0,186.3,180.22,186.28,180.33,3971.0
1986-07-31 00:00:00+00:00,50.0,17011.0,179.0,168.0,178.25,169.47,5854.0
1986-08-01 00:00:00+00:00,49.0,16940.0,170.4,164.6,167.85,164.97,3758.0
1986-08-04 00:00:00+00:00,46.0,16746.0,164.85,160.5,163.28,162.3,3963.0
1986-08-05 00:00:00+00:00,45.0,16734.0,166.75,155.75,165.6,156.34,6783.0
1986-08-06 00:00:00+00:00,44.0,16673.0,162.9,155.0,155.5,161.77,4656.0
1986-08-07 00:00:00+00:00,43.0,17021.0,164.2,161.45,162.3,163.08,5001.0
1986-08-08 00:00:00+00:00,42.0,17330.0,171.2,166.0,167.5,169.41,4207.0
1986-08-11 00:00:00+00:00,39.0,16936.0,172.9,170.75,171.5,170.9,2959.0
1986-08-12 00:00:00+00:00,38.0,17218.0,165.5,159.6,164.38,159.95,5291.0
1986-08-13 00:00:00+00:00,37.0,17548.0,168.3,158.0,158.25,166.42,5102.0
1986-08-14 00:00:00+00:00,36.0,16965.0,166.1,161.5,166.0,163.46,3260.0
1986-08-15 00:00:00+00:00,35.0,16985.0,172.0,163.25,165.5,169.47,4167.0
1986-08-18 00:00:00+00:00,32.0,16968.0,180.75,173.5,173.95,178.5,5758.0
1986-08-19 00:00:00+00:00,31.0,16977.0,183.0,176.25,178.55,181.99,6933.0
1986-08-20 00:00:00+00:00,30.0,16572.0,189.25,181.5,188.0,182.73,7885.0
1986-08-21 00:00:00+00:00,29.0,15637.0,187.5,181.71,186.75,185.36,7071.0
1986-08-22 00:00:00+00:00,28.0,14064.0,197.0,191.75,192.5,196.05,6321.0
1986-08-25 00:00:00+00:00,25.0,14611.0,203.5,193.0,196.57,202.76,4855.0
1986-08-26 00:00:00+00:00,24.0,15965.0,204.0,195.5,203.5,195.91,5269.0
1986-08-27 00:00:00+00:00,23.0,16002.0,202.0,192.0,192.0,201.5,6346.0
1986-08-28 00:00:00+00:00,22.0,16100.0,202.0,195.9,201.0,198.5,5221.0
1986-08-29 00:00:00+00:00,21.0,16288.0,207.0,201.5,206.0,201.75,3235.0
1986-09-01 00:00:00+00:00,21.0,16288.0,,,,201.75,
1986-09-02 00:00:00+00:00,107.0,16207.0,207.0,202.0,205.25,202.08,3766.0
1986-09-03 00:00:00+00:00,106.0,16216.0,203.0,196.5,198.35,200.75,4651.0
1986-09-04 00:00:00+00:00,105.0,16487.0,204.95,201.2,203.6,203.3,4459.0
1986-09-05 00:00:00+00:00,104.0,16539.0,204.5,201.5,202.12,203.32,2916.0
1986-09-08 00:00:00+00:00,101.0,16546.0,205.24,200.05,203.8,200.81,3379.0
1986-09-09 00:00:00+00:00,100.0,16513.0,200.81,195.5,200.5,197.2,5202.0
1986-09-10 00:00:00+00:00,99.0,16702.0,202.75,196.5,196.75,201.21,6031.0
1986-09-11 00:00:00+00:00,98.0,16964.0,203.81,201.25,202.72,202.3,3615.0
1986-09-12 00:00:00+00:00,97.0,16945.0,203.0,199.0,200.62,200.08,3235.0
1986-09-15 00:00:00+00:00,94.0,16900.0,201.9,199.05,201.7,200.02,2651.0
1986-09-16 00:00:00+00:00,93.0,17261.0,210.0,200.0,200.25,209.86,8050.0
1986-09-17 00:00:00+00:00,92.0,17154.0,214.0,209.5,212.25,209.78,4539.0
1986-09-18 00:00:00+00:00,91.0,17221.0,213.0,208.5,212.62,209.89,4077.0
1986-09-19 00:00:00+00:00,90.0,17159.0,213.45,210.75,212.0,212.94,2581.0
1986-09-22 00:00:00+00:00,87.0,17149.0,215.95,212.0,212.25,213.99,3337.0
1986-09-23 00:00:00+00:00,86.0,17409.0,218.2,214.6,216.72,216.66,4440.0
1986-09-24 00:00:00+00:00,85.0,17364.0,219.5,210.5,218.4,212.17,6434.0
1986-09-25 00:00:00+00:00,84.0,17450.0,212.95,208.25,211.65,212.1,4690.0
1986-09-26 00:00:00+00:00,83.0,17916.0,211.0,206.0,210.75,206.18,4825.0
1986-09-29 00:00:00+00:00,80.0,18506.0,208.25,205.5,206.25,205.5,5260.0
1986-09-30 00:00:00+00:00,79.0,18635.0,202.0,200.0,200.12,201.36,5328.0
1986-10-01 00:00:00+00:00,78.0,18410.0,197.5,189.5,197.0,191.97,7762.0
1986-10-02 00:00:00+00:00,77.0,18380.0,195.8,192.0,195.2,195.22,5240.0
1986-10-03 00:00:00+00:00,76.0,18367.0,197.42,193.25,197.08,193.38,3628.0
1986-10-06 00:00:00+00:00,73.0,18509.0,198.9,192.0,193.25,197.88,4139.0
1986-10-07 00:00:00+00:00,72.0,18703.0,205.7,202.0,202.2,205.36,4186.0
1986-10-08 00:00:00+00:00,71.0,18726.0,204.0,200.4,203.5,201.33,4799.0
1986-10-09 00:00:00+00:00,70.0,18960.0,199.5,192.25,199.12,193.76,6706.0
1986-10-10 00:00:00+00:00,69.0,18013.0,192.0,179.5,190.77,180.35,8869.0
1986-10-13 00:00:00+00:00,66.0,18018.0,186.9,179.5,183.77,186.39,5695.0
1986-10-14 00:00:00+00:00,65.0,18046.0,186.27,177.6,186.13,179.81,4859.0
1986-10-15 00:00:00+00:00,64.0,18067.0,186.3,175.2,175.8,185.18,6217.0
1986-10-16 00:00:00+00:00,63.0,17400.0,184.0,180.0,180.5,181.08,3247.0
1986-10-17 00:00:00+00:00,62.0,17680.0,181.75,176.0,179.97,176.42,4407.0
1986-10-20 00:00:00+00:00,59.0,17770.0,173.75,168.0,173.37,168.05,4671.0
1986-10-21 00:00:00+00:00,58.0,17818.0,174.8,170.1,170.5,172.86,4890.0
1986-10-22 00:00:00+00:00,57.0,17843.0,179.25,170.5,175.52,172.58,5905.0
1986-10-23 00:00:00+00:00,56.0,17962.0,176.75,171.25,174.37,176.13,3746.0
1986-10-24 00:00:00+00:00,55.0,17386.0,181.5,177.5,180.8,180.67,4434.0
1986-10-27 00:00:00+00:00,52.0,17977.0,180.25,176.75,177.71,180.2,2934.0
1986-10-28 00:00:00+00:00,51.0,18044.0,183.0,176.5,181.25,177.02,4948.0
1986-10-29 00:00:00+00:00,50.0,18380.0,175.9,168.8,174.8,170.0,5425.0
1986-10-30 00:00:00+00:00,49.0,18517.0,173.6,167.5,171.12,172.07,3420.0
1986-10-31 00:00:00+00:00,48.0,18769.0,174.3,169.6,169.92,173.71,2803.0
1986-11-03 00:00:00+00:00,45.0,18966.0,180.0,172.5,173.48,179.95,3964.0
1986-11-04 00:00:00+00:00,44.0,19169.0,182.0,173.25,181.87,173.7,4832.0
1986-11-05 00:00:00+00:00,43.0,18923.0,173.25,169.5,171.62,171.91,3894.0
1986-11-06 00:00:00+00:00,42.0,18925.0,176.0,172.5,172.99,173.59,3437.0
1986-11-07 00:00:00+00:00,41.0,18947.0,177.45,174.15,175.3,175.91,3439.0
1986-11-10 00:00:00+00:00,38.0,19033.0,176.75,171.24,175.97,172.09,2814.0
1986-11-11 00:00:00+00:00,37.0,18337.0,169.5,163.4,168.37,165.27,6549.0
1986-11-12 00:00:00+00:00,36.0,16627.0,168.5,158.25,160.75,167.08,7926.0
1986-11-13 00:00:00+00:00,35.0,16639.0,168.5,162.5,165.7,163.42,4161.0
1986-11-14 00:00:00+00:00,34.0,16188.0,162.5,157.1,161.37,158.03,8187.0
1986-11-17 00:00:00+00:00,31.0,16250.0,158.45,146.75,157.97,147.97,10703.0
1986-11-18 00:00:00+00:00,30.0,15656.0,150.75,142.5,147.21,147.68,7329.0
1986-11-19 00:00:00+00:00,29.0,15836.0,151.75,147.5,147.67,148.5,4442.0
1986-11-20 00:00:00+00:00,28.0,15619.0,151.0,146.0,149.5,146.61,3983.0
1986-11-21 00:00:00+00:00,27.0,15362.0,149.8,145.5,149.1,149.18,3688.0
1986-11-24 00:00:00+00:00,24.0,15169.0,154.0,151.0,151.59,153.5,3587.0
1986-11-25 00:00:00+00:00,23.0,15198.0,155.8,149.25,155.8,149.75,4291.0
1986-11-26 00:00:00+00:00,22.0,15081.0,150.0,147.55,149.0,148.04,2500.0
1986-11-27 00:00:00+00:00,22.0,15081.0,,,,148.04,
1986-11-28 00:00:00+00:00,22.0,15081.0,,,,148.04,
1986-12-01 00:00:00+00:00,109.0,15322.0,146.95,143.0,146.0,145.62,4030.0
1986-12-02 00:00:00+00:00,108.0,15181.0,148.4,144.7,147.62,148.25,3817.0
1986-12-03 00:00:00+00:00,107.0,15164.0,147.65,146.2,146.95,147.2,1950.0
1986-12-04 00:00:00+00:00,106.0,15171.0,149.75,148.25,148.87,149.18,2639.0
1986-12-05 00:00:00+00:00,105.0,15471.0,150.9,143.15,150.57,143.26,3752.0
1986-12-08 00:00:00+00:00,102.0,15366.0,142.9,139.7,141.25,140.48,5092.0
1986-12-09 00:00:00+00:00,101.0,16333.0,141.75,137.75,140.75,137.97,5222.0
1986-12-10 00:00:00+00:00,100.0,15001.0,141.5,138.25,138.62,140.58,3902.0
1986-12-11 00:00:00+00:00,99.0,14819.0,142.25,139.6,141.12,141.32,3281.0
1986-12-12 00:00:00+00:00,98.0,14658.0,141.0,139.5,139.75,140.02,2994.0
1986-12-15 00:00:00+00:00,95.0,14234.0,141.5,139.35,140.87,141.03,3074.0
1986-12-16 00:00:00+00:00,94.0,14162.0,141.4,139.9,140.52,140.58,2316.0
1986-12-17 00:00:00+00:00,93.0,14449.0,140.0,137.6,139.37,138.48,4054.0
1986-12-18 00:00:00+00:00,92.0,14407.0,139.25,136.7,138.95,137.22,2817.0
1986-12-19 00:00:00+00:00,91.0,15911.0,140.0,135.75,136.8,139.8,3818.0
1986-12-22 00:00:00+00:00,88.0,15948.0,139.5,138.4,138.57,138.73,904.0
1986-12-23 00:00:00+00:00,87.0,14900.0,138.0,136.4,137.55,137.21,1568.0
1986-12-24 00:00:00+00:00,86.0,14846.0,137.7,137.0,137.45,137.09,262.0
1986-12-25 00:00:00+00:00,86.0,14846.0,,,,137.09,
1986-12-26 00:00:00+00:00,86.0,14846.0,,,,137.09,
1986-12-29 00:00:00+00:00,81.0,14807.0,136.9,133.6,136.7,133.75,1894.0
1986-12-30 00:00:00+00:00,80.0,14757.0,132.95,131.2,132.15,132.59,2334.0
1986-12-31 00:00:00+00:00,79.0,14928.0,137.5,132.5,132.87,136.83,2169.0
1987-01-01 00:00:00+00:00,79.0,14928.0,,,,136.83,
1987-01-02 00:00:00+00:00,79.0,14928.0,,,,136.83,
1987-01-05 00:00:00+00:00,74.0,14773.0,136.25,132.4,136.12,132.5,2040.0
1987-01-06 00:00:00+00:00,73.0,14711.0,135.4,130.4,130.8,133.68,4802.0
1987-01-07 00:00:00+00:00,72.0,14955.0,134.5,131.5,132.25,132.9,3014.0
1987-01-08 00:00:00+00:00,71.0,14912.0,134.15,131.75,132.7,134.02,2315.0
1987-01-09 00:00:00+00:00,70.0,15165.0,136.9,132.5,136.65,132.97,2949.0
1987-01-12 00:00:00+00:00,67.0,15354.0,131.25,127.35,130.62,127.4,4594.0
1987-01-13 00:00:00+00:00,66.0,15462.0,128.35,125.6,126.65,127.1,4528.0
1987-01-14 00:00:00+00:00,65.0,15327.0,127.9,125.25,127.7,125.61,4056.0
1987-01-15 00:00:00+00:00,64.0,15210.0,125.69,122.55,125.49,123.25,3802.0
1987-01-16 00:00:00+00:00,63.0,15071.0,123.45,120.25,120.42,122.2,4630.0
1987-01-19 00:00:00+00:00,60.0,15008.0,124.0,122.5,122.85,123.25,2725.0
1987-01-20 00:00:00+00:00,59.0,15067.0,127.0,124.0,124.3,124.22,4280.0
1987-01-21 00:00:00+00:00,58.0,15525.0,124.75,122.5,123.55,124.39,4088.0
1987-01-22 00:00:00+00:00,57.0,15632.0,127.35,124.75,127.22,126.41,3171.0
1987-01-23 00:00:00+00:00,56.0,15470.0,127.0,125.05,126.85,126.96,2736.0
1987-01-26 00:00:00+00:00,53.0,15909.0,128.05,124.25,128.02,124.43,3260.0
1987-01-27 00:00:00+00:00,52.0,15569.0,125.25,123.5,123.9,124.74,2357.0
1987-01-28 00:00:00+00:00,51.0,15837.0,128.0,124.7,125.51,127.9,3207.0
1987-01-29 00:00:00+00:00,50.0,15717.0,126.4,124.0,126.3,124.11,3595.0
1987-01-30 00:00:00+00:00,49.0,15679.0,124.9,121.55,122.02,123.98,3473.0
1987-02-02 00:00:00+00:00,46.0,15414.0,126.4,122.75,122.87,125.21,3028.0
1987-02-03 00:00:00+00:00,45.0,15499.0,126.4,123.9,124.02,124.07,3470.0
1987-02-04 00:00:00+00:00,44.0,15458.0,125.65,123.75,124.62,125.22,3225.0
1987-02-05 00:00:00+00:00,43.0,15381.0,126.0,124.7,125.27,125.91,2337.0
1987-02-06 00:00:00+00:00,42.0,15296.0,126.9,125.1,125.3,126.54,3871.0
1987-02-09 00:00:00+00:00,39.0,15809.0,126.0,122.8,125.55,122.89,3366.0
1987-02-10 00:00:00+00:00,38.0,15929.0,124.0,122.25,122.5,122.81,2367.0
1987-02-11 00:00:00+00:00,37.0,15807.0,123.9,123.0,123.37,123.38,1669.0
1987-02-12 00:00:00+00:00,36.0,15624.0,124.2,123.25,123.32,123.76,2490.0
1987-02-13 00:00:00+00:00,35.0,15244.0,123.95,122.9,123.37,122.98,1824.0
1987-02-16 00:00:00+00:00,35.0,15244.0,,,,122.98,
1987-02-17 00:00:00+00:00,31.0,15273.0,121.75,114.8,121.62,115.03,7948.0
1987-02-18 00:00:00+00:00,30.0,16653.0,116.0,112.5,112.75,113.23,11548.0
1987-02-19 00:00:00+00:00,29.0,16449.0,117.9,114.0,114.25,117.43,7505.0
1987-02-20 00:00:00+00:00,28.0,16532.0,122.0,118.5,118.75,120.32,5244.0
1987-02-23 00:00:00+00:00,25.0,16574.0,125.75,121.5,121.75,125.65,4230.0
1987-02-24 00:00:00+00:00,24.0,17210.0,127.75,124.0,126.12,125.24,5628.0
1987-02-25 00:00:00+00:00,23.0,16898.0,125.6,124.0,124.13,125.6,2968.0
1987-02-26 00:00:00+00:00,22.0,16723.0,127.9,126.6,127.05,127.79,4267.0
1987-02-27 00:00:00+00:00,21.0,16881.0,128.0,125.6,127.0,127.0,4506.0
1987-03-02 00:00:00+00:00,78.0,16835.0,126.8,123.15,124.77,123.59,4589.0
1987-03-03 00:00:00+00:00,77.0,16408.0,112.4,107.1,111.37,108.03,6920.0
1987-03-04 00:00:00+00:00,76.0,16571.0,108.5,102.55,108.2,106.97,5871.0
1987-03-05 00:00:00+00:00,75.0,16753.0,109.2,103.6,108.25,104.68,4786.0
1987-03-06 00:00:00+00:00,74.0,17144.0,107.25,104.5,106.5,106.61,4711.0
1987-03-09 00:00:00+00:00,71.0,17208.0,107.0,104.5,105.65,106.9,2245.0
1987-03-10 00:00:00+00:00,70.0,17397.0,108.8,106.6,107.37,108.47,3302.0
1987-03-11 00:00:00+00:00,69.0,17178.0,110.5,107.25,109.67,107.39,4779.0
1987-03-12 00:00:00+00:00,68.0,17100.0,108.4,105.6,107.12,106.94,3983.0
1987-03-13 00:00:00+00:00,67.0,16959.0,104.4,102.55,103.62,104.21,4447.0
1987-03-16 00:00:00+00:00,64.0,17167.0,104.4,102.4,102.92,104.05,2615.0
1987-03-17 00:00:00+00:00,63.0,17386.0,104.3,103.01,104.12,103.33,3428.0
1987-03-18 00:00:00+00:00,62.0,17468.0,103.7,102.3,102.55,103.04,2528.0
1987-03-19 00:00:00+00:00,61.0,17519.0,104.75,103.4,103.55,104.68,2982.0
1987-03-20 00:00:00+00:00,60.0,17698.0,106.45,104.6,105.75,104.84,3426.0
1987-03-23 00:00:00+00:00,57.0,17623.0,106.35,105.1,105.72,106.25,1622.0
1987-03-24 00:00:00+00:00,56.0,17837.0,107.25,105.6,106.95,105.94,2931.0
1987-03-25 00:00:00+00:00,55.0,17862.0,105.4,104.3,105.2,105.1,2274.0
1987-03-26 00:00:00+00:00,54.0,17834.0,105.5,103.9,105.17,103.96,2042.0
1987-03-27 00:00:00+00:00,53.0,18151.0,104.9,103.3,104.15,104.78,2429.0
1987-03-30 00:00:00+00:00,50.0,18336.0,105.2,104.2,104.35,104.31,1906.0
1987-03-31 00:00:00+00:00,49.0,18811.0,104.0,99.9,103.9,100.04,4971.0
1987-04-01 00:00:00+00:00,48.0,19133.0,100.3,98.1,99.85,99.28,5153.0
1987-04-02 00:00:00+00:00,47.0,19104.0,102.0,100.15,100.75,101.0,3584.0
1987-04-03 00:00:00+00:00,46.0,19647.0,101.1,99.2,100.62,100.93,4337.0
1987-04-06 00:00:00+00:00,43.0,19409.0,102.2,100.75,101.25,102.04,3234.0
1987-04-07 00:00:00+00:00,42.0,19367.0,104.3,101.9,102.4,104.25,3623.0
1987-04-08 00:00:00+00:00,41.0,19898.0,108.15,103.75,104.75,107.65,6740.0
1987-04-09 00:00:00+00:00,40.0,20015.0,107.7,105.75,107.07,106.08,4596.0
1987-04-10 00:00:00+00:00,39.0,20262.0,106.35,103.3,105.62,106.24,4005.0
1987-04-13 00:00:00+00:00,36.0,20455.0,110.0,105.15,105.67,109.97,4799.0
1987-04-14 00:00:00+00:00,35.0,20341.0,114.4,109.5,109.75,113.51,7998.0
1987-04-15 00:00:00+00:00,34.0,20721.0,113.4,111.3,113.2,111.76,4259.0
1987-04-16 00:00:00+00:00,33.0,20863.0,113.0,109.0,110.25,111.07,5167.0
1987-04-17 00:00:00+00:00,33.0,20863.0,,,,111.07,
1987-04-20 00:00:00+00:00,29.0,21364.0,115.3,110.0,110.62,114.16,4348.0
1987-04-21 00:00:00+00:00,28.0,21378.0,115.5,114.0,114.2,114.25,7500.0
1987-04-22 00:00:00+00:00,27.0,20911.0,114.3,112.5,114.0,113.91,4016.0
1987-04-23 00:00:00+00:00,26.0,20847.0,117.0,112.6,112.95,116.4,4658.0
1987-04-24 00:00:00+00:00,25.0,20818.0,119.0,116.75,118.55,118.25,4794.0
1987-04-27 00:00:00+00:00,22.0,20944.0,121.25,114.0,119.52,115.63,7167.0
1987-04-28 00:00:00+00:00,21.0,20972.0,117.75,114.0,116.25,116.95,5053.0
1987-04-29 00:00:00+00:00,20.0,21889.0,121.0,117.75,117.87,120.86,3657.0
1987-04-30 00:00:00+00:00,19.0,22445.0,121.3,117.1,120.75,119.3,5722.0
1987-05-01 00:00:00+00:00,81.0,22567.0,120.8,117.8,118.32,120.22,4228.0
1987-05-04 00:00:00+00:00,78.0,22475.0,122.25,120.5,120.5,121.69,2626.0
1987-05-05 00:00:00+00:00,77.0,22555.0,122.5,120.5,120.87,120.6,3559.0
1987-05-06 00:00:00+00:00,76.0,22938.0,120.2,115.6,118.8,115.87,6288.0
1987-05-07 00:00:00+00:00,75.0,22934.0,116.95,114.75,114.87,116.51,3473.0
1987-05-08 00:00:00+00:00,74.0,23086.0,117.6,116.25,116.75,116.4,1937.0
1987-05-11 00:00:00+00:00,71.0,23326.0,122.8,117.7,118.32,122.76,4780.0
1987-05-12 00:00:00+00:00,70.0,23470.0,124.25,121.4,124.0,123.73,5542.0
1987-05-13 00:00:00+00:00,69.0,23512.0,124.75,122.75,123.5,123.75,4330.0
1987-05-14 00:00:00+00:00,68.0,23232.0,124.75,122.6,123.12,123.46,3291.0
1987-05-15 00:00:00+00:00,67.0,23250.0,125.5,123.56,124.0,125.0,4274.0
1987-05-18 00:00:00+00:00,64.0,23274.0,127.25,123.35,127.0,123.54,3882.0
1987-05-19 00:00:00+00:00,63.0,23323.0,124.75,121.8,123.05,124.6,3730.0
1987-05-20 00:00:00+00:00,62.0,23446.0,125.25,123.6,124.12,124.14,2252.0
1987-05-21 00:00:00+00:00,61.0,23652.0,125.15,122.9,124.82,123.38,2349.0
1987-05-22 00:00:00+00:00,60.0,23732.0,124.5,122.85,123.3,122.94,2222.0
1987-05-25 00:00:00+00:00,60.0,23732.0,,,,122.94,
1987-05-26 00:00:00+00:00,56.0,22520.0,123.08,118.5,122.79,118.79,4218.0
1987-05-27 00:00:00+00:00,55.0,22001.0,121.45,117.75,117.87,120.77,3599.0
1987-05-28 00:00:00+00:00,54.0,22004.0,122.0,119.9,120.07,121.51,1570.0
1987-05-29 00:00:00+00:00,53.0,22110.0,122.25,118.5,121.6,119.46,2965.0
1987-06-01 00:00:00+00:00,50.0,21822.0,118.46,114.1,117.98,114.44,6398.0
1987-06-02 00:00:00+00:00,49.0,21506.0,116.0,113.6,114.3,114.25,4525.0
1987-06-03 00:00:00+00:00,48.0,21507.0,115.2,113.05,113.42,113.75,2813.0
1987-06-04 00:00:00+00:00,47.0,21296.0,112.9,110.55,112.62,110.93,5366.0
1987-06-05 00:00:00+00:00,46.0,20936.0,112.25,110.05,111.0,110.11,3444.0
1987-06-08 00:00:00+00:00,43.0,20914.0,112.4,109.3,111.1,111.91,3666.0
1987-06-09 00:00:00+00:00,42.0,21035.0,112.95,110.5,111.07,112.23,2959.0
1987-06-10 00:00:00+00:00,41.0,21101.0,113.35,111.9,112.15,112.22,2539.0
1987-06-11 00:00:00+00:00,40.0,20924.0,114.6,112.95,112.97,112.99,4010.0
1987-06-12 00:00:00+00:00,39.0,21067.0,114.0,111.75,113.9,112.03,2985.0
1987-06-15 00:00:00+00:00,36.0,21243.0,111.4,108.1,110.55,108.25,3514.0
1987-06-16 00:00:00+00:00,35.0,21283.0,108.25,106.75,107.62,106.78,5417.0
1987-06-17 00:00:00+00:00,34.0,21318.0,108.25,105.1,108.12,105.1,5525.0
1987-06-18 00:00:00+00:00,33.0,20705.0,105.1,103.0,103.12,104.07,6267.0
1987-06-19 00:00:00+00:00,32.0,21515.0,104.32,102.75,104.03,103.75,6529.0
1987-06-22 00:00:00+00:00,29.0,21136.0,102.8,100.75,101.8,102.26,3690.0
1987-06-23 00:00:00+00:00,28.0,20881.0,106.25,102.75,103.12,106.13,4671.0
1987-06-24 00:00:00+00:00,27.0,20975.0,106.0,103.4,106.0,104.25,3294.0
1987-06-25 00:00:00+00:00,26.0,20973.0,104.0,102.75,103.87,103.25,2610.0
1987-06-26 00:00:00+00:00,25.0,21038.0,104.35,102.5,102.5,103.25,2703.0
1987-06-29 00:00:00+00:00,22.0,20953.0,104.8,103.5,104.27,104.06,1488.0
1987-06-30 00:00:00+00:00,21.0,21010.0,105.25,104.0,104.25,104.5,2151.0
1987-07-01 00:00:00+00:00,79.0,21084.0,106.1,104.5,105.72,105.63,2184.0
1987-07-02 00:00:00+00:00,78.0,21132.0,105.5,104.55,105.32,104.67,1493.0
1987-07-03 00:00:00+00:00,78.0,21132.0,,,,104.67,
1987-07-06 00:00:00+00:00,74.0,21222.0,104.75,99.5,104.67,99.9,4375.0
1987-07-07 00:00:00+00:00,73.0,21276.0,101.5,99.75,100.15,100.57,4114.0
1987-07-08 00:00:00+00:00,72.0,21343.0,101.8,100.8,100.99,101.57,1505.0
1987-07-09 00:00:00+00:00,71.0,21176.0,103.4,101.8,102.5,102.73,4405.0
1987-07-10 00:00:00+00:00,70.0,21071.0,103.2,102.5,102.87,102.53,1290.0
1987-07-13 00:00:00+00:00,67.0,21215.0,105.2,101.21,101.51,105.05,3862.0
1987-07-14 00:00:00+00:00,66.0,21205.0,106.7,104.15,105.65,104.78,4418.0
1987-07-15 00:00:00+00:00,65.0,21890.0,106.0,102.85,105.47,103.02,7060.0
1987-07-16 00:00:00+00:00,64.0,22065.0,103.75,102.1,102.8,103.68,4020.0
1987-07-17 00:00:00+00:00,63.0,22216.0,106.24,103.68,104.2,106.16,3488.0
1987-07-20 00:00:00+00:00,60.0,22360.0,106.75,104.75,105.25,105.09,3767.0
1987-07-21 00:00:00+00:00,59.0,22189.0,104.5,103.3,104.17,104.11,3208.0
1987-07-22 00:00:00+00:00,58.0,22191.0,104.7,103.8,103.9,104.65,2088.0
1987-07-23 00:00:00+00:00,57.0,22461.0,107.0,105.0,105.12,106.95,4234.0
1987-07-24 00:00:00+00:00,56.0,22668.0,108.5,106.25,108.25,106.53,5111.0
1987-07-27 00:00:00+00:00,53.0,22761.0,106.5,103.75,106.4,103.91,2446.0
1987-07-28 00:00:00+00:00,52.0,22911.0,103.7,102.25,102.42,102.57,4206.0
1987-07-29 00:00:00+00:00,51.0,23023.0,103.5,101.25,102.8,101.6,4118.0
1987-07-30 00:00:00+00:00,50.0,23119.0,103.1,101.7,102.15,102.96,2264.0
1987-07-31 00:00:00+00:00,49.0,23453.0,103.6,101.5,102.65,101.54,3965.0
1987-08-03 00:00:00+00:00,46.0,23539.0,103.4,101.75,101.85,103.35,3441.0
1987-08-04 00:00:00+00:00,45.0,23752.0,104.65,102.55,102.65,104.53,2632.0
1987-08-05 00:00:00+00:00,44.0,23754.0,104.95,103.0,104.27,103.69,2986.0
1987-08-06 00:00:00+00:00,43.0,23746.0,105.0,104.1,104.17,104.84,3146.0
1987-08-07 00:00:00+00:00,42.0,24262.0,107.5,105.7,105.77,106.0,6626.0
1987-08-10 00:00:00+00:00,39.0,23517.0,106.25,103.75,105.65,103.8,3080.0
1987-08-11 00:00:00+00:00,38.0,23372.0,104.2,103.25,104.1,103.3,2644.0
1987-08-12 00:00:00+00:00,37.0,23379.0,104.99,102.75,103.17,104.78,3152.0
1987-08-13 00:00:00+00:00,36.0,22869.0,105.4,102.8,104.84,103.45,5084.0
1987-08-14 00:00:00+00:00,35.0,22956.0,103.8,103.0,103.75,103.41,2240.0
1987-08-17 00:00:00+00:00,32.0,24307.0,104.3,103.3,103.62,103.33,3979.0
1987-08-18 00:00:00+00:00,31.0,23537.0,103.5,102.0,103.37,102.1,6149.0
1987-08-19 00:00:00+00:00,30.0,23351.0,102.4,101.5,102.0,101.94,7549.0
1987-08-20 00:00:00+00:00,29.0,21380.0,104.02,101.5,101.5,104.01,10061.0
1987-08-21 00:00:00+00:00,28.0,23155.0,105.6,104.0,105.42,104.83,5807.0
1987-08-24 00:00:00+00:00,25.0,20476.0,105.2,104.4,104.5,104.5,4060.0
1987-08-25 00:00:00+00:00,24.0,20143.0,112.0,105.0,105.0,111.4,9030.0
1987-08-26 00:00:00+00:00,23.0,20634.0,111.4,110.0,110.75,111.0,7491.0
1987-08-27 00:00:00+00:00,22.0,20116.0,113.25,110.45,110.84,112.0,6169.0
1987-08-28 00:00:00+00:00,21.0,20127.0,114.0,111.4,112.12,112.93,5691.0
1987-08-31 00:00:00+00:00,18.0,20047.0,116.0,112.75,113.7,115.83,5165.0
1987-09-01 00:00:00+00:00,108.0,20151.0,118.75,117.7,117.82,117.73,3375.0
1987-09-02 00:00:00+00:00,107.0,20323.0,118.5,116.1,117.8,118.42,4781.0
1987-09-03 00:00:00+00:00,106.0,20414.0,118.8,115.3,118.32,116.15,5507.0
1987-09-04 00:00:00+00:00,105.0,20441.0,117.5,114.8,116.35,116.8,3143.0
1987-09-07 00:00:00+00:00,105.0,20441.0,,,,116.8,
1987-09-08 00:00:00+00:00,101.0,20390.0,117.2,115.15,115.45,115.54,3399.0
1987-09-09 00:00:00+00:00,100.0,20331.0,119.9,116.8,117.15,118.66,4582.0
1987-09-10 00:00:00+00:00,99.0,20302.0,118.2,117.0,117.82,117.7,2683.0
1987-09-11 00:00:00+00:00,98.0,20409.0,118.35,116.6,117.97,117.33,3390.0
1987-09-14 00:00:00+00:00,95.0,20591.0,117.3,115.51,116.85,115.59,3326.0
1987-09-15 00:00:00+00:00,94.0,20858.0,115.0,113.55,114.95,114.22,4925.0
1987-09-16 00:00:00+00:00,93.0,20799.0,115.2,113.8,114.37,114.34,3252.0
1987-09-17 00:00:00+00:00,92.0,21072.0,116.2,113.9,114.05,115.72,2609.0
1987-09-18 00:00:00+00:00,91.0,21078.0,116.9,115.6,115.72,116.33,2516.0
1987-09-21 00:00:00+00:00,88.0,20975.0,115.85,114.65,114.95,115.49,1482.0
1987-09-22 00:00:00+00:00,87.0,20950.0,114.5,111.25,113.75,111.78,6218.0
1987-09-23 00:00:00+00:00,86.0,21061.0,113.25,111.1,112.18,112.25,3991.0
1987-09-24 00:00:00+00:00,85.0,21086.0,113.95,111.8,111.9,112.78,3444.0
1987-09-25 00:00:00+00:00,84.0,21717.0,114.9,113.3,113.4,114.79,4129.0
1987-09-28 00:00:00+00:00,81.0,21813.0,115.9,114.8,115.2,114.93,2637.0
1987-09-29 00:00:00+00:00,80.0,21751.0,115.9,114.35,115.37,115.8,3191.0
1987-09-30 00:00:00+00:00,79.0,21834.0,114.7,112.7,113.92,112.77,4627.0
1987-10-01 00:00:00+00:00,78.0,22124.0,118.6,113.3,113.75,117.04,7087.0
1987-10-02 00:00:00+00:00,77.0,22754.0,120.65,117.25,118.0,119.05,10086.0
1987-10-05 00:00:00+00:00,74.0,23322.0,126.01,123.8,125.65,124.68,8886.0
1987-10-06 00:00:00+00:00,73.0,23331.0,124.25,123.35,123.57,123.83,4004.0
1987-10-07 00:00:00+00:00,72.0,23305.0,123.9,122.85,123.35,123.89,3190.0
1987-10-08 00:00:00+00:00,71.0,23661.0,125.75,123.75,123.87,124.84,4108.0
1987-10-09 00:00:00+00:00,70.0,23746.0,125.7,124.65,125.25,125.21,2246.0
1987-10-12 00:00:00+00:00,67.0,23829.0,125.9,123.8,125.6,124.26,2897.0
1987-10-13 00:00:00+00:00,66.0,23717.0,125.2,123.6,123.75,124.68,2402.0
1987-10-14 00:00:00+00:00,65.0,23853.0,124.95,124.0,124.8,124.34,2177.0
1987-10-15 00:00:00+00:00,64.0,23984.0,124.95,124.25,124.32,124.74,2441.0
1987-10-16 00:00:00+00:00,63.0,23993.0,125.15,124.5,124.85,124.62,1602.0
1987-10-19 00:00:00+00:00,60.0,24004.0,123.8,122.65,123.47,122.73,3456.0
1987-10-20 00:00:00+00:00,59.0,24708.0,121.6,118.85,121.12,119.98,10093.0
1987-10-21 00:00:00+00:00,58.0,24632.0,122.2,120.6,120.67,121.29,3845.0
1987-10-22 00:00:00+00:00,57.0,24615.0,121.9,120.1,121.5,121.77,3429.0
1987-10-23 00:00:00+00:00,56.0,24554.0,122.95,121.05,121.2,122.91,3186.0
1987-10-26 00:00:00+00:00,53.0,24648.0,122.9,122.1,122.4,122.3,1485.0
1987-10-27 00:00:00+00:00,52.0,24559.0,122.5,121.6,121.85,122.18,1922.0
1987-10-28 00:00:00+00:00,51.0,24649.0,122.55,121.8,121.85,122.55,1884.0
1987-10-29 00:00:00+00:00,50.0,24891.0,123.0,122.3,122.87,122.69,2454.0
1987-10-30 00:00:00+00:00,49.0,25028.0,123.0,122.1,122.84,122.52,2439.0
1987-11-02 00:00:00+00:00,46.0,24014.0,124.85,122.25,122.4,124.6,4228.0
1987-11-03 00:00:00+00:00,45.0,22901.0,124.8,123.5,123.5,123.82,3492.0
1987-11-04 00:00:00+00:00,44.0,22698.0,124.0,123.55,123.9,123.66,3576.0
1987-11-05 00:00:00+00:00,43.0,23420.0,126.0,122.95,123.49,125.9,4686.0
1987-11-06 00:00:00+00:00,42.0,23992.0,127.9,121.4,127.0,126.49,4879.0
1987-11-09 00:00:00+00:00,39.0,23724.0,127.74,123.85,126.5,127.1,2628.0
1987-11-10 00:00:00+00:00,38.0,23196.0,128.3,126.55,127.5,126.75,4381.0
1987-11-11 00:00:00+00:00,37.0,23562.0,130.6,125.5,126.44,126.44,2969.0
1987-11-12 00:00:00+00:00,36.0,23378.0,127.05,120.45,126.0,127.29,3691.0
1987-11-13 00:00:00+00:00,35.0,22698.0,128.4,125.3,125.5,125.57,3072.0
1987-11-16 00:00:00+00:00,32.0,22347.0,127.25,120.2,125.25,126.95,5928.0
1987-11-17 00:00:00+00:00,31.0,22829.0,127.9,126.75,127.07,126.92,7344.0
1987-11-18 00:00:00+00:00,30.0,21864.0,135.0,127.0,127.1,127.67,2951.0
1987-11-19 00:00:00+00:00,29.0,21958.0,129.25,127.6,127.8,129.25,4166.0
1987-11-20 00:00:00+00:00,28.0,21732.0,138.35,127.8,129.25,127.8,3912.0
1987-11-23 00:00:00+00:00,25.0,21488.0,128.5,127.0,127.4,127.4,1721.0
1987-11-24 00:00:00+00:00,24.0,21217.0,127.0,126.1,127.0,126.9,2459.0
1987-11-25 00:00:00+00:00,23.0,21401.0,127.25,126.1,126.1,127.13,1526.0
1987-11-26 00:00:00+00:00,23.0,21401.0,,,,127.13,
1987-11-27 00:00:00+00:00,23.0,21401.0,,,,127.13,
1987-11-30 00:00:00+00:00,18.0,21491.0,128.15,126.1,127.95,126.1,3161.0
1987-12-01 00:00:00+00:00,111.0,21121.0,129.25,128.3,129.1,128.55,3114.0
1987-12-02 00:00:00+00:00,110.0,21120.0,129.2,127.9,128.28,127.91,2577.0
1987-12-03 00:00:00+00:00,109.0,20718.0,128.6,127.21,128.2,127.31,3619.0
1987-12-04 00:00:00+00:00,108.0,21118.0,128.4,127.4,127.63,127.98,2922.0
1987-12-07 00:00:00+00:00,105.0,20778.0,127.9,127.01,127.5,127.27,2049.0
1987-12-08 00:00:00+00:00,104.0,20589.0,128.4,127.0,127.17,128.36,1645.0
1987-12-09 00:00:00+00:00,103.0,20472.0,128.1,127.25,127.85,127.76,1705.0
1987-12-10 00:00:00+00:00,102.0,20340.0,128.45,127.1,127.32,127.58,2312.0
1987-12-11 00:00:00+00:00,101.0,20210.0,127.89,127.35,127.42,127.6,1035.0
1987-12-14 00:00:00+00:00,98.0,20591.0,127.9,127.4,127.62,127.44,1829.0
1987-12-15 00:00:00+00:00,97.0,20502.0,128.2,127.21,127.32,127.61,2403.0
1987-12-16 00:00:00+00:00,96.0,20958.0,128.9,127.9,128.0,128.4,3336.0
1987-12-17 00:00:00+00:00,95.0,21040.0,129.5,128.55,128.85,129.5,2315.0
1987-12-18 00:00:00+00:00,94.0,21242.0,129.89,128.8,129.32,129.48,2415.0
1987-12-21 00:00:00+00:00,91.0,21233.0,129.5,128.95,129.47,129.01,855.0
1987-12-22 00:00:00+00:00,90.0,21428.0,129.0,128.7,128.92,128.91,963.0
1987-12-23 00:00:00+00:00,89.0,21483.0,129.95,129.01,129.1,129.95,1749.0
1987-12-24 00:00:00+00:00,88.0,21429.0,130.15,129.65,129.67,129.76,1119.0
1987-12-25 00:00:00+00:00,88.0,21429.0,,,,129.76,
1987-12-28 00:00:00+00:00,84.0,21481.0,131.2,129.6,129.87,130.91,3482.0
1987-12-29 00:00:00+00:00,83.0,21846.0,130.75,130.2,130.35,130.2,1576.0
1987-12-30 00:00:00+00:00,82.0,21788.0,129.9,127.0,129.8,127.0,6579.0
1987-12-31 00:00:00+00:00,81.0,21921.0,126.9,125.8,126.72,125.96,4089.0
1988-01-01 00:00:00+00:00,81.0,21921.0,,,,125.96,
1988-01-04 00:00:00+00:00,77.0,22193.0,127.55,125.55,125.65,126.3,3448.0
1988-01-05 00:00:00+00:00,76.0,22612.0,128.0,126.3,126.4,127.94,3763.0
1988-01-06 00:00:00+00:00,75.0,22714.0,128.7,128.05,128.32,128.58,2731.0
1988-01-07 00:00:00+00:00,74.0,23026.0,128.5,127.6,128.16,128.44,3492.0
1988-01-08 00:00:00+00:00,73.0,22822.0,128.3,127.05,128.25,127.83,2726.0
1988-01-11 00:00:00+00:00,70.0,22783.0,127.4,126.51,127.18,126.52,2375.0
1988-01-12 00:00:00+00:00,69.0,22756.0,127.75,126.6,126.75,126.98,2276.0
1988-01-13 00:00:00+00:00,68.0,22622.0,127.7,127.15,127.2,127.42,1276.0
1988-01-14 00:00:00+00:00,67.0,22386.0,128.15,127.05,127.75,127.34,2535.0
1988-01-15 00:00:00+00:00,66.0,22595.0,127.7,127.05,127.07,127.66,1280.0
1988-01-18 00:00:00+00:00,63.0,21830.0,129.65,127.55,127.8,129.49,4899.0
1988-01-19 00:00:00+00:00,62.0,22190.0,130.1,128.95,129.1,129.16,4754.0
1988-01-20 00:00:00+00:00,61.0,22306.0,129.9,129.15,129.4,129.43,2598.0
1988-01-21 00:00:00+00:00,60.0,22348.0,130.65,129.43,129.46,130.59,3999.0
1988-01-22 00:00:00+00:00,59.0,22951.0,131.35,130.15,130.4,130.41,6411.0
1988-01-25 00:00:00+00:00,56.0,22769.0,130.5,128.75,130.3,129.05,3588.0
1988-01-26 00:00:00+00:00,55.0,22850.0,130.4,129.2,129.22,130.03,3191.0
1988-01-27 00:00:00+00:00,54.0,22837.0,131.3,130.1,130.4,130.3,3364.0
1988-01-28 00:00:00+00:00,53.0,22313.0,131.3,130.35,130.4,130.57,4033.0
1988-01-29 00:00:00+00:00,52.0,22724.0,131.8,129.8,130.3,131.55,5192.0
1988-02-01 00:00:00+00:00,49.0,23551.0,133.4,131.55,131.57,133.38,6076.0
1988-02-02 00:00:00+00:00,48.0,24614.0,134.8,132.95,133.45,133.0,6727.0
1988-02-03 00:00:00+00:00,47.0,24918.0,134.2,132.75,132.92,133.99,5266.0
1988-02-04 00:00:00+00:00,46.0,25264.0,134.75,133.3,133.6,134.69,4352.0
1988-02-05 00:00:00+00:00,45.0,26223.0,137.3,135.0,135.35,136.7,8294.0
1988-02-08 00:00:00+00:00,42.0,26230.0,139.2,136.4,136.9,136.72,4622.0
1988-02-09 00:00:00+00:00,41.0,26547.0,137.1,135.75,136.75,136.57,3765.0
1988-02-10 00:00:00+00:00,40.0,26430.0,137.16,136.2,136.25,136.9,2718.0
1988-02-11 00:00:00+00:00,39.0,27107.0,138.9,137.15,137.17,138.01,6552.0
1988-02-12 00:00:00+00:00,38.0,27181.0,139.6,137.65,139.2,138.14,5131.0
1988-02-15 00:00:00+00:00,38.0,27181.0,,,,138.14,
1988-02-16 00:00:00+00:00,34.0,26316.0,139.0,135.7,138.95,136.02,8373.0
1988-02-17 00:00:00+00:00,33.0,26299.0,137.75,135.75,135.87,137.69,8942.0
1988-02-18 00:00:00+00:00,32.0,27447.0,138.5,137.0,138.37,137.25,8173.0
1988-02-19 00:00:00+00:00,31.0,26314.0,140.9,135.76,135.88,140.74,6884.0
1988-02-22 00:00:00+00:00,28.0,26195.0,142.75,140.5,141.75,142.25,4568.0
1988-02-23 00:00:00+00:00,27.0,26292.0,141.9,140.6,141.9,141.0,4396.0
1988-02-24 00:00:00+00:00,26.0,26200.0,141.4,140.55,140.65,141.15,3020.0
1988-02-25 00:00:00+00:00,25.0,26272.0,141.2,138.25,140.9,138.29,7081.0
1988-02-26 00:00:00+00:00,24.0,26267.0,139.2,137.0,139.1,137.14,6924.0
1988-02-29 00:00:00+00:00,21.0,26352.0,136.25,133.5,136.07,133.5,7092.0
1988-03-01 00:00:00+00:00,78.0,25431.0,136.9,134.55,135.57,135.1,5845.0
1988-03-02 00:00:00+00:00,77.0,25422.0,137.25,135.4,135.85,137.0,3309.0
1988-03-03 00:00:00+00:00,76.0,25035.0,137.5,135.6,137.37,135.97,3346.0
1988-03-04 00:00:00+00:00,75.0,24849.0,136.8,135.4,135.45,135.49,2598.0
1988-03-07 00:00:00+00:00,72.0,24654.0,135.0,133.5,134.87,134.36,5091.0
1988-03-08 00:00:00+00:00,71.0,24833.0,137.2,133.65,133.72,136.75,3649.0
1988-03-09 00:00:00+00:00,70.0,23768.0,136.9,135.1,136.7,135.39,2990.0
1988-03-10 00:00:00+00:00,69.0,25051.0,136.0,134.5,135.2,135.29,3142.0
1988-03-11 00:00:00+00:00,68.0,24936.0,137.25,135.5,135.6,136.94,3038.0
1988-03-14 00:00:00+00:00,65.0,24887.0,137.5,135.7,137.1,136.24,3314.0
1988-03-15 00:00:00+00:00,64.0,24858.0,136.35,135.8,136.15,135.86,1462.0
1988-03-16 00:00:00+00:00,63.0,25169.0,135.85,134.3,135.77,134.32,4875.0
1988-03-17 00:00:00+00:00,62.0,25254.0,134.45,132.05,134.0,132.36,7547.0
1988-03-18 00:00:00+00:00,61.0,24786.0,134.0,131.8,132.4,133.81,4867.0
1988-03-21 00:00:00+00:00,58.0,24464.0,133.91,132.2,133.83,132.5,2668.0
1988-03-22 00:00:00+00:00,57.0,24403.0,133.3,131.7,131.85,132.59,2550.0
1988-03-23 00:00:00+00:00,56.0,24322.0,134.25,132.4,132.5,133.96,2798.0
1988-03-24 00:00:00+00:00,55.0,24252.0,134.5,133.1,134.25,133.4,2401.0
1988-03-25 00:00:00+00:00,54.0,24141.0,134.75,132.9,133.22,134.4,3224.0
1988-03-28 00:00:00+00:00,51.0,24164.0,135.6,134.3,134.4,135.57,3937.0
1988-03-29 00:00:00+00:00,50.0,23583.0,135.95,134.25,135.11,135.42,4669.0
1988-03-30 00:00:00+00:00,49.0,23244.0,135.8,133.4,134.9,133.49,4523.0
1988-03-31 00:00:00+00:00,48.0,23017.0,134.6,133.1,133.27,134.51,3227.0
1988-04-01 00:00:00+00:00,48.0,23017.0,,,,134.51,
1988-04-04 00:00:00+00:00,44.0,22895.0,135.15,133.9,134.4,134.77,1102.0
1988-04-05 00:00:00+00:00,43.0,22910.0,135.15,133.3,135.12,133.42,2983.0
1988-04-06 00:00:00+00:00,42.0,22825.0,134.45,133.3,133.51,133.92,2930.0
1988-04-07 00:00:00+00:00,41.0,22762.0,133.8,132.9,133.77,133.3,3338.0
1988-04-08 00:00:00+00:00,40.0,22816.0,134.0,133.2,133.35,133.29,2412.0
1988-04-11 00:00:00+00:00,37.0,22660.0,133.7,133.1,133.2,133.3,1885.0
1988-04-12 00:00:00+00:00,36.0,22618.0,133.89,133.0,133.35,133.39,3642.0
1988-04-13 00:00:00+00:00,35.0,21873.0,134.7,133.4,133.45,134.61,5406.0
1988-04-14 00:00:00+00:00,34.0,21781.0,135.4,133.65,134.59,135.37,6202.0
1988-04-15 00:00:00+00:00,33.0,20981.0,136.0,135.0,135.67,135.9,4538.0
1988-04-18 00:00:00+00:00,30.0,20853.0,135.6,134.65,135.25,135.17,3859.0
1988-04-19 00:00:00+00:00,29.0,20394.0,135.74,134.65,135.02,134.74,6872.0
1988-04-20 00:00:00+00:00,28.0,20366.0,135.0,134.15,134.8,134.26,7743.0
1988-04-21 00:00:00+00:00,27.0,20152.0,135.2,134.35,134.62,134.41,3563.0
1988-04-22 00:00:00+00:00,26.0,19929.0,134.95,134.25,134.5,134.94,2405.0
1988-04-25 00:00:00+00:00,23.0,20037.0,135.4,134.55,134.78,134.81,2724.0
1988-04-26 00:00:00+00:00,22.0,19948.0,135.0,134.32,134.92,134.5,2538.0
1988-04-27 00:00:00+00:00,21.0,19909.0,134.6,132.6,134.55,132.79,4936.0
1988-04-28 00:00:00+00:00,20.0,20738.0,132.8,130.75,132.77,131.7,7655.0
1988-04-29 00:00:00+00:00,19.0,20830.0,131.85,130.6,131.2,130.6,3880.0
1988-05-02 00:00:00+00:00,78.0,21092.0,133.7,132.5,132.6,132.76,2410.0
1988-05-03 00:00:00+00:00,77.0,21291.0,134.55,133.25,133.35,134.3,4407.0
1988-05-04 00:00:00+00:00,76.0,21565.0,134.75,134.05,134.08,134.46,2118.0
1988-05-05 00:00:00+00:00,75.0,21915.0,135.75,134.8,134.95,135.53,3896.0
1988-05-06 00:00:00+00:00,74.0,21908.0,136.45,135.6,135.65,136.38,4275.0
1988-05-09 00:00:00+00:00,71.0,21749.0,136.0,135.6,135.92,135.71,2077.0
1988-05-10 00:00:00+00:00,70.0,21376.0,137.09,135.9,136.32,136.46,4980.0
1988-05-11 00:00:00+00:00,69.0,21260.0,136.6,135.91,136.17,136.03,2541.0
1988-05-12 00:00:00+00:00,68.0,20853.0,137.15,134.85,136.97,135.15,5713.0
1988-05-13 00:00:00+00:00,67.0,21098.0,135.2,133.9,134.75,134.17,4117.0
1988-05-16 00:00:00+00:00,64.0,21753.0,133.5,131.55,133.3,131.86,5416.0
1988-05-17 00:00:00+00:00,63.0,22273.0,132.9,131.41,131.7,132.49,4651.0
1988-05-18 00:00:00+00:00,62.0,22648.0,132.99,132.1,132.15,132.53,2184.0
1988-05-19 00:00:00+00:00,61.0,22573.0,133.5,132.1,132.41,133.19,3294.0
1988-05-20 00:00:00+00:00,60.0,22760.0,133.5,132.5,133.27,133.38,2840.0
1988-05-23 00:00:00+00:00,57.0,22926.0,133.8,132.0,133.45,132.05,1858.0
1988-05-24 00:00:00+00:00,56.0,23071.0,132.2,131.1,131.47,131.51,3112.0
1988-05-25 00:00:00+00:00,55.0,23311.0,131.8,131.0,131.0,131.59,2185.0
1988-05-26 00:00:00+00:00,54.0,23728.0,131.0,130.4,130.5,130.89,2528.0
1988-05-27 00:00:00+00:00,53.0,23748.0,132.25,130.26,130.38,131.42,3410.0
1988-05-30 00:00:00+00:00,53.0,23748.0,,,,131.42,
1988-05-31 00:00:00+00:00,49.0,23901.0,134.4,132.5,132.52,133.77,5017.0
1988-06-01 00:00:00+00:00,48.0,23857.0,134.75,132.5,134.67,133.47,4754.0
1988-06-02 00:00:00+00:00,47.0,23606.0,135.25,132.85,132.92,134.88,6614.0
1988-06-03 00:00:00+00:00,46.0,23282.0,136.5,134.9,135.5,135.28,6109.0
1988-06-06 00:00:00+00:00,43.0,23178.0,138.1,136.15,138.0,137.47,5649.0
1988-06-07 00:00:00+00:00,42.0,23397.0,138.7,137.1,137.75,138.32,5010.0
1988-06-08 00:00:00+00:00,41.0,23684.0,138.1,137.2,138.05,137.66,3165.0
1988-06-09 00:00:00+00:00,40.0,24598.0,141.0,136.55,136.9,140.72,7833.0
1988-06-10 00:00:00+00:00,39.0,25494.0,142.25,138.25,139.87,138.53,8412.0
1988-06-13 00:00:00+00:00,36.0,25375.0,137.85,135.55,137.6,136.3,6419.0
1988-06-14 00:00:00+00:00,35.0,25370.0,136.1,134.65,135.05,135.05,4533.0
1988-06-15 00:00:00+00:00,34.0,25626.0,137.1,134.0,134.15,136.01,5815.0
1988-06-16 00:00:00+00:00,33.0,25612.0,137.9,136.86,137.25,137.87,6125.0
1988-06-17 00:00:00+00:00,32.0,24010.0,139.3,137.1,137.25,138.5,7418.0
1988-06-20 00:00:00+00:00,29.0,23332.0,138.25,136.25,138.0,136.36,4519.0
1988-06-21 00:00:00+00:00,28.0,23345.0,137.05,135.6,135.7,136.15,6267.0
1988-06-22 00:00:00+00:00,27.0,22999.0,136.75,135.4,136.15,135.49,2829.0
1988-06-23 00:00:00+00:00,26.0,22502.0,135.7,133.1,135.1,133.23,7476.0
1988-06-24 00:00:00+00:00,25.0,20965.0,133.0,132.0,133.0,132.3,6413.0
1988-06-27 00:00:00+00:00,22.0,20939.0,133.4,131.9,132.0,132.55,3578.0
1988-06-28 00:00:00+00:00,21.0,20763.0,133.5,132.25,133.37,132.3,3115.0
1988-06-29 00:00:00+00:00,20.0,21038.0,132.05,130.75,132.05,130.9,6258.0
1988-06-30 00:00:00+00:00,19.0,20655.0,131.4,130.2,130.75,131.4,6991.0
1988-07-01 00:00:00+00:00,81.0,20658.0,133.4,132.3,132.4,133.17,3089.0
1988-07-04 00:00:00+00:00,81.0,20658.0,,,,133.17,
1988-07-05 00:00:00+00:00,77.0,20777.0,133.3,132.25,133.27,132.59,2177.0
1988-07-06 00:00:00+00:00,76.0,21148.0,134.6,133.1,133.25,134.17,4047.0
1988-07-07 00:00:00+00:00,75.0,21154.0,135.35,134.55,134.95,134.96,2596.0
1988-07-08 00:00:00+00:00,74.0,21228.0,136.2,135.25,136.05,135.46,2501.0
1988-07-11 00:00:00+00:00,71.0,21182.0,136.5,135.65,136.45,135.73,2297.0
1988-07-12 00:00:00+00:00,70.0,21018.0,136.25,134.6,135.63,135.94,3139.0
1988-07-13 00:00:00+00:00,69.0,20867.0,137.7,135.35,135.9,136.94,6246.0
1988-07-14 00:00:00+00:00,68.0,20770.0,137.4,136.6,137.12,137.01,3663.0
1988-07-15 00:00:00+00:00,67.0,21064.0,137.75,136.2,137.55,136.29,4818.0
1988-07-18 00:00:00+00:00,64.0,21622.0,136.85,135.3,136.26,135.47,5174.0
1988-07-19 00:00:00+00:00,63.0,21291.0,136.2,134.85,135.4,136.03,2936.0
1988-07-20 00:00:00+00:00,62.0,21747.0,137.7,136.5,137.0,137.5,3570.0
1988-07-21 00:00:00+00:00,61.0,21953.0,138.25,136.9,138.18,137.1,3931.0
1988-07-22 00:00:00+00:00,60.0,22047.0,138.2,136.3,137.4,137.72,3496.0
1988-07-25 00:00:00+00:00,57.0,22460.0,138.5,137.72,137.78,137.79,2486.0
1988-07-26 00:00:00+00:00,56.0,22500.0,139.0,131.5,138.95,132.95,8579.0
1988-07-27 00:00:00+00:00,55.0,22388.0,133.3,124.0,133.12,124.05,10525.0
1988-07-28 00:00:00+00:00,54.0,22478.0,125.5,118.5,124.9,123.79,10909.0
1988-07-29 00:00:00+00:00,53.0,22636.0,125.75,123.0,123.1,124.72,4309.0
1988-08-01 00:00:00+00:00,50.0,23639.0,125.6,116.5,125.25,116.67,8185.0
1988-08-02 00:00:00+00:00,49.0,23988.0,113.75,108.0,109.5,108.83,9720.0
1988-08-03 00:00:00+00:00,48.0,24735.0,118.5,110.25,113.91,118.2,8666.0
1988-08-04 00:00:00+00:00,47.0,25087.0,118.45,114.6,114.8,116.57,5119.0
1988-08-05 00:00:00+00:00,46.0,25119.0,121.5,113.5,118.75,115.79,7495.0
1988-08-08 00:00:00+00:00,43.0,25187.0,116.5,112.5,115.25,114.53,3133.0
1988-08-09 00:00:00+00:00,42.0,25033.0,118.7,115.5,116.12,118.34,3447.0
1988-08-10 00:00:00+00:00,41.0,25405.0,119.99,118.25,118.5,119.44,3538.0
1988-08-11 00:00:00+00:00,40.0,25206.0,119.45,115.7,119.22,117.43,4945.0
1988-08-12 00:00:00+00:00,39.0,25277.0,118.0,115.65,117.85,117.97,2667.0
1988-08-15 00:00:00+00:00,36.0,25193.0,117.95,115.8,117.6,116.99,2468.0
1988-08-16 00:00:00+00:00,35.0,25638.0,119.0,116.75,116.87,118.39,3409.0
1988-08-17 00:00:00+00:00,34.0,25410.0,119.0,117.0,118.65,118.17,2691.0
1988-08-18 00:00:00+00:00,33.0,25590.0,122.5,119.5,120.5,122.09,6135.0
1988-08-19 00:00:00+00:00,32.0,25848.0,124.9,121.5,122.7,124.69,6671.0
1988-08-22 00:00:00+00:00,29.0,25797.0,129.0,124.5,124.75,125.26,8539.0
1988-08-23 00:00:00+00:00,28.0,23723.0,127.25,121.0,125.25,121.22,6628.0
1988-08-24 00:00:00+00:00,27.0,23038.0,127.0,121.5,122.75,126.68,5885.0
1988-08-25 00:00:00+00:00,26.0,23114.0,128.0,124.6,126.84,126.6,5317.0
1988-08-26 00:00:00+00:00,25.0,23144.0,127.25,121.0,126.6,124.51,5416.0
1988-08-29 00:00:00+00:00,22.0,22938.0,124.5,121.0,124.37,121.0,1941.0
1988-08-30 00:00:00+00:00,21.0,22893.0,122.5,121.0,122.0,120.9,3032.0
1988-08-31 00:00:00+00:00,20.0,22981.0,123.5,119.0,119.5,123.25,3497.0
1988-09-01 00:00:00+00:00,109.0,23557.0,124.5,122.65,123.6,122.77,2165.0
1988-09-02 00:00:00+00:00,108.0,23615.0,124.0,122.4,122.5,123.17,2105.0
1988-09-05 00:00:00+00:00,108.0,23615.0,,,,123.17,
1988-09-06 00:00:00+00:00,104.0,22894.0,127.25,124.25,124.5,127.21,3929.0
1988-09-07 00:00:00+00:00,103.0,22750.0,131.4,128.65,129.5,131.0,6623.0
1988-09-08 00:00:00+00:00,102.0,22500.0,131.4,129.1,131.25,129.81,5025.0
1988-09-09 00:00:00+00:00,101.0,22442.0,131.9,129.5,129.5,130.16,4054.0
1988-09-12 00:00:00+00:00,98.0,22694.0,133.0,127.5,131.5,128.55,6239.0
1988-09-13 00:00:00+00:00,97.0,21839.0,129.75,127.0,129.5,127.72,3953.0
1988-09-14 00:00:00+00:00,96.0,21734.0,126.5,124.8,125.0,125.5,3404.0
1988-09-15 00:00:00+00:00,95.0,21700.0,125.75,122.9,124.25,123.66,4962.0
1988-09-16 00:00:00+00:00,94.0,21907.0,125.9,124.4,124.5,125.04,2977.0
1988-09-19 00:00:00+00:00,91.0,21815.0,124.8,122.1,124.8,123.92,3305.0
1988-09-20 00:00:00+00:00,90.0,21739.0,127.3,124.5,124.75,127.13,4233.0
1988-09-21 00:00:00+00:00,89.0,21880.0,128.4,126.22,126.49,127.04,2805.0
1988-09-22 00:00:00+00:00,88.0,22013.0,126.95,125.6,126.5,125.83,2465.0
1988-09-23 00:00:00+00:00,87.0,22311.0,127.5,125.0,125.0,127.2,3456.0
1988-09-26 00:00:00+00:00,84.0,22989.0,128.2,125.7,127.25,126.83,3605.0
1988-09-27 00:00:00+00:00,83.0,22864.0,130.15,126.7,127.25,129.24,5765.0
1988-09-28 00:00:00+00:00,82.0,22693.0,131.25,129.52,130.88,130.25,5284.0
1988-09-29 00:00:00+00:00,81.0,22855.0,132.1,128.5,129.55,131.85,6308.0
1988-09-30 00:00:00+00:00,80.0,23008.0,132.4,130.4,130.95,131.93,5535.0
1988-10-03 00:00:00+00:00,77.0,22868.0,129.7,126.1,129.5,126.29,7853.0
1988-10-04 00:00:00+00:00,76.0,22038.0,125.9,122.5,125.75,124.4,6029.0
1988-10-05 00:00:00+00:00,75.0,21415.0,126.2,121.0,124.8,123.23,6388.0
1988-10-06 00:00:00+00:00,74.0,21297.0,124.7,123.3,123.5,124.39,3317.0
1988-10-07 00:00:00+00:00,73.0,21584.0,124.85,122.25,124.75,123.41,5814.0
1988-10-10 00:00:00+00:00,70.0,21642.0,124.8,122.3,122.75,124.77,1995.0
1988-10-11 00:00:00+00:00,69.0,22042.0,124.9,123.75,124.9,124.63,2822.0
1988-10-12 00:00:00+00:00,68.0,21574.0,124.1,122.25,124.1,122.69,3968.0
1988-10-13 00:00:00+00:00,67.0,21985.0,123.7,122.0,122.15,123.01,3146.0
1988-10-14 00:00:00+00:00,66.0,21971.0,124.5,122.55,122.7,123.19,3396.0
1988-10-17 00:00:00+00:00,63.0,22053.0,124.75,123.4,123.5,124.71,1980.0
1988-10-18 00:00:00+00:00,62.0,22146.0,125.8,123.2,125.0,123.48,5767.0
1988-10-19 00:00:00+00:00,61.0,22622.0,125.15,123.8,124.4,125.15,3238.0
1988-10-20 00:00:00+00:00,60.0,22321.0,125.3,124.25,125.3,125.16,2727.0
1988-10-21 00:00:00+00:00,59.0,22244.0,127.0,125.25,125.31,126.64,4632.0
1988-10-24 00:00:00+00:00,56.0,22026.0,127.85,125.05,126.5,125.08,3822.0
1988-10-25 00:00:00+00:00,55.0,22134.0,126.75,125.2,125.25,126.71,2988.0
1988-10-26 00:00:00+00:00,54.0,21928.0,126.7,125.82,126.7,126.43,2690.0
1988-10-27 00:00:00+00:00,53.0,21995.0,127.3,125.5,126.5,125.64,4207.0
1988-10-28 00:00:00+00:00,52.0,21508.0,126.25,123.8,125.4,123.89,4152.0
1988-10-31 00:00:00+00:00,49.0,21689.0,124.3,123.25,124.25,123.61,3207.0
1988-11-01 00:00:00+00:00,48.0,21400.0,124.75,123.25,123.4,124.62,2949.0
1988-11-02 00:00:00+00:00,47.0,21275.0,125.75,124.4,124.62,125.73,3197.0
1988-11-03 00:00:00+00:00,46.0,21324.0,126.0,125.1,125.73,125.31,2496.0
1988-11-04 00:00:00+00:00,45.0,21122.0,125.6,124.7,125.6,125.01,2866.0
1988-11-07 00:00:00+00:00,42.0,20502.0,127.25,125.01,125.01,127.25,5622.0
1988-11-08 00:00:00+00:00,41.0,20183.0,127.75,126.0,127.0,126.1,5400.0
1988-11-09 00:00:00+00:00,40.0,19996.0,127.0,125.86,126.25,126.98,2670.0
1988-11-10 00:00:00+00:00,39.0,19550.0,127.95,127.1,127.5,127.86,3811.0
1988-11-11 00:00:00+00:00,38.0,20173.0,128.85,127.1,128.0,128.79,6682.0
1988-11-14 00:00:00+00:00,35.0,20272.0,128.4,126.5,128.25,127.27,5313.0
1988-11-15 00:00:00+00:00,34.0,20160.0,127.55,126.15,127.5,126.94,3468.0
1988-11-16 00:00:00+00:00,33.0,19668.0,127.6,125.7,126.2,127.27,5380.0
1988-11-17 00:00:00+00:00,32.0,18229.0,127.0,125.5,126.85,125.54,5887.0
1988-11-18 00:00:00+00:00,31.0,17896.0,126.15,124.6,125.0,125.71,3602.0
1988-11-21 00:00:00+00:00,28.0,17598.0,126.6,125.2,125.95,126.2,1984.0
1988-11-22 00:00:00+00:00,27.0,17717.0,126.7,125.7,126.55,125.99,3037.0
1988-11-23 00:00:00+00:00,26.0,17797.0,125.5,123.85,125.5,125.29,4530.0
1988-11-24 00:00:00+00:00,26.0,17797.0,,,,125.29,
1988-11-25 00:00:00+00:00,26.0,17797.0,,,,125.29,
1988-11-28 00:00:00+00:00,21.0,17748.0,125.9,123.0,125.37,123.18,7079.0
1988-11-29 00:00:00+00:00,20.0,17906.0,123.6,122.75,123.45,123.6,5836.0
1988-11-30 00:00:00+00:00,19.0,18287.0,124.95,123.95,124.25,124.92,2937.0
1988-12-01 00:00:00+00:00,109.0,18764.0,124.45,122.38,122.51,123.6,4676.0
1988-12-02 00:00:00+00:00,108.0,19047.0,124.13,122.49,123.48,123.42,4202.0
1988-12-05 00:00:00+00:00,105.0,19213.0,124.1,123.16,123.52,123.36,1921.0
1988-12-06 00:00:00+00:00,104.0,19295.0,124.13,123.19,123.38,124.06,1764.0
1988-12-07 00:00:00+00:00,103.0,19232.0,124.32,123.54,124.1,124.22,2367.0
1988-12-08 00:00:00+00:00,102.0,19139.0,125.54,124.45,124.49,125.43,3287.0
1988-12-09 00:00:00+00:00,101.0,18485.0,128.16,125.16,125.48,127.17,8293.0
1988-12-12 00:00:00+00:00,98.0,18110.0,129.38,127.38,127.56,129.28,6095.0
1988-12-13 00:00:00+00:00,97.0,18265.0,130.45,128.45,129.38,128.52,5357.0
1988-12-14 00:00:00+00:00,96.0,18816.0,133.38,130.0,130.24,133.27,8660.0
1988-12-15 00:00:00+00:00,95.0,19460.0,135.32,132.45,135.08,134.04,9788.0
1988-12-16 00:00:00+00:00,94.0,20847.0,140.38,134.48,134.56,140.22,11522.0
1988-12-19 00:00:00+00:00,91.0,21300.0,149.32,142.58,146.48,145.05,9813.0
1988-12-20 00:00:00+00:00,90.0,21161.0,156.0,143.32,147.48,155.28,11065.0
1988-12-21 00:00:00+00:00,89.0,21801.0,160.0,152.38,155.6,155.6,10249.0
1988-12-22 00:00:00+00:00,88.0,21779.0,154.0,149.0,151.48,149.25,7057.0
1988-12-23 00:00:00+00:00,87.0,22038.0,150.26,147.51,150.0,149.24,2584.0
1988-12-26 00:00:00+00:00,87.0,22038.0,,,,149.24,
1988-12-27 00:00:00+00:00,83.0,22184.0,149.42,143.16,149.32,146.17,5309.0
1988-12-28 00:00:00+00:00,82.0,22397.0,152.16,149.0,149.14,152.03,5575.0
1988-12-29 00:00:00+00:00,81.0,23166.0,159.38,154.38,156.32,158.63,6068.0
1988-12-30 00:00:00+00:00,80.0,23156.0,162.32,157.0,160.24,159.22,4326.0
1989-01-02 00:00:00+00:00,80.0,23156.0,,,,159.22,
1989-01-03 00:00:00+00:00,76.0,22537.0,166.58,161.06,161.27,165.58,8286.0
1989-01-04 00:00:00+00:00,75.0,22702.0,164.19,157.13,164.01,160.08,7879.0
1989-01-05 00:00:00+00:00,74.0,23284.0,164.0,156.35,161.4,162.62,8942.0
1989-01-06 00:00:00+00:00,73.0,23484.0,165.26,157.32,164.0,157.46,7349.0
1989-01-09 00:00:00+00:00,70.0,24442.0,155.42,148.0,154.24,148.19,10232.0
1989-01-10 00:00:00+00:00,69.0,25443.0,151.58,143.58,145.24,150.31,11923.0
1989-01-11 00:00:00+00:00,68.0,24715.0,151.16,138.0,150.24,138.52,10433.0
1989-01-12 00:00:00+00:00,67.0,24990.0,144.32,136.32,140.48,142.07,12289.0
1989-01-13 00:00:00+00:00,66.0,24404.0,143.32,138.1,138.4,139.45,6924.0
1989-01-16 00:00:00+00:00,63.0,24409.0,142.0,137.19,138.16,140.45,4537.0
1989-01-17 00:00:00+00:00,62.0,25045.0,144.32,140.58,142.16,142.37,6637.0
1989-01-18 00:00:00+00:00,61.0,25146.0,142.48,139.45,141.08,142.13,3289.0
1989-01-19 00:00:00+00:00,60.0,25353.0,145.19,141.48,144.08,142.07,5750.0
1989-01-20 00:00:00+00:00,59.0,24882.0,143.38,140.13,143.19,142.19,3502.0
1989-01-23 00:00:00+00:00,56.0,24860.0,142.26,140.32,140.51,140.54,2489.0
1989-01-24 00:00:00+00:00,55.0,25531.0,139.32,134.26,138.56,134.33,8376.0
1989-01-25 00:00:00+00:00,54.0,24700.0,138.16,133.48,133.61,135.56,7577.0
1989-01-26 00:00:00+00:00,53.0,24718.0,138.13,135.51,136.01,137.46,3633.0
1989-01-27 00:00:00+00:00,52.0,25007.0,139.63,133.19,139.47,134.02,8646.0
1989-01-30 00:00:00+00:00,49.0,25008.0,136.13,133.51,134.32,136.01,2869.0
1989-01-31 00:00:00+00:00,48.0,24979.0,137.42,132.34,136.58,132.41,5506.0
1989-02-01 00:00:00+00:00,47.0,25981.0,133.16,129.38,132.41,132.07,9508.0
1989-02-02 00:00:00+00:00,46.0,25863.0,134.48,132.32,132.4,133.63,4367.0
1989-02-03 00:00:00+00:00,45.0,25687.0,134.45,133.13,133.45,134.39,5400.0
1989-02-06 00:00:00+00:00,42.0,25124.0,138.03,134.48,135.0,138.0,3953.0
1989-02-07 00:00:00+00:00,41.0,24683.0,141.32,138.16,138.16,141.22,6396.0
1989-02-08 00:00:00+00:00,40.0,24235.0,145.32,138.16,140.48,138.53,8604.0
1989-02-09 00:00:00+00:00,39.0,24067.0,140.19,137.16,138.35,139.61,4803.0
1989-02-10 00:00:00+00:00,38.0,24169.0,139.13,133.0,139.13,133.01,6454.0
1989-02-13 00:00:00+00:00,35.0,23678.0,133.32,131.45,133.12,132.32,4003.0
1989-02-14 00:00:00+00:00,34.0,23893.0,131.0,127.51,130.51,128.03,8397.0
1989-02-15 00:00:00+00:00,33.0,23865.0,133.0,128.38,128.62,132.44,8010.0
1989-02-16 00:00:00+00:00,32.0,23257.0,135.32,128.19,133.49,129.16,8009.0
1989-02-17 00:00:00+00:00,31.0,21889.0,131.0,128.45,129.32,129.36,3693.0
1989-02-20 00:00:00+00:00,31.0,21889.0,,,,129.36,
1989-02-21 00:00:00+00:00,27.0,22112.0,130.0,125.26,129.15,126.0,4669.0
1989-02-22 00:00:00+00:00,26.0,21956.0,128.0,125.51,126.35,127.58,3169.0
1989-02-23 00:00:00+00:00,25.0,22259.0,129.32,127.26,129.0,127.38,3497.0
1989-02-24 00:00:00+00:00,24.0,22325.0,127.48,125.16,127.48,126.58,3136.0
1989-02-27 00:00:00+00:00,21.0,22420.0,128.48,126.35,128.24,127.47,2053.0
1989-02-28 00:00:00+00:00,20.0,22534.0,129.32,127.48,127.48,129.29,5627.0
1989-03-01 00:00:00+00:00,78.0,22660.0,128.8,127.15,128.4,128.14,4321.0
1989-03-02 00:00:00+00:00,77.0,22755.0,130.5,126.05,127.7,130.36,6357.0
1989-03-03 00:00:00+00:00,76.0,22601.0,133.5,131.0,131.0,132.13,6757.0
1989-03-06 00:00:00+00:00,73.0,22373.0,133.0,130.5,131.5,132.89,3800.0
1989-03-07 00:00:00+00:00,72.0,22705.0,133.15,131.3,131.6,131.52,3799.0
1989-03-08 00:00:00+00:00,71.0,23241.0,130.5,128.2,130.1,129.74,5031.0
1989-03-09 00:00:00+00:00,70.0,23342.0,132.75,128.3,128.4,132.18,5533.0
1989-03-10 00:00:00+00:00,69.0,22820.0,134.2,132.0,132.4,132.66,5354.0
1989-03-13 00:00:00+00:00,66.0,22991.0,133.25,131.6,132.0,132.53,1916.0
1989-03-14 00:00:00+00:00,65.0,23474.0,132.25,129.6,132.0,130.65,3666.0
1989-03-15 00:00:00+00:00,64.0,23184.0,133.4,129.3,130.1,132.38,5926.0
1989-03-16 00:00:00+00:00,63.0,23947.0,134.65,132.0,132.6,133.7,5824.0
1989-03-17 00:00:00+00:00,62.0,23953.0,135.24,133.15,133.5,133.51,5516.0
1989-03-20 00:00:00+00:00,59.0,23521.0,134.35,132.0,132.9,132.16,3256.0
1989-03-21 00:00:00+00:00,58.0,23980.0,130.95,127.65,129.75,127.86,6515.0
1989-03-22 00:00:00+00:00,57.0,23341.0,129.2,126.55,127.8,128.31,7333.0
1989-03-23 00:00:00+00:00,56.0,23189.0,129.3,127.65,127.95,128.59,2768.0
1989-03-24 00:00:00+00:00,56.0,23189.0,,,,128.59,
1989-03-27 00:00:00+00:00,52.0,22887.0,129.19,127.1,128.05,127.29,1939.0
1989-03-28 00:00:00+00:00,51.0,23027.0,127.35,125.55,125.8,126.23,3484.0
1989-03-29 00:00:00+00:00,50.0,23893.0,128.7,125.85,125.85,126.6,5525.0
1989-03-30 00:00:00+00:00,49.0,23654.0,127.9,126.25,126.4,126.72,3029.0
1989-03-31 00:00:00+00:00,48.0,23891.0,128.4,126.8,126.8,128.13,4689.0
1989-04-03 00:00:00+00:00,45.0,23869.0,128.75,127.3,127.5,128.23,3525.0
1989-04-04 00:00:00+00:00,44.0,24525.0,131.5,128.3,128.3,131.48,8532.0
1989-04-05 00:00:00+00:00,43.0,24617.0,133.8,131.11,131.11,132.63,6689.0
1989-04-06 00:00:00+00:00,42.0,24764.0,133.95,131.35,132.75,132.09,4764.0
1989-04-07 00:00:00+00:00,41.0,25081.0,134.3,131.8,131.9,133.84,5450.0
1989-04-10 00:00:00+00:00,38.0,25507.0,135.4,134.0,134.0,134.71,4582.0
1989-04-11 00:00:00+00:00,37.0,25325.0,136.11,131.4,135.25,132.81,8072.0
1989-04-12 00:00:00+00:00,36.0,25675.0,133.75,131.7,132.9,132.8,4105.0
1989-04-13 00:00:00+00:00,35.0,25442.0,133.9,132.05,133.5,132.63,4110.0
1989-04-14 00:00:00+00:00,34.0,26265.0,138.1,134.2,135.25,136.98,12613.0
1989-04-17 00:00:00+00:00,31.0,26993.0,139.0,132.85,132.85,138.85,9325.0
1989-04-18 00:00:00+00:00,30.0,27806.0,140.75,137.7,139.0,138.0,9592.0
1989-04-19 00:00:00+00:00,29.0,26683.0,139.6,138.0,138.0,139.45,8371.0
1989-04-20 00:00:00+00:00,28.0,27619.0,142.5,139.1,140.0,139.56,8807.0
1989-04-21 00:00:00+00:00,27.0,26907.0,142.2,138.75,139.1,142.0,3466.0
1989-04-24 00:00:00+00:00,24.0,26406.0,142.25,140.05,141.5,141.8,3746.0
1989-04-25 00:00:00+00:00,23.0,26134.0,142.75,141.6,142.2,141.82,4028.0
1989-04-26 00:00:00+00:00,22.0,26082.0,143.2,140.0,143.0,140.62,3912.0
1989-04-27 00:00:00+00:00,21.0,26117.0,141.9,138.5,141.75,139.65,4765.0
1989-04-28 00:00:00+00:00,20.0,25602.0,137.75,134.4,137.5,134.7,8508.0
1989-05-01 00:00:00+00:00,79.0,25006.0,127.2,125.3,127.02,125.44,4823.0
1989-05-02 00:00:00+00:00,78.0,23783.0,128.1,125.85,126.05,126.2,5324.0
1989-05-03 00:00:00+00:00,77.0,23730.0,129.25,126.3,126.55,128.88,4693.0
1989-05-04 00:00:00+00:00,76.0,23746.0,129.3,128.05,129.15,128.42,2728.0
1989-05-05 00:00:00+00:00,75.0,23512.0,127.75,126.2,126.6,127.6,3499.0
1989-05-08 00:00:00+00:00,72.0,23361.0,129.5,128.3,128.87,129.22,2641.0
1989-05-09 00:00:00+00:00,71.0,22903.0,131.3,129.8,130.62,130.49,3555.0
1989-05-10 00:00:00+00:00,70.0,22554.0,130.8,128.05,130.55,128.41,4369.0
1989-05-11 00:00:00+00:00,69.0,22447.0,129.2,127.0,127.15,127.4,3704.0
1989-05-12 00:00:00+00:00,68.0,22607.0,130.2,127.35,127.72,129.71,2589.0
1989-05-15 00:00:00+00:00,65.0,22854.0,130.2,128.1,129.32,128.26,2174.0
1989-05-16 00:00:00+00:00,64.0,23192.0,131.75,128.75,128.92,131.55,4612.0
1989-05-17 00:00:00+00:00,63.0,22894.0,133.25,129.0,132.87,129.96,5857.0
1989-05-18 00:00:00+00:00,62.0,23040.0,133.9,130.3,130.5,133.77,5551.0
1989-05-19 00:00:00+00:00,61.0,23002.0,135.75,132.9,134.75,135.0,6495.0
1989-05-22 00:00:00+00:00,58.0,23624.0,136.15,133.85,134.25,135.35,5797.0
1989-05-23 00:00:00+00:00,57.0,24036.0,134.9,132.75,133.5,134.61,4306.0
1989-05-24 00:00:00+00:00,56.0,24153.0,135.1,132.25,134.15,132.3,4224.0
1989-05-25 00:00:00+00:00,55.0,24593.0,135.4,132.5,132.92,134.21,4072.0
1989-05-26 00:00:00+00:00,54.0,25046.0,135.7,133.51,135.5,134.78,4168.0
1989-05-29 00:00:00+00:00,54.0,25046.0,,,,134.78,
1989-05-30 00:00:00+00:00,50.0,25295.0,134.9,132.0,132.5,134.76,3584.0
1989-05-31 00:00:00+00:00,49.0,25172.0,134.45,129.4,134.32,130.68,6259.0
1989-06-01 00:00:00+00:00,48.0,25486.0,131.0,128.45,129.9,129.35,4912.0
1989-06-02 00:00:00+00:00,47.0,25693.0,131.4,129.6,131.2,130.36,4892.0
1989-06-05 00:00:00+00:00,44.0,25254.0,129.5,126.7,129.35,126.8,5509.0
1989-06-06 00:00:00+00:00,43.0,24739.0,129.25,126.4,126.55,128.56,5971.0
1989-06-07 00:00:00+00:00,42.0,25419.0,129.6,127.75,128.42,128.33,3799.0
1989-06-08 00:00:00+00:00,41.0,25098.0,130.42,129.0,129.12,129.62,3903.0
1989-06-09 00:00:00+00:00,40.0,24753.0,130.8,127.75,130.65,129.89,4247.0
1989-06-12 00:00:00+00:00,37.0,24435.0,128.0,124.05,127.95,124.84,7260.0
1989-06-13 00:00:00+00:00,36.0,23799.0,119.5,115.0,119.25,115.38,8923.0
1989-06-14 00:00:00+00:00,35.0,24730.0,118.0,112.2,112.7,117.43,9294.0
1989-06-15 00:00:00+00:00,34.0,24578.0,118.75,116.0,116.55,118.62,5590.0
1989-06-16 00:00:00+00:00,33.0,24803.0,122.0,117.0,121.5,117.49,4965.0
1989-06-19 00:00:00+00:00,30.0,24865.0,118.0,116.0,116.42,116.07,3571.0
1989-06-20 00:00:00+00:00,29.0,24281.0,117.0,115.0,116.12,117.0,4974.0
1989-06-21 00:00:00+00:00,28.0,24163.0,118.0,115.4,117.85,116.27,5724.0
1989-06-22 00:00:00+00:00,27.0,23976.0,119.0,117.0,117.37,118.99,3811.0
1989-06-23 00:00:00+00:00,26.0,24291.0,119.8,116.8,119.65,117.05,3241.0
1989-06-26 00:00:00+00:00,23.0,24239.0,115.0,110.5,114.5,111.0,1337.0
1989-06-27 00:00:00+00:00,22.0,24191.0,112.0,110.25,110.95,111.5,3142.0
1989-06-28 00:00:00+00:00,21.0,24724.0,115.5,111.0,112.37,114.38,5267.0
1989-06-29 00:00:00+00:00,20.0,25246.0,112.0,106.0,108.0,111.6,5589.0
1989-06-30 00:00:00+00:00,19.0,24996.0,115.75,112.3,113.25,113.7,5789.0
1989-07-03 00:00:00+00:00,78.0,25330.0,105.9,92.75,104.0,93.84,8903.0
1989-07-04 00:00:00+00:00,78.0,25330.0,,,,93.84,
1989-07-05 00:00:00+00:00,76.0,25651.0,98.5,92.0,92.0,97.82,5950.0
1989-07-06 00:00:00+00:00,75.0,25832.0,98.25,92.6,97.0,93.37,5819.0
1989-07-07 00:00:00+00:00,74.0,26504.0,91.25,88.5,88.5,89.68,5529.0
1989-07-10 00:00:00+00:00,71.0,26295.0,90.75,89.1,89.5,89.16,3925.0
1989-07-11 00:00:00+00:00,70.0,26136.0,91.0,87.9,89.25,89.14,4647.0
1989-07-12 00:00:00+00:00,69.0,25960.0,89.0,86.05,87.75,86.8,4570.0
1989-07-13 00:00:00+00:00,68.0,26255.0,88.85,86.7,88.5,87.44,3336.0
1989-07-14 00:00:00+00:00,67.0,26811.0,90.05,87.3,88.0,88.83,3082.0
1989-07-17 00:00:00+00:00,64.0,26611.0,90.3,87.1,87.9,87.77,3225.0
1989-07-18 00:00:00+00:00,63.0,26810.0,88.9,87.6,88.0,88.77,2059.0
1989-07-19 00:00:00+00:00,62.0,27064.0,89.4,88.0,88.25,88.64,2156.0
1989-07-20 00:00:00+00:00,61.0,27265.0,89.0,88.0,88.25,88.24,2596.0
1989-07-21 00:00:00+00:00,60.0,28160.0,88.85,85.8,88.5,86.34,4151.0
1989-07-24 00:00:00+00:00,57.0,28032.0,86.0,84.75,85.75,84.83,2694.0
1989-07-25 00:00:00+00:00,56.0,28333.0,84.8,83.5,83.75,84.75,3145.0
1989-07-26 00:00:00+00:00,55.0,28334.0,85.9,85.15,85.25,85.37,2196.0
1989-07-27 00:00:00+00:00,54.0,28847.0,86.7,83.1,85.8,83.44,3985.0
1989-07-28 00:00:00+00:00,53.0,29750.0,83.9,80.75,83.65,82.02,3263.0
1989-07-31 00:00:00+00:00,50.0,29707.0,82.4,78.9,82.0,78.99,3324.0
1989-08-01 00:00:00+00:00,49.0,30583.0,82.9,78.5,79.3,82.37,5762.0
1989-08-02 00:00:00+00:00,48.0,30638.0,82.8,79.75,81.55,80.95,3685.0
1989-08-03 00:00:00+00:00,47.0,30264.0,83.4,81.3,82.1,81.94,2865.0
1989-08-04 00:00:00+00:00,46.0,30590.0,83.0,79.75,82.05,81.61,4358.0
1989-08-07 00:00:00+00:00,43.0,30881.0,82.5,80.2,80.75,82.5,2552.0
1989-08-08 00:00:00+00:00,42.0,30834.0,83.7,82.3,83.0,83.03,3159.0
1989-08-09 00:00:00+00:00,41.0,31446.0,83.2,82.1,83.03,82.44,2407.0
1989-08-10 00:00:00+00:00,40.0,31525.0,81.9,79.55,81.05,79.97,749.0
1989-08-11 00:00:00+00:00,39.0,31021.0,79.25,76.4,79.0,76.84,3932.0
1989-08-14 00:00:00+00:00,36.0,31172.0,77.4,74.8,77.0,76.62,2689.0
1989-08-15 00:00:00+00:00,35.0,31292.0,78.4,77.0,77.0,77.76,1929.0
1989-08-16 00:00:00+00:00,34.0,31037.0,77.85,76.8,77.25,77.17,2149.0
1989-08-17 00:00:00+00:00,33.0,32049.0,78.75,76.9,78.25,77.05,2498.0
1989-08-18 00:00:00+00:00,32.0,33081.0,77.8,76.35,77.65,77.11,1811.0
1989-08-21 00:00:00+00:00,29.0,32288.0,79.0,76.75,76.75,79.0,1596.0
1989-08-22 00:00:00+00:00,28.0,31948.0,80.0,78.3,79.5,79.54,7085.0
1989-08-23 00:00:00+00:00,27.0,31350.0,83.5,80.1,80.1,83.22,3131.0
1989-08-24 00:00:00+00:00,26.0,31826.0,82.5,78.5,82.0,79.0,3291.0
1989-08-25 00:00:00+00:00,25.0,31601.0,80.1,78.2,78.9,79.06,1433.0
1989-08-28 00:00:00+00:00,22.0,31504.0,82.4,80.0,80.0,82.25,1465.0
1989-08-29 00:00:00+00:00,21.0,31321.0,85.5,82.6,83.0,85.38,2725.0
1989-08-30 00:00:00+00:00,20.0,31990.0,87.25,85.0,85.38,86.54,3413.0
1989-08-31 00:00:00+00:00,19.0,32210.0,87.54,85.0,85.95,86.5,2361.0
1989-09-01 00:00:00+00:00,108.0,32044.0,87.0,85.75,85.8,86.64,1480.0
1989-09-04 00:00:00+00:00,108.0,32044.0,,,,86.64,
1989-09-05 00:00:00+00:00,104.0,32283.0,87.9,83.0,87.25,83.45,2971.0
1989-09-06 00:00:00+00:00,103.0,31995.0,85.25,83.5,83.8,84.61,1649.0
1989-09-07 00:00:00+00:00,102.0,31728.0,86.25,84.25,84.25,85.88,1572.0
1989-09-08 00:00:00+00:00,101.0,31892.0,88.5,86.6,87.5,87.75,3430.0
1989-09-11 00:00:00+00:00,98.0,31879.0,88.2,86.5,87.1,86.65,1259.0
1989-09-12 00:00:00+00:00,97.0,31432.0,86.75,79.6,86.6,80.03,4035.0
1989-09-13 00:00:00+00:00,96.0,32319.0,81.6,79.6,80.2,79.9,3518.0
1989-09-14 00:00:00+00:00,95.0,32282.0,81.4,79.9,79.9,80.81,1808.0
1989-09-15 00:00:00+00:00,94.0,32084.0,81.25,80.25,80.4,80.66,831.0
1989-09-18 00:00:00+00:00,91.0,32324.0,80.8,78.3,80.1,79.37,2082.0
1989-09-19 00:00:00+00:00,90.0,32319.0,81.0,78.6,79.2,79.89,1898.0
1989-09-20 00:00:00+00:00,89.0,32725.0,82.9,79.8,81.0,82.74,2462.0
1989-09-21 00:00:00+00:00,88.0,32809.0,85.0,83.25,83.8,83.84,1507.0
1989-09-22 00:00:00+00:00,87.0,33163.0,84.0,79.75,84.0,80.65,2795.0
1989-09-25 00:00:00+00:00,84.0,32787.0,82.29,80.6,81.1,81.2,1193.0
1989-09-26 00:00:00+00:00,83.0,32598.0,82.75,81.5,81.5,81.91,1125.0
1989-09-27 00:00:00+00:00,82.0,33063.0,82.6,81.5,81.5,81.85,1243.0
1989-09-28 00:00:00+00:00,81.0,33127.0,83.2,80.5,80.9,83.0,1825.0
1989-09-29 00:00:00+00:00,80.0,32912.0,83.0,80.2,82.75,80.6,1976.0
1989-10-02 00:00:00+00:00,77.0,32984.0,81.4,80.0,80.5,80.53,1141.0
1989-10-03 00:00:00+00:00,76.0,33652.0,78.5,75.05,77.1,76.5,4004.0
1989-10-04 00:00:00+00:00,75.0,34401.0,74.9,73.01,74.0,73.03,4099.0
1989-10-05 00:00:00+00:00,74.0,34215.0,74.15,72.85,73.25,72.89,3050.0
1989-10-06 00:00:00+00:00,73.0,34793.0,72.75,70.28,71.9,70.39,3859.0
1989-10-09 00:00:00+00:00,70.0,34716.0,70.8,68.5,70.25,68.72,3147.0
1989-10-10 00:00:00+00:00,69.0,34584.0,70.9,69.0,69.5,69.51,2616.0
1989-10-11 00:00:00+00:00,68.0,35021.0,70.3,68.3,70.1,69.89,2880.0
1989-10-12 00:00:00+00:00,67.0,34995.0,72.2,70.25,70.25,70.95,2638.0
1989-10-13 00:00:00+00:00,66.0,34981.0,72.1,70.5,70.55,70.5,2073.0
1989-10-16 00:00:00+00:00,63.0,35314.0,70.65,69.01,69.65,70.42,1833.0
1989-10-17 00:00:00+00:00,62.0,35336.0,72.4,70.75,70.75,71.18,1838.0
1989-10-18 00:00:00+00:00,61.0,35382.0,72.3,71.31,71.5,71.81,1320.0
1989-10-19 00:00:00+00:00,60.0,35625.0,72.35,70.75,72.0,71.99,1898.0
1989-10-20 00:00:00+00:00,59.0,35651.0,73.0,72.05,72.7,72.87,1190.0
1989-10-23 00:00:00+00:00,56.0,35477.0,73.35,72.4,72.8,72.82,1656.0
1989-10-24 00:00:00+00:00,55.0,35433.0,73.75,72.55,73.25,73.6,1927.0
1989-10-25 00:00:00+00:00,54.0,35320.0,74.0,73.2,73.6,73.83,1842.0
1989-10-26 00:00:00+00:00,53.0,35577.0,73.49,71.6,72.8,72.58,3088.0
1989-10-27 00:00:00+00:00,52.0,35511.0,74.5,71.75,71.75,73.06,2636.0
1989-10-30 00:00:00+00:00,49.0,35752.0,75.9,71.5,75.25,74.35,4394.0
1989-10-31 00:00:00+00:00,48.0,35779.0,74.9,73.8,73.9,74.85,2460.0
1989-11-01 00:00:00+00:00,47.0,36177.0,74.8,72.5,74.5,72.54,2544.0
1989-11-02 00:00:00+00:00,46.0,35929.0,75.7,72.5,72.6,75.43,4329.0
1989-11-03 00:00:00+00:00,45.0,36529.0,75.49,73.6,74.6,75.06,3084.0
1989-11-06 00:00:00+00:00,42.0,35796.0,76.4,74.6,74.85,76.24,3132.0
1989-11-07 00:00:00+00:00,41.0,34804.0,76.75,75.2,76.1,75.73,2544.0
1989-11-08 00:00:00+00:00,40.0,34307.0,77.85,74.75,74.75,77.22,4715.0
1989-11-09 00:00:00+00:00,39.0,33438.0,77.3,76.3,77.22,76.95,2888.0
1989-11-10 00:00:00+00:00,38.0,33381.0,77.7,75.9,76.75,75.98,2703.0
1989-11-13 00:00:00+00:00,35.0,32309.0,78.4,75.6,76.4,75.6,3818.0
1989-11-14 00:00:00+00:00,34.0,32456.0,79.4,78.1,78.1,78.74,4862.0
1989-11-15 00:00:00+00:00,33.0,32683.0,79.1,75.51,78.75,76.26,4728.0
1989-11-16 00:00:00+00:00,32.0,31902.0,76.9,72.85,76.05,72.89,6606.0
1989-11-17 00:00:00+00:00,31.0,31561.0,73.4,71.5,73.19,71.75,7150.0
1989-11-20 00:00:00+00:00,28.0,30742.0,73.7,72.25,72.25,72.7,3339.0
1989-11-21 00:00:00+00:00,27.0,30538.0,73.75,72.2,72.75,72.7,3222.0
1989-11-22 00:00:00+00:00,26.0,30151.0,73.25,72.0,73.05,72.01,2857.0
1989-11-23 00:00:00+00:00,26.0,30151.0,,,,72.01,
1989-11-24 00:00:00+00:00,26.0,30151.0,,,,72.01,
1989-11-27 00:00:00+00:00,21.0,35814.0,72.7,71.7,71.7,72.39,2722.0
1989-11-28 00:00:00+00:00,20.0,30102.0,73.2,72.3,72.5,72.75,2480.0
1989-11-29 00:00:00+00:00,19.0,30582.0,73.95,72.9,72.9,73.25,3845.0
1989-11-30 00:00:00+00:00,18.0,30557.0,74.2,73.35,73.5,74.11,3134.0
1989-12-01 00:00:00+00:00,109.0,30476.0,78.2,77.55,77.75,77.83,3096.0
1989-12-04 00:00:00+00:00,106.0,30237.0,77.9,75.5,77.62,75.62,4406.0
1989-12-05 00:00:00+00:00,105.0,30667.0,77.5,75.2,75.35,76.71,4431.0
1989-12-06 00:00:00+00:00,104.0,30769.0,77.3,76.4,76.5,76.91,2488.0
1989-12-07 00:00:00+00:00,103.0,31016.0,77.3,76.1,76.9,76.76,1945.0
1989-12-08 00:00:00+00:00,102.0,31571.0,78.8,76.4,76.82,78.46,4603.0
1989-12-11 00:00:00+00:00,99.0,31733.0,79.4,78.6,79.15,78.87,3280.0
1989-12-12 00:00:00+00:00,98.0,31887.0,78.6,76.75,78.37,77.56,4726.0
1989-12-13 00:00:00+00:00,97.0,31629.0,78.6,77.1,77.2,77.95,2780.0
1989-12-14 00:00:00+00:00,96.0,31613.0,78.9,77.9,78.25,77.95,2791.0
1989-12-15 00:00:00+00:00,95.0,31831.0,78.8,77.55,77.77,78.62,2888.0
1989-12-18 00:00:00+00:00,92.0,31565.0,78.4,76.25,78.27,76.5,4917.0
1989-12-19 00:00:00+00:00,91.0,31857.0,77.7,76.3,76.47,76.47,3321.0
1989-12-20 00:00:00+00:00,90.0,31892.0,78.25,76.8,77.15,78.14,3648.0
1989-12-21 00:00:00+00:00,89.0,31764.0,78.5,77.5,78.45,77.9,4313.0
1989-12-22 00:00:00+00:00,88.0,31877.0,78.5,77.6,77.92,78.49,1267.0
1989-12-25 00:00:00+00:00,88.0,31877.0,,,,78.49,
1989-12-26 00:00:00+00:00,84.0,33554.0,82.8,79.0,79.3,82.67,9424.0
1989-12-27 00:00:00+00:00,83.0,35105.0,83.1,80.15,82.12,80.32,9242.0
1989-12-28 00:00:00+00:00,82.0,35389.0,80.95,79.1,80.3,79.76,4706.0
1989-12-29 00:00:00+00:00,81.0,35378.0,80.2,79.35,79.67,79.57,2853.0
1990-01-01 00:00:00+00:00,81.0,35378.0,,,,79.57,
1990-01-02 00:00:00+00:00,77.0,35547.0,81.2,79.15,79.66,80.56,2652.0
1990-01-03 00:00:00+00:00,76.0,35973.0,82.25,80.8,81.12,81.75,5412.0
1990-01-04 00:00:00+00:00,75.0,36368.0,82.6,81.75,81.87,82.48,4652.0
1990-01-05 00:00:00+00:00,74.0,36762.0,83.7,80.0,82.8,81.16,9627.0
1990-01-08 00:00:00+00:00,71.0,36874.0,81.9,80.8,81.4,81.38,3376.0
1990-01-09 00:00:00+00:00,70.0,37941.0,83.0,80.4,80.57,82.84,7037.0
1990-01-10 00:00:00+00:00,69.0,37925.0,83.5,81.5,82.92,82.57,9253.0
1990-01-11 00:00:00+00:00,68.0,38813.0,81.95,80.75,81.55,81.6,8462.0
1990-01-12 00:00:00+00:00,67.0,38117.0,81.0,78.7,80.75,79.04,8668.0
1990-01-15 00:00:00+00:00,64.0,37800.0,79.8,77.5,78.52,77.56,9466.0
1990-01-16 00:00:00+00:00,63.0,37839.0,78.25,76.6,77.85,77.55,7649.0
1990-01-17 00:00:00+00:00,62.0,36905.0,79.4,77.6,78.17,78.76,5169.0
1990-01-18 00:00:00+00:00,61.0,37218.0,79.45,78.3,78.77,79.37,4908.0
1990-01-19 00:00:00+00:00,60.0,37741.0,81.45,79.25,79.45,81.31,7433.0
1990-01-22 00:00:00+00:00,57.0,37001.0,82.0,80.75,81.2,81.49,5210.0
1990-01-23 00:00:00+00:00,56.0,37324.0,81.5,80.0,81.37,80.06,4903.0
1990-01-24 00:00:00+00:00,55.0,37477.0,81.35,79.55,79.75,80.53,4788.0
1990-01-25 00:00:00+00:00,54.0,37869.0,82.05,80.6,81.97,81.31,3846.0
1990-01-26 00:00:00+00:00,53.0,37710.0,81.95,80.8,81.32,81.92,4345.0
1990-01-29 00:00:00+00:00,50.0,37556.0,82.2,80.7,81.92,80.8,5330.0
1990-01-30 00:00:00+00:00,49.0,37628.0,80.75,79.9,80.1,80.37,3954.0
1990-01-31 00:00:00+00:00,48.0,37368.0,81.0,79.75,79.77,79.99,4140.0
1990-02-01 00:00:00+00:00,47.0,37457.0,80.75,79.8,79.85,80.64,3610.0
1990-02-02 00:00:00+00:00,46.0,37944.0,81.6,80.2,81.5,80.38,5802.0
1990-02-05 00:00:00+00:00,43.0,38208.0,80.75,79.6,80.07,80.04,5028.0
1990-02-06 00:00:00+00:00,42.0,38893.0,80.2,79.65,79.87,80.04,5624.0
1990-02-07 00:00:00+00:00,41.0,39099.0,81.8,80.05,80.32,81.66,7882.0
1990-02-08 00:00:00+00:00,40.0,39581.0,82.5,81.5,81.82,82.09,9122.0
1990-02-09 00:00:00+00:00,39.0,43215.0,85.4,82.25,82.55,85.06,16595.0
1990-02-12 00:00:00+00:00,36.0,45858.0,88.0,84.85,84.92,86.27,13805.0
1990-02-13 00:00:00+00:00,35.0,45208.0,87.5,85.3,86.4,86.55,12318.0
1990-02-14 00:00:00+00:00,34.0,46903.0,89.5,85.6,88.05,85.81,15726.0
1990-02-15 00:00:00+00:00,33.0,46758.0,87.25,84.6,86.87,84.98,10924.0
1990-02-16 00:00:00+00:00,32.0,46897.0,86.9,84.6,84.8,85.81,11112.0
1990-02-19 00:00:00+00:00,32.0,46897.0,,,,85.81,
1990-02-20 00:00:00+00:00,28.0,46359.0,87.75,86.5,86.52,86.91,7943.0
1990-02-21 00:00:00+00:00,27.0,45311.0,89.9,86.5,87.25,89.64,9560.0
1990-02-22 00:00:00+00:00,26.0,46021.0,91.4,88.6,90.3,91.16,10077.0
1990-02-23 00:00:00+00:00,25.0,45556.0,92.45,91.0,91.75,91.55,11416.0
1990-02-26 00:00:00+00:00,22.0,45149.0,92.5,90.15,90.45,91.42,2387.0
1990-02-27 00:00:00+00:00,21.0,45124.0,91.35,90.0,91.12,90.04,6817.0
1990-02-28 00:00:00+00:00,20.0,45950.0,93.0,90.1,90.25,92.81,8340.0
1990-03-01 00:00:00+00:00,78.0,46680.0,97.5,94.0,94.5,96.49,11198.0
1990-03-02 00:00:00+00:00,77.0,47201.0,99.5,97.1,97.37,99.48,11548.0
1990-03-05 00:00:00+00:00,74.0,47566.0,104.95,99.6,99.92,104.24,12371.0
1990-03-06 00:00:00+00:00,73.0,46692.0,105.5,100.0,103.85,101.34,14804.0
1990-03-07 00:00:00+00:00,72.0,45740.0,104.35,101.35,102.67,102.58,9550.0
1990-03-08 00:00:00+00:00,71.0,46260.0,104.75,102.1,103.42,102.17,8980.0
1990-03-09 00:00:00+00:00,70.0,47661.0,100.9,95.75,99.62,95.85,14088.0
1990-03-12 00:00:00+00:00,67.0,47567.0,97.25,92.35,95.8,94.87,15491.0
1990-03-13 00:00:00+00:00,66.0,46624.0,98.5,95.5,95.95,97.86,9591.0
1990-03-14 00:00:00+00:00,65.0,45610.0,99.5,94.0,99.25,94.03,11822.0
1990-03-15 00:00:00+00:00,64.0,45502.0,96.75,93.0,93.25,96.38,8544.0
1990-03-16 00:00:00+00:00,63.0,45559.0,96.0,89.5,93.25,90.4,15809.0
1990-03-19 00:00:00+00:00,60.0,45678.0,90.25,87.3,88.1,87.73,13354.0
1990-03-20 00:00:00+00:00,59.0,44968.0,92.2,89.2,89.6,91.21,10918.0
1990-03-21 00:00:00+00:00,58.0,44997.0,91.8,89.5,90.65,90.06,7586.0
1990-03-22 00:00:00+00:00,57.0,45086.0,93.3,89.5,89.62,92.61,8352.0
1990-03-23 00:00:00+00:00,56.0,45401.0,94.3,89.1,93.75,89.3,11181.0
1990-03-26 00:00:00+00:00,53.0,49095.0,91.75,88.8,89.27,91.04,5922.0
1990-03-27 00:00:00+00:00,52.0,46816.0,92.4,89.25,92.1,90.03,6106.0
1990-03-28 00:00:00+00:00,51.0,45778.0,92.4,89.75,89.95,90.8,5666.0
1990-03-29 00:00:00+00:00,50.0,46165.0,91.8,89.9,91.75,91.4,4155.0
1990-03-30 00:00:00+00:00,49.0,46528.0,92.4,91.15,91.62,92.14,4192.0
1990-04-02 00:00:00+00:00,46.0,46303.0,92.85,91.3,92.62,91.45,3555.0
1990-04-03 00:00:00+00:00,45.0,46254.0,92.25,90.6,90.92,92.03,3581.0
1990-04-04 00:00:00+00:00,44.0,46640.0,95.0,92.55,92.62,94.99,9093.0
1990-04-05 00:00:00+00:00,43.0,47699.0,98.5,96.0,96.15,96.75,12343.0
1990-04-06 00:00:00+00:00,42.0,46997.0,97.4,95.05,96.02,95.67,7673.0
1990-04-09 00:00:00+00:00,39.0,46472.0,97.5,95.4,95.62,97.13,6773.0
1990-04-10 00:00:00+00:00,38.0,46582.0,99.8,97.7,98.6,97.77,9653.0
1990-04-11 00:00:00+00:00,37.0,45028.0,98.85,94.75,97.85,95.17,10552.0
1990-04-12 00:00:00+00:00,36.0,44623.0,96.4,94.3,95.3,95.75,6404.0
1990-04-13 00:00:00+00:00,36.0,44623.0,,,,95.75,
1990-04-16 00:00:00+00:00,32.0,44884.0,97.4,95.7,95.72,96.85,3900.0
1990-04-17 00:00:00+00:00,31.0,45007.0,96.9,95.5,96.27,95.98,5910.0
1990-04-18 00:00:00+00:00,30.0,43865.0,95.2,92.9,94.62,92.99,12308.0
1990-04-19 00:00:00+00:00,29.0,43804.0,93.9,92.5,92.7,93.17,13033.0
1990-04-20 00:00:00+00:00,28.0,42524.0,97.4,94.0,94.05,95.61,8380.0
1990-04-23 00:00:00+00:00,25.0,39918.0,97.1,96.0,96.25,96.06,3833.0
1990-04-24 00:00:00+00:00,24.0,40633.0,96.75,95.15,96.75,95.61,4646.0
1990-04-25 00:00:00+00:00,23.0,40300.0,95.1,92.7,95.05,93.1,8365.0
1990-04-26 00:00:00+00:00,22.0,40511.0,94.0,92.35,92.6,92.74,7345.0
1990-04-27 00:00:00+00:00,21.0,40267.0,93.25,92.0,93.15,92.3,3260.0
1990-04-30 00:00:00+00:00,18.0,40324.0,92.8,91.6,91.67,92.25,4074.0
1990-05-01 00:00:00+00:00,79.0,40265.0,94.8,92.5,93.4,92.82,3935.0
1990-05-02 00:00:00+00:00,78.0,40235.0,92.85,91.75,91.75,92.34,4949.0
1990-05-03 00:00:00+00:00,77.0,40823.0,94.0,92.2,92.87,92.54,5776.0
1990-05-04 00:00:00+00:00,76.0,41285.0,93.5,91.75,92.9,92.43,4414.0
1990-05-07 00:00:00+00:00,73.0,41179.0,93.1,91.85,92.45,92.27,2409.0
1990-05-08 00:00:00+00:00,72.0,41556.0,93.7,92.4,92.57,93.61,4086.0
1990-05-09 00:00:00+00:00,71.0,41828.0,94.75,93.85,94.62,94.29,3491.0
1990-05-10 00:00:00+00:00,70.0,42114.0,94.45,92.8,94.1,93.17,4184.0
1990-05-11 00:00:00+00:00,69.0,42671.0,92.5,90.3,92.17,91.41,9899.0
1990-05-14 00:00:00+00:00,66.0,42453.0,91.7,90.05,90.35,90.93,4508.0
1990-05-15 00:00:00+00:00,65.0,42392.0,93.25,91.3,91.45,93.23,5529.0
1990-05-16 00:00:00+00:00,64.0,42328.0,96.2,93.3,94.72,95.23,10973.0
1990-05-17 00:00:00+00:00,63.0,41987.0,96.1,94.3,94.87,94.83,6763.0
1990-05-18 00:00:00+00:00,62.0,42202.0,96.45,93.8,94.02,95.81,8391.0
1990-05-21 00:00:00+00:00,59.0,42118.0,97.6,96.15,96.27,96.77,5989.0
1990-05-22 00:00:00+00:00,58.0,41943.0,97.3,95.8,97.12,97.25,5491.0
1990-05-23 00:00:00+00:00,57.0,41776.0,98.2,96.25,97.4,96.35,6331.0
1990-05-24 00:00:00+00:00,56.0,41825.0,97.6,95.8,95.95,97.3,3284.0
1990-05-25 00:00:00+00:00,55.0,42008.0,98.3,96.6,97.87,97.2,5061.0
1990-05-28 00:00:00+00:00,55.0,42008.0,,,,97.2,
1990-05-29 00:00:00+00:00,51.0,41855.0,97.3,94.75,97.1,95.15,6224.0
1990-05-30 00:00:00+00:00,50.0,41941.0,96.7,94.8,94.9,96.1,5908.0
1990-05-31 00:00:00+00:00,49.0,41853.0,96.3,93.4,95.95,94.05,10542.0
1990-06-01 00:00:00+00:00,48.0,41347.0,94.9,93.05,93.62,93.1,7480.0
1990-06-04 00:00:00+00:00,45.0,41048.0,93.65,92.6,93.15,92.9,3016.0
1990-06-05 00:00:00+00:00,44.0,41587.0,95.15,92.55,92.65,94.65,6292.0
1990-06-06 00:00:00+00:00,43.0,41711.0,95.2,93.5,95.15,93.95,4703.0
1990-06-07 00:00:00+00:00,42.0,41658.0,95.4,93.3,93.4,94.75,5956.0
1990-06-08 00:00:00+00:00,41.0,41354.0,94.8,92.95,94.25,93.05,6613.0
1990-06-11 00:00:00+00:00,38.0,40629.0,93.3,91.6,93.17,92.05,6034.0
1990-06-12 00:00:00+00:00,37.0,40544.0,92.5,91.3,91.4,92.1,8086.0
1990-06-13 00:00:00+00:00,36.0,40722.0,92.8,91.75,92.35,91.75,5252.0
1990-06-14 00:00:00+00:00,35.0,42184.0,91.2,86.65,90.9,87.1,16072.0
1990-06-15 00:00:00+00:00,34.0,41991.0,88.85,86.7,86.85,88.0,9545.0
1990-06-18 00:00:00+00:00,31.0,41676.0,88.95,87.4,87.45,88.7,5956.0
1990-06-19 00:00:00+00:00,30.0,39343.0,89.25,88.2,88.52,88.4,8750.0
1990-06-20 00:00:00+00:00,29.0,39528.0,87.75,85.5,87.62,85.85,12253.0
1990-06-21 00:00:00+00:00,28.0,39055.0,87.6,85.85,85.92,86.65,7573.0
1990-06-22 00:00:00+00:00,27.0,38929.0,86.8,84.5,85.9,85.65,7410.0
1990-06-25 00:00:00+00:00,24.0,38505.0,86.2,85.5,85.82,85.75,2694.0
1990-06-26 00:00:00+00:00,23.0,39088.0,85.25,84.0,85.25,84.8,6363.0
1990-06-27 00:00:00+00:00,22.0,39680.0,86.7,84.25,84.37,85.7,5289.0
1990-06-28 00:00:00+00:00,21.0,39530.0,86.4,84.4,86.4,85.0,5594.0
1990-06-29 00:00:00+00:00,20.0,39655.0,84.4,82.7,84.35,82.9,6392.0
1990-07-02 00:00:00+00:00,77.0,39839.0,87.8,84.8,85.2,86.85,5225.0
1990-07-03 00:00:00+00:00,76.0,39837.0,88.7,87.25,88.07,88.5,5481.0
1990-07-04 00:00:00+00:00,76.0,39837.0,,,,88.5,
1990-07-05 00:00:00+00:00,74.0,39897.0,92.0,88.2,91.75,88.6,8322.0
1990-07-06 00:00:00+00:00,73.0,39472.0,88.4,86.5,88.02,87.5,4580.0
1990-07-09 00:00:00+00:00,70.0,39352.0,87.4,86.3,86.75,86.85,3054.0
1990-07-10 00:00:00+00:00,69.0,39101.0,88.6,87.05,87.05,88.5,5417.0
1990-07-11 00:00:00+00:00,68.0,38881.0,89.6,86.9,89.0,88.0,6263.0
1990-07-12 00:00:00+00:00,67.0,38887.0,88.65,85.5,87.5,85.95,7272.0
1990-07-13 00:00:00+00:00,66.0,38655.0,86.25,84.5,85.2,85.15,6098.0
1990-07-16 00:00:00+00:00,63.0,39005.0,86.95,85.5,85.5,86.25,3665.0
1990-07-17 00:00:00+00:00,62.0,38751.0,87.15,86.0,86.5,86.25,4986.0
1990-07-18 00:00:00+00:00,61.0,39616.0,88.9,86.6,87.3,87.95,6867.0
1990-07-19 00:00:00+00:00,60.0,39656.0,89.2,87.5,89.0,88.85,6473.0
1990-07-20 00:00:00+00:00,59.0,39812.0,88.75,86.6,88.5,86.9,4289.0
1990-07-23 00:00:00+00:00,56.0,40239.0,87.4,86.3,86.75,87.15,2546.0
1990-07-24 00:00:00+00:00,55.0,40749.0,88.0,86.8,87.6,87.95,4016.0
1990-07-25 00:00:00+00:00,54.0,40949.0,88.95,87.6,87.8,88.8,5699.0
1990-07-26 00:00:00+00:00,53.0,41450.0,90.9,88.6,88.6,90.85,10744.0
1990-07-27 00:00:00+00:00,52.0,40385.0,91.9,89.95,90.8,91.75,7723.0
1990-07-30 00:00:00+00:00,49.0,40769.0,92.85,89.85,92.25,90.5,7858.0
1990-07-31 00:00:00+00:00,48.0,41542.0,93.8,90.5,90.5,93.8,10749.0
1990-08-01 00:00:00+00:00,47.0,41579.0,94.65,92.65,93.75,93.25,9391.0
1990-08-02 00:00:00+00:00,46.0,41554.0,93.0,91.0,91.0,92.1,5880.0
1990-08-03 00:00:00+00:00,45.0,40920.0,92.15,90.65,91.85,90.75,6218.0
1990-08-06 00:00:00+00:00,42.0,41414.0,92.65,90.15,90.45,92.35,6315.0
1990-08-07 00:00:00+00:00,41.0,41351.0,93.6,92.0,92.6,92.6,6207.0
1990-08-08 00:00:00+00:00,40.0,41545.0,93.0,91.8,91.9,91.85,4177.0
1990-08-09 00:00:00+00:00,39.0,41517.0,93.7,91.4,91.8,93.1,7324.0
1990-08-10 00:00:00+00:00,38.0,41407.0,94.0,92.7,93.8,93.5,5178.0
1990-08-13 00:00:00+00:00,35.0,41468.0,95.2,92.8,93.25,95.1,896.0
1990-08-14 00:00:00+00:00,34.0,42412.0,97.0,94.5,95.3,94.65,10644.0
1990-08-15 00:00:00+00:00,33.0,41306.0,95.9,93.7,94.35,95.7,8166.0
1990-08-16 00:00:00+00:00,32.0,41557.0,96.55,93.8,96.0,94.3,8866.0
1990-08-17 00:00:00+00:00,31.0,41407.0,95.1,93.8,94.8,94.5,5625.0
1990-08-20 00:00:00+00:00,28.0,41146.0,95.85,92.85,94.75,92.85,10748.0
1990-08-21 00:00:00+00:00,27.0,40031.0,94.35,92.3,92.6,93.05,9636.0
1990-08-22 00:00:00+00:00,26.0,40021.0,95.5,93.8,94.2,95.15,11774.0
1990-08-23 00:00:00+00:00,25.0,40859.0,98.6,96.0,96.0,98.55,10375.0
1990-08-24 00:00:00+00:00,24.0,41664.0,100.0,98.3,98.6,100.0,7774.0
1990-08-27 00:00:00+00:00,21.0,41658.0,101.75,98.1,101.2,98.35,7942.0
1990-08-28 00:00:00+00:00,20.0,41617.0,99.0,97.5,98.25,98.4,5625.0
1990-08-29 00:00:00+00:00,19.0,41174.0,98.8,97.5,98.0,97.8,4869.0
1990-08-30 00:00:00+00:00,18.0,41393.0,100.3,97.0,97.0,100.4,7133.0
1990-08-31 00:00:00+00:00,17.0,41253.0,100.25,98.75,100.25,99.65,4665.0
1990-09-03 00:00:00+00:00,17.0,41253.0,,,,99.65,
1990-09-04 00:00:00+00:00,101.0,41598.0,102.35,101.1,102.35,101.2,4330.0
1990-09-05 00:00:00+00:00,100.0,42304.0,103.9,100.1,101.25,103.7,14476.0
1990-09-06 00:00:00+00:00,99.0,42645.0,104.6,101.65,104.0,102.25,6979.0
1990-09-07 00:00:00+00:00,98.0,41184.0,102.6,98.0,101.75,98.25,11293.0
1990-09-10 00:00:00+00:00,95.0,40300.0,98.4,96.65,98.25,98.05,8987.0
1990-09-11 00:00:00+00:00,94.0,40125.0,99.3,98.1,98.6,98.65,5113.0
1990-09-12 00:00:00+00:00,93.0,39945.0,98.85,96.6,98.4,97.1,6898.0
1990-09-13 00:00:00+00:00,92.0,40014.0,96.9,95.05,96.5,95.1,8782.0
1990-09-14 00:00:00+00:00,91.0,39866.0,97.1,95.0,95.0,95.8,6118.0
1990-09-17 00:00:00+00:00,88.0,38801.0,97.15,95.85,96.0,96.5,3037.0
1990-09-18 00:00:00+00:00,87.0,38482.0,97.25,95.6,96.5,95.65,5382.0
1990-09-19 00:00:00+00:00,86.0,38397.0,97.9,95.7,95.75,97.1,5010.0
1990-09-20 00:00:00+00:00,85.0,38106.0,97.6,96.1,97.25,96.6,4007.0
1990-09-21 00:00:00+00:00,84.0,37899.0,97.8,96.45,96.6,97.5,3996.0
1990-09-24 00:00:00+00:00,81.0,37279.0,96.4,93.8,95.65,94.0,10459.0
1990-09-25 00:00:00+00:00,80.0,37071.0,95.35,93.8,94.25,94.65,4673.0
1990-09-26 00:00:00+00:00,79.0,36844.0,95.3,94.1,94.7,94.35,2872.0
1990-09-27 00:00:00+00:00,78.0,36892.0,95.5,94.0,94.05,94.5,4559.0
1990-09-28 00:00:00+00:00,77.0,38197.0,94.75,92.75,94.6,93.0,8733.0
1990-10-01 00:00:00+00:00,74.0,38856.0,93.5,92.0,92.75,92.4,6313.0
1990-10-02 00:00:00+00:00,73.0,38973.0,93.8,92.55,92.75,93.5,3936.0
1990-10-03 00:00:00+00:00,72.0,38186.0,94.45,93.7,93.7,94.1,4614.0
1990-10-04 00:00:00+00:00,71.0,38657.0,94.85,92.5,94.6,93.15,5698.0
1990-10-05 00:00:00+00:00,70.0,38635.0,93.95,92.4,93.75,92.9,4347.0
1990-10-08 00:00:00+00:00,67.0,38825.0,94.2,92.7,93.2,93.7,3554.0
1990-10-09 00:00:00+00:00,66.0,38737.0,94.5,93.35,94.15,93.45,3641.0
1990-10-10 00:00:00+00:00,65.0,39030.0,93.35,91.0,93.25,91.25,6493.0
1990-10-11 00:00:00+00:00,64.0,38965.0,91.75,90.55,91.3,91.55,5425.0
1990-10-12 00:00:00+00:00,63.0,38921.0,93.3,91.75,91.75,92.5,4481.0
1990-10-15 00:00:00+00:00,60.0,38862.0,93.1,92.25,92.25,92.8,2206.0
1990-10-16 00:00:00+00:00,59.0,39126.0,93.45,91.4,92.95,91.85,5617.0
1990-10-17 00:00:00+00:00,58.0,39162.0,93.7,91.75,91.75,93.0,5752.0
1990-10-18 00:00:00+00:00,57.0,39615.0,93.35,92.0,93.1,92.6,4783.0
1990-10-19 00:00:00+00:00,56.0,40288.0,92.95,90.9,92.85,91.55,6713.0
1990-10-22 00:00:00+00:00,53.0,40920.0,93.4,91.0,91.0,93.0,6364.0
1990-10-23 00:00:00+00:00,52.0,40466.0,93.6,91.5,93.2,91.8,7104.0
1990-10-24 00:00:00+00:00,51.0,40330.0,92.7,91.65,92.25,92.0,2836.0
1990-10-25 00:00:00+00:00,50.0,40261.0,92.5,91.25,92.25,91.3,2772.0
1990-10-26 00:00:00+00:00,49.0,40438.0,92.1,90.4,90.8,91.6,5670.0
1990-10-29 00:00:00+00:00,46.0,40590.0,92.55,90.8,91.8,92.5,4332.0
1990-10-30 00:00:00+00:00,45.0,40619.0,92.75,91.85,92.5,92.35,4264.0
1990-10-31 00:00:00+00:00,44.0,40587.0,92.5,90.4,92.35,90.5,6628.0
1990-11-01 00:00:00+00:00,43.0,40735.0,89.95,88.75,89.5,88.85,10472.0
1990-11-02 00:00:00+00:00,42.0,41258.0,89.5,88.5,89.0,88.7,12548.0
1990-11-05 00:00:00+00:00,39.0,42512.0,89.0,85.9,88.8,86.0,7594.0
1990-11-06 00:00:00+00:00,38.0,43567.0,86.7,85.35,86.2,85.85,9244.0
1990-11-07 00:00:00+00:00,37.0,44106.0,87.25,85.4,86.1,85.85,8603.0
1990-11-08 00:00:00+00:00,36.0,43661.0,86.95,85.35,85.65,86.7,5429.0
1990-11-09 00:00:00+00:00,35.0,44811.0,87.4,83.8,86.8,84.3,8845.0
1990-11-12 00:00:00+00:00,32.0,45603.0,84.7,83.5,84.6,84.4,7230.0
1990-11-13 00:00:00+00:00,31.0,45507.0,84.8,83.0,84.6,84.1,7715.0
1990-11-14 00:00:00+00:00,30.0,45198.0,84.85,83.7,84.5,84.3,9201.0
1990-11-15 00:00:00+00:00,29.0,44816.0,84.2,81.75,84.0,81.75,8947.0
1990-11-16 00:00:00+00:00,28.0,45747.0,82.25,80.5,81.25,81.35,12828.0
1990-11-19 00:00:00+00:00,25.0,45935.0,84.5,80.8,80.9,84.45,15465.0
1990-11-20 00:00:00+00:00,24.0,44206.0,84.75,82.05,84.62,82.7,8298.0
1990-11-21 00:00:00+00:00,23.0,43893.0,83.6,82.1,82.9,82.15,4906.0
1990-11-22 00:00:00+00:00,23.0,43893.0,,,,82.15,
1990-11-23 00:00:00+00:00,23.0,43893.0,,,,82.15,
1990-11-26 00:00:00+00:00,18.0,42509.0,85.3,81.7,82.12,85.3,6822.0
1990-11-27 00:00:00+00:00,17.0,42475.0,86.0,83.5,85.9,84.95,7183.0
1990-11-28 00:00:00+00:00,16.0,41891.0,84.8,83.35,83.62,84.8,3577.0
1990-11-29 00:00:00+00:00,15.0,42188.0,86.75,84.3,84.4,85.3,8853.0
1990-11-30 00:00:00+00:00,14.0,43339.0,86.0,83.6,84.0,84.0,6936.0
1990-12-03 00:00:00+00:00,105.0,43697.0,88.7,86.9,87.1,87.35,5884.0
1990-12-04 00:00:00+00:00,104.0,43275.0,91.6,87.5,88.25,90.95,11709.0
1990-12-05 00:00:00+00:00,103.0,41513.0,92.25,90.45,91.1,91.35,8872.0
1990-12-06 00:00:00+00:00,102.0,40295.0,93.45,90.7,90.85,93.2,10181.0
1990-12-07 00:00:00+00:00,101.0,40509.0,93.4,91.5,92.75,92.2,7340.0
1990-12-10 00:00:00+00:00,98.0,40219.0,92.2,91.3,91.8,91.6,3102.0
1990-12-11 00:00:00+00:00,97.0,41062.0,94.0,91.85,92.0,93.7,7217.0
1990-12-12 00:00:00+00:00,96.0,40973.0,94.2,92.4,93.25,94.0,7851.0
1990-12-13 00:00:00+00:00,95.0,40809.0,95.8,93.5,93.5,95.5,8947.0
1990-12-14 00:00:00+00:00,94.0,42001.0,95.55,94.15,94.9,94.35,5876.0
1990-12-17 00:00:00+00:00,91.0,41853.0,94.15,93.05,93.7,93.1,3671.0
1990-12-18 00:00:00+00:00,90.0,41489.0,93.25,92.15,93.15,92.45,4546.0
1990-12-19 00:00:00+00:00,89.0,41397.0,93.9,91.5,92.1,91.6,7295.0
1990-12-20 00:00:00+00:00,88.0,42101.0,92.0,90.3,91.1,90.75,6630.0
1990-12-21 00:00:00+00:00,87.0,42069.0,91.2,88.65,90.5,89.1,1348.0
1990-12-24 00:00:00+00:00,84.0,41599.0,91.2,88.65,90.5,89.1,6102.0
1990-12-25 00:00:00+00:00,84.0,41599.0,,,,89.1,
1990-12-26 00:00:00+00:00,82.0,40775.0,89.85,87.15,89.5,87.4,6153.0
1990-12-27 00:00:00+00:00,81.0,40777.0,88.8,87.5,88.0,87.95,6019.0
1990-12-28 00:00:00+00:00,80.0,40238.0,88.95,87.25,87.25,88.65,2430.0
1990-12-31 00:00:00+00:00,80.0,40238.0,,,,88.65,
1991-01-01 00:00:00+00:00,80.0,40238.0,,,,88.65,
1991-01-02 00:00:00+00:00,75.0,40888.0,89.1,87.3,89.1,88.05,4025.0
1991-01-03 00:00:00+00:00,74.0,41086.0,90.1,87.75,87.8,89.25,6437.0
1991-01-04 00:00:00+00:00,73.0,41000.0,89.3,88.4,88.7,88.9,2066.0
1991-01-07 00:00:00+00:00,70.0,41058.0,91.1,88.55,88.55,90.4,6979.0
1991-01-08 00:00:00+00:00,69.0,41222.0,90.8,89.5,90.5,90.45,5172.0
1991-01-09 00:00:00+00:00,68.0,41070.0,91.3,89.8,91.0,90.15,5966.0
1991-01-10 00:00:00+00:00,67.0,41156.0,90.75,89.1,90.1,89.95,5593.0
1991-01-11 00:00:00+00:00,66.0,41962.0,89.7,87.75,89.15,87.8,8582.0
1991-01-14 00:00:00+00:00,63.0,41281.0,87.2,86.25,86.25,86.55,9824.0
1991-01-15 00:00:00+00:00,62.0,42235.0,86.8,85.3,86.25,86.1,9394.0
1991-01-16 00:00:00+00:00,61.0,42648.0,87.2,85.4,85.7,86.95,6068.0
1991-01-17 00:00:00+00:00,60.0,42072.0,88.1,86.75,87.1,88.0,4835.0
1991-01-18 00:00:00+00:00,59.0,42526.0,88.4,87.5,88.0,87.75,3979.0
1991-01-21 00:00:00+00:00,56.0,42760.0,87.4,86.5,86.8,87.2,2897.0
1991-01-22 00:00:00+00:00,55.0,42589.0,88.2,86.65,87.5,86.7,5584.0
1991-01-23 00:00:00+00:00,54.0,42225.0,86.85,85.8,86.3,86.4,4257.0
1991-01-24 00:00:00+00:00,53.0,42288.0,87.4,86.15,86.15,86.75,3944.0
1991-01-25 00:00:00+00:00,52.0,41815.0,86.85,85.3,86.25,85.95,7075.0
1991-01-28 00:00:00+00:00,49.0,44713.0,85.45,82.7,84.9,82.8,12633.0
1991-01-29 00:00:00+00:00,48.0,44412.0,83.45,82.55,82.8,83.15,7237.0
1991-01-30 00:00:00+00:00,47.0,44684.0,83.9,82.2,83.65,82.95,9465.0
1991-01-31 00:00:00+00:00,46.0,45355.0,83.45,82.3,83.0,83.0,6652.0
1991-02-01 00:00:00+00:00,45.0,47125.0,84.0,82.25,83.5,82.3,11147.0
1991-02-04 00:00:00+00:00,42.0,46289.0,84.0,81.75,82.0,83.4,7521.0
1991-02-05 00:00:00+00:00,41.0,46711.0,84.45,83.4,83.9,84.35,6761.0
1991-02-06 00:00:00+00:00,40.0,46557.0,85.25,83.25,84.3,83.5,9150.0
1991-02-07 00:00:00+00:00,39.0,46835.0,84.0,83.1,83.65,83.95,3788.0
1991-02-08 00:00:00+00:00,38.0,45696.0,87.4,83.9,83.9,87.25,13415.0
1991-02-11 00:00:00+00:00,35.0,42214.0,89.0,86.85,86.85,88.35,16561.0
1991-02-12 00:00:00+00:00,34.0,41092.0,88.0,86.5,87.85,87.2,9269.0
1991-02-13 00:00:00+00:00,33.0,41584.0,91.7,88.5,88.5,91.2,18834.0
1991-02-14 00:00:00+00:00,32.0,40938.0,92.0,90.25,91.7,91.7,10598.0
1991-02-15 00:00:00+00:00,31.0,40108.0,92.4,90.5,91.0,90.55,10642.0
1991-02-18 00:00:00+00:00,31.0,40108.0,,,,90.55,
1991-02-19 00:00:00+00:00,27.0,39015.0,91.55,90.1,91.5,90.4,11452.0
1991-02-20 00:00:00+00:00,26.0,37986.0,92.4,90.1,90.1,92.05,11040.0
1991-02-21 00:00:00+00:00,25.0,37443.0,92.8,91.65,92.75,91.75,6864.0
1991-02-22 00:00:00+00:00,24.0,37403.0,91.4,89.5,91.35,89.75,7338.0
1991-02-25 00:00:00+00:00,21.0,37395.0,90.4,89.5,89.75,90.3,3526.0
1991-02-26 00:00:00+00:00,20.0,37151.0,90.3,89.7,90.1,90.15,2875.0
1991-02-27 00:00:00+00:00,19.0,36896.0,90.5,89.0,89.9,89.05,5099.0
1991-02-28 00:00:00+00:00,18.0,36756.0,90.5,88.35,89.25,90.15,7005.0
1991-03-01 00:00:00+00:00,80.0,37031.0,94.06,92.15,93.1,93.06,7929.0
1991-03-04 00:00:00+00:00,77.0,37247.0,93.6,91.05,93.17,92.0,6028.0
1991-03-05 00:00:00+00:00,76.0,37780.0,94.26,92.26,92.31,94.01,7748.0
1991-03-06 00:00:00+00:00,75.0,39380.0,96.5,94.0,94.15,96.21,12678.0
1991-03-07 00:00:00+00:00,74.0,39508.0,95.6,95.6,95.6,95.6,7521.0
1991-03-08 00:00:00+00:00,73.0,40323.0,96.01,93.1,95.13,93.25,9336.0
1991-03-11 00:00:00+00:00,70.0,39853.0,94.05,92.55,93.47,92.6,5462.0
1991-03-12 00:00:00+00:00,69.0,39604.0,91.0,91.0,91.0,91.0,10381.0
1991-03-13 00:00:00+00:00,68.0,39366.0,93.2,91.6,92.18,93.31,7615.0
1991-03-14 00:00:00+00:00,67.0,38821.0,93.16,91.1,92.23,93.11,7457.0
1991-03-15 00:00:00+00:00,66.0,38451.0,93.6,92.05,93.21,93.11,4952.0
1991-03-18 00:00:00+00:00,63.0,39170.0,95.01,92.25,92.32,94.4,7428.0
1991-03-19 00:00:00+00:00,62.0,39681.0,95.2,91.3,95.18,92.06,11837.0
1991-03-20 00:00:00+00:00,61.0,40724.0,94.5,90.06,92.01,94.4,15446.0
1991-03-21 00:00:00+00:00,60.0,42623.0,95.5,93.11,94.21,95.0,14032.0
1991-03-22 00:00:00+00:00,59.0,43367.0,100.0,92.16,99.62,93.05,20226.0
1991-03-25 00:00:00+00:00,56.0,42097.0,95.4,93.21,94.3,93.4,9343.0
1991-03-26 00:00:00+00:00,55.0,41692.0,95.0,92.25,93.55,95.26,9154.0
1991-03-27 00:00:00+00:00,54.0,40979.0,95.4,93.25,93.57,95.4,7779.0
1991-03-28 00:00:00+00:00,53.0,41265.0,95.6,94.26,95.5,95.06,6548.0
1991-03-29 00:00:00+00:00,53.0,41265.0,,,,95.06,
1991-04-01 00:00:00+00:00,49.0,41158.0,95.4,94.25,94.32,95.1,3362.0
1991-04-02 00:00:00+00:00,48.0,41092.0,95.1,93.4,94.62,93.6,6338.0
1991-04-03 00:00:00+00:00,47.0,41309.0,95.06,93.4,93.45,94.05,5367.0
1991-04-04 00:00:00+00:00,46.0,41124.0,94.11,92.55,93.32,93.01,7199.0
1991-04-05 00:00:00+00:00,45.0,41408.0,93.3,92.25,93.03,93.31,4638.0
1991-04-08 00:00:00+00:00,42.0,40747.0,94.26,92.5,92.6,93.25,5313.0
1991-04-09 00:00:00+00:00,41.0,41337.0,93.35,91.15,93.23,91.2,11103.0
1991-04-10 00:00:00+00:00,40.0,39700.0,92.21,92.21,92.21,92.21,5692.0
1991-04-11 00:00:00+00:00,39.0,39582.0,92.5,91.25,92.1,92.26,5902.0
1991-04-12 00:00:00+00:00,38.0,39028.0,92.15,91.05,92.0,91.55,5732.0
1991-04-15 00:00:00+00:00,35.0,38407.0,92.5,91.6,92.18,92.26,5414.0
1991-04-16 00:00:00+00:00,34.0,38049.0,93.26,92.16,92.22,92.15,6150.0
1991-04-17 00:00:00+00:00,33.0,37583.0,92.25,91.26,92.05,91.2,7838.0
1991-04-18 00:00:00+00:00,32.0,37414.0,91.45,91.01,91.26,91.1,8084.0
1991-04-19 00:00:00+00:00,31.0,39087.0,89.06,89.06,89.06,89.06,19478.0
1991-04-22 00:00:00+00:00,28.0,38247.0,90.1,89.0,89.1,90.16,6349.0
1991-04-23 00:00:00+00:00,27.0,38497.0,89.31,89.31,89.31,89.31,5732.0
1991-04-24 00:00:00+00:00,26.0,38284.0,89.11,87.35,88.3,88.3,9236.0
1991-04-25 00:00:00+00:00,25.0,37984.0,89.1,88.16,88.31,88.4,3622.0
1991-04-26 00:00:00+00:00,24.0,38959.0,87.26,87.26,87.26,87.26,7207.0
1991-04-29 00:00:00+00:00,21.0,38827.0,88.11,86.5,86.5,87.3,3051.0
1991-04-30 00:00:00+00:00,20.0,39214.0,87.2,87.2,87.2,87.2,5327.0
1991-05-01 00:00:00+00:00,79.0,38879.0,90.45,89.3,89.35,90.35,2255.0
1991-05-02 00:00:00+00:00,78.0,39851.0,90.75,88.4,90.35,88.7,6796.0
1991-05-03 00:00:00+00:00,77.0,40211.0,89.25,88.0,88.5,88.6,4676.0
1991-05-06 00:00:00+00:00,74.0,40781.0,89.0,87.3,88.5,88.0,4628.0
1991-05-07 00:00:00+00:00,73.0,40588.0,88.85,88.1,88.1,88.4,2765.0
1991-05-08 00:00:00+00:00,72.0,40656.0,88.85,88.15,88.4,88.45,2537.0
1991-05-09 00:00:00+00:00,71.0,41097.0,88.75,87.6,88.45,87.8,5108.0
1991-05-10 00:00:00+00:00,70.0,42366.0,89.8,86.9,87.15,89.4,7829.0
1991-05-13 00:00:00+00:00,67.0,42096.0,89.0,88.05,88.8,88.55,3299.0
1991-05-14 00:00:00+00:00,66.0,42150.0,89.3,87.9,88.5,89.2,4547.0
1991-05-15 00:00:00+00:00,65.0,41929.0,89.6,88.9,89.25,89.45,4408.0
1991-05-16 00:00:00+00:00,64.0,41869.0,89.8,88.4,89.7,88.75,3992.0
1991-05-17 00:00:00+00:00,63.0,40754.0,89.8,89.8,89.8,89.8,4814.0
1991-05-20 00:00:00+00:00,60.0,40495.0,90.2,89.6,89.75,89.75,2765.0
1991-05-21 00:00:00+00:00,59.0,41649.0,89.4,87.5,88.95,87.55,8313.0
1991-05-22 00:00:00+00:00,58.0,43411.0,87.4,86.25,87.1,86.8,7658.0
1991-05-23 00:00:00+00:00,57.0,43210.0,87.45,86.1,86.85,86.5,5517.0
1991-05-24 00:00:00+00:00,56.0,43137.0,87.35,86.8,86.8,87.05,2696.0
1991-05-27 00:00:00+00:00,56.0,43137.0,,,,87.05,
1991-05-28 00:00:00+00:00,52.0,43128.0,88.3,86.5,87.1,86.55,6902.0
1991-05-29 00:00:00+00:00,51.0,43051.0,86.6,85.9,86.35,86.45,3743.0
1991-05-30 00:00:00+00:00,50.0,43650.0,87.2,86.5,86.75,87.15,4832.0
1991-05-31 00:00:00+00:00,49.0,43862.0,87.25,86.25,86.9,86.7,3283.0
1991-06-03 00:00:00+00:00,46.0,44223.0,87.4,86.3,86.3,86.7,4025.0
1991-06-04 00:00:00+00:00,45.0,44195.0,87.25,86.8,86.8,87.05,2789.0
1991-06-05 00:00:00+00:00,44.0,43909.0,87.95,86.95,87.0,87.8,5249.0
1991-06-06 00:00:00+00:00,43.0,44247.0,88.7,87.7,87.7,88.0,6324.0
1991-06-07 00:00:00+00:00,42.0,43934.0,87.75,85.25,87.6,85.6,11929.0
1991-06-10 00:00:00+00:00,39.0,43132.0,85.95,85.4,85.6,85.55,4861.0
1991-06-11 00:00:00+00:00,38.0,44137.0,86.25,85.4,85.9,85.5,3710.0
1991-06-12 00:00:00+00:00,37.0,45624.0,85.3,83.9,85.2,84.0,14272.0
1991-06-13 00:00:00+00:00,36.0,45094.0,84.7,84.05,84.05,84.5,5281.0
1991-06-14 00:00:00+00:00,35.0,45960.0,84.7,83.9,84.5,84.3,9476.0
1991-06-17 00:00:00+00:00,32.0,45534.0,84.5,84.0,84.25,84.3,6676.0
1991-06-18 00:00:00+00:00,31.0,45286.0,85.0,84.15,84.25,84.4,8504.0
1991-06-19 00:00:00+00:00,30.0,43790.0,84.8,83.2,84.2,83.2,16831.0
1991-06-20 00:00:00+00:00,29.0,42534.0,84.3,83.5,83.8,84.1,5992.0
1991-06-21 00:00:00+00:00,28.0,42550.0,84.8,84.1,84.25,84.8,3217.0
1991-06-24 00:00:00+00:00,25.0,42503.0,85.35,84.5,85.0,85.3,3420.0
1991-06-25 00:00:00+00:00,24.0,41950.0,88.0,84.9,85.1,86.65,8450.0
1991-06-26 00:00:00+00:00,23.0,41469.0,87.4,86.2,87.0,86.7,3324.0
1991-06-27 00:00:00+00:00,22.0,41875.0,87.0,84.3,87.0,84.3,7836.0
1991-06-28 00:00:00+00:00,21.0,41395.0,84.75,84.0,84.4,84.2,3721.0
1991-07-01 00:00:00+00:00,79.0,41693.0,87.0,86.15,86.15,86.8,2616.0
1991-07-02 00:00:00+00:00,78.0,42245.0,87.25,86.3,86.3,86.85,3951.0
1991-07-03 00:00:00+00:00,77.0,42109.0,87.35,85.8,87.2,86.5,4197.0
1991-07-04 00:00:00+00:00,77.0,42109.0,,,,86.5,
1991-07-05 00:00:00+00:00,77.0,42109.0,,,,86.5,
1991-07-08 00:00:00+00:00,72.0,42290.0,86.9,85.15,86.8,85.5,5186.0
1991-07-09 00:00:00+00:00,71.0,42350.0,85.8,84.7,85.6,84.75,4282.0
1991-07-10 00:00:00+00:00,70.0,42369.0,85.15,84.1,84.75,84.5,4687.0
1991-07-11 00:00:00+00:00,69.0,42708.0,85.2,83.9,84.35,83.95,5336.0
1991-07-12 00:00:00+00:00,68.0,41545.0,86.5,84.5,84.5,85.2,10523.0
1991-07-15 00:00:00+00:00,65.0,41918.0,84.7,83.05,84.2,83.25,11381.0
1991-07-16 00:00:00+00:00,64.0,41984.0,83.9,83.0,83.35,83.1,3826.0
1991-07-17 00:00:00+00:00,63.0,41749.0,84.35,83.0,83.5,84.15,5047.0
1991-07-18 00:00:00+00:00,62.0,41331.0,84.8,82.75,84.7,83.6,5899.0
1991-07-19 00:00:00+00:00,61.0,41127.0,83.75,82.85,83.6,83.15,2781.0
1991-07-22 00:00:00+00:00,58.0,41323.0,83.25,82.75,83.15,83.05,1684.0
1991-07-23 00:00:00+00:00,57.0,42179.0,83.55,82.2,83.15,82.4,5536.0
1991-07-24 00:00:00+00:00,56.0,42026.0,83.15,82.1,82.2,82.4,4007.0
1991-07-25 00:00:00+00:00,55.0,43121.0,82.4,80.7,82.25,80.85,7435.0
1991-07-26 00:00:00+00:00,54.0,42445.0,81.75,79.6,81.0,81.7,6414.0
1991-07-29 00:00:00+00:00,51.0,42029.0,82.25,81.3,81.5,82.1,2818.0
1991-07-30 00:00:00+00:00,50.0,41930.0,82.7,81.3,82.25,82.1,4679.0
1991-07-31 00:00:00+00:00,49.0,42294.0,82.4,80.75,82.2,81.4,7100.0
1991-08-01 00:00:00+00:00,48.0,42653.0,83.75,81.05,81.45,83.0,10445.0
1991-08-02 00:00:00+00:00,47.0,41514.0,82.85,81.5,82.6,82.55,4734.0
1991-08-05 00:00:00+00:00,44.0,41519.0,83.35,82.1,82.4,82.9,5901.0
1991-08-06 00:00:00+00:00,43.0,41396.0,83.35,82.4,82.75,82.45,6147.0
1991-08-07 00:00:00+00:00,42.0,40719.0,82.4,81.3,82.25,81.65,6323.0
1991-08-08 00:00:00+00:00,41.0,40937.0,81.75,80.0,81.5,80.7,9629.0
1991-08-09 00:00:00+00:00,40.0,40675.0,81.4,80.55,81.3,81.15,4275.0
1991-08-12 00:00:00+00:00,37.0,40777.0,80.9,79.8,80.85,79.95,6576.0
1991-08-13 00:00:00+00:00,36.0,41017.0,79.75,79.05,79.25,79.2,10590.0
1991-08-14 00:00:00+00:00,35.0,41285.0,81.0,79.6,79.65,80.7,7545.0
1991-08-15 00:00:00+00:00,34.0,41147.0,81.0,79.8,80.65,79.85,4867.0
1991-08-16 00:00:00+00:00,33.0,41452.0,79.75,78.5,79.45,79.05,6685.0
1991-08-19 00:00:00+00:00,30.0,41490.0,79.1,78.3,78.3,78.75,6410.0
1991-08-20 00:00:00+00:00,29.0,41011.0,78.9,77.7,78.9,77.8,10566.0
1991-08-21 00:00:00+00:00,28.0,42656.0,79.1,77.6,77.6,78.5,18634.0
1991-08-22 00:00:00+00:00,27.0,40330.0,79.6,78.25,78.25,79.3,7327.0
1991-08-23 00:00:00+00:00,26.0,39792.0,83.0,79.7,79.7,82.9,9416.0
1991-08-26 00:00:00+00:00,23.0,38761.0,84.55,81.5,82.5,83.65,9678.0
1991-08-27 00:00:00+00:00,22.0,38973.0,84.9,83.0,83.0,84.4,7232.0
1991-08-28 00:00:00+00:00,21.0,38787.0,84.7,83.55,84.0,84.2,4771.0
1991-08-29 00:00:00+00:00,20.0,38995.0,85.4,84.2,84.2,85.1,6049.0
1991-08-30 00:00:00+00:00,19.0,38677.0,86.15,85.0,85.0,85.65,6313.0
1991-09-02 00:00:00+00:00,19.0,38677.0,,,,85.65,
1991-09-03 00:00:00+00:00,106.0,38869.0,90.0,88.3,88.8,89.15,6686.0
1991-09-04 00:00:00+00:00,105.0,39002.0,89.25,88.15,88.6,88.5,5221.0
1991-09-05 00:00:00+00:00,104.0,40033.0,90.7,87.9,88.25,90.2,8097.0
1991-09-06 00:00:00+00:00,103.0,40110.0,91.65,90.5,90.75,91.0,7243.0
1991-09-09 00:00:00+00:00,100.0,41005.0,93.8,91.25,91.25,93.55,10466.0
1991-09-10 00:00:00+00:00,99.0,41847.0,94.55,92.1,93.45,92.5,13644.0
1991-09-11 00:00:00+00:00,98.0,41702.0,92.7,91.1,92.5,91.75,8292.0
1991-09-12 00:00:00+00:00,97.0,42282.0,93.5,91.05,91.1,93.1,8355.0
1991-09-13 00:00:00+00:00,96.0,42547.0,94.25,91.0,93.4,91.45,10200.0
1991-09-16 00:00:00+00:00,93.0,42791.0,92.45,89.25,91.75,89.55,8495.0
1991-09-17 00:00:00+00:00,92.0,42597.0,89.7,87.1,89.5,87.55,12717.0
1991-09-18 00:00:00+00:00,91.0,42300.0,88.65,87.3,87.35,88.15,6097.0
1991-09-19 00:00:00+00:00,90.0,42472.0,90.9,88.2,88.2,90.25,9484.0
1991-09-20 00:00:00+00:00,89.0,42490.0,91.4,89.3,89.3,90.8,5909.0
1991-09-23 00:00:00+00:00,86.0,42923.0,90.3,88.15,89.85,89.2,6064.0
1991-09-24 00:00:00+00:00,85.0,43714.0,92.25,89.8,89.8,91.7,8834.0
1991-09-25 00:00:00+00:00,84.0,44270.0,92.15,90.4,90.45,91.3,7263.0
1991-09-26 00:00:00+00:00,83.0,43652.0,89.75,87.5,87.5,89.35,9954.0
1991-09-27 00:00:00+00:00,82.0,44841.0,88.7,85.6,88.25,85.7,12841.0
1991-09-30 00:00:00+00:00,79.0,43065.0,84.75,81.65,84.25,82.9,13923.0
1991-10-01 00:00:00+00:00,78.0,43426.0,83.0,80.2,82.55,81.2,11988.0
1991-10-02 00:00:00+00:00,77.0,43989.0,82.0,80.5,80.95,81.05,7380.0
1991-10-03 00:00:00+00:00,76.0,43767.0,80.7,79.3,80.55,79.75,8373.0
1991-10-04 00:00:00+00:00,75.0,44459.0,80.4,79.25,79.95,79.6,6329.0
1991-10-07 00:00:00+00:00,72.0,44994.0,80.4,78.9,78.9,80.3,4303.0
1991-10-08 00:00:00+00:00,71.0,44914.0,81.2,80.2,80.55,80.3,5740.0
1991-10-09 00:00:00+00:00,70.0,44935.0,81.3,80.4,80.4,80.8,4371.0
1991-10-10 00:00:00+00:00,69.0,44922.0,81.3,79.8,80.5,81.0,5208.0
1991-10-11 00:00:00+00:00,68.0,44716.0,81.75,81.0,81.5,81.5,4241.0
1991-10-14 00:00:00+00:00,65.0,44303.0,82.0,81.25,81.4,81.55,2535.0
1991-10-15 00:00:00+00:00,64.0,44696.0,81.4,79.6,81.15,79.9,6401.0
1991-10-16 00:00:00+00:00,63.0,44509.0,82.75,79.25,79.9,82.5,7739.0
1991-10-17 00:00:00+00:00,62.0,44606.0,83.75,82.0,82.0,82.8,9945.0
1991-10-18 00:00:00+00:00,61.0,44550.0,84.25,82.7,83.5,83.15,7072.0
1991-10-21 00:00:00+00:00,58.0,44573.0,84.0,81.75,82.8,83.8,4924.0
1991-10-22 00:00:00+00:00,57.0,44372.0,84.35,83.35,84.0,83.6,7504.0
1991-10-23 00:00:00+00:00,56.0,43732.0,83.0,82.05,82.7,82.45,6603.0
1991-10-24 00:00:00+00:00,55.0,43284.0,82.85,81.75,82.15,82.4,5547.0
1991-10-25 00:00:00+00:00,54.0,42685.0,83.6,81.0,82.7,81.0,7778.0
1991-10-28 00:00:00+00:00,51.0,42167.0,81.8,81.1,81.5,81.7,2965.0
1991-10-29 00:00:00+00:00,50.0,42300.0,83.1,81.7,81.7,82.6,5720.0
1991-10-30 00:00:00+00:00,49.0,42140.0,83.5,81.7,83.3,82.3,6155.0
1991-10-31 00:00:00+00:00,48.0,42597.0,82.6,80.25,81.5,80.55,9871.0
1991-11-01 00:00:00+00:00,47.0,44202.0,79.8,77.95,79.5,78.8,11456.0
1991-11-04 00:00:00+00:00,44.0,42844.0,79.15,78.2,78.9,78.55,4231.0
1991-11-05 00:00:00+00:00,43.0,42677.0,79.5,78.2,79.0,78.6,6097.0
1991-11-06 00:00:00+00:00,42.0,45344.0,79.05,76.45,78.8,76.5,13736.0
1991-11-07 00:00:00+00:00,41.0,44641.0,77.35,76.5,76.7,77.1,5817.0
1991-11-08 00:00:00+00:00,40.0,45056.0,79.75,76.0,76.7,78.7,11470.0
1991-11-11 00:00:00+00:00,37.0,44795.0,78.9,77.6,78.3,78.3,5059.0
1991-11-12 00:00:00+00:00,36.0,44792.0,79.3,77.6,77.8,79.0,6615.0
1991-11-13 00:00:00+00:00,35.0,43999.0,79.4,78.8,79.0,79.25,5884.0
1991-11-14 00:00:00+00:00,34.0,43248.0,80.65,79.25,80.65,79.35,10242.0
1991-11-15 00:00:00+00:00,33.0,42048.0,79.9,78.5,79.35,78.65,9608.0
1991-11-18 00:00:00+00:00,30.0,39612.0,79.3,77.4,78.6,77.6,20642.0
1991-11-19 00:00:00+00:00,29.0,39044.0,80.0,77.3,77.3,79.85,11541.0
1991-11-20 00:00:00+00:00,28.0,38701.0,81.0,79.25,80.4,80.0,8274.0
1991-11-21 00:00:00+00:00,27.0,39060.0,80.5,79.4,80.4,79.95,4734.0
1991-11-22 00:00:00+00:00,26.0,38622.0,79.8,78.5,79.0,78.5,4361.0
1991-11-25 00:00:00+00:00,23.0,38687.0,78.25,77.0,78.0,77.4,8163.0
1991-11-26 00:00:00+00:00,22.0,38958.0,78.0,76.5,76.5,77.75,5236.0
1991-11-27 00:00:00+00:00,21.0,38241.0,79.1,77.75,78.5,79.0,5947.0
1991-11-28 00:00:00+00:00,21.0,38241.0,,,,79.0,
1991-11-29 00:00:00+00:00,21.0,38241.0,,,,79.0,
1991-12-02 00:00:00+00:00,108.0,38558.0,86.5,83.6,84.01,85.4,11561.0
1991-12-03 00:00:00+00:00,107.0,38657.0,85.2,85.2,85.2,85.2,7839.0
1991-12-04 00:00:00+00:00,106.0,38172.0,86.11,82.5,85.26,82.55,8840.0
1991-12-05 00:00:00+00:00,105.0,38009.0,83.0,81.5,82.27,81.55,9857.0
1991-12-06 00:00:00+00:00,104.0,38461.0,82.16,80.5,82.01,81.01,6551.0
1991-12-09 00:00:00+00:00,101.0,39332.0,80.5,80.06,80.37,80.15,5408.0
1991-12-10 00:00:00+00:00,100.0,39644.0,80.2,80.01,80.12,80.11,3773.0
1991-12-11 00:00:00+00:00,99.0,39942.0,79.25,78.3,79.12,78.5,7591.0
1991-12-12 00:00:00+00:00,98.0,39746.0,79.45,79.06,79.16,79.05,4406.0
1991-12-13 00:00:00+00:00,97.0,39827.0,80.25,79.15,79.55,79.3,4921.0
1991-12-16 00:00:00+00:00,94.0,39903.0,80.06,79.11,79.23,79.16,2853.0
1991-12-17 00:00:00+00:00,93.0,39983.0,80.5,79.26,79.3,79.25,7185.0
1991-12-18 00:00:00+00:00,92.0,40552.0,79.31,78.16,79.21,78.35,5659.0
1991-12-19 00:00:00+00:00,91.0,41947.0,78.5,78.11,78.35,78.16,4692.0
1991-12-20 00:00:00+00:00,90.0,42445.0,79.01,78.16,78.27,78.0,3307.0
1991-12-23 00:00:00+00:00,87.0,42593.0,79.21,78.21,78.28,78.4,2763.0
1991-12-24 00:00:00+00:00,86.0,42934.0,79.06,77.25,78.52,77.5,2737.0
1991-12-25 00:00:00+00:00,86.0,42934.0,,,,77.5,
1991-12-26 00:00:00+00:00,84.0,43021.0,78.25,77.26,77.37,78.1,2357.0
1991-12-27 00:00:00+00:00,83.0,43152.0,79.2,78.0,78.2,78.55,3454.0
1991-12-30 00:00:00+00:00,80.0,43176.0,79.11,77.21,78.62,77.05,5366.0
1991-12-31 00:00:00+00:00,79.0,43121.0,78.06,78.06,78.06,78.06,1756.0
1992-01-01 00:00:00+00:00,79.0,43121.0,,,,78.06,
1992-01-02 00:00:00+00:00,77.0,44136.0,79.5,77.16,77.26,79.0,5776.0
1992-01-03 00:00:00+00:00,76.0,45175.0,80.16,77.5,79.26,79.3,8252.0
1992-01-06 00:00:00+00:00,73.0,45505.0,80.2,78.3,80.11,78.5,5600.0
1992-01-07 00:00:00+00:00,72.0,45774.0,80.16,78.15,78.37,80.11,5146.0
1992-01-08 00:00:00+00:00,71.0,45252.0,80.5,78.5,80.45,79.25,8466.0
1992-01-09 00:00:00+00:00,70.0,45014.0,80.31,79.1,79.4,79.4,6283.0
1992-01-10 00:00:00+00:00,69.0,45354.0,80.26,78.25,80.01,79.35,7824.0
1992-01-13 00:00:00+00:00,66.0,45282.0,80.11,78.25,80.01,78.55,3984.0
1992-01-14 00:00:00+00:00,65.0,45995.0,78.6,78.06,78.5,78.26,6569.0
1992-01-15 00:00:00+00:00,64.0,46287.0,78.2,77.4,78.11,78.31,4938.0
1992-01-16 00:00:00+00:00,63.0,46580.0,79.0,78.01,78.16,79.26,6201.0
1992-01-17 00:00:00+00:00,62.0,46982.0,79.45,77.6,78.6,78.06,7287.0
1992-01-20 00:00:00+00:00,59.0,46874.0,79.26,78.06,78.3,78.6,3844.0
1992-01-21 00:00:00+00:00,58.0,46861.0,79.31,78.15,79.06,78.3,4112.0
1992-01-22 00:00:00+00:00,57.0,46724.0,79.16,78.25,78.45,78.3,4401.0
1992-01-23 00:00:00+00:00,56.0,48316.0,76.1,76.1,76.1,76.1,13940.0
1992-01-24 00:00:00+00:00,55.0,48452.0,76.4,75.4,76.31,76.06,7808.0
1992-01-27 00:00:00+00:00,52.0,48726.0,76.1,75.05,76.05,75.1,5812.0
1992-01-28 00:00:00+00:00,51.0,49710.0,75.6,74.0,75.3,74.05,11100.0
1992-01-29 00:00:00+00:00,50.0,49955.0,75.06,73.5,74.12,74.21,8964.0
1992-01-30 00:00:00+00:00,49.0,50386.0,75.06,74.11,74.21,74.6,5614.0
1992-01-31 00:00:00+00:00,48.0,51622.0,74.6,72.15,74.55,72.15,11511.0
1992-02-03 00:00:00+00:00,45.0,52779.0,73.06,70.26,72.5,70.5,12411.0
1992-02-04 00:00:00+00:00,44.0,53012.0,71.5,70.45,71.06,71.11,7827.0
1992-02-05 00:00:00+00:00,43.0,52347.0,71.3,69.06,71.15,69.26,9183.0
1992-02-06 00:00:00+00:00,42.0,53224.0,71.06,69.16,69.27,70.21,10322.0
1992-02-07 00:00:00+00:00,41.0,52760.0,70.01,70.01,70.01,70.01,6809.0
1992-02-10 00:00:00+00:00,38.0,50878.0,70.15,69.35,69.45,69.5,5164.0
1992-02-11 00:00:00+00:00,37.0,52070.0,71.31,69.35,69.5,70.6,10980.0
1992-02-12 00:00:00+00:00,36.0,52556.0,71.25,70.1,70.55,70.55,9991.0
1992-02-13 00:00:00+00:00,35.0,52898.0,71.2,68.5,71.06,69.15,12638.0
1992-02-14 00:00:00+00:00,34.0,52125.0,70.11,69.26,69.33,69.1,11959.0
1992-02-17 00:00:00+00:00,31.0,52125.0,69.75,68.9,69.25,69.1,10493.0
1992-02-18 00:00:00+00:00,30.0,52949.0,67.06,67.06,67.06,67.06,15577.0
1992-02-19 00:00:00+00:00,29.0,52044.0,68.06,66.25,66.37,67.16,15519.0
1992-02-20 00:00:00+00:00,28.0,51728.0,70.0,67.4,67.45,69.2,9714.0
1992-02-21 00:00:00+00:00,27.0,51266.0,70.06,67.01,69.6,67.16,10671.0
1992-02-24 00:00:00+00:00,24.0,49893.0,67.06,64.5,66.6,65.05,13105.0
1992-02-25 00:00:00+00:00,23.0,48193.0,66.6,65.06,65.21,66.4,11210.0
1992-02-26 00:00:00+00:00,22.0,48031.0,68.11,65.0,66.0,67.5,9404.0
1992-02-27 00:00:00+00:00,21.0,46759.0,68.26,67.0,67.5,68.11,8426.0
1992-02-28 00:00:00+00:00,20.0,46967.0,70.11,67.1,68.11,70.06,9997.0
1992-03-02 00:00:00+00:00,78.0,46614.0,71.9,70.7,70.7,71.5,7006.0
1992-03-03 00:00:00+00:00,77.0,46223.0,73.25,70.2,70.85,72.95,10443.0
1992-03-04 00:00:00+00:00,76.0,46937.0,73.5,69.8,72.5,70.1,10954.0
1992-03-05 00:00:00+00:00,75.0,47107.0,69.5,68.1,68.5,68.4,8256.0
1992-03-06 00:00:00+00:00,74.0,48109.0,71.2,67.3,68.2,71.05,11454.0
1992-03-09 00:00:00+00:00,71.0,47753.0,72.05,69.5,70.2,70.55,7142.0
1992-03-10 00:00:00+00:00,70.0,47945.0,71.35,69.8,69.8,70.85,6312.0
1992-03-11 00:00:00+00:00,69.0,48291.0,74.0,72.0,73.5,72.5,9907.0
1992-03-12 00:00:00+00:00,68.0,48703.0,74.35,72.8,73.1,73.0,10153.0
1992-03-13 00:00:00+00:00,67.0,48781.0,74.0,71.4,71.4,73.9,8441.0
1992-03-16 00:00:00+00:00,64.0,49181.0,74.5,72.5,73.9,73.4,7009.0
1992-03-17 00:00:00+00:00,63.0,49135.0,73.7,72.6,73.5,72.85,3440.0
1992-03-18 00:00:00+00:00,62.0,49785.0,74.3,71.6,72.8,73.7,8506.0
1992-03-19 00:00:00+00:00,61.0,49359.0,75.2,74.1,74.5,74.6,8158.0
1992-03-20 00:00:00+00:00,60.0,49552.0,75.2,73.3,74.85,74.1,9297.0
1992-03-23 00:00:00+00:00,57.0,50216.0,74.85,73.15,73.4,74.25,5667.0
1992-03-24 00:00:00+00:00,56.0,50077.0,74.5,73.5,73.8,73.85,5072.0
1992-03-25 00:00:00+00:00,55.0,50182.0,73.8,70.8,73.35,70.85,9885.0
1992-03-26 00:00:00+00:00,54.0,50426.0,71.5,70.3,71.35,70.75,6827.0
1992-03-27 00:00:00+00:00,53.0,50483.0,71.65,70.05,70.3,70.2,5717.0
1992-03-30 00:00:00+00:00,50.0,51308.0,69.75,67.8,69.25,67.95,8886.0
1992-03-31 00:00:00+00:00,49.0,50987.0,68.9,67.9,68.15,68.5,6610.0
1992-04-01 00:00:00+00:00,48.0,51345.0,69.6,68.3,68.65,69.45,5689.0
1992-04-02 00:00:00+00:00,47.0,51655.0,70.0,69.05,69.5,69.9,5962.0
1992-04-03 00:00:00+00:00,46.0,51508.0,73.25,69.4,69.6,71.4,7818.0
1992-04-06 00:00:00+00:00,43.0,50539.0,72.1,70.85,70.9,71.8,5215.0
1992-04-07 00:00:00+00:00,42.0,50578.0,72.45,69.1,71.8,69.8,8407.0
1992-04-08 00:00:00+00:00,41.0,50581.0,71.6,70.1,70.4,71.25,6904.0
1992-04-09 00:00:00+00:00,40.0,51185.0,71.1,68.55,70.4,69.5,9750.0
1992-04-10 00:00:00+00:00,39.0,51580.0,70.0,67.9,69.85,68.9,6668.0
1992-04-13 00:00:00+00:00,36.0,52308.0,67.6,65.0,67.5,65.65,14664.0
1992-04-14 00:00:00+00:00,35.0,52282.0,66.5,65.3,65.85,66.1,10001.0
1992-04-15 00:00:00+00:00,34.0,52869.0,66.65,64.05,66.5,64.5,12165.0
1992-04-16 00:00:00+00:00,33.0,54064.0,64.7,63.2,64.25,63.25,12247.0
1992-04-17 00:00:00+00:00,33.0,54064.0,,,,63.25,
1992-04-20 00:00:00+00:00,29.0,54001.0,64.25,63.0,63.0,63.75,6990.0
1992-04-21 00:00:00+00:00,28.0,51206.0,64.6,63.5,63.5,63.75,16807.0
1992-04-22 00:00:00+00:00,27.0,51405.0,64.75,63.0,64.0,63.35,7919.0
1992-04-23 00:00:00+00:00,26.0,52119.0,65.5,62.75,62.75,65.4,8122.0
1992-04-24 00:00:00+00:00,25.0,51886.0,65.6,64.4,64.8,64.65,5801.0
1992-04-27 00:00:00+00:00,22.0,51403.0,64.1,63.0,64.1,64.1,7403.0
1992-04-28 00:00:00+00:00,21.0,51180.0,64.9,63.0,63.25,63.85,6859.0
1992-04-29 00:00:00+00:00,20.0,51859.0,64.1,62.5,63.5,63.1,8281.0
1992-04-30 00:00:00+00:00,19.0,57010.0,63.1,61.5,62.8,61.85,14824.0
1992-05-01 00:00:00+00:00,81.0,57125.0,63.4,61.8,63.0,61.85,5538.0
1992-05-04 00:00:00+00:00,78.0,59439.0,62.1,61.0,61.9,61.4,6410.0
1992-05-05 00:00:00+00:00,77.0,57956.0,62.1,60.1,61.25,60.25,7999.0
1992-05-06 00:00:00+00:00,76.0,58448.0,59.9,58.75,59.6,59.25,9496.0
1992-05-07 00:00:00+00:00,75.0,59352.0,61.2,59.6,59.65,60.7,9110.0
1992-05-08 00:00:00+00:00,74.0,60401.0,61.6,59.85,60.8,60.8,12622.0
1992-05-11 00:00:00+00:00,71.0,60806.0,62.15,61.2,61.5,61.9,5641.0
1992-05-12 00:00:00+00:00,70.0,60023.0,63.15,61.7,61.7,62.95,7813.0
1992-05-13 00:00:00+00:00,69.0,58886.0,64.0,62.7,63.0,63.75,14218.0
1992-05-14 00:00:00+00:00,68.0,58974.0,64.3,62.3,63.95,62.95,9510.0
1992-05-15 00:00:00+00:00,67.0,59707.0,65.2,64.1,64.25,65.0,10612.0
1992-05-18 00:00:00+00:00,64.0,59692.0,65.2,63.9,65.0,64.4,4064.0
1992-05-19 00:00:00+00:00,63.0,60011.0,65.7,63.8,64.15,65.6,10967.0
1992-05-20 00:00:00+00:00,62.0,59607.0,65.75,64.25,65.6,64.3,8002.0
1992-05-21 00:00:00+00:00,61.0,59276.0,65.4,63.4,64.5,64.35,8093.0
1992-05-22 00:00:00+00:00,60.0,58977.0,63.7,62.25,62.5,63.5,5756.0
1992-05-25 00:00:00+00:00,60.0,58977.0,,,,63.5,
1992-05-26 00:00:00+00:00,56.0,58848.0,64.55,63.35,63.35,64.3,4167.0
1992-05-27 00:00:00+00:00,55.0,59136.0,64.45,63.6,63.9,64.1,4359.0
1992-05-28 00:00:00+00:00,54.0,59646.0,64.2,62.3,64.1,62.55,6906.0
1992-05-29 00:00:00+00:00,53.0,59346.0,63.3,61.55,61.8,63.3,6303.0
1992-06-01 00:00:00+00:00,50.0,59404.0,63.9,62.9,63.5,63.3,3367.0
1992-06-02 00:00:00+00:00,49.0,59853.0,63.25,61.0,62.9,61.15,9270.0
1992-06-03 00:00:00+00:00,48.0,59913.0,62.05,60.8,61.3,61.95,5216.0
1992-06-04 00:00:00+00:00,47.0,59191.0,62.1,60.9,61.75,61.8,4554.0
1992-06-05 00:00:00+00:00,46.0,59279.0,62.3,61.4,61.9,61.55,4092.0
1992-06-08 00:00:00+00:00,43.0,57786.0,61.95,61.1,61.4,61.6,3609.0
1992-06-09 00:00:00+00:00,42.0,57827.0,61.95,61.55,61.75,61.6,3735.0
1992-06-10 00:00:00+00:00,41.0,57717.0,61.7,60.2,61.55,60.45,10354.0
1992-06-11 00:00:00+00:00,40.0,57324.0,60.3,59.7,60.1,60.0,7860.0
1992-06-12 00:00:00+00:00,39.0,57767.0,61.3,60.0,60.1,60.85,7235.0
1992-06-15 00:00:00+00:00,36.0,57996.0,62.1,61.1,61.1,61.95,6314.0
1992-06-16 00:00:00+00:00,35.0,57540.0,63.0,61.8,62.1,62.6,9869.0
1992-06-17 00:00:00+00:00,34.0,57176.0,62.65,61.35,62.65,61.45,10110.0
1992-06-18 00:00:00+00:00,33.0,56541.0,61.5,60.3,61.2,60.4,9632.0
1992-06-19 00:00:00+00:00,32.0,59133.0,60.4,57.5,60.0,57.5,23125.0
1992-06-22 00:00:00+00:00,29.0,58997.0,59.05,56.8,58.5,56.95,6539.0
1992-06-23 00:00:00+00:00,28.0,59122.0,57.7,55.9,57.5,56.3,8327.0
1992-06-24 00:00:00+00:00,27.0,58471.0,56.75,55.8,56.5,56.7,5553.0
1992-06-25 00:00:00+00:00,26.0,57698.0,57.6,54.5,56.5,54.75,8082.0
1992-06-26 00:00:00+00:00,25.0,58293.0,57.0,55.0,55.0,57.0,8951.0
1992-06-29 00:00:00+00:00,22.0,58183.0,57.25,56.25,57.0,56.6,4244.0
1992-06-30 00:00:00+00:00,21.0,57488.0,56.9,55.4,56.6,55.6,4662.0
1992-07-01 00:00:00+00:00,79.0,57130.0,59.5,58.1,58.2,59.4,5210.0
1992-07-02 00:00:00+00:00,78.0,55873.0,60.4,59.25,59.55,60.0,7588.0
1992-07-03 00:00:00+00:00,78.0,55873.0,,,,60.0,
1992-07-06 00:00:00+00:00,74.0,56120.0,59.55,58.4,59.15,59.3,4697.0
1992-07-07 00:00:00+00:00,73.0,56155.0,61.0,59.05,59.4,60.7,8820.0
1992-07-08 00:00:00+00:00,72.0,56033.0,61.25,59.9,61.1,61.15,6998.0
1992-07-09 00:00:00+00:00,71.0,56199.0,61.9,60.5,60.77,60.95,9305.0
1992-07-10 00:00:00+00:00,70.0,57764.0,63.25,61.15,61.62,63.15,10696.0
1992-07-13 00:00:00+00:00,67.0,58839.0,63.1,61.0,62.9,61.05,10712.0
1992-07-14 00:00:00+00:00,66.0,57867.0,62.1,59.9,60.75,61.6,8370.0
1992-07-15 00:00:00+00:00,65.0,57912.0,62.7,61.05,61.15,61.5,8346.0
1992-07-16 00:00:00+00:00,64.0,61125.0,62.5,61.25,61.9,62.5,8300.0
1992-07-17 00:00:00+00:00,63.0,60137.0,62.7,61.1,62.55,61.6,5308.0
1992-07-20 00:00:00+00:00,60.0,60276.0,61.8,59.1,61.65,60.05,10304.0
1992-07-21 00:00:00+00:00,59.0,60349.0,62.1,59.45,59.6,61.8,8982.0
1992-07-22 00:00:00+00:00,58.0,59540.0,61.8,60.8,61.22,61.35,4385.0
1992-07-23 00:00:00+00:00,57.0,60162.0,62.1,60.6,61.05,60.95,6892.0
1992-07-24 00:00:00+00:00,56.0,60245.0,60.75,59.9,60.57,60.1,5979.0
1992-07-27 00:00:00+00:00,53.0,61092.0,59.4,56.0,59.27,56.1,15488.0
1992-07-28 00:00:00+00:00,52.0,61596.0,57.15,56.0,56.65,56.6,8157.0
1992-07-29 00:00:00+00:00,51.0,61921.0,56.9,54.8,56.45,55.55,8947.0
1992-07-30 00:00:00+00:00,50.0,61762.0,58.0,55.75,55.97,57.95,6666.0
1992-07-31 00:00:00+00:00,49.0,62032.0,57.45,55.25,56.75,56.25,7343.0
1992-08-03 00:00:00+00:00,46.0,61934.0,56.9,55.65,56.37,56.25,3396.0
1992-08-04 00:00:00+00:00,45.0,62351.0,56.7,55.4,56.2,56.65,3975.0
1992-08-05 00:00:00+00:00,44.0,62107.0,57.1,56.3,56.4,56.6,3563.0
1992-08-06 00:00:00+00:00,43.0,61971.0,56.8,55.75,56.37,56.2,3657.0
1992-08-07 00:00:00+00:00,42.0,61096.0,56.5,55.5,56.05,55.95,4703.0
1992-08-10 00:00:00+00:00,39.0,61008.0,55.5,53.15,55.42,53.25,10540.0
1992-08-11 00:00:00+00:00,38.0,58978.0,53.9,52.6,53.8,52.8,10435.0
1992-08-12 00:00:00+00:00,37.0,59065.0,52.8,50.2,52.75,50.75,12946.0
1992-08-13 00:00:00+00:00,36.0,59369.0,51.75,50.2,50.6,50.85,10608.0
1992-08-14 00:00:00+00:00,35.0,59726.0,51.6,49.5,50.55,50.5,9095.0
1992-08-17 00:00:00+00:00,32.0,59810.0,50.95,48.1,50.45,48.25,12373.0
1992-08-18 00:00:00+00:00,31.0,58613.0,50.4,48.4,49.05,50.15,13986.0
1992-08-19 00:00:00+00:00,30.0,58384.0,51.3,48.8,50.37,50.8,15205.0
1992-08-20 00:00:00+00:00,29.0,57196.0,51.25,50.1,50.57,50.25,13809.0
1992-08-21 00:00:00+00:00,28.0,55339.0,51.95,50.5,50.72,51.2,7576.0
1992-08-24 00:00:00+00:00,25.0,55126.0,52.4,50.75,51.37,52.35,6077.0
1992-08-25 00:00:00+00:00,24.0,54723.0,52.95,50.55,52.65,50.9,10006.0
1992-08-26 00:00:00+00:00,23.0,53465.0,51.7,51.0,51.4,51.5,4766.0
1992-08-27 00:00:00+00:00,22.0,54919.0,52.6,51.5,51.5,52.1,9099.0
1992-08-28 00:00:00+00:00,21.0,55489.0,53.8,52.0,52.17,53.35,8735.0
1992-08-31 00:00:00+00:00,18.0,55757.0,52.9,52.0,52.85,52.9,8191.0
1992-09-01 00:00:00+00:00,111.0,55428.0,54.85,53.85,54.32,54.7,7728.0
1992-09-02 00:00:00+00:00,110.0,55321.0,56.2,54.5,54.67,55.3,6883.0
1992-09-03 00:00:00+00:00,109.0,55390.0,55.85,54.6,54.85,55.2,4232.0
1992-09-04 00:00:00+00:00,108.0,55213.0,55.15,54.4,54.7,54.5,3417.0
1992-09-07 00:00:00+00:00,108.0,55213.0,,,,54.5,
1992-09-08 00:00:00+00:00,104.0,55664.0,54.35,53.4,53.97,53.45,6780.0
1992-09-09 00:00:00+00:00,103.0,57160.0,53.25,50.45,53.07,50.9,14161.0
1992-09-10 00:00:00+00:00,102.0,57555.0,51.5,49.8,50.8,51.4,7591.0
1992-09-11 00:00:00+00:00,101.0,57676.0,51.75,50.3,51.27,50.95,4405.0
1992-09-14 00:00:00+00:00,98.0,57863.0,51.4,50.1,50.7,51.35,3286.0
1992-09-15 00:00:00+00:00,97.0,58253.0,52.7,50.8,51.1,52.15,6293.0
1992-09-16 00:00:00+00:00,96.0,57655.0,53.75,52.1,52.12,53.05,8634.0
1992-09-17 00:00:00+00:00,95.0,57341.0,53.65,52.55,53.3,53.35,7209.0
1992-09-18 00:00:00+00:00,94.0,56562.0,56.0,54.0,54.1,55.3,12069.0
1992-09-21 00:00:00+00:00,91.0,56060.0,57.3,55.5,55.75,56.9,10923.0
1992-09-22 00:00:00+00:00,90.0,55962.0,57.35,54.8,57.32,56.85,12177.0
1992-09-23 00:00:00+00:00,89.0,56050.0,58.3,56.3,57.25,56.8,13024.0
1992-09-24 00:00:00+00:00,88.0,55746.0,56.45,55.45,55.85,56.05,6299.0
1992-09-25 00:00:00+00:00,87.0,55831.0,56.7,55.05,55.57,56.6,3944.0
1992-09-28 00:00:00+00:00,84.0,55850.0,56.25,55.2,55.37,55.25,3330.0
1992-09-29 00:00:00+00:00,83.0,55758.0,54.9,53.6,54.57,54.1,7013.0
1992-09-30 00:00:00+00:00,82.0,57031.0,56.5,52.8,54.57,55.7,14121.0
1992-10-01 00:00:00+00:00,81.0,57044.0,57.8,56.0,56.22,56.7,8569.0
1992-10-02 00:00:00+00:00,80.0,56902.0,57.65,56.05,56.87,56.85,4494.0
1992-10-05 00:00:00+00:00,77.0,58045.0,58.25,56.2,56.95,58.0,8370.0
1992-10-06 00:00:00+00:00,76.0,58584.0,60.1,57.95,58.07,59.0,12557.0
1992-10-07 00:00:00+00:00,75.0,58653.0,59.95,58.6,58.75,59.8,6616.0
1992-10-08 00:00:00+00:00,74.0,58648.0,60.5,58.6,60.0,60.4,11238.0
1992-10-09 00:00:00+00:00,73.0,59032.0,62.25,60.65,60.77,62.25,10945.0
1992-10-12 00:00:00+00:00,70.0,58916.0,62.5,61.25,61.7,61.8,5785.0
1992-10-13 00:00:00+00:00,69.0,59471.0,63.5,60.6,60.9,63.45,10101.0
1992-10-14 00:00:00+00:00,68.0,59399.0,64.2,62.6,63.65,63.15,10903.0
1992-10-15 00:00:00+00:00,67.0,59672.0,64.05,62.25,62.87,62.85,8170.0
1992-10-16 00:00:00+00:00,66.0,59855.0,62.9,61.7,62.47,62.8,5693.0
1992-10-19 00:00:00+00:00,63.0,60050.0,62.6,61.6,62.1,62.15,3278.0
1992-10-20 00:00:00+00:00,62.0,60680.0,65.25,61.8,61.9,64.85,11568.0
1992-10-21 00:00:00+00:00,61.0,61249.0,66.3,65.1,65.6,65.2,8800.0
1992-10-22 00:00:00+00:00,60.0,61360.0,66.2,64.95,65.32,65.95,7817.0
1992-10-23 00:00:00+00:00,59.0,61504.0,66.95,65.1,66.2,65.4,8624.0
1992-10-26 00:00:00+00:00,56.0,61388.0,66.2,64.3,65.77,65.85,5532.0
1992-10-27 00:00:00+00:00,55.0,61400.0,67.6,66.25,66.55,66.55,9804.0
1992-10-28 00:00:00+00:00,54.0,61604.0,67.2,65.9,66.65,66.8,5304.0
1992-10-29 00:00:00+00:00,53.0,61219.0,67.25,65.15,66.07,67.15,7896.0
1992-10-30 00:00:00+00:00,52.0,61116.0,68.5,67.7,67.87,68.45,8643.0
1992-11-02 00:00:00+00:00,49.0,61585.0,68.5,67.5,67.8,67.8,12061.0
1992-11-03 00:00:00+00:00,48.0,61511.0,68.2,65.7,66.87,67.8,10219.0
1992-11-04 00:00:00+00:00,47.0,61089.0,68.05,67.0,67.85,67.15,3887.0
1992-11-05 00:00:00+00:00,46.0,61196.0,66.4,64.75,65.85,64.95,14064.0
1992-11-06 00:00:00+00:00,45.0,61842.0,65.2,63.45,63.6,64.3,9434.0
1992-11-09 00:00:00+00:00,42.0,60046.0,64.9,61.85,64.45,61.95,11004.0
1992-11-10 00:00:00+00:00,41.0,58741.0,63.4,61.85,62.47,63.2,10554.0
1992-11-11 00:00:00+00:00,40.0,57548.0,65.3,63.6,63.67,65.25,10961.0
1992-11-12 00:00:00+00:00,39.0,57323.0,67.95,65.35,65.4,67.25,17756.0
1992-11-13 00:00:00+00:00,38.0,59063.0,69.4,67.5,68.3,69.2,17406.0
1992-11-16 00:00:00+00:00,35.0,56799.0,72.5,70.1,70.8,72.5,17201.0
1992-11-17 00:00:00+00:00,34.0,55978.0,71.25,69.5,71.02,69.55,15777.0
1992-11-18 00:00:00+00:00,33.0,55569.0,71.7,67.75,69.75,69.5,15821.0
1992-11-19 00:00:00+00:00,32.0,55688.0,70.1,68.75,70.1,69.15,8213.0
1992-11-20 00:00:00+00:00,31.0,53983.0,70.4,68.25,68.9,70.4,5246.0
1992-11-23 00:00:00+00:00,28.0,53760.0,71.1,68.75,71.0,69.85,3933.0
1992-11-24 00:00:00+00:00,27.0,53586.0,69.25,67.4,68.87,68.45,12801.0
1992-11-25 00:00:00+00:00,26.0,53511.0,69.15,67.6,68.0,69.0,5938.0
1992-11-26 00:00:00+00:00,26.0,53511.0,,,,69.0,
1992-11-27 00:00:00+00:00,26.0,53511.0,,,,69.0,
1992-11-30 00:00:00+00:00,21.0,54211.0,71.9,68.5,68.55,71.9,9402.0
1992-12-01 00:00:00+00:00,108.0,56017.0,76.0,73.75,73.75,75.7,14752.0
1992-12-02 00:00:00+00:00,107.0,57195.0,77.6,75.2,75.8,75.55,11949.0
1992-12-03 00:00:00+00:00,106.0,56157.0,76.8,74.85,75.0,76.5,9236.0
1992-12-04 00:00:00+00:00,105.0,56298.0,77.7,75.45,77.25,76.1,7818.0
1992-12-07 00:00:00+00:00,102.0,56465.0,77.0,75.8,76.1,76.6,4879.0
1992-12-08 00:00:00+00:00,101.0,56928.0,78.4,75.3,75.95,78.0,9185.0
1992-12-09 00:00:00+00:00,100.0,56984.0,78.85,77.7,78.4,77.85,9422.0
1992-12-10 00:00:00+00:00,99.0,58156.0,78.9,77.1,77.3,78.65,10678.0
1992-12-11 00:00:00+00:00,98.0,58740.0,79.45,78.6,79.05,79.3,6071.0
1992-12-14 00:00:00+00:00,95.0,59092.0,79.5,78.05,79.15,79.05,6010.0
1992-12-15 00:00:00+00:00,94.0,58938.0,79.2,77.9,78.25,78.7,6507.0
1992-12-16 00:00:00+00:00,93.0,58708.0,79.1,78.1,78.5,78.7,6284.0
1992-12-17 00:00:00+00:00,92.0,58787.0,79.1,78.2,78.6,78.75,4833.0
1992-12-18 00:00:00+00:00,91.0,59077.0,79.9,78.9,79.15,79.7,9146.0
1992-12-21 00:00:00+00:00,88.0,59350.0,82.0,80.2,80.2,81.9,9551.0
1992-12-22 00:00:00+00:00,87.0,59561.0,83.55,81.3,81.7,81.55,16134.0
1992-12-23 00:00:00+00:00,86.0,59321.0,80.4,78.25,79.3,78.55,13451.0
1992-12-24 00:00:00+00:00,85.0,58405.0,78.5,76.75,77.55,78.1,5652.0
1992-12-25 00:00:00+00:00,85.0,58405.0,,,,78.1,
1992-12-28 00:00:00+00:00,81.0,58795.0,80.85,78.25,78.25,80.25,6158.0
1992-12-29 00:00:00+00:00,80.0,59327.0,82.25,77.2,80.4,77.6,12901.0
1992-12-30 00:00:00+00:00,79.0,59749.0,78.25,75.3,76.2,75.8,15321.0
1992-12-31 00:00:00+00:00,78.0,59700.0,77.6,75.9,75.9,77.55,3511.0
1993-01-01 00:00:00+00:00,78.0,59700.0,,,,77.55,
1993-01-04 00:00:00+00:00,74.0,59842.0,78.25,74.3,78.2,74.8,10153.0
1993-01-05 00:00:00+00:00,73.0,59900.0,74.5,71.5,74.25,71.8,17114.0
1993-01-06 00:00:00+00:00,72.0,58290.0,72.6,70.0,71.65,70.3,16981.0
1993-01-07 00:00:00+00:00,71.0,58449.0,73.45,71.25,71.42,73.2,12921.0
1993-01-08 00:00:00+00:00,70.0,57652.0,74.3,69.6,74.0,70.3,19708.0
1993-01-11 00:00:00+00:00,67.0,57021.0,70.75,68.45,70.5,69.25,14640.0
1993-01-12 00:00:00+00:00,66.0,57789.0,72.15,69.05,69.5,71.55,12432.0
1993-01-13 00:00:00+00:00,65.0,57791.0,73.8,70.3,71.6,73.35,15298.0
1993-01-14 00:00:00+00:00,64.0,57405.0,73.4,71.4,73.05,72.4,9028.0
1993-01-15 00:00:00+00:00,63.0,58873.0,71.9,69.5,71.75,69.75,13277.0
1993-01-18 00:00:00+00:00,60.0,59633.0,68.95,66.75,68.25,68.65,13488.0
1993-01-19 00:00:00+00:00,59.0,60851.0,69.5,65.5,68.3,65.6,13835.0
1993-01-20 00:00:00+00:00,58.0,59294.0,66.4,64.45,65.12,64.5,18862.0
1993-01-21 00:00:00+00:00,57.0,60115.0,66.35,63.5,63.7,64.25,14605.0
1993-01-22 00:00:00+00:00,56.0,60320.0,65.7,62.75,64.2,62.8,12452.0
1993-01-25 00:00:00+00:00,53.0,59470.0,62.8,55.0,62.6,56.05,22666.0
1993-01-26 00:00:00+00:00,52.0,59454.0,58.05,54.1,55.65,57.9,16737.0
1993-01-27 00:00:00+00:00,51.0,60488.0,59.8,57.15,58.12,57.75,16447.0
1993-01-28 00:00:00+00:00,50.0,60488.0,58.5,56.0,57.92,58.3,12000.0
1993-01-29 00:00:00+00:00,49.0,61307.0,59.4,57.85,58.55,58.3,7487.0
1993-02-01 00:00:00+00:00,46.0,61332.0,61.0,58.75,58.95,60.95,9754.0
1993-02-02 00:00:00+00:00,45.0,60861.0,65.2,61.0,61.37,63.35,18122.0
1993-02-03 00:00:00+00:00,44.0,60526.0,65.0,61.3,62.3,63.1,13314.0
1993-02-04 00:00:00+00:00,43.0,60775.0,63.0,61.05,61.85,61.95,11511.0
1993-02-05 00:00:00+00:00,42.0,56823.0,63.2,60.5,61.1,62.6,9281.0
1993-02-08 00:00:00+00:00,39.0,57244.0,63.0,57.2,62.3,57.25,14734.0
1993-02-09 00:00:00+00:00,38.0,56794.0,60.0,54.5,56.85,59.3,19425.0
1993-02-10 00:00:00+00:00,37.0,55869.0,61.65,58.3,58.4,61.55,13247.0
1993-02-11 00:00:00+00:00,36.0,54954.0,65.2,63.0,63.25,65.0,15502.0
1993-02-12 00:00:00+00:00,35.0,54077.0,66.2,63.5,64.37,64.3,11308.0
1993-02-15 00:00:00+00:00,35.0,54077.0,,,,64.3,
1993-02-16 00:00:00+00:00,31.0,52473.0,64.7,62.25,63.62,64.25,12514.0
1993-02-17 00:00:00+00:00,30.0,50948.0,65.5,62.0,65.07,62.35,12503.0
1993-02-18 00:00:00+00:00,29.0,50812.0,64.5,63.1,64.25,63.3,6803.0
1993-02-19 00:00:00+00:00,28.0,50857.0,67.0,63.7,63.75,65.75,8529.0
1993-02-22 00:00:00+00:00,25.0,50213.0,67.7,66.15,66.55,67.1,5011.0
1993-02-23 00:00:00+00:00,24.0,49240.0,67.75,63.75,67.5,63.9,9185.0
1993-02-24 00:00:00+00:00,23.0,49245.0,66.2,63.3,64.0,65.15,8070.0
1993-02-25 00:00:00+00:00,22.0,49631.0,66.4,63.6,66.05,63.95,8715.0
1993-02-26 00:00:00+00:00,21.0,48058.0,63.5,60.55,63.4,61.0,7243.0
1993-03-01 00:00:00+00:00,77.0,49581.0,63.75,62.9,63.17,62.95,5430.0
1993-03-02 00:00:00+00:00,76.0,50225.0,64.7,63.6,63.67,64.45,5303.0
1993-03-03 00:00:00+00:00,75.0,50615.0,65.65,64.65,65.2,65.25,4931.0
1993-03-04 00:00:00+00:00,74.0,50746.0,66.05,64.7,65.27,65.55,5090.0
1993-03-05 00:00:00+00:00,73.0,50454.0,65.0,64.0,64.7,64.25,5115.0
1993-03-08 00:00:00+00:00,70.0,50653.0,63.45,62.45,63.12,63.3,10868.0
1993-03-09 00:00:00+00:00,69.0,50752.0,64.0,62.75,63.4,63.75,8131.0
1993-03-10 00:00:00+00:00,68.0,51183.0,63.8,61.9,63.67,62.35,6474.0
1993-03-11 00:00:00+00:00,67.0,51816.0,62.75,61.35,61.57,62.15,7041.0
1993-03-12 00:00:00+00:00,66.0,51985.0,62.3,61.3,61.35,61.7,5023.0
1993-03-15 00:00:00+00:00,63.0,53851.0,64.5,61.4,61.7,63.25,10281.0
1993-03-16 00:00:00+00:00,62.0,53430.0,63.4,60.5,62.77,60.55,12211.0
1993-03-17 00:00:00+00:00,61.0,57099.0,61.75,59.5,59.65,60.7,13852.0
1993-03-18 00:00:00+00:00,60.0,55023.0,61.2,60.1,60.75,60.55,4918.0
1993-03-19 00:00:00+00:00,59.0,55000.0,61.65,60.35,61.05,61.25,5356.0
1993-03-22 00:00:00+00:00,56.0,55278.0,62.6,61.1,61.87,61.3,6867.0
1993-03-23 00:00:00+00:00,55.0,55873.0,61.5,60.0,60.65,61.5,5971.0
1993-03-24 00:00:00+00:00,54.0,55068.0,63.4,61.5,61.62,62.4,9964.0
1993-03-25 00:00:00+00:00,53.0,55462.0,63.0,61.5,62.9,61.7,4820.0
1993-03-26 00:00:00+00:00,52.0,56452.0,61.2,58.2,60.87,58.55,10514.0
1993-03-29 00:00:00+00:00,49.0,57571.0,58.9,56.5,58.8,56.7,14784.0
1993-03-30 00:00:00+00:00,48.0,57424.0,57.8,56.5,56.7,56.7,7212.0
1993-03-31 00:00:00+00:00,47.0,57678.0,59.25,55.85,56.77,58.6,13198.0
1993-04-01 00:00:00+00:00,46.0,57642.0,59.1,57.4,57.67,57.8,7500.0
1993-04-02 00:00:00+00:00,45.0,55716.0,57.8,56.6,57.65,56.8,7659.0
1993-04-05 00:00:00+00:00,42.0,55619.0,56.3,55.25,55.62,55.3,7504.0
1993-04-06 00:00:00+00:00,41.0,56213.0,56.4,54.9,55.12,55.75,7721.0
1993-04-07 00:00:00+00:00,40.0,56563.0,56.4,54.3,56.32,54.45,8253.0
1993-04-08 00:00:00+00:00,39.0,57391.0,55.15,53.25,54.47,53.5,9168.0
1993-04-09 00:00:00+00:00,39.0,57391.0,,,,53.5,
1993-04-12 00:00:00+00:00,35.0,57240.0,54.45,52.8,54.22,53.55,5164.0
1993-04-13 00:00:00+00:00,34.0,57437.0,54.8,53.65,53.92,54.5,6984.0
1993-04-14 00:00:00+00:00,33.0,57563.0,55.25,53.75,54.85,54.5,8818.0
1993-04-15 00:00:00+00:00,32.0,57794.0,55.6,54.45,54.8,54.75,10683.0
1993-04-16 00:00:00+00:00,31.0,57845.0,54.65,53.6,54.12,53.7,7837.0
1993-04-19 00:00:00+00:00,28.0,57422.0,53.25,52.45,53.0,52.8,11597.0
1993-04-20 00:00:00+00:00,27.0,57270.0,54.3,52.6,53.07,53.35,11905.0
1993-04-21 00:00:00+00:00,26.0,55233.0,53.3,52.0,53.15,52.15,20211.0
1993-04-22 00:00:00+00:00,25.0,54429.0,53.5,51.7,51.77,53.0,10588.0
1993-04-23 00:00:00+00:00,24.0,52773.0,54.15,53.15,53.47,54.0,7324.0
1993-04-26 00:00:00+00:00,21.0,53265.0,58.0,54.0,54.05,57.75,13336.0
1993-04-27 00:00:00+00:00,20.0,52314.0,61.0,58.25,58.52,60.85,14318.0
1993-04-28 00:00:00+00:00,19.0,51371.0,61.2,59.3,60.97,60.1,9617.0
1993-04-29 00:00:00+00:00,18.0,52865.0,60.5,57.8,59.12,60.5,12382.0
1993-04-30 00:00:00+00:00,17.0,52086.0,63.5,61.0,61.87,63.5,11057.0
1993-05-03 00:00:00+00:00,78.0,51253.0,65.1,63.6,64.4,64.15,9176.0
1993-05-04 00:00:00+00:00,77.0,50442.0,63.1,58.75,62.15,58.9,11636.0
1993-05-05 00:00:00+00:00,76.0,50902.0,59.25,56.25,58.0,57.95,13462.0
1993-05-06 00:00:00+00:00,75.0,50780.0,59.6,58.1,58.1,59.1,5515.0
1993-05-07 00:00:00+00:00,74.0,51003.0,60.0,57.0,58.8,59.8,8052.0
1993-05-10 00:00:00+00:00,71.0,51094.0,61.35,58.55,59.5,60.1,7188.0
1993-05-11 00:00:00+00:00,70.0,50791.0,61.1,59.65,60.25,60.3,5021.0
1993-05-12 00:00:00+00:00,69.0,50758.0,60.0,58.7,59.9,58.8,5142.0
1993-05-13 00:00:00+00:00,68.0,51419.0,60.8,58.0,60.25,58.15,10121.0
1993-05-14 00:00:00+00:00,67.0,51944.0,59.5,57.8,58.4,59.15,5400.0
1993-05-17 00:00:00+00:00,64.0,51914.0,60.1,58.65,59.0,59.85,4281.0
1993-05-18 00:00:00+00:00,63.0,52048.0,63.4,61.0,61.25,63.3,12957.0
1993-05-19 00:00:00+00:00,62.0,52646.0,64.55,61.65,63.3,63.75,10375.0
1993-05-20 00:00:00+00:00,62.0,52646.0,,,,63.75,
1993-05-21 00:00:00+00:00,60.0,52810.0,66.0,64.25,64.5,65.4,12677.0
1993-05-24 00:00:00+00:00,57.0,53263.0,66.3,61.1,65.5,61.45,12933.0
1993-05-25 00:00:00+00:00,56.0,52912.0,63.95,61.65,62.0,63.5,9730.0
1993-05-26 00:00:00+00:00,55.0,52530.0,65.45,63.6,64.1,64.95,7583.0
1993-05-27 00:00:00+00:00,54.0,52552.0,65.8,62.4,65.6,62.85,8987.0
1993-05-28 00:00:00+00:00,53.0,52059.0,64.0,62.2,62.85,63.55,4801.0
1993-05-31 00:00:00+00:00,53.0,52059.0,,,,63.55,
1993-06-01 00:00:00+00:00,49.0,52737.0,63.1,61.0,62.9,61.25,8508.0
1993-06-02 00:00:00+00:00,48.0,52489.0,62.3,60.5,61.3,61.6,9035.0
1993-06-03 00:00:00+00:00,47.0,52142.0,62.05,60.6,61.6,60.9,5693.0
1993-06-04 00:00:00+00:00,46.0,56675.0,60.9,58.75,60.9,58.85,11867.0
1993-06-07 00:00:00+00:00,43.0,53122.0,59.0,57.6,58.8,58.25,9945.0
1993-06-08 00:00:00+00:00,42.0,53180.0,59.4,58.25,58.5,58.45,6484.0
1993-06-09 00:00:00+00:00,41.0,53127.0,59.1,57.8,58.95,58.35,6634.0
1993-06-10 00:00:00+00:00,40.0,52950.0,59.2,58.25,58.5,59.05,2046.0
1993-06-11 00:00:00+00:00,39.0,53866.0,59.15,57.0,59.0,57.15,10189.0
1993-06-14 00:00:00+00:00,36.0,54018.0,58.95,57.0,57.15,58.75,6904.0
1993-06-15 00:00:00+00:00,35.0,53414.0,61.4,57.75,57.75,61.3,9432.0
1993-06-16 00:00:00+00:00,34.0,52043.0,60.85,58.4,60.05,59.2,12014.0
1993-06-17 00:00:00+00:00,33.0,52225.0,61.8,58.9,58.9,61.7,13425.0
1993-06-18 00:00:00+00:00,32.0,46887.0,62.85,61.3,62.2,61.45,21439.0
1993-06-21 00:00:00+00:00,29.0,47918.0,62.15,60.0,60.9,60.3,13.0
1993-06-22 00:00:00+00:00,28.0,47437.0,61.9,60.6,61.0,61.65,13.0
1993-06-23 00:00:00+00:00,27.0,47113.0,62.4,61.0,61.7,62.3,7616.0
1993-06-24 00:00:00+00:00,26.0,46986.0,62.65,60.9,62.5,61.5,4620.0
1993-06-25 00:00:00+00:00,25.0,47470.0,61.9,59.8,61.9,60.4,8357.0
1993-06-28 00:00:00+00:00,22.0,46976.0,61.35,60.25,60.4,61.0,3759.0
1993-06-29 00:00:00+00:00,21.0,47078.0,60.5,59.15,60.25,59.25,6867.0
1993-06-30 00:00:00+00:00,20.0,47402.0,59.95,59.0,59.3,59.9,5909.0
1993-07-01 00:00:00+00:00,81.0,47771.0,62.3,61.0,61.57,62.25,5137.0
1993-07-02 00:00:00+00:00,80.0,48361.0,64.75,62.75,62.85,64.7,10476.0
1993-07-05 00:00:00+00:00,80.0,48361.0,,,,64.7,
1993-07-06 00:00:00+00:00,76.0,51023.0,72.0,66.75,66.87,71.65,18241.0
1993-07-07 00:00:00+00:00,75.0,50862.0,72.3,69.2,72.22,69.75,12724.0
1993-07-08 00:00:00+00:00,74.0,52740.0,71.35,68.25,68.57,72.5,11113.0
1993-07-09 00:00:00+00:00,73.0,52238.0,71.9,70.05,71.75,70.2,7659.0
1993-07-12 00:00:00+00:00,70.0,52549.0,69.8,68.6,68.85,69.55,4866.0
1993-07-13 00:00:00+00:00,69.0,53995.0,73.95,70.35,72.85,73.6,14845.0
1993-07-14 00:00:00+00:00,68.0,54751.0,74.5,71.05,72.12,71.25,12497.0
1993-07-15 00:00:00+00:00,67.0,55093.0,73.3,69.6,70.5,72.4,10103.0
1993-07-16 00:00:00+00:00,66.0,54324.0,72.9,70.7,71.75,71.25,6660.0
1993-07-19 00:00:00+00:00,63.0,54441.0,73.4,71.1,71.65,72.75,7031.0
1993-07-20 00:00:00+00:00,62.0,54311.0,74.95,71.75,74.1,72.3,11616.0
1993-07-21 00:00:00+00:00,61.0,53836.0,73.05,71.55,72.87,71.7,5399.0
1993-07-22 00:00:00+00:00,60.0,53672.0,73.7,70.7,70.92,72.9,6289.0
1993-07-23 00:00:00+00:00,59.0,54129.0,72.6,71.3,72.35,72.45,5560.0
1993-07-26 00:00:00+00:00,56.0,53827.0,73.25,71.0,72.92,71.45,6091.0
1993-07-27 00:00:00+00:00,55.0,54069.0,73.2,70.8,70.9,72.75,8089.0
1993-07-28 00:00:00+00:00,54.0,53609.0,73.8,72.5,72.65,73.45,6048.0
1993-07-29 00:00:00+00:00,53.0,53039.0,74.25,73.35,73.72,74.1,6368.0
1993-07-30 00:00:00+00:00,52.0,54903.0,77.9,75.2,75.47,76.55,16190.0
1993-08-02 00:00:00+00:00,49.0,54327.0,78.7,76.95,78.2,77.4,7744.0
1993-08-03 00:00:00+00:00,48.0,54076.0,79.35,76.8,76.8,79.25,8891.0
1993-08-04 00:00:00+00:00,47.0,54089.0,80.1,77.7,79.85,78.1,10953.0
1993-08-05 00:00:00+00:00,46.0,54065.0,79.9,77.3,77.3,78.8,9100.0
1993-08-06 00:00:00+00:00,45.0,52214.0,78.35,74.5,77.5,75.95,15935.0
1993-08-09 00:00:00+00:00,42.0,50867.0,77.2,75.8,75.95,76.75,6322.0
1993-08-10 00:00:00+00:00,41.0,50817.0,77.4,74.8,77.1,74.95,9475.0
1993-08-11 00:00:00+00:00,40.0,48976.0,75.25,69.1,74.65,70.1,25868.0
1993-08-12 00:00:00+00:00,39.0,48314.0,71.8,69.2,70.0,69.6,10589.0
1993-08-13 00:00:00+00:00,38.0,48802.0,69.7,66.25,68.1,69.1,16312.0
1993-08-16 00:00:00+00:00,35.0,48216.0,71.5,69.5,69.5,71.4,8634.0
1993-08-17 00:00:00+00:00,34.0,49105.0,72.6,70.4,72.05,71.0,10832.0
1993-08-18 00:00:00+00:00,33.0,48937.0,73.0,70.25,70.25,72.25,11359.0
1993-08-19 00:00:00+00:00,32.0,48254.0,72.75,71.2,72.0,72.2,11597.0
1993-08-20 00:00:00+00:00,31.0,45488.0,72.9,71.7,72.4,72.45,17410.0
1993-08-23 00:00:00+00:00,28.0,44156.0,75.9,72.5,72.5,75.75,9273.0
1993-08-24 00:00:00+00:00,27.0,44461.0,77.0,75.0,76.5,75.25,7604.0
1993-08-25 00:00:00+00:00,26.0,44410.0,76.75,74.2,75.7,76.5,6322.0
1993-08-26 00:00:00+00:00,25.0,44166.0,77.0,75.5,76.5,75.5,9485.0
1993-08-27 00:00:00+00:00,24.0,45261.0,76.8,75.6,75.6,76.55,8139.0
1993-08-30 00:00:00+00:00,21.0,44252.0,76.85,76.2,76.55,76.75,4170.0
1993-08-31 00:00:00+00:00,20.0,44658.0,76.1,75.0,76.0,75.35,7465.0
1993-09-01 00:00:00+00:00,107.0,44694.0,79.5,77.3,77.55,78.95,7286.0
1993-09-02 00:00:00+00:00,106.0,44355.0,79.05,77.9,78.5,78.0,3973.0
1993-09-03 00:00:00+00:00,105.0,44568.0,77.3,75.4,77.12,76.25,8346.0
1993-09-06 00:00:00+00:00,105.0,44568.0,,,,76.25,
1993-09-07 00:00:00+00:00,101.0,44359.0,78.7,74.15,75.8,78.25,10618.0
1993-09-08 00:00:00+00:00,100.0,44856.0,79.7,78.4,79.17,78.8,6901.0
1993-09-09 00:00:00+00:00,99.0,46363.0,82.4,78.6,78.97,82.2,14829.0
1993-09-10 00:00:00+00:00,98.0,48423.0,83.5,80.8,82.3,83.15,11180.0
1993-09-13 00:00:00+00:00,95.0,48735.0,83.8,81.05,83.75,81.55,9432.0
1993-09-14 00:00:00+00:00,94.0,49802.0,83.7,81.4,81.6,82.65,9665.0
1993-09-15 00:00:00+00:00,93.0,49579.0,83.25,81.4,81.95,82.1,7110.0
1993-09-16 00:00:00+00:00,92.0,49315.0,82.4,81.2,82.15,81.5,5433.0
1993-09-17 00:00:00+00:00,91.0,50174.0,83.0,80.7,80.8,82.85,6880.0
1993-09-20 00:00:00+00:00,88.0,50040.0,82.8,80.5,82.3,81.45,8223.0
1993-09-21 00:00:00+00:00,87.0,49227.0,81.9,77.0,81.55,77.1,18209.0
1993-09-22 00:00:00+00:00,86.0,47534.0,79.2,78.0,78.22,78.55,8598.0
1993-09-23 00:00:00+00:00,85.0,48224.0,81.8,78.15,78.22,81.65,10711.0
1993-09-24 00:00:00+00:00,84.0,47492.0,82.2,79.55,81.95,81.1,8946.0
1993-09-27 00:00:00+00:00,81.0,48291.0,81.1,76.85,80.95,77.5,13914.0
1993-09-28 00:00:00+00:00,80.0,47950.0,79.0,76.8,77.97,77.4,8731.0
1993-09-29 00:00:00+00:00,79.0,48202.0,77.0,74.55,76.95,75.65,13622.0
1993-09-30 00:00:00+00:00,78.0,48465.0,76.95,74.5,74.72,74.5,9756.0
1993-10-01 00:00:00+00:00,77.0,48925.0,74.9,72.6,73.25,73.5,13603.0
1993-10-04 00:00:00+00:00,74.0,48611.0,74.45,72.8,73.6,73.35,6427.0
1993-10-05 00:00:00+00:00,73.0,49470.0,74.9,71.3,73.35,71.9,10936.0
1993-10-06 00:00:00+00:00,72.0,50012.0,72.2,70.8,71.9,72.05,10757.0
1993-10-07 00:00:00+00:00,71.0,50260.0,73.0,71.5,72.5,72.05,0.0
1993-10-08 00:00:00+00:00,70.0,50658.0,74.2,72.3,72.3,74.1,8826.0
1993-10-11 00:00:00+00:00,67.0,49991.0,75.5,73.7,74.25,75.05,5940.0
1993-10-12 00:00:00+00:00,66.0,51175.0,74.5,71.5,73.75,72.45,11172.0
1993-10-13 00:00:00+00:00,65.0,50627.0,73.25,72.1,72.1,73.05,4937.0
1993-10-14 00:00:00+00:00,64.0,50275.0,75.3,72.6,72.6,74.7,9655.0
1993-10-15 00:00:00+00:00,63.0,49965.0,75.15,73.8,74.5,75.1,5026.0
1993-10-18 00:00:00+00:00,60.0,49378.0,78.3,76.5,76.5,78.15,10657.0
1993-10-19 00:00:00+00:00,59.0,49316.0,78.5,76.1,78.2,76.3,1241.0
1993-10-20 00:00:00+00:00,58.0,49055.0,78.2,75.4,75.8,75.6,11490.0
1993-10-21 00:00:00+00:00,57.0,49007.0,77.85,76.2,76.55,77.5,7096.0
1993-10-22 00:00:00+00:00,56.0,48882.0,77.6,76.5,77.4,77.15,4155.0
1993-10-25 00:00:00+00:00,53.0,50480.0,77.8,73.75,77.5,74.25,10833.0
1993-10-26 00:00:00+00:00,52.0,50538.0,75.85,72.8,74.3,74.7,13216.0
1993-10-27 00:00:00+00:00,51.0,49866.0,76.75,73.7,74.15,76.35,7964.0
1993-10-28 00:00:00+00:00,50.0,49533.0,78.15,76.25,76.85,78.0,9740.0
1993-10-29 00:00:00+00:00,49.0,49992.0,79.45,77.85,78.55,79.3,10877.0
1993-11-01 00:00:00+00:00,46.0,50031.0,79.6,77.1,79.45,77.55,8144.0
1993-11-02 00:00:00+00:00,45.0,49766.0,78.95,77.7,78.35,78.85,5984.0
1993-11-03 00:00:00+00:00,44.0,50299.0,79.45,78.05,78.7,78.3,6982.0
1993-11-04 00:00:00+00:00,43.0,50588.0,77.25,75.05,76.75,75.15,11925.0
1993-11-05 00:00:00+00:00,42.0,48501.0,77.25,74.6,75.8,76.55,11093.0
1993-11-08 00:00:00+00:00,39.0,48121.0,78.0,74.9,77.8,75.45,11067.0
1993-11-09 00:00:00+00:00,38.0,47498.0,76.8,74.7,75.05,75.75,8634.0
1993-11-10 00:00:00+00:00,37.0,47247.0,76.25,74.1,75.12,76.05,10295.0
1993-11-11 00:00:00+00:00,36.0,47661.0,76.0,74.2,75.7,75.0,10728.0
1993-11-12 00:00:00+00:00,35.0,47975.0,73.5,72.0,72.85,72.9,14284.0
1993-11-15 00:00:00+00:00,32.0,47477.0,73.95,73.1,73.77,73.85,7678.0
1993-11-16 00:00:00+00:00,31.0,48244.0,75.95,74.9,74.97,75.65,17738.0
1993-11-17 00:00:00+00:00,30.0,44438.0,76.15,74.8,76.12,74.85,27465.0
1993-11-18 00:00:00+00:00,29.0,45422.0,78.2,75.3,75.4,78.05,15977.0
1993-11-19 00:00:00+00:00,28.0,45446.0,78.05,75.25,77.92,75.3,14261.0
1993-11-22 00:00:00+00:00,25.0,45017.0,76.2,73.85,75.15,74.3,9559.0
1993-11-23 00:00:00+00:00,24.0,43606.0,76.15,74.85,74.92,76.05,7192.0
1993-11-24 00:00:00+00:00,23.0,43667.0,76.15,75.2,75.77,76.0,5440.0
1993-11-25 00:00:00+00:00,23.0,43667.0,,,,76.0,
1993-11-26 00:00:00+00:00,23.0,43667.0,,,,76.0,
1993-11-29 00:00:00+00:00,18.0,43612.0,76.85,75.25,75.37,76.6,6854.0
1993-11-30 00:00:00+00:00,17.0,43411.0,76.65,74.8,76.6,74.95,6647.0
1993-12-01 00:00:00+00:00,110.0,43479.0,78.9,78.05,78.3,78.65,5673.0
1993-12-02 00:00:00+00:00,109.0,45139.0,78.75,76.05,78.17,76.3,11550.0
1993-12-03 00:00:00+00:00,108.0,45647.0,77.7,76.7,77.5,77.6,9693.0
1993-12-06 00:00:00+00:00,105.0,47284.0,77.9,75.4,77.77,75.95,9929.0
1993-12-07 00:00:00+00:00,104.0,48126.0,76.95,75.5,76.62,76.75,8428.0
1993-12-08 00:00:00+00:00,103.0,48156.0,77.6,75.9,76.5,77.15,6390.0
1993-12-09 00:00:00+00:00,102.0,48373.0,77.75,77.0,77.17,77.35,5931.0
1993-12-10 00:00:00+00:00,101.0,48420.0,79.4,78.45,79.4,79.25,11431.0
1993-12-13 00:00:00+00:00,98.0,48418.0,79.2,78.3,78.7,78.8,5957.0
1993-12-14 00:00:00+00:00,97.0,50288.0,80.3,78.45,78.57,80.1,12706.0
1993-12-15 00:00:00+00:00,96.0,51164.0,80.25,79.1,79.9,79.8,7191.0
1993-12-16 00:00:00+00:00,95.0,51511.0,80.3,78.5,80.27,78.95,10182.0
1993-12-17 00:00:00+00:00,94.0,50072.0,79.85,78.75,79.57,78.85,5338.0
1993-12-20 00:00:00+00:00,91.0,49248.0,78.45,76.05,78.07,76.25,2411.0
1993-12-21 00:00:00+00:00,90.0,48737.0,77.0,76.05,76.9,76.25,1015.0
1993-12-22 00:00:00+00:00,89.0,48624.0,76.7,75.6,76.1,76.3,1024.0
1993-12-23 00:00:00+00:00,88.0,48979.0,76.65,75.85,76.4,76.45,3805.0
1993-12-24 00:00:00+00:00,88.0,48979.0,,,,76.45,
1993-12-27 00:00:00+00:00,84.0,49563.0,77.8,76.1,76.17,77.2,5262.0
1993-12-28 00:00:00+00:00,83.0,49151.0,77.25,76.5,77.15,76.7,4343.0
1993-12-29 00:00:00+00:00,82.0,51423.0,77.25,74.7,77.2,74.9,11628.0
1993-12-30 00:00:00+00:00,81.0,53262.0,74.0,71.35,73.82,71.55,19920.0
1993-12-31 00:00:00+00:00,81.0,53262.0,,,,71.55,
1994-01-03 00:00:00+00:00,77.0,53386.0,73.35,71.45,71.57,72.5,1476.0
1994-01-04 00:00:00+00:00,76.0,53927.0,72.7,71.3,72.37,71.85,2919.0
1994-01-05 00:00:00+00:00,75.0,54016.0,73.1,71.4,72.7,71.55,8563.0
1994-01-06 00:00:00+00:00,74.0,54603.0,72.2,70.55,70.77,72.1,8646.0
1994-01-07 00:00:00+00:00,73.0,54872.0,72.7,70.65,71.9,72.5,12297.0
1994-01-10 00:00:00+00:00,70.0,54474.0,73.35,72.6,72.6,73.05,6097.0
1994-01-11 00:00:00+00:00,69.0,55485.0,73.35,71.6,73.17,71.7,7394.0
1994-01-12 00:00:00+00:00,68.0,55367.0,73.05,71.4,72.1,72.95,9391.0
1994-01-13 00:00:00+00:00,67.0,55178.0,73.8,72.6,72.77,73.45,7866.0
1994-01-14 00:00:00+00:00,66.0,55672.0,74.4,72.75,72.95,73.95,8375.0
1994-01-17 00:00:00+00:00,63.0,55448.0,74.6,73.25,74.5,73.7,7205.0
1994-01-18 00:00:00+00:00,62.0,55350.0,74.9,73.65,73.72,74.65,8303.0
1994-01-19 00:00:00+00:00,61.0,55929.0,74.1,72.0,73.82,72.5,13359.0
1994-01-20 00:00:00+00:00,60.0,55616.0,75.4,72.8,73.05,74.65,15900.0
1994-01-21 00:00:00+00:00,59.0,55151.0,75.8,73.9,75.07,74.25,11727.0
1994-01-24 00:00:00+00:00,56.0,55019.0,75.85,74.1,75.65,74.65,8839.0
1994-01-25 00:00:00+00:00,55.0,54560.0,74.8,73.7,74.35,74.5,6310.0
1994-01-26 00:00:00+00:00,54.0,54516.0,75.1,73.6,73.9,74.8,7080.0
1994-01-27 00:00:00+00:00,53.0,54032.0,75.25,74.25,75.02,74.4,6750.0
1994-01-28 00:00:00+00:00,52.0,53589.0,74.7,73.8,74.2,74.6,4398.0
1994-01-31 00:00:00+00:00,49.0,54544.0,74.5,71.65,74.32,72.35,12737.0
1994-02-01 00:00:00+00:00,48.0,53905.0,73.35,71.95,73.2,72.4,8716.0
1994-02-02 00:00:00+00:00,47.0,54266.0,73.15,72.15,72.27,72.95,8163.0
1994-02-03 00:00:00+00:00,46.0,55742.0,76.25,73.2,73.85,76.1,24663.0
1994-02-04 00:00:00+00:00,45.0,52319.0,77.5,75.5,75.65,76.7,16612.0
1994-02-07 00:00:00+00:00,42.0,52555.0,77.4,76.15,77.32,76.9,8691.0
1994-02-08 00:00:00+00:00,41.0,51823.0,77.2,75.8,76.95,75.95,11179.0
1994-02-09 00:00:00+00:00,40.0,51185.0,76.6,75.6,76.27,76.15,9031.0
1994-02-10 00:00:00+00:00,39.0,50944.0,76.5,75.85,75.95,76.15,7954.0
1994-02-11 00:00:00+00:00,38.0,50746.0,76.1,75.2,76.02,75.3,6802.0
1994-02-14 00:00:00+00:00,35.0,50110.0,75.65,74.75,75.55,75.15,9389.0
1994-02-15 00:00:00+00:00,34.0,47636.0,77.0,75.5,75.52,76.5,26192.0
1994-02-16 00:00:00+00:00,33.0,47640.0,76.3,75.25,75.6,75.4,21963.0
1994-02-17 00:00:00+00:00,32.0,48708.0,77.5,75.8,75.97,76.6,14100.0
1994-02-18 00:00:00+00:00,31.0,48226.0,77.3,76.65,77.22,77.0,7820.0
1994-02-21 00:00:00+00:00,31.0,48226.0,,,,77.0,
1994-02-22 00:00:00+00:00,27.0,48069.0,77.5,75.25,77.4,76.3,10702.0
1994-02-23 00:00:00+00:00,26.0,47394.0,76.95,76.0,76.87,76.35,5436.0
1994-02-24 00:00:00+00:00,25.0,47579.0,76.1,75.5,75.7,75.75,4904.0
1994-02-25 00:00:00+00:00,24.0,47816.0,76.75,75.65,76.0,75.85,6605.0
1994-02-28 00:00:00+00:00,21.0,47713.0,75.6,74.1,75.37,74.6,10533.0
1994-03-01 00:00:00+00:00,78.0,47166.0,77.05,76.6,76.77,76.65,4863.0
1994-03-02 00:00:00+00:00,77.0,47340.0,77.25,75.2,77.1,76.15,10433.0
1994-03-03 00:00:00+00:00,76.0,47154.0,77.5,76.1,76.27,77.1,8618.0
1994-03-04 00:00:00+00:00,75.0,47311.0,77.95,76.8,77.27,77.9,6764.0
1994-03-07 00:00:00+00:00,72.0,49116.0,79.2,77.6,77.85,78.9,12166.0
1994-03-08 00:00:00+00:00,71.0,48639.0,79.1,78.35,79.0,78.65,5273.0
1994-03-09 00:00:00+00:00,70.0,50076.0,79.4,77.9,78.35,79.25,8979.0
1994-03-10 00:00:00+00:00,69.0,52101.0,80.4,79.75,79.95,80.05,11272.0
1994-03-11 00:00:00+00:00,68.0,51889.0,79.9,78.65,79.7,78.8,8967.0
1994-03-14 00:00:00+00:00,65.0,54067.0,81.55,79.8,79.9,81.4,14444.0
1994-03-15 00:00:00+00:00,64.0,54260.0,81.55,80.6,81.2,81.4,7763.0
1994-03-16 00:00:00+00:00,63.0,56034.0,82.6,80.3,81.6,82.3,14110.0
1994-03-17 00:00:00+00:00,62.0,56603.0,82.65,81.55,82.37,82.1,10770.0
1994-03-18 00:00:00+00:00,61.0,56627.0,82.75,81.15,81.65,82.5,8171.0
1994-03-21 00:00:00+00:00,58.0,56699.0,82.1,81.3,81.95,81.75,5712.0
1994-03-22 00:00:00+00:00,57.0,57087.0,83.1,82.0,82.2,82.9,10547.0
1994-03-23 00:00:00+00:00,56.0,57835.0,83.5,82.3,82.77,83.25,8434.0
1994-03-24 00:00:00+00:00,55.0,57663.0,83.9,82.85,83.17,83.6,8735.0
1994-03-25 00:00:00+00:00,54.0,57682.0,83.4,82.5,82.65,82.9,7525.0
1994-03-28 00:00:00+00:00,51.0,57638.0,82.4,81.55,82.25,81.65,7154.0
1994-03-29 00:00:00+00:00,50.0,58003.0,82.0,80.5,81.95,81.2,11247.0
1994-03-30 00:00:00+00:00,49.0,57489.0,81.6,80.55,81.17,81.15,7710.0
1994-03-31 00:00:00+00:00,48.0,56964.0,82.6,80.8,81.17,82.2,8322.0
1994-04-01 00:00:00+00:00,48.0,56964.0,,,,82.2,
1994-04-04 00:00:00+00:00,44.0,57167.0,81.8,79.8,81.7,80.4,14423.0
1994-04-05 00:00:00+00:00,43.0,56837.0,81.1,80.2,80.7,80.3,6520.0
1994-04-06 00:00:00+00:00,42.0,59160.0,83.3,79.6,80.62,83.05,20609.0
1994-04-07 00:00:00+00:00,41.0,60311.0,84.6,83.25,83.42,83.95,16977.0
1994-04-08 00:00:00+00:00,40.0,61125.0,84.4,82.95,84.0,83.3,11322.0
1994-04-11 00:00:00+00:00,37.0,62016.0,84.75,82.75,82.97,84.2,13841.0
1994-04-12 00:00:00+00:00,36.0,61749.0,85.2,83.5,85.0,84.05,15148.0
1994-04-13 00:00:00+00:00,35.0,62005.0,84.15,82.7,83.65,83.05,12667.0
1994-04-14 00:00:00+00:00,34.0,61611.0,83.9,82.4,83.02,83.55,13056.0
1994-04-15 00:00:00+00:00,33.0,59206.0,82.5,79.2,82.07,80.45,25163.0
1994-04-18 00:00:00+00:00,30.0,57671.0,81.4,80.1,81.07,81.3,21806.0
1994-04-19 00:00:00+00:00,29.0,56058.0,81.7,80.1,80.72,80.85,20527.0
1994-04-20 00:00:00+00:00,28.0,53716.0,82.85,81.25,81.37,82.55,15464.0
1994-04-21 00:00:00+00:00,27.0,53688.0,83.7,82.65,83.62,83.1,13012.0
1994-04-22 00:00:00+00:00,26.0,52355.0,84.8,82.5,82.7,84.25,12581.0
1994-04-25 00:00:00+00:00,23.0,51118.0,84.85,84.2,84.5,84.25,6553.0
1994-04-26 00:00:00+00:00,22.0,50930.0,84.8,83.75,83.77,84.25,8644.0
1994-04-27 00:00:00+00:00,22.0,50930.0,,,,84.25,
1994-04-28 00:00:00+00:00,20.0,55059.0,88.1,84.65,85.12,88.05,23440.0
1994-04-29 00:00:00+00:00,19.0,55524.0,89.5,87.95,88.5,89.15,12981.0
1994-05-02 00:00:00+00:00,78.0,55563.0,90.2,88.8,89.9,89.85,8439.0
1994-05-03 00:00:00+00:00,77.0,57288.0,94.4,92.1,92.47,94.05,21125.0
1994-05-04 00:00:00+00:00,76.0,57445.0,97.0,94.6,95.8,94.9,16202.0
1994-05-05 00:00:00+00:00,75.0,58912.0,100.5,93.7,94.32,99.85,23946.0
1994-05-06 00:00:00+00:00,74.0,59403.0,108.5,100.5,103.37,104.2,23219.0
1994-05-09 00:00:00+00:00,71.0,59928.0,109.2,102.0,104.0,108.9,14801.0
1994-05-10 00:00:00+00:00,70.0,59304.0,113.0,105.5,111.8,109.6,18818.0
1994-05-11 00:00:00+00:00,69.0,59380.0,110.2,106.0,107.5,107.15,13800.0
1994-05-12 00:00:00+00:00,68.0,59806.0,109.9,104.7,106.0,109.45,15824.0
1994-05-13 00:00:00+00:00,67.0,61107.0,116.25,111.9,113.25,115.7,23734.0
1994-05-16 00:00:00+00:00,64.0,60230.0,129.0,118.5,121.0,128.05,26443.0
1994-05-17 00:00:00+00:00,63.0,58811.0,129.9,120.0,126.9,120.85,24107.0
1994-05-18 00:00:00+00:00,62.0,57730.0,128.5,118.0,120.75,124.95,20300.0
1994-05-19 00:00:00+00:00,61.0,57087.0,134.0,128.0,132.75,132.55,14498.0
1994-05-20 00:00:00+00:00,60.0,57379.0,131.5,127.5,129.55,130.9,13667.0
1994-05-23 00:00:00+00:00,57.0,58033.0,139.3,128.1,129.05,139.05,12337.0
1994-05-24 00:00:00+00:00,56.0,60311.0,145.5,128.0,144.75,133.1,23611.0
1994-05-25 00:00:00+00:00,55.0,59455.0,132.5,124.7,130.37,127.75,18965.0
1994-05-26 00:00:00+00:00,54.0,58649.0,124.25,117.5,122.0,117.8,20894.0
1994-05-27 00:00:00+00:00,53.0,57773.0,124.2,116.0,120.2,121.3,15578.0
1994-05-30 00:00:00+00:00,53.0,57773.0,,,,121.3,
1994-05-31 00:00:00+00:00,49.0,56466.0,127.5,125.1,126.95,126.0,9811.0
1994-06-01 00:00:00+00:00,48.0,55359.0,125.2,120.6,124.5,123.0,12611.0
1994-06-02 00:00:00+00:00,47.0,56411.0,126.9,122.0,125.4,126.25,10969.0
1994-06-03 00:00:00+00:00,46.0,57753.0,126.2,123.9,125.1,124.55,7949.0
1994-06-06 00:00:00+00:00,43.0,55970.0,123.0,117.3,122.6,119.25,11751.0
1994-06-07 00:00:00+00:00,42.0,55697.0,123.75,118.25,118.95,122.95,11920.0
1994-06-08 00:00:00+00:00,41.0,56340.0,130.0,121.3,122.1,127.95,14857.0
1994-06-09 00:00:00+00:00,40.0,55793.0,129.8,123.0,127.5,124.85,13986.0
1994-06-10 00:00:00+00:00,39.0,55229.0,127.0,122.5,123.5,125.2,13181.0
1994-06-13 00:00:00+00:00,36.0,55498.0,139.0,130.2,132.1,138.3,14725.0
1994-06-14 00:00:00+00:00,35.0,56250.0,143.3,136.1,138.0,138.45,18970.0
1994-06-15 00:00:00+00:00,34.0,57108.0,140.0,134.25,135.5,138.1,14541.0
1994-06-16 00:00:00+00:00,33.0,57149.0,142.0,132.5,141.5,133.65,16434.0
1994-06-17 00:00:00+00:00,32.0,57134.0,135.75,131.75,131.75,134.7,12761.0
1994-06-20 00:00:00+00:00,29.0,56214.0,132.7,128.7,132.25,129.85,14958.0
1994-06-21 00:00:00+00:00,28.0,54555.0,134.5,129.65,129.75,131.3,17072.0
1994-06-22 00:00:00+00:00,27.0,53785.0,133.0,126.1,131.3,127.4,14239.0
1994-06-23 00:00:00+00:00,26.0,52939.0,127.3,124.75,125.6,125.95,9525.0
1994-06-24 00:00:00+00:00,25.0,51384.0,130.0,124.5,129.5,125.95,11576.0
1994-06-27 00:00:00+00:00,22.0,50718.0,180.0,153.0,173.0,159.75,19343.0
1994-06-28 00:00:00+00:00,21.0,51567.0,171.0,164.0,165.1,170.3,16420.0
1994-06-29 00:00:00+00:00,20.0,49457.0,193.0,166.5,169.5,188.75,16509.0
1994-06-30 00:00:00+00:00,19.0,48665.0,192.0,184.0,189.0,189.75,10245.0
1994-07-01 00:00:00+00:00,81.0,48478.0,204.0,194.5,202.75,195.15,9441.0
1994-07-04 00:00:00+00:00,81.0,48478.0,,,,195.15,
1994-07-05 00:00:00+00:00,77.0,48008.0,190.5,185.65,187.87,186.35,6836.0
1994-07-06 00:00:00+00:00,76.0,47987.0,196.5,185.5,187.75,194.5,10947.0
1994-07-07 00:00:00+00:00,75.0,46188.0,197.5,184.0,197.05,193.35,16856.0
1994-07-08 00:00:00+00:00,74.0,45601.0,195.4,187.0,193.55,188.35,7843.0
1994-07-11 00:00:00+00:00,71.0,45289.0,239.5,219.5,223.5,235.35,12755.0
1994-07-12 00:00:00+00:00,70.0,44834.0,249.25,232.0,234.0,246.8,14047.0
1994-07-13 00:00:00+00:00,69.0,44493.0,274.0,241.0,252.62,244.85,23622.0
1994-07-14 00:00:00+00:00,68.0,43808.0,249.5,234.0,245.0,235.6,10077.0
1994-07-15 00:00:00+00:00,67.0,43515.0,246.5,232.0,237.12,238.85,7650.0
1994-07-18 00:00:00+00:00,64.0,42280.0,243.4,235.25,238.65,241.05,7218.0
1994-07-19 00:00:00+00:00,63.0,41996.0,239.25,233.0,237.75,233.5,7164.0
1994-07-20 00:00:00+00:00,62.0,41705.0,227.0,217.75,225.25,220.55,11675.0
1994-07-21 00:00:00+00:00,61.0,41259.0,233.5,215.5,221.3,229.2,10839.0
1994-07-22 00:00:00+00:00,60.0,40367.0,232.5,218.5,231.7,219.4,7308.0
1994-07-25 00:00:00+00:00,57.0,39416.0,213.5,205.0,211.87,209.2,10352.0
1994-07-26 00:00:00+00:00,56.0,39243.0,217.75,202.0,210.07,208.1,10357.0
1994-07-27 00:00:00+00:00,55.0,39317.0,219.0,205.25,218.25,210.95,8414.0
1994-07-28 00:00:00+00:00,54.0,38668.0,208.5,200.0,205.5,202.4,8820.0
1994-07-29 00:00:00+00:00,53.0,38588.0,204.0,196.5,201.25,202.75,8166.0
1994-08-01 00:00:00+00:00,50.0,39459.0,213.0,204.5,204.5,211.6,7168.0
1994-08-02 00:00:00+00:00,49.0,39104.0,220.0,212.5,214.5,213.4,8213.0
1994-08-03 00:00:00+00:00,48.0,38722.0,214.5,209.0,211.65,210.3,8900.0
1994-08-04 00:00:00+00:00,47.0,38623.0,212.25,206.9,211.0,207.8,5122.0
1994-08-05 00:00:00+00:00,46.0,39435.0,208.15,198.5,206.25,202.75,8066.0
1994-08-08 00:00:00+00:00,43.0,36825.0,199.25,178.0,198.0,178.6,15019.0
1994-08-09 00:00:00+00:00,42.0,35301.0,184.5,174.0,175.0,182.3,12448.0
1994-08-10 00:00:00+00:00,41.0,34370.0,187.5,176.0,182.75,177.45,11042.0
1994-08-11 00:00:00+00:00,40.0,34276.0,185.5,173.75,175.0,184.85,8594.0
1994-08-12 00:00:00+00:00,39.0,33602.0,186.5,180.5,184.5,181.1,6996.0
1994-08-15 00:00:00+00:00,36.0,33361.0,195.25,188.0,191.0,194.0,9366.0
1994-08-16 00:00:00+00:00,35.0,33472.0,194.0,189.5,193.0,191.95,9720.0
1994-08-17 00:00:00+00:00,34.0,32423.0,190.25,178.5,189.5,179.45,11208.0
1994-08-18 00:00:00+00:00,33.0,32870.0,185.0,178.0,178.5,182.75,10791.0
1994-08-19 00:00:00+00:00,32.0,34023.0,183.0,176.5,181.0,178.1,8961.0
1994-08-22 00:00:00+00:00,29.0,33150.0,184.25,175.5,179.0,182.75,9741.0
1994-08-23 00:00:00+00:00,28.0,32952.0,192.0,186.75,186.75,191.8,7441.0
1994-08-24 00:00:00+00:00,27.0,32133.0,191.75,187.75,191.0,189.0,5389.0
1994-08-25 00:00:00+00:00,26.0,32096.0,192.0,188.9,190.25,191.75,4105.0
1994-08-26 00:00:00+00:00,25.0,32651.0,207.0,190.0,192.5,205.85,8959.0
1994-08-29 00:00:00+00:00,22.0,33151.0,210.8,204.75,204.75,209.0,6089.0
1994-08-30 00:00:00+00:00,21.0,33998.0,210.5,207.0,207.0,207.75,6896.0
1994-08-31 00:00:00+00:00,20.0,34207.0,214.25,205.5,211.0,205.75,8006.0
1994-09-01 00:00:00+00:00,109.0,34333.0,214.75,209.0,209.0,212.1,5983.0
1994-09-02 00:00:00+00:00,108.0,34598.0,214.5,209.25,212.7,209.9,3669.0
1994-09-05 00:00:00+00:00,108.0,34598.0,,,,209.9,
1994-09-06 00:00:00+00:00,104.0,34500.0,218.5,215.0,215.0,217.7,5334.0
1994-09-07 00:00:00+00:00,103.0,34957.0,223.75,212.5,222.0,216.45,8874.0
1994-09-08 00:00:00+00:00,102.0,34683.0,218.2,213.05,215.75,215.55,5216.0
1994-09-09 00:00:00+00:00,101.0,34628.0,218.25,215.5,215.5,217.0,4385.0
1994-09-12 00:00:00+00:00,98.0,35202.0,225.0,216.75,216.75,224.0,7187.0
1994-09-13 00:00:00+00:00,97.0,34901.0,226.45,221.5,224.25,222.2,9706.0
1994-09-14 00:00:00+00:00,96.0,35319.0,219.75,211.2,215.6,212.7,9401.0
1994-09-15 00:00:00+00:00,95.0,34920.0,214.25,208.0,213.0,212.4,6663.0
1994-09-16 00:00:00+00:00,94.0,35496.0,223.75,213.5,213.5,221.8,8295.0
1994-09-19 00:00:00+00:00,91.0,35746.0,230.5,225.65,226.95,226.55,8155.0
1994-09-20 00:00:00+00:00,90.0,36707.0,232.0,226.1,231.25,228.0,8237.0
1994-09-21 00:00:00+00:00,89.0,36804.0,231.5,225.25,227.0,231.35,7113.0
1994-09-22 00:00:00+00:00,88.0,37317.0,230.7,225.5,229.5,227.55,5948.0
1994-09-23 00:00:00+00:00,87.0,37363.0,232.5,226.8,228.0,229.65,9337.0
1994-09-26 00:00:00+00:00,84.0,37151.0,231.25,226.3,228.0,226.6,6683.0
1994-09-27 00:00:00+00:00,83.0,37103.0,224.0,219.25,222.25,219.95,9932.0
1994-09-28 00:00:00+00:00,82.0,37270.0,221.95,212.6,218.5,214.5,10188.0
1994-09-29 00:00:00+00:00,81.0,36758.0,216.5,211.2,214.5,216.1,8970.0
1994-09-30 00:00:00+00:00,80.0,36053.0,212.5,207.5,211.0,208.85,10298.0
1994-10-03 00:00:00+00:00,77.0,36003.0,213.2,208.25,212.25,209.6,7779.0
1994-10-04 00:00:00+00:00,76.0,36397.0,214.95,210.7,210.7,214.15,9174.0
1994-10-05 00:00:00+00:00,75.0,37179.0,215.75,210.7,213.75,215.05,12889.0
1994-10-06 00:00:00+00:00,74.0,36515.0,213.25,205.0,210.75,205.75,11171.0
1994-10-07 00:00:00+00:00,73.0,35334.0,199.25,189.5,196.4,192.9,14665.0
1994-10-10 00:00:00+00:00,70.0,34802.0,195.5,179.25,193.9,179.75,12571.0
1994-10-11 00:00:00+00:00,69.0,33645.0,187.75,180.75,181.0,184.4,11429.0
1994-10-12 00:00:00+00:00,68.0,33707.0,191.5,184.25,184.25,190.9,9989.0
1994-10-13 00:00:00+00:00,67.0,33096.0,195.5,187.5,190.0,194.6,8405.0
1994-10-14 00:00:00+00:00,66.0,33689.0,190.0,185.75,187.6,188.35,6923.0
1994-10-17 00:00:00+00:00,63.0,34202.0,207.5,179.0,179.0,203.85,11123.0
1994-10-18 00:00:00+00:00,62.0,34297.0,202.75,193.5,198.85,194.9,6965.0
1994-10-19 00:00:00+00:00,61.0,33759.0,206.25,190.1,192.0,201.6,9181.0
1994-10-20 00:00:00+00:00,60.0,33344.0,205.0,199.0,200.25,202.65,4563.0
1994-10-21 00:00:00+00:00,59.0,33467.0,200.0,193.8,199.0,195.55,5423.0
1994-10-24 00:00:00+00:00,56.0,33486.0,198.0,188.1,188.5,196.75,6712.0
1994-10-25 00:00:00+00:00,55.0,33355.0,199.8,194.9,196.75,195.45,6179.0
1994-10-26 00:00:00+00:00,54.0,33229.0,194.25,189.8,190.25,190.8,6402.0
1994-10-27 00:00:00+00:00,53.0,33516.0,192.9,186.1,192.25,189.4,7672.0
1994-10-28 00:00:00+00:00,52.0,33278.0,190.0,187.0,187.6,189.5,4299.0
1994-10-31 00:00:00+00:00,49.0,33127.0,187.9,185.1,186.0,187.4,3910.0
1994-11-01 00:00:00+00:00,48.0,32932.0,189.75,185.75,188.0,186.35,4861.0
1994-11-02 00:00:00+00:00,47.0,33417.0,185.1,175.5,184.35,178.3,15123.0
1994-11-03 00:00:00+00:00,46.0,33266.0,182.25,177.25,178.5,180.7,8040.0
1994-11-04 00:00:00+00:00,45.0,31562.0,183.5,179.25,181.0,183.0,8631.0
1994-11-07 00:00:00+00:00,42.0,31020.0,184.25,181.4,183.25,183.8,5193.0
1994-11-08 00:00:00+00:00,41.0,31401.0,195.0,182.5,182.5,189.0,15010.0
1994-11-09 00:00:00+00:00,40.0,31004.0,192.5,185.1,190.0,186.9,8891.0
1994-11-10 00:00:00+00:00,39.0,31578.0,186.4,183.15,184.9,183.85,7382.0
1994-11-11 00:00:00+00:00,38.0,31466.0,185.2,180.7,184.25,183.95,6504.0
1994-11-14 00:00:00+00:00,35.0,32177.0,184.5,177.0,184.25,177.15,9648.0
1994-11-15 00:00:00+00:00,34.0,32189.0,176.0,169.7,173.5,171.25,12413.0
1994-11-16 00:00:00+00:00,33.0,31789.0,176.5,169.0,170.5,176.1,11174.0
1994-11-17 00:00:00+00:00,32.0,29840.0,177.75,169.75,176.1,171.3,13076.0
1994-11-18 00:00:00+00:00,31.0,29383.0,173.1,166.75,171.75,167.4,7338.0
1994-11-21 00:00:00+00:00,28.0,31021.0,165.5,156.25,165.5,158.65,10882.0
1994-11-22 00:00:00+00:00,27.0,28741.0,164.75,158.65,160.5,160.35,9010.0
1994-11-23 00:00:00+00:00,26.0,29402.0,159.0,154.4,156.75,158.4,9107.0
1994-11-24 00:00:00+00:00,26.0,29402.0,,,,158.4,
1994-11-25 00:00:00+00:00,26.0,29402.0,,,,158.4,
1994-11-28 00:00:00+00:00,21.0,29251.0,161.75,158.25,159.5,160.25,5770.0
1994-11-29 00:00:00+00:00,20.0,29810.0,163.25,158.75,162.5,158.5,7504.0
1994-11-30 00:00:00+00:00,19.0,29684.0,157.0,152.5,156.15,157.15,8615.0
1994-12-01 00:00:00+00:00,110.0,30038.0,162.5,159.7,160.75,161.7,5465.0
1994-12-02 00:00:00+00:00,109.0,29288.0,161.75,157.75,159.8,161.0,5639.0
1994-12-05 00:00:00+00:00,106.0,30146.0,164.65,159.75,159.75,163.35,6906.0
1994-12-06 00:00:00+00:00,105.0,29928.0,166.4,162.25,162.9,165.5,5938.0
1994-12-07 00:00:00+00:00,104.0,30217.0,168.85,164.0,166.3,164.9,7656.0
1994-12-08 00:00:00+00:00,103.0,30255.0,165.8,163.1,163.5,164.45,4885.0
1994-12-09 00:00:00+00:00,102.0,30313.0,164.95,162.4,164.5,162.75,4137.0
1994-12-12 00:00:00+00:00,99.0,30537.0,166.75,161.0,161.35,165.8,5214.0
1994-12-13 00:00:00+00:00,98.0,30880.0,164.25,152.5,163.6,153.6,10630.0
1994-12-14 00:00:00+00:00,97.0,30450.0,149.25,144.5,146.5,147.1,9018.0
1994-12-15 00:00:00+00:00,96.0,30786.0,150.6,147.5,148.5,150.4,7839.0
1994-12-16 00:00:00+00:00,95.0,30912.0,161.6,152.7,153.4,158.55,10510.0
1994-12-19 00:00:00+00:00,92.0,31360.0,160.2,156.5,158.25,158.85,6306.0
1994-12-20 00:00:00+00:00,91.0,31292.0,162.0,156.6,156.8,161.65,7026.0
1994-12-21 00:00:00+00:00,90.0,32160.0,175.0,167.5,167.5,173.75,13721.0
1994-12-22 00:00:00+00:00,89.0,32247.0,172.5,168.25,171.2,171.75,9039.0
1994-12-23 00:00:00+00:00,88.0,32078.0,174.0,172.0,172.5,172.45,2880.0
1994-12-26 00:00:00+00:00,88.0,32078.0,,,,172.45,
1994-12-27 00:00:00+00:00,84.0,32642.0,173.4,171.7,172.0,172.4,2622.0
1994-12-28 00:00:00+00:00,83.0,32509.0,174.75,172.4,173.7,174.2,4959.0
1994-12-29 00:00:00+00:00,82.0,32781.0,178.0,173.0,176.0,173.85,6992.0
1994-12-30 00:00:00+00:00,81.0,33009.0,172.0,167.75,171.0,168.85,5331.0
1995-01-02 00:00:00+00:00,81.0,33009.0,,,,168.85,
1995-01-03 00:00:00+00:00,77.0,33221.0,168.3,165.35,166.5,167.75,4766.0
1995-01-04 00:00:00+00:00,76.0,33286.0,169.8,165.75,168.5,168.0,4922.0
1995-01-05 00:00:00+00:00,75.0,33593.0,173.25,166.35,166.75,172.55,8876.0
1995-01-06 00:00:00+00:00,74.0,33651.0,175.5,170.6,172.0,174.95,12187.0
1995-01-09 00:00:00+00:00,71.0,34035.0,175.5,168.0,174.4,169.1,6978.0
1995-01-10 00:00:00+00:00,70.0,33906.0,170.8,166.7,167.1,169.0,7147.0
1995-01-11 00:00:00+00:00,69.0,33967.0,172.0,163.1,171.5,164.7,10968.0
1995-01-12 00:00:00+00:00,68.0,33682.0,167.9,164.25,165.25,167.7,5557.0
1995-01-13 00:00:00+00:00,67.0,33786.0,170.2,168.2,169.25,169.8,5535.0
1995-01-16 00:00:00+00:00,64.0,34187.0,171.3,166.7,171.0,168.45,5031.0
1995-01-17 00:00:00+00:00,63.0,34135.0,171.75,169.1,170.0,170.3,6236.0
1995-01-18 00:00:00+00:00,62.0,34575.0,174.5,168.8,169.15,174.25,8509.0
1995-01-19 00:00:00+00:00,61.0,35222.0,175.0,171.5,174.5,172.35,7506.0
1995-01-20 00:00:00+00:00,60.0,35516.0,176.25,168.45,171.5,169.85,10912.0
1995-01-23 00:00:00+00:00,57.0,35395.0,171.25,168.8,170.0,169.55,5200.0
1995-01-24 00:00:00+00:00,56.0,34704.0,170.1,164.5,168.8,166.6,11268.0
1995-01-25 00:00:00+00:00,55.0,34472.0,167.8,164.8,166.0,165.4,6708.0
1995-01-26 00:00:00+00:00,54.0,35462.0,168.0,162.9,163.7,167.0,9929.0
1995-01-27 00:00:00+00:00,53.0,35018.0,167.75,161.0,166.5,161.65,10976.0
1995-01-30 00:00:00+00:00,50.0,35749.0,160.5,154.75,158.4,157.45,10774.0
1995-01-31 00:00:00+00:00,49.0,36010.0,158.4,154.0,158.25,155.5,9265.0
1995-02-01 00:00:00+00:00,48.0,35101.0,157.5,154.7,155.35,155.75,7249.0
1995-02-02 00:00:00+00:00,47.0,35402.0,159.0,155.1,155.1,158.2,7746.0
1995-02-03 00:00:00+00:00,46.0,35393.0,159.4,153.2,158.2,154.35,8863.0
1995-02-06 00:00:00+00:00,43.0,37100.0,155.4,150.75,155.05,153.9,8709.0
1995-02-07 00:00:00+00:00,42.0,36653.0,155.65,153.6,154.8,154.0,6546.0
1995-02-08 00:00:00+00:00,41.0,36187.0,159.25,152.25,152.7,156.85,10770.0
1995-02-09 00:00:00+00:00,40.0,36788.0,160.0,157.25,157.25,158.9,11460.0
1995-02-10 00:00:00+00:00,39.0,36896.0,163.8,157.25,157.5,162.75,11715.0
1995-02-13 00:00:00+00:00,36.0,36743.0,163.45,161.85,162.5,162.2,6524.0
1995-02-14 00:00:00+00:00,35.0,36782.0,166.7,162.3,162.5,164.5,15463.0
1995-02-15 00:00:00+00:00,34.0,35744.0,165.75,163.6,165.25,165.25,11200.0
1995-02-16 00:00:00+00:00,33.0,34608.0,166.7,162.0,164.25,162.85,12702.0
1995-02-17 00:00:00+00:00,32.0,33984.0,169.9,163.15,164.0,169.35,11170.0
1995-02-20 00:00:00+00:00,32.0,33984.0,,,,169.35,
1995-02-21 00:00:00+00:00,28.0,33405.0,173.15,169.1,171.35,170.1,10596.0
1995-02-22 00:00:00+00:00,27.0,32983.0,170.0,168.4,169.5,169.15,6272.0
1995-02-23 00:00:00+00:00,26.0,33057.0,172.1,168.5,170.0,169.65,7941.0
1995-02-24 00:00:00+00:00,25.0,33756.0,174.7,171.65,171.65,174.55,11140.0
1995-02-27 00:00:00+00:00,22.0,35790.0,184.5,175.0,175.0,184.3,15537.0
1995-02-28 00:00:00+00:00,21.0,36060.0,183.0,180.55,182.5,181.0,9749.0
1995-03-01 00:00:00+00:00,78.0,37575.0,187.7,179.45,179.5,186.65,13601.0
1995-03-02 00:00:00+00:00,77.0,37278.0,187.7,180.0,185.1,182.65,11346.0
1995-03-03 00:00:00+00:00,76.0,37047.0,185.0,178.7,181.0,179.8,8722.0
1995-03-06 00:00:00+00:00,73.0,36813.0,181.75,177.75,179.25,179.75,5063.0
1995-03-07 00:00:00+00:00,72.0,36273.0,182.5,178.25,180.75,179.65,6924.0
1995-03-08 00:00:00+00:00,71.0,36736.0,182.8,178.75,179.9,181.35,8156.0
1995-03-09 00:00:00+00:00,70.0,36730.0,184.0,181.75,183.0,183.25,5799.0
1995-03-10 00:00:00+00:00,69.0,37488.0,188.95,183.9,185.0,187.75,9711.0
1995-03-13 00:00:00+00:00,66.0,37515.0,187.5,180.25,186.5,182.15,11199.0
1995-03-14 00:00:00+00:00,65.0,37730.0,185.3,175.0,175.0,182.4,10737.0
1995-03-15 00:00:00+00:00,64.0,37804.0,181.5,178.0,180.5,178.8,8425.0
1995-03-16 00:00:00+00:00,63.0,36973.0,182.4,170.55,180.5,171.2,13642.0
1995-03-17 00:00:00+00:00,62.0,36225.0,172.9,166.8,170.6,169.15,13092.0
1995-03-20 00:00:00+00:00,59.0,35959.0,169.9,166.65,169.25,168.5,9429.0
1995-03-21 00:00:00+00:00,58.0,37113.0,172.5,165.3,169.75,171.45,12080.0
1995-03-22 00:00:00+00:00,57.0,37235.0,172.2,167.7,171.3,169.55,7117.0
1995-03-23 00:00:00+00:00,56.0,37311.0,168.9,165.35,166.75,165.65,11602.0
1995-03-24 00:00:00+00:00,55.0,37094.0,168.4,161.6,164.1,167.6,11808.0
1995-03-27 00:00:00+00:00,52.0,36749.0,169.8,166.6,166.6,167.7,5628.0
1995-03-28 00:00:00+00:00,51.0,36659.0,170.5,165.7,166.2,167.5,8106.0
1995-03-29 00:00:00+00:00,50.0,36024.0,168.3,165.55,166.1,167.25,5104.0
1995-03-30 00:00:00+00:00,49.0,36477.0,169.7,163.2,168.75,164.05,9205.0
1995-03-31 00:00:00+00:00,48.0,36541.0,166.5,162.75,164.0,166.3,6841.0
1995-04-03 00:00:00+00:00,45.0,36098.0,167.0,164.6,166.8,165.45,5384.0
1995-04-04 00:00:00+00:00,44.0,36010.0,166.2,164.25,165.25,165.1,4915.0
1995-04-05 00:00:00+00:00,43.0,36125.0,168.4,165.5,165.5,167.45,7237.0
1995-04-06 00:00:00+00:00,42.0,35963.0,169.35,166.5,167.5,166.8,6788.0
1995-04-07 00:00:00+00:00,41.0,35691.0,168.7,165.55,165.9,167.1,7216.0
1995-04-10 00:00:00+00:00,38.0,35236.0,167.7,165.9,166.5,167.0,3435.0
1995-04-11 00:00:00+00:00,37.0,34577.0,167.75,165.0,167.6,165.45,6439.0
1995-04-12 00:00:00+00:00,36.0,34297.0,165.8,164.6,164.95,165.65,6958.0
1995-04-13 00:00:00+00:00,35.0,34012.0,165.75,161.5,165.3,162.65,12991.0
1995-04-14 00:00:00+00:00,35.0,34012.0,,,,162.65,
1995-04-17 00:00:00+00:00,31.0,33419.0,165.45,161.55,162.0,164.3,8081.0
1995-04-18 00:00:00+00:00,30.0,33792.0,168.5,163.0,163.5,165.75,14386.0
1995-04-19 00:00:00+00:00,29.0,33010.0,169.5,165.8,166.5,169.15,17557.0
1995-04-20 00:00:00+00:00,28.0,33811.0,172.0,168.0,168.0,169.2,11923.0
1995-04-21 00:00:00+00:00,27.0,33776.0,173.1,169.0,169.2,172.85,8059.0
1995-04-24 00:00:00+00:00,24.0,33203.0,175.5,171.35,172.9,175.05,7913.0
1995-04-25 00:00:00+00:00,23.0,33222.0,175.25,172.6,175.0,174.95,9017.0
1995-04-26 00:00:00+00:00,22.0,33485.0,174.6,172.2,172.5,173.65,7431.0
1995-04-27 00:00:00+00:00,21.0,33705.0,172.75,171.6,172.75,171.8,4969.0
1995-04-28 00:00:00+00:00,20.0,33932.0,171.8,169.5,171.6,170.25,5504.0
1995-05-01 00:00:00+00:00,79.0,33845.0,174.25,172.9,173.1,173.15,2236.0
1995-05-02 00:00:00+00:00,78.0,33604.0,172.35,170.6,171.9,171.85,5343.0
1995-05-03 00:00:00+00:00,77.0,34299.0,176.5,172.75,172.75,176.3,6149.0
1995-05-04 00:00:00+00:00,76.0,34153.0,178.1,175.05,176.1,175.6,6046.0
1995-05-05 00:00:00+00:00,75.0,33860.0,176.4,174.4,174.6,174.85,4762.0
1995-05-08 00:00:00+00:00,72.0,33848.0,175.0,173.9,174.7,174.0,2643.0
1995-05-09 00:00:00+00:00,71.0,34606.0,177.5,173.4,173.4,174.8,7671.0
1995-05-10 00:00:00+00:00,70.0,34759.0,176.4,173.75,174.3,174.8,4995.0
1995-05-11 00:00:00+00:00,69.0,34104.0,175.8,168.5,174.0,169.9,10367.0
1995-05-12 00:00:00+00:00,68.0,33641.0,170.4,168.0,170.0,168.1,8672.0
1995-05-15 00:00:00+00:00,65.0,33598.0,171.25,168.25,168.25,170.05,4920.0
1995-05-16 00:00:00+00:00,64.0,33408.0,170.95,167.1,170.6,167.45,6875.0
1995-05-17 00:00:00+00:00,63.0,33462.0,170.8,166.25,166.8,170.35,5956.0
1995-05-18 00:00:00+00:00,62.0,32788.0,169.5,166.1,168.25,166.4,8784.0
1995-05-19 00:00:00+00:00,61.0,32636.0,168.25,166.2,167.0,167.1,5184.0
1995-05-22 00:00:00+00:00,58.0,34490.0,166.7,162.1,166.3,162.35,9871.0
1995-05-23 00:00:00+00:00,57.0,36749.0,162.5,152.8,161.45,155.45,20248.0
1995-05-24 00:00:00+00:00,56.0,37000.0,157.9,150.4,153.4,151.05,11252.0
1995-05-25 00:00:00+00:00,55.0,36891.0,156.0,149.0,149.4,154.85,10200.0
1995-05-26 00:00:00+00:00,54.0,36903.0,157.3,149.0,155.75,152.1,7938.0
1995-05-29 00:00:00+00:00,54.0,36903.0,,,,152.1,
1995-05-30 00:00:00+00:00,50.0,35786.0,155.0,151.75,152.5,154.05,5023.0
1995-05-31 00:00:00+00:00,49.0,37107.0,156.3,151.5,155.0,153.85,8067.0
1995-06-01 00:00:00+00:00,48.0,36426.0,159.75,154.75,154.75,158.65,9917.0
1995-06-02 00:00:00+00:00,47.0,36294.0,162.0,156.6,161.5,159.6,8160.0
1995-06-05 00:00:00+00:00,44.0,35503.0,159.25,158.0,158.65,158.4,2207.0
1995-06-06 00:00:00+00:00,43.0,35598.0,157.9,154.7,157.3,156.65,6602.0
1995-06-07 00:00:00+00:00,42.0,35581.0,157.2,148.5,155.75,150.15,11708.0
1995-06-08 00:00:00+00:00,41.0,35814.0,152.5,148.5,150.5,151.7,8342.0
1995-06-09 00:00:00+00:00,40.0,35358.0,154.25,150.3,152.75,152.3,7754.0
1995-06-12 00:00:00+00:00,37.0,34865.0,154.5,150.8,150.8,153.6,5007.0
1995-06-13 00:00:00+00:00,36.0,36266.0,154.0,145.6,153.3,146.45,12633.0
1995-06-14 00:00:00+00:00,35.0,38250.0,151.0,146.3,147.7,147.1,16632.0
1995-06-15 00:00:00+00:00,34.0,36678.0,156.0,147.75,148.0,154.25,10422.0
1995-06-16 00:00:00+00:00,33.0,36234.0,153.0,148.5,152.1,149.9,9102.0
1995-06-19 00:00:00+00:00,30.0,35131.0,148.25,145.7,147.0,147.15,8367.0
1995-06-20 00:00:00+00:00,29.0,34981.0,150.5,146.75,146.75,149.55,8283.0
1995-06-21 00:00:00+00:00,28.0,33565.0,155.0,149.2,150.4,149.8,12876.0
1995-06-22 00:00:00+00:00,27.0,33109.0,153.6,150.1,152.25,151.15,5830.0
1995-06-23 00:00:00+00:00,26.0,33314.0,151.0,142.5,150.0,144.15,9082.0
1995-06-26 00:00:00+00:00,23.0,32045.0,146.25,136.5,146.0,138.8,7012.0
1995-06-27 00:00:00+00:00,22.0,31054.0,139.5,134.5,139.5,138.1,8901.0
1995-06-28 00:00:00+00:00,21.0,30461.0,140.3,137.6,138.5,139.2,5712.0
1995-06-29 00:00:00+00:00,20.0,30620.0,141.5,136.5,140.0,136.65,5855.0
1995-06-30 00:00:00+00:00,19.0,30668.0,135.0,130.5,132.5,130.5,6145.0
1995-07-03 00:00:00+00:00,19.0,30668.0,,,,130.5,
1995-07-04 00:00:00+00:00,19.0,30668.0,,,,130.5,
1995-07-05 00:00:00+00:00,76.0,29940.0,134.0,125.5,130.0,126.15,8826.0
1995-07-06 00:00:00+00:00,75.0,31195.0,124.9,120.0,122.0,121.05,9953.0
1995-07-07 00:00:00+00:00,74.0,31541.0,131.3,122.3,122.5,129.85,9378.0
1995-07-10 00:00:00+00:00,71.0,31659.0,139.0,127.75,131.5,137.35,10360.0
1995-07-11 00:00:00+00:00,70.0,31664.0,140.15,134.75,137.5,136.45,8706.0
1995-07-12 00:00:00+00:00,69.0,30679.0,139.75,134.8,135.9,138.6,7923.0
1995-07-13 00:00:00+00:00,68.0,30713.0,139.75,137.1,138.5,139.2,4770.0
1995-07-14 00:00:00+00:00,67.0,29676.0,145.9,139.4,139.4,144.7,10217.0
1995-07-17 00:00:00+00:00,64.0,29661.0,143.0,137.85,142.1,139.3,8271.0
1995-07-18 00:00:00+00:00,63.0,29429.0,139.7,133.2,135.75,138.7,9185.0
1995-07-19 00:00:00+00:00,62.0,29637.0,142.3,138.6,139.7,139.55,6423.0
1995-07-20 00:00:00+00:00,61.0,30970.0,142.5,139.0,139.25,142.2,9494.0
1995-07-21 00:00:00+00:00,60.0,29947.0,149.5,144.0,144.0,148.3,12761.0
1995-07-24 00:00:00+00:00,57.0,29705.0,148.0,145.65,146.3,146.7,4702.0
1995-07-25 00:00:00+00:00,56.0,29747.0,149.5,143.65,144.5,147.35,7930.0
1995-07-26 00:00:00+00:00,55.0,29566.0,152.8,150.5,151.0,152.3,9395.0
1995-07-27 00:00:00+00:00,54.0,29254.0,151.25,147.35,150.85,147.6,8846.0
1995-07-28 00:00:00+00:00,53.0,29224.0,146.9,143.0,145.0,143.3,7655.0
1995-07-31 00:00:00+00:00,50.0,28757.0,146.0,137.5,141.25,145.7,7748.0
1995-08-01 00:00:00+00:00,49.0,28606.0,146.5,140.35,146.0,142.0,7832.0
1995-08-02 00:00:00+00:00,48.0,28379.0,147.25,141.0,141.0,144.4,8916.0
1995-08-03 00:00:00+00:00,47.0,27927.0,145.9,143.65,144.9,144.75,6774.0
1995-08-04 00:00:00+00:00,46.0,26057.0,145.25,140.5,143.2,144.15,6369.0
1995-08-07 00:00:00+00:00,43.0,27068.0,146.0,141.0,142.1,143.75,4887.0
1995-08-08 00:00:00+00:00,42.0,27132.0,145.5,141.8,142.5,145.25,5815.0
1995-08-09 00:00:00+00:00,41.0,27467.0,146.5,144.4,145.5,144.75,5641.0
1995-08-10 00:00:00+00:00,40.0,27560.0,148.0,144.8,144.8,147.0,6020.0
1995-08-11 00:00:00+00:00,39.0,27740.0,147.75,145.4,146.75,146.95,4929.0
1995-08-14 00:00:00+00:00,36.0,27642.0,147.2,146.0,147.0,146.25,3467.0
1995-08-15 00:00:00+00:00,35.0,27921.0,147.7,144.9,145.5,147.15,6587.0
1995-08-16 00:00:00+00:00,34.0,28316.0,148.75,146.0,148.0,147.35,7392.0
1995-08-17 00:00:00+00:00,33.0,28892.0,148.1,145.1,146.7,145.45,6866.0
1995-08-18 00:00:00+00:00,32.0,28374.0,146.0,143.75,144.1,144.65,7066.0
1995-08-21 00:00:00+00:00,29.0,29159.0,148.0,143.8,143.9,147.45,9761.0
1995-08-22 00:00:00+00:00,28.0,26327.0,152.0,147.1,147.5,149.5,15858.0
1995-08-23 00:00:00+00:00,27.0,26520.0,151.5,149.25,149.5,151.2,7104.0
1995-08-24 00:00:00+00:00,26.0,26273.0,151.45,149.5,151.0,150.35,3929.0
1995-08-25 00:00:00+00:00,25.0,27606.0,154.75,150.0,150.0,153.6,8644.0
1995-08-28 00:00:00+00:00,22.0,27730.0,154.8,153.0,153.6,153.9,4069.0
1995-08-29 00:00:00+00:00,21.0,27100.0,153.75,150.5,153.25,153.0,6261.0
1995-08-30 00:00:00+00:00,20.0,25775.0,152.5,147.0,152.5,147.0,10261.0
1995-08-31 00:00:00+00:00,19.0,25743.0,148.25,145.9,146.5,146.4,6618.0
1995-09-01 00:00:00+00:00,108.0,25260.0,151.9,146.0,146.0,151.15,6595.0
1995-09-04 00:00:00+00:00,108.0,25260.0,,,,151.15,
1995-09-05 00:00:00+00:00,104.0,25733.0,150.75,147.5,149.75,149.1,3652.0
1995-09-06 00:00:00+00:00,103.0,26279.0,149.5,145.0,149.1,145.6,5944.0
1995-09-07 00:00:00+00:00,102.0,26395.0,144.5,138.95,143.3,139.75,12605.0
1995-09-08 00:00:00+00:00,101.0,26062.0,141.4,135.0,139.0,136.85,11056.0
1995-09-11 00:00:00+00:00,98.0,26061.0,137.7,133.6,136.1,133.8,6976.0
1995-09-12 00:00:00+00:00,97.0,26377.0,132.0,126.0,130.25,127.15,11908.0
1995-09-13 00:00:00+00:00,96.0,27028.0,130.5,125.2,126.5,127.0,901.0
1995-09-14 00:00:00+00:00,95.0,26563.0,129.6,126.0,127.25,128.85,6955.0
1995-09-15 00:00:00+00:00,94.0,26924.0,131.0,129.1,129.8,129.75,6578.0
1995-09-18 00:00:00+00:00,91.0,27465.0,133.3,124.0,131.0,124.2,9217.0
1995-09-19 00:00:00+00:00,90.0,28622.0,120.75,117.0,119.5,119.05,11041.0
1995-09-20 00:00:00+00:00,89.0,29275.0,123.9,117.25,121.0,122.85,10868.0
1995-09-21 00:00:00+00:00,88.0,29595.0,128.0,123.8,125.0,127.7,8242.0
1995-09-22 00:00:00+00:00,87.0,29462.0,128.25,125.1,127.5,125.6,4819.0
1995-09-25 00:00:00+00:00,84.0,29548.0,123.25,115.6,122.1,116.1,7850.0
1995-09-26 00:00:00+00:00,83.0,29972.0,120.9,113.15,113.5,119.8,9069.0
1995-09-27 00:00:00+00:00,82.0,29931.0,120.0,113.35,119.25,115.2,7945.0
1995-09-28 00:00:00+00:00,81.0,29931.0,117.7,113.3,113.3,115.25,6682.0
1995-09-29 00:00:00+00:00,80.0,29534.0,118.5,116.25,117.5,117.25,7449.0
1995-10-02 00:00:00+00:00,77.0,29413.0,123.2,119.5,120.0,121.8,8855.0
1995-10-03 00:00:00+00:00,76.0,28511.0,122.2,118.6,119.5,121.8,6904.0
1995-10-04 00:00:00+00:00,75.0,28681.0,124.35,121.6,122.75,123.15,5522.0
1995-10-05 00:00:00+00:00,74.0,28877.0,124.0,119.7,121.0,123.5,5748.0
1995-10-06 00:00:00+00:00,73.0,29386.0,124.75,117.0,124.35,118.1,9299.0
1995-10-09 00:00:00+00:00,70.0,29244.0,118.25,113.5,116.85,114.05,7189.0
1995-10-10 00:00:00+00:00,69.0,29387.0,118.7,111.5,112.0,117.8,9405.0
1995-10-11 00:00:00+00:00,68.0,28902.0,120.75,116.2,117.1,119.9,6761.0
1995-10-12 00:00:00+00:00,67.0,29041.0,120.4,117.75,117.75,118.65,3785.0
1995-10-13 00:00:00+00:00,66.0,28865.0,123.2,120.8,121.0,122.05,6583.0
1995-10-16 00:00:00+00:00,63.0,28248.0,126.9,123.8,124.0,125.9,7989.0
1995-10-17 00:00:00+00:00,62.0,29044.0,129.0,121.6,126.9,122.2,10083.0
1995-10-18 00:00:00+00:00,61.0,29081.0,125.95,120.5,122.0,123.55,8552.0
1995-10-19 00:00:00+00:00,60.0,27889.0,126.2,123.5,124.0,125.45,5342.0
1995-10-20 00:00:00+00:00,59.0,27660.0,125.4,121.8,124.5,124.95,6109.0
1995-10-23 00:00:00+00:00,56.0,27406.0,127.25,124.75,125.0,126.35,5593.0
1995-10-24 00:00:00+00:00,55.0,27886.0,128.45,123.0,128.0,124.6,7740.0
1995-10-25 00:00:00+00:00,54.0,27650.0,126.4,121.5,125.75,121.75,6393.0
1995-10-26 00:00:00+00:00,53.0,27619.0,123.75,120.75,121.95,123.4,6752.0
1995-10-27 00:00:00+00:00,52.0,27717.0,124.1,120.1,123.4,122.75,6577.0
1995-10-30 00:00:00+00:00,49.0,27283.0,122.0,119.25,121.25,120.55,6032.0
1995-10-31 00:00:00+00:00,48.0,27202.0,122.2,118.9,119.05,121.55,5735.0
1995-11-01 00:00:00+00:00,47.0,27399.0,123.25,120.35,121.0,122.25,5657.0
1995-11-02 00:00:00+00:00,46.0,27531.0,124.0,122.75,122.8,123.9,4436.0
1995-11-03 00:00:00+00:00,45.0,27036.0,126.0,123.5,123.5,125.8,6509.0
1995-11-06 00:00:00+00:00,42.0,26495.0,126.3,125.0,125.1,125.35,1507.0
1995-11-07 00:00:00+00:00,41.0,25593.0,126.1,124.6,125.0,124.95,5079.0
1995-11-08 00:00:00+00:00,40.0,25880.0,129.0,125.25,125.25,127.9,8659.0
1995-11-09 00:00:00+00:00,39.0,25314.0,128.9,126.7,128.25,126.9,8134.0
1995-11-10 00:00:00+00:00,38.0,24769.0,127.7,125.45,127.2,126.75,5697.0
1995-11-13 00:00:00+00:00,35.0,24798.0,130.0,127.0,127.0,128.4,6720.0
1995-11-14 00:00:00+00:00,34.0,23820.0,129.75,123.75,129.4,124.15,11253.0
1995-11-15 00:00:00+00:00,33.0,23530.0,126.0,123.8,124.25,125.45,8163.0
1995-11-16 00:00:00+00:00,32.0,22895.0,125.4,120.6,124.75,121.15,11854.0
1995-11-17 00:00:00+00:00,31.0,21478.0,122.0,120.0,121.0,120.35,10779.0
1995-11-20 00:00:00+00:00,28.0,21991.0,121.5,117.1,120.75,117.8,10803.0
1995-11-21 00:00:00+00:00,27.0,21980.0,118.25,115.7,116.8,116.5,6844.0
1995-11-22 00:00:00+00:00,26.0,23800.0,116.9,111.75,116.6,114.15,11481.0
1995-11-23 00:00:00+00:00,26.0,23800.0,,,,114.15,
1995-11-24 00:00:00+00:00,26.0,23800.0,,,,114.15,
1995-11-27 00:00:00+00:00,21.0,23963.0,117.0,114.5,115.0,114.9,4551.0
1995-11-28 00:00:00+00:00,20.0,23657.0,116.0,112.5,115.75,112.6,7573.0
1995-11-29 00:00:00+00:00,19.0,23704.0,113.95,111.5,112.75,112.0,6225.0
1995-11-30 00:00:00+00:00,18.0,24393.0,111.75,107.15,111.5,107.7,11139.0
1995-12-01 00:00:00+00:00,109.0,24781.0,106.3,103.1,104.85,104.4,8044.0
1995-12-04 00:00:00+00:00,106.0,25701.0,105.0,102.6,102.6,103.9,7717.0
1995-12-05 00:00:00+00:00,105.0,25582.0,105.75,104.25,104.8,105.45,5051.0
1995-12-06 00:00:00+00:00,104.0,25844.0,105.4,101.35,105.25,102.0,8447.0
1995-12-07 00:00:00+00:00,103.0,25917.0,104.25,100.75,100.75,103.55,5818.0
1995-12-08 00:00:00+00:00,102.0,26328.0,104.9,101.0,104.25,101.55,6098.0
1995-12-11 00:00:00+00:00,99.0,26470.0,103.25,101.25,103.0,102.35,4616.0
1995-12-12 00:00:00+00:00,98.0,26115.0,104.3,101.25,102.0,102.65,6571.0
1995-12-13 00:00:00+00:00,97.0,26173.0,105.7,102.2,102.25,104.7,8857.0
1995-12-14 00:00:00+00:00,96.0,26000.0,107.5,104.0,104.25,106.65,8798.0
1995-12-15 00:00:00+00:00,95.0,25696.0,107.9,106.1,106.5,107.75,5194.0
1995-12-18 00:00:00+00:00,92.0,26302.0,107.1,101.5,106.7,102.1,7169.0
1995-12-19 00:00:00+00:00,91.0,26487.0,101.4,98.5,99.85,99.5,9127.0
1995-12-20 00:00:00+00:00,90.0,27377.0,100.4,95.4,99.5,95.7,8265.0
1995-12-21 00:00:00+00:00,89.0,27405.0,97.2,94.3,95.6,96.7,8110.0
1995-12-22 00:00:00+00:00,88.0,27215.0,98.2,96.0,97.25,96.35,3596.0
1995-12-25 00:00:00+00:00,88.0,27215.0,,,,96.35,
1995-12-26 00:00:00+00:00,88.0,27215.0,,,,96.35,
1995-12-27 00:00:00+00:00,83.0,26904.0,96.5,94.8,96.0,95.2,3676.0
1995-12-28 00:00:00+00:00,82.0,27933.0,96.2,93.15,95.2,93.9,5556.0
1995-12-29 00:00:00+00:00,81.0,27674.0,95.0,93.8,94.4,94.9,3145.0
1996-01-01 00:00:00+00:00,81.0,27674.0,,,,94.9,
1996-01-02 00:00:00+00:00,77.0,28051.0,94.8,91.1,92.6,91.25,6717.0
1996-01-03 00:00:00+00:00,76.0,28943.0,94.4,90.4,90.9,93.75,7780.0
1996-01-04 00:00:00+00:00,75.0,28913.0,98.1,93.0,93.0,97.85,10852.0
1996-01-05 00:00:00+00:00,74.0,28952.0,99.45,95.8,97.5,96.25,8900.0
1996-01-08 00:00:00+00:00,74.0,28952.0,,,,96.25,
1996-01-09 00:00:00+00:00,74.0,28952.0,,,,96.25,
1996-01-10 00:00:00+00:00,69.0,29093.0,98.25,94.8,95.4,97.9,6923.0
1996-01-11 00:00:00+00:00,68.0,28365.0,103.5,97.25,97.5,103.05,11268.0
1996-01-12 00:00:00+00:00,67.0,28472.0,103.85,100.8,103.0,102.7,7827.0
1996-01-15 00:00:00+00:00,64.0,28269.0,103.0,98.7,102.7,98.95,8920.0
1996-01-16 00:00:00+00:00,63.0,29187.0,105.25,97.75,97.75,103.9,13208.0
1996-01-17 00:00:00+00:00,62.0,28566.0,105.5,103.05,103.05,104.3,9113.0
1996-01-18 00:00:00+00:00,61.0,28078.0,107.25,102.25,103.8,105.4,10838.0
1996-01-19 00:00:00+00:00,60.0,27652.0,107.25,103.6,105.0,104.65,7419.0
1996-01-22 00:00:00+00:00,57.0,27095.0,107.8,104.25,104.65,107.5,8058.0
1996-01-23 00:00:00+00:00,56.0,27203.0,109.4,106.6,107.25,107.0,8806.0
1996-01-24 00:00:00+00:00,55.0,27456.0,109.2,105.8,106.5,108.9,9379.0
1996-01-25 00:00:00+00:00,54.0,27353.0,111.9,109.6,110.3,111.75,8257.0
1996-01-26 00:00:00+00:00,53.0,27487.0,117.5,109.7,110.0,116.95,14300.0
1996-01-29 00:00:00+00:00,50.0,28211.0,123.9,116.95,116.95,123.45,13080.0
1996-01-30 00:00:00+00:00,49.0,28863.0,123.0,119.0,122.2,119.55,11058.0
1996-01-31 00:00:00+00:00,48.0,31364.0,131.5,120.0,120.0,128.6,18513.0
1996-02-01 00:00:00+00:00,47.0,32244.0,129.25,125.8,128.0,126.4,8639.0
1996-02-02 00:00:00+00:00,46.0,32166.0,130.75,121.0,127.0,123.75,14977.0
1996-02-05 00:00:00+00:00,43.0,29022.0,124.75,119.75,124.0,120.65,7074.0
1996-02-06 00:00:00+00:00,42.0,29210.0,127.5,118.75,122.25,119.4,11425.0
1996-02-07 00:00:00+00:00,41.0,28625.0,119.95,116.6,118.0,118.6,8910.0
1996-02-08 00:00:00+00:00,40.0,29305.0,124.9,120.25,120.25,123.7,10005.0
1996-02-09 00:00:00+00:00,39.0,28798.0,127.2,124.5,124.5,126.05,8516.0
1996-02-12 00:00:00+00:00,36.0,28494.0,129.85,121.1,126.5,121.6,12420.0
1996-02-13 00:00:00+00:00,35.0,27537.0,125.5,120.4,121.5,122.8,8627.0
1996-02-14 00:00:00+00:00,34.0,27530.0,124.7,121.6,121.6,122.65,6828.0
1996-02-15 00:00:00+00:00,33.0,27857.0,126.0,121.85,121.85,124.3,10181.0
1996-02-16 00:00:00+00:00,32.0,28179.0,125.25,122.75,123.9,124.2,9748.0
1996-02-19 00:00:00+00:00,32.0,28179.0,,,,124.2,
1996-02-20 00:00:00+00:00,28.0,27578.0,124.5,121.6,122.8,122.65,11163.0
1996-02-21 00:00:00+00:00,27.0,27677.0,126.0,121.2,122.65,124.85,8984.0
1996-02-22 00:00:00+00:00,26.0,26919.0,126.0,124.0,125.0,124.2,5574.0
1996-02-23 00:00:00+00:00,25.0,27171.0,124.5,117.25,123.95,117.6,10285.0
1996-02-26 00:00:00+00:00,22.0,26337.0,118.9,115.4,117.0,115.7,9491.0
1996-02-27 00:00:00+00:00,21.0,26607.0,117.1,114.7,115.25,116.3,8855.0
1996-02-28 00:00:00+00:00,20.0,26671.0,117.2,114.25,116.75,114.6,6390.0
1996-02-29 00:00:00+00:00,19.0,26562.0,118.4,113.6,113.6,117.8,8430.0
1996-03-01 00:00:00+00:00,80.0,25839.0,115.0,110.65,114.5,110.8,9805.0
1996-03-04 00:00:00+00:00,77.0,25595.0,113.45,110.8,110.8,111.65,4740.0
1996-03-05 00:00:00+00:00,76.0,25831.0,114.9,110.7,111.0,114.2,6399.0
1996-03-06 00:00:00+00:00,75.0,25965.0,114.5,112.25,113.5,113.0,5289.0
1996-03-07 00:00:00+00:00,74.0,26175.0,115.4,112.3,113.25,112.7,5708.0
1996-03-08 00:00:00+00:00,73.0,26234.0,113.6,110.9,112.6,112.05,1076.0
1996-03-11 00:00:00+00:00,70.0,26650.0,114.75,112.3,112.3,113.0,4592.0
1996-03-12 00:00:00+00:00,69.0,26822.0,117.0,112.3,112.85,115.95,8209.0
1996-03-13 00:00:00+00:00,68.0,27129.0,118.2,114.4,115.25,114.7,8266.0
1996-03-14 00:00:00+00:00,67.0,27224.0,118.75,116.55,116.75,117.75,6968.0
1996-03-15 00:00:00+00:00,66.0,27210.0,119.4,116.7,118.8,118.45,6296.0
1996-03-18 00:00:00+00:00,63.0,27983.0,121.2,119.3,119.8,120.85,6884.0
1996-03-19 00:00:00+00:00,62.0,28305.0,120.2,118.2,119.4,119.05,5731.0
1996-03-20 00:00:00+00:00,61.0,28130.0,119.65,117.6,118.0,117.7,6052.0
1996-03-21 00:00:00+00:00,60.0,29122.0,120.4,117.4,117.9,120.0,6565.0
1996-03-22 00:00:00+00:00,59.0,29886.0,121.8,119.4,120.25,119.7,6132.0
1996-03-25 00:00:00+00:00,56.0,29895.0,120.5,118.8,119.5,119.2,4106.0
1996-03-26 00:00:00+00:00,55.0,30981.0,123.9,116.75,119.6,123.45,12171.0
1996-03-27 00:00:00+00:00,54.0,31903.0,124.9,121.55,123.45,121.75,11021.0
1996-03-28 00:00:00+00:00,53.0,31955.0,123.0,120.4,122.5,121.4,7271.0
1996-03-29 00:00:00+00:00,52.0,31558.0,124.0,115.0,121.7,115.45,14085.0
1996-04-01 00:00:00+00:00,49.0,31615.0,117.2,114.0,115.45,114.5,8848.0
1996-04-02 00:00:00+00:00,48.0,31481.0,116.4,114.5,115.25,115.85,8441.0
1996-04-03 00:00:00+00:00,47.0,30913.0,116.25,114.5,115.25,115.35,6398.0
1996-04-04 00:00:00+00:00,46.0,30754.0,117.2,113.6,115.7,115.25,9042.0
1996-04-05 00:00:00+00:00,46.0,30754.0,,,,115.25,
1996-04-08 00:00:00+00:00,42.0,30330.0,115.4,111.0,114.9,113.55,12253.0
1996-04-09 00:00:00+00:00,41.0,29597.0,115.5,113.55,113.55,114.65,8270.0
1996-04-10 00:00:00+00:00,40.0,29974.0,120.0,113.2,113.75,118.5,10817.0
1996-04-11 00:00:00+00:00,39.0,28185.0,118.5,116.5,117.5,117.1,7482.0
1996-04-12 00:00:00+00:00,38.0,29551.0,119.4,115.0,116.75,115.25,9214.0
1996-04-15 00:00:00+00:00,35.0,27362.0,115.3,112.7,113.25,114.85,8801.0
1996-04-16 00:00:00+00:00,34.0,26339.0,115.95,113.35,115.0,115.6,11071.0
1996-04-17 00:00:00+00:00,33.0,24791.0,118.6,116.0,116.0,117.3,11689.0
1996-04-18 00:00:00+00:00,32.0,24456.0,119.2,116.4,116.9,118.8,11429.0
1996-04-19 00:00:00+00:00,31.0,24732.0,119.25,116.7,119.0,118.15,12214.0
1996-04-22 00:00:00+00:00,28.0,27333.0,132.0,117.85,118.25,130.25,13843.0
1996-04-23 00:00:00+00:00,27.0,28498.0,132.5,126.7,129.5,127.05,10808.0
1996-04-24 00:00:00+00:00,26.0,29298.0,129.25,126.9,127.1,127.45,6955.0
1996-04-25 00:00:00+00:00,25.0,29899.0,134.0,124.0,128.0,125.35,11859.0
1996-04-26 00:00:00+00:00,24.0,30208.0,128.5,125.6,126.5,127.95,4679.0
1996-04-29 00:00:00+00:00,21.0,29610.0,129.2,123.25,126.75,123.25,7843.0
1996-04-30 00:00:00+00:00,20.0,29532.0,126.2,123.5,125.0,125.1,473.0
1996-05-01 00:00:00+00:00,79.0,29196.0,127.8,125.0,125.8,127.0,5286.0
1996-05-02 00:00:00+00:00,78.0,29080.0,128.5,124.75,128.0,127.3,6685.0
1996-05-03 00:00:00+00:00,77.0,29626.0,128.4,126.55,127.5,127.55,4391.0
1996-05-06 00:00:00+00:00,74.0,29455.0,127.0,124.7,127.0,125.2,3981.0
1996-05-07 00:00:00+00:00,73.0,29257.0,127.0,125.3,125.75,126.4,4494.0
1996-05-08 00:00:00+00:00,72.0,30041.0,129.7,126.4,126.4,128.75,8276.0
1996-05-09 00:00:00+00:00,71.0,29685.0,129.9,123.0,128.75,127.0,9264.0
1996-05-10 00:00:00+00:00,70.0,29542.0,128.9,126.25,128.0,127.05,3471.0
1996-05-13 00:00:00+00:00,67.0,28959.0,126.8,124.8,125.8,126.05,4986.0
1996-05-14 00:00:00+00:00,66.0,29562.0,130.5,125.25,125.6,126.65,8229.0
1996-05-15 00:00:00+00:00,65.0,29225.0,127.35,126.0,126.25,126.45,3741.0
1996-05-16 00:00:00+00:00,64.0,28890.0,129.0,126.15,126.15,128.7,5349.0
1996-05-17 00:00:00+00:00,63.0,29529.0,129.15,127.25,128.35,128.65,4778.0
1996-05-20 00:00:00+00:00,60.0,29112.0,128.45,123.9,128.0,126.0,7863.0
1996-05-21 00:00:00+00:00,59.0,28480.0,126.75,124.0,126.25,124.2,5639.0
1996-05-22 00:00:00+00:00,58.0,27735.0,125.0,119.7,123.5,120.45,11739.0
1996-05-23 00:00:00+00:00,57.0,27291.0,120.9,117.6,120.0,117.85,9429.0
1996-05-24 00:00:00+00:00,56.0,26439.0,118.5,116.9,117.3,117.65,5062.0
1996-05-27 00:00:00+00:00,56.0,26439.0,,,,117.65,
1996-05-28 00:00:00+00:00,52.0,25815.0,118.35,116.5,117.4,116.85,3876.0
1996-05-29 00:00:00+00:00,51.0,25890.0,119.1,116.5,117.5,117.3,6093.0
1996-05-30 00:00:00+00:00,50.0,25871.0,118.5,115.8,118.25,115.85,7865.0
1996-05-31 00:00:00+00:00,49.0,25930.0,117.25,115.7,115.85,116.1,5767.0
1996-06-03 00:00:00+00:00,46.0,26565.0,115.3,112.25,114.5,112.55,10190.0
1996-06-04 00:00:00+00:00,45.0,26999.0,114.35,112.15,112.7,113.4,9749.0
1996-06-05 00:00:00+00:00,44.0,26684.0,114.6,113.4,114.0,113.85,5192.0
1996-06-06 00:00:00+00:00,43.0,27021.0,113.8,112.35,112.75,113.05,6035.0
1996-06-07 00:00:00+00:00,42.0,26390.0,115.9,113.75,113.75,115.35,7709.0
1996-06-10 00:00:00+00:00,39.0,26123.0,118.5,114.4,114.5,117.75,9718.0
1996-06-11 00:00:00+00:00,38.0,26389.0,118.3,116.75,117.0,117.3,6205.0
1996-06-12 00:00:00+00:00,37.0,26464.0,119.4,118.0,118.0,118.8,8655.0
1996-06-13 00:00:00+00:00,36.0,25965.0,121.25,116.25,120.25,116.9,12353.0
1996-06-14 00:00:00+00:00,35.0,25492.0,118.4,116.75,117.4,117.95,5647.0
1996-06-17 00:00:00+00:00,32.0,25013.0,121.6,117.6,117.6,120.7,9947.0
1996-06-18 00:00:00+00:00,31.0,24116.0,123.75,120.75,121.25,122.7,13214.0
1996-06-19 00:00:00+00:00,30.0,23287.0,125.7,119.5,125.5,121.9,12299.0
1996-06-20 00:00:00+00:00,29.0,23160.0,122.5,121.0,121.0,121.45,4415.0
1996-06-21 00:00:00+00:00,28.0,23212.0,121.0,119.25,120.6,119.7,6089.0
1996-06-24 00:00:00+00:00,25.0,23502.0,124.0,118.8,118.8,122.95,7763.0
1996-06-25 00:00:00+00:00,24.0,23748.0,123.65,121.8,122.5,122.7,4687.0
1996-06-26 00:00:00+00:00,23.0,23762.0,123.9,122.2,122.2,123.2,4180.0
1996-06-27 00:00:00+00:00,22.0,23819.0,124.5,123.5,123.5,124.5,4641.0
1996-06-28 00:00:00+00:00,21.0,24223.0,128.2,124.5,124.5,126.95,10237.0
1996-07-01 00:00:00+00:00,79.0,23416.0,121.1,116.0,116.0,120.75,9263.0
1996-07-02 00:00:00+00:00,78.0,22816.0,120.2,117.0,119.9,117.85,6717.0
1996-07-03 00:00:00+00:00,77.0,23178.0,118.25,116.2,118.0,116.5,4679.0
1996-07-04 00:00:00+00:00,77.0,23178.0,,,,116.5,
1996-07-05 00:00:00+00:00,77.0,23178.0,,,,116.5,
1996-07-08 00:00:00+00:00,72.0,23146.0,120.0,116.5,116.5,118.45,6899.0
1996-07-09 00:00:00+00:00,71.0,23032.0,119.4,113.8,118.75,114.25,646.0
1996-07-10 00:00:00+00:00,70.0,23440.0,116.6,114.4,114.4,116.05,6384.0
1996-07-11 00:00:00+00:00,69.0,23153.0,116.7,115.0,115.8,116.2,5103.0
1996-07-12 00:00:00+00:00,68.0,24686.0,115.45,111.5,115.15,111.95,11521.0
1996-07-15 00:00:00+00:00,65.0,25757.0,113.5,106.2,112.8,106.4,13592.0
1996-07-16 00:00:00+00:00,64.0,27592.0,108.1,102.6,105.0,102.95,14823.0
1996-07-17 00:00:00+00:00,63.0,28059.0,107.4,103.5,104.1,106.9,9548.0
1996-07-18 00:00:00+00:00,62.0,27735.0,110.7,107.2,107.25,109.95,9722.0
1996-07-19 00:00:00+00:00,61.0,27477.0,115.0,106.0,114.25,108.7,9664.0
1996-07-22 00:00:00+00:00,58.0,27698.0,106.0,101.5,104.5,104.05,9866.0
1996-07-23 00:00:00+00:00,57.0,27561.0,105.9,103.25,104.75,104.3,5996.0
1996-07-24 00:00:00+00:00,56.0,27510.0,105.9,103.6,103.6,104.1,4111.0
1996-07-25 00:00:00+00:00,55.0,28747.0,104.8,101.65,104.5,102.95,7589.0
1996-07-26 00:00:00+00:00,54.0,28546.0,104.4,102.1,102.65,104.05,5834.0
1996-07-29 00:00:00+00:00,51.0,28360.0,107.2,103.7,103.7,105.4,6223.0
1996-07-30 00:00:00+00:00,50.0,28667.0,105.7,104.05,104.7,105.25,4799.0
1996-07-31 00:00:00+00:00,49.0,28604.0,108.0,105.8,106.5,106.4,7084.0
1996-08-01 00:00:00+00:00,48.0,28283.0,107.4,105.4,106.25,106.7,3688.0
1996-08-02 00:00:00+00:00,47.0,28373.0,109.25,106.25,106.5,107.5,6468.0
1996-08-05 00:00:00+00:00,44.0,27922.0,109.25,106.25,106.5,107.5,3950.0
1996-08-06 00:00:00+00:00,43.0,28183.0,109.7,108.5,108.6,109.2,6028.0
1996-08-07 00:00:00+00:00,42.0,28464.0,110.25,108.25,109.3,109.3,5313.0
1996-08-08 00:00:00+00:00,41.0,26021.0,118.0,109.5,109.5,116.1,20263.0
1996-08-09 00:00:00+00:00,40.0,24060.0,117.7,114.6,115.7,115.1,10159.0
1996-08-12 00:00:00+00:00,37.0,23285.0,117.25,115.05,116.0,116.15,7340.0
1996-08-13 00:00:00+00:00,36.0,22730.0,124.0,117.5,117.5,123.15,15691.0
1996-08-14 00:00:00+00:00,35.0,22082.0,126.5,121.0,125.25,121.3,12481.0
1996-08-15 00:00:00+00:00,34.0,22040.0,124.25,119.0,122.2,121.15,7804.0
1996-08-16 00:00:00+00:00,33.0,22102.0,123.4,119.6,119.8,120.85,5411.0
1996-08-19 00:00:00+00:00,30.0,22196.0,121.1,118.5,120.0,120.65,7469.0
1996-08-20 00:00:00+00:00,29.0,21904.0,123.0,119.8,120.25,122.5,8222.0
1996-08-21 00:00:00+00:00,28.0,23348.0,126.5,123.0,123.0,125.05,12172.0
1996-08-22 00:00:00+00:00,27.0,25944.0,131.5,125.0,125.0,131.1,15112.0
1996-08-23 00:00:00+00:00,26.0,26953.0,132.75,128.5,131.6,132.25,8631.0
1996-08-26 00:00:00+00:00,23.0,28932.0,138.5,130.0,132.5,136.45,11889.0
1996-08-27 00:00:00+00:00,22.0,29499.0,135.5,130.1,134.0,131.1,9373.0
1996-08-28 00:00:00+00:00,21.0,28156.0,130.5,126.3,130.0,127.3,9303.0
1996-08-29 00:00:00+00:00,20.0,28270.0,128.5,127.1,127.5,128.1,5681.0
1996-08-30 00:00:00+00:00,19.0,28835.0,128.8,127.0,128.5,128.35,4235.0
1996-09-02 00:00:00+00:00,19.0,28835.0,,,,128.35,
1996-09-03 00:00:00+00:00,105.0,28177.0,116.3,112.25,115.75,113.3,9014.0
1996-09-04 00:00:00+00:00,104.0,27317.0,114.0,111.3,112.6,112.8,6846.0
1996-09-05 00:00:00+00:00,103.0,27337.0,113.7,111.5,112.3,111.6,5461.0
1996-09-06 00:00:00+00:00,102.0,26521.0,114.0,108.5,110.8,112.9,9386.0
1996-09-09 00:00:00+00:00,99.0,25630.0,112.8,110.8,111.55,111.2,3885.0
1996-09-10 00:00:00+00:00,98.0,25881.0,113.2,110.9,111.35,111.3,5186.0
1996-09-11 00:00:00+00:00,97.0,25094.0,111.5,106.5,110.6,106.9,11519.0
1996-09-12 00:00:00+00:00,96.0,22908.0,108.0,104.9,107.25,105.2,11282.0
1996-09-13 00:00:00+00:00,95.0,22343.0,106.5,104.4,104.9,104.7,7633.0
1996-09-16 00:00:00+00:00,92.0,23259.0,106.8,103.8,104.25,105.35,7206.0
1996-09-17 00:00:00+00:00,91.0,22857.0,107.25,104.75,105.25,105.85,5691.0
1996-09-18 00:00:00+00:00,90.0,22554.0,107.0,104.0,106.5,104.4,7109.0
1996-09-19 00:00:00+00:00,89.0,22432.0,105.3,103.5,104.0,103.6,6405.0
1996-09-20 00:00:00+00:00,88.0,21985.0,105.3,103.4,103.4,103.6,5163.0
1996-09-23 00:00:00+00:00,85.0,22707.0,104.7,102.75,103.6,104.55,5630.0
1996-09-24 00:00:00+00:00,84.0,22914.0,106.5,104.9,105.5,106.0,6455.0
1996-09-25 00:00:00+00:00,83.0,22282.0,107.25,106.0,106.5,106.45,4403.0
1996-09-26 00:00:00+00:00,82.0,22191.0,106.6,105.15,106.0,105.7,3510.0
1996-09-27 00:00:00+00:00,81.0,21793.0,106.2,104.7,105.35,105.25,4534.0
1996-09-30 00:00:00+00:00,78.0,22689.0,104.7,102.25,104.45,102.95,7629.0
1996-10-01 00:00:00+00:00,77.0,23284.0,105.6,103.5,103.5,104.75,7913.0
1996-10-02 00:00:00+00:00,76.0,23760.0,108.0,104.25,104.4,105.4,9235.0
1996-10-03 00:00:00+00:00,75.0,24174.0,107.7,105.1,105.2,107.45,6952.0
1996-10-04 00:00:00+00:00,74.0,24436.0,110.2,108.15,108.3,109.8,8815.0
1996-10-07 00:00:00+00:00,71.0,25122.0,113.0,110.25,110.25,112.7,7804.0
1996-10-08 00:00:00+00:00,70.0,25034.0,113.2,111.2,112.4,112.5,7376.0
1996-10-09 00:00:00+00:00,69.0,25958.0,115.5,112.25,112.25,113.55,10214.0
1996-10-10 00:00:00+00:00,68.0,26259.0,115.4,112.6,113.0,114.9,7671.0
1996-10-11 00:00:00+00:00,67.0,26645.0,116.8,115.1,115.2,116.3,6695.0
1996-10-14 00:00:00+00:00,64.0,27157.0,117.5,113.05,117.0,115.1,8915.0
1996-10-15 00:00:00+00:00,63.0,26571.0,115.3,113.2,114.75,114.2,6396.0
1996-10-16 00:00:00+00:00,62.0,26315.0,116.25,111.75,115.8,112.2,9783.0
1996-10-17 00:00:00+00:00,61.0,25781.0,112.1,109.5,111.0,109.9,7170.0
1996-10-18 00:00:00+00:00,60.0,25535.0,109.8,108.5,109.0,109.1,5489.0
1996-10-21 00:00:00+00:00,57.0,26008.0,113.3,108.6,108.6,113.0,8472.0
1996-10-22 00:00:00+00:00,56.0,26655.0,118.75,115.1,116.25,117.6,11770.0
1996-10-23 00:00:00+00:00,55.0,27390.0,122.75,116.5,118.5,119.3,15173.0
1996-10-24 00:00:00+00:00,54.0,27276.0,120.5,116.75,119.75,117.45,6905.0
1996-10-25 00:00:00+00:00,53.0,27144.0,117.3,115.35,115.75,116.0,6009.0
1996-10-28 00:00:00+00:00,50.0,27554.0,120.1,116.5,116.5,119.1,9183.0
1996-10-29 00:00:00+00:00,49.0,28330.0,123.0,115.75,119.7,116.35,12793.0
1996-10-30 00:00:00+00:00,48.0,28061.0,119.75,114.75,115.75,119.15,8388.0
1996-10-31 00:00:00+00:00,47.0,27927.0,119.9,116.35,118.35,117.2,7165.0
1996-11-01 00:00:00+00:00,46.0,27510.0,118.75,116.7,117.75,117.25,3948.0
1996-11-04 00:00:00+00:00,43.0,27397.0,119.25,117.0,117.0,117.75,4634.0
1996-11-05 00:00:00+00:00,42.0,27207.0,119.0,116.8,118.0,118.85,5435.0
1996-11-06 00:00:00+00:00,41.0,28488.0,124.6,118.75,118.75,124.3,11008.0
1996-11-07 00:00:00+00:00,40.0,29514.0,128.25,123.8,125.05,127.35,10724.0
1996-11-08 00:00:00+00:00,39.0,28898.0,127.1,124.8,126.55,125.85,7132.0
1996-11-11 00:00:00+00:00,36.0,28592.0,126.0,117.5,125.8,119.95,10766.0
1996-11-12 00:00:00+00:00,35.0,28154.0,120.7,116.8,119.8,118.2,11249.0
1996-11-13 00:00:00+00:00,34.0,28377.0,120.4,117.3,117.5,118.5,8070.0
1996-11-14 00:00:00+00:00,33.0,27228.0,122.25,117.75,118.0,121.6,6894.0
1996-11-15 00:00:00+00:00,32.0,27605.0,123.75,121.8,121.8,122.5,6841.0
1996-11-18 00:00:00+00:00,29.0,27546.0,124.95,119.0,124.0,119.55,9050.0
1996-11-19 00:00:00+00:00,28.0,27522.0,122.7,119.75,119.9,122.25,4992.0
1996-11-20 00:00:00+00:00,27.0,27640.0,123.5,120.5,122.5,120.75,5215.0
1996-11-21 00:00:00+00:00,26.0,27091.0,120.5,117.1,120.0,117.25,9148.0
1996-11-22 00:00:00+00:00,25.0,26946.0,119.5,118.0,118.5,118.25,4339.0
1996-11-25 00:00:00+00:00,22.0,26547.0,120.0,117.0,118.0,117.75,8293.0
1996-11-26 00:00:00+00:00,21.0,26547.0,118.75,117.0,118.75,117.15,518.0
1996-11-27 00:00:00+00:00,20.0,25970.0,118.0,116.0,117.0,116.25,3132.0
1996-11-28 00:00:00+00:00,20.0,25970.0,,,,116.25,
1996-11-29 00:00:00+00:00,20.0,25970.0,,,,116.25,
1996-12-02 00:00:00+00:00,105.0,26122.0,107.4,104.5,106.2,106.05,8976.0
1996-12-03 00:00:00+00:00,104.0,25647.0,106.75,104.9,106.2,105.1,6877.0
1996-12-04 00:00:00+00:00,103.0,24627.0,105.8,103.8,104.4,104.2,9051.0
1996-12-05 00:00:00+00:00,102.0,23771.0,105.1,103.0,104.1,103.45,9769.0
1996-12-06 00:00:00+00:00,101.0,25700.0,105.2,102.25,102.25,103.25,12551.0
1996-12-09 00:00:00+00:00,98.0,26108.0,107.2,103.7,103.75,105.6,10089.0
1996-12-10 00:00:00+00:00,97.0,26397.0,108.65,105.9,105.9,108.2,9566.0
1996-12-11 00:00:00+00:00,96.0,26122.0,109.5,107.1,108.6,108.1,7379.0
1996-12-12 00:00:00+00:00,95.0,26505.0,110.25,107.8,107.8,109.85,9834.0
1996-12-13 00:00:00+00:00,94.0,27118.0,111.95,109.3,110.25,111.2,10627.0
1996-12-16 00:00:00+00:00,91.0,27141.0,112.5,108.5,110.2,109.95,9995.0
1996-12-17 00:00:00+00:00,90.0,27367.0,111.0,109.25,109.25,109.9,4896.0
1996-12-18 00:00:00+00:00,89.0,28088.0,112.15,109.5,109.5,111.9,7019.0
1996-12-19 00:00:00+00:00,88.0,27939.0,112.8,109.75,112.0,110.2,9624.0
1996-12-20 00:00:00+00:00,87.0,27831.0,113.9,109.3,109.9,112.15,4941.0
1996-12-23 00:00:00+00:00,84.0,27902.0,113.45,111.75,111.8,113.1,3995.0
1996-12-24 00:00:00+00:00,83.0,27893.0,115.0,112.7,112.9,114.75,3857.0
1996-12-25 00:00:00+00:00,83.0,27893.0,,,,114.75,
1996-12-26 00:00:00+00:00,81.0,27229.0,115.0,112.7,112.9,114.75,4721.0
1996-12-27 00:00:00+00:00,80.0,30415.0,117.5,113.2,114.8,116.2,9826.0
1996-12-30 00:00:00+00:00,77.0,30507.0,117.45,115.1,115.5,115.95,6971.0
1996-12-31 00:00:00+00:00,76.0,30922.0,117.5,115.9,115.9,116.9,4715.0
1997-01-01 00:00:00+00:00,76.0,30922.0,,,,116.9,
1997-01-02 00:00:00+00:00,74.0,32149.0,119.2,115.5,116.8,116.65,8842.0
1997-01-03 00:00:00+00:00,73.0,32643.0,116.75,115.3,116.15,116.25,5075.0
1997-01-06 00:00:00+00:00,70.0,32226.0,116.25,113.6,115.6,114.05,7121.0
1997-01-07 00:00:00+00:00,69.0,34419.0,119.8,114.0,114.0,119.35,14653.0
1997-01-08 00:00:00+00:00,68.0,35196.0,121.35,118.25,119.6,118.9,10442.0
1997-01-09 00:00:00+00:00,67.0,35139.0,119.85,117.75,118.6,119.35,7113.0
1997-01-10 00:00:00+00:00,66.0,35609.0,120.8,118.5,119.4,119.6,6862.0
1997-01-13 00:00:00+00:00,63.0,35606.0,119.3,117.0,118.75,118.45,8479.0
1997-01-14 00:00:00+00:00,62.0,36535.0,122.5,119.25,119.25,122.2,12168.0
1997-01-15 00:00:00+00:00,61.0,37276.0,124.2,122.0,122.7,122.6,10877.0
1997-01-16 00:00:00+00:00,60.0,37443.0,124.2,121.55,121.55,123.05,9880.0
1997-01-17 00:00:00+00:00,59.0,37983.0,124.85,123.6,124.25,124.0,6940.0
1997-01-20 00:00:00+00:00,56.0,39526.0,129.5,123.35,124.5,129.25,14487.0
1997-01-21 00:00:00+00:00,55.0,41236.0,130.8,127.1,129.4,129.65,14828.0
1997-01-22 00:00:00+00:00,54.0,41536.0,137.05,127.75,129.5,135.3,18445.0
1997-01-23 00:00:00+00:00,53.0,42730.0,142.0,137.5,137.5,140.05,15776.0
1997-01-24 00:00:00+00:00,52.0,43237.0,142.6,136.5,142.0,136.9,10002.0
1997-01-27 00:00:00+00:00,49.0,43328.0,139.4,133.5,134.1,136.6,12188.0
1997-01-28 00:00:00+00:00,48.0,42957.0,140.2,136.5,136.5,139.5,9075.0
1997-01-29 00:00:00+00:00,47.0,43539.0,147.8,142.85,143.5,144.6,14897.0
1997-01-30 00:00:00+00:00,46.0,43760.0,146.1,140.0,143.7,140.3,11732.0
1997-01-31 00:00:00+00:00,45.0,43281.0,142.0,137.0,139.0,139.4,12833.0
1997-02-03 00:00:00+00:00,42.0,44434.0,145.9,139.75,141.1,145.65,10567.0
1997-02-04 00:00:00+00:00,41.0,44913.0,150.5,145.75,145.75,147.45,16578.0
1997-02-05 00:00:00+00:00,40.0,45563.0,148.0,144.25,147.25,144.55,10798.0
1997-02-06 00:00:00+00:00,39.0,46531.0,151.5,142.6,144.0,150.8,15734.0
1997-02-07 00:00:00+00:00,38.0,45470.0,154.75,148.4,151.5,151.05,16980.0
1997-02-10 00:00:00+00:00,35.0,44039.0,159.75,149.5,149.5,158.65,14678.0
1997-02-11 00:00:00+00:00,34.0,43550.0,166.5,157.5,162.0,163.55,18329.0
1997-02-12 00:00:00+00:00,33.0,42617.0,173.0,160.75,161.5,171.85,17889.0
1997-02-13 00:00:00+00:00,32.0,41616.0,181.0,173.0,174.5,180.05,17602.0
1997-02-14 00:00:00+00:00,31.0,41742.0,182.5,176.25,180.0,177.85,16560.0
1997-02-17 00:00:00+00:00,31.0,41742.0,,,,177.85,
1997-02-18 00:00:00+00:00,27.0,41208.0,177.5,167.0,176.0,168.1,19221.0
1997-02-19 00:00:00+00:00,26.0,41208.0,177.0,163.5,165.5,175.3,13051.0
1997-02-20 00:00:00+00:00,25.0,40903.0,183.5,174.0,176.0,178.45,18453.0
1997-02-21 00:00:00+00:00,24.0,41079.0,180.75,173.6,179.5,174.8,11369.0
1997-02-24 00:00:00+00:00,21.0,40935.0,176.0,173.1,173.1,173.45,6800.0
1997-02-25 00:00:00+00:00,20.0,41672.0,175.5,172.2,173.0,174.15,10202.0
1997-02-26 00:00:00+00:00,19.0,42415.0,189.0,177.0,177.0,185.45,15742.0
1997-02-27 00:00:00+00:00,18.0,42421.0,192.0,181.0,187.0,183.1,9590.0
1997-02-28 00:00:00+00:00,17.0,42581.0,191.0,182.0,183.0,190.4,10220.0
1997-03-03 00:00:00+00:00,77.0,42603.0,185.5,178.0,178.0,184.85,13160.0
1997-03-04 00:00:00+00:00,76.0,42324.0,199.5,184.0,187.0,195.25,16059.0
1997-03-05 00:00:00+00:00,75.0,41944.0,209.5,196.0,198.0,200.65,18998.0
1997-03-06 00:00:00+00:00,74.0,41237.0,205.0,193.25,203.5,193.7,15515.0
1997-03-07 00:00:00+00:00,73.0,41004.0,193.5,187.5,189.0,189.8,14222.0
1997-03-10 00:00:00+00:00,70.0,40233.0,200.0,185.2,190.0,199.3,12984.0
1997-03-11 00:00:00+00:00,69.0,40486.0,205.4,198.25,200.5,203.15,12061.0
1997-03-12 00:00:00+00:00,68.0,39879.0,205.5,195.0,205.0,196.1,10761.0
1997-03-13 00:00:00+00:00,67.0,38835.0,194.6,181.0,193.0,182.25,14484.0
1997-03-14 00:00:00+00:00,66.0,39065.0,190.5,179.0,183.0,186.35,12130.0
1997-03-17 00:00:00+00:00,63.0,38145.0,185.9,167.65,185.25,168.65,17862.0
1997-03-18 00:00:00+00:00,62.0,37658.0,174.75,165.0,165.0,168.8,17148.0
1997-03-19 00:00:00+00:00,61.0,37151.0,171.8,165.5,167.0,168.1,9717.0
1997-03-20 00:00:00+00:00,60.0,36702.0,174.5,166.0,166.0,169.15,10719.0
1997-03-21 00:00:00+00:00,59.0,36482.0,171.2,165.5,170.3,165.75,8741.0
1997-03-24 00:00:00+00:00,56.0,36409.0,164.9,158.65,162.75,162.9,16770.0
1997-03-25 00:00:00+00:00,55.0,37988.0,181.0,160.5,160.5,179.3,13922.0
1997-03-26 00:00:00+00:00,54.0,37022.0,189.0,180.0,180.0,186.85,10689.0
1997-03-27 00:00:00+00:00,53.0,37491.0,192.0,183.0,187.35,192.0,12237.0
1997-03-28 00:00:00+00:00,53.0,37491.0,,,,192.0,
1997-03-31 00:00:00+00:00,49.0,37321.0,193.5,187.8,190.5,193.5,6521.0
1997-04-01 00:00:00+00:00,48.0,37374.0,195.0,183.5,189.75,194.3,6429.0
1997-04-02 00:00:00+00:00,47.0,36834.0,200.75,192.0,197.0,193.15,14169.0
1997-04-03 00:00:00+00:00,46.0,36404.0,190.5,177.0,187.0,177.7,16910.0
1997-04-04 00:00:00+00:00,45.0,35930.0,183.0,172.0,176.25,179.15,12722.0
1997-04-07 00:00:00+00:00,42.0,33628.0,183.0,173.75,176.0,179.4,6444.0
1997-04-08 00:00:00+00:00,41.0,33038.0,180.8,176.0,180.0,178.75,5500.0
1997-04-09 00:00:00+00:00,40.0,34221.0,190.0,177.1,177.5,189.7,11284.0
1997-04-10 00:00:00+00:00,39.0,33186.0,192.25,185.0,188.5,191.05,10906.0
1997-04-11 00:00:00+00:00,38.0,32844.0,194.8,187.5,191.0,189.1,8730.0
1997-04-14 00:00:00+00:00,35.0,31633.0,197.0,186.2,188.0,196.0,8670.0
1997-04-15 00:00:00+00:00,34.0,31881.0,201.5,191.0,198.0,192.4,11903.0
1997-04-16 00:00:00+00:00,33.0,31389.0,213.0,203.0,203.0,208.05,12752.0
1997-04-17 00:00:00+00:00,32.0,32115.0,211.5,206.1,210.0,209.8,9510.0
1997-04-18 00:00:00+00:00,31.0,31375.0,218.0,212.0,212.0,216.55,12363.0
1997-04-21 00:00:00+00:00,28.0,30571.0,224.0,210.0,222.0,214.9,11710.0
1997-04-22 00:00:00+00:00,27.0,30654.0,215.5,210.5,214.25,211.2,5502.0
1997-04-23 00:00:00+00:00,26.0,30502.0,218.5,209.0,210.0,214.3,8743.0
1997-04-24 00:00:00+00:00,25.0,30194.0,220.0,211.5,215.65,219.75,10419.0
1997-04-25 00:00:00+00:00,24.0,30646.0,223.0,216.0,219.0,216.35,8288.0
1997-04-28 00:00:00+00:00,21.0,30682.0,220.65,216.5,216.5,220.25,5943.0
1997-04-29 00:00:00+00:00,20.0,31815.0,227.0,221.5,221.5,226.4,7904.0
1997-04-30 00:00:00+00:00,19.0,31327.0,240.0,228.0,228.0,239.05,11515.0
1997-05-01 00:00:00+00:00,81.0,31479.0,224.0,210.0,211.0,222.9,13000.0
1997-05-02 00:00:00+00:00,80.0,31650.0,225.0,211.5,224.0,216.15,10533.0
1997-05-05 00:00:00+00:00,77.0,31286.0,224.5,214.5,214.5,218.5,8855.0
1997-05-06 00:00:00+00:00,76.0,30161.0,221.5,212.25,217.0,212.85,9527.0
1997-05-07 00:00:00+00:00,75.0,30082.0,218.0,209.0,215.5,211.4,9526.0
1997-05-08 00:00:00+00:00,74.0,29480.0,219.5,209.5,210.0,216.9,7556.0
1997-05-09 00:00:00+00:00,73.0,29413.0,218.5,214.75,216.9,217.9,5897.0
1997-05-12 00:00:00+00:00,70.0,30228.0,230.25,218.7,218.7,229.65,10988.0
1997-05-13 00:00:00+00:00,69.0,30951.0,243.0,231.55,232.25,241.15,12773.0
1997-05-14 00:00:00+00:00,68.0,30802.0,248.5,236.0,245.0,240.6,12649.0
1997-05-15 00:00:00+00:00,67.0,30650.0,262.0,238.0,242.0,255.2,15422.0
1997-05-16 00:00:00+00:00,66.0,30728.0,258.0,245.0,255.2,253.15,10445.0
1997-05-19 00:00:00+00:00,63.0,30603.0,257.0,243.25,255.0,246.25,6635.0
1997-05-20 00:00:00+00:00,62.0,30314.0,245.0,239.0,243.5,240.25,8013.0
1997-05-21 00:00:00+00:00,61.0,30215.0,255.0,239.0,239.0,253.1,10756.0
1997-05-22 00:00:00+00:00,60.0,30067.0,265.0,254.0,254.0,260.3,11027.0
1997-05-23 00:00:00+00:00,59.0,29869.0,262.25,255.5,258.0,256.85,5970.0
1997-05-26 00:00:00+00:00,59.0,29869.0,,,,256.85,
1997-05-27 00:00:00+00:00,55.0,30340.0,275.0,255.4,255.4,274.3,10078.0
1997-05-28 00:00:00+00:00,54.0,30484.0,297.0,275.0,275.0,295.55,13254.0
1997-05-29 00:00:00+00:00,53.0,29800.0,318.0,302.0,305.0,314.8,13093.0
1997-05-30 00:00:00+00:00,52.0,28267.0,311.0,273.0,305.0,276.4,13163.0
1997-06-02 00:00:00+00:00,49.0,27490.0,275.0,247.5,269.0,253.95,12635.0
1997-06-03 00:00:00+00:00,48.0,27537.0,268.5,249.0,252.5,264.2,11366.0
1997-06-04 00:00:00+00:00,47.0,27252.0,264.5,250.0,250.0,251.55,8285.0
1997-06-05 00:00:00+00:00,46.0,25389.0,252.0,228.0,250.0,230.5,14199.0
1997-06-06 00:00:00+00:00,45.0,23563.0,238.5,228.0,230.0,237.25,7965.0
1997-06-09 00:00:00+00:00,42.0,23691.0,256.0,235.5,235.5,253.3,9029.0
1997-06-10 00:00:00+00:00,41.0,22941.0,259.7,217.0,252.0,217.95,13020.0
1997-06-11 00:00:00+00:00,40.0,22165.0,224.0,206.0,218.0,207.65,9376.0
1997-06-12 00:00:00+00:00,39.0,21778.0,217.5,204.5,212.0,207.8,8200.0
1997-06-13 00:00:00+00:00,38.0,21916.0,212.5,195.0,211.0,195.7,9714.0
1997-06-16 00:00:00+00:00,35.0,21614.0,198.0,186.0,190.5,196.5,8390.0
1997-06-17 00:00:00+00:00,34.0,21923.0,211.5,195.0,197.0,208.7,8158.0
1997-06-18 00:00:00+00:00,33.0,21123.0,213.5,189.0,209.25,190.05,11822.0
1997-06-19 00:00:00+00:00,32.0,21009.0,198.0,182.5,188.0,195.9,10487.0
1997-06-20 00:00:00+00:00,31.0,20655.0,202.0,194.0,195.5,198.95,5821.0
1997-06-23 00:00:00+00:00,28.0,20573.0,206.0,190.0,199.0,194.65,8699.0
1997-06-24 00:00:00+00:00,27.0,20400.0,198.0,193.0,195.0,198.0,5863.0
1997-06-25 00:00:00+00:00,26.0,20400.0,202.0,198.0,198.0,200.0,4620.0
1997-06-26 00:00:00+00:00,25.0,20813.0,202.0,189.0,200.0,190.25,10329.0
1997-06-27 00:00:00+00:00,24.0,20795.0,195.0,189.0,190.0,189.9,4966.0
1997-06-30 00:00:00+00:00,21.0,20584.0,194.0,189.0,191.0,192.4,3293.0
1997-07-01 00:00:00+00:00,79.0,20642.0,184.5,173.0,173.5,175.25,7062.0
1997-07-02 00:00:00+00:00,78.0,20545.0,175.0,170.0,174.0,172.35,3795.0
1997-07-03 00:00:00+00:00,77.0,20271.0,174.0,167.5,171.25,168.35,4473.0
1997-07-04 00:00:00+00:00,77.0,20271.0,,,,168.35,
1997-07-07 00:00:00+00:00,73.0,20419.0,166.5,162.1,164.4,165.7,4908.0
1997-07-08 00:00:00+00:00,72.0,20859.0,173.0,165.0,165.0,171.65,4966.0
1997-07-09 00:00:00+00:00,71.0,20812.0,178.5,171.5,171.5,177.05,5336.0
1997-07-10 00:00:00+00:00,70.0,21152.0,178.0,160.0,177.5,161.7,9561.0
1997-07-11 00:00:00+00:00,69.0,20898.0,165.5,160.75,161.25,164.1,3622.0
1997-07-14 00:00:00+00:00,66.0,21123.0,166.0,161.0,161.0,162.0,4331.0
1997-07-15 00:00:00+00:00,65.0,20989.0,159.5,156.25,158.0,157.85,6022.0
1997-07-16 00:00:00+00:00,64.0,21721.0,164.25,156.0,156.0,161.5,8205.0
1997-07-17 00:00:00+00:00,63.0,21960.0,163.5,159.0,161.8,160.45,4087.0
1997-07-18 00:00:00+00:00,62.0,21900.0,167.0,159.75,159.75,164.3,5216.0
1997-07-21 00:00:00+00:00,59.0,22074.0,164.25,156.0,162.25,158.85,5866.0
1997-07-22 00:00:00+00:00,58.0,22325.0,170.5,158.0,158.0,169.1,7500.0
1997-07-23 00:00:00+00:00,57.0,22577.0,184.5,167.5,169.0,181.65,8564.0
1997-07-24 00:00:00+00:00,56.0,23031.0,184.5,174.25,182.0,180.4,9652.0
1997-07-25 00:00:00+00:00,55.0,22400.0,182.0,175.5,181.0,176.3,4169.0
1997-07-28 00:00:00+00:00,52.0,21792.0,189.5,178.0,178.0,188.35,6629.0
1997-07-29 00:00:00+00:00,51.0,21750.0,192.5,186.5,188.85,188.9,7006.0
1997-07-30 00:00:00+00:00,50.0,22002.0,198.0,185.0,191.25,185.75,8303.0
1997-07-31 00:00:00+00:00,49.0,21794.0,191.5,181.5,186.5,184.5,6308.0
1997-08-01 00:00:00+00:00,48.0,20637.0,187.0,183.25,184.5,184.95,2622.0
1997-08-04 00:00:00+00:00,45.0,21195.0,196.75,183.0,184.0,193.75,6747.0
1997-08-05 00:00:00+00:00,44.0,21610.0,204.5,192.0,195.0,203.1,8122.0
1997-08-06 00:00:00+00:00,43.0,21510.0,206.9,193.75,203.0,200.55,7678.0
1997-08-07 00:00:00+00:00,42.0,21359.0,209.75,199.5,200.0,208.8,7263.0
1997-08-08 00:00:00+00:00,41.0,21037.0,206.5,201.0,202.0,205.85,5639.0
1997-08-11 00:00:00+00:00,38.0,21210.0,209.0,194.0,208.0,199.35,7932.0
1997-08-12 00:00:00+00:00,37.0,20879.0,204.0,185.5,200.0,188.2,8493.0
1997-08-13 00:00:00+00:00,36.0,20536.0,188.5,177.5,186.6,183.1,7178.0
1997-08-14 00:00:00+00:00,35.0,20624.0,186.75,180.0,180.75,184.55,4476.0
1997-08-15 00:00:00+00:00,34.0,20058.0,186.0,175.25,183.25,177.95,5997.0
1997-08-18 00:00:00+00:00,31.0,19535.0,181.0,175.0,176.0,180.2,4875.0
1997-08-19 00:00:00+00:00,30.0,19302.0,188.0,183.0,183.0,187.1,5231.0
1997-08-20 00:00:00+00:00,29.0,18495.0,189.5,170.0,188.5,170.7,11793.0
1997-08-21 00:00:00+00:00,28.0,17981.0,181.0,164.0,164.0,171.55,10153.0
1997-08-22 00:00:00+00:00,27.0,17705.0,176.0,170.5,171.0,171.3,3867.0
1997-08-25 00:00:00+00:00,24.0,17808.0,174.0,171.55,174.0,173.0,1837.0
1997-08-26 00:00:00+00:00,23.0,18173.0,178.75,171.5,172.0,178.15,6056.0
1997-08-27 00:00:00+00:00,22.0,18767.0,184.0,177.5,177.5,183.5,6783.0
1997-08-28 00:00:00+00:00,21.0,18710.0,187.0,183.0,184.5,186.85,7726.0
1997-08-29 00:00:00+00:00,20.0,19066.0,192.0,185.5,188.0,191.5,6340.0
1997-09-01 00:00:00+00:00,20.0,19066.0,,,,191.5,
1997-09-02 00:00:00+00:00,106.0,20734.0,185.5,181.0,181.75,184.95,7176.0
1997-09-03 00:00:00+00:00,105.0,21154.0,193.0,184.5,185.75,189.5,9075.0
1997-09-04 00:00:00+00:00,104.0,21897.0,196.0,182.25,186.5,195.0,9661.0
1997-09-05 00:00:00+00:00,103.0,22254.0,194.8,187.6,193.0,188.85,6391.0
1997-09-08 00:00:00+00:00,100.0,22459.0,192.75,187.0,189.75,187.7,4689.0
1997-09-09 00:00:00+00:00,99.0,22723.0,187.75,182.75,185.0,183.5,5448.0
1997-09-10 00:00:00+00:00,98.0,23045.0,185.75,181.25,183.25,182.95,4564.0
1997-09-11 00:00:00+00:00,97.0,24031.0,189.0,181.0,181.25,188.2,5682.0
1997-09-12 00:00:00+00:00,96.0,22994.0,188.25,172.0,186.75,172.35,11779.0
1997-09-15 00:00:00+00:00,93.0,22554.0,175.0,170.0,172.05,172.9,4851.0
1997-09-16 00:00:00+00:00,92.0,22809.0,174.25,167.5,171.0,167.7,7432.0
1997-09-17 00:00:00+00:00,91.0,22817.0,175.75,169.25,169.5,173.45,6734.0
1997-09-18 00:00:00+00:00,90.0,22730.0,173.5,166.5,171.75,169.65,8022.0
1997-09-19 00:00:00+00:00,89.0,22934.0,177.5,166.75,171.0,174.15,7517.0
1997-09-22 00:00:00+00:00,86.0,22834.0,175.75,168.75,172.5,170.35,4403.0
1997-09-23 00:00:00+00:00,85.0,23024.0,173.0,165.5,170.25,168.85,7116.0
1997-09-24 00:00:00+00:00,84.0,23117.0,171.5,168.0,169.25,168.65,5500.0
1997-09-25 00:00:00+00:00,83.0,23302.0,171.0,165.0,169.5,166.0,6294.0
1997-09-26 00:00:00+00:00,82.0,23462.0,167.5,164.25,165.25,165.6,4056.0
1997-09-29 00:00:00+00:00,79.0,23730.0,172.5,160.5,165.0,160.75,9491.0
1997-09-30 00:00:00+00:00,78.0,24054.0,163.5,160.0,161.25,162.5,6618.0
1997-10-01 00:00:00+00:00,77.0,24106.0,164.9,161.25,162.5,162.35,4706.0
1997-10-02 00:00:00+00:00,76.0,25102.0,164.5,159.25,163.5,161.05,6654.0
1997-10-03 00:00:00+00:00,75.0,24455.0,164.5,161.0,162.0,161.95,4160.0
1997-10-06 00:00:00+00:00,72.0,24479.0,171.5,163.0,163.3,169.95,7753.0
1997-10-07 00:00:00+00:00,71.0,24066.0,170.7,159.0,170.0,162.15,9927.0
1997-10-08 00:00:00+00:00,70.0,24279.0,170.5,161.25,162.25,167.0,6370.0
1997-10-09 00:00:00+00:00,69.0,24624.0,168.85,161.3,168.0,163.75,5353.0
1997-10-10 00:00:00+00:00,68.0,24214.0,167.0,162.75,164.0,166.1,3262.0
1997-10-13 00:00:00+00:00,65.0,24283.0,168.9,164.0,164.0,167.9,3973.0
1997-10-14 00:00:00+00:00,64.0,23994.0,169.75,163.25,167.9,166.4,6746.0
1997-10-15 00:00:00+00:00,63.0,24275.0,169.5,164.5,167.5,166.05,5719.0
1997-10-16 00:00:00+00:00,62.0,24652.0,168.75,157.0,168.25,157.25,13024.0
1997-10-17 00:00:00+00:00,61.0,25976.0,158.5,149.5,157.0,150.3,12445.0
1997-10-20 00:00:00+00:00,58.0,26004.0,153.25,148.5,150.3,150.7,6684.0
1997-10-21 00:00:00+00:00,57.0,25907.0,152.5,149.0,151.25,150.2,5635.0
1997-10-22 00:00:00+00:00,56.0,26068.0,152.5,149.75,152.0,150.2,4640.0
1997-10-23 00:00:00+00:00,55.0,25990.0,153.0,146.1,149.2,152.2,9603.0
1997-10-24 00:00:00+00:00,54.0,25820.0,154.5,149.75,151.75,152.9,5634.0
1997-10-27 00:00:00+00:00,51.0,25784.0,155.5,151.25,152.25,153.6,5199.0
1997-10-28 00:00:00+00:00,50.0,25890.0,153.0,149.0,152.5,150.7,6097.0
1997-10-29 00:00:00+00:00,49.0,25771.0,153.75,149.0,151.25,150.6,6319.0
1997-10-30 00:00:00+00:00,48.0,25656.0,151.0,148.0,149.25,148.15,5268.0
1997-10-31 00:00:00+00:00,47.0,26117.0,151.75,147.0,147.75,148.65,5999.0
1997-11-03 00:00:00+00:00,44.0,26632.0,150.0,143.3,147.5,144.1,8625.0
1997-11-04 00:00:00+00:00,43.0,26940.0,144.6,142.5,144.2,144.3,4864.0
1997-11-05 00:00:00+00:00,42.0,26108.0,154.5,144.25,145.0,153.25,12493.0
1997-11-06 00:00:00+00:00,41.0,26227.0,153.25,145.0,152.0,146.0,7956.0
1997-11-07 00:00:00+00:00,40.0,24819.0,152.0,146.0,146.25,149.8,7296.0
1997-11-10 00:00:00+00:00,37.0,23203.0,158.0,150.5,151.5,156.85,8571.0
1997-11-11 00:00:00+00:00,36.0,23339.0,158.75,151.5,156.25,155.5,8662.0
1997-11-12 00:00:00+00:00,35.0,22979.0,161.4,157.0,158.0,159.65,8627.0
1997-11-13 00:00:00+00:00,34.0,22909.0,166.0,157.5,158.5,164.4,9234.0
1997-11-14 00:00:00+00:00,33.0,22215.0,167.5,161.0,163.0,163.4,12602.0
1997-11-17 00:00:00+00:00,30.0,22160.0,165.0,159.0,163.0,159.3,9231.0
1997-11-18 00:00:00+00:00,29.0,21950.0,165.5,157.0,159.5,164.95,9782.0
1997-11-19 00:00:00+00:00,28.0,21882.0,167.5,163.5,163.5,165.95,7167.0
1997-11-20 00:00:00+00:00,27.0,22266.0,165.95,161.0,165.5,162.2,6996.0
1997-11-21 00:00:00+00:00,26.0,22275.0,163.0,160.0,160.25,161.15,3165.0
1997-11-24 00:00:00+00:00,23.0,23265.0,162.5,157.25,162.0,159.45,6945.0
1997-11-25 00:00:00+00:00,22.0,22794.0,161.5,157.5,160.0,158.9,4971.0
1997-11-26 00:00:00+00:00,21.0,22961.0,162.9,158.5,160.5,161.0,6816.0
1997-11-27 00:00:00+00:00,21.0,22961.0,,,,161.0,
1997-11-28 00:00:00+00:00,21.0,22961.0,,,,161.0,
1997-12-01 00:00:00+00:00,108.0,23839.0,163.6,156.15,156.15,162.7,11195.0
1997-12-02 00:00:00+00:00,107.0,25655.0,170.25,161.25,162.25,168.5,12594.0
1997-12-03 00:00:00+00:00,106.0,26265.0,169.0,165.1,166.5,167.3,8466.0
1997-12-04 00:00:00+00:00,105.0,26950.0,170.55,163.75,166.0,169.8,8888.0
1997-12-05 00:00:00+00:00,104.0,27962.0,173.9,167.75,168.5,173.7,8267.0
1997-12-08 00:00:00+00:00,101.0,29064.0,174.9,169.5,173.0,174.35,8197.0
1997-12-09 00:00:00+00:00,100.0,31132.0,183.5,170.5,173.75,183.2,14943.0
1997-12-10 00:00:00+00:00,99.0,31132.0,188.5,181.7,184.5,182.6,9982.0
1997-12-11 00:00:00+00:00,98.0,31268.0,184.7,177.7,179.5,178.0,7722.0
1997-12-12 00:00:00+00:00,97.0,31660.0,182.0,176.0,177.5,179.9,6991.0
1997-12-15 00:00:00+00:00,94.0,31641.0,187.25,182.5,186.0,185.45,6743.0
1997-12-16 00:00:00+00:00,93.0,30644.0,186.45,165.0,185.25,167.1,13630.0
1997-12-17 00:00:00+00:00,92.0,29581.0,167.25,160.5,164.0,160.85,8435.0
1997-12-18 00:00:00+00:00,91.0,29008.0,166.5,161.0,161.0,165.05,5641.0
1997-12-19 00:00:00+00:00,90.0,28189.0,166.0,157.75,165.5,158.65,6951.0
1997-12-22 00:00:00+00:00,87.0,27558.0,157.75,154.0,155.5,157.05,6832.0
1997-12-23 00:00:00+00:00,86.0,27697.0,163.0,158.0,158.0,162.4,5084.0
1997-12-24 00:00:00+00:00,85.0,27303.0,162.4,158.5,161.5,159.8,1953.0
1997-12-25 00:00:00+00:00,85.0,27303.0,,,,159.8,
1997-12-26 00:00:00+00:00,85.0,27303.0,,,,159.8,
1997-12-29 00:00:00+00:00,80.0,27779.0,166.25,159.0,159.0,163.25,3864.0
1997-12-30 00:00:00+00:00,79.0,27901.0,165.75,163.0,163.5,164.8,2706.0
1997-12-31 00:00:00+00:00,78.0,27977.0,167.5,159.5,166.25,162.45,4254.0
1998-01-01 00:00:00+00:00,78.0,27977.0,,,,162.45,
1998-01-02 00:00:00+00:00,78.0,27977.0,,,,162.45,
1998-01-05 00:00:00+00:00,73.0,29077.0,171.0,161.9,161.9,170.7,7553.0
1998-01-06 00:00:00+00:00,72.0,28673.0,171.5,158.0,170.5,161.4,10773.0
1998-01-07 00:00:00+00:00,71.0,28392.0,164.25,159.0,161.4,162.1,6581.0
1998-01-08 00:00:00+00:00,70.0,28663.0,168.0,162.2,163.0,167.85,7333.0
1998-01-09 00:00:00+00:00,69.0,28488.0,167.75,158.25,166.5,162.05,9134.0
1998-01-12 00:00:00+00:00,66.0,27813.0,163.0,156.0,161.75,159.7,7983.0
1998-01-13 00:00:00+00:00,65.0,27869.0,167.0,158.75,160.5,164.45,7250.0
1998-01-14 00:00:00+00:00,64.0,28446.0,167.0,161.0,163.5,164.8,8166.0
1998-01-15 00:00:00+00:00,63.0,29409.0,169.9,164.0,164.0,168.2,9675.0
1998-01-16 00:00:00+00:00,62.0,29051.0,169.35,165.5,168.75,167.05,5405.0
1998-01-19 00:00:00+00:00,62.0,29051.0,,,,167.05,
1998-01-20 00:00:00+00:00,58.0,31534.0,178.5,168.0,168.0,178.05,13958.0
1998-01-21 00:00:00+00:00,57.0,31564.0,180.5,173.5,179.0,177.5,9807.0
1998-01-22 00:00:00+00:00,56.0,31916.0,178.5,174.0,178.0,176.85,6277.0
1998-01-23 00:00:00+00:00,55.0,31718.0,179.0,176.0,177.0,178.8,6214.0
1998-01-26 00:00:00+00:00,52.0,31890.0,179.0,171.5,177.5,173.35,7795.0
1998-01-27 00:00:00+00:00,51.0,31485.0,172.5,168.75,169.5,170.8,6862.0
1998-01-28 00:00:00+00:00,50.0,31581.0,176.0,170.5,172.0,175.75,6905.0
1998-01-29 00:00:00+00:00,49.0,31206.0,178.0,174.0,176.0,177.1,6599.0
1998-01-30 00:00:00+00:00,48.0,32009.0,183.5,171.5,178.5,174.7,11529.0
1998-02-02 00:00:00+00:00,45.0,32481.0,179.5,172.65,175.5,178.2,9372.0
1998-02-03 00:00:00+00:00,44.0,31925.0,178.5,175.0,177.6,176.75,6527.0
1998-02-04 00:00:00+00:00,43.0,32600.0,180.5,174.5,176.0,180.1,9110.0
1998-02-05 00:00:00+00:00,42.0,32841.0,182.0,178.5,179.5,181.95,7280.0
1998-02-06 00:00:00+00:00,41.0,32208.0,183.0,175.75,180.6,177.55,11639.0
1998-02-09 00:00:00+00:00,38.0,31812.0,177.0,173.25,176.5,173.35,8510.0
1998-02-10 00:00:00+00:00,37.0,30710.0,172.0,165.0,165.0,168.0,13527.0
1998-02-11 00:00:00+00:00,36.0,30224.0,169.0,166.5,167.5,166.8,6844.0
1998-02-12 00:00:00+00:00,35.0,30161.0,169.75,165.5,165.5,168.2,9095.0
1998-02-13 00:00:00+00:00,34.0,29897.0,168.95,166.0,166.5,167.4,5841.0
1998-02-16 00:00:00+00:00,34.0,29897.0,,,,167.4,
1998-02-17 00:00:00+00:00,30.0,29609.0,166.75,163.0,166.5,164.75,25547.0
1998-02-18 00:00:00+00:00,29.0,29288.0,172.0,165.0,165.3,171.25,20820.0
1998-02-19 00:00:00+00:00,28.0,29739.0,177.0,170.0,170.0,174.15,11791.0
1998-02-20 00:00:00+00:00,27.0,29425.0,175.25,172.5,173.5,175.05,6244.0
1998-02-23 00:00:00+00:00,24.0,30548.0,180.0,174.25,174.25,179.25,6462.0
1998-02-24 00:00:00+00:00,23.0,29458.0,181.0,170.0,179.0,173.55,12255.0
1998-02-25 00:00:00+00:00,22.0,29334.0,175.75,173.0,173.0,175.0,4154.0
1998-02-26 00:00:00+00:00,21.0,29325.0,176.0,170.5,172.5,170.8,7786.0
1998-02-27 00:00:00+00:00,20.0,28656.0,171.5,165.0,171.5,165.8,11630.0
1998-03-02 00:00:00+00:00,77.0,28542.0,162.0,157.7,160.5,158.3,9857.0
1998-03-03 00:00:00+00:00,76.0,29067.0,160.0,152.4,156.75,152.5,16057.0
1998-03-04 00:00:00+00:00,75.0,27591.0,155.0,151.5,153.5,152.15,10288.0
1998-03-05 00:00:00+00:00,74.0,27430.0,155.5,148.0,153.5,148.25,13195.0
1998-03-06 00:00:00+00:00,73.0,28688.0,149.25,145.0,148.25,146.6,14320.0
1998-03-09 00:00:00+00:00,70.0,28855.0,151.5,148.0,149.0,149.75,6936.0
1998-03-10 00:00:00+00:00,69.0,28659.0,150.8,148.25,148.25,148.95,4702.0
1998-03-11 00:00:00+00:00,68.0,28316.0,152.5,149.0,150.0,151.95,5422.0
1998-03-12 00:00:00+00:00,67.0,29236.0,153.4,146.8,151.25,147.5,8372.0
1998-03-13 00:00:00+00:00,66.0,29864.0,148.0,144.0,146.75,146.5,8586.0
1998-03-16 00:00:00+00:00,63.0,29240.0,151.5,147.5,147.5,150.05,6536.0
1998-03-17 00:00:00+00:00,62.0,30135.0,149.4,146.0,148.0,149.1,7855.0
1998-03-18 00:00:00+00:00,61.0,30242.0,150.5,145.5,150.0,145.85,7521.0
1998-03-19 00:00:00+00:00,60.0,31494.0,146.5,142.0,145.0,142.25,10814.0
1998-03-20 00:00:00+00:00,59.0,32232.0,151.0,139.25,141.75,146.7,12580.0
1998-03-23 00:00:00+00:00,56.0,31885.0,149.5,145.5,146.5,148.1,6297.0
1998-03-24 00:00:00+00:00,55.0,31935.0,149.5,145.0,148.5,146.4,5335.0
1998-03-25 00:00:00+00:00,54.0,32279.0,150.0,142.75,148.5,143.55,9058.0
1998-03-26 00:00:00+00:00,53.0,32226.0,146.8,143.6,144.5,146.25,4777.0
1998-03-27 00:00:00+00:00,52.0,32287.0,148.5,144.25,147.0,146.45,5178.0
1998-03-30 00:00:00+00:00,49.0,32333.0,150.5,145.5,147.25,146.0,6690.0
1998-03-31 00:00:00+00:00,48.0,32422.0,149.45,145.75,146.0,146.25,6335.0
1998-04-01 00:00:00+00:00,47.0,33190.0,148.25,143.25,145.75,143.75,8587.0
1998-04-02 00:00:00+00:00,46.0,33241.0,145.75,142.5,144.75,144.3,7151.0
1998-04-03 00:00:00+00:00,45.0,33715.0,146.0,139.5,143.9,140.55,10889.0
1998-04-06 00:00:00+00:00,42.0,33947.0,142.7,140.25,141.0,141.65,5243.0
1998-04-07 00:00:00+00:00,41.0,34397.0,143.25,139.0,142.4,142.0,9496.0
1998-04-08 00:00:00+00:00,40.0,33841.0,145.5,143.25,143.5,144.55,8173.0
1998-04-09 00:00:00+00:00,39.0,33457.0,147.8,144.5,145.0,146.3,6678.0
1998-04-10 00:00:00+00:00,39.0,33457.0,,,,146.3,
1998-04-13 00:00:00+00:00,35.0,32718.0,154.0,147.5,147.5,153.4,13159.0
1998-04-14 00:00:00+00:00,34.0,31997.0,154.25,151.0,152.5,153.9,7873.0
1998-04-15 00:00:00+00:00,33.0,31876.0,156.5,151.0,154.5,152.05,10293.0
1998-04-16 00:00:00+00:00,32.0,31257.0,152.5,149.25,151.75,151.05,7576.0
1998-04-17 00:00:00+00:00,31.0,30500.0,152.0,147.0,151.5,150.6,8445.0
1998-04-20 00:00:00+00:00,28.0,30244.0,152.4,148.5,150.1,150.5,12557.0
1998-04-21 00:00:00+00:00,27.0,29734.0,151.75,147.5,151.5,147.8,10258.0
1998-04-22 00:00:00+00:00,26.0,30335.0,150.5,146.5,148.5,148.0,7496.0
1998-04-23 00:00:00+00:00,25.0,31532.0,147.5,138.25,147.0,138.6,17259.0
1998-04-24 00:00:00+00:00,24.0,32295.0,140.5,136.0,137.0,136.15,12720.0
1998-04-27 00:00:00+00:00,21.0,33301.0,137.5,134.0,135.75,134.4,7701.0
1998-04-28 00:00:00+00:00,20.0,34134.0,137.0,135.0,135.0,135.15,8228.0
1998-04-29 00:00:00+00:00,19.0,34625.0,137.0,132.25,136.5,134.0,10488.0
1998-04-30 00:00:00+00:00,18.0,34630.0,135.5,134.0,134.0,134.5,4462.0
1998-05-01 00:00:00+00:00,81.0,34975.0,131.5,126.5,131.25,126.95,12473.0
1998-05-04 00:00:00+00:00,78.0,35631.0,128.0,124.8,125.0,127.85,8756.0
1998-05-05 00:00:00+00:00,77.0,35418.0,133.5,128.1,128.1,132.55,8372.0
1998-05-06 00:00:00+00:00,76.0,36421.0,132.0,125.5,131.5,127.1,10045.0
1998-05-07 00:00:00+00:00,75.0,36602.0,128.75,124.6,126.0,127.25,7499.0
1998-05-08 00:00:00+00:00,74.0,36490.0,128.5,125.75,127.5,127.45,3559.0
1998-05-11 00:00:00+00:00,71.0,36665.0,128.75,126.5,126.5,128.05,5044.0
1998-05-12 00:00:00+00:00,70.0,37149.0,131.0,124.5,128.0,125.8,9833.0
1998-05-13 00:00:00+00:00,69.0,37098.0,127.9,125.0,126.25,125.15,5553.0
1998-05-14 00:00:00+00:00,68.0,37620.0,129.25,124.0,127.0,128.6,7495.0
1998-05-15 00:00:00+00:00,67.0,37347.0,129.75,124.6,129.0,125.55,6945.0
1998-05-18 00:00:00+00:00,64.0,37306.0,128.25,126.5,126.5,127.65,4387.0
1998-05-19 00:00:00+00:00,63.0,36871.0,136.5,127.75,127.75,135.5,13603.0
1998-05-20 00:00:00+00:00,62.0,36697.0,136.8,133.0,134.5,136.0,8864.0
1998-05-21 00:00:00+00:00,61.0,36505.0,136.0,133.0,134.75,134.2,6044.0
1998-05-22 00:00:00+00:00,60.0,36203.0,138.0,133.5,133.5,136.4,7259.0
1998-05-25 00:00:00+00:00,60.0,36203.0,,,,136.4,
1998-05-26 00:00:00+00:00,56.0,36001.0,135.0,129.5,134.5,131.1,9250.0
1998-05-27 00:00:00+00:00,55.0,35424.0,132.25,129.75,131.75,130.15,7277.0
1998-05-28 00:00:00+00:00,54.0,35478.0,133.0,128.5,128.5,132.4,6451.0
1998-05-29 00:00:00+00:00,53.0,35003.0,134.75,131.5,132.4,132.5,9226.0
1998-06-01 00:00:00+00:00,50.0,36583.0,131.0,123.0,130.5,124.15,11740.0
1998-06-02 00:00:00+00:00,49.0,37064.0,125.75,122.3,124.25,124.85,10590.0
1998-06-03 00:00:00+00:00,48.0,37852.0,126.5,123.75,124.85,125.25,7304.0
1998-06-04 00:00:00+00:00,47.0,38164.0,125.5,122.75,124.6,125.2,6394.0
1998-06-05 00:00:00+00:00,46.0,37586.0,126.0,124.25,125.25,125.6,7571.0
1998-06-08 00:00:00+00:00,43.0,38271.0,125.0,118.3,124.6,119.85,13636.0
1998-06-09 00:00:00+00:00,42.0,37506.0,123.8,120.55,120.55,121.55,9163.0
1998-06-10 00:00:00+00:00,41.0,37752.0,123.2,120.75,120.75,122.45,6807.0
1998-06-11 00:00:00+00:00,40.0,37035.0,124.75,121.0,121.0,124.05,8603.0
1998-06-12 00:00:00+00:00,39.0,37370.0,124.0,119.0,123.5,121.75,9616.0
1998-06-15 00:00:00+00:00,36.0,36527.0,121.75,119.5,120.0,119.95,8155.0
1998-06-16 00:00:00+00:00,35.0,37167.0,121.0,115.75,120.0,116.95,12040.0
1998-06-17 00:00:00+00:00,34.0,36123.0,119.5,116.8,117.5,118.05,11063.0
1998-06-18 00:00:00+00:00,33.0,35829.0,118.5,116.25,117.5,117.95,13250.0
1998-06-19 00:00:00+00:00,32.0,35465.0,119.0,113.25,117.9,113.75,12924.0
1998-06-22 00:00:00+00:00,29.0,35710.0,114.5,112.25,114.25,112.35,6400.0
1998-06-23 00:00:00+00:00,28.0,35651.0,114.75,111.5,113.25,112.15,5540.0
1998-06-24 00:00:00+00:00,27.0,35591.0,113.25,111.5,112.25,111.6,4686.0
1998-06-25 00:00:00+00:00,26.0,35336.0,115.5,111.5,111.5,114.75,8149.0
1998-06-26 00:00:00+00:00,25.0,35737.0,115.0,109.5,113.75,113.1,7804.0
1998-06-29 00:00:00+00:00,22.0,35844.0,113.0,110.5,112.75,112.3,3975.0
1998-06-30 00:00:00+00:00,21.0,36171.0,112.0,110.9,111.25,111.25,4358.0
1998-07-01 00:00:00+00:00,79.0,36467.0,112.0,109.25,109.25,111.55,4614.0
1998-07-02 00:00:00+00:00,78.0,37231.0,111.0,108.0,110.8,109.35,6732.0
1998-07-03 00:00:00+00:00,78.0,37231.0,,,,109.35,
1998-07-06 00:00:00+00:00,74.0,37393.0,113.25,109.5,109.5,110.75,6688.0
1998-07-07 00:00:00+00:00,73.0,37095.0,111.6,109.75,110.25,110.45,3978.0
1998-07-08 00:00:00+00:00,72.0,37247.0,114.0,110.5,110.5,112.55,7192.0
1998-07-09 00:00:00+00:00,71.0,37188.0,114.4,109.6,112.75,110.9,7755.0
1998-07-10 00:00:00+00:00,70.0,37343.0,111.75,108.85,110.4,109.6,4092.0
1998-07-13 00:00:00+00:00,67.0,37469.0,109.0,105.8,108.35,106.4,6158.0
1998-07-14 00:00:00+00:00,66.0,37560.0,107.7,106.0,106.0,107.2,4277.0
1998-07-15 00:00:00+00:00,65.0,38275.0,107.9,105.0,107.6,107.1,5524.0
1998-07-16 00:00:00+00:00,64.0,37759.0,108.9,106.4,107.25,106.8,4907.0
1998-07-17 00:00:00+00:00,63.0,38319.0,107.25,105.2,106.6,106.8,4542.0
1998-07-20 00:00:00+00:00,60.0,38477.0,109.5,106.0,106.25,108.25,6396.0
1998-07-21 00:00:00+00:00,59.0,38423.0,109.8,107.75,107.9,108.25,5527.0
1998-07-22 00:00:00+00:00,58.0,38692.0,116.0,107.5,107.5,114.8,15348.0
1998-07-23 00:00:00+00:00,57.0,37799.0,114.5,112.5,113.5,113.95,9383.0
1998-07-24 00:00:00+00:00,56.0,37390.0,116.75,110.8,114.5,111.7,9303.0
1998-07-27 00:00:00+00:00,53.0,37295.0,113.35,111.3,112.0,112.1,3818.0
1998-07-28 00:00:00+00:00,52.0,37511.0,116.4,111.8,111.8,115.55,8902.0
1998-07-29 00:00:00+00:00,51.0,37246.0,118.5,113.5,115.5,118.4,10297.0
1998-07-30 00:00:00+00:00,50.0,37428.0,124.25,118.5,118.5,123.45,15102.0
1998-07-31 00:00:00+00:00,49.0,36089.0,129.5,121.35,121.35,129.2,15333.0
1998-08-03 00:00:00+00:00,46.0,36029.0,131.25,126.6,128.1,130.9,11490.0
1998-08-04 00:00:00+00:00,45.0,35984.0,129.8,127.3,129.5,129.0,7782.0
1998-08-05 00:00:00+00:00,44.0,35694.0,132.5,127.5,128.0,130.5,7810.0
1998-08-06 00:00:00+00:00,43.0,35200.0,132.25,128.0,128.0,132.0,8768.0
1998-08-07 00:00:00+00:00,42.0,33632.0,135.9,130.0,132.5,135.2,14600.0
1998-08-10 00:00:00+00:00,39.0,32787.0,137.4,132.25,134.5,134.2,9211.0
1998-08-11 00:00:00+00:00,38.0,31145.0,133.0,122.5,132.0,124.45,15015.0
1998-08-12 00:00:00+00:00,37.0,29957.0,125.5,118.75,123.5,119.05,9159.0
1998-08-13 00:00:00+00:00,36.0,29652.0,120.0,116.5,117.75,116.85,10194.0
1998-08-14 00:00:00+00:00,35.0,29151.0,118.0,110.0,116.0,111.6,12544.0
1998-08-17 00:00:00+00:00,32.0,29415.0,114.75,110.5,110.5,110.95,9596.0
1998-08-18 00:00:00+00:00,31.0,28657.0,119.0,112.0,112.0,116.3,9724.0
1998-08-19 00:00:00+00:00,30.0,27709.0,118.25,116.25,116.5,117.85,5491.0
1998-08-20 00:00:00+00:00,29.0,26745.0,119.0,112.0,118.5,113.95,11176.0
1998-08-21 00:00:00+00:00,28.0,27060.0,117.0,113.1,115.5,115.4,6564.0
1998-08-24 00:00:00+00:00,25.0,26844.0,117.5,115.75,115.75,117.5,4055.0
1998-08-25 00:00:00+00:00,24.0,27350.0,125.0,118.5,118.5,123.8,10669.0
1998-08-26 00:00:00+00:00,23.0,27047.0,124.0,119.5,123.25,120.25,5178.0
1998-08-27 00:00:00+00:00,22.0,26802.0,123.3,119.25,122.5,120.6,7970.0
1998-08-28 00:00:00+00:00,21.0,27271.0,123.0,120.5,120.5,122.5,4765.0
1998-08-31 00:00:00+00:00,18.0,27423.0,124.5,118.5,123.0,121.0,7285.0
1998-09-01 00:00:00+00:00,108.0,27578.0,117.0,111.0,116.75,113.6,7150.0
1998-09-02 00:00:00+00:00,107.0,27367.0,114.5,111.5,112.3,113.3,4923.0
1998-09-03 00:00:00+00:00,106.0,27725.0,114.35,110.75,114.0,112.25,5938.0
1998-09-04 00:00:00+00:00,105.0,27255.0,114.0,112.0,112.0,112.85,3979.0
1998-09-07 00:00:00+00:00,105.0,27255.0,,,,112.85,
1998-09-08 00:00:00+00:00,101.0,27631.0,117.0,112.25,112.25,115.65,7069.0
1998-09-09 00:00:00+00:00,100.0,26997.0,116.5,112.05,115.5,113.0,6671.0
1998-09-10 00:00:00+00:00,99.0,27638.0,113.4,108.8,112.75,109.0,10270.0
1998-09-11 00:00:00+00:00,98.0,29551.0,108.5,104.0,108.25,104.15,14406.0
1998-09-14 00:00:00+00:00,95.0,30504.0,105.25,101.35,104.0,101.7,10388.0
1998-09-15 00:00:00+00:00,94.0,30675.0,104.75,102.5,102.5,104.6,7608.0
1998-09-16 00:00:00+00:00,93.0,30954.0,105.6,101.1,103.3,104.9,8997.0
1998-09-17 00:00:00+00:00,92.0,31477.0,105.1,101.5,103.75,101.85,7615.0
1998-09-18 00:00:00+00:00,91.0,32011.0,102.9,101.0,101.9,101.1,7232.0
1998-09-21 00:00:00+00:00,88.0,32685.0,103.85,98.75,99.75,101.95,8443.0
1998-09-22 00:00:00+00:00,87.0,32412.0,103.95,101.5,101.5,102.85,5186.0
1998-09-23 00:00:00+00:00,86.0,33324.0,104.5,100.25,104.0,103.05,8076.0
1998-09-24 00:00:00+00:00,85.0,33201.0,105.0,102.4,103.0,104.0,5350.0
1998-09-25 00:00:00+00:00,84.0,32940.0,105.9,102.75,105.25,104.65,5106.0
1998-09-28 00:00:00+00:00,81.0,32244.0,109.2,107.0,107.0,108.35,9953.0
1998-09-29 00:00:00+00:00,80.0,32279.0,108.5,105.5,108.0,105.7,7185.0
1998-09-30 00:00:00+00:00,79.0,32576.0,106.0,104.25,104.75,105.15,5011.0
1998-10-01 00:00:00+00:00,78.0,33394.0,106.75,102.2,104.5,102.7,9095.0
1998-10-02 00:00:00+00:00,77.0,34851.0,104.5,100.0,100.6,103.45,8948.0
1998-10-05 00:00:00+00:00,74.0,34638.0,105.4,102.75,102.75,103.8,4490.0
1998-10-06 00:00:00+00:00,73.0,34164.0,105.9,103.8,104.5,105.5,4783.0
1998-10-07 00:00:00+00:00,72.0,33996.0,108.0,105.25,105.25,107.35,6605.0
1998-10-08 00:00:00+00:00,71.0,33279.0,111.9,109.0,109.0,111.45,13888.0
1998-10-09 00:00:00+00:00,70.0,32693.0,111.9,108.1,111.25,108.5,7155.0
1998-10-12 00:00:00+00:00,67.0,32911.0,109.4,102.5,109.0,103.4,9441.0
1998-10-13 00:00:00+00:00,66.0,32496.0,104.2,102.6,102.6,104.15,5750.0
1998-10-14 00:00:00+00:00,65.0,32138.0,104.9,102.8,104.15,104.7,4715.0
1998-10-15 00:00:00+00:00,64.0,32330.0,107.5,104.3,104.3,106.85,7836.0
1998-10-16 00:00:00+00:00,63.0,32331.0,106.25,102.75,105.75,104.5,7010.0
1998-10-19 00:00:00+00:00,60.0,32274.0,107.75,103.5,104.0,106.75,5990.0
1998-10-20 00:00:00+00:00,59.0,32673.0,108.0,102.75,107.5,103.95,7418.0
1998-10-21 00:00:00+00:00,58.0,31858.0,105.7,103.6,104.25,105.35,5680.0
1998-10-22 00:00:00+00:00,57.0,32394.0,107.9,104.5,105.1,106.75,8711.0
1998-10-23 00:00:00+00:00,56.0,32779.0,107.75,105.6,105.8,106.85,4921.0
1998-10-26 00:00:00+00:00,53.0,32399.0,110.75,106.25,107.0,110.3,10773.0
1998-10-27 00:00:00+00:00,52.0,32521.0,112.5,104.0,110.0,105.35,14790.0
1998-10-28 00:00:00+00:00,51.0,32768.0,107.5,105.3,106.1,106.4,6794.0
1998-10-29 00:00:00+00:00,50.0,33053.0,107.8,105.8,106.25,107.4,5103.0
1998-10-30 00:00:00+00:00,49.0,32760.0,112.0,106.0,107.8,110.0,13060.0
1998-11-02 00:00:00+00:00,46.0,34858.0,120.5,112.0,112.0,119.7,21304.0
1998-11-03 00:00:00+00:00,45.0,34914.0,129.25,119.0,121.25,128.95,24473.0
1998-11-04 00:00:00+00:00,44.0,34176.0,128.2,121.0,125.5,124.65,20065.0
1998-11-05 00:00:00+00:00,43.0,33871.0,127.0,122.0,126.0,124.35,11120.0
1998-11-06 00:00:00+00:00,42.0,33982.0,126.1,122.5,123.75,122.95,9607.0
1998-11-09 00:00:00+00:00,39.0,32788.0,124.0,119.25,123.9,119.65,7927.0
1998-11-10 00:00:00+00:00,38.0,32935.0,119.95,116.0,119.0,116.85,11391.0
1998-11-11 00:00:00+00:00,37.0,32814.0,117.75,115.1,116.5,115.6,6515.0
1998-11-12 00:00:00+00:00,36.0,32801.0,115.25,112.8,113.75,113.35,12156.0
1998-11-13 00:00:00+00:00,35.0,32056.0,113.0,111.5,112.0,112.55,10491.0
1998-11-16 00:00:00+00:00,32.0,31469.0,114.7,110.6,110.6,114.0,8497.0
1998-11-17 00:00:00+00:00,31.0,30977.0,115.25,111.8,115.0,112.35,12318.0
1998-11-18 00:00:00+00:00,30.0,30019.0,112.0,108.75,111.5,110.6,8679.0
1998-11-19 00:00:00+00:00,29.0,29631.0,111.25,108.75,110.25,110.95,6557.0
1998-11-20 00:00:00+00:00,28.0,29136.0,112.0,109.7,110.75,110.5,3810.0
1998-11-23 00:00:00+00:00,25.0,29076.0,109.5,108.0,109.5,108.35,6544.0
1998-11-24 00:00:00+00:00,24.0,28896.0,110.0,108.5,109.25,110.0,5420.0
1998-11-25 00:00:00+00:00,23.0,29038.0,113.8,110.0,110.1,113.15,5635.0
1998-11-26 00:00:00+00:00,23.0,29038.0,,,,113.15,
1998-11-27 00:00:00+00:00,23.0,29038.0,,,,113.15,
1998-11-30 00:00:00+00:00,18.0,28439.0,114.0,110.5,114.0,112.3,5262.0
1998-12-01 00:00:00+00:00,108.0,28717.0,111.4,108.75,109.6,108.85,6212.0
1998-12-02 00:00:00+00:00,107.0,29476.0,110.9,107.0,107.0,110.3,6904.0
1998-12-03 00:00:00+00:00,106.0,30244.0,113.5,102.55,111.0,112.5,8843.0
1998-12-04 00:00:00+00:00,105.0,29676.0,112.9,110.25,112.6,110.9,5055.0
1998-12-07 00:00:00+00:00,102.0,29691.0,112.25,110.75,111.15,112.0,3467.0
1998-12-08 00:00:00+00:00,101.0,29892.0,112.9,111.3,112.0,111.85,3909.0
1998-12-09 00:00:00+00:00,100.0,29730.0,113.25,111.0,111.0,112.05,5107.0
1998-12-10 00:00:00+00:00,99.0,31376.0,117.25,111.5,111.5,116.0,12664.0
1998-12-11 00:00:00+00:00,98.0,31319.0,116.25,114.0,116.0,115.15,5585.0
1998-12-14 00:00:00+00:00,95.0,32409.0,118.4,114.6,114.75,117.85,8285.0
1998-12-15 00:00:00+00:00,94.0,35163.0,121.5,119.25,119.5,121.2,12228.0
1998-12-16 00:00:00+00:00,93.0,35583.0,120.4,119.2,119.5,120.15,5825.0
1998-12-17 00:00:00+00:00,92.0,36324.0,122.7,117.75,117.75,118.65,10202.0
1998-12-18 00:00:00+00:00,91.0,36163.0,118.8,116.6,116.6,118.3,4636.0
1998-12-21 00:00:00+00:00,88.0,35574.0,116.5,113.0,113.0,115.45,8649.0
1998-12-22 00:00:00+00:00,87.0,34689.0,117.7,114.25,114.25,116.05,5902.0
1998-12-23 00:00:00+00:00,86.0,34396.0,118.0,115.5,115.75,117.75,3692.0
1998-12-24 00:00:00+00:00,85.0,34433.0,117.9,113.75,117.5,114.1,2903.0
1998-12-25 00:00:00+00:00,85.0,34433.0,,,,114.1,
1998-12-28 00:00:00+00:00,81.0,34294.0,115.25,113.8,113.8,115.1,2828.0
1998-12-29 00:00:00+00:00,80.0,34537.0,117.9,115.0,115.0,116.8,4792.0
1998-12-30 00:00:00+00:00,79.0,34195.0,118.4,116.25,117.1,117.15,3900.0
1998-12-31 00:00:00+00:00,78.0,34081.0,118.0,116.4,117.1,117.75,1882.0
1999-01-01 00:00:00+00:00,78.0,34081.0,,,,117.75,
1999-01-04 00:00:00+00:00,74.0,37159.0,123.5,116.5,116.5,122.6,13090.0
1999-01-05 00:00:00+00:00,73.0,36954.0,125.0,116.0,122.75,119.0,12516.0
1999-01-06 00:00:00+00:00,72.0,37551.0,120.25,117.1,119.3,117.5,5770.0
1999-01-07 00:00:00+00:00,71.0,37555.0,118.75,116.6,117.25,118.65,5836.0
1999-01-08 00:00:00+00:00,70.0,37416.0,119.75,117.25,117.25,119.65,5079.0
1999-01-11 00:00:00+00:00,67.0,37322.0,120.5,117.0,118.75,119.95,7631.0
1999-01-12 00:00:00+00:00,66.0,37230.0,122.5,117.0,119.5,117.15,10166.0
1999-01-13 00:00:00+00:00,65.0,37492.0,122.0,113.0,113.0,120.3,17466.0
1999-01-14 00:00:00+00:00,64.0,36912.0,120.9,118.25,118.75,118.3,6817.0
1999-01-15 00:00:00+00:00,63.0,36957.0,117.5,115.0,115.1,115.55,299.0
1999-01-18 00:00:00+00:00,63.0,36957.0,,,,115.55,
1999-01-19 00:00:00+00:00,59.0,34422.0,114.7,106.0,114.25,106.55,25868.0
1999-01-20 00:00:00+00:00,58.0,35576.0,108.25,105.85,106.6,106.55,24163.0
1999-01-21 00:00:00+00:00,57.0,33690.0,108.6,106.0,107.75,106.0,13296.0
1999-01-22 00:00:00+00:00,56.0,34623.0,107.0,104.0,105.5,105.5,14555.0
1999-01-25 00:00:00+00:00,53.0,34717.0,107.75,105.75,106.25,105.8,6299.0
1999-01-26 00:00:00+00:00,52.0,34375.0,108.0,105.8,107.5,106.85,8059.0
1999-01-27 00:00:00+00:00,51.0,35648.0,107.25,103.5,107.0,103.8,11567.0
1999-01-28 00:00:00+00:00,50.0,36491.0,104.9,102.8,102.8,103.4,10729.0
1999-01-29 00:00:00+00:00,49.0,35655.0,104.0,102.25,102.25,103.9,8290.0
1999-02-01 00:00:00+00:00,46.0,35476.0,107.5,104.25,106.0,105.55,8464.0
1999-02-02 00:00:00+00:00,45.0,35105.0,106.7,105.25,106.0,106.45,6060.0
1999-02-03 00:00:00+00:00,44.0,35432.0,107.5,104.25,107.0,105.5,8005.0
1999-02-04 00:00:00+00:00,43.0,36186.0,105.75,102.25,105.3,103.9,10982.0
1999-02-05 00:00:00+00:00,42.0,37223.0,105.0,103.55,104.25,104.4,8989.0
1999-02-08 00:00:00+00:00,39.0,36360.0,105.75,103.75,104.25,104.0,7452.0
1999-02-09 00:00:00+00:00,38.0,36717.0,104.5,102.0,103.0,103.0,10510.0
1999-02-10 00:00:00+00:00,37.0,36504.0,104.25,102.5,102.5,103.5,9804.0
1999-02-11 00:00:00+00:00,36.0,35586.0,108.75,103.25,103.25,106.75,19830.0
1999-02-12 00:00:00+00:00,35.0,34496.0,106.9,105.75,106.0,105.9,12271.0
1999-02-15 00:00:00+00:00,35.0,34496.0,,,,105.9,
1999-02-16 00:00:00+00:00,31.0,37722.0,107.15,100.75,106.75,100.95,24895.0
1999-02-17 00:00:00+00:00,30.0,37840.0,103.0,101.25,101.25,102.55,18197.0
1999-02-18 00:00:00+00:00,29.0,36867.0,104.0,101.5,102.5,103.35,9701.0
1999-02-19 00:00:00+00:00,28.0,37949.0,103.75,103.0,103.1,103.25,4223.0
1999-02-22 00:00:00+00:00,25.0,38280.0,104.5,102.0,103.25,102.8,5982.0
1999-02-23 00:00:00+00:00,24.0,37635.0,109.0,102.25,102.4,105.9,15365.0
1999-02-24 00:00:00+00:00,23.0,36552.0,106.5,105.85,106.25,106.0,5061.0
1999-02-25 00:00:00+00:00,22.0,36484.0,106.5,103.2,106.0,103.35,7278.0
1999-02-26 00:00:00+00:00,21.0,37127.0,104.25,101.75,103.8,102.7,8601.0
1999-03-01 00:00:00+00:00,78.0,36948.0,104.2,102.7,103.4,103.15,5026.0
1999-03-02 00:00:00+00:00,77.0,37007.0,104.0,102.75,102.75,103.8,6145.0
1999-03-03 00:00:00+00:00,76.0,40972.0,104.0,100.0,103.3,100.65,17658.0
1999-03-04 00:00:00+00:00,75.0,41399.0,105.0,100.3,101.0,103.4,13174.0
1999-03-05 00:00:00+00:00,74.0,41075.0,107.5,104.0,104.0,107.0,11917.0
1999-03-08 00:00:00+00:00,71.0,40023.0,109.0,103.5,107.5,104.1,12442.0
1999-03-09 00:00:00+00:00,70.0,39378.0,107.8,104.2,104.4,106.15,7366.0
1999-03-10 00:00:00+00:00,69.0,39962.0,108.0,104.5,107.0,106.15,9175.0
1999-03-11 00:00:00+00:00,68.0,39722.0,107.25,105.3,106.15,106.35,6106.0
1999-03-12 00:00:00+00:00,67.0,40095.0,106.9,103.6,106.4,104.95,7043.0
1999-03-15 00:00:00+00:00,64.0,40599.0,104.3,102.5,103.85,103.3,7501.0
1999-03-16 00:00:00+00:00,63.0,40342.0,106.5,104.0,104.0,105.2,6315.0
1999-03-17 00:00:00+00:00,62.0,40627.0,107.5,104.2,104.5,107.2,7016.0
1999-03-18 00:00:00+00:00,61.0,41781.0,107.25,102.5,106.9,102.65,13299.0
1999-03-19 00:00:00+00:00,60.0,43038.0,103.75,101.5,102.1,102.1,8204.0
1999-03-22 00:00:00+00:00,57.0,43957.0,103.5,100.6,101.5,100.7,8308.0
1999-03-23 00:00:00+00:00,56.0,44711.0,102.75,100.3,100.3,100.95,10046.0
1999-03-24 00:00:00+00:00,55.0,45628.0,102.9,101.0,101.0,101.9,7407.0
1999-03-25 00:00:00+00:00,54.0,45027.0,105.25,101.6,101.6,104.2,11459.0
1999-03-26 00:00:00+00:00,53.0,44750.0,110.0,103.85,104.25,109.2,19816.0
1999-03-29 00:00:00+00:00,50.0,42260.0,113.0,107.5,108.5,112.8,29503.0
1999-03-30 00:00:00+00:00,49.0,40860.0,113.35,109.8,110.75,112.1,17340.0
1999-03-31 00:00:00+00:00,48.0,39629.0,111.9,108.5,111.6,109.7,10551.0
1999-04-01 00:00:00+00:00,47.0,38754.0,110.5,109.1,110.0,110.05,4690.0
1999-04-02 00:00:00+00:00,47.0,38754.0,,,,110.05,
1999-04-05 00:00:00+00:00,43.0,38366.0,109.9,106.5,109.6,107.3,7331.0
1999-04-06 00:00:00+00:00,42.0,37347.0,107.7,105.8,107.3,106.4,7695.0
1999-04-07 00:00:00+00:00,41.0,38270.0,107.0,102.5,106.9,102.6,15431.0
1999-04-08 00:00:00+00:00,40.0,40682.0,102.9,96.5,102.25,97.7,20950.0
1999-04-09 00:00:00+00:00,39.0,45236.0,99.2,95.5,98.0,98.95,25339.0
1999-04-12 00:00:00+00:00,36.0,45887.0,99.5,97.0,99.25,97.5,11848.0
1999-04-13 00:00:00+00:00,35.0,45813.0,99.8,97.25,98.0,97.55,16181.0
1999-04-14 00:00:00+00:00,34.0,46132.0,99.8,98.0,98.0,98.9,9406.0
1999-04-15 00:00:00+00:00,33.0,46284.0,99.35,98.3,98.6,98.45,7260.0
1999-04-16 00:00:00+00:00,32.0,46760.0,101.25,98.5,98.5,99.5,11544.0
1999-04-19 00:00:00+00:00,29.0,45703.0,103.75,100.0,100.0,102.1,14082.0
1999-04-20 00:00:00+00:00,28.0,44737.0,102.5,99.5,102.25,100.0,11441.0
1999-04-21 00:00:00+00:00,27.0,43457.0,100.7,99.25,99.25,99.4,12483.0
1999-04-22 00:00:00+00:00,26.0,45393.0,100.1,96.5,100.0,96.95,12353.0
1999-04-23 00:00:00+00:00,25.0,44994.0,98.75,96.5,96.5,97.5,9488.0
1999-04-26 00:00:00+00:00,22.0,44367.0,100.25,98.0,98.0,99.25,6526.0
1999-04-27 00:00:00+00:00,21.0,45344.0,100.5,98.7,99.5,100.2,5486.0
1999-04-28 00:00:00+00:00,20.0,45773.0,102.0,98.75,100.5,100.4,8914.0
1999-04-29 00:00:00+00:00,19.0,46068.0,104.1,100.0,100.4,104.0,14935.0
1999-04-30 00:00:00+00:00,18.0,45419.0,105.0,103.25,104.5,103.8,10247.0
1999-05-03 00:00:00+00:00,78.0,45415.0,104.0,101.75,103.75,102.7,3970.0
1999-05-04 00:00:00+00:00,77.0,45731.0,103.0,101.1,102.6,101.8,6701.0
1999-05-05 00:00:00+00:00,76.0,45949.0,104.0,102.0,102.05,103.6,4801.0
1999-05-06 00:00:00+00:00,75.0,45698.0,104.3,101.25,104.1,103.15,6678.0
1999-05-07 00:00:00+00:00,74.0,45589.0,103.8,102.3,103.5,102.85,3357.0
1999-05-10 00:00:00+00:00,71.0,45207.0,105.8,103.15,103.15,105.35,9130.0
1999-05-11 00:00:00+00:00,70.0,43898.0,108.2,105.1,106.0,107.4,19089.0
1999-05-12 00:00:00+00:00,69.0,42299.0,107.2,105.4,106.4,106.1,7128.0
1999-05-13 00:00:00+00:00,68.0,41479.0,106.5,103.6,106.1,103.65,7713.0
1999-05-14 00:00:00+00:00,67.0,41766.0,107.5,103.5,104.0,107.4,9540.0
1999-05-17 00:00:00+00:00,64.0,41553.0,110.0,106.2,106.2,109.4,15082.0
1999-05-18 00:00:00+00:00,63.0,40307.0,118.0,108.2,109.25,116.9,22678.0
1999-05-19 00:00:00+00:00,62.0,46296.0,123.5,115.25,115.75,123.0,32282.0
1999-05-20 00:00:00+00:00,61.0,48766.0,123.0,119.0,120.55,120.0,19703.0
1999-05-21 00:00:00+00:00,60.0,48449.0,120.5,116.0,117.25,119.1,12603.0
1999-05-24 00:00:00+00:00,57.0,48271.0,119.5,116.25,116.5,119.4,7280.0
1999-05-25 00:00:00+00:00,56.0,48904.0,120.25,117.0,118.5,119.35,7235.0
1999-05-26 00:00:00+00:00,55.0,51330.0,125.25,118.1,118.5,124.9,15141.0
1999-05-27 00:00:00+00:00,54.0,51264.0,127.0,122.0,123.6,123.05,14875.0
1999-05-28 00:00:00+00:00,53.0,51069.0,122.0,116.75,121.0,121.6,12833.0
1999-05-31 00:00:00+00:00,53.0,51069.0,,,,121.6,
1999-06-01 00:00:00+00:00,49.0,51997.0,121.0,118.0,118.75,120.85,8466.0
1999-06-02 00:00:00+00:00,48.0,52628.0,125.0,120.0,121.25,121.5,14458.0
1999-06-03 00:00:00+00:00,47.0,53721.0,124.2,120.3,120.7,123.05,10028.0
1999-06-04 00:00:00+00:00,46.0,52808.0,123.0,118.25,121.75,120.0,9969.0
1999-06-07 00:00:00+00:00,43.0,51085.0,116.5,111.75,115.5,112.0,15702.0
1999-06-08 00:00:00+00:00,42.0,47792.0,111.0,104.25,110.0,105.7,26058.0
1999-06-09 00:00:00+00:00,41.0,45684.0,107.5,104.0,105.6,106.4,12537.0
1999-06-10 00:00:00+00:00,40.0,45202.0,106.9,105.4,105.75,105.55,5760.0
1999-06-11 00:00:00+00:00,39.0,44285.0,107.4,105.3,105.8,105.8,6961.0
1999-06-14 00:00:00+00:00,36.0,43915.0,105.0,103.0,104.5,104.3,9457.0
1999-06-15 00:00:00+00:00,35.0,43598.0,105.2,103.8,104.5,103.95,13660.0
1999-06-16 00:00:00+00:00,34.0,43411.0,106.7,104.5,105.0,105.3,10600.0
1999-06-17 00:00:00+00:00,33.0,41963.0,106.2,104.65,104.75,105.35,10099.0
1999-06-18 00:00:00+00:00,32.0,42115.0,106.9,104.75,104.75,105.9,8353.0
1999-06-21 00:00:00+00:00,29.0,42404.0,104.6,103.25,104.0,103.5,12028.0
1999-06-22 00:00:00+00:00,28.0,42435.0,106.25,103.0,103.0,105.55,7945.0
1999-06-23 00:00:00+00:00,27.0,42390.0,106.7,105.0,106.0,105.3,5491.0
1999-06-24 00:00:00+00:00,26.0,43128.0,105.3,102.8,105.3,103.25,11312.0
1999-06-25 00:00:00+00:00,25.0,43001.0,104.0,101.0,103.2,101.0,11516.0
1999-06-28 00:00:00+00:00,22.0,43315.0,101.5,99.85,100.0,100.25,11833.0
1999-06-29 00:00:00+00:00,21.0,44162.0,102.0,98.8,100.25,101.3,13180.0
1999-06-30 00:00:00+00:00,20.0,43806.0,104.3,102.0,102.0,101.4,7751.0
1999-07-01 00:00:00+00:00,81.0,43544.0,102.25,100.25,101.6,100.45,7373.0
1999-07-02 00:00:00+00:00,80.0,43825.0,100.75,97.75,100.45,98.0,8467.0
1999-07-05 00:00:00+00:00,80.0,43825.0,,,,98.0,
1999-07-06 00:00:00+00:00,76.0,46952.0,98.0,91.65,97.0,92.0,20511.0
1999-07-07 00:00:00+00:00,75.0,46639.0,95.2,92.4,93.0,94.1,10946.0
1999-07-08 00:00:00+00:00,74.0,46101.0,98.25,95.5,95.5,96.45,9260.0
1999-07-09 00:00:00+00:00,73.0,45921.0,98.9,96.6,97.45,97.3,6221.0
1999-07-12 00:00:00+00:00,70.0,45857.0,96.5,92.4,95.25,92.7,7239.0
1999-07-13 00:00:00+00:00,69.0,45620.0,94.5,92.7,93.4,93.7,6568.0
1999-07-14 00:00:00+00:00,68.0,45612.0,97.5,93.75,94.5,95.9,10831.0
1999-07-15 00:00:00+00:00,67.0,45808.0,96.4,93.6,96.0,94.15,6580.0
1999-07-16 00:00:00+00:00,66.0,45861.0,95.25,92.5,94.95,92.95,6450.0
1999-07-19 00:00:00+00:00,63.0,45579.0,97.0,91.35,91.35,94.9,7617.0
1999-07-20 00:00:00+00:00,62.0,44973.0,95.7,93.5,94.9,95.25,5245.0
1999-07-21 00:00:00+00:00,61.0,45312.0,96.25,93.1,95.45,95.1,7478.0
1999-07-22 00:00:00+00:00,60.0,43986.0,100.0,94.6,95.1,98.1,13973.0
1999-07-23 00:00:00+00:00,59.0,43643.0,99.0,94.6,98.5,94.8,5087.0
1999-07-26 00:00:00+00:00,56.0,43530.0,96.4,95.0,95.3,96.05,5396.0
1999-07-27 00:00:00+00:00,55.0,43837.0,97.75,95.7,96.15,97.6,7031.0
1999-07-28 00:00:00+00:00,54.0,45848.0,98.4,93.8,98.0,96.1,12606.0
1999-07-29 00:00:00+00:00,53.0,46228.0,96.0,94.4,95.35,95.1,8689.0
1999-07-30 00:00:00+00:00,52.0,48963.0,94.0,90.5,92.5,91.1,13409.0
1999-08-02 00:00:00+00:00,49.0,48201.0,95.0,90.4,90.4,93.75,11787.0
1999-08-03 00:00:00+00:00,48.0,48267.0,94.7,93.0,94.25,93.5,8153.0
1999-08-04 00:00:00+00:00,47.0,48694.0,95.9,92.8,94.0,93.75,10460.0
1999-08-05 00:00:00+00:00,46.0,48706.0,95.25,93.1,93.75,94.15,5622.0
1999-08-06 00:00:00+00:00,45.0,48950.0,94.75,92.0,94.25,92.9,7060.0
1999-08-09 00:00:00+00:00,42.0,48781.0,94.7,92.9,93.0,94.25,5760.0
1999-08-10 00:00:00+00:00,41.0,48656.0,94.9,93.25,94.55,93.75,6652.0
1999-08-11 00:00:00+00:00,40.0,48913.0,96.9,94.5,94.5,96.7,11540.0
1999-08-12 00:00:00+00:00,39.0,48190.0,97.9,93.5,96.75,93.75,12161.0
1999-08-13 00:00:00+00:00,38.0,48666.0,102.0,97.0,97.0,98.6,23579.0
1999-08-16 00:00:00+00:00,35.0,49027.0,96.0,89.3,95.5,89.75,22151.0
1999-08-17 00:00:00+00:00,34.0,47268.0,92.45,89.5,91.25,90.35,16563.0
1999-08-18 00:00:00+00:00,33.0,47006.0,91.75,89.75,91.5,90.0,11652.0
1999-08-19 00:00:00+00:00,32.0,44987.0,91.25,88.5,90.0,88.8,13526.0
1999-08-20 00:00:00+00:00,31.0,45412.0,89.25,86.75,88.75,88.35,19545.0
1999-08-23 00:00:00+00:00,28.0,43319.0,90.6,87.75,87.75,89.65,7916.0
1999-08-24 00:00:00+00:00,27.0,43811.0,90.5,88.7,89.7,88.8,5187.0
1999-08-25 00:00:00+00:00,26.0,43666.0,90.0,88.1,88.75,89.35,5839.0
1999-08-26 00:00:00+00:00,25.0,43344.0,89.7,87.75,88.25,88.0,5726.0
1999-08-27 00:00:00+00:00,24.0,43343.0,88.5,87.1,88.25,88.0,4583.0
1999-08-30 00:00:00+00:00,21.0,45535.0,88.25,84.0,87.6,84.8,10338.0
1999-08-31 00:00:00+00:00,20.0,45215.0,86.5,85.2,85.4,86.25,6960.0
1999-09-01 00:00:00+00:00,107.0,44108.0,94.5,90.6,90.6,94.25,11335.0
1999-09-02 00:00:00+00:00,106.0,43366.0,96.45,92.5,94.3,94.1,11492.0
1999-09-03 00:00:00+00:00,105.0,43657.0,94.0,92.1,93.9,92.3,5446.0
1999-09-06 00:00:00+00:00,105.0,43657.0,,,,92.3,
1999-09-07 00:00:00+00:00,101.0,43907.0,91.9,90.35,91.0,90.45,4844.0
1999-09-08 00:00:00+00:00,100.0,44079.0,91.3,89.2,90.0,90.8,7036.0
1999-09-09 00:00:00+00:00,99.0,46034.0,89.75,87.0,89.0,87.2,12372.0
1999-09-10 00:00:00+00:00,98.0,46985.0,87.7,84.15,87.0,85.35,9738.0
1999-09-13 00:00:00+00:00,95.0,47699.0,85.9,83.75,85.5,85.8,5597.0
1999-09-14 00:00:00+00:00,94.0,47463.0,87.2,84.6,86.25,86.3,6749.0
1999-09-15 00:00:00+00:00,93.0,47317.0,86.25,84.25,85.55,84.5,5666.0
1999-09-16 00:00:00+00:00,92.0,47564.0,84.3,84.3,84.3,84.3,6141.0
1999-09-17 00:00:00+00:00,91.0,47197.0,85.1,84.0,84.75,84.05,4534.0
1999-09-20 00:00:00+00:00,88.0,47114.0,84.65,83.2,83.2,83.35,4248.0
1999-09-21 00:00:00+00:00,87.0,47119.0,83.35,81.9,82.7,82.65,6607.0
1999-09-22 00:00:00+00:00,86.0,47483.0,83.25,81.6,83.1,81.8,6437.0
1999-09-23 00:00:00+00:00,85.0,47444.0,83.5,81.3,81.8,83.2,5497.0
1999-09-24 00:00:00+00:00,84.0,47389.0,84.25,80.8,83.3,84.05,10092.0
1999-09-27 00:00:00+00:00,81.0,46714.0,85.7,83.3,83.55,84.4,6644.0
1999-09-28 00:00:00+00:00,80.0,46425.0,85.4,83.7,84.0,84.95,5057.0
1999-09-29 00:00:00+00:00,79.0,45777.0,87.0,85.6,86.0,86.7,7222.0
1999-09-30 00:00:00+00:00,78.0,46535.0,87.4,82.25,87.1,82.45,8922.0
1999-10-01 00:00:00+00:00,77.0,46883.0,82.45,80.0,80.0,81.35,8971.0
1999-10-04 00:00:00+00:00,74.0,47108.0,83.4,81.6,82.0,82.85,5395.0
1999-10-05 00:00:00+00:00,73.0,46320.0,85.75,82.15,82.15,85.05,11430.0
1999-10-06 00:00:00+00:00,72.0,46221.0,87.5,83.8,84.5,85.5,11340.0
1999-10-07 00:00:00+00:00,71.0,45869.0,86.8,84.8,85.6,85.3,4709.0
1999-10-08 00:00:00+00:00,70.0,46168.0,85.8,84.1,84.25,85.1,5630.0
1999-10-11 00:00:00+00:00,67.0,45229.0,93.25,88.5,88.5,90.95,18604.0
1999-10-12 00:00:00+00:00,66.0,44813.0,96.8,92.0,92.0,96.55,17972.0
1999-10-13 00:00:00+00:00,65.0,52129.0,120.0,100.0,100.5,119.35,46626.0
1999-10-14 00:00:00+00:00,64.0,50495.0,118.0,103.8,116.5,107.1,28504.0
1999-10-15 00:00:00+00:00,63.0,51934.0,110.9,105.5,108.25,108.4,14383.0
1999-10-18 00:00:00+00:00,60.0,49955.0,100.0,91.0,100.0,95.6,15840.0
1999-10-19 00:00:00+00:00,59.0,49060.0,98.75,93.15,97.5,97.65,10386.0
1999-10-20 00:00:00+00:00,58.0,49147.0,97.0,93.5,93.5,95.4,10591.0
1999-10-21 00:00:00+00:00,57.0,48284.0,94.4,89.6,93.0,90.6,10504.0
1999-10-22 00:00:00+00:00,56.0,47611.0,93.0,87.75,87.75,92.9,7751.0
1999-10-25 00:00:00+00:00,53.0,48149.0,100.9,92.05,92.1,99.75,9225.0
1999-10-26 00:00:00+00:00,52.0,48553.0,98.75,92.5,95.25,95.3,9207.0
1999-10-27 00:00:00+00:00,51.0,47612.0,96.7,91.0,91.0,95.65,7376.0
1999-10-28 00:00:00+00:00,50.0,47510.0,99.5,95.8,96.5,96.7,6407.0
1999-10-29 00:00:00+00:00,49.0,47982.0,103.2,98.25,98.5,100.2,9145.0
1999-11-01 00:00:00+00:00,46.0,48085.0,113.5,105.0,105.0,110.35,12703.0
1999-11-02 00:00:00+00:00,45.0,48196.0,108.5,103.5,107.0,103.85,9452.0
1999-11-03 00:00:00+00:00,44.0,48242.0,107.25,101.8,103.5,105.15,9783.0
1999-11-04 00:00:00+00:00,43.0,45751.0,107.5,104.0,104.0,105.95,6736.0
1999-11-05 00:00:00+00:00,42.0,48819.0,106.0,102.6,102.75,104.95,8566.0
1999-11-08 00:00:00+00:00,39.0,48433.0,115.25,107.75,111.0,110.9,13872.0
1999-11-09 00:00:00+00:00,38.0,46578.0,115.8,111.5,111.5,113.4,15068.0
1999-11-10 00:00:00+00:00,37.0,46711.0,120.0,110.5,119.0,112.0,12644.0
1999-11-11 00:00:00+00:00,36.0,46522.0,116.75,112.75,113.5,116.55,9259.0
1999-11-12 00:00:00+00:00,35.0,46557.0,124.75,117.8,119.0,122.5,25726.0
1999-11-15 00:00:00+00:00,32.0,46642.0,129.5,123.5,127.0,128.8,20085.0
1999-11-16 00:00:00+00:00,31.0,45610.0,130.25,124.0,124.0,125.5,17949.0
1999-11-17 00:00:00+00:00,30.0,46938.0,127.25,123.5,126.5,125.05,18178.0
1999-11-18 00:00:00+00:00,29.0,45385.0,123.0,108.2,121.5,111.95,16705.0
1999-11-19 00:00:00+00:00,28.0,44636.0,113.5,109.25,112.0,110.0,8815.0
1999-11-22 00:00:00+00:00,25.0,43650.0,113.25,109.5,111.0,110.3,5128.0
1999-11-23 00:00:00+00:00,24.0,43689.0,108.5,106.0,108.5,107.1,7756.0
1999-11-24 00:00:00+00:00,23.0,43427.0,108.5,105.5,108.3,106.75,6879.0
1999-11-25 00:00:00+00:00,23.0,43427.0,,,,106.75,
1999-11-26 00:00:00+00:00,23.0,43427.0,,,,106.75,
1999-11-29 00:00:00+00:00,18.0,43723.0,114.25,108.25,108.25,114.25,7112.0
1999-11-30 00:00:00+00:00,17.0,45212.0,124.75,118.0,118.0,130.35,12116.0
1999-12-01 00:00:00+00:00,111.0,46107.0,136.5,128.1,132.0,130.85,13771.0
1999-12-02 00:00:00+00:00,110.0,47084.0,149.0,134.0,134.0,135.95,17036.0
1999-12-03 00:00:00+00:00,109.0,48010.0,144.75,138.75,143.0,144.05,9890.0
1999-12-06 00:00:00+00:00,106.0,47899.0,136.25,131.0,134.5,134.55,10737.0
1999-12-07 00:00:00+00:00,105.0,48130.0,136.75,129.0,136.25,133.6,7655.0
1999-12-08 00:00:00+00:00,104.0,48202.0,133.25,128.35,132.0,129.1,8124.0
1999-12-09 00:00:00+00:00,103.0,47626.0,125.0,120.6,124.0,122.25,10840.0
1999-12-10 00:00:00+00:00,102.0,47431.0,128.0,121.0,121.5,127.0,6151.0
1999-12-13 00:00:00+00:00,99.0,47233.0,124.9,121.0,121.0,124.35,4230.0
1999-12-14 00:00:00+00:00,98.0,46783.0,123.75,119.0,122.75,122.5,8316.0
1999-12-15 00:00:00+00:00,97.0,46837.0,129.5,121.0,121.0,128.35,10184.0
1999-12-16 00:00:00+00:00,96.0,47157.0,134.25,128.6,131.0,130.85,8721.0
1999-12-17 00:00:00+00:00,95.0,47032.0,134.5,128.75,129.75,132.4,7712.0
1999-12-20 00:00:00+00:00,92.0,47248.0,140.0,134.0,135.0,135.3,10134.0
1999-12-21 00:00:00+00:00,91.0,46483.0,132.0,117.5,125.0,120.7,15036.0
1999-12-22 00:00:00+00:00,90.0,45641.0,121.0,115.35,117.0,117.65,8969.0
1999-12-23 00:00:00+00:00,89.0,45563.0,121.9,117.75,118.5,121.25,4743.0
1999-12-24 00:00:00+00:00,89.0,45563.0,,,,121.25,
1999-12-27 00:00:00+00:00,85.0,45362.0,123.0,121.3,122.0,122.15,2256.0
1999-12-28 00:00:00+00:00,84.0,45359.0,122.75,118.85,122.5,119.0,3589.0
1999-12-29 00:00:00+00:00,83.0,45064.0,120.25,117.8,119.2,120.0,3464.0
1999-12-30 00:00:00+00:00,82.0,45822.0,126.0,119.25,119.25,125.9,5695.0
1999-12-31 00:00:00+00:00,82.0,45822.0,,,,125.9,
2000-01-03 00:00:00+00:00,78.0,46334.0,124.0,116.1,122.25,116.9,7936.0
2000-01-04 00:00:00+00:00,77.0,46448.0,120.5,115.75,116.25,116.25,7056.0
2000-01-05 00:00:00+00:00,76.0,46955.0,121.0,115.0,115.0,118.6,7465.0
2000-01-06 00:00:00+00:00,75.0,46941.0,121.4,116.5,119.0,116.85,6185.0
2000-01-07 00:00:00+00:00,74.0,46733.0,117.75,113.8,117.25,114.15,8318.0
2000-01-10 00:00:00+00:00,71.0,47462.0,126.0,116.7,123.5,117.55,9233.0
2000-01-11 00:00:00+00:00,70.0,47234.0,118.25,115.5,115.5,117.8,4742.0
2000-01-12 00:00:00+00:00,69.0,47361.0,120.5,116.9,117.8,118.95,5941.0
2000-01-13 00:00:00+00:00,68.0,47824.0,120.0,117.5,119.25,118.55,5566.0
2000-01-14 00:00:00+00:00,67.0,48630.0,120.25,112.25,117.75,112.55,13087.0
2000-01-17 00:00:00+00:00,67.0,48630.0,,,,112.55,
2000-01-18 00:00:00+00:00,63.0,48604.0,118.25,110.6,111.75,115.75,9071.0
2000-01-19 00:00:00+00:00,62.0,48902.0,118.25,114.75,116.5,116.7,9073.0
2000-01-20 00:00:00+00:00,61.0,48129.0,118.8,111.7,118.25,112.0,11822.0
2000-01-21 00:00:00+00:00,60.0,47881.0,113.5,110.8,112.0,111.2,8412.0
2000-01-24 00:00:00+00:00,57.0,48394.0,114.4,110.95,110.95,111.9,8358.0
2000-01-25 00:00:00+00:00,56.0,48154.0,113.7,111.6,111.6,112.85,6298.0
2000-01-26 00:00:00+00:00,55.0,48426.0,115.3,111.9,112.5,115.15,8081.0
2000-01-27 00:00:00+00:00,54.0,48237.0,116.4,112.8,114.75,114.6,8055.0
2000-01-28 00:00:00+00:00,53.0,48155.0,115.4,113.7,115.1,114.7,4711.0
2000-01-31 00:00:00+00:00,50.0,48679.0,114.0,110.5,113.75,111.1,9552.0
2000-02-01 00:00:00+00:00,49.0,49690.0,112.75,109.8,110.5,111.65,8968.0
2000-02-02 00:00:00+00:00,48.0,49186.0,114.25,111.75,112.75,112.25,7616.0
2000-02-03 00:00:00+00:00,47.0,49113.0,113.5,111.25,111.25,112.95,7163.0
2000-02-04 00:00:00+00:00,46.0,49217.0,114.5,112.5,112.5,112.9,6754.0
2000-02-07 00:00:00+00:00,43.0,50268.0,114.25,111.25,113.9,111.7,10148.0
2000-02-08 00:00:00+00:00,42.0,51771.0,112.4,108.5,112.25,108.55,17889.0
2000-02-09 00:00:00+00:00,41.0,52246.0,109.4,106.9,108.25,107.7,12451.0
2000-02-10 00:00:00+00:00,40.0,52451.0,109.0,107.3,108.0,108.75,9923.0
2000-02-11 00:00:00+00:00,39.0,50433.0,110.7,108.4,108.75,108.8,10801.0
2000-02-14 00:00:00+00:00,36.0,50909.0,107.6,104.25,106.9,105.0,15478.0
2000-02-15 00:00:00+00:00,35.0,51190.0,106.7,105.3,106.0,105.8,14917.0
2000-02-16 00:00:00+00:00,34.0,51259.0,107.0,104.9,105.1,104.95,18998.0
2000-02-17 00:00:00+00:00,33.0,52767.0,105.75,104.4,104.8,105.35,16217.0
2000-02-18 00:00:00+00:00,32.0,51972.0,106.4,103.75,105.75,104.3,9825.0
2000-02-21 00:00:00+00:00,32.0,51972.0,,,,104.3,
2000-02-22 00:00:00+00:00,28.0,51415.0,104.75,103.0,103.0,103.2,10611.0
2000-02-23 00:00:00+00:00,27.0,49844.0,104.25,102.5,103.0,103.6,10349.0
2000-02-24 00:00:00+00:00,26.0,49137.0,104.0,101.75,103.8,101.75,7235.0
2000-02-25 00:00:00+00:00,25.0,50212.0,102.0,98.2,101.75,98.8,16922.0
2000-02-28 00:00:00+00:00,22.0,49604.0,101.75,98.0,98.0,101.65,8316.0
2000-02-29 00:00:00+00:00,21.0,49722.0,103.0,99.45,102.0,99.9,11593.0
2000-03-01 00:00:00+00:00,78.0,49267.0,102.5,100.8,101.0,101.9,7074.0
2000-03-02 00:00:00+00:00,77.0,48942.0,106.25,103.0,103.0,105.85,10683.0
2000-03-03 00:00:00+00:00,76.0,49112.0,106.0,104.3,105.25,105.1,7566.0
2000-03-06 00:00:00+00:00,73.0,49204.0,107.5,105.0,105.0,106.8,8521.0
2000-03-07 00:00:00+00:00,72.0,48844.0,109.4,107.55,108.0,108.75,8612.0
2000-03-08 00:00:00+00:00,71.0,49663.0,108.7,106.5,107.75,108.0,7720.0
2000-03-09 00:00:00+00:00,70.0,50096.0,110.25,107.25,108.75,107.7,7564.0
2000-03-10 00:00:00+00:00,69.0,50377.0,108.25,105.0,107.7,106.45,5951.0
2000-03-13 00:00:00+00:00,66.0,50509.0,107.3,105.25,106.4,106.4,4387.0
2000-03-14 00:00:00+00:00,65.0,51111.0,107.5,102.3,107.0,102.75,9775.0
2000-03-15 00:00:00+00:00,64.0,50874.0,103.5,101.25,103.0,103.15,7606.0
2000-03-16 00:00:00+00:00,63.0,50366.0,107.15,103.75,103.75,106.65,9553.0
2000-03-17 00:00:00+00:00,62.0,50717.0,106.55,105.1,106.25,106.35,6021.0
2000-03-20 00:00:00+00:00,59.0,51436.0,105.5,102.5,105.25,103.25,6951.0
2000-03-21 00:00:00+00:00,58.0,51207.0,104.4,103.5,103.8,104.2,5616.0
2000-03-22 00:00:00+00:00,57.0,50509.0,105.9,104.5,104.5,105.8,4983.0
2000-03-23 00:00:00+00:00,56.0,50876.0,107.0,101.5,105.75,102.1,12545.0
2000-03-24 00:00:00+00:00,55.0,51108.0,103.25,101.05,102.75,103.15,6050.0
2000-03-27 00:00:00+00:00,52.0,51777.0,103.25,101.35,102.6,103.15,5975.0
2000-03-28 00:00:00+00:00,51.0,51631.0,105.3,103.8,104.0,104.5,5852.0
2000-03-29 00:00:00+00:00,50.0,51532.0,105.25,103.5,104.6,103.9,5398.0
2000-03-30 00:00:00+00:00,49.0,51518.0,104.4,103.25,103.75,103.5,4392.0
2000-03-31 00:00:00+00:00,48.0,52478.0,104.6,102.0,103.25,103.7,8019.0
2000-04-03 00:00:00+00:00,45.0,52517.0,104.6,102.0,103.25,103.7,6239.0
2000-04-04 00:00:00+00:00,44.0,53026.0,102.4,99.9,102.1,100.1,8723.0
2000-04-05 00:00:00+00:00,43.0,54594.0,102.5,97.2,98.9,101.8,15713.0
2000-04-06 00:00:00+00:00,42.0,55838.0,101.5,98.7,100.5,100.85,10835.0
2000-04-07 00:00:00+00:00,41.0,56632.0,101.3,99.35,100.3,99.6,8591.0
2000-04-10 00:00:00+00:00,38.0,57667.0,99.3,96.5,98.5,96.65,14273.0
2000-04-11 00:00:00+00:00,37.0,57621.0,97.25,96.0,96.0,96.55,11480.0
2000-04-12 00:00:00+00:00,36.0,55852.0,96.5,94.1,95.6,94.2,19727.0
2000-04-13 00:00:00+00:00,35.0,56207.0,94.9,93.25,93.9,94.7,17327.0
2000-04-14 00:00:00+00:00,34.0,55541.0,95.25,91.95,94.0,92.65,17991.0
2000-04-17 00:00:00+00:00,31.0,55131.0,93.5,92.3,92.8,92.8,18655.0
2000-04-18 00:00:00+00:00,30.0,53609.0,95.8,92.0,92.0,94.05,29620.0
2000-04-19 00:00:00+00:00,29.0,51684.0,95.8,94.0,94.5,95.7,9134.0
2000-04-20 00:00:00+00:00,28.0,50661.0,98.2,95.7,95.7,97.75,7960.0
2000-04-21 00:00:00+00:00,28.0,50661.0,,,,97.75,
2000-04-24 00:00:00+00:00,24.0,50742.0,98.4,94.0,98.0,94.25,7779.0
2000-04-25 00:00:00+00:00,23.0,50538.0,95.75,94.0,94.0,95.6,6034.0
2000-04-26 00:00:00+00:00,22.0,50569.0,95.0,94.25,95.0,94.75,4701.0
2000-04-27 00:00:00+00:00,21.0,50469.0,95.35,94.5,94.75,94.85,4027.0
2000-04-28 00:00:00+00:00,20.0,50673.0,96.0,94.0,94.5,95.3,5456.0
2000-05-01 00:00:00+00:00,79.0,49697.0,103.8,99.0,99.0,103.55,10198.0
2000-05-02 00:00:00+00:00,78.0,50778.0,103.0,100.3,102.4,102.5,6417.0
2000-05-03 00:00:00+00:00,77.0,49588.0,101.7,96.75,101.25,97.2,8816.0
2000-05-04 00:00:00+00:00,76.0,49229.0,100.25,97.5,97.5,99.95,5469.0
2000-05-05 00:00:00+00:00,75.0,49708.0,100.8,98.35,100.0,99.7,4193.0
2000-05-08 00:00:00+00:00,72.0,49662.0,100.7,98.6,100.0,100.15,4724.0
2000-05-09 00:00:00+00:00,71.0,49416.0,102.75,99.4,100.15,100.45,9890.0
2000-05-10 00:00:00+00:00,70.0,50251.0,101.2,99.1,100.25,100.1,3112.0
2000-05-11 00:00:00+00:00,69.0,49353.0,100.4,97.85,100.15,98.7,6260.0
2000-05-12 00:00:00+00:00,68.0,50779.0,99.3,94.25,98.7,94.5,9547.0
2000-05-15 00:00:00+00:00,65.0,50998.0,95.0,93.55,94.55,93.75,8195.0
2000-05-16 00:00:00+00:00,64.0,51422.0,95.75,93.0,93.0,94.65,6519.0
2000-05-17 00:00:00+00:00,63.0,52106.0,94.8,92.25,94.1,93.7,8883.0
2000-05-18 00:00:00+00:00,62.0,52143.0,96.25,92.3,93.9,94.1,7099.0
2000-05-19 00:00:00+00:00,61.0,51216.0,98.75,94.8,95.3,97.95,10444.0
2000-05-22 00:00:00+00:00,58.0,48095.0,104.7,97.5,97.5,103.3,18564.0
2000-05-23 00:00:00+00:00,57.0,47482.0,104.25,101.3,103.0,103.7,9337.0
2000-05-24 00:00:00+00:00,56.0,47931.0,103.5,100.75,103.25,101.85,6354.0
2000-05-25 00:00:00+00:00,55.0,48009.0,101.4,98.5,98.5,99.25,7826.0
2000-05-26 00:00:00+00:00,54.0,48551.0,99.75,97.5,97.5,99.2,4139.0
2000-05-29 00:00:00+00:00,54.0,48551.0,,,,99.2,
2000-05-30 00:00:00+00:00,50.0,48432.0,100.9,99.0,99.0,100.4,4817.0
2000-05-31 00:00:00+00:00,49.0,49715.0,101.7,92.6,101.1,93.0,16729.0
2000-06-01 00:00:00+00:00,48.0,50236.0,97.25,93.05,93.05,94.45,10869.0
2000-06-02 00:00:00+00:00,47.0,50451.0,96.75,94.3,94.3,95.55,6105.0
2000-06-05 00:00:00+00:00,44.0,50453.0,94.9,93.0,94.1,93.35,6528.0
2000-06-06 00:00:00+00:00,43.0,53233.0,93.0,88.8,91.9,89.15,18053.0
2000-06-07 00:00:00+00:00,42.0,52091.0,92.9,90.5,90.5,92.05,10367.0
2000-06-08 00:00:00+00:00,41.0,51848.0,94.75,90.25,90.25,92.55,11886.0
2000-06-09 00:00:00+00:00,40.0,51871.0,92.75,91.25,92.0,91.85,7351.0
2000-06-12 00:00:00+00:00,37.0,52088.0,93.25,89.5,91.0,91.15,9204.0
2000-06-13 00:00:00+00:00,36.0,51928.0,91.35,89.1,91.05,90.8,9840.0
2000-06-14 00:00:00+00:00,35.0,51766.0,91.3,89.25,89.75,89.85,14412.0
2000-06-15 00:00:00+00:00,34.0,51603.0,89.8,86.5,89.25,88.15,15489.0
2000-06-16 00:00:00+00:00,33.0,51462.0,89.0,86.75,88.4,87.25,10046.0
2000-06-19 00:00:00+00:00,30.0,50734.0,88.25,86.25,86.25,87.2,11569.0
2000-06-20 00:00:00+00:00,29.0,49747.0,88.0,86.75,86.75,87.25,13022.0
2000-06-21 00:00:00+00:00,28.0,49721.0,87.7,84.0,86.7,84.45,21575.0
2000-06-22 00:00:00+00:00,27.0,48785.0,86.75,85.25,85.25,86.15,7277.0
2000-06-23 00:00:00+00:00,26.0,48166.0,89.5,86.75,86.75,87.05,8189.0
2000-06-26 00:00:00+00:00,23.0,47643.0,87.4,86.0,86.5,87.15,3654.0
2000-06-27 00:00:00+00:00,22.0,47738.0,88.5,86.0,86.0,88.5,6411.0
2000-06-28 00:00:00+00:00,21.0,48169.0,89.25,87.3,88.5,87.65,4879.0
2000-06-29 00:00:00+00:00,20.0,47860.0,87.65,86.3,87.25,86.4,4239.0
2000-06-30 00:00:00+00:00,19.0,48850.0,87.0,84.6,86.9,84.85,7502.0
2000-07-03 00:00:00+00:00,19.0,48850.0,,,,84.85,
2000-07-04 00:00:00+00:00,19.0,48850.0,,,,84.85,
2000-07-05 00:00:00+00:00,76.0,48362.0,88.5,87.0,87.0,88.1,5216.0
2000-07-06 00:00:00+00:00,75.0,48729.0,88.0,85.25,87.3,85.4,7719.0
2000-07-07 00:00:00+00:00,74.0,49049.0,86.0,82.4,85.5,83.4,8931.0
2000-07-10 00:00:00+00:00,71.0,48686.0,89.5,86.1,87.0,86.35,7707.0
2000-07-11 00:00:00+00:00,70.0,47824.0,94.6,86.7,87.6,92.9,15605.0
2000-07-12 00:00:00+00:00,69.0,47170.0,94.2,90.25,92.0,92.5,9368.0
2000-07-13 00:00:00+00:00,68.0,46130.0,103.2,96.0,96.0,102.2,18439.0
2000-07-14 00:00:00+00:00,67.0,46066.0,94.75,90.25,90.25,91.35,10866.0
2000-07-17 00:00:00+00:00,64.0,45989.0,104.0,98.1,102.25,101.05,13183.0
2000-07-18 00:00:00+00:00,63.0,46846.0,122.0,114.0,114.0,119.05,25664.0
2000-07-19 00:00:00+00:00,62.0,46577.0,116.0,109.0,114.6,111.75,13026.0
2000-07-20 00:00:00+00:00,61.0,45200.0,104.0,95.35,100.0,97.75,12784.0
2000-07-21 00:00:00+00:00,60.0,44665.0,103.25,96.25,99.5,96.65,9764.0
2000-07-24 00:00:00+00:00,57.0,43048.0,89.0,84.4,87.0,86.3,14461.0
2000-07-25 00:00:00+00:00,56.0,42333.0,87.25,85.0,85.5,85.2,6886.0
2000-07-26 00:00:00+00:00,55.0,42379.0,87.5,85.0,85.0,86.95,4789.0
2000-07-27 00:00:00+00:00,54.0,42170.0,88.75,86.0,86.6,86.1,4812.0
2000-07-28 00:00:00+00:00,53.0,41912.0,88.1,86.75,86.75,87.4,3222.0
2000-07-31 00:00:00+00:00,50.0,41603.0,87.0,84.1,85.75,86.45,6523.0
2000-08-01 00:00:00+00:00,49.0,41576.0,87.75,86.1,86.5,86.3,4022.0
2000-08-02 00:00:00+00:00,48.0,41591.0,87.5,86.0,86.8,86.45,4040.0
2000-08-03 00:00:00+00:00,47.0,41510.0,87.5,85.0,86.5,85.85,4133.0
2000-08-04 00:00:00+00:00,46.0,41570.0,86.25,85.0,85.92,85.6,4209.0
2000-08-07 00:00:00+00:00,43.0,41488.0,86.0,84.8,85.6,85.4,3817.0
2000-08-08 00:00:00+00:00,42.0,41470.0,86.0,83.4,85.7,83.7,6916.0
2000-08-09 00:00:00+00:00,41.0,42060.0,83.5,79.3,83.15,79.5,13056.0
2000-08-10 00:00:00+00:00,40.0,41478.0,81.2,78.45,79.7,79.6,9408.0
2000-08-11 00:00:00+00:00,39.0,39497.0,81.0,79.6,79.8,80.65,5996.0
2000-08-14 00:00:00+00:00,36.0,40025.0,80.0,76.5,79.87,78.8,12690.0
2000-08-15 00:00:00+00:00,35.0,39685.0,79.1,77.75,78.55,78.6,7220.0
2000-08-16 00:00:00+00:00,34.0,40713.0,78.5,75.6,75.92,78.3,10943.0
2000-08-17 00:00:00+00:00,33.0,40163.0,79.15,77.4,78.52,78.55,8867.0
2000-08-18 00:00:00+00:00,32.0,39345.0,78.9,77.5,78.72,78.4,7153.0
2000-08-21 00:00:00+00:00,29.0,39079.0,78.5,77.1,77.5,77.5,11070.0
2000-08-22 00:00:00+00:00,28.0,39355.0,77.8,76.25,76.62,77.1,13278.0
2000-08-23 00:00:00+00:00,27.0,38847.0,77.4,74.5,77.02,74.6,8660.0
2000-08-24 00:00:00+00:00,26.0,39023.0,78.5,75.0,75.12,77.8,6256.0
2000-08-25 00:00:00+00:00,25.0,39061.0,78.25,77.4,78.12,77.75,3376.0
2000-08-28 00:00:00+00:00,22.0,39137.0,78.0,74.5,78.0,75.2,5665.0
2000-08-29 00:00:00+00:00,21.0,39206.0,75.7,74.4,75.25,74.7,4789.0
2000-08-30 00:00:00+00:00,20.0,38976.0,74.75,73.6,74.0,73.9,3852.0
2000-08-31 00:00:00+00:00,19.0,39224.0,75.2,73.5,73.5,74.5,3576.0
2000-09-01 00:00:00+00:00,108.0,39780.0,82.5,79.8,79.95,80.35,5551.0
2000-09-04 00:00:00+00:00,108.0,39780.0,,,,80.35,
2000-09-05 00:00:00+00:00,104.0,40564.0,80.0,77.9,79.9,78.5,5611.0
2000-09-06 00:00:00+00:00,103.0,40154.0,81.0,78.75,79.0,80.3,4604.0
2000-09-07 00:00:00+00:00,102.0,39726.0,83.0,80.4,80.55,82.7,5592.0
2000-09-08 00:00:00+00:00,101.0,39385.0,82.7,81.5,82.02,82.3,2890.0
2000-09-11 00:00:00+00:00,98.0,39824.0,84.25,80.6,83.25,83.05,5552.0
2000-09-12 00:00:00+00:00,97.0,39574.0,84.0,82.1,82.65,83.9,3933.0
2000-09-13 00:00:00+00:00,96.0,39754.0,85.25,83.25,83.47,84.75,6605.0
2000-09-14 00:00:00+00:00,95.0,39907.0,84.7,81.0,84.47,82.1,6193.0
2000-09-15 00:00:00+00:00,94.0,39688.0,82.6,80.85,82.05,81.25,3393.0
2000-09-18 00:00:00+00:00,91.0,39365.0,83.1,81.05,81.32,82.4,3139.0
2000-09-19 00:00:00+00:00,90.0,39398.0,82.45,81.8,82.12,82.15,2348.0
2000-09-20 00:00:00+00:00,89.0,40595.0,81.25,78.0,80.75,79.15,7975.0
2000-09-21 00:00:00+00:00,88.0,40179.0,79.15,77.6,78.4,77.8,5882.0
2000-09-22 00:00:00+00:00,87.0,40407.0,78.95,77.4,78.37,78.0,4845.0
2000-09-25 00:00:00+00:00,84.0,40456.0,79.1,78.2,78.37,79.05,2325.0
2000-09-26 00:00:00+00:00,83.0,40589.0,82.2,79.5,79.5,81.75,7194.0
2000-09-27 00:00:00+00:00,82.0,40992.0,81.85,78.2,81.25,78.95,8715.0
2000-09-28 00:00:00+00:00,81.0,41035.0,80.0,78.95,79.3,79.85,4099.0
2000-09-29 00:00:00+00:00,80.0,41280.0,84.4,77.8,78.8,83.0,12359.0
2000-10-02 00:00:00+00:00,77.0,41198.0,82.15,78.8,81.0,79.35,7404.0
2000-10-03 00:00:00+00:00,76.0,41736.0,79.85,77.6,78.8,79.4,6099.0
2000-10-04 00:00:00+00:00,75.0,41725.0,79.45,78.4,78.5,79.35,2988.0
2000-10-05 00:00:00+00:00,74.0,41848.0,79.5,78.25,79.0,78.7,3278.0
2000-10-06 00:00:00+00:00,73.0,41940.0,80.25,78.3,79.0,79.45,4297.0
2000-10-09 00:00:00+00:00,70.0,42218.0,80.0,79.1,79.25,79.95,2449.0
2000-10-10 00:00:00+00:00,69.0,42404.0,80.8,78.5,79.8,80.75,5416.0
2000-10-11 00:00:00+00:00,68.0,42887.0,83.25,81.0,81.0,83.15,9555.0
2000-10-12 00:00:00+00:00,67.0,42820.0,84.0,79.9,83.0,81.3,7306.0
2000-10-13 00:00:00+00:00,66.0,42436.0,81.5,79.6,80.1,81.05,4615.0
2000-10-16 00:00:00+00:00,63.0,42702.0,85.65,85.65,85.65,85.65,13025.0
2000-10-17 00:00:00+00:00,62.0,43747.0,91.0,84.25,84.25,88.7,13688.0
2000-10-18 00:00:00+00:00,61.0,43924.0,91.0,87.3,90.0,88.25,9557.0
2000-10-19 00:00:00+00:00,60.0,43874.0,88.0,85.9,87.5,86.7,5451.0
2000-10-20 00:00:00+00:00,59.0,43657.0,87.2,83.5,86.7,84.15,7069.0
2000-10-23 00:00:00+00:00,56.0,42822.0,85.15,78.0,83.75,78.45,15050.0
2000-10-24 00:00:00+00:00,55.0,42900.0,79.9,78.8,78.8,79.25,6138.0
2000-10-25 00:00:00+00:00,54.0,43107.0,79.0,77.75,77.75,78.05,5474.0
2000-10-26 00:00:00+00:00,53.0,43339.0,79.7,75.1,78.25,75.4,13401.0
2000-10-27 00:00:00+00:00,52.0,43676.0,76.1,75.1,75.15,75.6,3584.0
2000-10-30 00:00:00+00:00,49.0,44545.0,75.35,73.35,74.25,73.5,9329.0
2000-10-31 00:00:00+00:00,48.0,44414.0,75.15,73.5,73.75,74.4,8234.0
2000-11-01 00:00:00+00:00,47.0,44153.0,75.9,73.5,75.0,73.9,6476.0
2000-11-02 00:00:00+00:00,46.0,43929.0,75.0,73.9,74.1,74.25,4480.0
2000-11-03 00:00:00+00:00,45.0,44345.0,74.0,72.55,73.0,73.6,8314.0
2000-11-06 00:00:00+00:00,42.0,44228.0,75.15,73.75,73.75,74.7,5828.0
2000-11-07 00:00:00+00:00,41.0,44359.0,74.7,74.0,74.0,74.6,5074.0
2000-11-08 00:00:00+00:00,40.0,43815.0,75.95,73.3,73.3,75.3,10331.0
2000-11-09 00:00:00+00:00,39.0,43864.0,75.25,73.75,73.75,74.0,9626.0
2000-11-10 00:00:00+00:00,38.0,43403.0,75.0,73.8,74.0,74.15,8148.0
2000-11-13 00:00:00+00:00,35.0,43938.0,74.0,71.0,73.5,71.45,13160.0
2000-11-14 00:00:00+00:00,34.0,43493.0,72.25,70.75,72.0,71.4,12453.0
2000-11-15 00:00:00+00:00,33.0,42327.0,71.7,70.25,71.25,70.3,13552.0
2000-11-16 00:00:00+00:00,32.0,42636.0,70.5,68.7,70.5,68.85,18965.0
2000-11-17 00:00:00+00:00,31.0,43216.0,69.3,68.0,68.0,68.55,23400.0
2000-11-20 00:00:00+00:00,28.0,42056.0,70.9,68.9,69.0,70.35,7229.0
2000-11-21 00:00:00+00:00,27.0,42461.0,70.5,67.35,70.25,68.55,8119.0
2000-11-22 00:00:00+00:00,26.0,42461.0,69.0,68.0,68.75,68.3,4651.0
2000-11-23 00:00:00+00:00,26.0,42461.0,,,,68.3,
2000-11-24 00:00:00+00:00,24.0,42415.0,68.3,68.3,68.3,68.3,3158.0
2000-11-27 00:00:00+00:00,21.0,41644.0,68.0,68.0,68.0,68.0,6232.0
2000-11-28 00:00:00+00:00,20.0,41950.0,69.5,68.25,68.25,69.5,4462.0
2000-11-29 00:00:00+00:00,19.0,42216.0,70.1,70.1,70.1,70.1,7065.0
2000-11-30 00:00:00+00:00,18.0,43299.0,70.4,67.2,70.25,67.2,9681.0
2000-12-01 00:00:00+00:00,109.0,43646.0,72.25,70.8,72.25,71.65,4891.0
2000-12-04 00:00:00+00:00,106.0,43997.0,72.75,70.2,71.0,71.8,6884.0
2000-12-05 00:00:00+00:00,105.0,44477.0,71.6,69.75,71.25,70.9,6470.0
2000-12-06 00:00:00+00:00,104.0,43385.0,72.2,69.9,70.5,70.65,5340.0
2000-12-07 00:00:00+00:00,103.0,43788.0,72.15,70.7,71.4,70.75,6571.0
2000-12-08 00:00:00+00:00,102.0,45366.0,70.5,67.85,70.25,68.0,7806.0
2000-12-11 00:00:00+00:00,99.0,45073.0,69.6,68.0,69.0,68.35,5847.0
2000-12-12 00:00:00+00:00,98.0,44640.0,69.1,67.5,67.5,68.25,4521.0
2000-12-13 00:00:00+00:00,97.0,44778.0,68.9,67.75,68.25,68.0,3694.0
2000-12-14 00:00:00+00:00,96.0,45063.0,67.7,65.5,67.5,65.55,8165.0
2000-12-15 00:00:00+00:00,95.0,44986.0,66.9,66.05,66.75,66.7,5672.0
2000-12-18 00:00:00+00:00,92.0,45357.0,66.9,65.8,66.7,65.9,4720.0
2000-12-19 00:00:00+00:00,91.0,45209.0,66.2,65.0,65.8,65.05,5845.0
2000-12-20 00:00:00+00:00,90.0,45421.0,65.6,64.9,65.6,65.45,3993.0
2000-12-21 00:00:00+00:00,89.0,45852.0,67.6,65.8,65.8,66.55,7283.0
2000-12-22 00:00:00+00:00,88.0,46131.0,66.3,65.0,66.0,65.4,3514.0
2000-12-25 00:00:00+00:00,88.0,46131.0,,,,65.4,
2000-12-26 00:00:00+00:00,84.0,45633.0,69.0,65.75,65.75,67.3,5767.0
2000-12-27 00:00:00+00:00,83.0,46035.0,67.75,65.7,67.0,66.4,4688.0
2000-12-28 00:00:00+00:00,82.0,46406.0,67.5,66.25,66.25,67.35,5078.0
2000-12-29 00:00:00+00:00,81.0,46296.0,67.5,65.3,67.5,65.55,4918.0
2001-01-01 00:00:00+00:00,81.0,46296.0,,,,65.55,
2001-01-02 00:00:00+00:00,77.0,46875.0,65.4,62.9,65.25,63.4,8938.0
2001-01-03 00:00:00+00:00,76.0,46874.0,64.0,62.6,64.0,63.45,6923.0
2001-01-04 00:00:00+00:00,75.0,46654.0,63.9,63.0,63.75,63.35,5909.0
2001-01-05 00:00:00+00:00,74.0,47138.0,64.6,62.5,63.3,64.35,6814.0
2001-01-08 00:00:00+00:00,71.0,47574.0,68.0,63.0,65.5,63.85,11527.0
2001-01-09 00:00:00+00:00,70.0,48288.0,63.8,63.8,63.8,63.8,8443.0
2001-01-10 00:00:00+00:00,69.0,48299.0,64.0,62.85,63.5,63.35,4270.0
2001-01-11 00:00:00+00:00,68.0,48505.0,63.6,63.6,63.6,63.6,5110.0
2001-01-12 00:00:00+00:00,67.0,49736.0,65.5,63.2,64.25,65.0,752.0
2001-01-15 00:00:00+00:00,67.0,49736.0,,,,65.0,
2001-01-16 00:00:00+00:00,63.0,49625.0,67.5,64.6,66.5,67.4,10357.0
2001-01-17 00:00:00+00:00,62.0,49099.0,71.25,66.6,67.25,70.2,19403.0
2001-01-18 00:00:00+00:00,61.0,49725.0,70.15,65.75,69.0,66.75,13373.0
2001-01-19 00:00:00+00:00,60.0,50146.0,68.7,67.0,67.5,68.3,7329.0
2001-01-22 00:00:00+00:00,57.0,49527.0,71.75,68.5,68.75,71.25,11027.0
2001-01-23 00:00:00+00:00,56.0,49727.0,72.5,68.75,72.5,69.85,10891.0
2001-01-24 00:00:00+00:00,55.0,49926.0,71.2,69.1,70.75,70.05,7136.0
2001-01-25 00:00:00+00:00,54.0,49886.0,69.25,65.9,69.25,67.85,11103.0
2001-01-26 00:00:00+00:00,53.0,49622.0,68.5,66.95,68.0,67.1,3870.0
2001-01-29 00:00:00+00:00,50.0,49635.0,66.5,65.25,66.5,65.4,6328.0
2001-01-30 00:00:00+00:00,49.0,50037.0,64.75,63.0,64.0,64.2,10430.0
2001-01-31 00:00:00+00:00,48.0,50295.0,64.85,63.25,63.75,63.75,11481.0
2001-02-01 00:00:00+00:00,47.0,50874.0,65.0,63.5,64.0,64.7,7393.0
2001-02-02 00:00:00+00:00,46.0,51304.0,65.0,62.9,65.0,63.2,10386.0
2001-02-05 00:00:00+00:00,43.0,52167.0,63.4,62.25,62.75,62.7,7048.0
2001-02-06 00:00:00+00:00,42.0,52767.0,63.1,62.0,62.7,62.2,8491.0
2001-02-07 00:00:00+00:00,41.0,53604.0,62.8,61.3,61.5,61.75,13963.0
2001-02-08 00:00:00+00:00,40.0,53614.0,62.4,61.4,61.7,62.0,7926.0
2001-02-09 00:00:00+00:00,39.0,54477.0,63.2,62.1,62.1,62.65,12592.0
2001-02-12 00:00:00+00:00,36.0,53588.0,62.65,61.85,62.25,62.3,11422.0
2001-02-13 00:00:00+00:00,35.0,53216.0,63.9,62.25,62.5,62.8,16027.0
2001-02-14 00:00:00+00:00,34.0,53105.0,64.0,62.25,63.8,62.8,18031.0
2001-02-15 00:00:00+00:00,33.0,52666.0,63.1,61.25,62.75,61.5,14635.0
2001-02-16 00:00:00+00:00,32.0,54299.0,61.1,59.4,61.0,59.8,2358.0
2001-02-19 00:00:00+00:00,32.0,54299.0,,,,59.8,
2001-02-20 00:00:00+00:00,28.0,52976.0,63.0,59.25,59.25,62.75,13175.0
2001-02-21 00:00:00+00:00,27.0,52001.0,63.5,62.5,63.0,63.15,6731.0
2001-02-22 00:00:00+00:00,26.0,52500.0,64.8,62.75,63.0,62.85,11265.0
2001-02-23 00:00:00+00:00,25.0,53231.0,65.0,63.0,64.0,64.95,9690.0
2001-02-26 00:00:00+00:00,22.0,54080.0,65.5,62.9,65.5,63.9,11489.0
2001-02-27 00:00:00+00:00,21.0,53681.0,64.75,64.1,64.75,64.4,7070.0
2001-02-28 00:00:00+00:00,20.0,53796.0,65.0,63.5,65.0,63.9,6790.0
2001-03-01 00:00:00+00:00,78.0,54632.0,65.8,64.3,65.5,64.8,6632.0
2001-03-02 00:00:00+00:00,77.0,54665.0,66.4,64.9,64.9,65.85,6117.0
2001-03-05 00:00:00+00:00,74.0,55098.0,66.35,65.4,65.5,65.9,4105.0
2001-03-06 00:00:00+00:00,73.0,55887.0,68.5,66.25,66.25,67.25,9962.0
2001-03-07 00:00:00+00:00,72.0,57503.0,69.0,67.4,68.0,67.9,11991.0
2001-03-08 00:00:00+00:00,71.0,57309.0,67.75,65.4,66.25,66.65,9956.0
2001-03-09 00:00:00+00:00,70.0,57554.0,66.0,63.5,66.0,66.65,11231.0
2001-03-12 00:00:00+00:00,67.0,57617.0,64.6,63.2,63.5,64.3,5971.0
2001-03-13 00:00:00+00:00,66.0,57471.0,64.9,62.9,64.5,63.2,7543.0
2001-03-14 00:00:00+00:00,65.0,57704.0,63.5,62.5,63.0,63.0,7229.0
2001-03-15 00:00:00+00:00,64.0,58593.0,62.25,60.9,62.0,61.0,10683.0
2001-03-16 00:00:00+00:00,63.0,58860.0,61.5,59.9,60.0,61.0,8800.0
2001-03-19 00:00:00+00:00,60.0,59022.0,62.0,60.6,61.25,61.55,4251.0
2001-03-20 00:00:00+00:00,59.0,59250.0,62.2,61.5,61.8,61.7,4132.0
2001-03-21 00:00:00+00:00,58.0,58927.0,61.8,60.9,61.7,61.15,4343.0
2001-03-22 00:00:00+00:00,57.0,59538.0,61.25,59.4,61.25,60.2,9845.0
2001-03-23 00:00:00+00:00,56.0,59445.0,60.75,59.85,60.5,60.1,6336.0
2001-03-26 00:00:00+00:00,53.0,59822.0,63.4,60.25,60.25,61.85,10891.0
2001-03-27 00:00:00+00:00,52.0,59690.0,61.05,61.05,61.05,61.05,6182.0
2001-03-28 00:00:00+00:00,51.0,59885.0,62.5,60.9,61.25,61.15,5869.0
2001-03-29 00:00:00+00:00,50.0,60020.0,62.0,60.6,60.8,61.75,7648.0
2001-03-30 00:00:00+00:00,49.0,59942.0,62.9,60.2,61.9,60.3,7701.0
2001-04-02 00:00:00+00:00,46.0,60805.0,60.5,59.0,60.5,59.5,9949.0
2001-04-03 00:00:00+00:00,45.0,59673.0,59.9,58.6,59.5,58.7,11605.0
2001-04-04 00:00:00+00:00,44.0,60035.0,59.7,58.6,59.0,59.25,9744.0
2001-04-05 00:00:00+00:00,43.0,60149.0,59.6,58.75,59.0,59.1,8944.0
2001-04-06 00:00:00+00:00,42.0,60878.0,59.25,57.7,59.0,58.1,11617.0
2001-04-09 00:00:00+00:00,39.0,61200.0,58.5,57.5,58.0,57.6,9494.0
2001-04-10 00:00:00+00:00,38.0,61104.0,58.2,57.1,57.9,57.35,13380.0
2001-04-11 00:00:00+00:00,37.0,60576.0,58.0,57.15,57.5,57.35,11588.0
2001-04-12 00:00:00+00:00,36.0,59745.0,58.0,57.3,57.5,57.6,3596.0
2001-04-13 00:00:00+00:00,36.0,59745.0,,,,57.6,
2001-04-16 00:00:00+00:00,32.0,58033.0,58.0,56.5,57.75,56.65,14850.0
2001-04-17 00:00:00+00:00,31.0,58641.0,56.5,56.0,56.5,56.2,15997.0
2001-04-18 00:00:00+00:00,30.0,56963.0,58.9,56.1,56.25,58.65,17331.0
2001-04-19 00:00:00+00:00,29.0,57434.0,58.3,56.75,58.0,57.55,20638.0
2001-04-20 00:00:00+00:00,28.0,56065.0,57.6,57.0,57.5,57.15,5838.0
2001-04-23 00:00:00+00:00,25.0,54464.0,62.0,56.6,57.0,61.75,16143.0
2001-04-24 00:00:00+00:00,24.0,53935.0,58.6,58.6,58.6,58.6,11738.0
2001-04-25 00:00:00+00:00,23.0,54259.0,58.5,56.9,58.25,57.8,8785.0
2001-04-26 00:00:00+00:00,22.0,54095.0,58.0,56.65,57.0,58.5,5842.0
2001-04-27 00:00:00+00:00,21.0,53721.0,61.6,58.5,58.5,60.95,10866.0
2001-04-30 00:00:00+00:00,18.0,52672.0,62.5,60.0,61.7,61.85,8736.0
2001-05-01 00:00:00+00:00,79.0,53825.0,67.25,64.5,65.25,67.15,10185.0
2001-05-02 00:00:00+00:00,78.0,53428.0,68.1,65.5,67.0,65.7,11216.0
2001-05-03 00:00:00+00:00,77.0,53732.0,67.6,65.25,65.6,67.4,7379.0
2001-05-04 00:00:00+00:00,76.0,53260.0,67.65,66.15,67.3,66.25,5984.0
2001-05-07 00:00:00+00:00,73.0,54128.0,69.0,66.3,67.0,68.75,9384.0
2001-05-08 00:00:00+00:00,72.0,52604.0,69.7,67.7,68.1,68.9,9404.0
2001-05-09 00:00:00+00:00,71.0,52241.0,69.7,67.6,67.6,67.9,7335.0
2001-05-10 00:00:00+00:00,70.0,52342.0,68.75,66.25,67.25,68.55,6897.0
2001-05-11 00:00:00+00:00,69.0,52630.0,69.0,67.3,68.75,67.65,4876.0
2001-05-14 00:00:00+00:00,66.0,52251.0,67.0,63.7,66.4,64.25,11782.0
2001-05-15 00:00:00+00:00,65.0,52383.0,65.5,64.1,65.0,64.6,6456.0
2001-05-16 00:00:00+00:00,64.0,52366.0,65.75,64.4,65.5,65.1,4258.0
2001-05-17 00:00:00+00:00,63.0,52129.0,65.5,64.6,64.75,65.05,3261.0
2001-05-18 00:00:00+00:00,62.0,52214.0,67.0,63.5,63.5,66.4,7670.0
2001-05-21 00:00:00+00:00,59.0,52291.0,65.9,64.8,65.6,64.9,3002.0
2001-05-22 00:00:00+00:00,58.0,52273.0,65.8,64.85,65.5,65.05,3274.0
2001-05-23 00:00:00+00:00,57.0,52838.0,65.0,63.0,64.8,63.55,7812.0
2001-05-24 00:00:00+00:00,56.0,52802.0,64.2,62.25,62.8,62.8,7540.0
2001-05-25 00:00:00+00:00,55.0,55840.0,63.2,59.3,62.2,59.9,748.0
2001-05-28 00:00:00+00:00,55.0,55840.0,,,,59.9,
2001-05-29 00:00:00+00:00,51.0,56152.0,60.5,59.3,59.3,59.8,9966.0
2001-05-30 00:00:00+00:00,50.0,56467.0,60.8,58.9,59.75,59.15,10288.0
2001-05-31 00:00:00+00:00,49.0,58347.0,59.1,57.1,58.5,57.15,19090.0
2001-06-01 00:00:00+00:00,48.0,58910.0,59.6,57.5,58.25,57.9,12224.0
2001-06-04 00:00:00+00:00,45.0,59088.0,60.0,57.25,57.25,59.45,9535.0
2001-06-05 00:00:00+00:00,44.0,59016.0,60.25,58.9,59.5,59.7,6385.0
2001-06-06 00:00:00+00:00,43.0,59175.0,59.6,58.3,59.35,58.4,6440.0
2001-06-07 00:00:00+00:00,42.0,59423.0,59.05,57.6,57.75,57.7,12264.0
2001-06-08 00:00:00+00:00,41.0,59792.0,59.2,57.6,57.7,58.15,7545.0
2001-06-11 00:00:00+00:00,38.0,59562.0,58.0,56.7,57.35,57.0,12308.0
2001-06-12 00:00:00+00:00,37.0,58998.0,58.0,56.95,57.5,57.65,11845.0
2001-06-13 00:00:00+00:00,36.0,59412.0,58.6,57.2,57.55,57.75,12147.0
2001-06-14 00:00:00+00:00,35.0,59393.0,58.9,57.75,58.0,58.85,9918.0
2001-06-15 00:00:00+00:00,34.0,59868.0,60.0,58.2,58.25,59.4,17254.0
2001-06-18 00:00:00+00:00,31.0,58235.0,61.7,59.75,59.75,60.95,14948.0
2001-06-19 00:00:00+00:00,30.0,58319.0,61.0,57.4,60.75,57.55,19199.0
2001-06-20 00:00:00+00:00,29.0,58681.0,58.0,54.8,56.7,55.2,1368.0
2001-06-21 00:00:00+00:00,28.0,57342.0,58.0,55.8,56.0,57.5,10964.0
2001-06-22 00:00:00+00:00,27.0,57166.0,57.5,55.5,56.75,55.9,5508.0
2001-06-25 00:00:00+00:00,24.0,57018.0,56.2,55.15,55.5,55.3,4706.0
2001-06-26 00:00:00+00:00,23.0,56545.0,56.8,55.4,55.5,55.5,5581.0
2001-06-27 00:00:00+00:00,22.0,56080.0,56.3,55.0,56.25,55.25,7407.0
2001-06-28 00:00:00+00:00,21.0,56077.0,56.0,55.0,56.0,55.5,3414.0
2001-06-29 00:00:00+00:00,20.0,56428.0,55.5,54.1,55.5,56.1,4923.0
2001-07-02 00:00:00+00:00,80.0,56630.0,58.4,56.75,57.25,56.9,3604.0
2001-07-03 00:00:00+00:00,79.0,56464.0,57.4,56.7,56.75,57.25,603.0
2001-07-04 00:00:00+00:00,79.0,56464.0,,,,57.25,
2001-07-05 00:00:00+00:00,77.0,57037.0,56.5,55.6,56.15,56.0,6041.0
2001-07-06 00:00:00+00:00,76.0,57382.0,55.9,55.0,55.3,55.8,5151.0
2001-07-09 00:00:00+00:00,73.0,57289.0,56.25,54.4,56.0,54.95,5279.0
2001-07-10 00:00:00+00:00,72.0,57376.0,55.0,54.3,55.0,54.6,4824.0
2001-07-11 00:00:00+00:00,71.0,57194.0,55.3,54.0,54.0,54.75,6227.0
2001-07-12 00:00:00+00:00,70.0,57597.0,55.1,54.0,54.75,54.1,5641.0
2001-07-13 00:00:00+00:00,69.0,58049.0,54.8,54.05,54.5,54.05,5074.0
2001-07-16 00:00:00+00:00,66.0,57636.0,54.75,53.25,53.25,54.4,5740.0
2001-07-17 00:00:00+00:00,65.0,57445.0,55.1,53.8,54.25,54.15,5108.0
2001-07-18 00:00:00+00:00,64.0,57813.0,55.0,54.0,54.15,54.85,5330.0
2001-07-19 00:00:00+00:00,63.0,58623.0,55.25,53.5,54.8,54.05,7059.0
2001-07-20 00:00:00+00:00,62.0,57997.0,54.25,53.6,53.8,53.75,3654.0
2001-07-23 00:00:00+00:00,59.0,57550.0,54.15,53.5,53.75,53.95,3701.0
2001-07-24 00:00:00+00:00,58.0,57466.0,55.8,54.25,54.25,55.2,11283.0
2001-07-25 00:00:00+00:00,57.0,58188.0,55.05,52.5,54.5,52.65,9174.0
2001-07-26 00:00:00+00:00,56.0,59670.0,53.0,51.25,52.65,51.4,10774.0
2001-07-27 00:00:00+00:00,55.0,59700.0,51.7,50.95,51.5,51.3,4755.0
2001-07-30 00:00:00+00:00,52.0,59415.0,52.4,50.6,50.75,51.85,9087.0
2001-07-31 00:00:00+00:00,51.0,58939.0,53.75,51.5,52.0,51.95,13717.0
2001-08-01 00:00:00+00:00,50.0,58754.0,51.7,51.05,51.5,51.25,5596.0
2001-08-02 00:00:00+00:00,49.0,59421.0,50.9,50.15,50.65,50.45,8317.0
2001-08-03 00:00:00+00:00,48.0,60092.0,50.6,49.8,49.9,50.4,7901.0
2001-08-06 00:00:00+00:00,45.0,60312.0,50.1,49.5,49.5,49.85,4923.0
2001-08-07 00:00:00+00:00,44.0,60794.0,51.1,49.6,50.0,49.7,9083.0
2001-08-08 00:00:00+00:00,43.0,60489.0,50.45,49.6,49.75,49.65,6636.0
2001-08-09 00:00:00+00:00,42.0,60474.0,50.2,49.7,49.75,50.1,7527.0
2001-08-10 00:00:00+00:00,41.0,62082.0,50.4,48.1,50.1,48.4,18338.0
2001-08-13 00:00:00+00:00,38.0,61462.0,49.45,48.15,48.75,49.35,13585.0
2001-08-14 00:00:00+00:00,37.0,61550.0,49.5,48.85,48.85,49.45,10063.0
2001-08-15 00:00:00+00:00,36.0,61556.0,49.7,48.8,49.25,49.2,10447.0
2001-08-16 00:00:00+00:00,35.0,61804.0,49.8,49.0,49.5,49.15,11568.0
2001-08-17 00:00:00+00:00,34.0,57101.0,54.9,48.55,48.55,54.35,31965.0
2001-08-20 00:00:00+00:00,31.0,53827.0,53.75,49.8,53.0,50.0,24625.0
2001-08-21 00:00:00+00:00,30.0,52994.0,50.9,49.9,50.0,50.35,15591.0
2001-08-22 00:00:00+00:00,29.0,52403.0,52.2,50.1,50.25,50.8,20713.0
2001-08-23 00:00:00+00:00,28.0,52624.0,52.7,51.0,51.0,52.3,8641.0
2001-08-24 00:00:00+00:00,27.0,52551.0,52.9,50.75,52.7,50.95,6826.0
2001-08-27 00:00:00+00:00,24.0,52196.0,51.25,50.8,51.0,51.0,5645.0
2001-08-28 00:00:00+00:00,23.0,53163.0,51.2,50.5,50.6,51.15,3794.0
2001-08-29 00:00:00+00:00,22.0,53137.0,51.3,50.9,51.25,51.7,4928.0
2001-08-30 00:00:00+00:00,21.0,53944.0,51.8,50.5,51.75,50.8,7037.0
2001-08-31 00:00:00+00:00,20.0,53861.0,51.7,50.5,51.0,50.5,1310.0
2001-09-03 00:00:00+00:00,20.0,53861.0,,,,50.5,
2001-09-04 00:00:00+00:00,101.0,55247.0,53.7,50.9,53.1,51.05,12610.0
2001-09-05 00:00:00+00:00,100.0,55378.0,52.25,51.1,51.5,52.1,9480.0
2001-09-06 00:00:00+00:00,99.0,55864.0,52.3,50.9,52.1,52.15,8753.0
2001-09-07 00:00:00+00:00,98.0,55707.0,52.7,51.25,51.9,51.8,5298.0
2001-09-10 00:00:00+00:00,95.0,55419.0,52.2,51.25,51.75,51.3,1416.0
2001-09-11 00:00:00+00:00,95.0,55419.0,,,,51.3,
2001-09-12 00:00:00+00:00,95.0,55419.0,,,,51.3,
2001-09-13 00:00:00+00:00,95.0,55419.0,,,,51.3,
2001-09-14 00:00:00+00:00,95.0,55419.0,,,,51.3,
2001-09-17 00:00:00+00:00,88.0,56010.0,52.0,50.1,51.5,50.85,654.0
2001-09-18 00:00:00+00:00,87.0,56106.0,50.9,50.3,50.9,50.75,1768.0
2001-09-19 00:00:00+00:00,86.0,56120.0,50.75,50.0,50.6,50.3,137.0
2001-09-20 00:00:00+00:00,85.0,55526.0,50.2,48.6,49.9,48.75,9098.0
2001-09-21 00:00:00+00:00,84.0,55150.0,49.2,47.75,47.75,49.05,7769.0
2001-09-24 00:00:00+00:00,81.0,55568.0,50.0,49.05,49.1,49.1,5540.0
2001-09-25 00:00:00+00:00,80.0,56114.0,49.35,48.4,49.1,48.9,5752.0
2001-09-26 00:00:00+00:00,79.0,55520.0,49.7,48.6,48.7,49.15,5061.0
2001-09-27 00:00:00+00:00,78.0,55549.0,49.8,48.8,49.3,49.15,4587.0
2001-09-28 00:00:00+00:00,77.0,55947.0,49.25,48.2,49.0,48.3,5342.0
2001-10-01 00:00:00+00:00,74.0,56668.0,48.0,47.1,47.75,47.4,5683.0
2001-10-02 00:00:00+00:00,73.0,56920.0,47.5,46.3,47.5,46.75,6964.0
2001-10-03 00:00:00+00:00,72.0,57248.0,46.2,45.65,46.0,46.0,6250.0
2001-10-04 00:00:00+00:00,71.0,56879.0,47.25,45.75,46.5,46.5,7267.0
2001-10-05 00:00:00+00:00,70.0,56509.0,46.8,46.25,46.65,46.65,3917.0
2001-10-08 00:00:00+00:00,67.0,57439.0,46.75,45.85,46.25,45.9,4979.0
2001-10-09 00:00:00+00:00,66.0,57002.0,46.1,45.3,45.75,45.35,5911.0
2001-10-10 00:00:00+00:00,65.0,56851.0,45.65,45.15,45.35,45.35,4745.0
2001-10-11 00:00:00+00:00,64.0,57623.0,46.2,44.3,45.75,44.65,6858.0
2001-10-12 00:00:00+00:00,63.0,58305.0,44.9,44.4,44.75,44.7,4660.0
2001-10-15 00:00:00+00:00,60.0,57713.0,45.0,43.75,45.0,43.85,5925.0
2001-10-16 00:00:00+00:00,59.0,57732.0,44.0,43.5,43.5,43.9,5148.0
2001-10-17 00:00:00+00:00,58.0,58468.0,45.4,44.4,44.5,44.75,6993.0
2001-10-18 00:00:00+00:00,57.0,57323.0,47.5,45.4,45.75,45.6,10544.0
2001-10-19 00:00:00+00:00,56.0,58665.0,45.25,43.8,45.0,43.85,7683.0
2001-10-22 00:00:00+00:00,53.0,60291.0,43.5,42.2,43.5,42.5,8624.0
2001-10-23 00:00:00+00:00,52.0,59850.0,43.7,42.75,42.8,43.55,6345.0
2001-10-24 00:00:00+00:00,51.0,59645.0,43.9,43.1,43.9,43.3,7383.0
2001-10-25 00:00:00+00:00,50.0,59524.0,44.4,43.6,43.75,44.3,5875.0
2001-10-26 00:00:00+00:00,49.0,60213.0,45.2,43.1,45.0,43.4,7630.0
2001-10-29 00:00:00+00:00,46.0,60193.0,43.7,42.8,43.2,43.65,5461.0
2001-10-30 00:00:00+00:00,45.0,60514.0,43.6,43.1,43.5,43.35,4560.0
2001-10-31 00:00:00+00:00,44.0,60370.0,45.7,43.5,43.55,43.9,14334.0
2001-11-01 00:00:00+00:00,43.0,59367.0,46.3,43.45,43.7,45.2,9214.0
2001-11-02 00:00:00+00:00,42.0,60241.0,46.25,44.5,45.75,45.4,386.0
2001-11-05 00:00:00+00:00,39.0,59538.0,47.4,45.1,45.25,46.85,10253.0
2001-11-06 00:00:00+00:00,38.0,59568.0,48.2,46.5,47.5,48.0,10163.0
2001-11-07 00:00:00+00:00,37.0,59153.0,48.75,47.0,48.0,47.3,11371.0
2001-11-08 00:00:00+00:00,36.0,58212.0,47.4,45.2,47.25,45.75,12097.0
2001-11-09 00:00:00+00:00,35.0,57059.0,45.5,44.5,45.5,44.7,10790.0
2001-11-12 00:00:00+00:00,35.0,57059.0,,,,44.7,
2001-11-13 00:00:00+00:00,31.0,57491.0,45.4,44.25,44.5,44.85,12122.0
2001-11-14 00:00:00+00:00,30.0,57198.0,50.0,44.6,44.8,49.7,17244.0
2001-11-15 00:00:00+00:00,29.0,54120.0,49.5,46.3,49.0,48.4,23539.0
2001-11-16 00:00:00+00:00,28.0,53685.0,49.5,47.0,47.0,48.65,17154.0
2001-11-19 00:00:00+00:00,25.0,52101.0,48.45,45.0,48.0,45.95,22587.0
2001-11-20 00:00:00+00:00,24.0,51327.0,46.75,44.9,45.0,46.15,9765.0
2001-11-21 00:00:00+00:00,23.0,50671.0,47.0,45.6,46.25,46.4,3427.0
2001-11-22 00:00:00+00:00,23.0,50671.0,,,,46.4,
2001-11-23 00:00:00+00:00,23.0,50671.0,,,,46.4,
2001-11-26 00:00:00+00:00,18.0,50126.0,47.7,45.6,46.75,45.75,9547.0
2001-11-27 00:00:00+00:00,17.0,51083.0,45.4,42.3,45.4,42.4,13182.0
2001-11-28 00:00:00+00:00,16.0,51741.0,42.9,41.9,42.25,42.4,8811.0
2001-11-29 00:00:00+00:00,15.0,52377.0,42.8,42.0,42.0,42.0,6948.0
2001-11-30 00:00:00+00:00,14.0,53263.0,42.8,42.0,42.0,42.6,5792.0
2001-12-03 00:00:00+00:00,105.0,53438.0,47.0,45.6,46.75,46.1,1207.0
2001-12-04 00:00:00+00:00,104.0,53741.0,46.0,44.75,45.5,45.4,6962.0
2001-12-05 00:00:00+00:00,103.0,53405.0,46.4,45.0,45.0,46.0,5778.0
2001-12-06 00:00:00+00:00,102.0,53484.0,47.3,45.6,46.5,45.8,6327.0
2001-12-07 00:00:00+00:00,101.0,53575.0,46.95,45.6,45.6,46.75,3377.0
2001-12-10 00:00:00+00:00,98.0,53405.0,47.9,46.3,47.5,46.85,5769.0
2001-12-11 00:00:00+00:00,97.0,53916.0,47.9,46.15,47.5,47.8,4981.0
2001-12-12 00:00:00+00:00,96.0,53843.0,48.4,47.3,47.8,47.85,7152.0
2001-12-13 00:00:00+00:00,95.0,54252.0,48.0,47.0,47.5,47.9,4092.0
2001-12-14 00:00:00+00:00,94.0,53986.0,49.0,47.4,48.25,47.55,9007.0
2001-12-17 00:00:00+00:00,91.0,54326.0,47.25,45.65,47.25,46.35,8059.0
2001-12-18 00:00:00+00:00,90.0,54544.0,46.2,45.3,46.0,46.1,5131.0
2001-12-19 00:00:00+00:00,89.0,54467.0,47.6,45.6,46.0,46.9,5795.0
2001-12-20 00:00:00+00:00,88.0,54811.0,49.6,49.6,49.6,49.6,12915.0
2001-12-21 00:00:00+00:00,87.0,53878.0,50.0,46.0,49.5,46.65,365.0
2001-12-24 00:00:00+00:00,87.0,53878.0,,,,46.65,
2001-12-25 00:00:00+00:00,87.0,53878.0,,,,46.65,
2001-12-26 00:00:00+00:00,87.0,53878.0,,,,46.65,
2001-12-27 00:00:00+00:00,81.0,54121.0,46.5,46.5,46.5,46.5,5450.0
2001-12-28 00:00:00+00:00,80.0,53923.0,47.1,46.05,47.0,46.2,260.0
2001-12-31 00:00:00+00:00,80.0,53923.0,,,,46.2,
2002-01-01 00:00:00+00:00,80.0,53923.0,,,,46.2,
2002-01-02 00:00:00+00:00,75.0,54520.0,47.75,45.5,45.75,47.35,188.0
2002-01-03 00:00:00+00:00,74.0,54814.0,48.3,46.85,48.0,47.5,5628.0
2002-01-04 00:00:00+00:00,73.0,55351.0,48.9,47.4,48.0,48.55,6306.0
2002-01-07 00:00:00+00:00,70.0,55215.0,49.5,48.1,48.5,48.25,8347.0
2002-01-08 00:00:00+00:00,69.0,55668.0,48.75,47.3,48.0,48.55,5909.0
2002-01-09 00:00:00+00:00,68.0,56318.0,51.0,49.25,49.25,50.85,14532.0
2002-01-10 00:00:00+00:00,67.0,57009.0,51.5,50.25,51.5,51.3,11638.0
2002-01-11 00:00:00+00:00,66.0,57432.0,51.0,48.8,51.0,49.55,9488.0
2002-01-14 00:00:00+00:00,63.0,57531.0,50.6,48.55,49.5,50.4,8983.0
2002-01-15 00:00:00+00:00,62.0,57104.0,51.6,49.5,50.75,50.25,9237.0
2002-01-16 00:00:00+00:00,61.0,57989.0,49.8,48.8,49.5,49.25,9199.0
2002-01-17 00:00:00+00:00,60.0,57244.0,49.3,48.25,49.25,48.85,10437.0
2002-01-18 00:00:00+00:00,59.0,57623.0,49.6,47.25,48.85,47.4,2042.0
2002-01-21 00:00:00+00:00,59.0,57623.0,,,,47.4,
2002-01-22 00:00:00+00:00,55.0,57557.0,47.2,46.5,46.75,46.8,12691.0
2002-01-23 00:00:00+00:00,54.0,58335.0,47.7,46.5,46.5,46.75,10384.0
2002-01-24 00:00:00+00:00,53.0,58391.0,47.4,46.3,46.5,46.45,8678.0
2002-01-25 00:00:00+00:00,52.0,59056.0,46.9,45.8,46.75,45.9,7782.0
2002-01-28 00:00:00+00:00,49.0,60238.0,45.8,45.0,45.75,45.05,10709.0
2002-01-29 00:00:00+00:00,48.0,62018.0,45.15,44.5,45.0,44.7,10861.0
2002-01-30 00:00:00+00:00,47.0,62638.0,45.85,44.9,45.0,45.15,8647.0
2002-01-31 00:00:00+00:00,46.0,63790.0,45.8,44.9,45.4,45.1,12507.0
2002-02-01 00:00:00+00:00,45.0,64582.0,45.5,44.0,44.25,45.45,9385.0
2002-02-04 00:00:00+00:00,42.0,64923.0,46.2,45.25,45.75,45.5,5417.0
2002-02-05 00:00:00+00:00,41.0,65376.0,45.5,44.55,45.5,44.85,8472.0
2002-02-06 00:00:00+00:00,40.0,66022.0,45.3,44.4,44.4,45.1,7428.0
2002-02-07 00:00:00+00:00,39.0,65898.0,45.5,44.7,45.0,44.8,6873.0
2002-02-08 00:00:00+00:00,38.0,64660.0,45.25,44.5,44.75,44.55,10266.0
2002-02-11 00:00:00+00:00,35.0,68079.0,45.2,43.0,45.0,43.1,24167.0
2002-02-12 00:00:00+00:00,34.0,69631.0,43.2,42.7,42.7,43.0,13588.0
2002-02-13 00:00:00+00:00,33.0,68746.0,43.9,43.0,43.0,43.4,20080.0
2002-02-14 00:00:00+00:00,32.0,69507.0,44.1,43.3,43.4,43.75,24791.0
2002-02-15 00:00:00+00:00,31.0,70136.0,44.5,43.9,44.25,44.1,4657.0
2002-02-18 00:00:00+00:00,31.0,70136.0,,,,44.1,
2002-02-19 00:00:00+00:00,27.0,71409.0,44.7,43.2,44.4,43.8,26139.0
2002-02-20 00:00:00+00:00,26.0,68864.0,47.25,44.0,44.25,47.05,21935.0
2002-02-21 00:00:00+00:00,25.0,67145.0,49.5,47.5,48.0,49.0,23383.0
2002-02-22 00:00:00+00:00,24.0,66873.0,50.5,47.9,49.5,48.0,12243.0
2002-02-25 00:00:00+00:00,21.0,64995.0,48.0,46.75,47.5,47.05,9313.0
2002-02-26 00:00:00+00:00,20.0,64937.0,47.2,45.65,47.2,45.85,10681.0
2002-02-27 00:00:00+00:00,19.0,63930.0,45.75,44.6,45.5,44.65,9843.0
2002-02-28 00:00:00+00:00,18.0,63965.0,45.3,44.6,44.75,44.75,5912.0
2002-03-01 00:00:00+00:00,80.0,64318.0,47.6,46.3,46.75,47.35,6703.0
2002-03-04 00:00:00+00:00,77.0,64863.0,47.95,46.75,47.95,47.3,6168.0
2002-03-05 00:00:00+00:00,76.0,64617.0,49.7,47.6,47.6,48.4,13712.0
2002-03-06 00:00:00+00:00,75.0,63322.0,49.7,47.8,48.0,49.55,8801.0
2002-03-07 00:00:00+00:00,74.0,62618.0,50.4,48.4,50.0,48.6,10132.0
2002-03-08 00:00:00+00:00,73.0,63743.0,50.0,48.8,49.0,49.85,7184.0
2002-03-11 00:00:00+00:00,70.0,65236.0,54.75,50.5,50.9,54.15,24882.0
2002-03-12 00:00:00+00:00,69.0,68370.0,57.8,53.3,54.0,56.75,25300.0
2002-03-13 00:00:00+00:00,68.0,68706.0,57.5,54.3,55.5,55.75,15621.0
2002-03-14 00:00:00+00:00,67.0,69120.0,56.2,54.55,55.25,55.65,11743.0
2002-03-15 00:00:00+00:00,66.0,69120.0,56.1,54.2,56.0,55.6,9153.0
2002-03-18 00:00:00+00:00,63.0,67362.0,54.0,51.4,54.0,51.55,14666.0
2002-03-19 00:00:00+00:00,62.0,66988.0,53.6,50.5,51.0,53.35,12191.0
2002-03-20 00:00:00+00:00,61.0,68269.0,56.1,54.5,54.5,56.0,11168.0
2002-03-21 00:00:00+00:00,60.0,67872.0,56.25,53.75,56.25,53.95,9299.0
2002-03-22 00:00:00+00:00,59.0,68146.0,55.4,53.6,54.25,54.3,5888.0
2002-03-25 00:00:00+00:00,56.0,68234.0,54.5,52.8,53.75,54.45,5235.0
2002-03-26 00:00:00+00:00,55.0,68227.0,55.4,53.5,55.0,55.05,8582.0
2002-03-27 00:00:00+00:00,54.0,67957.0,57.1,54.6,55.75,55.95,12839.0
2002-03-28 00:00:00+00:00,53.0,68871.0,57.4,55.05,55.5,57.2,692.0
2002-03-29 00:00:00+00:00,53.0,68871.0,,,,57.2,
2002-04-01 00:00:00+00:00,49.0,69121.0,58.7,56.5,56.5,58.5,9847.0
2002-04-02 00:00:00+00:00,48.0,70246.0,59.6,57.5,58.5,59.35,13787.0
2002-04-03 00:00:00+00:00,47.0,70378.0,59.7,57.5,57.75,59.45,10084.0
2002-04-04 00:00:00+00:00,46.0,69883.0,59.4,55.6,58.75,56.8,16241.0
2002-04-05 00:00:00+00:00,45.0,68731.0,57.25,54.75,57.0,55.0,11137.0
2002-04-08 00:00:00+00:00,42.0,67646.0,55.5,53.8,55.25,54.05,10487.0
2002-04-09 00:00:00+00:00,41.0,67712.0,56.2,53.7,54.25,56.1,11543.0
2002-04-10 00:00:00+00:00,40.0,68252.0,56.8,55.25,56.2,56.05,11779.0
2002-04-11 00:00:00+00:00,39.0,68526.0,56.3,54.9,55.8,54.95,11336.0
2002-04-12 00:00:00+00:00,38.0,68187.0,54.25,53.1,54.25,53.2,14832.0
2002-04-15 00:00:00+00:00,35.0,67220.0,54.4,52.5,53.0,53.15,15081.0
2002-04-16 00:00:00+00:00,34.0,65947.0,53.2,52.05,52.5,53.0,16485.0
2002-04-17 00:00:00+00:00,33.0,65811.0,53.9,52.8,52.8,53.5,24839.0
2002-04-18 00:00:00+00:00,32.0,65102.0,56.0,53.9,54.0,55.75,20237.0
2002-04-19 00:00:00+00:00,31.0,64141.0,55.75,53.0,55.5,53.05,16781.0
2002-04-22 00:00:00+00:00,28.0,63354.0,54.5,51.8,52.0,53.85,10118.0
2002-04-23 00:00:00+00:00,27.0,63523.0,54.5,53.75,54.0,54.4,5816.0
2002-04-24 00:00:00+00:00,26.0,63604.0,54.25,52.8,54.25,52.85,8167.0
2002-04-25 00:00:00+00:00,25.0,63113.0,52.45,50.5,52.25,50.5,20659.0
2002-04-26 00:00:00+00:00,24.0,63012.0,50.5,49.5,50.0,49.7,15039.0
2002-04-29 00:00:00+00:00,21.0,61556.0,49.5,48.5,49.5,49.4,14951.0
2002-04-30 00:00:00+00:00,20.0,61499.0,50.9,50.1,50.1,50.7,6462.0
2002-05-01 00:00:00+00:00,79.0,61973.0,53.4,50.3,52.5,50.9,8090.0
2002-05-02 00:00:00+00:00,78.0,61846.0,51.6,50.75,51.25,50.95,6365.0
2002-05-03 00:00:00+00:00,77.0,62178.0,51.8,50.1,50.7,51.05,9069.0
2002-05-06 00:00:00+00:00,74.0,62168.0,52.1,50.1,50.5,50.9,6977.0
2002-05-07 00:00:00+00:00,73.0,62754.0,51.5,50.3,50.5,51.1,5425.0
2002-05-08 00:00:00+00:00,72.0,63235.0,51.2,50.3,51.1,50.4,4733.0
2002-05-09 00:00:00+00:00,71.0,64387.0,50.0,49.4,49.5,49.5,8563.0
2002-05-10 00:00:00+00:00,70.0,65911.0,49.9,49.1,49.75,49.75,8688.0
2002-05-13 00:00:00+00:00,67.0,66909.0,50.4,48.85,50.25,49.15,7531.0
2002-05-14 00:00:00+00:00,66.0,67057.0,50.0,48.5,49.0,49.45,10254.0
2002-05-15 00:00:00+00:00,65.0,67047.0,50.25,49.1,50.0,49.4,7613.0
2002-05-16 00:00:00+00:00,64.0,67864.0,50.8,49.2,49.5,50.75,6539.0
2002-05-17 00:00:00+00:00,63.0,67966.0,51.0,50.0,50.75,50.7,4134.0
2002-05-20 00:00:00+00:00,60.0,68393.0,51.6,50.6,51.0,51.4,4416.0
2002-05-21 00:00:00+00:00,59.0,68548.0,53.1,51.8,52.0,52.7,9223.0
2002-05-22 00:00:00+00:00,58.0,68118.0,52.05,50.1,51.8,50.7,11786.0
2002-05-23 00:00:00+00:00,57.0,68274.0,51.0,50.3,50.75,50.7,5293.0
2002-05-24 00:00:00+00:00,56.0,68831.0,51.5,50.75,50.75,51.4,4184.0
2002-05-27 00:00:00+00:00,56.0,68831.0,,,,51.4,
2002-05-28 00:00:00+00:00,52.0,69057.0,51.25,50.35,51.25,50.6,5361.0
2002-05-29 00:00:00+00:00,51.0,69152.0,52.1,50.65,50.65,51.65,9218.0
2002-05-30 00:00:00+00:00,50.0,68322.0,52.0,51.2,52.0,51.6,5256.0
2002-05-31 00:00:00+00:00,49.0,68361.0,52.4,51.4,51.8,51.9,10948.0
2002-06-03 00:00:00+00:00,46.0,68352.0,52.0,50.35,52.0,51.2,8662.0
2002-06-04 00:00:00+00:00,45.0,68567.0,51.3,50.4,51.0,50.85,8389.0
2002-06-05 00:00:00+00:00,44.0,67691.0,50.35,49.6,49.75,50.15,6909.0
2002-06-06 00:00:00+00:00,43.0,67627.0,50.7,49.75,49.75,50.25,7600.0
2002-06-07 00:00:00+00:00,42.0,67711.0,50.1,48.75,50.0,49.15,13746.0
2002-06-10 00:00:00+00:00,39.0,67514.0,49.7,48.75,48.9,49.5,7150.0
2002-06-11 00:00:00+00:00,38.0,66736.0,49.7,49.1,49.35,49.35,10106.0
2002-06-12 00:00:00+00:00,37.0,66551.0,49.1,48.75,48.9,48.9,8783.0
2002-06-13 00:00:00+00:00,36.0,68795.0,48.75,47.0,48.75,47.2,29586.0
2002-06-14 00:00:00+00:00,35.0,68333.0,47.4,46.4,47.0,46.45,22572.0
2002-06-17 00:00:00+00:00,32.0,70762.0,47.25,46.25,46.25,47.1,15344.0
2002-06-18 00:00:00+00:00,31.0,70142.0,47.35,46.3,47.0,46.55,16503.0
2002-06-19 00:00:00+00:00,30.0,69990.0,46.7,46.1,46.1,46.45,19084.0
2002-06-20 00:00:00+00:00,29.0,69452.0,48.25,46.15,46.4,47.8,9447.0
2002-06-21 00:00:00+00:00,28.0,70143.0,47.9,46.6,47.25,47.1,6079.0
2002-06-24 00:00:00+00:00,25.0,70161.0,47.9,46.5,47.0,47.9,5371.0
2002-06-25 00:00:00+00:00,24.0,70085.0,47.75,46.9,47.5,47.2,6789.0
2002-06-26 00:00:00+00:00,23.0,70478.0,47.75,47.0,47.75,46.9,7209.0
2002-06-27 00:00:00+00:00,22.0,70072.0,47.5,46.75,46.8,46.85,8855.0
2002-06-28 00:00:00+00:00,21.0,70724.0,47.5,46.3,47.0,46.5,6993.0
2002-07-01 00:00:00+00:00,79.0,70161.0,50.25,48.9,49.25,50.05,8541.0
2002-07-02 00:00:00+00:00,78.0,69988.0,52.15,50.0,50.25,52.0,13942.0
2002-07-03 00:00:00+00:00,77.0,70416.0,52.45,49.9,52.25,50.25,9083.0
2002-07-04 00:00:00+00:00,77.0,70416.0,,,,50.25,
2002-07-05 00:00:00+00:00,77.0,70416.0,,,,50.25,
2002-07-08 00:00:00+00:00,72.0,69375.0,50.7,49.5,49.5,50.4,5930.0
2002-07-09 00:00:00+00:00,71.0,69614.0,51.55,50.25,50.5,51.1,6597.0
2002-07-10 00:00:00+00:00,70.0,69001.0,51.9,50.9,51.4,51.8,6738.0
2002-07-11 00:00:00+00:00,69.0,68311.0,54.2,52.0,52.0,53.7,16091.0
2002-07-12 00:00:00+00:00,68.0,68400.0,52.9,51.0,52.8,51.65,11118.0
2002-07-15 00:00:00+00:00,65.0,68128.0,51.2,50.7,50.75,50.75,5780.0
2002-07-16 00:00:00+00:00,64.0,67782.0,51.4,50.5,51.1,50.65,4602.0
2002-07-17 00:00:00+00:00,63.0,67635.0,51.1,50.5,50.5,50.75,3956.0
2002-07-18 00:00:00+00:00,62.0,68872.0,51.25,48.05,51.0,48.8,15033.0
2002-07-19 00:00:00+00:00,61.0,69178.0,49.25,48.0,49.0,48.55,6908.0
2002-07-22 00:00:00+00:00,58.0,69537.0,48.7,48.1,48.5,48.45,4790.0
2002-07-23 00:00:00+00:00,57.0,69093.0,49.2,48.25,48.5,48.8,5946.0
2002-07-24 00:00:00+00:00,56.0,69105.0,48.8,47.6,48.8,47.8,7257.0
2002-07-25 00:00:00+00:00,55.0,69753.0,48.45,47.6,48.0,48.35,5317.0
2002-07-26 00:00:00+00:00,54.0,70216.0,48.7,47.85,48.35,48.4,4621.0
2002-07-29 00:00:00+00:00,51.0,71314.0,48.0,47.2,48.0,47.25,9355.0
2002-07-30 00:00:00+00:00,50.0,72013.0,47.4,46.85,47.0,47.05,9537.0
2002-07-31 00:00:00+00:00,49.0,72187.0,47.05,46.5,46.85,46.8,13471.0
2002-08-01 00:00:00+00:00,48.0,71705.0,47.75,46.5,46.5,47.5,12705.0
2002-08-02 00:00:00+00:00,47.0,71903.0,48.75,47.8,48.1,48.1,7330.0
2002-08-05 00:00:00+00:00,44.0,73008.0,48.3,46.8,48.0,47.15,7580.0
2002-08-06 00:00:00+00:00,43.0,72035.0,47.5,47.05,47.5,47.35,7022.0
2002-08-07 00:00:00+00:00,42.0,72247.0,47.5,46.85,47.25,47.35,4957.0
2002-08-08 00:00:00+00:00,41.0,72024.0,49.5,47.4,48.0,47.9,11471.0
2002-08-09 00:00:00+00:00,40.0,69965.0,48.05,47.4,47.9,47.55,6660.0
2002-08-12 00:00:00+00:00,37.0,71944.0,48.5,47.1,47.25,48.45,10743.0
2002-08-13 00:00:00+00:00,36.0,71786.0,48.4,47.6,48.25,47.9,13644.0
2002-08-14 00:00:00+00:00,35.0,70771.0,49.25,47.7,47.75,48.2,13429.0
2002-08-15 00:00:00+00:00,34.0,72420.0,50.15,46.0,48.0,46.5,21600.0
2002-08-16 00:00:00+00:00,33.0,71963.0,47.1,46.5,47.0,46.9,17065.0
2002-08-19 00:00:00+00:00,30.0,68726.0,47.0,46.2,46.85,46.45,18084.0
2002-08-20 00:00:00+00:00,29.0,67343.0,47.3,46.1,46.25,47.0,21809.0
2002-08-21 00:00:00+00:00,28.0,68018.0,47.45,46.35,47.0,46.7,18555.0
2002-08-22 00:00:00+00:00,27.0,67544.0,48.45,46.6,46.7,48.25,10636.0
2002-08-23 00:00:00+00:00,26.0,66175.0,49.6,48.25,48.25,49.2,8864.0
2002-08-26 00:00:00+00:00,23.0,67199.0,49.2,48.0,49.05,48.35,12165.0
2002-08-27 00:00:00+00:00,22.0,67343.0,48.7,48.25,48.4,48.6,3210.0
2002-08-28 00:00:00+00:00,21.0,65962.0,50.8,49.4,49.5,50.8,12410.0
2002-08-29 00:00:00+00:00,20.0,65716.0,51.0,50.0,51.0,50.75,7184.0
2002-08-30 00:00:00+00:00,19.0,66177.0,51.75,50.25,51.0,51.5,7423.0
2002-09-02 00:00:00+00:00,19.0,66177.0,,,,51.5,
2002-09-03 00:00:00+00:00,105.0,67056.0,56.1,51.95,52.8,55.85,12062.0
2002-09-04 00:00:00+00:00,104.0,68471.0,58.2,55.25,56.25,57.8,24796.0
2002-09-05 00:00:00+00:00,103.0,67883.0,58.1,56.3,57.2,56.7,12025.0
2002-09-06 00:00:00+00:00,102.0,68939.0,57.9,55.8,56.5,57.55,10879.0
2002-09-09 00:00:00+00:00,99.0,69193.0,61.8,58.6,59.3,61.3,22997.0
2002-09-10 00:00:00+00:00,98.0,69776.0,63.6,59.6,61.3,59.95,22411.0
2002-09-11 00:00:00+00:00,97.0,69963.0,59.7,58.1,59.5,59.35,5904.0
2002-09-12 00:00:00+00:00,96.0,70666.0,61.9,59.6,60.0,61.1,9348.0
2002-09-13 00:00:00+00:00,95.0,71776.0,61.8,60.25,60.5,61.6,6972.0
2002-09-16 00:00:00+00:00,92.0,73658.0,64.3,62.1,62.2,63.0,12295.0
2002-09-17 00:00:00+00:00,91.0,74541.0,63.85,61.0,62.5,61.7,11594.0
2002-09-18 00:00:00+00:00,90.0,74402.0,61.45,60.1,60.75,60.25,8658.0
2002-09-19 00:00:00+00:00,89.0,73509.0,59.6,58.25,59.25,58.45,8710.0
2002-09-20 00:00:00+00:00,88.0,70807.0,59.0,55.75,58.5,56.05,15608.0
2002-09-23 00:00:00+00:00,85.0,69016.0,57.05,54.4,56.5,54.65,12331.0
2002-09-24 00:00:00+00:00,84.0,68399.0,55.65,54.4,55.25,54.85,8997.0
2002-09-25 00:00:00+00:00,83.0,68451.0,56.25,54.6,55.5,56.15,7665.0
2002-09-26 00:00:00+00:00,82.0,67918.0,56.4,54.9,56.2,55.2,7461.0
2002-09-27 00:00:00+00:00,81.0,68428.0,55.85,54.25,54.5,55.65,5122.0
2002-09-30 00:00:00+00:00,78.0,68737.0,55.4,54.35,55.0,54.5,6097.0
2002-10-01 00:00:00+00:00,77.0,69442.0,57.25,54.25,54.25,56.55,9658.0
2002-10-02 00:00:00+00:00,76.0,68958.0,58.0,56.3,56.5,56.95,7794.0
2002-10-03 00:00:00+00:00,75.0,70146.0,56.95,55.65,56.65,56.45,7238.0
2002-10-04 00:00:00+00:00,74.0,69975.0,56.4,55.75,55.9,56.0,3650.0
2002-10-07 00:00:00+00:00,71.0,71221.0,58.6,55.4,55.4,57.75,8895.0
2002-10-08 00:00:00+00:00,70.0,71626.0,58.6,57.6,58.5,58.25,6208.0
2002-10-09 00:00:00+00:00,69.0,71482.0,59.3,58.0,58.25,58.8,7179.0
2002-10-10 00:00:00+00:00,68.0,71129.0,59.2,56.5,59.0,57.4,9230.0
2002-10-11 00:00:00+00:00,67.0,71440.0,57.8,57.2,57.7,57.35,4709.0
2002-10-14 00:00:00+00:00,64.0,72953.0,63.1,57.8,58.0,62.8,16129.0
2002-10-15 00:00:00+00:00,63.0,74434.0,71.25,65.0,65.0,69.7,25335.0
2002-10-16 00:00:00+00:00,62.0,74624.0,68.95,65.5,67.75,67.1,15650.0
2002-10-17 00:00:00+00:00,61.0,75800.0,68.25,64.8,65.5,66.3,11831.0
2002-10-18 00:00:00+00:00,60.0,75321.0,65.25,61.3,64.0,62.6,12414.0
2002-10-21 00:00:00+00:00,57.0,75243.0,65.9,63.5,64.0,65.3,7585.0
2002-10-22 00:00:00+00:00,56.0,74924.0,66.0,63.25,65.5,64.1,8575.0
2002-10-23 00:00:00+00:00,55.0,75764.0,65.4,63.85,64.3,64.3,8657.0
2002-10-24 00:00:00+00:00,54.0,77254.0,68.25,64.6,64.75,67.5,15064.0
2002-10-25 00:00:00+00:00,53.0,78041.0,73.5,68.0,70.0,68.55,14419.0
2002-10-28 00:00:00+00:00,50.0,76648.0,68.25,64.6,68.0,64.7,11324.0
2002-10-29 00:00:00+00:00,49.0,75627.0,63.2,60.8,62.7,62.9,15975.0
2002-10-30 00:00:00+00:00,48.0,76268.0,63.3,61.35,62.25,63.0,9055.0
2002-10-31 00:00:00+00:00,47.0,75692.0,66.3,62.0,63.5,65.95,13326.0
2002-11-01 00:00:00+00:00,46.0,75884.0,65.35,63.7,64.75,64.0,8970.0
2002-11-04 00:00:00+00:00,43.0,76090.0,65.8,62.75,63.0,65.25,7978.0
2002-11-05 00:00:00+00:00,42.0,76052.0,66.75,64.8,66.5,65.9,8367.0
2002-11-06 00:00:00+00:00,41.0,76365.0,66.5,64.3,65.5,66.15,7581.0
2002-11-07 00:00:00+00:00,40.0,76013.0,67.75,65.0,67.25,66.55,11149.0
2002-11-08 00:00:00+00:00,39.0,75512.0,68.1,65.6,66.0,67.85,14294.0
2002-11-11 00:00:00+00:00,36.0,75023.0,67.4,65.9,67.0,66.1,11194.0
2002-11-12 00:00:00+00:00,35.0,73028.0,65.0,63.5,65.0,63.75,16386.0
2002-11-13 00:00:00+00:00,34.0,72441.0,65.35,63.0,63.75,64.0,20265.0
2002-11-14 00:00:00+00:00,33.0,70636.0,64.7,63.25,63.5,64.25,15262.0
2002-11-15 00:00:00+00:00,32.0,71516.0,67.0,64.25,65.5,66.4,25631.0
2002-11-18 00:00:00+00:00,29.0,73060.0,68.0,64.1,67.4,64.75,28455.0
2002-11-19 00:00:00+00:00,28.0,72222.0,68.5,63.4,63.6,66.75,15935.0
2002-11-20 00:00:00+00:00,27.0,72432.0,69.0,67.0,67.75,68.1,9981.0
2002-11-21 00:00:00+00:00,26.0,72035.0,68.0,66.8,67.25,67.3,6215.0
2002-11-22 00:00:00+00:00,25.0,71623.0,68.0,66.5,67.0,66.8,6332.0
2002-11-25 00:00:00+00:00,22.0,71604.0,66.8,65.25,66.5,65.25,7856.0
2002-11-26 00:00:00+00:00,21.0,71478.0,65.75,64.4,65.1,66.0,7608.0
2002-11-27 00:00:00+00:00,20.0,72067.0,67.0,66.0,66.75,66.6,6798.0
2002-11-28 00:00:00+00:00,20.0,72067.0,,,,66.6,
2002-11-29 00:00:00+00:00,20.0,72067.0,,,,66.6,
2002-12-02 00:00:00+00:00,107.0,73295.0,73.8,69.8,70.3,72.85,10087.0
2002-12-03 00:00:00+00:00,106.0,72687.0,72.7,70.8,72.2,70.95,8406.0
2002-12-04 00:00:00+00:00,105.0,72447.0,70.7,69.0,70.25,70.1,8230.0
2002-12-05 00:00:00+00:00,104.0,72925.0,72.0,70.4,70.8,71.1,5993.0
2002-12-06 00:00:00+00:00,103.0,72869.0,71.35,66.9,71.25,67.3,13611.0
2002-12-09 00:00:00+00:00,100.0,69876.0,66.7,65.1,66.0,66.3,13442.0
2002-12-10 00:00:00+00:00,99.0,74501.0,66.25,65.5,66.0,65.65,6879.0
2002-12-11 00:00:00+00:00,98.0,67832.0,65.0,61.4,64.75,61.75,25641.0
2002-12-12 00:00:00+00:00,97.0,66258.0,62.4,60.3,60.5,60.55,16020.0
2002-12-13 00:00:00+00:00,96.0,67039.0,62.0,60.0,60.25,60.1,13082.0
2002-12-16 00:00:00+00:00,93.0,67024.0,61.6,60.5,61.5,61.25,5679.0
2002-12-17 00:00:00+00:00,92.0,66675.0,62.8,61.6,62.0,62.15,7100.0
2002-12-18 00:00:00+00:00,91.0,67472.0,63.2,61.7,63.2,62.6,5713.0
2002-12-19 00:00:00+00:00,90.0,67447.0,62.85,61.1,62.8,61.55,6844.0
2002-12-20 00:00:00+00:00,89.0,67775.0,62.5,61.05,61.6,62.2,6088.0
2002-12-23 00:00:00+00:00,86.0,67603.0,62.4,60.75,62.0,61.45,4428.0
2002-12-24 00:00:00+00:00,85.0,68070.0,61.55,60.65,61.4,61.1,1565.0
2002-12-25 00:00:00+00:00,85.0,68070.0,,,,61.1,
2002-12-26 00:00:00+00:00,85.0,68070.0,,,,61.1,
2002-12-27 00:00:00+00:00,82.0,67695.0,61.9,60.45,61.0,61.35,3728.0
2002-12-30 00:00:00+00:00,79.0,67986.0,62.6,61.0,61.0,61.35,5123.0
2002-12-31 00:00:00+00:00,78.0,69388.0,61.3,59.05,61.2,60.2,10992.0
2003-01-01 00:00:00+00:00,78.0,69388.0,,,,60.2,
2003-01-02 00:00:00+00:00,76.0,69226.0,62.0,60.25,60.5,61.65,7487.0
2003-01-03 00:00:00+00:00,75.0,68872.0,61.6,60.5,61.0,61.25,4447.0
2003-01-06 00:00:00+00:00,72.0,69523.0,63.9,60.75,60.9,63.25,10736.0
2003-01-07 00:00:00+00:00,71.0,68571.0,64.25,62.5,62.5,63.5,7155.0
2003-01-08 00:00:00+00:00,70.0,67936.0,63.7,62.5,63.0,62.85,10442.0
2003-01-09 00:00:00+00:00,69.0,68382.0,63.5,62.1,63.5,62.7,7206.0
2003-01-10 00:00:00+00:00,68.0,68351.0,65.25,62.8,63.0,65.05,12991.0
2003-01-13 00:00:00+00:00,65.0,67947.0,65.7,64.0,64.75,64.9,8580.0
2003-01-14 00:00:00+00:00,64.0,67411.0,65.0,63.8,64.7,64.9,6766.0
2003-01-15 00:00:00+00:00,63.0,67748.0,66.0,64.65,65.5,65.95,8042.0
2003-01-16 00:00:00+00:00,62.0,67564.0,66.4,64.9,65.45,65.85,9657.0
2003-01-17 00:00:00+00:00,61.0,67799.0,66.6,65.2,66.0,66.25,7371.0
2003-01-20 00:00:00+00:00,61.0,67799.0,,,,66.25,
2003-01-21 00:00:00+00:00,57.0,67998.0,66.95,65.9,66.0,66.4,9445.0
2003-01-22 00:00:00+00:00,56.0,69978.0,68.4,65.5,65.5,68.15,17365.0
2003-01-23 00:00:00+00:00,55.0,71004.0,69.5,67.7,68.0,68.2,12560.0
2003-01-24 00:00:00+00:00,54.0,72391.0,68.4,67.25,68.0,67.65,8348.0
2003-01-27 00:00:00+00:00,51.0,71721.0,68.1,64.4,67.3,65.65,11765.0
2003-01-28 00:00:00+00:00,50.0,71893.0,65.75,64.9,65.5,65.15,6964.0
2003-01-29 00:00:00+00:00,49.0,71805.0,65.7,63.0,65.5,63.75,12848.0
2003-01-30 00:00:00+00:00,48.0,71902.0,64.1,63.1,63.75,63.95,9837.0
2003-01-31 00:00:00+00:00,47.0,71636.0,66.1,64.1,64.5,65.3,15408.0
2003-02-03 00:00:00+00:00,44.0,71509.0,67.0,64.8,64.8,66.15,8713.0
2003-02-04 00:00:00+00:00,43.0,71431.0,66.7,65.0,66.3,65.05,9882.0
2003-02-05 00:00:00+00:00,42.0,71406.0,64.9,63.8,64.3,64.25,11171.0
2003-02-06 00:00:00+00:00,41.0,71872.0,65.8,63.8,64.3,65.65,11801.0
2003-02-07 00:00:00+00:00,40.0,72276.0,66.7,65.5,66.0,65.8,13837.0
2003-02-10 00:00:00+00:00,37.0,73392.0,66.95,64.25,64.5,66.8,13228.0
2003-02-11 00:00:00+00:00,36.0,73058.0,67.25,65.3,66.5,66.1,15989.0
2003-02-12 00:00:00+00:00,35.0,72106.0,66.25,64.8,66.25,64.8,11612.0
2003-02-13 00:00:00+00:00,34.0,74746.0,65.2,61.2,65.0,61.7,33551.0
2003-02-14 00:00:00+00:00,33.0,73710.0,62.8,60.8,62.0,62.65,21951.0
2003-02-17 00:00:00+00:00,33.0,73710.0,,,,62.65,
2003-02-18 00:00:00+00:00,33.0,73710.0,,,,62.65,
2003-02-19 00:00:00+00:00,28.0,70782.0,61.75,60.45,61.5,61.15,43412.0
2003-02-20 00:00:00+00:00,27.0,69993.0,62.5,61.7,61.75,62.25,10229.0
2003-02-21 00:00:00+00:00,26.0,67511.0,62.0,61.3,62.0,61.6,6242.0
2003-02-24 00:00:00+00:00,23.0,68207.0,61.0,59.8,60.8,60.0,13863.0
2003-02-25 00:00:00+00:00,22.0,71166.0,60.9,59.1,60.5,58.7,13109.0
2003-02-26 00:00:00+00:00,21.0,71963.0,58.5,57.3,58.5,57.95,16428.0
2003-02-27 00:00:00+00:00,20.0,71245.0,58.7,57.55,58.0,58.35,11923.0
2003-02-28 00:00:00+00:00,19.0,73897.0,58.5,56.8,58.5,56.85,16376.0
2003-03-03 00:00:00+00:00,77.0,73906.0,60.0,58.5,58.5,59.95,11899.0
2003-03-04 00:00:00+00:00,76.0,74722.0,60.4,59.1,59.75,59.3,8549.0
2003-03-05 00:00:00+00:00,75.0,75074.0,60.8,58.25,58.75,60.6,9522.0
2003-03-06 00:00:00+00:00,74.0,75473.0,61.1,59.8,60.25,60.75,7577.0
2003-03-07 00:00:00+00:00,73.0,75351.0,61.7,60.65,60.9,61.0,5757.0
2003-03-10 00:00:00+00:00,70.0,75471.0,62.1,60.9,61.0,61.45,5703.0
2003-03-11 00:00:00+00:00,69.0,75991.0,60.9,59.25,60.8,59.6,7832.0
2003-03-12 00:00:00+00:00,68.0,76252.0,59.75,58.3,59.0,59.15,9848.0
2003-03-13 00:00:00+00:00,67.0,76322.0,60.0,59.0,59.0,59.4,4348.0
2003-03-14 00:00:00+00:00,66.0,76437.0,60.7,58.35,58.5,59.7,7590.0
2003-03-17 00:00:00+00:00,63.0,77109.0,60.0,57.5,59.0,57.55,12498.0
2003-03-18 00:00:00+00:00,62.0,78177.0,58.7,57.25,58.0,58.6,9775.0
2003-03-19 00:00:00+00:00,61.0,78180.0,59.7,58.5,58.5,59.15,5550.0
2003-03-20 00:00:00+00:00,60.0,77326.0,61.5,59.9,60.0,60.7,10748.0
2003-03-21 00:00:00+00:00,59.0,77219.0,61.4,59.9,60.25,61.3,5970.0
2003-03-24 00:00:00+00:00,56.0,77296.0,60.75,59.8,60.5,59.85,5158.0
2003-03-25 00:00:00+00:00,55.0,78853.0,59.5,57.75,59.4,58.05,11279.0
2003-03-26 00:00:00+00:00,54.0,78454.0,58.9,57.4,57.75,57.95,6932.0
2003-03-27 00:00:00+00:00,53.0,78559.0,59.1,57.0,58.0,57.15,8113.0
2003-03-28 00:00:00+00:00,52.0,79607.0,58.7,57.3,58.1,58.25,9757.0
2003-03-31 00:00:00+00:00,49.0,79834.0,58.9,57.5,57.5,58.65,5085.0
2003-04-01 00:00:00+00:00,48.0,80382.0,59.25,58.1,58.9,58.3,7684.0
2003-04-02 00:00:00+00:00,47.0,80779.0,60.3,58.25,58.5,60.15,11388.0
2003-04-03 00:00:00+00:00,46.0,79604.0,62.2,59.9,60.1,61.4,18058.0
2003-04-04 00:00:00+00:00,45.0,79136.0,60.95,60.1,60.95,60.8,7236.0
2003-04-07 00:00:00+00:00,42.0,78403.0,62.5,61.1,61.3,62.25,11229.0
2003-04-08 00:00:00+00:00,41.0,78349.0,62.4,60.4,62.4,61.2,13643.0
2003-04-09 00:00:00+00:00,40.0,79582.0,61.6,60.4,61.2,60.8,13642.0
2003-04-10 00:00:00+00:00,39.0,80909.0,61.2,59.75,60.8,60.45,15218.0
2003-04-11 00:00:00+00:00,38.0,80860.0,60.9,60.0,60.8,60.45,12397.0
2003-04-14 00:00:00+00:00,35.0,81800.0,60.25,57.0,60.25,57.9,28382.0
2003-04-15 00:00:00+00:00,34.0,82088.0,59.2,58.25,58.5,59.2,20375.0
2003-04-16 00:00:00+00:00,33.0,79460.0,60.0,58.5,59.5,59.7,23608.0
2003-04-17 00:00:00+00:00,32.0,79017.0,62.9,58.85,59.4,62.45,34225.0
2003-04-18 00:00:00+00:00,32.0,79017.0,,,,62.45,
2003-04-21 00:00:00+00:00,28.0,78719.0,63.45,61.6,62.4,63.35,22870.0
2003-04-22 00:00:00+00:00,27.0,76496.0,64.95,62.5,63.5,64.8,17345.0
2003-04-23 00:00:00+00:00,26.0,74881.0,66.25,64.0,65.5,64.35,19070.0
2003-04-24 00:00:00+00:00,25.0,74173.0,65.7,64.0,64.8,64.05,12752.0
2003-04-25 00:00:00+00:00,24.0,73168.0,64.75,63.5,64.25,63.75,10028.0
2003-04-28 00:00:00+00:00,21.0,72600.0,64.0,63.0,63.75,63.05,6513.0
2003-04-29 00:00:00+00:00,20.0,73095.0,65.4,62.8,63.0,65.4,9524.0
2003-04-30 00:00:00+00:00,19.0,73527.0,68.0,65.4,66.0,68.25,19001.0
2003-05-01 00:00:00+00:00,81.0,73393.0,70.25,68.5,69.25,69.15,16641.0
2003-05-02 00:00:00+00:00,80.0,73975.0,69.5,67.4,69.5,67.85,10875.0
2003-05-05 00:00:00+00:00,77.0,73839.0,68.9,67.0,67.5,68.2,7824.0
2003-05-06 00:00:00+00:00,76.0,73652.0,69.8,67.3,68.0,69.5,11417.0
2003-05-07 00:00:00+00:00,75.0,73744.0,71.2,68.3,70.5,68.55,12795.0
2003-05-08 00:00:00+00:00,74.0,74500.0,69.4,67.7,68.8,68.75,9063.0
2003-05-09 00:00:00+00:00,73.0,73907.0,69.0,67.8,68.75,68.4,5592.0
2003-05-12 00:00:00+00:00,70.0,73621.0,69.4,66.5,68.0,68.45,9004.0
2003-05-13 00:00:00+00:00,69.0,73261.0,68.75,67.25,68.5,67.35,7643.0
2003-05-14 00:00:00+00:00,68.0,72341.0,67.9,65.25,67.25,65.45,13550.0
2003-05-15 00:00:00+00:00,67.0,71904.0,66.2,64.7,65.6,64.8,7780.0
2003-05-16 00:00:00+00:00,66.0,72478.0,66.4,64.6,64.6,65.45,7320.0
2003-05-19 00:00:00+00:00,63.0,71734.0,65.85,64.45,65.0,64.8,5947.0
2003-05-20 00:00:00+00:00,62.0,72610.0,67.75,64.8,65.0,67.15,12646.0
2003-05-21 00:00:00+00:00,61.0,72835.0,67.1,65.65,66.75,66.05,8769.0
2003-05-22 00:00:00+00:00,60.0,71755.0,67.5,65.6,65.75,66.35,8289.0
2003-05-23 00:00:00+00:00,59.0,71279.0,66.7,65.5,66.5,65.65,6606.0
2003-05-26 00:00:00+00:00,59.0,71279.0,,,,65.65,
2003-05-27 00:00:00+00:00,55.0,71460.0,64.5,60.9,64.5,61.15,31165.0
2003-05-28 00:00:00+00:00,54.0,70742.0,61.7,60.4,61.1,60.55,18639.0
2003-05-29 00:00:00+00:00,53.0,71588.0,61.5,59.1,60.2,59.3,19025.0
2003-05-30 00:00:00+00:00,52.0,72418.0,59.5,58.1,58.9,58.35,25260.0
2003-06-02 00:00:00+00:00,49.0,72728.0,60.4,58.5,58.5,60.0,11634.0
2003-06-03 00:00:00+00:00,48.0,72412.0,60.3,59.1,60.0,59.6,10259.0
2003-06-04 00:00:00+00:00,47.0,72880.0,60.6,58.75,59.0,59.3,10823.0
2003-06-05 00:00:00+00:00,46.0,73019.0,59.7,58.7,59.0,59.05,7891.0
2003-06-06 00:00:00+00:00,45.0,73602.0,60.1,58.7,59.0,59.4,7836.0
2003-06-09 00:00:00+00:00,42.0,74170.0,60.75,58.85,59.8,58.9,10506.0
2003-06-10 00:00:00+00:00,41.0,73459.0,60.4,58.55,58.75,60.3,14169.0
2003-06-11 00:00:00+00:00,40.0,73021.0,61.4,59.8,61.0,61.25,14048.0
2003-06-12 00:00:00+00:00,39.0,72575.0,61.75,60.2,60.5,61.35,12965.0
2003-06-13 00:00:00+00:00,38.0,72992.0,61.5,60.0,61.35,60.5,21735.0
2003-06-16 00:00:00+00:00,35.0,71943.0,61.0,60.1,60.9,60.1,12170.0
2003-06-17 00:00:00+00:00,34.0,71035.0,60.1,59.1,59.8,59.65,16519.0
2003-06-18 00:00:00+00:00,33.0,67979.0,60.25,58.35,59.5,58.5,24992.0
2003-06-19 00:00:00+00:00,32.0,69783.0,58.25,56.25,57.9,56.55,31918.0
2003-06-20 00:00:00+00:00,31.0,71357.0,56.9,55.8,56.0,56.05,15957.0
2003-06-23 00:00:00+00:00,28.0,71694.0,57.0,56.2,56.75,56.3,6663.0
2003-06-24 00:00:00+00:00,27.0,71555.0,57.35,56.5,56.5,57.45,7261.0
2003-06-25 00:00:00+00:00,26.0,72696.0,57.7,55.8,57.7,56.1,10100.0
2003-06-26 00:00:00+00:00,25.0,72203.0,58.0,56.15,56.25,58.0,9006.0
2003-06-27 00:00:00+00:00,24.0,71995.0,59.0,58.0,59.0,58.4,6618.0
2003-06-30 00:00:00+00:00,21.0,72151.0,59.7,58.4,58.4,58.9,7354.0
2003-07-01 00:00:00+00:00,79.0,72623.0,61.25,60.1,61.25,61.0,6099.0
2003-07-02 00:00:00+00:00,78.0,71089.0,63.8,61.0,63.8,63.7,17624.0
2003-07-03 00:00:00+00:00,77.0,71528.0,64.2,62.25,63.0,62.55,13605.0
2003-07-04 00:00:00+00:00,77.0,71528.0,,,,62.55,
2003-07-07 00:00:00+00:00,73.0,71454.0,62.7,61.0,61.5,62.05,8407.0
2003-07-08 00:00:00+00:00,72.0,71414.0,63.35,62.3,62.5,62.55,7872.0
2003-07-09 00:00:00+00:00,71.0,71129.0,63.7,62.3,62.75,63.4,5725.0
2003-07-10 00:00:00+00:00,70.0,70926.0,64.25,61.3,63.9,61.65,12674.0
2003-07-11 00:00:00+00:00,69.0,70877.0,62.55,61.3,61.8,61.9,6657.0
2003-07-14 00:00:00+00:00,66.0,69876.0,63.3,61.0,61.75,63.1,9071.0
2003-07-15 00:00:00+00:00,65.0,69974.0,63.8,62.0,63.5,62.7,7298.0
2003-07-16 00:00:00+00:00,64.0,70191.0,63.4,62.6,63.0,63.0,5867.0
2003-07-17 00:00:00+00:00,63.0,69594.0,64.15,62.5,63.0,63.55,10250.0
2003-07-18 00:00:00+00:00,62.0,69251.0,64.0,62.8,64.0,63.2,6298.0
2003-07-21 00:00:00+00:00,59.0,71138.0,63.0,59.7,63.0,60.25,16057.0
2003-07-22 00:00:00+00:00,58.0,72983.0,60.7,59.3,60.3,59.5,14585.0
2003-07-23 00:00:00+00:00,57.0,74499.0,60.0,58.9,59.5,59.4,11214.0
2003-07-24 00:00:00+00:00,56.0,75300.0,59.65,59.0,59.4,59.0,6951.0
2003-07-25 00:00:00+00:00,55.0,76290.0,61.0,58.8,59.0,60.85,10125.0
2003-07-28 00:00:00+00:00,52.0,76651.0,61.5,60.45,61.0,61.35,8837.0
2003-07-29 00:00:00+00:00,51.0,74029.0,63.7,61.55,61.75,62.95,21119.0
2003-07-30 00:00:00+00:00,50.0,72922.0,63.6,62.5,62.5,62.75,11989.0
2003-07-31 00:00:00+00:00,49.0,72686.0,64.1,62.0,62.5,63.45,18885.0
2003-08-01 00:00:00+00:00,48.0,72931.0,65.7,64.0,64.0,65.05,22216.0
2003-08-04 00:00:00+00:00,45.0,70749.0,66.75,64.4,66.5,65.0,15434.0
2003-08-05 00:00:00+00:00,44.0,70123.0,65.0,63.1,64.9,63.25,9694.0
2003-08-06 00:00:00+00:00,43.0,70447.0,64.0,63.05,63.6,63.9,8739.0
2003-08-07 00:00:00+00:00,42.0,70526.0,64.65,62.8,64.5,64.45,13279.0
2003-08-08 00:00:00+00:00,41.0,68393.0,64.85,63.5,64.5,63.7,10654.0
2003-08-11 00:00:00+00:00,38.0,67448.0,63.4,60.3,63.0,61.1,25710.0
2003-08-12 00:00:00+00:00,37.0,65849.0,61.7,60.35,61.0,60.45,18605.0
2003-08-13 00:00:00+00:00,36.0,66627.0,62.2,59.8,60.0,61.75,21767.0
2003-08-14 00:00:00+00:00,35.0,69481.0,61.6,60.3,61.0,60.45,18859.0
2003-08-15 00:00:00+00:00,34.0,68364.0,61.2,60.0,60.4,60.1,5871.0
2003-08-18 00:00:00+00:00,31.0,68079.0,60.0,59.4,59.8,59.45,17095.0
2003-08-19 00:00:00+00:00,30.0,68794.0,60.0,59.1,59.4,59.2,22626.0
2003-08-20 00:00:00+00:00,29.0,66942.0,59.9,59.0,59.0,59.1,22938.0
2003-08-21 00:00:00+00:00,28.0,66976.0,61.75,59.5,59.5,61.1,10418.0
2003-08-22 00:00:00+00:00,27.0,66442.0,61.75,60.1,61.75,60.3,6790.0
2003-08-25 00:00:00+00:00,24.0,66082.0,61.1,60.15,60.5,60.7,3149.0
2003-08-26 00:00:00+00:00,23.0,66716.0,61.0,60.3,61.0,60.3,4948.0
2003-08-27 00:00:00+00:00,22.0,67086.0,60.5,60.1,60.5,60.1,5370.0
2003-08-28 00:00:00+00:00,21.0,66855.0,61.5,60.25,60.3,60.9,5705.0
2003-08-29 00:00:00+00:00,20.0,68539.0,61.5,60.4,61.25,61.45,8879.0
2003-09-01 00:00:00+00:00,20.0,68539.0,,,,61.45,
2003-09-02 00:00:00+00:00,106.0,69684.0,64.05,62.7,63.85,63.7,10035.0
2003-09-03 00:00:00+00:00,105.0,69432.0,64.0,63.2,63.7,63.35,5696.0
2003-09-04 00:00:00+00:00,104.0,69122.0,65.0,63.4,63.6,64.95,12843.0
2003-09-05 00:00:00+00:00,103.0,68204.0,66.4,65.3,65.4,66.35,15907.0
2003-09-08 00:00:00+00:00,100.0,71304.0,70.5,66.8,67.0,70.35,41419.0
2003-09-09 00:00:00+00:00,99.0,76236.0,72.25,68.7,70.0,70.85,35003.0
2003-09-10 00:00:00+00:00,98.0,75339.0,71.65,69.5,70.3,70.75,21079.0
2003-09-11 00:00:00+00:00,97.0,79620.0,72.8,70.3,71.0,72.05,18309.0
2003-09-12 00:00:00+00:00,96.0,81629.0,72.8,69.3,72.8,70.15,17909.0
2003-09-15 00:00:00+00:00,93.0,77659.0,69.2,65.6,69.0,65.75,22410.0
2003-09-16 00:00:00+00:00,92.0,74304.0,66.4,62.3,65.5,62.6,35993.0
2003-09-17 00:00:00+00:00,91.0,72945.0,63.9,62.0,62.0,63.7,15722.0
2003-09-18 00:00:00+00:00,90.0,72642.0,64.25,62.35,63.35,62.6,12285.0
2003-09-19 00:00:00+00:00,89.0,72784.0,63.25,62.5,62.8,63.0,6516.0
2003-09-22 00:00:00+00:00,86.0,73879.0,64.85,63.0,63.0,64.75,10115.0
2003-09-23 00:00:00+00:00,85.0,73345.0,65.8,64.0,64.25,64.2,11266.0
2003-09-24 00:00:00+00:00,84.0,74196.0,65.9,63.8,64.0,65.35,9980.0
2003-09-25 00:00:00+00:00,83.0,74376.0,66.25,64.75,65.2,65.05,8204.0
2003-09-26 00:00:00+00:00,82.0,74553.0,64.5,63.0,64.5,63.35,7007.0
2003-09-29 00:00:00+00:00,79.0,74528.0,64.25,63.2,63.25,63.4,5199.0
2003-09-30 00:00:00+00:00,78.0,74222.0,64.1,62.8,63.5,62.9,9571.0
2003-10-01 00:00:00+00:00,77.0,74384.0,65.9,63.4,63.5,65.15,13023.0
2003-10-02 00:00:00+00:00,76.0,73631.0,66.9,63.3,66.1,64.5,16068.0
2003-10-03 00:00:00+00:00,75.0,74199.0,65.9,64.55,65.2,65.1,7600.0
2003-10-06 00:00:00+00:00,72.0,74939.0,63.75,62.8,63.0,63.2,9161.0
2003-10-07 00:00:00+00:00,71.0,74876.0,63.7,63.0,63.3,63.3,6381.0
2003-10-08 00:00:00+00:00,70.0,75756.0,63.6,62.3,63.55,62.65,12362.0
2003-10-09 00:00:00+00:00,69.0,76339.0,62.5,61.2,62.0,62.2,17819.0
2003-10-10 00:00:00+00:00,68.0,77522.0,62.45,61.1,62.3,61.2,14032.0
2003-10-13 00:00:00+00:00,65.0,78181.0,60.9,60.3,60.5,60.55,13508.0
2003-10-14 00:00:00+00:00,64.0,79112.0,61.75,60.35,60.75,61.45,10235.0
2003-10-15 00:00:00+00:00,63.0,78873.0,62.2,60.8,61.65,61.05,12427.0
2003-10-16 00:00:00+00:00,62.0,79505.0,61.6,60.6,60.95,61.4,8922.0
2003-10-17 00:00:00+00:00,61.0,80475.0,61.4,60.35,61.15,60.5,10931.0
2003-10-20 00:00:00+00:00,58.0,80603.0,61.95,60.5,60.5,61.6,9594.0
2003-10-21 00:00:00+00:00,57.0,81142.0,62.9,61.15,61.7,62.45,11370.0
2003-10-22 00:00:00+00:00,56.0,81713.0,63.2,61.75,62.2,61.85,11560.0
2003-10-23 00:00:00+00:00,55.0,82450.0,63.1,61.6,62.0,62.5,12008.0
2003-10-24 00:00:00+00:00,54.0,83009.0,63.5,62.5,62.75,63.1,9927.0
2003-10-27 00:00:00+00:00,51.0,82050.0,64.85,63.0,63.5,64.55,15127.0
2003-10-28 00:00:00+00:00,50.0,81547.0,65.5,64.55,65.5,64.55,17207.0
2003-10-29 00:00:00+00:00,49.0,80689.0,64.2,60.6,64.0,61.3,24163.0
2003-10-30 00:00:00+00:00,48.0,82085.0,61.75,59.6,61.3,59.7,21472.0
2003-10-31 00:00:00+00:00,47.0,84799.0,60.25,58.6,59.7,58.65,25033.0
2003-11-03 00:00:00+00:00,44.0,85592.0,59.4,58.6,58.75,58.65,15790.0
2003-11-04 00:00:00+00:00,43.0,86024.0,60.15,58.65,58.75,59.75,12341.0
2003-11-05 00:00:00+00:00,42.0,86177.0,60.2,59.25,59.75,59.45,10043.0
2003-11-06 00:00:00+00:00,41.0,84714.0,60.45,59.0,59.4,59.7,13073.0
2003-11-07 00:00:00+00:00,40.0,85548.0,60.4,59.3,59.3,60.35,18456.0
2003-11-10 00:00:00+00:00,37.0,84829.0,60.8,58.7,60.6,59.1,21304.0
2003-11-11 00:00:00+00:00,36.0,83286.0,59.9,58.8,59.0,59.3,18977.0
2003-11-12 00:00:00+00:00,35.0,82802.0,60.0,58.9,59.75,59.0,27060.0
2003-11-13 00:00:00+00:00,34.0,79083.0,60.4,58.25,59.0,60.15,33749.0
2003-11-14 00:00:00+00:00,33.0,77851.0,61.2,59.3,60.5,59.5,34036.0
2003-11-17 00:00:00+00:00,30.0,75184.0,60.0,58.9,59.75,59.25,31811.0
2003-11-18 00:00:00+00:00,29.0,74596.0,59.9,59.0,59.25,59.6,9489.0
2003-11-19 00:00:00+00:00,28.0,74645.0,60.3,59.3,59.5,59.6,6880.0
2003-11-20 00:00:00+00:00,27.0,77702.0,59.7,57.5,59.6,57.65,18390.0
2003-11-21 00:00:00+00:00,26.0,80634.0,58.0,56.4,58.0,56.65,18949.0
2003-11-24 00:00:00+00:00,23.0,80949.0,57.35,56.65,56.75,57.25,8425.0
2003-11-25 00:00:00+00:00,22.0,81487.0,58.25,57.45,58.0,57.5,7682.0
2003-11-26 00:00:00+00:00,21.0,81448.0,58.0,57.6,58.0,57.75,7727.0
2003-11-27 00:00:00+00:00,21.0,81448.0,,,,57.75,
2003-11-28 00:00:00+00:00,21.0,81448.0,,,,57.75,
2003-12-01 00:00:00+00:00,109.0,81786.0,62.5,60.0,60.55,62.4,15557.0
2003-12-02 00:00:00+00:00,108.0,78440.0,65.5,63.4,64.0,64.9,21712.0
2003-12-03 00:00:00+00:00,107.0,76617.0,65.7,64.4,64.6,65.25,15363.0
2003-12-04 00:00:00+00:00,106.0,76717.0,64.9,62.4,64.7,63.7,15276.0
2003-12-05 00:00:00+00:00,105.0,76752.0,64.75,63.7,63.9,64.65,6974.0
2003-12-08 00:00:00+00:00,102.0,75193.0,67.5,65.6,65.75,66.45,23376.0
2003-12-09 00:00:00+00:00,101.0,74039.0,66.5,65.2,66.5,66.15,10850.0
2003-12-10 00:00:00+00:00,100.0,73971.0,66.7,65.25,66.7,65.5,6217.0
2003-12-11 00:00:00+00:00,99.0,74087.0,66.0,64.0,66.0,64.6,9258.0
2003-12-12 00:00:00+00:00,98.0,75037.0,65.9,63.7,64.0,65.5,9618.0
2003-12-15 00:00:00+00:00,95.0,76119.0,64.75,62.0,64.75,62.2,19175.0
2003-12-16 00:00:00+00:00,94.0,76875.0,63.2,62.1,62.6,62.5,11189.0
2003-12-17 00:00:00+00:00,93.0,77108.0,64.5,62.7,62.8,63.65,11391.0
2003-12-18 00:00:00+00:00,92.0,76963.0,64.1,62.6,63.6,63.15,8207.0
2003-12-19 00:00:00+00:00,91.0,76980.0,64.35,62.5,63.0,64.3,9145.0
2003-12-22 00:00:00+00:00,88.0,77224.0,64.7,63.75,64.3,64.1,5125.0
2003-12-23 00:00:00+00:00,87.0,77073.0,64.45,63.25,63.75,63.85,4604.0
2003-12-24 00:00:00+00:00,86.0,76813.0,64.15,63.1,63.75,63.25,2803.0
2003-12-25 00:00:00+00:00,86.0,76813.0,,,,63.25,
2003-12-26 00:00:00+00:00,86.0,76813.0,,,,63.25,
2003-12-29 00:00:00+00:00,81.0,77216.0,64.0,62.75,63.25,63.95,3696.0
2003-12-30 00:00:00+00:00,80.0,77553.0,64.5,63.6,64.0,63.65,4258.0
2003-12-31 00:00:00+00:00,79.0,77513.0,65.0,63.05,63.6,64.95,5801.0
2004-01-01 00:00:00+00:00,79.0,77513.0,,,,64.95,
2004-01-02 00:00:00+00:00,79.0,77513.0,,,,64.95,
2004-01-05 00:00:00+00:00,74.0,79634.0,68.8,64.0,64.75,68.6,28396.0
2004-01-06 00:00:00+00:00,73.0,79148.0,70.5,68.0,68.0,70.05,33023.0
2004-01-07 00:00:00+00:00,72.0,78803.0,70.25,68.6,69.25,68.85,18678.0
2004-01-08 00:00:00+00:00,71.0,79756.0,69.95,67.5,68.85,68.35,17981.0
2004-01-09 00:00:00+00:00,70.0,82475.0,69.9,68.0,69.25,68.8,12202.0
2004-01-12 00:00:00+00:00,67.0,85328.0,72.0,70.15,71.0,70.8,18275.0
2004-01-13 00:00:00+00:00,66.0,85777.0,71.5,69.05,70.8,69.95,16588.0
2004-01-14 00:00:00+00:00,65.0,84883.0,69.95,68.4,69.75,69.35,12739.0
2004-01-15 00:00:00+00:00,64.0,84366.0,69.7,68.0,69.7,69.55,11115.0
2004-01-16 00:00:00+00:00,63.0,86312.0,71.45,69.6,69.7,71.15,12830.0
2004-01-19 00:00:00+00:00,63.0,86312.0,,,,71.15,
2004-01-20 00:00:00+00:00,59.0,93318.0,74.8,70.9,71.45,74.7,32960.0
2004-01-21 00:00:00+00:00,58.0,96888.0,75.9,73.4,74.0,73.95,31126.0
2004-01-22 00:00:00+00:00,57.0,100077.0,75.5,72.8,73.45,75.3,19115.0
2004-01-23 00:00:00+00:00,56.0,100904.0,75.4,73.8,74.5,74.45,13096.0
2004-01-26 00:00:00+00:00,53.0,105094.0,78.7,75.75,76.5,77.35,26388.0
2004-01-27 00:00:00+00:00,52.0,107004.0,79.2,75.9,76.5,78.65,19886.0
2004-01-28 00:00:00+00:00,51.0,107986.0,78.55,76.25,78.0,76.75,19492.0
2004-01-29 00:00:00+00:00,50.0,108434.0,75.75,74.6,75.5,75.2,14112.0
2004-01-30 00:00:00+00:00,49.0,109188.0,75.9,72.1,75.25,75.5,31862.0
2004-02-02 00:00:00+00:00,46.0,108613.0,75.15,73.0,74.5,74.95,16248.0
2004-02-03 00:00:00+00:00,45.0,109783.0,76.8,74.5,75.0,74.65,15761.0
2004-02-04 00:00:00+00:00,44.0,107766.0,74.0,71.6,74.0,72.6,32220.0
2004-02-05 00:00:00+00:00,43.0,106097.0,72.95,70.75,72.2,72.6,20002.0
2004-02-06 00:00:00+00:00,42.0,107539.0,73.5,71.7,72.5,71.8,18191.0
2004-02-09 00:00:00+00:00,39.0,106923.0,72.5,70.85,71.5,71.5,19634.0
2004-02-10 00:00:00+00:00,38.0,108141.0,74.25,72.0,72.0,74.15,23008.0
2004-02-11 00:00:00+00:00,37.0,108918.0,74.6,73.1,74.3,74.35,27429.0
2004-02-12 00:00:00+00:00,36.0,112750.0,75.9,73.5,74.0,75.15,34114.0
2004-02-13 00:00:00+00:00,35.0,112349.0,76.45,73.9,76.0,74.0,19956.0
2004-02-16 00:00:00+00:00,35.0,112349.0,,,,74.0,
2004-02-17 00:00:00+00:00,31.0,110426.0,74.9,73.2,74.0,74.3,32500.0
2004-02-18 00:00:00+00:00,30.0,103703.0,73.6,70.0,73.5,70.35,39533.0
2004-02-19 00:00:00+00:00,29.0,99651.0,71.1,69.5,70.35,70.65,16859.0
2004-02-20 00:00:00+00:00,28.0,96406.0,71.2,69.8,70.5,70.3,12051.0
2004-02-23 00:00:00+00:00,25.0,93244.0,70.1,69.0,70.1,69.75,18731.0
2004-02-24 00:00:00+00:00,24.0,95151.0,73.1,69.8,69.8,73.1,16015.0
2004-02-25 00:00:00+00:00,23.0,94621.0,73.25,72.4,73.0,72.45,8450.0
2004-02-26 00:00:00+00:00,22.0,96503.0,75.85,71.9,72.35,74.6,17983.0
2004-02-27 00:00:00+00:00,21.0,96775.0,75.25,74.5,75.25,75.05,8971.0
2004-03-01 00:00:00+00:00,78.0,97366.0,77.25,75.3,77.15,76.0,11018.0
2004-03-02 00:00:00+00:00,77.0,97874.0,76.9,75.25,75.5,75.3,10099.0
2004-03-03 00:00:00+00:00,76.0,96675.0,74.5,72.6,74.5,73.45,16290.0
2004-03-04 00:00:00+00:00,75.0,96235.0,74.8,72.75,73.0,74.55,10453.0
2004-03-05 00:00:00+00:00,74.0,97456.0,75.2,73.6,74.55,74.95,10267.0
2004-03-08 00:00:00+00:00,71.0,98117.0,75.75,74.4,74.6,75.2,9476.0
2004-03-09 00:00:00+00:00,70.0,97845.0,75.8,72.9,75.5,73.7,11486.0
2004-03-10 00:00:00+00:00,69.0,97771.0,74.7,73.0,73.75,74.65,7735.0
2004-03-11 00:00:00+00:00,68.0,99425.0,76.6,73.85,74.7,76.45,11523.0
2004-03-12 00:00:00+00:00,67.0,101133.0,77.25,75.45,76.5,76.05,11234.0
2004-03-15 00:00:00+00:00,64.0,103641.0,77.8,75.2,76.05,77.45,12706.0
2004-03-16 00:00:00+00:00,63.0,107979.0,79.5,76.3,77.0,77.9,23423.0
2004-03-17 00:00:00+00:00,62.0,109337.0,78.5,76.6,77.8,76.8,12910.0
2004-03-18 00:00:00+00:00,61.0,107865.0,76.7,74.5,76.5,76.2,14473.0
2004-03-19 00:00:00+00:00,60.0,107835.0,77.75,75.35,75.9,76.8,9961.0
2004-03-22 00:00:00+00:00,57.0,108030.0,78.1,76.3,77.3,77.35,9681.0
2004-03-23 00:00:00+00:00,56.0,108352.0,77.6,75.8,77.5,76.4,10445.0
2004-03-24 00:00:00+00:00,55.0,107964.0,76.25,74.85,76.0,75.05,9915.0
2004-03-25 00:00:00+00:00,54.0,103018.0,73.5,71.2,73.0,71.25,33397.0
2004-03-26 00:00:00+00:00,53.0,102245.0,72.1,70.85,71.0,71.95,21406.0
2004-03-29 00:00:00+00:00,50.0,101542.0,73.05,71.75,71.95,72.4,9388.0
2004-03-30 00:00:00+00:00,49.0,102117.0,73.4,71.9,72.4,73.3,10809.0
2004-03-31 00:00:00+00:00,48.0,102648.0,74.15,73.3,73.7,73.75,12885.0
2004-04-01 00:00:00+00:00,47.0,103338.0,74.4,73.25,74.1,74.1,20759.0
2004-04-02 00:00:00+00:00,46.0,103175.0,74.2,72.6,73.8,73.4,11261.0
2004-04-05 00:00:00+00:00,43.0,103645.0,73.2,71.9,73.0,71.95,23737.0
2004-04-06 00:00:00+00:00,42.0,103619.0,73.0,71.6,71.7,72.8,11737.0
2004-04-07 00:00:00+00:00,41.0,103819.0,73.8,72.4,72.8,73.25,17926.0
2004-04-08 00:00:00+00:00,40.0,101181.0,74.0,72.5,73.2,72.55,15416.0
2004-04-09 00:00:00+00:00,40.0,101181.0,,,,72.55,
2004-04-12 00:00:00+00:00,36.0,100729.0,73.0,71.75,72.55,72.05,18694.0
2004-04-13 00:00:00+00:00,35.0,99967.0,71.9,69.05,71.9,69.35,41578.0
2004-04-14 00:00:00+00:00,34.0,98737.0,70.8,69.2,69.2,70.5,25915.0
2004-04-15 00:00:00+00:00,33.0,100589.0,70.85,70.1,70.5,70.4,17923.0
2004-04-16 00:00:00+00:00,32.0,99258.0,70.5,69.3,70.3,70.05,19162.0
2004-04-19 00:00:00+00:00,29.0,99005.0,70.4,69.75,70.0,70.4,20475.0
2004-04-20 00:00:00+00:00,28.0,97960.0,71.7,69.5,70.25,69.65,28825.0
2004-04-21 00:00:00+00:00,27.0,94933.0,69.75,67.1,69.55,67.35,40086.0
2004-04-22 00:00:00+00:00,26.0,93331.0,68.4,66.8,67.5,67.7,15590.0
2004-04-23 00:00:00+00:00,25.0,93463.0,68.25,67.7,68.0,67.95,7084.0
2004-04-26 00:00:00+00:00,22.0,93420.0,68.4,67.9,68.0,68.05,5606.0
2004-04-27 00:00:00+00:00,21.0,92635.0,69.5,67.3,67.95,69.2,17873.0
2004-04-28 00:00:00+00:00,20.0,93446.0,69.9,68.3,69.25,69.0,9453.0
2004-04-29 00:00:00+00:00,19.0,93977.0,69.5,68.1,69.25,68.05,10096.0
2004-04-30 00:00:00+00:00,18.0,96811.0,68.5,66.9,68.5,67.15,16355.0
2004-05-03 00:00:00+00:00,78.0,96911.0,70.0,69.15,69.4,69.75,6005.0
2004-05-04 00:00:00+00:00,77.0,96486.0,72.5,69.8,69.9,72.2,16895.0
2004-05-05 00:00:00+00:00,76.0,96573.0,72.7,71.65,72.1,72.2,9765.0
2004-05-06 00:00:00+00:00,75.0,97250.0,72.6,70.7,72.2,71.15,10958.0
2004-05-07 00:00:00+00:00,74.0,98538.0,70.85,69.3,70.7,70.1,11721.0
2004-05-10 00:00:00+00:00,71.0,98199.0,72.1,69.2,69.75,71.95,12295.0
2004-05-11 00:00:00+00:00,70.0,96949.0,73.0,71.5,72.0,72.4,12750.0
2004-05-12 00:00:00+00:00,69.0,95591.0,73.25,70.7,72.5,71.45,11540.0
2004-05-13 00:00:00+00:00,68.0,95480.0,72.25,71.0,71.5,72.0,6862.0
2004-05-14 00:00:00+00:00,67.0,95607.0,72.6,71.55,72.0,72.1,5936.0
2004-05-17 00:00:00+00:00,64.0,96613.0,72.0,69.4,72.0,69.55,14503.0
2004-05-18 00:00:00+00:00,63.0,95356.0,72.2,69.7,69.8,72.0,13254.0
2004-05-19 00:00:00+00:00,62.0,94105.0,73.75,71.0,71.75,72.95,15392.0
2004-05-20 00:00:00+00:00,61.0,93210.0,73.3,71.0,72.6,71.5,10416.0
2004-05-21 00:00:00+00:00,60.0,93449.0,72.8,71.15,72.0,72.35,6624.0
2004-05-24 00:00:00+00:00,57.0,93847.0,76.8,72.2,72.5,76.65,26722.0
2004-05-25 00:00:00+00:00,56.0,92547.0,78.0,76.25,76.5,77.8,25030.0
2004-05-26 00:00:00+00:00,55.0,98474.0,82.15,78.3,79.0,80.15,39351.0
2004-05-27 00:00:00+00:00,54.0,100930.0,80.0,78.7,80.0,79.95,22591.0
2004-05-28 00:00:00+00:00,53.0,108638.0,86.5,82.5,82.5,85.55,46217.0
2004-05-31 00:00:00+00:00,53.0,108638.0,,,,85.55,
2004-06-01 00:00:00+00:00,49.0,112457.0,85.8,81.7,85.7,82.9,31162.0
2004-06-02 00:00:00+00:00,48.0,115311.0,86.15,82.3,84.0,83.9,26936.0
2004-06-03 00:00:00+00:00,47.0,116648.0,85.0,82.0,84.6,83.1,20196.0
2004-06-04 00:00:00+00:00,46.0,117130.0,84.1,82.6,84.0,83.0,18352.0
2004-06-07 00:00:00+00:00,43.0,114554.0,82.75,80.8,82.75,81.05,19070.0
2004-06-08 00:00:00+00:00,42.0,114567.0,82.1,80.8,80.9,81.6,22929.0
2004-06-09 00:00:00+00:00,41.0,114231.0,83.3,80.65,81.6,83.0,26798.0
2004-06-10 00:00:00+00:00,40.0,110652.0,85.0,82.5,84.0,83.25,27031.0
2004-06-11 00:00:00+00:00,40.0,110652.0,,,,83.25,
2004-06-14 00:00:00+00:00,36.0,109514.0,83.0,79.8,83.0,79.95,39575.0
2004-06-15 00:00:00+00:00,35.0,103388.0,79.6,77.5,79.3,78.2,34884.0
2004-06-16 00:00:00+00:00,34.0,102490.0,79.0,77.3,78.0,78.15,24619.0
2004-06-17 00:00:00+00:00,33.0,101240.0,78.4,75.55,77.5,75.95,27146.0
2004-06-18 00:00:00+00:00,32.0,99702.0,76.95,75.65,76.95,75.7,26974.0
2004-06-21 00:00:00+00:00,29.0,93460.0,75.75,72.85,75.5,73.6,33715.0
2004-06-22 00:00:00+00:00,28.0,91710.0,74.7,73.55,73.9,74.1,15146.0
2004-06-23 00:00:00+00:00,27.0,90518.0,75.6,74.0,75.4,74.45,10582.0
2004-06-24 00:00:00+00:00,26.0,89705.0,74.6,73.6,74.6,74.05,7499.0
2004-06-25 00:00:00+00:00,25.0,87873.0,74.75,71.5,74.25,71.6,18624.0
2004-06-28 00:00:00+00:00,22.0,87306.0,72.0,70.5,72.0,72.55,14231.0
2004-06-29 00:00:00+00:00,21.0,87157.0,73.0,72.0,73.0,71.75,9136.0
2004-06-30 00:00:00+00:00,20.0,88174.0,72.5,71.3,72.0,73.1,13282.0
2004-07-01 00:00:00+00:00,81.0,87807.0,75.25,73.95,75.0,74.9,7766.0
2004-07-02 00:00:00+00:00,80.0,91300.0,74.75,72.0,74.5,72.25,14814.0
2004-07-05 00:00:00+00:00,80.0,91300.0,,,,72.25,
2004-07-06 00:00:00+00:00,76.0,88907.0,71.5,70.4,71.1,70.8,17432.0
2004-07-07 00:00:00+00:00,75.0,88164.0,71.7,71.1,71.1,71.55,8542.0
2004-07-08 00:00:00+00:00,74.0,89490.0,72.25,69.9,71.75,70.0,18437.0
2004-07-09 00:00:00+00:00,73.0,88871.0,71.3,70.25,70.3,70.95,8022.0
2004-07-12 00:00:00+00:00,70.0,89246.0,71.25,70.25,70.75,70.65,5148.0
2004-07-13 00:00:00+00:00,69.0,88745.0,72.1,70.2,70.5,70.55,12653.0
2004-07-14 00:00:00+00:00,68.0,88137.0,71.9,70.5,70.5,71.55,7538.0
2004-07-15 00:00:00+00:00,67.0,88778.0,72.45,71.1,71.75,72.1,9091.0
2004-07-16 00:00:00+00:00,66.0,89175.0,71.9,70.6,71.5,71.65,7427.0
2004-07-19 00:00:00+00:00,63.0,90469.0,72.2,70.95,71.25,71.95,8601.0
2004-07-20 00:00:00+00:00,62.0,90182.0,73.85,72.0,72.15,73.55,14324.0
2004-07-21 00:00:00+00:00,61.0,90473.0,74.3,70.5,73.5,71.35,18118.0
2004-07-22 00:00:00+00:00,60.0,89795.0,71.85,70.8,70.9,71.7,8692.0
2004-07-23 00:00:00+00:00,59.0,89634.0,72.0,69.5,71.5,69.85,11029.0
2004-07-26 00:00:00+00:00,56.0,89818.0,69.8,68.3,69.6,68.65,14281.0
2004-07-27 00:00:00+00:00,55.0,89390.0,68.4,67.8,68.4,67.95,10300.0
2004-07-28 00:00:00+00:00,54.0,88917.0,68.9,67.9,68.1,67.95,13776.0
2004-07-29 00:00:00+00:00,53.0,89439.0,68.4,67.5,68.25,67.65,10708.0
2004-07-30 00:00:00+00:00,52.0,91626.0,67.75,66.2,67.5,66.45,20729.0
2004-08-02 00:00:00+00:00,49.0,93179.0,66.6,65.7,66.3,66.45,15469.0
2004-08-03 00:00:00+00:00,48.0,92676.0,67.4,66.5,66.6,66.8,12548.0
2004-08-04 00:00:00+00:00,47.0,94257.0,66.9,66.0,66.0,66.3,11399.0
2004-08-05 00:00:00+00:00,46.0,94472.0,66.2,65.0,65.0,65.9,12382.0
2004-08-06 00:00:00+00:00,45.0,94378.0,67.7,65.75,65.75,67.05,19292.0
2004-08-09 00:00:00+00:00,42.0,94353.0,67.8,66.55,67.5,67.35,21351.0
2004-08-10 00:00:00+00:00,41.0,94054.0,67.25,66.4,67.25,67.05,14676.0
2004-08-11 00:00:00+00:00,40.0,93594.0,67.75,67.0,67.25,67.1,27130.0
2004-08-12 00:00:00+00:00,39.0,94704.0,67.3,65.1,67.0,65.55,32301.0
2004-08-13 00:00:00+00:00,38.0,92328.0,65.9,65.1,65.7,65.6,19035.0
2004-08-16 00:00:00+00:00,35.0,90000.0,69.75,64.8,65.5,68.9,29968.0
2004-08-17 00:00:00+00:00,34.0,89976.0,70.0,68.3,68.9,69.2,18192.0
2004-08-18 00:00:00+00:00,33.0,85769.0,69.1,66.5,68.5,66.6,29046.0
2004-08-19 00:00:00+00:00,32.0,84035.0,67.5,66.3,66.65,67.1,17633.0
2004-08-20 00:00:00+00:00,31.0,83233.0,67.2,66.15,66.75,66.55,23203.0
2004-08-23 00:00:00+00:00,28.0,80665.0,70.0,67.25,67.25,69.85,15744.0
2004-08-24 00:00:00+00:00,27.0,80485.0,70.2,68.0,70.0,69.45,9876.0
2004-08-25 00:00:00+00:00,26.0,80874.0,69.9,68.9,69.9,69.8,6915.0
2004-08-26 00:00:00+00:00,25.0,80910.0,71.0,69.5,69.5,70.65,9801.0
2004-08-27 00:00:00+00:00,24.0,80548.0,70.9,69.5,70.9,70.0,5868.0
2004-08-30 00:00:00+00:00,21.0,80886.0,70.0,68.1,69.6,68.65,8057.0
2004-08-31 00:00:00+00:00,20.0,81082.0,69.4,68.5,69.0,69.3,6285.0
2004-09-01 00:00:00+00:00,110.0,80466.0,74.65,72.35,72.4,73.95,11159.0
2004-09-02 00:00:00+00:00,109.0,80288.0,75.1,73.4,73.95,74.25,8298.0
2004-09-03 00:00:00+00:00,108.0,80285.0,75.05,71.5,75.0,72.2,10290.0
2004-09-06 00:00:00+00:00,108.0,80285.0,,,,72.2,
2004-09-07 00:00:00+00:00,104.0,80812.0,72.65,70.45,72.2,70.85,11389.0
2004-09-08 00:00:00+00:00,103.0,80710.0,71.6,70.55,71.0,71.25,6223.0
2004-09-09 00:00:00+00:00,102.0,80625.0,74.2,71.5,71.6,74.0,13357.0
2004-09-10 00:00:00+00:00,101.0,80808.0,74.6,73.4,74.0,74.2,9477.0
2004-09-13 00:00:00+00:00,98.0,80821.0,77.6,73.75,74.0,77.35,22012.0
2004-09-14 00:00:00+00:00,97.0,82325.0,78.3,76.4,78.0,77.8,18891.0
2004-09-15 00:00:00+00:00,96.0,82166.0,77.7,76.7,77.25,77.05,11885.0
2004-09-16 00:00:00+00:00,95.0,82333.0,79.5,75.6,76.25,78.45,21905.0
2004-09-17 00:00:00+00:00,94.0,81884.0,80.15,78.3,79.5,78.75,14791.0
2004-09-20 00:00:00+00:00,91.0,82343.0,79.8,76.7,78.55,79.7,13743.0
2004-09-21 00:00:00+00:00,90.0,81731.0,82.4,80.85,81.25,81.65,18819.0
2004-09-22 00:00:00+00:00,89.0,83415.0,84.0,81.15,81.75,83.55,20043.0
2004-09-23 00:00:00+00:00,88.0,84428.0,84.8,80.5,84.0,81.05,21591.0
2004-09-24 00:00:00+00:00,87.0,85568.0,83.8,81.8,82.5,83.0,11773.0
2004-09-27 00:00:00+00:00,84.0,87681.0,86.4,83.3,84.25,86.0,15382.0
2004-09-28 00:00:00+00:00,83.0,87632.0,84.5,80.85,84.5,81.1,17194.0
2004-09-29 00:00:00+00:00,82.0,87859.0,82.7,80.5,81.0,82.4,10093.0
2004-09-30 00:00:00+00:00,81.0,88838.0,83.25,80.1,81.5,82.35,16856.0
2004-10-01 00:00:00+00:00,80.0,87422.0,81.3,79.35,81.3,80.15,12611.0
2004-10-04 00:00:00+00:00,77.0,83903.0,79.0,75.65,79.0,76.2,17709.0
2004-10-05 00:00:00+00:00,76.0,81983.0,78.5,76.1,77.0,78.15,13666.0
2004-10-06 00:00:00+00:00,75.0,80919.0,78.8,77.05,78.0,77.65,8022.0
2004-10-07 00:00:00+00:00,74.0,81302.0,78.25,75.8,77.25,78.15,10695.0
2004-10-08 00:00:00+00:00,73.0,81906.0,78.6,77.05,78.5,77.2,7947.0
2004-10-11 00:00:00+00:00,70.0,80281.0,76.2,74.6,75.5,75.85,12608.0
2004-10-12 00:00:00+00:00,69.0,79132.0,76.55,74.5,76.0,74.5,17054.0
2004-10-13 00:00:00+00:00,68.0,77215.0,74.2,72.75,73.5,73.8,13398.0
2004-10-14 00:00:00+00:00,67.0,76999.0,74.4,72.9,74.2,73.25,9416.0
2004-10-15 00:00:00+00:00,66.0,76984.0,74.9,72.85,73.5,74.65,7941.0
2004-10-18 00:00:00+00:00,63.0,77115.0,74.5,73.4,74.5,73.85,6728.0
2004-10-19 00:00:00+00:00,62.0,77479.0,73.7,72.85,73.7,72.95,7562.0
2004-10-20 00:00:00+00:00,61.0,77346.0,75.75,71.9,72.6,74.65,20629.0
2004-10-21 00:00:00+00:00,60.0,77995.0,76.05,74.4,74.6,75.55,19950.0
2004-10-22 00:00:00+00:00,59.0,71304.0,76.6,74.5,75.4,75.1,20828.0
2004-10-25 00:00:00+00:00,56.0,71162.0,76.4,74.8,75.5,75.6,13312.0
2004-10-26 00:00:00+00:00,55.0,71953.0,76.05,75.1,75.25,75.8,7588.0
2004-10-27 00:00:00+00:00,54.0,74500.0,78.9,76.3,76.5,77.9,18905.0
2004-10-28 00:00:00+00:00,53.0,75567.0,78.85,77.35,78.25,77.7,13053.0
2004-10-29 00:00:00+00:00,52.0,76529.0,78.65,74.1,77.2,74.4,21111.0
2004-11-01 00:00:00+00:00,49.0,75821.0,75.6,73.8,75.0,74.2,15800.0
2004-11-02 00:00:00+00:00,48.0,75702.0,75.8,73.9,74.75,75.7,10319.0
2004-11-03 00:00:00+00:00,47.0,76193.0,77.5,75.3,75.5,77.15,13134.0
2004-11-04 00:00:00+00:00,46.0,76033.0,78.6,76.8,77.15,77.9,15495.0
2004-11-05 00:00:00+00:00,45.0,76641.0,79.2,78.0,78.25,78.3,15078.0
2004-11-08 00:00:00+00:00,42.0,77019.0,80.5,78.1,78.25,79.85,20502.0
2004-11-09 00:00:00+00:00,41.0,77213.0,80.1,78.8,80.0,80.0,17966.0
2004-11-10 00:00:00+00:00,40.0,79136.0,82.1,81.1,81.3,81.35,24842.0
2004-11-11 00:00:00+00:00,39.0,77536.0,81.7,79.8,80.5,81.45,29110.0
2004-11-12 00:00:00+00:00,38.0,78451.0,81.2,80.2,81.2,80.5,23536.0
2004-11-15 00:00:00+00:00,35.0,88519.0,95.0,80.25,80.25,91.65,45107.0
2004-11-16 00:00:00+00:00,34.0,91727.0,88.7,85.75,88.25,86.05,39547.0
2004-11-17 00:00:00+00:00,33.0,87972.0,89.75,84.0,86.0,88.05,45535.0
2004-11-18 00:00:00+00:00,32.0,86808.0,90.0,87.25,88.5,88.9,16436.0
2004-11-19 00:00:00+00:00,31.0,87368.0,89.5,86.4,87.75,87.25,15144.0
2004-11-22 00:00:00+00:00,28.0,87499.0,90.5,88.0,88.0,89.35,11476.0
2004-11-23 00:00:00+00:00,27.0,88424.0,91.5,88.5,91.0,89.25,12352.0
2004-11-24 00:00:00+00:00,26.0,88926.0,90.0,87.4,89.5,88.9,7979.0
2004-11-25 00:00:00+00:00,26.0,88926.0,,,,88.9,
2004-11-26 00:00:00+00:00,26.0,88926.0,,,,88.9,
2004-11-29 00:00:00+00:00,21.0,93142.0,95.0,89.75,90.0,94.65,20465.0
2004-11-30 00:00:00+00:00,20.0,97071.0,96.5,93.5,96.0,94.45,24323.0
2004-12-01 00:00:00+00:00,107.0,101136.0,99.25,96.1,97.0,98.6,19052.0
2004-12-02 00:00:00+00:00,106.0,103161.0,102.5,96.7,100.0,97.8,20058.0
2004-12-03 00:00:00+00:00,105.0,103909.0,98.5,95.25,97.5,97.95,12705.0
2004-12-06 00:00:00+00:00,102.0,105052.0,98.4,96.75,97.0,97.65,9434.0
2004-12-07 00:00:00+00:00,101.0,105792.0,97.5,96.1,97.5,97.4,8638.0
2004-12-08 00:00:00+00:00,100.0,107532.0,100.5,95.75,96.25,98.05,16689.0
2004-12-09 00:00:00+00:00,99.0,107730.0,100.5,96.95,98.0,97.95,14550.0
2004-12-10 00:00:00+00:00,98.0,107512.0,99.0,96.5,98.5,97.3,10017.0
2004-12-13 00:00:00+00:00,95.0,105082.0,95.5,93.5,95.5,93.9,16211.0
2004-12-14 00:00:00+00:00,94.0,104651.0,95.0,93.0,93.1,94.05,8305.0
2004-12-15 00:00:00+00:00,93.0,107229.0,101.5,94.5,94.5,100.55,17880.0
2004-12-16 00:00:00+00:00,92.0,107134.0,102.0,99.5,101.5,99.75,13020.0
2004-12-17 00:00:00+00:00,91.0,109854.0,105.3,99.0,99.25,104.3,22096.0
2004-12-20 00:00:00+00:00,88.0,111656.0,107.75,104.6,105.5,106.8,16791.0
2004-12-21 00:00:00+00:00,87.0,111732.0,108.7,104.9,107.0,105.05,15580.0
2004-12-22 00:00:00+00:00,86.0,110387.0,104.5,99.0,103.5,101.25,19233.0
2004-12-23 00:00:00+00:00,85.0,111748.0,106.7,101.8,102.25,105.1,11781.0
2004-12-24 00:00:00+00:00,85.0,111748.0,,,,105.1,
2004-12-27 00:00:00+00:00,81.0,110682.0,107.5,103.9,107.5,104.7,7706.0
2004-12-28 00:00:00+00:00,80.0,110637.0,106.25,103.75,104.0,105.2,6490.0
2004-12-29 00:00:00+00:00,79.0,111490.0,108.4,105.1,105.5,107.95,11226.0
2004-12-30 00:00:00+00:00,78.0,110371.0,108.1,103.0,107.9,103.75,15050.0
2004-12-31 00:00:00+00:00,78.0,110371.0,,,,103.75,
2005-01-03 00:00:00+00:00,74.0,109071.0,105.1,102.5,103.5,103.1,10820.0
2005-01-04 00:00:00+00:00,73.0,107609.0,102.5,99.8,101.5,101.45,13436.0
2005-01-05 00:00:00+00:00,72.0,107278.0,104.75,98.0,101.0,98.5,17956.0
2005-01-06 00:00:00+00:00,71.0,103032.0,99.0,95.6,98.0,96.8,23798.0
2005-01-07 00:00:00+00:00,70.0,102306.0,98.65,96.1,97.0,96.25,11179.0
2005-01-10 00:00:00+00:00,67.0,100843.0,97.0,95.1,95.25,95.6,10720.0
2005-01-11 00:00:00+00:00,66.0,98761.0,97.25,95.5,96.0,95.65,12438.0
2005-01-12 00:00:00+00:00,65.0,98167.0,100.15,96.25,96.5,98.85,15108.0
2005-01-13 00:00:00+00:00,64.0,99222.0,102.2,99.25,99.25,101.1,14098.0
2005-01-14 00:00:00+00:00,63.0,97939.0,100.75,99.6,100.75,100.1,9604.0
2005-01-17 00:00:00+00:00,63.0,97939.0,,,,100.1,
2005-01-18 00:00:00+00:00,59.0,100093.0,104.6,98.75,99.75,104.4,20002.0
2005-01-19 00:00:00+00:00,58.0,99514.0,105.25,103.3,104.0,104.1,11303.0
2005-01-20 00:00:00+00:00,57.0,99028.0,105.7,100.75,105.0,102.0,19124.0
2005-01-21 00:00:00+00:00,56.0,99947.0,103.4,101.3,102.1,103.25,10248.0
2005-01-24 00:00:00+00:00,53.0,101094.0,104.8,103.1,103.8,104.65,10031.0
2005-01-25 00:00:00+00:00,52.0,102991.0,105.9,102.3,104.45,105.75,16467.0
2005-01-26 00:00:00+00:00,51.0,103633.0,106.25,104.0,106.0,105.1,11236.0
2005-01-27 00:00:00+00:00,50.0,103853.0,105.0,103.05,105.0,103.2,12675.0
2005-01-28 00:00:00+00:00,49.0,104070.0,105.7,101.5,102.5,105.3,18885.0
2005-01-31 00:00:00+00:00,46.0,104804.0,106.0,104.6,104.9,105.35,11784.0
2005-02-01 00:00:00+00:00,45.0,105119.0,105.9,103.3,104.25,105.8,19948.0
2005-02-02 00:00:00+00:00,44.0,105546.0,106.7,104.8,105.75,104.9,16021.0
2005-02-03 00:00:00+00:00,43.0,105721.0,105.85,104.5,105.3,105.3,15871.0
2005-02-04 00:00:00+00:00,42.0,111308.0,111.75,104.3,106.0,110.5,32416.0
2005-02-07 00:00:00+00:00,39.0,109932.0,112.95,110.4,110.5,112.75,27688.0
2005-02-08 00:00:00+00:00,38.0,107658.0,114.0,110.75,111.75,111.7,27337.0
2005-02-09 00:00:00+00:00,37.0,107027.0,113.7,111.1,111.5,112.45,36493.0
2005-02-10 00:00:00+00:00,36.0,105676.0,114.7,111.9,112.5,113.85,27469.0
2005-02-11 00:00:00+00:00,35.0,108010.0,115.3,113.2,113.8,113.45,35736.0
2005-02-14 00:00:00+00:00,32.0,109998.0,114.0,111.8,113.35,112.4,36927.0
2005-02-15 00:00:00+00:00,31.0,111705.0,118.25,111.8,112.0,117.8,42949.0
2005-02-16 00:00:00+00:00,30.0,107046.0,119.0,116.6,117.4,116.85,35302.0
2005-02-17 00:00:00+00:00,29.0,106754.0,119.5,115.25,116.8,117.05,18403.0
2005-02-18 00:00:00+00:00,28.0,106214.0,118.9,116.4,117.05,118.05,9343.0
2005-02-21 00:00:00+00:00,28.0,106214.0,,,,118.05,
2005-02-22 00:00:00+00:00,24.0,106000.0,117.5,114.75,117.25,115.1,12833.0
2005-02-23 00:00:00+00:00,23.0,107928.0,122.0,115.1,115.5,121.55,19412.0
2005-02-24 00:00:00+00:00,22.0,108020.0,124.1,117.4,122.25,119.2,22238.0
2005-02-25 00:00:00+00:00,21.0,107262.0,120.75,115.0,115.25,115.25,16377.0
2005-02-28 00:00:00+00:00,18.0,109652.0,120.5,116.25,116.25,119.15,16842.0
2005-03-01 00:00:00+00:00,78.0,109420.0,122.6,120.6,121.55,121.45,9761.0
2005-03-02 00:00:00+00:00,77.0,110430.0,125.1,121.3,122.5,121.55,15941.0
2005-03-03 00:00:00+00:00,76.0,111304.0,124.9,122.85,122.9,123.05,13500.0
2005-03-04 00:00:00+00:00,75.0,112806.0,125.0,121.75,122.5,124.05,13402.0
2005-03-07 00:00:00+00:00,72.0,115101.0,130.6,125.0,125.0,130.2,16695.0
2005-03-08 00:00:00+00:00,71.0,115553.0,135.9,131.2,131.8,132.85,21609.0
2005-03-09 00:00:00+00:00,70.0,116568.0,134.0,129.0,132.0,131.75,14635.0
2005-03-10 00:00:00+00:00,69.0,118174.0,138.4,133.0,133.0,138.1,20221.0
2005-03-11 00:00:00+00:00,68.0,119430.0,139.5,135.9,138.5,136.65,19801.0
2005-03-14 00:00:00+00:00,65.0,119757.0,138.8,133.0,137.5,134.7,18646.0
2005-03-15 00:00:00+00:00,64.0,121409.0,137.5,130.5,132.0,136.9,18109.0
2005-03-16 00:00:00+00:00,63.0,122022.0,137.9,134.65,136.0,136.35,18089.0
2005-03-17 00:00:00+00:00,62.0,122196.0,136.8,135.3,136.5,136.1,8694.0
2005-03-18 00:00:00+00:00,61.0,122335.0,136.75,131.0,136.75,133.2,12317.0
2005-03-21 00:00:00+00:00,58.0,122117.0,132.7,129.2,131.0,130.65,15101.0
2005-03-22 00:00:00+00:00,57.0,123010.0,131.8,129.5,130.0,131.35,13159.0
2005-03-23 00:00:00+00:00,56.0,119887.0,128.4,125.0,126.0,125.25,19208.0
2005-03-24 00:00:00+00:00,55.0,116683.0,125.5,119.75,125.25,120.9,26115.0
2005-03-25 00:00:00+00:00,55.0,116683.0,,,,120.9,
2005-03-28 00:00:00+00:00,51.0,117171.0,122.5,119.55,119.55,122.35,14184.0
2005-03-29 00:00:00+00:00,50.0,115850.0,123.3,121.35,122.25,122.05,14502.0
2005-03-30 00:00:00+00:00,49.0,115719.0,127.0,121.8,122.5,125.0,17256.0
2005-03-31 00:00:00+00:00,48.0,116274.0,127.75,125.1,125.5,126.4,15863.0
2005-04-01 00:00:00+00:00,47.0,118123.0,128.8,122.6,126.4,123.95,16015.0
2005-04-04 00:00:00+00:00,44.0,116393.0,123.75,120.3,122.0,123.05,14398.0
2005-04-05 00:00:00+00:00,43.0,116331.0,126.5,123.1,123.1,126.1,14549.0
2005-04-06 00:00:00+00:00,42.0,116123.0,128.85,124.2,127.5,124.7,26536.0
2005-04-07 00:00:00+00:00,41.0,117200.0,125.75,121.5,125.0,121.95,22684.0
2005-04-08 00:00:00+00:00,40.0,111970.0,121.8,114.75,120.9,116.85,42649.0
2005-04-11 00:00:00+00:00,37.0,108339.0,116.6,113.3,115.5,113.5,28944.0
2005-04-12 00:00:00+00:00,36.0,107667.0,115.8,112.8,114.0,114.85,24362.0
2005-04-13 00:00:00+00:00,35.0,106167.0,115.7,113.7,114.5,114.6,18787.0
2005-04-14 00:00:00+00:00,34.0,103563.0,114.0,110.5,113.3,111.05,35296.0
2005-04-15 00:00:00+00:00,33.0,102698.0,112.7,109.75,111.75,112.55,31130.0
2005-04-18 00:00:00+00:00,30.0,100744.0,113.8,110.0,113.0,111.95,36494.0
2005-04-19 00:00:00+00:00,29.0,99450.0,118.25,112.6,112.6,118.0,32700.0
2005-04-20 00:00:00+00:00,28.0,96266.0,123.0,116.5,118.0,121.85,25985.0
2005-04-21 00:00:00+00:00,27.0,95382.0,122.25,119.0,120.5,119.75,12645.0
2005-04-22 00:00:00+00:00,26.0,97201.0,126.0,118.5,119.5,124.8,15614.0
2005-04-25 00:00:00+00:00,23.0,97638.0,125.5,123.4,124.8,124.4,12706.0
2005-04-26 00:00:00+00:00,22.0,98929.0,130.0,124.4,124.4,129.6,12328.0
2005-04-27 00:00:00+00:00,21.0,99698.0,132.25,128.0,130.5,130.45,14192.0
2005-04-28 00:00:00+00:00,20.0,100569.0,130.2,127.5,129.5,128.0,11008.0
2005-04-29 00:00:00+00:00,19.0,99695.0,129.5,125.0,129.5,125.15,9996.0
2005-05-02 00:00:00+00:00,78.0,98003.0,129.25,122.0,127.5,123.55,15292.0
2005-05-03 00:00:00+00:00,77.0,97451.0,125.0,121.6,123.5,121.9,11559.0
2005-05-04 00:00:00+00:00,76.0,97146.0,128.5,121.3,122.5,125.45,17869.0
2005-05-05 00:00:00+00:00,75.0,96800.0,126.75,119.75,125.75,122.95,14962.0
2005-05-06 00:00:00+00:00,74.0,97012.0,124.8,121.0,122.55,124.5,11205.0
2005-05-09 00:00:00+00:00,71.0,97430.0,126.3,123.5,124.0,123.95,7389.0
2005-05-10 00:00:00+00:00,70.0,97209.0,123.6,121.1,122.85,121.6,9272.0
2005-05-11 00:00:00+00:00,69.0,97066.0,125.4,120.2,122.0,124.75,9733.0
2005-05-12 00:00:00+00:00,68.0,96976.0,125.5,121.3,124.5,122.5,10277.0
2005-05-13 00:00:00+00:00,67.0,96815.0,122.9,121.1,122.5,121.5,5913.0
2005-05-16 00:00:00+00:00,64.0,95215.0,120.75,116.0,120.5,116.25,17558.0
2005-05-17 00:00:00+00:00,63.0,95682.0,118.5,116.1,116.75,118.2,10521.0
2005-05-18 00:00:00+00:00,62.0,94890.0,119.65,117.65,118.0,118.4,6709.0
2005-05-19 00:00:00+00:00,61.0,94480.0,119.3,116.5,118.7,116.8,8526.0
2005-05-20 00:00:00+00:00,60.0,94219.0,118.0,116.25,116.8,117.0,6663.0
2005-05-23 00:00:00+00:00,57.0,94232.0,120.25,116.5,116.8,118.15,12006.0
2005-05-24 00:00:00+00:00,56.0,95040.0,121.8,118.75,118.75,119.65,15959.0
2005-05-25 00:00:00+00:00,55.0,95627.0,123.0,120.5,120.5,122.4,12694.0
2005-05-26 00:00:00+00:00,54.0,95663.0,124.0,121.8,122.35,123.7,10445.0
2005-05-27 00:00:00+00:00,53.0,95739.0,124.4,121.1,124.25,121.9,9016.0
2005-05-30 00:00:00+00:00,53.0,95739.0,,,,121.9,
2005-05-31 00:00:00+00:00,49.0,94661.0,120.5,117.25,120.5,118.35,17421.0
2005-06-01 00:00:00+00:00,48.0,95049.0,120.0,117.5,118.75,118.05,15276.0
2005-06-02 00:00:00+00:00,47.0,96781.0,122.75,119.25,119.25,122.0,22303.0
2005-06-03 00:00:00+00:00,46.0,98845.0,125.9,122.6,123.0,125.55,18915.0
2005-06-06 00:00:00+00:00,43.0,100719.0,126.75,122.85,125.0,124.1,18608.0
2005-06-07 00:00:00+00:00,42.0,102392.0,126.0,123.6,125.25,125.75,18616.0
2005-06-08 00:00:00+00:00,41.0,101351.0,125.5,120.75,125.25,121.4,26224.0
2005-06-09 00:00:00+00:00,40.0,99837.0,122.25,116.0,122.0,116.4,22938.0
2005-06-10 00:00:00+00:00,39.0,97344.0,115.3,112.9,115.0,113.0,35941.0
2005-06-13 00:00:00+00:00,36.0,95843.0,115.0,109.5,114.0,109.75,35729.0
2005-06-14 00:00:00+00:00,35.0,93474.0,111.0,108.5,109.0,110.75,30959.0
2005-06-15 00:00:00+00:00,34.0,94026.0,112.2,108.5,111.5,111.15,20934.0
2005-06-16 00:00:00+00:00,33.0,93101.0,111.45,108.8,111.1,109.55,18773.0
2005-06-17 00:00:00+00:00,32.0,94635.0,109.55,106.6,109.5,107.6,23292.0
2005-06-20 00:00:00+00:00,29.0,92683.0,110.0,107.75,108.0,109.0,24015.0
2005-06-21 00:00:00+00:00,28.0,88338.0,109.8,107.2,109.8,107.75,22708.0
2005-06-22 00:00:00+00:00,27.0,88883.0,111.5,108.5,108.5,110.8,13098.0
2005-06-23 00:00:00+00:00,26.0,89395.0,111.8,107.0,111.25,108.4,10750.0
2005-06-24 00:00:00+00:00,25.0,89270.0,108.75,104.9,108.0,105.45,10748.0
2005-06-27 00:00:00+00:00,22.0,89140.0,105.0,102.0,105.0,102.7,12232.0
2005-06-28 00:00:00+00:00,21.0,89892.0,104.0,101.7,103.0,104.3,11323.0
2005-06-29 00:00:00+00:00,20.0,89812.0,105.0,103.0,103.5,103.1,7231.0
2005-06-30 00:00:00+00:00,19.0,90240.0,104.5,103.85,104.5,104.65,7614.0
2005-07-01 00:00:00+00:00,89.0,89632.0,110.0,104.35,109.4,105.3,14188.0
2005-07-04 00:00:00+00:00,89.0,89632.0,,,,105.3,
2005-07-05 00:00:00+00:00,85.0,89739.0,106.1,104.0,105.0,105.3,8315.0
2005-07-06 00:00:00+00:00,84.0,90183.0,107.6,105.5,106.0,107.4,6955.0
2005-07-07 00:00:00+00:00,83.0,90633.0,107.5,105.5,106.9,107.15,7796.0
2005-07-08 00:00:00+00:00,82.0,92981.0,108.0,105.5,106.0,106.9,9881.0
2005-07-11 00:00:00+00:00,79.0,93026.0,107.0,104.4,106.5,104.55,9690.0
2005-07-12 00:00:00+00:00,78.0,94357.0,105.9,104.3,104.8,104.9,8571.0
2005-07-13 00:00:00+00:00,77.0,94549.0,105.7,104.3,105.0,104.9,6646.0
2005-07-14 00:00:00+00:00,76.0,95280.0,109.25,105.25,105.25,108.55,11228.0
2005-07-15 00:00:00+00:00,75.0,96396.0,109.1,105.3,108.5,105.5,9377.0
2005-07-18 00:00:00+00:00,72.0,96098.0,105.65,99.9,105.5,100.1,22417.0
2005-07-19 00:00:00+00:00,71.0,94874.0,98.75,96.15,97.5,96.55,17572.0
2005-07-20 00:00:00+00:00,70.0,93528.0,98.6,96.7,97.0,98.45,8408.0
2005-07-21 00:00:00+00:00,69.0,94086.0,99.25,96.9,98.5,98.9,12243.0
2005-07-22 00:00:00+00:00,68.0,93677.0,100.25,98.6,100.0,99.45,6310.0
2005-07-25 00:00:00+00:00,65.0,93217.0,102.7,97.0,98.0,102.1,13578.0
2005-07-26 00:00:00+00:00,64.0,93932.0,103.0,100.8,101.5,101.85,9403.0
2005-07-27 00:00:00+00:00,63.0,93616.0,101.0,98.3,99.75,99.35,13238.0
2005-07-28 00:00:00+00:00,62.0,92861.0,103.0,97.3,98.5,101.8,13965.0
2005-07-29 00:00:00+00:00,61.0,93417.0,104.5,101.25,101.5,103.15,14750.0
2005-08-01 00:00:00+00:00,58.0,92620.0,103.7,101.5,103.0,102.15,11404.0
2005-08-02 00:00:00+00:00,57.0,93689.0,106.9,101.25,101.6,106.6,18918.0
2005-08-03 00:00:00+00:00,56.0,94093.0,107.3,105.7,106.35,105.75,10849.0
2005-08-04 00:00:00+00:00,55.0,95162.0,108.5,105.5,107.5,106.25,11685.0
2005-08-05 00:00:00+00:00,54.0,93696.0,106.8,104.6,106.5,105.35,14846.0
2005-08-08 00:00:00+00:00,51.0,93550.0,105.9,101.75,105.5,102.3,19686.0
2005-08-09 00:00:00+00:00,50.0,93177.0,103.6,101.55,102.5,102.6,22733.0
2005-08-10 00:00:00+00:00,49.0,94587.0,107.0,103.1,103.1,105.7,21769.0
2005-08-11 00:00:00+00:00,48.0,97002.0,107.4,106.0,106.25,106.75,19429.0
2005-08-12 00:00:00+00:00,47.0,95794.0,108.0,104.2,105.75,104.9,20446.0
2005-08-15 00:00:00+00:00,44.0,94501.0,102.9,94.0,102.9,96.15,34579.0
2005-08-16 00:00:00+00:00,43.0,91538.0,97.9,96.0,96.5,96.9,25029.0
2005-08-17 00:00:00+00:00,42.0,91978.0,98.25,95.8,97.5,97.75,20032.0
2005-08-18 00:00:00+00:00,41.0,89335.0,96.1,95.0,95.6,95.3,15525.0
2005-08-19 00:00:00+00:00,40.0,89224.0,97.25,95.25,95.75,96.1,18423.0
2005-08-22 00:00:00+00:00,37.0,83653.0,97.75,94.75,96.75,96.35,33138.0
2005-08-23 00:00:00+00:00,36.0,83729.0,99.75,97.0,97.0,98.95,12227.0
2005-08-24 00:00:00+00:00,35.0,82753.0,100.5,95.25,99.5,96.15,12099.0
2005-08-25 00:00:00+00:00,34.0,82147.0,96.75,93.25,96.5,93.15,9703.0
2005-08-26 00:00:00+00:00,33.0,81813.0,93.25,91.6,92.75,91.65,11391.0
2005-08-29 00:00:00+00:00,30.0,82339.0,94.9,92.0,93.75,92.6,12488.0
2005-08-30 00:00:00+00:00,29.0,82756.0,94.75,92.5,93.75,94.5,10454.0
2005-08-31 00:00:00+00:00,28.0,83083.0,98.5,97.0,98.0,97.75,17454.0
2005-09-01 00:00:00+00:00,109.0,85887.0,105.5,101.1,102.5,104.95,18478.0
2005-09-02 00:00:00+00:00,108.0,85311.0,104.5,102.8,104.0,103.05,7366.0
2005-09-05 00:00:00+00:00,108.0,85311.0,,,,103.05,
2005-09-06 00:00:00+00:00,104.0,85493.0,103.3,100.25,103.0,100.75,10080.0
2005-09-07 00:00:00+00:00,103.0,85487.0,100.0,94.5,100.0,94.75,16262.0
2005-09-08 00:00:00+00:00,102.0,85465.0,96.4,94.2,95.5,95.95,10878.0
2005-09-09 00:00:00+00:00,101.0,85268.0,96.9,95.25,96.5,95.45,8422.0
2005-09-12 00:00:00+00:00,98.0,84326.0,96.35,91.8,95.6,92.15,17573.0
2005-09-13 00:00:00+00:00,97.0,84539.0,93.2,91.55,92.0,91.9,11917.0
2005-09-14 00:00:00+00:00,96.0,84423.0,94.75,92.2,92.25,94.65,11172.0
2005-09-15 00:00:00+00:00,95.0,85013.0,94.3,91.4,94.25,92.25,9024.0
2005-09-16 00:00:00+00:00,94.0,84306.0,93.25,89.9,93.0,90.2,12215.0
2005-09-19 00:00:00+00:00,91.0,84927.0,90.5,86.3,89.6,86.45,15186.0
2005-09-20 00:00:00+00:00,90.0,84948.0,92.7,88.1,88.5,92.5,14861.0
2005-09-21 00:00:00+00:00,89.0,85696.0,91.8,87.1,91.0,91.1,13391.0
2005-09-22 00:00:00+00:00,88.0,85983.0,93.5,90.7,91.0,92.3,10207.0
2005-09-23 00:00:00+00:00,87.0,86329.0,92.9,90.8,92.0,91.5,9152.0
2005-09-26 00:00:00+00:00,84.0,86598.0,89.5,87.0,89.5,87.65,12066.0
2005-09-27 00:00:00+00:00,83.0,86506.0,90.3,87.65,88.5,88.15,10581.0
2005-09-28 00:00:00+00:00,82.0,86076.0,93.0,88.25,88.5,92.9,13565.0
2005-09-29 00:00:00+00:00,81.0,86700.0,95.0,91.75,92.5,92.95,15771.0
2005-09-30 00:00:00+00:00,80.0,86490.0,93.8,90.3,93.0,93.45,10981.0
2005-10-03 00:00:00+00:00,77.0,87256.0,95.5,92.5,93.5,92.85,9787.0
2005-10-04 00:00:00+00:00,76.0,87370.0,94.0,91.6,93.3,92.7,6856.0
2005-10-05 00:00:00+00:00,75.0,87353.0,94.4,92.1,92.5,93.7,8202.0
2005-10-06 00:00:00+00:00,74.0,87568.0,95.45,93.25,94.5,93.5,9668.0
2005-10-07 00:00:00+00:00,73.0,88876.0,95.0,92.8,94.0,94.85,8518.0
2005-10-10 00:00:00+00:00,70.0,89290.0,99.4,95.1,96.0,98.9,15266.0
2005-10-11 00:00:00+00:00,69.0,87862.0,101.7,99.5,99.8,100.75,16391.0
2005-10-12 00:00:00+00:00,68.0,87617.0,102.4,99.8,102.0,101.3,13447.0
2005-10-13 00:00:00+00:00,67.0,86202.0,101.1,99.0,100.5,100.35,10557.0
2005-10-14 00:00:00+00:00,66.0,86136.0,100.3,98.3,100.0,99.65,15273.0
2005-10-17 00:00:00+00:00,63.0,86382.0,104.5,101.0,101.0,104.1,18098.0
2005-10-18 00:00:00+00:00,62.0,85868.0,106.8,103.5,105.25,104.65,17974.0
2005-10-19 00:00:00+00:00,61.0,85733.0,106.7,102.5,105.8,104.05,12644.0
2005-10-20 00:00:00+00:00,60.0,86137.0,105.8,103.1,104.0,105.7,12235.0
2005-10-21 00:00:00+00:00,59.0,86373.0,106.7,102.7,105.0,103.45,16353.0
2005-10-24 00:00:00+00:00,56.0,84691.0,104.2,102.55,103.2,103.15,8424.0
2005-10-25 00:00:00+00:00,55.0,84812.0,105.25,102.6,104.5,103.7,9651.0
2005-10-26 00:00:00+00:00,54.0,84884.0,105.0,101.0,104.5,101.7,14323.0
2005-10-27 00:00:00+00:00,53.0,84946.0,101.7,99.9,101.0,100.15,12538.0
2005-10-28 00:00:00+00:00,52.0,85590.0,99.7,97.9,99.0,98.35,13553.0
2005-10-31 00:00:00+00:00,49.0,85315.0,98.0,96.4,98.0,96.65,16939.0
2005-11-01 00:00:00+00:00,48.0,83960.0,97.75,96.0,97.4,97.1,13320.0
2005-11-02 00:00:00+00:00,47.0,84583.0,101.25,97.75,98.1,101.05,16988.0
2005-11-03 00:00:00+00:00,46.0,85424.0,104.1,101.0,101.5,103.75,19600.0
2005-11-04 00:00:00+00:00,45.0,86433.0,105.0,102.5,104.75,103.9,16599.0
2005-11-07 00:00:00+00:00,42.0,86217.0,104.0,101.8,102.75,102.95,20957.0
2005-11-08 00:00:00+00:00,41.0,87206.0,108.0,104.0,104.0,107.85,29125.0
2005-11-09 00:00:00+00:00,40.0,86539.0,108.5,105.85,107.0,106.9,23378.0
2005-11-10 00:00:00+00:00,39.0,89587.0,107.6,105.7,107.4,106.75,18886.0
2005-11-11 00:00:00+00:00,38.0,88279.0,107.4,105.2,106.0,106.95,20134.0
2005-11-14 00:00:00+00:00,35.0,86319.0,106.8,99.0,106.5,99.85,27981.0
2005-11-15 00:00:00+00:00,34.0,83925.0,100.85,95.5,100.0,96.5,30757.0
2005-11-16 00:00:00+00:00,33.0,80541.0,99.5,96.1,99.25,96.55,28812.0
2005-11-17 00:00:00+00:00,32.0,76399.0,98.0,95.6,96.0,98.0,33834.0
2005-11-18 00:00:00+00:00,31.0,74906.0,99.4,96.75,98.75,96.8,10979.0
2005-11-21 00:00:00+00:00,28.0,74215.0,99.0,95.4,96.5,99.05,11049.0
2005-11-22 00:00:00+00:00,27.0,74016.0,100.4,98.25,99.0,98.65,8703.0
2005-11-23 00:00:00+00:00,26.0,74354.0,99.0,96.5,99.0,97.4,7968.0
2005-11-24 00:00:00+00:00,26.0,74354.0,,,,97.4,
2005-11-25 00:00:00+00:00,26.0,74354.0,,,,97.4,
2005-11-28 00:00:00+00:00,21.0,74949.0,99.6,95.8,99.2,96.15,9712.0
2005-11-29 00:00:00+00:00,20.0,75398.0,96.5,94.5,96.5,95.7,11856.0
2005-11-30 00:00:00+00:00,19.0,77243.0,96.75,92.25,96.25,93.0,16206.0
2005-12-01 00:00:00+00:00,110.0,77282.0,97.7,96.15,97.0,96.45,15355.0
2005-12-02 00:00:00+00:00,109.0,78730.0,97.65,94.65,96.95,94.75,11549.0
2005-12-05 00:00:00+00:00,106.0,79398.0,96.2,94.0,95.25,95.85,11112.0
2005-12-06 00:00:00+00:00,105.0,79957.0,96.7,95.3,96.15,96.6,7521.0
2005-12-07 00:00:00+00:00,104.0,79905.0,96.6,94.9,96.6,95.7,7799.0
2005-12-08 00:00:00+00:00,103.0,81408.0,97.2,94.5,95.0,96.2,13311.0
2005-12-09 00:00:00+00:00,102.0,81463.0,97.6,95.4,97.5,95.9,6642.0
2005-12-12 00:00:00+00:00,99.0,81784.0,100.4,98.25,100.0,99.7,11798.0
2005-12-13 00:00:00+00:00,98.0,82493.0,101.2,98.0,100.75,98.3,10034.0
2005-12-14 00:00:00+00:00,97.0,82176.0,97.0,93.5,97.0,96.7,18151.0
2005-12-15 00:00:00+00:00,96.0,82524.0,98.5,95.8,96.3,97.85,8766.0
2005-12-16 00:00:00+00:00,95.0,81728.0,99.25,97.1,98.0,97.85,7073.0
2005-12-19 00:00:00+00:00,92.0,81649.0,101.7,97.7,98.5,101.35,12074.0
2005-12-20 00:00:00+00:00,91.0,81396.0,103.6,100.7,101.0,102.4,12492.0
2005-12-21 00:00:00+00:00,90.0,80885.0,101.9,100.25,101.0,101.2,8228.0
2005-12-22 00:00:00+00:00,89.0,81781.0,103.1,99.7,100.2,102.8,10970.0
2005-12-23 00:00:00+00:00,88.0,82439.0,103.75,102.25,102.7,102.6,4763.0
2005-12-26 00:00:00+00:00,88.0,82439.0,,,,102.6,
2005-12-27 00:00:00+00:00,84.0,82702.0,106.75,101.5,102.0,106.2,12977.0
2005-12-28 00:00:00+00:00,83.0,81632.0,107.9,105.5,107.0,107.0,12050.0
2005-12-29 00:00:00+00:00,82.0,82473.0,108.4,106.4,107.0,106.9,8718.0
2005-12-30 00:00:00+00:00,81.0,82113.0,107.5,105.1,107.5,107.1,9209.0
2006-01-02 00:00:00+00:00,81.0,82113.0,,,,107.1,
2006-01-03 00:00:00+00:00,77.0,82671.0,108.8,106.2,107.5,108.6,10029.0
2006-01-04 00:00:00+00:00,76.0,83841.0,110.9,106.85,108.4,110.65,13999.0
2006-01-05 00:00:00+00:00,75.0,88031.0,118.2,110.1,110.5,117.45,31589.0
2006-01-06 00:00:00+00:00,74.0,89608.0,120.25,115.5,116.5,119.55,21217.0
2006-01-09 00:00:00+00:00,71.0,92524.0,121.5,117.25,119.0,120.15,20272.0
2006-01-10 00:00:00+00:00,70.0,94198.0,121.6,117.6,119.0,119.1,18118.0
2006-01-11 00:00:00+00:00,69.0,96520.0,118.8,116.25,117.5,117.2,14754.0
2006-01-12 00:00:00+00:00,68.0,97868.0,118.5,116.2,117.2,117.55,10514.0
2006-01-13 00:00:00+00:00,67.0,101333.0,120.5,117.2,120.0,119.95,15927.0
2006-01-16 00:00:00+00:00,67.0,101333.0,,,,119.95,
2006-01-17 00:00:00+00:00,63.0,102720.0,124.1,120.5,121.0,123.8,19745.0
2006-01-18 00:00:00+00:00,62.0,105972.0,124.0,121.1,124.0,121.6,19497.0
2006-01-19 00:00:00+00:00,61.0,106941.0,121.5,117.2,119.5,119.4,20637.0
2006-01-20 00:00:00+00:00,60.0,107780.0,123.4,118.2,121.0,118.4,16035.0
2006-01-23 00:00:00+00:00,57.0,108679.0,122.0,116.05,119.5,120.45,14136.0
2006-01-24 00:00:00+00:00,56.0,110657.0,122.7,120.5,121.1,122.4,15188.0
2006-01-25 00:00:00+00:00,55.0,114171.0,125.65,122.8,124.25,123.05,20291.0
2006-01-26 00:00:00+00:00,54.0,114056.0,123.8,120.6,123.0,122.85,18875.0
2006-01-27 00:00:00+00:00,53.0,114867.0,124.6,121.55,123.05,124.3,9744.0
2006-01-30 00:00:00+00:00,50.0,117450.0,125.9,121.2,125.0,121.9,15816.0
2006-01-31 00:00:00+00:00,49.0,114017.0,121.9,116.25,121.9,118.2,31611.0
2006-02-01 00:00:00+00:00,48.0,113300.0,120.2,116.6,118.5,117.25,19703.0
2006-02-02 00:00:00+00:00,47.0,113673.0,119.2,114.8,117.0,118.0,21396.0
2006-02-03 00:00:00+00:00,46.0,112466.0,119.7,117.25,118.5,117.6,11697.0
2006-02-06 00:00:00+00:00,43.0,111074.0,115.65,113.0,114.75,113.2,22729.0
2006-02-07 00:00:00+00:00,42.0,108355.0,115.2,112.2,112.9,114.9,22560.0
2006-02-08 00:00:00+00:00,41.0,106127.0,117.0,112.5,116.0,113.45,36761.0
2006-02-09 00:00:00+00:00,40.0,107115.0,114.7,112.65,113.0,113.8,27779.0
2006-02-10 00:00:00+00:00,39.0,105073.0,115.5,113.1,114.0,115.1,26117.0
2006-02-13 00:00:00+00:00,36.0,104619.0,113.9,109.2,113.0,109.45,35338.0
2006-02-14 00:00:00+00:00,35.0,101784.0,110.4,106.8,109.4,107.55,27415.0
2006-02-15 00:00:00+00:00,34.0,102432.0,109.3,107.5,108.0,107.8,23013.0
2006-02-16 00:00:00+00:00,33.0,99176.0,107.2,103.8,106.45,106.0,49101.0
2006-02-17 00:00:00+00:00,32.0,95783.0,110.0,107.5,107.5,109.45,18328.0
2006-02-20 00:00:00+00:00,32.0,95783.0,,,,109.45,
2006-02-21 00:00:00+00:00,28.0,96019.0,111.25,109.0,109.75,111.15,10501.0
2006-02-22 00:00:00+00:00,27.0,95151.0,112.0,109.1,111.95,109.5,7744.0
2006-02-23 00:00:00+00:00,26.0,94591.0,113.0,108.5,109.0,110.95,17590.0
2006-02-24 00:00:00+00:00,25.0,94141.0,113.0,110.75,112.0,110.95,10388.0
2006-02-27 00:00:00+00:00,22.0,94002.0,111.5,108.25,111.5,108.35,14570.0
2006-02-28 00:00:00+00:00,21.0,94778.0,111.6,108.25,108.6,111.8,14234.0
2006-03-01 00:00:00+00:00,78.0,96098.0,115.3,112.7,113.0,114.05,12874.0
2006-03-02 00:00:00+00:00,77.0,96368.0,114.3,111.6,113.0,112.0,11941.0
2006-03-03 00:00:00+00:00,76.0,97487.0,114.5,111.7,112.5,114.0,14056.0
2006-03-06 00:00:00+00:00,73.0,98657.0,114.8,110.65,113.3,110.85,13753.0
2006-03-07 00:00:00+00:00,72.0,97499.0,110.7,108.0,110.5,108.6,22419.0
2006-03-08 00:00:00+00:00,71.0,95996.0,109.6,108.25,108.3,108.65,12477.0
2006-03-09 00:00:00+00:00,70.0,96606.0,110.25,107.5,109.25,108.75,10095.0
2006-03-10 00:00:00+00:00,69.0,96809.0,108.95,107.1,108.5,107.6,12138.0
2006-03-13 00:00:00+00:00,66.0,97536.0,107.1,104.4,107.1,105.9,20435.0
2006-03-14 00:00:00+00:00,65.0,97433.0,107.0,105.7,106.2,106.25,9883.0
2006-03-15 00:00:00+00:00,64.0,97963.0,109.8,105.25,105.5,108.75,17302.0
2006-03-16 00:00:00+00:00,63.0,98001.0,109.3,106.7,108.5,106.95,15314.0
2006-03-17 00:00:00+00:00,62.0,99257.0,108.7,105.1,107.0,105.25,11839.0
2006-03-20 00:00:00+00:00,59.0,99601.0,106.0,104.7,105.5,105.7,8328.0
2006-03-21 00:00:00+00:00,58.0,99723.0,108.2,106.15,106.5,106.95,11570.0
2006-03-22 00:00:00+00:00,57.0,101368.0,107.9,103.5,107.3,104.15,18799.0
2006-03-23 00:00:00+00:00,56.0,102994.0,105.7,103.7,104.3,104.9,11566.0
2006-03-24 00:00:00+00:00,55.0,103632.0,106.5,104.4,104.75,105.3,11918.0
2006-03-27 00:00:00+00:00,52.0,103589.0,106.2,104.0,104.8,105.95,12972.0
2006-03-28 00:00:00+00:00,51.0,104816.0,106.9,104.6,106.25,105.55,12107.0
2006-03-29 00:00:00+00:00,50.0,105197.0,106.0,104.2,105.1,104.35,9846.0
2006-03-30 00:00:00+00:00,49.0,105963.0,109.6,104.5,104.65,108.6,23940.0
2006-03-31 00:00:00+00:00,48.0,106998.0,108.7,106.25,108.0,107.0,20680.0
2006-04-03 00:00:00+00:00,45.0,106683.0,110.7,106.5,106.5,109.45,21300.0
2006-04-04 00:00:00+00:00,44.0,106170.0,110.7,106.9,109.8,107.05,19260.0
2006-04-05 00:00:00+00:00,43.0,106134.0,110.7,106.8,107.7,108.05,17751.0
2006-04-06 00:00:00+00:00,42.0,106005.0,110.65,107.7,110.0,108.85,18790.0
2006-04-07 00:00:00+00:00,41.0,105404.0,109.7,108.0,109.5,108.35,17093.0
2006-04-10 00:00:00+00:00,38.0,106524.0,111.75,106.3,109.1,108.15,32786.0
2006-04-11 00:00:00+00:00,37.0,107761.0,108.0,104.6,108.0,104.75,32057.0
2006-04-12 00:00:00+00:00,36.0,107310.0,105.85,104.1,105.0,104.7,30045.0
2006-04-13 00:00:00+00:00,35.0,103873.0,105.4,103.8,104.5,105.25,37249.0
2006-04-14 00:00:00+00:00,35.0,103873.0,,,,105.25,
2006-04-17 00:00:00+00:00,31.0,104240.0,107.25,105.9,106.0,106.65,14976.0
2006-04-18 00:00:00+00:00,30.0,101523.0,109.8,105.8,106.1,109.2,36292.0
2006-04-19 00:00:00+00:00,29.0,98325.0,110.2,108.2,109.7,110.1,40553.0
2006-04-20 00:00:00+00:00,28.0,99454.0,113.35,109.5,110.5,112.9,23297.0
2006-04-21 00:00:00+00:00,27.0,99036.0,113.9,111.5,113.0,112.0,13840.0
2006-04-24 00:00:00+00:00,24.0,98805.0,113.0,111.0,113.0,111.35,8929.0
2006-04-25 00:00:00+00:00,23.0,101002.0,112.75,107.0,112.0,106.7,18643.0
2006-04-26 00:00:00+00:00,22.0,99271.0,110.0,106.9,107.0,109.0,14368.0
2006-04-27 00:00:00+00:00,21.0,99098.0,109.5,105.2,109.5,105.5,20668.0
2006-04-28 00:00:00+00:00,20.0,98131.0,107.25,105.5,105.5,107.2,11352.0
2006-05-01 00:00:00+00:00,79.0,98691.0,110.4,108.8,110.0,109.6,5866.0
2006-05-02 00:00:00+00:00,78.0,100244.0,113.5,109.7,109.7,112.75,16743.0
2006-05-03 00:00:00+00:00,77.0,100021.0,113.6,110.5,113.5,111.35,10424.0
2006-05-04 00:00:00+00:00,76.0,99888.0,111.7,109.4,111.0,109.55,9703.0
2006-05-05 00:00:00+00:00,75.0,100768.0,110.2,107.5,110.0,108.25,9977.0
2006-05-08 00:00:00+00:00,72.0,99652.0,108.3,107.05,108.1,107.6,11614.0
2006-05-09 00:00:00+00:00,71.0,99976.0,109.3,106.75,107.7,108.9,11297.0
2006-05-10 00:00:00+00:00,70.0,100589.0,109.6,107.7,109.0,109.0,10666.0
2006-05-11 00:00:00+00:00,69.0,101196.0,110.0,104.3,109.35,104.45,25885.0
2006-05-12 00:00:00+00:00,68.0,101806.0,105.0,102.35,104.7,103.6,23541.0
2006-05-15 00:00:00+00:00,65.0,104883.0,103.4,101.5,102.5,101.6,16367.0
2006-05-16 00:00:00+00:00,64.0,102842.0,103.25,102.0,102.25,102.6,11459.0
2006-05-17 00:00:00+00:00,63.0,103379.0,102.7,101.0,102.0,101.4,12723.0
2006-05-18 00:00:00+00:00,62.0,104586.0,102.35,99.9,101.0,102.15,16512.0
2006-05-19 00:00:00+00:00,61.0,104649.0,102.25,100.2,101.75,100.65,13830.0
2006-05-22 00:00:00+00:00,58.0,105240.0,101.45,99.0,100.3,99.6,14558.0
2006-05-23 00:00:00+00:00,57.0,106517.0,101.75,99.3,99.5,101.4,17276.0
2006-05-24 00:00:00+00:00,56.0,108012.0,100.65,99.3,100.5,99.8,17486.0
2006-05-25 00:00:00+00:00,55.0,108968.0,100.5,98.1,99.5,98.65,12848.0
2006-05-26 00:00:00+00:00,54.0,110139.0,99.2,98.05,98.7,98.1,10453.0
2006-05-29 00:00:00+00:00,54.0,110139.0,,,,98.1,
2006-05-30 00:00:00+00:00,50.0,112292.0,99.0,97.1,99.0,98.75,18824.0
2006-05-31 00:00:00+00:00,49.0,118730.0,99.05,97.35,98.5,98.95,24817.0
2006-06-01 00:00:00+00:00,48.0,118783.0,100.3,98.25,98.5,99.95,21588.0
2006-06-02 00:00:00+00:00,47.0,117670.0,103.0,99.85,100.25,101.25,23836.0
2006-06-05 00:00:00+00:00,44.0,118100.0,101.2,98.0,100.95,98.45,14312.0
2006-06-06 00:00:00+00:00,43.0,120532.0,98.6,95.5,98.4,96.1,33358.0
2006-06-07 00:00:00+00:00,42.0,122621.0,96.9,95.1,95.5,96.0,21145.0
2006-06-08 00:00:00+00:00,41.0,123840.0,97.0,95.3,95.75,96.45,26532.0
2006-06-09 00:00:00+00:00,40.0,125936.0,97.9,95.7,97.2,95.9,26600.0
2006-06-12 00:00:00+00:00,37.0,125224.0,96.5,95.5,95.75,95.65,23404.0
2006-06-13 00:00:00+00:00,36.0,126941.0,96.4,95.25,95.3,95.3,35397.0
2006-06-14 00:00:00+00:00,35.0,125625.0,97.1,95.0,95.0,96.05,29843.0
2006-06-15 00:00:00+00:00,34.0,123115.0,97.4,96.1,96.5,96.55,24747.0
2006-06-16 00:00:00+00:00,33.0,122972.0,97.2,94.5,96.75,95.25,24454.0
2006-06-19 00:00:00+00:00,30.0,121667.0,95.45,94.6,95.0,94.95,20004.0
2006-06-20 00:00:00+00:00,29.0,121700.0,96.55,95.25,95.25,95.45,25615.0
2006-06-21 00:00:00+00:00,28.0,119610.0,96.25,95.1,96.0,95.1,25205.0
2006-06-22 00:00:00+00:00,27.0,116333.0,95.8,95.0,95.25,95.7,14314.0
2006-06-23 00:00:00+00:00,26.0,116262.0,95.9,95.0,95.4,95.3,9760.0
2006-06-26 00:00:00+00:00,23.0,117545.0,96.2,94.6,95.5,94.6,10967.0
2006-06-27 00:00:00+00:00,22.0,117763.0,95.75,95.05,95.25,95.35,11729.0
2006-06-28 00:00:00+00:00,21.0,119323.0,98.5,95.75,95.75,97.7,18983.0
2006-06-29 00:00:00+00:00,20.0,119520.0,98.8,97.2,98.5,97.5,16190.0
2006-06-30 00:00:00+00:00,19.0,118862.0,99.9,97.6,98.1,99.5,18558.0
2006-07-03 00:00:00+00:00,78.0,115862.0,104.75,102.5,102.5,103.5,23403.0
2006-07-04 00:00:00+00:00,78.0,115862.0,,,,103.5,
2006-07-05 00:00:00+00:00,76.0,116968.0,103.75,102.0,103.5,103.45,15260.0
2006-07-06 00:00:00+00:00,75.0,116298.0,103.45,101.95,102.5,103.05,10791.0
2006-07-07 00:00:00+00:00,74.0,117515.0,104.4,99.0,104.2,100.0,21704.0
2006-07-10 00:00:00+00:00,71.0,116762.0,100.9,99.3,100.0,100.7,10477.0
2006-07-11 00:00:00+00:00,70.0,118855.0,101.5,98.6,101.25,99.8,14779.0
2006-07-12 00:00:00+00:00,69.0,118380.0,100.2,97.6,99.5,99.95,11478.0
2006-07-13 00:00:00+00:00,68.0,118682.0,101.0,98.6,99.0,100.7,12219.0
2006-07-14 00:00:00+00:00,67.0,119972.0,100.0,97.4,99.8,98.25,12986.0
2006-07-17 00:00:00+00:00,64.0,120241.0,98.2,96.4,98.0,97.15,15745.0
2006-07-18 00:00:00+00:00,63.0,120361.0,98.0,96.8,97.25,97.1,8182.0
2006-07-19 00:00:00+00:00,62.0,120291.0,98.0,96.7,97.4,97.15,8430.0
2006-07-20 00:00:00+00:00,61.0,120738.0,97.35,95.6,97.25,95.8,12969.0
2006-07-21 00:00:00+00:00,60.0,121200.0,95.8,94.8,95.2,95.6,11748.0
2006-07-24 00:00:00+00:00,57.0,122490.0,96.25,93.95,95.25,94.05,17653.0
2006-07-25 00:00:00+00:00,56.0,123006.0,95.5,93.95,94.0,95.1,12157.0
2006-07-26 00:00:00+00:00,55.0,124118.0,95.8,94.55,95.4,95.5,13072.0
2006-07-27 00:00:00+00:00,54.0,124287.0,97.0,95.0,95.2,96.8,13560.0
2006-07-28 00:00:00+00:00,53.0,122787.0,99.7,97.25,97.5,99.4,19527.0
2006-07-31 00:00:00+00:00,50.0,121336.0,100.4,98.8,100.25,99.35,22860.0
2006-08-01 00:00:00+00:00,49.0,120726.0,99.3,97.5,99.0,98.3,12301.0
2006-08-02 00:00:00+00:00,48.0,119617.0,103.9,99.0,99.25,103.7,29635.0
2006-08-03 00:00:00+00:00,47.0,119384.0,108.9,102.75,104.0,105.85,33763.0
2006-08-04 00:00:00+00:00,46.0,117372.0,106.75,104.6,106.0,105.45,18394.0
2006-08-07 00:00:00+00:00,43.0,112517.0,107.9,106.4,106.7,107.15,29091.0
2006-08-08 00:00:00+00:00,42.0,112927.0,107.4,105.25,106.5,107.1,21282.0
2006-08-09 00:00:00+00:00,41.0,112920.0,109.2,107.3,108.25,107.65,29430.0
2006-08-10 00:00:00+00:00,40.0,112968.0,107.5,105.2,107.5,105.55,27766.0
2006-08-11 00:00:00+00:00,39.0,109946.0,105.1,103.0,103.5,104.3,27828.0
2006-08-14 00:00:00+00:00,36.0,108149.0,103.0,100.5,103.0,100.75,24494.0
2006-08-15 00:00:00+00:00,35.0,107829.0,103.0,101.1,101.5,102.85,20716.0
2006-08-16 00:00:00+00:00,34.0,107884.0,106.75,103.85,104.0,104.65,29256.0
2006-08-17 00:00:00+00:00,33.0,107048.0,105.9,103.25,105.9,103.55,17661.0
2006-08-18 00:00:00+00:00,32.0,106826.0,104.0,101.25,104.0,103.25,14495.0
2006-08-21 00:00:00+00:00,29.0,104760.0,107.0,104.4,104.5,107.0,29653.0
2006-08-22 00:00:00+00:00,28.0,101960.0,108.25,105.6,108.0,108.2,44345.0
2006-08-23 00:00:00+00:00,27.0,100469.0,109.5,106.75,107.0,107.35,14117.0
2006-08-24 00:00:00+00:00,26.0,100179.0,108.0,106.1,106.1,107.05,10527.0
2006-08-25 00:00:00+00:00,25.0,99618.0,107.25,105.5,107.0,106.2,8198.0
2006-08-28 00:00:00+00:00,22.0,99670.0,106.25,102.85,106.25,103.2,10698.0
2006-08-29 00:00:00+00:00,21.0,99833.0,105.0,102.0,105.0,103.3,11784.0
2006-08-30 00:00:00+00:00,20.0,99365.0,103.75,102.7,103.7,103.35,6290.0
2006-08-31 00:00:00+00:00,19.0,100373.0,104.25,103.1,104.25,104.0,10146.0
2006-09-01 00:00:00+00:00,108.0,101018.0,108.45,106.6,107.5,107.6,6971.0
2006-09-04 00:00:00+00:00,108.0,101018.0,,,,107.6,
2006-09-05 00:00:00+00:00,104.0,101785.0,110.8,109.2,110.0,110.3,13418.0
2006-09-06 00:00:00+00:00,103.0,102499.0,111.2,109.2,109.75,110.35,9641.0
2006-09-07 00:00:00+00:00,102.0,102452.0,110.2,107.5,110.0,107.6,8800.0
2006-09-08 00:00:00+00:00,101.0,102901.0,107.0,104.9,107.0,106.15,17685.0
2006-09-11 00:00:00+00:00,98.0,102135.0,105.9,103.5,105.65,103.75,18381.0
2006-09-12 00:00:00+00:00,97.0,104099.0,104.4,103.05,103.1,103.65,13436.0
2006-09-13 00:00:00+00:00,96.0,105694.0,106.25,103.75,104.0,104.4,11290.0
2006-09-14 00:00:00+00:00,95.0,105874.0,105.0,102.8,104.1,103.4,11624.0
2006-09-15 00:00:00+00:00,94.0,105814.0,103.7,102.0,103.25,102.1,12185.0
2006-09-18 00:00:00+00:00,91.0,107179.0,102.55,101.0,102.0,101.95,11085.0
2006-09-19 00:00:00+00:00,90.0,107291.0,103.55,102.5,102.5,103.1,7106.0
2006-09-20 00:00:00+00:00,89.0,107074.0,103.85,101.4,103.5,101.95,10639.0
2006-09-21 00:00:00+00:00,88.0,107370.0,103.8,101.2,101.95,103.55,10521.0
2006-09-22 00:00:00+00:00,87.0,107567.0,104.9,102.85,104.0,104.45,8481.0
2006-09-25 00:00:00+00:00,84.0,106599.0,107.5,102.0,104.0,106.65,17596.0
2006-09-26 00:00:00+00:00,83.0,105801.0,108.5,106.25,108.0,106.9,16930.0
2006-09-27 00:00:00+00:00,82.0,106027.0,107.5,105.8,107.25,106.9,8376.0
2006-09-28 00:00:00+00:00,81.0,106571.0,107.75,106.05,107.5,107.5,8019.0
2006-09-29 00:00:00+00:00,80.0,107757.0,108.6,106.6,107.75,107.65,16756.0
2006-10-02 00:00:00+00:00,77.0,110717.0,107.9,103.25,107.7,103.55,17927.0
2006-10-03 00:00:00+00:00,76.0,110868.0,104.5,102.5,102.5,104.25,14663.0
2006-10-04 00:00:00+00:00,75.0,108643.0,105.0,103.75,104.0,104.45,7832.0
2006-10-05 00:00:00+00:00,74.0,107976.0,106.4,104.0,105.0,104.5,12523.0
2006-10-06 00:00:00+00:00,73.0,108541.0,104.6,103.5,104.0,103.9,7172.0
2006-10-09 00:00:00+00:00,70.0,108697.0,104.5,102.75,104.25,103.05,10847.0
2006-10-10 00:00:00+00:00,69.0,109769.0,103.3,101.8,102.0,102.85,9196.0
2006-10-11 00:00:00+00:00,68.0,110175.0,104.5,102.1,102.35,103.05,11373.0
2006-10-12 00:00:00+00:00,67.0,111308.0,103.8,101.95,103.25,103.3,9722.0
2006-10-13 00:00:00+00:00,66.0,110397.0,105.5,103.8,104.3,104.05,11302.0
2006-10-16 00:00:00+00:00,63.0,110076.0,104.0,101.1,104.0,101.9,19807.0
2006-10-17 00:00:00+00:00,62.0,110507.0,102.75,101.4,102.0,102.45,12117.0
2006-10-18 00:00:00+00:00,61.0,110868.0,103.8,102.1,102.1,102.25,9206.0
2006-10-19 00:00:00+00:00,60.0,110808.0,102.7,100.9,101.8,101.85,11613.0
2006-10-20 00:00:00+00:00,59.0,111634.0,103.0,101.25,101.9,102.05,12371.0
2006-10-23 00:00:00+00:00,56.0,111502.0,107.2,101.6,102.0,106.85,24451.0
2006-10-24 00:00:00+00:00,55.0,112676.0,108.5,106.4,107.0,107.15,19728.0
2006-10-25 00:00:00+00:00,54.0,113075.0,108.25,106.3,108.0,106.85,12038.0
2006-10-26 00:00:00+00:00,53.0,114089.0,108.0,107.0,107.0,107.6,13056.0
2006-10-27 00:00:00+00:00,52.0,114663.0,108.2,106.3,107.4,108.0,15316.0
2006-10-30 00:00:00+00:00,49.0,116826.0,110.0,106.7,107.85,108.0,26180.0
2006-10-31 00:00:00+00:00,48.0,116804.0,109.4,106.9,107.0,108.25,25019.0
2006-11-01 00:00:00+00:00,47.0,118352.0,111.2,107.4,108.0,108.65,25385.0
2006-11-02 00:00:00+00:00,46.0,119611.0,110.85,109.1,109.5,110.55,18105.0
2006-11-03 00:00:00+00:00,45.0,121317.0,112.8,111.25,111.5,112.45,20022.0
2006-11-06 00:00:00+00:00,42.0,122807.0,113.9,111.8,113.5,113.2,20702.0
2006-11-07 00:00:00+00:00,41.0,122312.0,114.25,112.1,114.0,112.95,25748.0
2006-11-08 00:00:00+00:00,40.0,122791.0,116.0,111.9,112.25,115.75,35140.0
2006-11-09 00:00:00+00:00,39.0,122680.0,119.4,115.9,117.0,119.2,40436.0
2006-11-10 00:00:00+00:00,38.0,121809.0,118.85,115.6,118.5,115.85,47288.0
2006-11-13 00:00:00+00:00,35.0,119429.0,116.7,114.5,115.5,115.15,36463.0
2006-11-14 00:00:00+00:00,34.0,118573.0,117.0,114.5,114.5,115.8,26879.0
2006-11-15 00:00:00+00:00,33.0,114473.0,118.5,115.4,115.4,118.15,34123.0
2006-11-16 00:00:00+00:00,32.0,114861.0,120.2,116.4,119.0,116.5,27056.0
2006-11-17 00:00:00+00:00,31.0,113284.0,116.0,111.0,116.0,113.1,43898.0
2006-11-20 00:00:00+00:00,28.0,111223.0,115.5,112.3,112.5,115.15,13264.0
2006-11-21 00:00:00+00:00,27.0,111680.0,116.4,114.75,115.4,115.4,11521.0
2006-11-22 00:00:00+00:00,26.0,111986.0,115.7,114.8,115.0,115.55,6205.0
2006-11-23 00:00:00+00:00,26.0,111986.0,,,,115.55,
2006-11-24 00:00:00+00:00,26.0,111986.0,,,,115.55,
2006-11-27 00:00:00+00:00,21.0,112963.0,118.0,115.8,116.55,118.0,11158.0
2006-11-28 00:00:00+00:00,20.0,114569.0,121.0,118.6,119.0,120.35,18059.0
2006-11-29 00:00:00+00:00,19.0,116874.0,121.5,118.6,120.0,118.55,18421.0
2006-11-30 00:00:00+00:00,18.0,117787.0,120.5,118.75,119.0,119.7,13031.0
2006-12-01 00:00:00+00:00,109.0,119896.0,127.9,122.75,124.7,127.6,16160.0
2006-12-04 00:00:00+00:00,106.0,119736.0,128.35,123.6,127.6,124.2,20865.0
2006-12-05 00:00:00+00:00,105.0,118588.0,128.9,122.65,125.0,127.25,19263.0
2006-12-06 00:00:00+00:00,104.0,118815.0,127.5,124.2,126.75,125.8,14679.0
2006-12-07 00:00:00+00:00,103.0,119224.0,126.2,124.5,125.0,125.9,9863.0
2006-12-08 00:00:00+00:00,102.0,120974.0,126.9,125.0,125.25,125.85,8624.0
2006-12-11 00:00:00+00:00,99.0,122559.0,129.25,124.4,125.5,128.65,15004.0
2006-12-12 00:00:00+00:00,98.0,123449.0,129.9,127.3,128.5,127.75,13577.0
2006-12-13 00:00:00+00:00,97.0,124858.0,129.3,126.7,127.5,128.85,10825.0
2006-12-14 00:00:00+00:00,96.0,124975.0,129.5,128.1,129.0,128.9,8072.0
2006-12-15 00:00:00+00:00,95.0,123875.0,130.0,124.0,130.0,125.4,15614.0
2006-12-18 00:00:00+00:00,92.0,123988.0,126.85,124.3,126.6,124.45,11200.0
2006-12-19 00:00:00+00:00,91.0,121993.0,124.4,121.9,124.4,123.0,13900.0
2006-12-20 00:00:00+00:00,90.0,125476.0,126.9,122.65,123.5,126.75,18982.0
2006-12-21 00:00:00+00:00,89.0,124683.0,127.25,123.8,127.0,126.35,12202.0
2006-12-22 00:00:00+00:00,88.0,124536.0,125.9,124.6,125.9,125.4,6348.0
2006-12-25 00:00:00+00:00,88.0,124536.0,,,,125.4,
2006-12-26 00:00:00+00:00,84.0,125443.0,128.1,125.25,126.0,127.7,6691.0
2006-12-27 00:00:00+00:00,83.0,127303.0,129.1,127.0,127.4,128.9,12288.0
2006-12-28 00:00:00+00:00,82.0,127610.0,129.75,124.5,128.7,125.0,12770.0
2006-12-29 00:00:00+00:00,81.0,127204.0,126.5,124.3,125.75,126.2,14399.0
2007-01-01 00:00:00+00:00,81.0,127204.0,,,,126.2,
2007-01-02 00:00:00+00:00,81.0,127204.0,,,,126.2,
2007-01-03 00:00:00+00:00,76.0,128128.0,125.9,122.4,125.9,123.6,21679.0
2007-01-04 00:00:00+00:00,75.0,128600.0,125.25,122.6,123.8,125.0,13416.0
2007-01-05 00:00:00+00:00,74.0,126441.0,124.0,119.6,123.5,120.45,23642.0
2007-01-08 00:00:00+00:00,71.0,125869.0,120.9,119.2,120.5,120.1,13439.0
2007-01-09 00:00:00+00:00,70.0,125640.0,120.0,118.0,120.0,118.4,18853.0
2007-01-10 00:00:00+00:00,69.0,126720.0,121.4,118.1,118.3,120.75,15186.0
2007-01-11 00:00:00+00:00,68.0,126335.0,121.75,119.8,120.5,120.65,12578.0
2007-01-12 00:00:00+00:00,67.0,126538.0,120.5,119.5,119.5,120.3,13686.0
2007-01-15 00:00:00+00:00,67.0,126538.0,,,,120.3,
2007-01-16 00:00:00+00:00,63.0,128442.0,122.2,120.1,120.8,121.65,16552.0
2007-01-17 00:00:00+00:00,62.0,128339.0,121.75,119.3,121.25,121.6,12682.0
2007-01-18 00:00:00+00:00,61.0,129078.0,121.6,119.6,121.3,119.75,9866.0
2007-01-19 00:00:00+00:00,60.0,129517.0,120.5,119.25,119.75,119.7,9231.0
2007-01-22 00:00:00+00:00,57.0,129316.0,119.6,116.8,119.25,117.35,23716.0
2007-01-23 00:00:00+00:00,56.0,125945.0,117.25,115.35,117.25,115.65,22238.0
2007-01-24 00:00:00+00:00,55.0,126551.0,117.3,115.3,115.5,116.95,19785.0
2007-01-25 00:00:00+00:00,54.0,127909.0,117.0,115.9,117.0,116.0,23243.0
2007-01-26 00:00:00+00:00,53.0,128316.0,116.6,115.4,116.0,116.3,10401.0
2007-01-29 00:00:00+00:00,50.0,130198.0,117.7,115.8,116.3,116.6,13011.0
2007-01-30 00:00:00+00:00,49.0,131947.0,117.1,115.8,116.25,116.55,13648.0
2007-01-31 00:00:00+00:00,48.0,133332.0,118.3,116.75,117.3,117.65,27743.0
2007-02-01 00:00:00+00:00,47.0,133244.0,119.3,117.8,118.5,118.75,26057.0
2007-02-02 00:00:00+00:00,46.0,136232.0,119.4,117.75,119.05,118.35,18302.0
2007-02-05 00:00:00+00:00,43.0,137239.0,118.35,116.1,118.0,116.6,15191.0
2007-02-06 00:00:00+00:00,42.0,137834.0,117.25,116.25,117.0,116.5,18894.0
2007-02-07 00:00:00+00:00,41.0,138523.0,118.0,116.3,116.3,116.85,31376.0
2007-02-08 00:00:00+00:00,40.0,138745.0,117.0,115.5,117.0,115.55,24404.0
2007-02-09 00:00:00+00:00,39.0,137440.0,115.8,114.6,115.65,114.75,33996.0
2007-02-12 00:00:00+00:00,36.0,135731.0,114.8,113.7,114.55,113.9,31771.0
2007-02-13 00:00:00+00:00,35.0,132796.0,114.4,112.8,113.25,113.7,39939.0
2007-02-14 00:00:00+00:00,34.0,134281.0,114.95,114.0,114.3,114.05,28034.0
2007-02-15 00:00:00+00:00,33.0,134850.0,115.5,114.5,114.5,115.3,27935.0
2007-02-16 00:00:00+00:00,32.0,131248.0,114.9,113.0,114.0,113.2,41103.0
2007-02-19 00:00:00+00:00,32.0,131248.0,,,,113.2,
2007-02-20 00:00:00+00:00,28.0,128677.0,114.2,113.15,113.5,113.2,17074.0
2007-02-21 00:00:00+00:00,27.0,126424.0,115.5,112.75,113.4,115.15,25271.0
2007-02-22 00:00:00+00:00,26.0,126367.0,119.25,115.6,115.75,118.9,27019.0
2007-02-23 00:00:00+00:00,25.0,128389.0,120.0,118.8,119.35,119.25,18511.0
2007-02-26 00:00:00+00:00,22.0,128074.0,118.9,117.5,118.0,117.85,14238.0
2007-02-27 00:00:00+00:00,21.0,128130.0,117.35,116.6,117.0,117.3,13177.0
2007-02-28 00:00:00+00:00,20.0,129905.0,117.8,116.75,117.0,117.7,16420.0
2007-03-01 00:00:00+00:00,78.0,131087.0,117.2,115.0,116.8,116.6,25083.0
2007-03-02 00:00:00+00:00,77.0,130603.0,116.2,115.0,115.6,115.15,13139.0
2007-03-05 00:00:00+00:00,74.0,133064.0,114.9,111.4,114.6,111.5,29495.0
2007-03-06 00:00:00+00:00,73.0,132106.0,113.8,112.1,112.6,113.0,20603.0
2007-03-07 00:00:00+00:00,72.0,132121.0,113.0,111.25,112.8,112.2,15066.0
2007-03-08 00:00:00+00:00,71.0,134188.0,113.25,111.6,112.5,112.4,18100.0
2007-03-09 00:00:00+00:00,70.0,135667.0,112.75,111.5,111.8,112.5,14901.0
2007-03-12 00:00:00+00:00,67.0,135499.0,112.5,111.1,112.3,111.8,12567.0
2007-03-13 00:00:00+00:00,66.0,136470.0,113.4,110.9,112.2,111.05,15737.0
2007-03-14 00:00:00+00:00,65.0,137488.0,110.7,109.5,110.7,109.85,16532.0
2007-03-15 00:00:00+00:00,64.0,139787.0,111.0,109.8,110.3,110.55,16456.0
2007-03-16 00:00:00+00:00,63.0,140569.0,110.5,109.55,110.25,110.35,13984.0
2007-03-19 00:00:00+00:00,60.0,142031.0,111.2,109.2,110.8,110.25,13115.0
2007-03-20 00:00:00+00:00,59.0,143287.0,110.5,108.8,110.5,109.3,16010.0
2007-03-21 00:00:00+00:00,58.0,144616.0,112.85,109.25,109.25,112.5,21686.0
2007-03-22 00:00:00+00:00,57.0,146504.0,112.4,111.0,112.25,111.75,14987.0
2007-03-23 00:00:00+00:00,56.0,148193.0,114.1,112.75,112.8,113.35,18428.0
2007-03-26 00:00:00+00:00,53.0,149683.0,114.8,112.9,114.1,114.35,15409.0
2007-03-27 00:00:00+00:00,52.0,151347.0,114.2,112.05,114.05,112.45,18839.0
2007-03-28 00:00:00+00:00,51.0,152455.0,113.0,111.9,112.65,112.7,9925.0
2007-03-29 00:00:00+00:00,50.0,151171.0,112.8,110.3,112.2,110.6,16047.0
2007-03-30 00:00:00+00:00,49.0,154784.0,109.8,108.4,109.5,109.25,27334.0
2007-04-02 00:00:00+00:00,46.0,154210.0,110.8,108.3,109.8,108.6,22221.0
2007-04-03 00:00:00+00:00,45.0,154517.0,111.4,108.85,109.4,110.75,20804.0
2007-04-04 00:00:00+00:00,44.0,151726.0,111.7,110.0,111.1,110.55,12397.0
2007-04-05 00:00:00+00:00,43.0,149945.0,111.6,110.1,110.6,110.85,9092.0
2007-04-06 00:00:00+00:00,43.0,149945.0,,,,110.85,
2007-04-09 00:00:00+00:00,39.0,151892.0,111.6,109.1,111.0,109.65,24517.0
2007-04-10 00:00:00+00:00,38.0,150046.0,110.05,109.15,109.6,109.25,29712.0
2007-04-11 00:00:00+00:00,37.0,149658.0,109.9,109.3,109.3,109.45,22534.0
2007-04-12 00:00:00+00:00,36.0,149573.0,113.25,110.15,110.2,112.85,42134.0
2007-04-13 00:00:00+00:00,35.0,146351.0,113.9,111.6,113.85,111.8,33552.0
2007-04-16 00:00:00+00:00,32.0,147020.0,112.0,108.5,111.75,108.45,47054.0
2007-04-17 00:00:00+00:00,31.0,144376.0,109.9,108.25,108.85,109.6,28841.0
2007-04-18 00:00:00+00:00,30.0,142913.0,110.85,108.7,110.2,109.35,31732.0
2007-04-19 00:00:00+00:00,29.0,139127.0,109.25,108.2,108.25,108.5,38222.0
2007-04-20 00:00:00+00:00,28.0,138954.0,109.2,107.4,109.0,107.7,14593.0
2007-04-23 00:00:00+00:00,25.0,140064.0,108.0,106.25,107.95,106.35,16185.0
2007-04-24 00:00:00+00:00,24.0,142969.0,106.5,104.25,106.5,104.4,23511.0
2007-04-25 00:00:00+00:00,23.0,143936.0,104.8,104.0,104.0,104.35,10866.0
2007-04-26 00:00:00+00:00,22.0,144253.0,103.6,103.6,103.6,103.75,15403.0
2007-04-27 00:00:00+00:00,21.0,145619.0,104.0,103.8,103.8,104.0,18092.0
2007-04-30 00:00:00+00:00,18.0,147305.0,103.8,103.8,103.8,103.15,13080.0
2007-05-01 00:00:00+00:00,79.0,153966.0,105.4,103.25,104.6,104.85,39500.0
2007-05-02 00:00:00+00:00,78.0,155722.0,105.8,104.6,105.0,104.7,10513.0
2007-05-03 00:00:00+00:00,77.0,156417.0,105.4,104.1,104.7,104.35,10251.0
2007-05-04 00:00:00+00:00,76.0,156364.0,106.8,105.4,105.4,106.0,15301.0
2007-05-07 00:00:00+00:00,73.0,157241.0,106.9,104.4,106.75,104.8,11667.0
2007-05-08 00:00:00+00:00,72.0,158054.0,107.2,104.8,105.4,105.25,12094.0
2007-05-09 00:00:00+00:00,71.0,157695.0,106.9,105.05,105.5,106.25,13624.0
2007-05-10 00:00:00+00:00,70.0,159408.0,106.8,105.6,106.5,106.55,14289.0
2007-05-11 00:00:00+00:00,69.0,159162.0,106.6,105.0,106.45,105.7,9800.0
2007-05-14 00:00:00+00:00,66.0,160141.0,108.9,106.5,107.8,106.85,14398.0
2007-05-15 00:00:00+00:00,65.0,160710.0,108.2,106.75,107.1,107.3,12465.0
2007-05-16 00:00:00+00:00,64.0,160715.0,110.2,107.9,108.6,109.7,23058.0
2007-05-17 00:00:00+00:00,63.0,159291.0,113.3,109.9,110.65,113.1,28780.0
2007-05-18 00:00:00+00:00,62.0,159374.0,113.5,111.1,113.3,111.8,16947.0
2007-05-21 00:00:00+00:00,59.0,158324.0,113.15,111.6,111.65,112.0,14656.0
2007-05-22 00:00:00+00:00,58.0,158629.0,112.6,111.4,111.9,111.55,15519.0
2007-05-23 00:00:00+00:00,57.0,159385.0,112.2,110.7,111.25,112.05,19132.0
2007-05-24 00:00:00+00:00,56.0,159020.0,114.0,112.8,112.8,113.35,15547.0
2007-05-25 00:00:00+00:00,55.0,163622.0,113.9,112.2,113.65,112.9,17452.0
2007-05-28 00:00:00+00:00,55.0,163622.0,,,,112.9,
2007-05-29 00:00:00+00:00,51.0,161365.0,112.4,110.2,111.9,110.7,19560.0
2007-05-30 00:00:00+00:00,50.0,160508.0,111.5,110.35,110.6,111.35,17143.0
2007-05-31 00:00:00+00:00,49.0,163121.0,112.25,110.1,111.0,111.9,21589.0
2007-06-01 00:00:00+00:00,48.0,161682.0,117.9,113.5,113.5,117.4,47400.0
2007-06-04 00:00:00+00:00,45.0,158939.0,118.4,114.8,116.55,115.3,29074.0
2007-06-05 00:00:00+00:00,44.0,159466.0,117.1,115.5,115.55,116.55,22612.0
2007-06-06 00:00:00+00:00,43.0,161214.0,117.7,115.2,117.3,116.45,34938.0
2007-06-07 00:00:00+00:00,42.0,161405.0,117.5,115.5,116.0,116.95,32582.0
2007-06-08 00:00:00+00:00,41.0,160275.0,117.25,114.5,117.2,114.85,37404.0
2007-06-11 00:00:00+00:00,38.0,160882.0,116.2,114.2,114.25,115.4,42668.0
2007-06-12 00:00:00+00:00,37.0,161803.0,115.4,112.4,115.25,113.45,36579.0
2007-06-13 00:00:00+00:00,36.0,161695.0,114.9,112.8,113.4,114.6,44647.0
2007-06-14 00:00:00+00:00,35.0,161088.0,115.85,113.9,114.4,114.75,33027.0
2007-06-15 00:00:00+00:00,34.0,160044.0,115.7,114.6,115.0,114.7,28675.0
2007-06-18 00:00:00+00:00,31.0,156284.0,116.7,114.4,115.0,115.2,34687.0
2007-06-19 00:00:00+00:00,30.0,153798.0,114.85,112.65,114.6,113.35,33257.0
2007-06-20 00:00:00+00:00,29.0,153060.0,115.2,113.5,113.95,115.0,31422.0
2007-06-21 00:00:00+00:00,28.0,149360.0,115.4,114.4,115.0,114.55,16207.0
2007-06-22 00:00:00+00:00,27.0,149150.0,115.5,113.4,115.0,113.6,12499.0
2007-06-25 00:00:00+00:00,24.0,151975.0,113.0,110.0,113.0,110.0,23645.0
2007-06-26 00:00:00+00:00,23.0,152703.0,110.0,109.5,109.5,109.95,16363.0
2007-06-27 00:00:00+00:00,22.0,153973.0,110.5,109.6,109.9,110.4,13912.0
2007-06-28 00:00:00+00:00,21.0,154712.0,110.8,110.8,110.8,110.8,15807.0
2007-06-29 00:00:00+00:00,20.0,155308.0,111.15,111.15,111.15,111.0,12717.0
2007-07-02 00:00:00+00:00,78.0,156595.0,112.4,110.8,110.9,112.0,18398.0
2007-07-03 00:00:00+00:00,77.0,158500.0,111.85,110.3,111.7,111.1,17833.0
2007-07-04 00:00:00+00:00,77.0,158500.0,,,,111.1,
2007-07-05 00:00:00+00:00,75.0,161039.0,111.2,109.8,110.6,110.4,15189.0
2007-07-06 00:00:00+00:00,74.0,162472.0,110.15,108.7,109.95,109.75,15145.0
2007-07-09 00:00:00+00:00,71.0,164069.0,110.5,109.25,110.05,109.4,8783.0
2007-07-10 00:00:00+00:00,70.0,163546.0,111.9,109.8,109.95,111.15,17616.0
2007-07-11 00:00:00+00:00,69.0,163799.0,112.1,111.1,111.75,111.85,14914.0
2007-07-12 00:00:00+00:00,68.0,166900.0,112.6,110.1,111.6,111.4,21789.0
2007-07-13 00:00:00+00:00,67.0,169481.0,110.85,109.5,110.4,109.75,12373.0
2007-07-16 00:00:00+00:00,64.0,171369.0,111.9,109.4,109.55,111.75,16403.0
2007-07-17 00:00:00+00:00,63.0,170200.0,113.0,111.9,112.5,112.45,13943.0
2007-07-18 00:00:00+00:00,62.0,169887.0,114.5,112.7,113.15,114.0,16475.0
2007-07-19 00:00:00+00:00,61.0,170069.0,115.45,113.7,114.3,114.25,21886.0
2007-07-20 00:00:00+00:00,60.0,170310.0,114.7,113.9,114.1,114.0,8159.0
2007-07-23 00:00:00+00:00,57.0,173635.0,114.9,111.8,113.5,112.35,18831.0
2007-07-24 00:00:00+00:00,56.0,171727.0,116.2,111.3,112.75,115.75,33909.0
2007-07-25 00:00:00+00:00,55.0,172197.0,115.6,114.0,115.35,114.2,16096.0
2007-07-26 00:00:00+00:00,54.0,171564.0,115.0,111.0,114.25,111.4,22633.0
2007-07-27 00:00:00+00:00,53.0,171351.0,113.3,111.1,111.65,112.7,16580.0
2007-07-30 00:00:00+00:00,50.0,173842.0,113.25,111.6,112.9,112.95,16345.0
2007-07-31 00:00:00+00:00,49.0,175837.0,114.4,113.0,113.25,114.3,18108.0
2007-08-01 00:00:00+00:00,48.0,174571.0,114.5,112.75,113.95,113.1,19856.0
2007-08-02 00:00:00+00:00,47.0,174163.0,116.5,113.5,113.5,116.2,46439.0
2007-08-03 00:00:00+00:00,46.0,173255.0,118.4,117.0,117.0,117.65,22765.0
2007-08-06 00:00:00+00:00,43.0,173290.0,119.5,116.25,117.5,118.4,26610.0
2007-08-07 00:00:00+00:00,42.0,171918.0,118.6,116.5,118.5,117.45,30223.0
2007-08-08 00:00:00+00:00,41.0,171653.0,119.0,116.55,116.85,118.5,25778.0
2007-08-09 00:00:00+00:00,40.0,169247.0,119.9,117.8,118.9,119.5,32066.0
2007-08-10 00:00:00+00:00,39.0,166209.0,120.9,116.9,118.7,120.6,40025.0
2007-08-13 00:00:00+00:00,36.0,171657.0,121.9,119.1,119.65,120.75,49237.0
2007-08-14 00:00:00+00:00,35.0,166572.0,121.85,118.35,120.95,119.15,33970.0
2007-08-15 00:00:00+00:00,34.0,166542.0,119.8,117.3,118.3,119.2,25205.0
2007-08-16 00:00:00+00:00,33.0,162941.0,118.15,111.0,117.3,111.3,47849.0
2007-08-17 00:00:00+00:00,32.0,158885.0,115.8,113.3,113.6,115.55,25113.0
2007-08-20 00:00:00+00:00,29.0,157985.0,116.0,114.25,115.4,114.85,23515.0
2007-08-21 00:00:00+00:00,28.0,159535.0,114.9,114.05,114.5,114.25,29503.0
2007-08-22 00:00:00+00:00,27.0,155070.0,114.8,113.9,114.0,114.45,32682.0
2007-08-23 00:00:00+00:00,26.0,153509.0,115.8,115.2,115.8,115.85,12015.0
2007-08-24 00:00:00+00:00,25.0,152796.0,116.4,114.45,115.95,114.65,23400.0
2007-08-27 00:00:00+00:00,22.0,153420.0,114.15,113.4,113.9,113.1,7915.0
2007-08-28 00:00:00+00:00,21.0,153817.0,114.85,114.35,114.35,113.65,11313.0
2007-08-29 00:00:00+00:00,20.0,155473.0,112.65,112.65,112.65,112.65,10956.0
2007-08-30 00:00:00+00:00,19.0,155867.0,112.0,112.0,112.0,111.75,8219.0
2007-08-31 00:00:00+00:00,18.0,157247.0,113.0,112.25,112.25,112.65,11968.0
2007-09-03 00:00:00+00:00,18.0,157247.0,,,,112.65,
2007-09-04 00:00:00+00:00,105.0,158302.0,119.1,117.0,117.0,117.95,17474.0
2007-09-05 00:00:00+00:00,104.0,157041.0,117.2,115.2,116.3,116.05,14197.0
2007-09-06 00:00:00+00:00,103.0,157233.0,117.1,115.4,116.2,116.75,7117.0
2007-09-07 00:00:00+00:00,102.0,156358.0,117.95,116.25,117.2,116.9,15505.0
2007-09-10 00:00:00+00:00,99.0,159522.0,121.2,118.25,118.25,120.05,20008.0
2007-09-11 00:00:00+00:00,98.0,158880.0,120.35,118.4,119.45,119.5,9276.0
2007-09-12 00:00:00+00:00,97.0,159160.0,120.7,119.6,120.1,120.05,8718.0
2007-09-13 00:00:00+00:00,96.0,159732.0,119.5,117.25,118.1,119.3,10889.0
2007-09-14 00:00:00+00:00,95.0,160650.0,121.5,119.2,119.85,120.9,11978.0
2007-09-17 00:00:00+00:00,92.0,162699.0,128.0,124.75,125.0,127.8,46625.0
2007-09-18 00:00:00+00:00,91.0,161055.0,130.75,127.4,127.4,130.4,36499.0
2007-09-19 00:00:00+00:00,90.0,163702.0,131.4,128.35,128.35,131.35,24746.0
2007-09-20 00:00:00+00:00,89.0,166103.0,134.3,129.25,129.25,133.15,27389.0
2007-09-21 00:00:00+00:00,88.0,163960.0,132.55,129.3,131.5,129.9,24339.0
2007-09-24 00:00:00+00:00,85.0,166445.0,133.25,130.0,130.0,132.4,21032.0
2007-09-25 00:00:00+00:00,84.0,168146.0,135.0,130.9,131.0,133.1,23835.0
2007-09-26 00:00:00+00:00,83.0,168861.0,130.1,127.25,130.1,128.6,20049.0
2007-09-27 00:00:00+00:00,82.0,169298.0,130.6,128.4,128.65,128.8,16043.0
2007-09-28 00:00:00+00:00,81.0,169316.0,130.4,127.5,129.25,128.65,18153.0
2007-10-01 00:00:00+00:00,78.0,171337.0,135.5,133.4,134.5,134.85,34605.0
2007-10-02 00:00:00+00:00,77.0,170839.0,135.4,133.5,134.65,134.3,15719.0
2007-10-03 00:00:00+00:00,76.0,173216.0,136.25,134.3,134.3,135.85,16269.0
2007-10-04 00:00:00+00:00,75.0,172282.0,137.4,134.1,136.7,135.2,16536.0
2007-10-05 00:00:00+00:00,74.0,173760.0,137.2,134.7,135.0,137.0,17601.0
2007-10-08 00:00:00+00:00,71.0,175702.0,139.5,136.9,138.8,138.75,18481.0
2007-10-09 00:00:00+00:00,70.0,176866.0,136.8,132.6,136.8,133.75,21503.0
2007-10-10 00:00:00+00:00,69.0,176475.0,136.2,133.1,133.7,133.4,16690.0
2007-10-11 00:00:00+00:00,68.0,177466.0,139.7,136.1,137.85,138.25,23710.0
2007-10-12 00:00:00+00:00,67.0,179434.0,140.5,137.1,140.0,139.3,15717.0
2007-10-15 00:00:00+00:00,64.0,177424.0,132.3,129.25,132.3,130.05,31309.0
2007-10-16 00:00:00+00:00,63.0,176688.0,131.0,127.5,129.65,128.15,25808.0
2007-10-17 00:00:00+00:00,62.0,176818.0,129.9,128.45,129.6,129.55,16300.0
2007-10-18 00:00:00+00:00,61.0,174052.0,125.9,122.2,125.9,125.4,41344.0
2007-10-19 00:00:00+00:00,60.0,171665.0,126.0,124.4,126.0,125.0,13003.0
2007-10-22 00:00:00+00:00,57.0,172649.0,125.6,121.9,123.3,123.55,29757.0
2007-10-23 00:00:00+00:00,56.0,172511.0,124.3,122.3,122.6,123.85,17189.0
2007-10-24 00:00:00+00:00,55.0,171905.0,123.85,122.8,123.85,123.5,13841.0
2007-10-25 00:00:00+00:00,54.0,170396.0,123.95,120.25,123.45,120.6,24107.0
2007-10-26 00:00:00+00:00,53.0,169959.0,122.1,119.8,121.65,121.45,17817.0
2007-10-29 00:00:00+00:00,50.0,169309.0,122.4,120.3,121.45,122.35,14021.0
2007-10-30 00:00:00+00:00,49.0,168366.0,122.75,120.4,122.75,121.9,26392.0
2007-10-31 00:00:00+00:00,48.0,169660.0,122.9,120.8,122.0,121.35,16225.0
2007-11-01 00:00:00+00:00,47.0,168554.0,123.8,121.7,121.8,122.6,27514.0
2007-11-02 00:00:00+00:00,46.0,168421.0,122.0,118.0,122.0,118.9,30504.0
2007-11-05 00:00:00+00:00,43.0,164831.0,120.4,119.4,119.6,119.95,16833.0
2007-11-06 00:00:00+00:00,42.0,163302.0,121.4,119.8,120.7,120.7,18481.0
2007-11-07 00:00:00+00:00,41.0,161739.0,122.15,120.3,122.1,120.45,33887.0
2007-11-08 00:00:00+00:00,40.0,157499.0,122.7,120.75,120.75,121.9,36000.0
2007-11-09 00:00:00+00:00,39.0,156681.0,122.75,121.4,122.6,121.75,24436.0
2007-11-12 00:00:00+00:00,36.0,158218.0,122.0,118.4,121.0,121.75,43581.0
2007-11-13 00:00:00+00:00,35.0,159930.0,124.75,122.5,122.65,122.6,33191.0
2007-11-14 00:00:00+00:00,34.0,160935.0,124.4,122.9,123.6,124.2,20518.0
2007-11-15 00:00:00+00:00,33.0,157997.0,125.75,123.4,124.2,124.8,21623.0
2007-11-16 00:00:00+00:00,32.0,158097.0,125.9,124.6,125.0,124.9,31649.0
2007-11-19 00:00:00+00:00,29.0,156202.0,122.85,120.8,122.85,121.65,41984.0
2007-11-20 00:00:00+00:00,28.0,153591.0,124.7,122.5,122.5,124.35,12727.0
2007-11-21 00:00:00+00:00,27.0,152566.0,123.9,123.4,123.85,123.45,13495.0
2007-11-22 00:00:00+00:00,27.0,152566.0,,,,123.45,
2007-11-23 00:00:00+00:00,27.0,152566.0,,,,123.45,
2007-11-26 00:00:00+00:00,22.0,151995.0,123.6,122.0,123.6,122.1,7450.0
2007-11-27 00:00:00+00:00,21.0,152293.0,122.5,120.9,122.1,122.25,13207.0
2007-11-28 00:00:00+00:00,20.0,152780.0,127.0,123.7,123.7,125.8,18276.0
2007-11-29 00:00:00+00:00,19.0,152781.0,126.0,124.8,125.7,125.2,6687.0
2007-11-30 00:00:00+00:00,18.0,154516.0,125.2,125.2,125.2,125.95,16944.0
2007-12-03 00:00:00+00:00,106.0,155118.0,131.0,128.6,128.7,129.95,11518.0
2007-12-04 00:00:00+00:00,105.0,155570.0,131.0,129.85,130.65,130.6,10582.0
2007-12-05 00:00:00+00:00,104.0,156184.0,131.5,129.95,130.1,131.15,7952.0
2007-12-06 00:00:00+00:00,103.0,156585.0,130.5,128.3,130.1,129.05,11639.0
2007-12-07 00:00:00+00:00,102.0,157413.0,131.4,128.9,129.4,131.15,8360.0
2007-12-10 00:00:00+00:00,99.0,157489.0,133.8,130.7,130.7,133.5,14194.0
2007-12-11 00:00:00+00:00,98.0,159046.0,135.0,133.15,133.85,133.5,14720.0
2007-12-12 00:00:00+00:00,97.0,160186.0,134.5,133.5,133.5,134.15,14038.0
2007-12-13 00:00:00+00:00,96.0,160671.0,134.8,132.2,134.0,133.4,10720.0
2007-12-14 00:00:00+00:00,95.0,159917.0,134.15,132.7,133.6,133.95,9632.0
2007-12-17 00:00:00+00:00,92.0,160705.0,135.5,132.9,134.15,133.45,12914.0
2007-12-18 00:00:00+00:00,91.0,161529.0,135.3,134.1,134.1,134.55,9367.0
2007-12-19 00:00:00+00:00,90.0,162771.0,136.0,133.6,134.55,134.5,13411.0
2007-12-20 00:00:00+00:00,89.0,163288.0,134.7,132.95,134.4,133.7,8772.0
2007-12-21 00:00:00+00:00,88.0,163597.0,134.35,133.75,133.75,134.2,3866.0
2007-12-24 00:00:00+00:00,88.0,163597.0,,,,134.2,
2007-12-25 00:00:00+00:00,88.0,163597.0,,,,134.2,
2007-12-26 00:00:00+00:00,83.0,164076.0,134.95,129.5,134.95,133.65,11495.0
2007-12-27 00:00:00+00:00,82.0,163622.0,133.2,131.4,133.2,131.8,10840.0
2007-12-28 00:00:00+00:00,81.0,162696.0,133.5,132.6,132.6,133.1,9690.0
2007-12-31 00:00:00+00:00,78.0,165819.0,137.0,134.6,134.6,136.2,15049.0
2008-01-01 00:00:00+00:00,78.0,165819.0,,,,136.2,
2008-01-02 00:00:00+00:00,76.0,166496.0,137.0,132.8,136.05,134.0,13508.0
2008-01-03 00:00:00+00:00,75.0,167999.0,136.5,134.7,134.8,135.2,11088.0
2008-01-04 00:00:00+00:00,74.0,168488.0,133.8,130.3,133.8,132.7,16160.0
2008-01-07 00:00:00+00:00,71.0,169626.0,132.65,130.6,132.65,131.4,16032.0
2008-01-08 00:00:00+00:00,70.0,171672.0,136.0,132.7,133.6,135.45,20807.0
2008-01-09 00:00:00+00:00,69.0,172225.0,135.7,134.3,134.9,135.6,21109.0
2008-01-10 00:00:00+00:00,68.0,173287.0,137.0,135.0,135.65,136.65,19309.0
2008-01-11 00:00:00+00:00,67.0,176101.0,137.4,135.1,136.95,136.3,19604.0
2008-01-14 00:00:00+00:00,64.0,178565.0,137.8,134.1,135.15,137.55,23592.0
2008-01-15 00:00:00+00:00,63.0,180100.0,139.4,135.7,137.75,136.85,26698.0
2008-01-16 00:00:00+00:00,62.0,179611.0,136.05,133.5,136.05,134.9,17321.0
2008-01-17 00:00:00+00:00,61.0,179043.0,135.5,133.3,135.35,134.4,14625.0
2008-01-18 00:00:00+00:00,60.0,178056.0,133.9,132.75,133.9,133.1,15918.0
2008-01-21 00:00:00+00:00,60.0,178056.0,,,,133.1,
2008-01-22 00:00:00+00:00,56.0,175730.0,135.3,129.7,130.2,135.0,32341.0
2008-01-23 00:00:00+00:00,55.0,176067.0,135.25,131.1,134.5,131.3,19039.0
2008-01-24 00:00:00+00:00,54.0,176510.0,132.5,130.5,131.4,132.35,17399.0
2008-01-25 00:00:00+00:00,53.0,177802.0,132.9,131.25,132.0,131.45,15199.0
2008-01-28 00:00:00+00:00,50.0,179971.0,134.6,131.0,131.15,134.2,20192.0
2008-01-29 00:00:00+00:00,49.0,183544.0,134.9,133.4,134.2,133.7,20942.0
2008-01-30 00:00:00+00:00,48.0,183449.0,137.2,134.1,134.15,136.55,30431.0
2008-01-31 00:00:00+00:00,47.0,184344.0,138.5,136.6,136.6,138.15,27782.0
2008-02-01 00:00:00+00:00,46.0,185951.0,139.5,137.6,138.0,139.1,29079.0
2008-02-04 00:00:00+00:00,43.0,186768.0,144.0,139.3,139.9,142.7,34708.0
2008-02-05 00:00:00+00:00,42.0,190091.0,143.5,141.25,142.7,142.6,24385.0
2008-02-06 00:00:00+00:00,41.0,189782.0,143.3,142.05,142.05,143.15,33104.0
2008-02-07 00:00:00+00:00,40.0,188748.0,143.5,141.8,143.15,143.3,36178.0
2008-02-08 00:00:00+00:00,39.0,191139.0,147.3,142.4,142.55,147.2,55966.0
2008-02-11 00:00:00+00:00,36.0,190373.0,148.65,145.4,147.1,147.9,49399.0
2008-02-12 00:00:00+00:00,35.0,192447.0,148.5,146.7,147.25,147.95,48980.0
2008-02-13 00:00:00+00:00,34.0,198268.0,150.25,146.5,146.85,149.5,45953.0
2008-02-14 00:00:00+00:00,33.0,203766.0,152.6,150.15,151.0,152.6,49190.0
2008-02-15 00:00:00+00:00,32.0,204360.0,156.25,149.5,156.25,149.85,59085.0
2008-02-18 00:00:00+00:00,32.0,204360.0,,,,149.85,
2008-02-19 00:00:00+00:00,28.0,201843.0,155.7,152.0,152.0,155.05,59868.0
2008-02-20 00:00:00+00:00,27.0,194217.0,154.6,152.7,153.85,154.6,51803.0
2008-02-21 00:00:00+00:00,26.0,194578.0,157.0,156.0,156.0,156.35,21324.0
2008-02-22 00:00:00+00:00,25.0,192827.0,159.7,157.5,158.0,160.15,21200.0
2008-02-25 00:00:00+00:00,22.0,193712.0,160.7,160.5,160.7,161.7,20259.0
2008-02-26 00:00:00+00:00,21.0,191977.0,158.5,158.5,158.5,158.2,21493.0
2008-02-27 00:00:00+00:00,20.0,192419.0,161.5,161.5,161.5,161.5,20568.0
2008-02-28 00:00:00+00:00,19.0,193573.0,160.5,160.5,160.5,165.0,22324.0
2008-02-29 00:00:00+00:00,18.0,194260.0,169.75,163.0,166.25,164.6,24531.0
2008-03-03 00:00:00+00:00,77.0,192406.0,168.45,164.2,166.85,167.55,20072.0
2008-03-04 00:00:00+00:00,76.0,192088.0,168.85,163.0,166.9,165.05,24777.0
2008-03-05 00:00:00+00:00,75.0,190979.0,165.5,161.55,163.4,163.9,20107.0
2008-03-06 00:00:00+00:00,74.0,190105.0,165.95,152.9,163.2,154.75,34052.0
2008-03-07 00:00:00+00:00,73.0,193936.0,156.7,146.95,155.0,151.45,42785.0
2008-03-10 00:00:00+00:00,70.0,189061.0,151.5,147.65,150.4,150.5,15124.0
2008-03-11 00:00:00+00:00,69.0,187900.0,154.15,149.3,152.6,152.05,16354.0
2008-03-12 00:00:00+00:00,68.0,186695.0,155.15,152.45,154.85,153.95,16365.0
2008-03-13 00:00:00+00:00,67.0,185905.0,159.1,154.5,155.9,157.85,15281.0
2008-03-14 00:00:00+00:00,66.0,183497.0,159.9,148.3,159.0,152.2,30934.0
2008-03-17 00:00:00+00:00,63.0,176475.0,150.7,134.5,149.3,136.0,58965.0
2008-03-18 00:00:00+00:00,62.0,176609.0,139.75,134.4,137.5,137.55,28688.0
2008-03-19 00:00:00+00:00,61.0,174811.0,139.2,130.6,138.05,132.95,34592.0
2008-03-20 00:00:00+00:00,60.0,171105.0,134.0,125.85,132.85,130.9,37093.0
2008-03-21 00:00:00+00:00,60.0,171105.0,,,,130.9,
2008-03-24 00:00:00+00:00,56.0,169674.0,133.2,128.05,131.65,128.75,15602.0
2008-03-25 00:00:00+00:00,55.0,169494.0,133.75,129.65,129.9,132.65,20669.0
2008-03-26 00:00:00+00:00,54.0,169273.0,135.35,130.6,132.7,132.3,18705.0
2008-03-27 00:00:00+00:00,53.0,168832.0,133.5,129.65,132.5,132.55,12451.0
2008-03-28 00:00:00+00:00,52.0,168002.0,133.3,129.45,133.15,130.4,16270.0
2008-03-31 00:00:00+00:00,49.0,162285.0,131.5,126.95,131.0,127.4,36605.0
2008-04-01 00:00:00+00:00,48.0,160969.0,130.25,126.2,127.0,129.1,24318.0
2008-04-02 00:00:00+00:00,47.0,160578.0,131.45,128.35,129.95,128.65,19476.0
2008-04-03 00:00:00+00:00,46.0,160018.0,132.7,128.45,129.5,131.3,16740.0
2008-04-04 00:00:00+00:00,45.0,160274.0,132.45,130.5,131.3,131.9,12146.0
2008-04-07 00:00:00+00:00,42.0,160474.0,134.0,131.75,132.55,133.6,27102.0
2008-04-08 00:00:00+00:00,41.0,161591.0,134.5,132.8,133.75,133.2,26063.0
2008-04-09 00:00:00+00:00,40.0,162145.0,137.5,131.45,133.15,136.5,45189.0
2008-04-10 00:00:00+00:00,39.0,167149.0,137.95,130.0,136.95,131.75,43171.0
2008-04-11 00:00:00+00:00,38.0,172957.0,133.45,130.35,132.5,130.85,38083.0
2008-04-14 00:00:00+00:00,35.0,169544.0,132.3,130.45,130.85,131.1,24268.0
2008-04-15 00:00:00+00:00,34.0,167583.0,136.15,130.9,130.95,134.2,26881.0
2008-04-16 00:00:00+00:00,33.0,166047.0,136.85,134.0,134.2,134.75,29428.0
2008-04-17 00:00:00+00:00,32.0,165674.0,140.65,134.4,134.4,139.65,37902.0
2008-04-18 00:00:00+00:00,31.0,165661.0,139.55,132.5,138.65,135.25,32874.0
2008-04-21 00:00:00+00:00,28.0,163176.0,137.0,131.0,134.75,131.4,36298.0
2008-04-22 00:00:00+00:00,27.0,155657.0,136.55,131.35,131.35,135.3,36568.0
2008-04-23 00:00:00+00:00,26.0,154228.0,136.05,134.0,136.05,135.4,9418.0
2008-04-24 00:00:00+00:00,25.0,153579.0,135.1,130.8,135.1,130.75,13371.0
2008-04-25 00:00:00+00:00,24.0,152639.0,131.45,128.6,131.05,130.45,19466.0
2008-04-28 00:00:00+00:00,21.0,150763.0,134.25,130.6,130.6,133.55,15161.0
2008-04-29 00:00:00+00:00,20.0,151237.0,134.55,132.0,133.3,134.35,10080.0
2008-04-30 00:00:00+00:00,19.0,150031.0,135.25,133.7,134.55,134.55,11999.0
2008-05-01 00:00:00+00:00,81.0,151249.0,135.5,129.05,135.5,129.25,25490.0
2008-05-02 00:00:00+00:00,80.0,149509.0,131.55,128.8,130.45,129.4,19846.0
2008-05-05 00:00:00+00:00,77.0,148301.0,133.7,128.9,129.5,132.6,12304.0
2008-05-06 00:00:00+00:00,76.0,148003.0,134.2,131.6,132.75,133.6,12472.0
2008-05-07 00:00:00+00:00,75.0,148184.0,133.9,129.8,133.75,131.1,13690.0
2008-05-08 00:00:00+00:00,74.0,147856.0,135.2,130.5,130.5,134.55,18249.0
2008-05-09 00:00:00+00:00,73.0,147788.0,140.0,134.45,134.55,136.55,24112.0
2008-05-12 00:00:00+00:00,70.0,148546.0,139.4,135.45,136.55,138.55,12856.0
2008-05-13 00:00:00+00:00,69.0,148899.0,139.15,135.65,138.9,137.25,13214.0
2008-05-14 00:00:00+00:00,68.0,148310.0,138.6,136.2,137.25,137.7,11866.0
2008-05-15 00:00:00+00:00,67.0,148750.0,139.75,129.5,138.0,136.8,12776.0
2008-05-16 00:00:00+00:00,66.0,148773.0,138.8,136.55,136.95,138.0,9898.0
2008-05-19 00:00:00+00:00,63.0,150224.0,140.0,134.9,138.45,135.25,20184.0
2008-05-20 00:00:00+00:00,62.0,150178.0,137.7,135.0,135.2,136.8,15421.0
2008-05-21 00:00:00+00:00,61.0,153807.0,141.65,136.8,137.0,140.45,29329.0
2008-05-22 00:00:00+00:00,60.0,152755.0,142.0,133.25,141.15,134.2,23430.0
2008-05-23 00:00:00+00:00,59.0,152123.0,135.4,133.15,134.3,134.0,14858.0
2008-05-26 00:00:00+00:00,59.0,152123.0,,,,134.0,
2008-05-27 00:00:00+00:00,55.0,151882.0,135.4,131.5,134.5,132.0,17200.0
2008-05-28 00:00:00+00:00,54.0,151518.0,136.25,131.35,132.0,135.6,17192.0
2008-05-29 00:00:00+00:00,53.0,151382.0,137.0,132.2,135.8,132.5,17350.0
2008-05-30 00:00:00+00:00,52.0,152312.0,134.75,132.6,132.65,133.9,13084.0
2008-06-02 00:00:00+00:00,49.0,156919.0,138.5,132.7,133.85,137.35,32090.0
2008-06-03 00:00:00+00:00,48.0,153194.0,137.45,131.55,137.45,132.5,32402.0
2008-06-04 00:00:00+00:00,47.0,154631.0,133.75,131.6,132.75,132.75,22481.0
2008-06-05 00:00:00+00:00,46.0,151131.0,137.25,132.8,133.15,135.8,27856.0
2008-06-06 00:00:00+00:00,45.0,147723.0,137.5,134.45,135.95,135.85,28307.0
2008-06-09 00:00:00+00:00,42.0,149052.0,136.05,130.5,134.7,131.05,42774.0
2008-06-10 00:00:00+00:00,41.0,148748.0,135.85,130.85,131.5,135.05,39262.0
2008-06-11 00:00:00+00:00,40.0,148836.0,135.75,131.95,134.9,133.6,42100.0
2008-06-12 00:00:00+00:00,39.0,150794.0,135.1,133.35,134.0,134.6,31617.0
2008-06-13 00:00:00+00:00,38.0,145737.0,135.05,133.4,134.5,134.4,17270.0
2008-06-16 00:00:00+00:00,35.0,146320.0,139.6,134.4,134.45,136.05,85511.0
2008-06-17 00:00:00+00:00,34.0,144066.0,139.35,135.5,137.6,139.1,35446.0
2008-06-18 00:00:00+00:00,33.0,138934.0,140.0,135.05,139.0,136.65,36268.0
2008-06-19 00:00:00+00:00,32.0,134934.0,139.5,136.0,137.75,136.95,34111.0
2008-06-20 00:00:00+00:00,31.0,138953.0,145.65,137.0,137.95,143.95,27967.0
2008-06-23 00:00:00+00:00,28.0,139573.0,145.5,142.0,143.0,143.8,20963.0
2008-06-24 00:00:00+00:00,27.0,140857.0,148.15,143.9,144.65,145.85,16744.0
2008-06-25 00:00:00+00:00,26.0,141969.0,148.25,144.95,146.5,147.6,17338.0
2008-06-26 00:00:00+00:00,25.0,145322.0,152.6,148.0,148.15,151.25,21201.0
2008-06-27 00:00:00+00:00,24.0,145374.0,151.7,149.0,151.25,150.15,11062.0
2008-06-30 00:00:00+00:00,21.0,146413.0,154.05,148.6,150.3,150.9,19304.0
2008-07-01 00:00:00+00:00,79.0,148775.0,155.8,152.5,153.2,155.35,12972.0
2008-07-02 00:00:00+00:00,78.0,150230.0,156.2,153.3,155.15,155.95,14049.0
2008-07-03 00:00:00+00:00,77.0,150763.0,156.05,151.25,155.7,151.9,11610.0
2008-07-04 00:00:00+00:00,77.0,150763.0,,,,151.9,
2008-07-07 00:00:00+00:00,73.0,150060.0,151.5,141.4,151.25,143.3,22707.0
2008-07-08 00:00:00+00:00,72.0,148715.0,143.75,138.1,143.1,142.4,26107.0
2008-07-09 00:00:00+00:00,71.0,147950.0,142.7,139.6,142.1,140.6,10624.0
2008-07-10 00:00:00+00:00,70.0,145957.0,142.15,139.3,140.65,141.5,14057.0
2008-07-11 00:00:00+00:00,69.0,144173.0,143.8,141.15,142.3,142.25,9807.0
2008-07-14 00:00:00+00:00,66.0,143832.0,143.9,140.35,142.6,142.9,7895.0
2008-07-15 00:00:00+00:00,65.0,145873.0,144.7,139.5,142.8,140.7,16211.0
2008-07-16 00:00:00+00:00,64.0,145950.0,141.9,138.8,140.9,140.95,11063.0
2008-07-17 00:00:00+00:00,63.0,145515.0,143.35,136.8,141.1,137.65,27457.0
2008-07-18 00:00:00+00:00,62.0,147059.0,138.75,136.6,137.45,137.75,15978.0
2008-07-21 00:00:00+00:00,59.0,146592.0,138.15,136.6,137.5,137.3,7417.0
2008-07-22 00:00:00+00:00,58.0,146500.0,138.55,136.65,138.35,137.45,9048.0
2008-07-23 00:00:00+00:00,57.0,146701.0,137.5,134.9,136.8,135.95,16663.0
2008-07-24 00:00:00+00:00,56.0,145744.0,135.75,133.95,135.3,135.2,11271.0
2008-07-25 00:00:00+00:00,55.0,146654.0,138.0,134.35,135.8,137.3,12581.0
2008-07-28 00:00:00+00:00,52.0,147503.0,137.55,134.75,137.4,135.3,9636.0
2008-07-29 00:00:00+00:00,51.0,146668.0,137.45,135.0,136.8,136.4,14445.0
2008-07-30 00:00:00+00:00,50.0,147313.0,138.4,136.45,137.15,137.55,13518.0
2008-07-31 00:00:00+00:00,49.0,146712.0,139.6,137.0,138.15,139.35,22789.0
2008-08-01 00:00:00+00:00,48.0,146637.0,140.75,137.65,139.15,140.15,16240.0
2008-08-04 00:00:00+00:00,45.0,144464.0,140.25,134.8,139.8,136.85,27114.0
2008-08-05 00:00:00+00:00,44.0,145055.0,142.25,135.1,136.5,140.2,27957.0
2008-08-06 00:00:00+00:00,43.0,142155.0,140.95,137.2,140.2,137.9,24775.0
2008-08-07 00:00:00+00:00,42.0,142303.0,141.8,137.8,138.05,140.45,27096.0
2008-08-08 00:00:00+00:00,41.0,138060.0,140.45,135.6,139.1,135.8,46995.0
2008-08-11 00:00:00+00:00,38.0,136160.0,138.1,135.6,136.65,135.85,27919.0
2008-08-12 00:00:00+00:00,37.0,132765.0,140.1,134.55,135.9,137.45,43982.0
2008-08-13 00:00:00+00:00,36.0,134311.0,137.95,133.0,137.5,135.55,41568.0
2008-08-14 00:00:00+00:00,35.0,132717.0,136.95,134.65,135.5,135.15,24827.0
2008-08-15 00:00:00+00:00,34.0,131468.0,135.1,131.2,135.05,132.85,23372.0
2008-08-18 00:00:00+00:00,31.0,130928.0,134.9,132.5,133.5,133.95,32785.0
2008-08-19 00:00:00+00:00,30.0,128667.0,137.7,132.9,133.8,136.2,29874.0
2008-08-20 00:00:00+00:00,29.0,125371.0,138.3,136.0,136.65,137.3,26576.0
2008-08-21 00:00:00+00:00,28.0,124983.0,141.3,137.85,138.0,139.85,16397.0
2008-08-22 00:00:00+00:00,27.0,125840.0,140.5,138.5,139.35,140.25,10468.0
2008-08-25 00:00:00+00:00,24.0,126211.0,140.1,138.8,139.5,139.1,4851.0
2008-08-26 00:00:00+00:00,23.0,126493.0,143.6,138.25,139.05,143.7,16029.0
2008-08-27 00:00:00+00:00,22.0,125079.0,147.85,143.2,145.35,143.8,21113.0
2008-08-28 00:00:00+00:00,21.0,128405.0,146.35,144.3,144.5,143.25,12795.0
2008-08-29 00:00:00+00:00,20.0,128660.0,144.5,143.4,144.45,141.9,9269.0
2008-09-01 00:00:00+00:00,20.0,128660.0,,,,141.9,
2008-09-02 00:00:00+00:00,107.0,127113.0,145.25,141.8,145.0,144.45,17140.0
2008-09-03 00:00:00+00:00,106.0,124635.0,145.5,142.5,144.75,143.4,20172.0
2008-09-04 00:00:00+00:00,105.0,124923.0,147.35,143.0,143.95,146.75,12452.0
2008-09-05 00:00:00+00:00,104.0,123864.0,148.0,141.1,146.75,142.65,23464.0
2008-09-08 00:00:00+00:00,101.0,123042.0,144.4,141.65,143.45,143.0,19087.0
2008-09-09 00:00:00+00:00,100.0,123156.0,143.2,139.9,142.0,140.1,16742.0
2008-09-10 00:00:00+00:00,99.0,125370.0,141.35,138.5,140.0,140.8,14225.0
2008-09-11 00:00:00+00:00,98.0,125166.0,140.25,137.25,139.5,138.45,16855.0
2008-09-12 00:00:00+00:00,97.0,123846.0,140.2,138.25,138.5,139.2,11603.0
2008-09-15 00:00:00+00:00,94.0,124530.0,140.0,136.15,139.15,139.05,18569.0
2008-09-16 00:00:00+00:00,93.0,126229.0,138.3,132.9,138.2,133.4,32088.0
2008-09-17 00:00:00+00:00,92.0,124646.0,135.2,131.85,133.95,132.9,18768.0
2008-09-18 00:00:00+00:00,91.0,123630.0,135.8,130.35,133.3,130.45,20746.0
2008-09-19 00:00:00+00:00,90.0,125709.0,134.4,130.4,131.1,133.1,14030.0
2008-09-22 00:00:00+00:00,87.0,124554.0,137.15,133.95,134.4,136.6,14351.0
2008-09-23 00:00:00+00:00,86.0,123753.0,137.8,134.55,137.0,134.9,11965.0
2008-09-24 00:00:00+00:00,85.0,125561.0,137.0,134.65,135.5,135.65,8625.0
2008-09-25 00:00:00+00:00,84.0,126304.0,138.5,133.75,135.15,137.6,15475.0
2008-09-26 00:00:00+00:00,83.0,137485.0,137.65,132.85,137.6,134.15,39212.0
2008-09-29 00:00:00+00:00,80.0,137479.0,134.0,129.3,134.0,130.25,21481.0
2008-09-30 00:00:00+00:00,79.0,137031.0,131.35,128.8,129.8,130.45,14181.0
2008-10-01 00:00:00+00:00,78.0,137094.0,131.9,128.45,131.0,129.1,17238.0
2008-10-02 00:00:00+00:00,77.0,136637.0,129.5,124.8,129.1,125.45,21123.0
2008-10-03 00:00:00+00:00,76.0,137904.0,125.85,121.6,125.15,122.05,24754.0
2008-10-06 00:00:00+00:00,73.0,138201.0,122.05,112.95,121.0,114.5,41411.0
2008-10-07 00:00:00+00:00,72.0,138300.0,116.3,114.0,114.5,114.2,17015.0
2008-10-08 00:00:00+00:00,71.0,137364.0,116.0,109.35,114.0,114.55,24841.0
2008-10-09 00:00:00+00:00,70.0,137364.0,116.45,114.5,114.55,114.65,12774.0
2008-10-10 00:00:00+00:00,69.0,135670.0,116.9,110.3,113.4,115.35,19703.0
2008-10-13 00:00:00+00:00,66.0,131667.0,120.35,116.05,116.35,117.65,12418.0
2008-10-14 00:00:00+00:00,65.0,132198.0,121.1,118.35,118.95,118.95,12911.0
2008-10-15 00:00:00+00:00,64.0,130683.0,118.75,112.2,118.75,113.25,13082.0
2008-10-16 00:00:00+00:00,63.0,130715.0,115.55,111.45,112.0,112.95,14855.0
2008-10-17 00:00:00+00:00,62.0,129395.0,116.35,113.55,114.2,115.6,13235.0
2008-10-20 00:00:00+00:00,59.0,129569.0,117.35,114.3,117.0,114.5,9381.0
2008-10-21 00:00:00+00:00,58.0,129213.0,116.5,113.45,115.4,114.25,8362.0
2008-10-22 00:00:00+00:00,57.0,130258.0,114.2,112.15,114.05,112.6,9943.0
2008-10-23 00:00:00+00:00,56.0,129314.0,112.85,109.75,112.1,110.1,14496.0
2008-10-24 00:00:00+00:00,55.0,129053.0,111.95,106.3,110.1,108.65,17726.0
2008-10-27 00:00:00+00:00,52.0,128290.0,108.5,105.05,108.05,107.75,14489.0
2008-10-28 00:00:00+00:00,51.0,128577.0,110.9,107.0,108.95,107.7,10157.0
2008-10-29 00:00:00+00:00,50.0,127533.0,114.15,109.25,109.25,112.2,13157.0
2008-10-30 00:00:00+00:00,49.0,127172.0,114.65,110.5,114.4,111.0,22139.0
2008-10-31 00:00:00+00:00,48.0,126400.0,114.05,109.15,111.0,113.0,19241.0
2008-11-03 00:00:00+00:00,45.0,125390.0,114.5,111.5,114.0,112.35,10796.0
2008-11-04 00:00:00+00:00,44.0,125623.0,117.95,112.25,113.25,116.7,17738.0
2008-11-05 00:00:00+00:00,43.0,125381.0,118.5,115.0,115.9,116.4,17518.0
2008-11-06 00:00:00+00:00,42.0,124406.0,116.25,109.35,114.65,111.0,27278.0
2008-11-07 00:00:00+00:00,41.0,125314.0,112.65,110.65,111.6,112.1,21756.0
2008-11-10 00:00:00+00:00,38.0,124556.0,116.5,112.4,112.95,112.8,35052.0
2008-11-11 00:00:00+00:00,37.0,122993.0,114.0,111.75,112.45,112.3,34690.0
2008-11-12 00:00:00+00:00,36.0,116776.0,113.55,111.15,113.3,111.75,26540.0
2008-11-13 00:00:00+00:00,35.0,118544.0,114.9,110.3,111.75,110.4,33077.0
2008-11-14 00:00:00+00:00,34.0,116379.0,112.55,110.5,111.5,110.95,18134.0
2008-11-17 00:00:00+00:00,31.0,117079.0,112.0,106.25,110.95,110.55,35001.0
2008-11-18 00:00:00+00:00,30.0,111924.0,111.95,109.75,109.75,110.6,24918.0
2008-11-19 00:00:00+00:00,29.0,110268.0,114.25,109.2,110.6,111.0,18449.0
2008-11-20 00:00:00+00:00,28.0,109861.0,111.15,107.95,110.1,108.3,12456.0
2008-11-21 00:00:00+00:00,27.0,108190.0,110.85,108.4,108.4,108.95,8833.0
2008-11-24 00:00:00+00:00,24.0,107578.0,113.35,109.65,109.65,112.2,12455.0
2008-11-25 00:00:00+00:00,23.0,108048.0,114.25,112.0,114.25,112.5,8003.0
2008-11-26 00:00:00+00:00,22.0,108687.0,114.2,111.95,112.5,114.1,11698.0
2008-11-27 00:00:00+00:00,22.0,108687.0,,,,114.1,
2008-11-28 00:00:00+00:00,20.0,109212.0,114.1,114.1,114.1,114.1,8954.0
2008-12-01 00:00:00+00:00,108.0,108832.0,116.0,112.9,115.8,113.55,16021.0
2008-12-02 00:00:00+00:00,107.0,109380.0,114.3,110.9,113.65,111.9,11483.0
2008-12-03 00:00:00+00:00,106.0,112175.0,113.0,110.3,111.85,111.25,14934.0
2008-12-04 00:00:00+00:00,105.0,115054.0,110.95,105.55,110.5,106.15,20197.0
2008-12-05 00:00:00+00:00,104.0,115984.0,108.0,102.15,106.65,103.2,19975.0
2008-12-08 00:00:00+00:00,101.0,114902.0,109.9,104.95,105.0,109.5,14638.0
2008-12-09 00:00:00+00:00,100.0,114655.0,112.1,107.0,109.05,109.85,13421.0
2008-12-10 00:00:00+00:00,99.0,115427.0,111.7,109.2,109.85,111.05,9115.0
2008-12-11 00:00:00+00:00,98.0,117999.0,113.7,111.2,111.2,112.7,31477.0
2008-12-12 00:00:00+00:00,97.0,120154.0,113.45,110.4,111.5,112.15,13490.0
2008-12-15 00:00:00+00:00,94.0,119185.0,114.0,109.9,113.0,110.55,16731.0
2008-12-16 00:00:00+00:00,93.0,119674.0,111.95,110.25,110.8,111.1,8435.0
2008-12-17 00:00:00+00:00,92.0,120097.0,113.8,110.9,112.2,112.3,10190.0
2008-12-18 00:00:00+00:00,91.0,120303.0,113.6,111.7,112.85,112.5,6682.0
2008-12-19 00:00:00+00:00,90.0,120523.0,112.35,110.25,112.25,110.95,6283.0
2008-12-22 00:00:00+00:00,87.0,121505.0,111.25,107.05,111.0,108.35,9300.0
2008-12-23 00:00:00+00:00,86.0,121339.0,108.9,107.05,108.0,107.45,3884.0
2008-12-24 00:00:00+00:00,85.0,121789.0,108.55,107.35,107.5,108.05,1720.0
2008-12-25 00:00:00+00:00,85.0,121789.0,,,,108.05,
2008-12-26 00:00:00+00:00,83.0,122073.0,109.35,107.95,108.9,108.4,1656.0
2008-12-29 00:00:00+00:00,80.0,123154.0,109.35,106.25,108.35,106.65,6208.0
2008-12-30 00:00:00+00:00,79.0,122856.0,108.0,106.55,106.55,107.55,4236.0
2008-12-31 00:00:00+00:00,78.0,123850.0,113.0,107.25,107.75,112.05,10545.0
2009-01-01 00:00:00+00:00,78.0,123850.0,,,,112.05,
2009-01-02 00:00:00+00:00,76.0,124184.0,112.05,109.1,111.85,110.9,4603.0
2009-01-05 00:00:00+00:00,73.0,126591.0,111.6,106.05,110.9,107.7,15310.0
2009-01-06 00:00:00+00:00,72.0,127437.0,116.7,108.25,108.5,116.1,26466.0
2009-01-07 00:00:00+00:00,71.0,127091.0,117.2,113.75,116.0,114.2,21775.0
2009-01-08 00:00:00+00:00,70.0,125261.0,116.4,113.05,113.8,113.45,11906.0
2009-01-09 00:00:00+00:00,69.0,128693.0,119.5,113.75,114.05,116.9,22313.0
2009-01-12 00:00:00+00:00,66.0,127223.0,118.85,114.3,115.9,114.5,10978.0
2009-01-13 00:00:00+00:00,65.0,127162.0,116.85,113.55,114.05,114.75,11620.0
2009-01-14 00:00:00+00:00,64.0,125738.0,116.65,114.35,115.8,114.65,10717.0
2009-01-15 00:00:00+00:00,63.0,126156.0,115.65,113.25,115.0,113.9,10430.0
2009-01-16 00:00:00+00:00,62.0,127266.0,117.5,115.0,115.05,115.8,17505.0
2009-01-19 00:00:00+00:00,62.0,127266.0,,,,115.8,
2009-01-20 00:00:00+00:00,58.0,128222.0,116.35,113.9,114.3,114.9,9949.0
2009-01-21 00:00:00+00:00,57.0,129651.0,118.0,112.7,115.0,117.55,21577.0
2009-01-22 00:00:00+00:00,56.0,132696.0,120.4,117.55,117.75,119.45,34232.0
2009-01-23 00:00:00+00:00,55.0,133898.0,120.6,118.0,119.0,119.65,11314.0
2009-01-26 00:00:00+00:00,52.0,133317.0,122.5,118.75,119.05,122.2,14130.0
2009-01-27 00:00:00+00:00,51.0,134488.0,123.4,120.35,122.45,121.9,17068.0
2009-01-28 00:00:00+00:00,50.0,134666.0,122.75,120.9,122.0,122.5,8123.0
2009-01-29 00:00:00+00:00,49.0,135599.0,122.5,120.65,122.3,121.5,12228.0
2009-01-30 00:00:00+00:00,48.0,136200.0,121.85,117.9,120.75,118.9,16831.0
2009-02-02 00:00:00+00:00,45.0,136115.0,120.5,117.0,118.9,119.75,18330.0
2009-02-03 00:00:00+00:00,44.0,137744.0,120.2,117.8,119.75,119.25,17992.0
2009-02-04 00:00:00+00:00,43.0,136845.0,119.25,115.3,119.25,115.9,24376.0
2009-02-05 00:00:00+00:00,42.0,138473.0,119.85,114.1,115.85,119.2,23005.0
2009-02-06 00:00:00+00:00,41.0,138754.0,120.75,117.75,118.8,119.55,29385.0
2009-02-09 00:00:00+00:00,38.0,138161.0,122.15,118.25,118.5,121.4,26726.0
2009-02-10 00:00:00+00:00,37.0,136959.0,121.4,116.4,120.75,116.85,33734.0
2009-02-11 00:00:00+00:00,36.0,134878.0,118.1,115.45,116.65,115.8,29464.0
2009-02-12 00:00:00+00:00,35.0,129187.0,116.45,111.4,115.8,112.15,52079.0
2009-02-13 00:00:00+00:00,34.0,130163.0,113.55,111.15,112.9,112.35,23118.0
2009-02-16 00:00:00+00:00,34.0,130163.0,,,,112.35,
2009-02-17 00:00:00+00:00,30.0,130901.0,112.35,110.0,112.35,110.35,24050.0
2009-02-18 00:00:00+00:00,29.0,122706.0,110.9,108.3,110.2,108.85,37479.0
2009-02-19 00:00:00+00:00,28.0,120714.0,110.6,108.65,108.75,109.7,12467.0
2009-02-20 00:00:00+00:00,27.0,122189.0,109.95,108.25,109.6,108.9,10890.0
2009-02-23 00:00:00+00:00,24.0,122504.0,111.85,109.8,110.2,110.85,7556.0
2009-02-24 00:00:00+00:00,23.0,123023.0,111.7,110.05,110.7,111.2,5888.0
2009-02-25 00:00:00+00:00,22.0,123801.0,111.6,110.15,111.05,110.65,7353.0
2009-02-26 00:00:00+00:00,21.0,123855.0,111.6,110.2,111.05,110.7,11659.0
2009-02-27 00:00:00+00:00,20.0,124939.0,110.7,108.0,110.45,109.45,11235.0
2009-03-02 00:00:00+00:00,77.0,126949.0,111.75,105.5,111.3,105.7,27116.0
2009-03-03 00:00:00+00:00,76.0,127510.0,107.8,105.9,106.3,106.5,10822.0
2009-03-04 00:00:00+00:00,75.0,127470.0,109.65,106.75,106.75,108.7,12393.0
2009-03-05 00:00:00+00:00,74.0,128509.0,108.9,106.85,108.75,108.7,12882.0
2009-03-06 00:00:00+00:00,73.0,128813.0,109.2,107.15,108.5,107.2,8821.0
2009-03-09 00:00:00+00:00,70.0,130288.0,107.65,104.35,107.3,106.3,14879.0
2009-03-10 00:00:00+00:00,69.0,131281.0,107.15,105.6,106.1,105.95,8369.0
2009-03-11 00:00:00+00:00,68.0,132622.0,107.85,105.35,105.7,107.05,9501.0
2009-03-12 00:00:00+00:00,67.0,134256.0,112.95,104.45,107.0,110.55,27275.0
2009-03-13 00:00:00+00:00,66.0,133548.0,112.4,109.6,110.55,110.15,12850.0
2009-03-16 00:00:00+00:00,63.0,134229.0,111.8,108.6,109.45,110.75,11081.0
2009-03-17 00:00:00+00:00,62.0,136670.0,112.1,109.75,110.8,111.25,20254.0
2009-03-18 00:00:00+00:00,61.0,137396.0,114.25,111.15,112.0,113.15,14753.0
2009-03-19 00:00:00+00:00,60.0,139795.0,117.2,114.0,114.0,116.15,26533.0
2009-03-20 00:00:00+00:00,59.0,138787.0,118.1,115.15,115.7,116.2,15926.0
2009-03-23 00:00:00+00:00,56.0,139520.0,117.65,115.9,116.55,117.5,10989.0
2009-03-24 00:00:00+00:00,55.0,139628.0,117.9,116.25,117.0,116.75,11114.0
2009-03-25 00:00:00+00:00,54.0,139850.0,117.2,115.3,116.3,116.7,12987.0
2009-03-26 00:00:00+00:00,53.0,141174.0,119.2,117.0,117.0,117.35,14726.0
2009-03-27 00:00:00+00:00,52.0,140753.0,117.65,114.55,117.4,115.85,14158.0
2009-03-30 00:00:00+00:00,49.0,141850.0,115.55,112.85,115.5,113.0,18552.0
2009-03-31 00:00:00+00:00,48.0,142245.0,116.15,113.3,113.35,115.75,12957.0
2009-04-01 00:00:00+00:00,47.0,141850.0,116.05,114.15,115.55,114.5,14585.0
2009-04-02 00:00:00+00:00,46.0,142100.0,118.15,114.65,114.65,116.8,16526.0
2009-04-03 00:00:00+00:00,45.0,142810.0,119.4,115.9,116.8,118.4,18986.0
2009-04-06 00:00:00+00:00,42.0,141811.0,119.3,116.4,119.0,117.5,11128.0
2009-04-07 00:00:00+00:00,41.0,142856.0,118.35,116.05,117.2,117.5,23117.0
2009-04-08 00:00:00+00:00,40.0,143542.0,118.8,116.8,117.0,118.2,22281.0
2009-04-09 00:00:00+00:00,39.0,142285.0,120.0,118.25,118.4,119.3,25887.0
2009-04-10 00:00:00+00:00,39.0,142285.0,,,,119.3,
2009-04-13 00:00:00+00:00,35.0,141187.0,120.3,113.0,119.15,115.2,29449.0
2009-04-14 00:00:00+00:00,34.0,140059.0,116.1,113.5,115.3,115.4,35013.0
2009-04-15 00:00:00+00:00,33.0,138099.0,116.4,114.3,115.0,115.7,36365.0
2009-04-16 00:00:00+00:00,32.0,136335.0,116.35,113.35,115.5,113.75,16756.0
2009-04-17 00:00:00+00:00,31.0,135882.0,114.5,111.05,113.85,111.85,20989.0
2009-04-20 00:00:00+00:00,28.0,134323.0,112.5,111.0,112.45,111.65,20211.0
2009-04-21 00:00:00+00:00,27.0,127578.0,112.5,110.8,111.65,112.25,27786.0
2009-04-22 00:00:00+00:00,26.0,125462.0,117.5,111.4,112.4,116.95,22680.0
2009-04-23 00:00:00+00:00,25.0,123247.0,118.15,116.2,116.2,117.75,12006.0
2009-04-24 00:00:00+00:00,24.0,123535.0,118.95,116.55,117.6,119.0,9956.0
2009-04-27 00:00:00+00:00,21.0,123720.0,117.65,114.0,117.65,114.9,12396.0
2009-04-28 00:00:00+00:00,20.0,123772.0,115.95,114.0,114.9,115.7,8644.0
2009-04-29 00:00:00+00:00,19.0,124527.0,116.5,115.9,116.0,116.05,8103.0
2009-04-30 00:00:00+00:00,18.0,125107.0,116.65,113.5,116.65,115.0,11771.0
2009-05-01 00:00:00+00:00,81.0,125123.0,120.75,115.65,115.85,120.4,19889.0
2009-05-04 00:00:00+00:00,78.0,125322.0,121.85,119.15,120.3,120.85,12276.0
2009-05-05 00:00:00+00:00,77.0,127805.0,124.8,119.6,120.8,124.65,17581.0
2009-05-06 00:00:00+00:00,76.0,128159.0,125.25,123.5,124.3,124.9,9377.0
2009-05-07 00:00:00+00:00,75.0,130899.0,125.8,123.5,124.45,124.6,15444.0
2009-05-08 00:00:00+00:00,74.0,132112.0,127.85,123.55,124.0,126.7,17283.0
2009-05-11 00:00:00+00:00,71.0,133112.0,130.2,125.7,126.9,128.5,18008.0
2009-05-12 00:00:00+00:00,70.0,133300.0,130.75,127.45,128.1,128.8,23061.0
2009-05-13 00:00:00+00:00,69.0,133002.0,128.8,126.1,128.8,127.15,10782.0
2009-05-14 00:00:00+00:00,68.0,133978.0,128.4,124.85,126.45,128.0,15095.0
2009-05-15 00:00:00+00:00,67.0,135038.0,129.7,126.8,127.55,127.8,11981.0
2009-05-18 00:00:00+00:00,64.0,135696.0,129.95,127.05,127.55,129.4,8786.0
2009-05-19 00:00:00+00:00,63.0,137013.0,132.45,129.1,129.4,132.3,16266.0
2009-05-20 00:00:00+00:00,62.0,138827.0,134.6,130.75,131.85,133.3,18745.0
2009-05-21 00:00:00+00:00,61.0,139983.0,135.95,131.75,133.1,135.8,14493.0
2009-05-22 00:00:00+00:00,60.0,141368.0,137.4,133.65,135.6,135.0,15334.0
2009-05-25 00:00:00+00:00,60.0,141368.0,,,,135.0,
2009-05-26 00:00:00+00:00,56.0,141549.0,137.15,131.6,134.4,136.45,13001.0
2009-05-27 00:00:00+00:00,55.0,141003.0,137.8,134.1,136.7,135.5,16471.0
2009-05-28 00:00:00+00:00,54.0,143374.0,137.4,133.05,133.5,136.8,13473.0
2009-05-29 00:00:00+00:00,53.0,141258.0,138.85,135.8,136.5,137.4,17541.0
2009-06-01 00:00:00+00:00,50.0,143401.0,142.75,136.65,137.0,142.25,20324.0
2009-06-02 00:00:00+00:00,49.0,144634.0,142.9,140.0,141.5,142.0,16480.0
2009-06-03 00:00:00+00:00,48.0,143425.0,142.25,135.0,142.0,138.35,21200.0
2009-06-04 00:00:00+00:00,47.0,144848.0,139.5,136.05,138.35,139.2,13895.0
2009-06-05 00:00:00+00:00,46.0,142486.0,139.5,133.55,139.15,133.85,24725.0
2009-06-08 00:00:00+00:00,43.0,138479.0,133.85,128.5,133.6,130.05,34421.0
2009-06-09 00:00:00+00:00,42.0,136437.0,132.25,130.45,130.95,131.15,27163.0
2009-06-10 00:00:00+00:00,41.0,135933.0,132.0,127.95,132.0,130.3,30721.0
2009-06-11 00:00:00+00:00,40.0,136635.0,131.9,129.15,130.8,131.6,22499.0
2009-06-12 00:00:00+00:00,39.0,134545.0,131.35,128.25,131.35,129.55,13562.0
2009-06-15 00:00:00+00:00,36.0,128881.0,129.05,121.15,128.9,121.35,38535.0
2009-06-16 00:00:00+00:00,35.0,126171.0,123.45,121.5,122.1,122.4,22281.0
2009-06-17 00:00:00+00:00,34.0,124309.0,123.25,118.3,123.1,118.45,26109.0
2009-06-18 00:00:00+00:00,33.0,120925.0,121.3,117.8,119.3,120.45,19713.0
2009-06-19 00:00:00+00:00,32.0,111749.0,120.6,116.55,120.2,116.7,25730.0
2009-06-22 00:00:00+00:00,29.0,111314.0,117.9,116.35,116.95,117.7,8910.0
2009-06-23 00:00:00+00:00,28.0,112453.0,118.0,115.15,117.15,116.15,14582.0
2009-06-24 00:00:00+00:00,27.0,112767.0,118.15,115.65,115.7,116.15,13045.0
2009-06-25 00:00:00+00:00,26.0,113057.0,118.0,115.0,116.7,117.55,9145.0
2009-06-26 00:00:00+00:00,25.0,114809.0,118.0,116.95,117.8,116.75,5929.0
2009-06-29 00:00:00+00:00,22.0,111116.0,118.8,116.65,116.65,117.85,9155.0
2009-06-30 00:00:00+00:00,21.0,111402.0,118.5,116.75,118.0,117.3,9511.0
2009-07-01 00:00:00+00:00,79.0,111888.0,121.1,118.6,119.7,119.05,7633.0
2009-07-02 00:00:00+00:00,78.0,111151.0,119.3,117.05,118.95,117.8,7780.0
2009-07-03 00:00:00+00:00,78.0,111151.0,,,,117.8,
2009-07-06 00:00:00+00:00,74.0,110742.0,120.2,116.65,117.9,118.1,9810.0
2009-07-07 00:00:00+00:00,73.0,111378.0,119.3,116.5,118.8,116.7,10216.0
2009-07-08 00:00:00+00:00,72.0,110424.0,117.4,114.75,117.05,115.2,11288.0
2009-07-09 00:00:00+00:00,71.0,109224.0,118.8,114.45,115.4,115.65,13989.0
2009-07-10 00:00:00+00:00,70.0,108552.0,117.2,113.35,115.75,114.4,10987.0
2009-07-13 00:00:00+00:00,67.0,107474.0,115.1,113.4,114.1,114.9,6524.0
2009-07-14 00:00:00+00:00,66.0,107649.0,117.6,114.55,114.9,115.5,8290.0
2009-07-15 00:00:00+00:00,65.0,107736.0,119.55,115.65,115.65,117.95,10817.0
2009-07-16 00:00:00+00:00,64.0,108580.0,119.05,114.6,118.75,115.65,12299.0
2009-07-17 00:00:00+00:00,63.0,107230.0,119.0,115.8,116.0,118.7,9599.0
2009-07-20 00:00:00+00:00,60.0,107581.0,122.8,118.8,119.0,122.3,11218.0
2009-07-21 00:00:00+00:00,59.0,107678.0,123.5,121.1,121.65,122.5,9204.0
2009-07-22 00:00:00+00:00,58.0,107865.0,123.3,116.35,122.55,120.1,16513.0
2009-07-23 00:00:00+00:00,57.0,106648.0,125.45,119.65,120.5,124.55,18673.0
2009-07-24 00:00:00+00:00,56.0,106039.0,125.4,123.4,124.55,123.95,5813.0
2009-07-27 00:00:00+00:00,53.0,105514.0,125.0,122.9,124.0,124.45,6520.0
2009-07-28 00:00:00+00:00,52.0,105603.0,126.3,120.3,125.0,122.8,15037.0
2009-07-29 00:00:00+00:00,51.0,104456.0,124.4,121.25,122.4,122.85,11783.0
2009-07-30 00:00:00+00:00,50.0,103101.0,125.9,123.1,123.4,124.95,14896.0
2009-07-31 00:00:00+00:00,49.0,103133.0,128.0,123.6,125.1,127.85,15615.0
2009-08-03 00:00:00+00:00,46.0,104273.0,133.4,128.05,128.15,133.05,21386.0
2009-08-04 00:00:00+00:00,45.0,103833.0,134.1,131.3,132.6,133.0,16504.0
2009-08-05 00:00:00+00:00,44.0,104627.0,133.85,130.6,133.0,131.5,12076.0
2009-08-06 00:00:00+00:00,43.0,106417.0,134.75,131.5,132.2,134.7,15723.0
2009-08-07 00:00:00+00:00,42.0,107947.0,138.05,133.1,134.4,137.9,31282.0
2009-08-10 00:00:00+00:00,39.0,104774.0,138.6,134.9,137.35,135.85,19979.0
2009-08-11 00:00:00+00:00,38.0,106270.0,137.4,134.15,135.8,136.9,31230.0
2009-08-12 00:00:00+00:00,37.0,106325.0,137.3,134.95,136.2,135.55,22807.0
2009-08-13 00:00:00+00:00,36.0,108214.0,136.3,131.7,135.5,132.75,32588.0
2009-08-14 00:00:00+00:00,35.0,104847.0,133.45,128.2,132.6,128.95,28785.0
2009-08-17 00:00:00+00:00,32.0,101851.0,127.95,124.25,127.95,125.45,25333.0
2009-08-18 00:00:00+00:00,31.0,102590.0,126.15,123.0,125.9,124.75,21538.0
2009-08-19 00:00:00+00:00,30.0,102293.0,125.5,123.4,124.75,125.35,15721.0
2009-08-20 00:00:00+00:00,29.0,96251.0,125.5,122.45,125.4,122.7,21442.0
2009-08-21 00:00:00+00:00,28.0,95047.0,125.6,122.0,122.0,123.7,14137.0
2009-08-24 00:00:00+00:00,25.0,93249.0,124.5,121.0,123.7,121.0,12087.0
2009-08-25 00:00:00+00:00,24.0,93025.0,122.15,120.0,121.1,120.05,8757.0
2009-08-26 00:00:00+00:00,23.0,93761.0,123.6,119.9,120.4,123.6,10727.0
2009-08-27 00:00:00+00:00,22.0,94300.0,124.2,120.35,124.2,120.15,9455.0
2009-08-28 00:00:00+00:00,21.0,94274.0,122.0,120.65,121.25,121.1,6298.0
2009-08-31 00:00:00+00:00,18.0,94308.0,121.0,118.6,120.85,120.9,7491.0
2009-09-01 00:00:00+00:00,108.0,94776.0,123.5,120.0,122.6,120.1,13348.0
2009-09-02 00:00:00+00:00,107.0,94478.0,122.1,119.9,120.0,121.15,9203.0
2009-09-03 00:00:00+00:00,106.0,95520.0,122.4,120.1,121.25,120.8,6085.0
2009-09-04 00:00:00+00:00,105.0,95267.0,124.8,120.6,121.0,124.1,9495.0
2009-09-07 00:00:00+00:00,105.0,95267.0,,,,124.1,
2009-09-08 00:00:00+00:00,101.0,96145.0,126.6,123.45,125.0,124.6,9509.0
2009-09-09 00:00:00+00:00,100.0,94319.0,126.1,124.3,124.8,125.2,6330.0
2009-09-10 00:00:00+00:00,99.0,93793.0,126.2,123.2,125.35,124.65,7522.0
2009-09-11 00:00:00+00:00,98.0,93808.0,128.0,124.5,124.65,126.55,10829.0
2009-09-14 00:00:00+00:00,95.0,96014.0,133.9,125.1,125.65,133.1,20599.0
2009-09-15 00:00:00+00:00,94.0,96285.0,135.2,131.6,133.85,134.6,15719.0
2009-09-16 00:00:00+00:00,93.0,96557.0,136.4,133.35,134.6,134.2,12107.0
2009-09-17 00:00:00+00:00,92.0,98703.0,137.05,134.2,134.5,136.05,15735.0
2009-09-18 00:00:00+00:00,91.0,99715.0,137.15,133.8,135.5,136.05,11481.0
2009-09-21 00:00:00+00:00,88.0,100617.0,138.3,135.1,135.6,135.65,11112.0
2009-09-22 00:00:00+00:00,87.0,103574.0,138.25,135.1,136.0,138.05,15497.0
2009-09-23 00:00:00+00:00,86.0,103868.0,138.25,135.05,137.5,136.4,8978.0
2009-09-24 00:00:00+00:00,85.0,102870.0,135.75,128.5,135.5,129.3,20476.0
2009-09-25 00:00:00+00:00,84.0,101476.0,129.85,127.1,129.3,127.7,9622.0
2009-09-28 00:00:00+00:00,81.0,100656.0,128.55,127.0,127.35,127.15,6029.0
2009-09-29 00:00:00+00:00,80.0,98940.0,127.4,125.3,127.15,125.5,13229.0
2009-09-30 00:00:00+00:00,79.0,99249.0,128.0,125.55,125.65,127.8,8512.0
2009-10-01 00:00:00+00:00,78.0,98247.0,129.75,125.9,127.5,126.7,12146.0
2009-10-02 00:00:00+00:00,77.0,98995.0,130.0,126.25,126.7,129.7,10307.0
2009-10-05 00:00:00+00:00,74.0,100001.0,131.65,128.85,129.7,129.45,11232.0
2009-10-06 00:00:00+00:00,73.0,101848.0,135.35,129.7,130.0,133.6,15398.0
2009-10-07 00:00:00+00:00,72.0,102824.0,135.35,133.05,133.6,134.25,9324.0
2009-10-08 00:00:00+00:00,71.0,105064.0,139.0,134.9,135.0,137.9,18415.0
2009-10-09 00:00:00+00:00,70.0,106730.0,138.95,135.2,137.0,135.65,12037.0
2009-10-12 00:00:00+00:00,67.0,108692.0,138.9,133.6,135.25,138.05,12209.0
2009-10-13 00:00:00+00:00,66.0,110478.0,139.75,135.8,138.15,138.45,12243.0
2009-10-14 00:00:00+00:00,65.0,112261.0,139.45,138.0,138.75,139.25,9093.0
2009-10-15 00:00:00+00:00,64.0,113019.0,139.45,136.3,139.25,137.75,13225.0
2009-10-16 00:00:00+00:00,63.0,118347.0,143.0,136.6,137.75,142.85,27963.0
2009-10-19 00:00:00+00:00,60.0,120705.0,145.4,141.25,142.85,144.25,16660.0
2009-10-20 00:00:00+00:00,59.0,122452.0,144.0,140.0,144.0,141.8,13154.0
2009-10-21 00:00:00+00:00,58.0,124886.0,144.4,140.0,141.85,144.3,14841.0
2009-10-22 00:00:00+00:00,57.0,125381.0,143.8,140.3,143.55,143.65,17608.0
2009-10-23 00:00:00+00:00,56.0,124619.0,143.25,135.95,143.25,137.15,23344.0
2009-10-26 00:00:00+00:00,53.0,123252.0,139.2,134.2,136.75,136.5,17047.0
2009-10-27 00:00:00+00:00,52.0,122873.0,137.7,135.4,136.4,136.35,9050.0
2009-10-28 00:00:00+00:00,51.0,122124.0,136.55,132.95,136.35,134.6,14246.0
2009-10-29 00:00:00+00:00,50.0,123134.0,137.55,133.55,134.5,136.75,16943.0
2009-10-30 00:00:00+00:00,49.0,123488.0,138.5,133.85,136.95,135.5,16535.0
2009-11-02 00:00:00+00:00,46.0,126313.0,143.1,134.95,135.0,142.35,31471.0
2009-11-03 00:00:00+00:00,45.0,125359.0,142.05,139.0,141.75,141.1,20774.0
2009-11-04 00:00:00+00:00,44.0,125315.0,142.95,139.7,141.1,140.75,18152.0
2009-11-05 00:00:00+00:00,43.0,129497.0,144.0,139.75,140.55,142.1,29962.0
2009-11-06 00:00:00+00:00,42.0,128054.0,143.15,138.1,142.1,138.9,25097.0
2009-11-09 00:00:00+00:00,39.0,129949.0,142.25,139.1,139.5,140.05,21479.0
2009-11-10 00:00:00+00:00,38.0,129049.0,140.1,133.15,139.45,134.05,31667.0
2009-11-11 00:00:00+00:00,37.0,127024.0,136.0,132.0,134.55,132.7,26841.0
2009-11-12 00:00:00+00:00,36.0,117679.0,132.85,130.0,132.7,130.65,41925.0
2009-11-13 00:00:00+00:00,35.0,119548.0,132.6,130.0,130.1,131.1,33711.0
2009-11-16 00:00:00+00:00,32.0,119753.0,137.25,132.1,132.6,136.35,37815.0
2009-11-17 00:00:00+00:00,31.0,113767.0,136.5,134.2,136.5,135.75,32129.0
2009-11-18 00:00:00+00:00,30.0,112362.0,140.0,136.05,136.05,138.05,29086.0
2009-11-19 00:00:00+00:00,29.0,110393.0,138.15,133.5,138.15,135.05,15428.0
2009-11-20 00:00:00+00:00,28.0,108669.0,136.25,134.0,135.05,134.6,10475.0
2009-11-23 00:00:00+00:00,25.0,108018.0,138.2,136.25,138.2,136.3,9193.0
2009-11-24 00:00:00+00:00,24.0,107505.0,137.05,135.5,136.05,136.05,12633.0
2009-11-25 00:00:00+00:00,23.0,105917.0,139.1,137.0,137.05,138.8,13696.0
2009-11-26 00:00:00+00:00,23.0,105917.0,,,,138.8,
2009-11-27 00:00:00+00:00,21.0,105659.0,138.0,134.0,137.5,137.95,15031.0
2009-11-30 00:00:00+00:00,18.0,110355.0,142.15,137.95,137.95,141.75,22986.0
2009-12-01 00:00:00+00:00,108.0,112189.0,144.6,141.2,142.0,142.7,20098.0
2009-12-02 00:00:00+00:00,107.0,113950.0,144.3,142.3,143.0,143.7,11392.0
2009-12-03 00:00:00+00:00,106.0,115493.0,145.35,143.35,144.0,144.65,13529.0
2009-12-04 00:00:00+00:00,105.0,114594.0,144.65,139.5,144.0,141.35,16591.0
2009-12-07 00:00:00+00:00,102.0,119028.0,147.9,140.55,142.0,146.6,22899.0
2009-12-08 00:00:00+00:00,101.0,120127.0,146.5,143.6,146.0,143.9,14154.0
2009-12-09 00:00:00+00:00,100.0,120495.0,146.65,141.25,144.1,141.65,17616.0
2009-12-10 00:00:00+00:00,99.0,120343.0,144.2,141.7,141.7,142.7,8664.0
2009-12-11 00:00:00+00:00,98.0,120107.0,144.5,140.3,142.75,142.65,12015.0
2009-12-14 00:00:00+00:00,95.0,122766.0,146.6,142.85,143.2,145.9,18211.0
2009-12-15 00:00:00+00:00,94.0,127695.0,149.4,144.7,145.9,147.25,24436.0
2009-12-16 00:00:00+00:00,93.0,130964.0,149.5,147.6,147.6,148.3,10607.0
2009-12-17 00:00:00+00:00,92.0,132882.0,148.2,144.9,147.7,146.2,17831.0
2009-12-18 00:00:00+00:00,91.0,131332.0,147.55,143.3,146.55,145.25,12526.0
2009-12-21 00:00:00+00:00,88.0,131536.0,147.25,145.15,146.4,145.6,9288.0
2009-12-22 00:00:00+00:00,87.0,130027.0,145.75,140.7,145.5,142.45,13837.0
2009-12-23 00:00:00+00:00,86.0,129194.0,143.4,141.05,142.3,142.65,6604.0
2009-12-24 00:00:00+00:00,85.0,127737.0,143.55,139.1,143.25,139.3,5309.0
2009-12-25 00:00:00+00:00,85.0,127737.0,,,,139.3,
2009-12-28 00:00:00+00:00,81.0,125518.0,140.6,136.85,139.85,136.95,11515.0
2009-12-29 00:00:00+00:00,80.0,124939.0,139.0,136.3,137.25,136.35,7610.0
2009-12-30 00:00:00+00:00,79.0,125779.0,138.15,136.0,136.5,136.65,9343.0
2009-12-31 00:00:00+00:00,78.0,124687.0,138.2,135.8,137.95,135.95,7031.0
2010-01-01 00:00:00+00:00,78.0,124687.0,,,,135.95,
2010-01-04 00:00:00+00:00,74.0,126361.0,142.45,136.0,136.0,141.85,18579.0
2010-01-05 00:00:00+00:00,73.0,127082.0,142.7,140.4,141.85,141.0,11061.0
2010-01-06 00:00:00+00:00,72.0,127619.0,142.65,140.05,141.6,141.6,14011.0
2010-01-07 00:00:00+00:00,71.0,127610.0,142.4,139.85,141.55,141.9,11357.0
2010-01-08 00:00:00+00:00,70.0,130977.0,146.0,141.95,142.45,145.35,21610.0
2010-01-11 00:00:00+00:00,67.0,131512.0,146.95,142.55,145.85,143.7,20044.0
2010-01-12 00:00:00+00:00,66.0,129501.0,144.85,142.5,144.0,143.1,13673.0
2010-01-13 00:00:00+00:00,65.0,132702.0,146.05,142.75,142.95,145.15,23137.0
2010-01-14 00:00:00+00:00,64.0,132898.0,145.7,143.55,145.15,144.35,11804.0
2010-01-15 00:00:00+00:00,63.0,131562.0,144.55,140.4,143.85,140.75,15855.0
2010-01-18 00:00:00+00:00,63.0,131562.0,,,,140.75,
2010-01-19 00:00:00+00:00,59.0,131971.0,142.25,140.15,141.0,140.9,11955.0
2010-01-20 00:00:00+00:00,58.0,131125.0,140.5,138.45,140.5,139.2,16554.0
2010-01-21 00:00:00+00:00,57.0,128399.0,140.15,137.55,139.45,138.7,11870.0
2010-01-22 00:00:00+00:00,56.0,129570.0,141.25,137.3,138.75,139.6,17880.0
2010-01-25 00:00:00+00:00,53.0,130371.0,140.4,138.55,139.8,139.4,12694.0
2010-01-26 00:00:00+00:00,52.0,130012.0,139.2,137.0,139.05,138.25,16485.0
2010-01-27 00:00:00+00:00,51.0,129322.0,139.0,133.35,138.0,133.55,34455.0
2010-01-28 00:00:00+00:00,50.0,128297.0,134.9,132.05,133.95,132.95,21807.0
2010-01-29 00:00:00+00:00,49.0,128342.0,133.9,131.6,132.6,131.7,18787.0
2010-02-01 00:00:00+00:00,46.0,127887.0,133.2,131.2,132.0,132.55,19325.0
2010-02-02 00:00:00+00:00,45.0,128899.0,135.65,132.2,132.85,135.05,27214.0
2010-02-03 00:00:00+00:00,44.0,130037.0,135.95,132.4,135.45,133.0,31157.0
2010-02-04 00:00:00+00:00,43.0,130307.0,133.15,130.05,132.75,131.55,28496.0
2010-02-05 00:00:00+00:00,42.0,129031.0,131.85,128.5,131.45,128.8,35853.0
2010-02-08 00:00:00+00:00,39.0,128871.0,131.6,128.5,129.35,130.65,26876.0
2010-02-09 00:00:00+00:00,38.0,134866.0,132.2,129.45,130.45,130.4,35360.0
2010-02-10 00:00:00+00:00,37.0,132401.0,132.65,129.4,130.1,132.2,64874.0
2010-02-11 00:00:00+00:00,36.0,131501.0,134.1,131.65,132.75,132.2,40212.0
2010-02-12 00:00:00+00:00,35.0,128631.0,133.3,130.0,131.8,132.75,23093.0
2010-02-15 00:00:00+00:00,35.0,128631.0,,,,132.75,
2010-02-16 00:00:00+00:00,31.0,125351.0,134.8,132.0,133.15,133.45,40329.0
2010-02-17 00:00:00+00:00,30.0,121851.0,134.0,131.55,133.5,132.25,40619.0
2010-02-18 00:00:00+00:00,29.0,123331.0,135.0,131.9,132.5,134.1,18405.0
2010-02-19 00:00:00+00:00,28.0,122510.0,135.2,132.55,133.95,134.75,8950.0
2010-02-22 00:00:00+00:00,25.0,124676.0,135.1,129.4,134.75,129.85,20452.0
2010-02-23 00:00:00+00:00,24.0,122879.0,130.75,129.75,130.55,130.35,11538.0
2010-02-24 00:00:00+00:00,23.0,122222.0,130.85,129.7,130.35,130.45,7682.0
2010-02-25 00:00:00+00:00,22.0,122268.0,129.7,126.6,129.55,127.7,20873.0
2010-02-26 00:00:00+00:00,21.0,122640.0,129.8,128.6,129.6,129.05,13218.0
2010-03-01 00:00:00+00:00,78.0,122751.0,133.05,130.2,131.2,131.75,15966.0
2010-03-02 00:00:00+00:00,77.0,121176.0,132.85,130.8,131.25,132.3,10297.0
2010-03-03 00:00:00+00:00,76.0,121813.0,132.7,130.25,131.7,132.1,7903.0
2010-03-04 00:00:00+00:00,75.0,123158.0,132.15,128.7,131.8,130.2,14785.0
2010-03-05 00:00:00+00:00,74.0,123620.0,131.25,130.0,130.4,130.4,8084.0
2010-03-08 00:00:00+00:00,71.0,124341.0,131.95,130.0,130.4,131.1,11034.0
2010-03-09 00:00:00+00:00,70.0,125550.0,134.25,130.1,130.95,132.75,19443.0
2010-03-10 00:00:00+00:00,69.0,121441.0,133.75,131.4,132.5,132.75,15475.0
2010-03-11 00:00:00+00:00,68.0,120120.0,134.0,132.45,132.45,133.75,13782.0
2010-03-12 00:00:00+00:00,67.0,121859.0,135.2,131.75,133.9,132.5,20786.0
2010-03-15 00:00:00+00:00,64.0,121850.0,132.9,129.7,132.4,131.05,13366.0
2010-03-16 00:00:00+00:00,63.0,122903.0,133.4,130.6,131.25,132.75,13340.0
2010-03-17 00:00:00+00:00,62.0,124135.0,133.85,132.5,133.0,133.6,11394.0
2010-03-18 00:00:00+00:00,61.0,123822.0,136.8,132.65,133.4,135.55,20227.0
2010-03-19 00:00:00+00:00,60.0,124958.0,135.75,130.65,135.3,132.5,17836.0
2010-03-22 00:00:00+00:00,57.0,125738.0,133.65,130.85,132.1,133.0,11381.0
2010-03-23 00:00:00+00:00,56.0,125387.0,135.0,132.4,133.0,134.75,17148.0
2010-03-24 00:00:00+00:00,55.0,124455.0,135.2,133.3,134.45,134.3,12588.0
2010-03-25 00:00:00+00:00,54.0,126171.0,137.45,134.15,134.3,137.0,28879.0
2010-03-26 00:00:00+00:00,53.0,125549.0,137.95,135.35,136.85,135.85,17893.0
2010-03-29 00:00:00+00:00,50.0,126742.0,138.55,135.85,135.95,138.15,23679.0
2010-03-30 00:00:00+00:00,49.0,129655.0,139.0,137.3,138.25,138.95,24968.0
2010-03-31 00:00:00+00:00,48.0,130381.0,139.05,134.7,139.0,136.15,31778.0
2010-04-01 00:00:00+00:00,47.0,130103.0,137.95,136.3,136.55,137.4,20131.0
2010-04-02 00:00:00+00:00,47.0,130103.0,,,,137.4,
2010-04-05 00:00:00+00:00,43.0,131843.0,139.85,137.3,137.5,139.65,21612.0
2010-04-06 00:00:00+00:00,42.0,130970.0,139.75,137.75,139.5,139.2,19871.0
2010-04-07 00:00:00+00:00,41.0,133208.0,139.2,136.5,138.85,137.55,21252.0
2010-04-08 00:00:00+00:00,40.0,131402.0,137.6,133.8,137.4,134.7,50902.0
2010-04-09 00:00:00+00:00,39.0,132276.0,135.5,132.5,135.2,132.7,39017.0
2010-04-12 00:00:00+00:00,36.0,131879.0,134.2,133.05,133.5,133.55,37692.0
2010-04-13 00:00:00+00:00,35.0,132943.0,134.05,131.9,133.6,132.2,26598.0
2010-04-14 00:00:00+00:00,34.0,135026.0,133.1,131.7,132.25,131.85,33134.0
2010-04-15 00:00:00+00:00,33.0,134625.0,132.3,130.05,131.8,131.75,33443.0
2010-04-16 00:00:00+00:00,32.0,135545.0,132.15,129.0,131.8,129.1,44817.0
2010-04-19 00:00:00+00:00,29.0,135911.0,129.9,128.85,129.4,129.0,21863.0
2010-04-20 00:00:00+00:00,28.0,133901.0,130.5,129.0,129.5,129.15,25851.0
2010-04-21 00:00:00+00:00,27.0,133205.0,130.4,128.6,129.3,129.7,28064.0
2010-04-22 00:00:00+00:00,26.0,133819.0,131.8,129.5,129.5,131.1,16813.0
2010-04-23 00:00:00+00:00,25.0,135041.0,133.05,130.95,131.65,131.8,14642.0
2010-04-26 00:00:00+00:00,22.0,136818.0,132.75,131.8,131.8,132.55,11828.0
2010-04-27 00:00:00+00:00,21.0,138415.0,132.4,130.35,132.4,130.8,17755.0
2010-04-28 00:00:00+00:00,20.0,135058.0,134.6,130.75,130.75,133.85,27943.0
2010-04-29 00:00:00+00:00,19.0,135635.0,134.8,133.5,133.7,134.5,14496.0
2010-04-30 00:00:00+00:00,18.0,135557.0,135.45,134.35,134.5,135.2,10780.0
2010-05-03 00:00:00+00:00,78.0,136297.0,138.65,134.8,135.2,138.55,18870.0
2010-05-04 00:00:00+00:00,77.0,134962.0,138.7,136.4,138.55,137.5,17712.0
2010-05-05 00:00:00+00:00,76.0,136185.0,137.75,136.55,137.5,137.3,12584.0
2010-05-06 00:00:00+00:00,75.0,135417.0,137.1,133.0,137.0,133.2,22803.0
2010-05-07 00:00:00+00:00,74.0,136456.0,134.6,131.25,133.2,133.9,20486.0
2010-05-10 00:00:00+00:00,71.0,137301.0,134.85,133.0,134.5,134.15,14125.0
2010-05-11 00:00:00+00:00,70.0,136643.0,136.85,133.6,133.9,136.15,15814.0
2010-05-12 00:00:00+00:00,69.0,136150.0,138.6,135.55,135.9,136.85,17565.0
2010-05-13 00:00:00+00:00,68.0,135241.0,137.95,136.5,137.0,137.1,11686.0
2010-05-14 00:00:00+00:00,67.0,136711.0,137.9,133.1,136.95,134.3,25888.0
2010-05-17 00:00:00+00:00,64.0,137763.0,134.05,132.0,134.05,132.55,16972.0
2010-05-18 00:00:00+00:00,63.0,133675.0,134.85,133.0,133.05,134.25,22466.0
2010-05-19 00:00:00+00:00,62.0,134852.0,134.0,132.2,134.0,132.5,20131.0
2010-05-20 00:00:00+00:00,61.0,138579.0,133.2,130.25,132.8,131.65,29270.0
2010-05-21 00:00:00+00:00,60.0,139284.0,133.05,131.1,132.15,132.4,12294.0
2010-05-24 00:00:00+00:00,57.0,138742.0,133.0,131.6,132.4,132.25,8687.0
2010-05-25 00:00:00+00:00,56.0,138973.0,133.3,130.6,131.9,132.75,24255.0
2010-05-26 00:00:00+00:00,55.0,138355.0,135.6,132.6,132.75,133.7,15839.0
2010-05-27 00:00:00+00:00,54.0,136493.0,135.15,133.55,134.0,134.75,21019.0
2010-05-28 00:00:00+00:00,53.0,136152.0,135.45,133.9,135.0,134.25,14062.0
2010-05-31 00:00:00+00:00,53.0,136152.0,,,,134.25,
2010-06-01 00:00:00+00:00,49.0,137543.0,137.6,133.15,134.0,136.55,35999.0
2010-06-02 00:00:00+00:00,48.0,136232.0,138.1,135.2,136.55,135.4,29433.0
2010-06-03 00:00:00+00:00,47.0,137148.0,136.3,135.0,135.85,135.6,17360.0
2010-06-04 00:00:00+00:00,46.0,138232.0,136.15,133.4,136.1,133.75,28412.0
2010-06-07 00:00:00+00:00,43.0,138378.0,133.65,132.55,133.4,133.1,26186.0
2010-06-08 00:00:00+00:00,42.0,139955.0,134.1,132.8,133.1,133.55,29984.0
2010-06-09 00:00:00+00:00,41.0,141886.0,134.65,133.25,134.0,134.45,35797.0
2010-06-10 00:00:00+00:00,40.0,140809.0,137.7,133.8,134.55,137.0,42846.0
2010-06-11 00:00:00+00:00,39.0,153360.0,148.5,137.0,137.0,144.95,105303.0
2010-06-14 00:00:00+00:00,36.0,150072.0,152.45,144.65,144.65,150.95,56959.0
2010-06-15 00:00:00+00:00,35.0,151217.0,160.7,148.0,150.55,159.35,60872.0
2010-06-16 00:00:00+00:00,34.0,153380.0,162.25,156.65,158.55,158.75,37513.0
2010-06-17 00:00:00+00:00,33.0,156797.0,159.7,155.4,158.1,156.35,34401.0
2010-06-18 00:00:00+00:00,32.0,159282.0,160.85,154.1,155.55,160.25,33216.0
2010-06-21 00:00:00+00:00,29.0,159676.0,164.1,156.1,160.45,158.95,29765.0
2010-06-22 00:00:00+00:00,28.0,161586.0,160.25,157.2,158.8,159.1,18732.0
2010-06-23 00:00:00+00:00,27.0,163140.0,159.85,157.5,159.35,158.6,18548.0
2010-06-24 00:00:00+00:00,26.0,164975.0,175.0,160.15,160.15,166.75,29039.0
2010-06-25 00:00:00+00:00,25.0,164101.0,168.85,164.5,165.85,167.0,14707.0
2010-06-28 00:00:00+00:00,22.0,164252.0,168.0,166.0,166.45,166.3,9182.0
2010-06-29 00:00:00+00:00,21.0,165410.0,166.1,158.85,166.1,161.5,18105.0
2010-06-30 00:00:00+00:00,20.0,165658.0,164.7,160.0,162.25,164.2,19207.0
2010-07-01 00:00:00+00:00,81.0,167163.0,169.25,164.2,165.45,168.25,23516.0
2010-07-02 00:00:00+00:00,80.0,169812.0,168.2,163.75,167.8,164.3,17514.0
2010-07-05 00:00:00+00:00,80.0,169812.0,,,,164.3,
2010-07-06 00:00:00+00:00,76.0,165787.0,163.5,156.85,163.45,157.65,20856.0
2010-07-07 00:00:00+00:00,75.0,167900.0,163.95,157.05,157.65,163.05,18407.0
2010-07-08 00:00:00+00:00,74.0,167741.0,163.8,160.85,163.05,162.1,10439.0
2010-07-09 00:00:00+00:00,73.0,168441.0,167.2,162.05,162.25,163.85,16292.0
2010-07-12 00:00:00+00:00,70.0,170056.0,164.4,159.0,162.75,163.55,11744.0
2010-07-13 00:00:00+00:00,69.0,171872.0,167.0,162.1,162.5,165.65,15191.0
2010-07-14 00:00:00+00:00,68.0,172370.0,166.55,164.0,165.25,164.9,10618.0
2010-07-15 00:00:00+00:00,67.0,174038.0,169.45,164.3,164.6,167.1,19359.0
2010-07-16 00:00:00+00:00,66.0,174905.0,169.8,165.05,167.45,167.05,12405.0
2010-07-19 00:00:00+00:00,63.0,171912.0,166.9,161.25,166.65,163.8,16506.0
2010-07-20 00:00:00+00:00,62.0,170879.0,164.2,158.25,164.05,158.55,19298.0
2010-07-21 00:00:00+00:00,61.0,169207.0,160.75,155.8,159.1,157.3,15929.0
2010-07-22 00:00:00+00:00,60.0,168928.0,161.95,157.6,157.6,161.7,16120.0
2010-07-23 00:00:00+00:00,59.0,172013.0,167.6,160.45,161.7,166.0,22555.0
2010-07-26 00:00:00+00:00,56.0,166782.0,167.2,164.25,165.8,165.6,21330.0
2010-07-27 00:00:00+00:00,55.0,166376.0,166.55,163.2,164.6,163.75,12791.0
2010-07-28 00:00:00+00:00,54.0,167487.0,168.1,163.65,164.1,167.4,14467.0
2010-07-29 00:00:00+00:00,53.0,169979.0,174.6,166.45,167.4,173.05,28384.0
2010-07-30 00:00:00+00:00,52.0,169398.0,178.75,172.65,173.05,176.3,27083.0
2010-08-02 00:00:00+00:00,49.0,168976.0,181.5,172.05,175.6,172.5,29492.0
2010-08-03 00:00:00+00:00,48.0,166182.0,174.45,165.15,172.8,166.65,26991.0
2010-08-04 00:00:00+00:00,47.0,166140.0,171.7,167.6,167.6,169.75,18678.0
2010-08-05 00:00:00+00:00,46.0,166272.0,172.65,169.1,169.5,169.85,18999.0
2010-08-06 00:00:00+00:00,45.0,164856.0,171.35,165.25,170.3,167.4,26389.0
2010-08-09 00:00:00+00:00,42.0,164076.0,170.8,166.25,167.5,169.6,29328.0
2010-08-10 00:00:00+00:00,41.0,162731.0,172.0,167.3,169.05,169.65,25966.0
2010-08-11 00:00:00+00:00,40.0,162037.0,171.9,169.1,169.4,170.6,29375.0
2010-08-12 00:00:00+00:00,39.0,164413.0,177.75,169.9,170.85,175.55,52113.0
2010-08-13 00:00:00+00:00,38.0,160616.0,178.65,173.3,176.0,175.5,26964.0
2010-08-16 00:00:00+00:00,35.0,159563.0,180.6,173.45,175.0,178.7,33181.0
2010-08-17 00:00:00+00:00,34.0,158710.0,180.05,174.9,178.6,175.5,40196.0
2010-08-18 00:00:00+00:00,33.0,161579.0,177.0,174.4,175.75,175.15,24720.0
2010-08-19 00:00:00+00:00,32.0,156983.0,178.2,174.9,175.1,177.3,25625.0
2010-08-20 00:00:00+00:00,31.0,152528.0,184.8,177.4,178.0,181.55,37790.0
2010-08-23 00:00:00+00:00,28.0,151147.0,186.75,180.6,184.05,181.5,11886.0
2010-08-24 00:00:00+00:00,27.0,144730.0,182.0,166.5,182.0,166.85,33591.0
2010-08-25 00:00:00+00:00,26.0,140411.0,167.8,163.5,167.3,164.1,15520.0
2010-08-26 00:00:00+00:00,25.0,139281.0,168.95,165.55,167.0,169.95,13210.0
2010-08-27 00:00:00+00:00,24.0,141049.0,178.35,171.0,171.0,177.05,18275.0
2010-08-30 00:00:00+00:00,21.0,140777.0,181.5,176.5,176.7,179.55,9388.0
2010-08-31 00:00:00+00:00,20.0,140836.0,179.1,177.3,177.4,176.8,8457.0
2010-09-01 00:00:00+00:00,110.0,141477.0,184.2,179.3,179.65,182.35,11818.0
2010-09-02 00:00:00+00:00,109.0,142620.0,186.65,181.35,182.0,184.85,13887.0
2010-09-03 00:00:00+00:00,108.0,146114.0,188.35,184.0,184.7,186.95,12442.0
2010-09-06 00:00:00+00:00,108.0,146114.0,,,,186.95,
2010-09-07 00:00:00+00:00,104.0,147717.0,193.55,182.6,186.2,192.3,18689.0
2010-09-08 00:00:00+00:00,103.0,148414.0,198.65,189.6,193.0,194.55,21129.0
2010-09-09 00:00:00+00:00,102.0,146996.0,194.0,189.3,191.45,190.7,15519.0
2010-09-10 00:00:00+00:00,101.0,147314.0,194.25,186.9,189.95,189.8,14548.0
2010-09-13 00:00:00+00:00,98.0,147100.0,192.7,188.2,189.95,189.15,9927.0
2010-09-14 00:00:00+00:00,97.0,146581.0,196.8,190.45,191.15,195.3,15683.0
2010-09-15 00:00:00+00:00,96.0,146189.0,196.1,189.15,194.55,194.15,15478.0
2010-09-16 00:00:00+00:00,95.0,145733.0,197.6,190.6,192.6,191.8,13191.0
2010-09-17 00:00:00+00:00,94.0,145189.0,194.05,187.7,191.95,189.3,20919.0
2010-09-20 00:00:00+00:00,91.0,142417.0,190.75,180.95,190.0,181.95,25188.0
2010-09-21 00:00:00+00:00,90.0,141606.0,185.9,181.2,182.85,182.9,14019.0
2010-09-22 00:00:00+00:00,89.0,141711.0,187.4,179.35,183.65,179.95,15478.0
2010-09-23 00:00:00+00:00,88.0,140768.0,183.25,179.6,181.0,181.65,10635.0
2010-09-24 00:00:00+00:00,87.0,139738.0,183.7,178.25,181.95,180.6,14077.0
2010-09-27 00:00:00+00:00,84.0,138779.0,185.0,179.55,180.7,182.25,12107.0
2010-09-28 00:00:00+00:00,83.0,140907.0,190.9,181.55,181.55,188.95,17781.0
2010-09-29 00:00:00+00:00,82.0,138602.0,189.45,183.25,188.95,185.75,13435.0
2010-09-30 00:00:00+00:00,81.0,136645.0,187.45,180.1,185.75,183.05,14967.0
2010-10-01 00:00:00+00:00,80.0,135887.0,186.2,180.5,183.65,181.1,12313.0
2010-10-04 00:00:00+00:00,77.0,132522.0,181.1,171.8,180.85,172.5,26335.0
2010-10-05 00:00:00+00:00,76.0,132541.0,177.8,171.6,173.25,177.0,17730.0
2010-10-06 00:00:00+00:00,75.0,130718.0,177.7,175.05,176.75,175.55,9535.0
2010-10-07 00:00:00+00:00,74.0,130753.0,178.2,173.25,176.1,173.45,15663.0
2010-10-08 00:00:00+00:00,73.0,133567.0,182.95,171.9,173.75,182.15,17945.0
2010-10-11 00:00:00+00:00,70.0,133593.0,182.4,176.35,181.5,178.65,11856.0
2010-10-12 00:00:00+00:00,69.0,135111.0,188.0,178.55,179.55,185.7,16569.0
2010-10-13 00:00:00+00:00,68.0,134886.0,190.45,184.6,186.4,186.15,13475.0
2010-10-14 00:00:00+00:00,67.0,136071.0,189.1,185.3,186.35,187.6,14869.0
2010-10-15 00:00:00+00:00,66.0,136945.0,189.35,183.25,187.7,186.4,12623.0
2010-10-18 00:00:00+00:00,63.0,138092.0,188.25,183.75,186.1,185.6,12312.0
2010-10-19 00:00:00+00:00,62.0,140137.0,192.1,184.55,184.9,190.9,19879.0
2010-10-20 00:00:00+00:00,61.0,144460.0,198.15,189.9,190.0,196.75,23354.0
2010-10-21 00:00:00+00:00,60.0,146943.0,203.5,195.5,196.0,201.0,26377.0
2010-10-22 00:00:00+00:00,59.0,147730.0,201.7,196.0,200.75,198.85,14832.0
2010-10-25 00:00:00+00:00,56.0,148042.0,202.9,198.9,200.1,200.5,14417.0
2010-10-26 00:00:00+00:00,55.0,148371.0,204.6,199.1,200.35,201.75,18734.0
2010-10-27 00:00:00+00:00,54.0,148471.0,203.55,199.25,201.45,200.3,15758.0
2010-10-28 00:00:00+00:00,53.0,149332.0,201.95,196.3,200.0,196.6,21088.0
2010-10-29 00:00:00+00:00,52.0,151645.0,204.0,197.05,197.5,203.45,18655.0
2010-11-01 00:00:00+00:00,49.0,149918.0,203.25,197.65,202.8,197.7,15675.0
2010-11-02 00:00:00+00:00,48.0,148595.0,200.4,197.7,198.15,199.4,12460.0
2010-11-03 00:00:00+00:00,47.0,148022.0,200.85,192.8,200.0,196.15,29475.0
2010-11-04 00:00:00+00:00,46.0,150928.0,209.25,197.25,197.5,205.8,34615.0
2010-11-05 00:00:00+00:00,45.0,148307.0,206.85,203.3,205.0,205.15,18531.0
2010-11-08 00:00:00+00:00,42.0,149010.0,209.7,203.85,204.5,208.1,26915.0
2010-11-09 00:00:00+00:00,41.0,148813.0,217.85,207.45,207.9,217.05,37230.0
2010-11-10 00:00:00+00:00,40.0,150307.0,218.7,211.35,217.35,212.25,33745.0
2010-11-11 00:00:00+00:00,39.0,146346.0,214.9,205.8,212.3,206.65,33183.0
2010-11-12 00:00:00+00:00,38.0,141869.0,206.25,199.2,205.5,200.45,49749.0
2010-11-15 00:00:00+00:00,35.0,136857.0,206.95,201.6,202.05,204.45,28116.0
2010-11-16 00:00:00+00:00,34.0,133788.0,205.7,196.7,204.45,197.8,44576.0
2010-11-17 00:00:00+00:00,33.0,131415.0,200.85,195.65,198.05,199.45,26575.0
2010-11-18 00:00:00+00:00,32.0,125932.0,209.85,200.0,200.0,208.65,27781.0
2010-11-19 00:00:00+00:00,31.0,128326.0,210.1,205.6,208.95,209.85,10238.0
2010-11-22 00:00:00+00:00,28.0,127973.0,211.65,205.0,210.2,206.15,8525.0
2010-11-23 00:00:00+00:00,27.0,130796.0,210.45,201.4,206.0,210.35,15514.0
2010-11-24 00:00:00+00:00,26.0,129973.0,211.7,207.0,209.8,207.15,7791.0
2010-11-25 00:00:00+00:00,26.0,129973.0,,,,207.15,
2010-11-26 00:00:00+00:00,24.0,129330.0,206.45,201.0,205.8,202.15,7299.0
2010-11-29 00:00:00+00:00,21.0,129406.0,203.2,199.0,202.4,202.4,9865.0
2010-11-30 00:00:00+00:00,20.0,127596.0,203.8,200.0,203.4,200.95,8010.0
2010-12-01 00:00:00+00:00,110.0,128329.0,205.75,200.05,201.35,203.55,13828.0
2010-12-02 00:00:00+00:00,109.0,128734.0,204.85,201.4,203.15,203.7,7024.0
2010-12-03 00:00:00+00:00,108.0,130173.0,207.45,203.15,203.45,204.8,9462.0
2010-12-06 00:00:00+00:00,105.0,131543.0,210.0,204.0,204.3,208.95,11774.0
2010-12-07 00:00:00+00:00,104.0,131104.0,211.9,207.25,209.1,207.9,13758.0
2010-12-08 00:00:00+00:00,103.0,129537.0,208.65,201.25,207.25,204.65,14637.0
2010-12-09 00:00:00+00:00,102.0,127541.0,206.9,204.1,205.6,204.55,14562.0
2010-12-10 00:00:00+00:00,101.0,129823.0,210.8,203.25,204.3,209.6,16073.0
2010-12-13 00:00:00+00:00,98.0,132760.0,217.95,208.3,208.8,217.55,16996.0
2010-12-14 00:00:00+00:00,97.0,133138.0,219.9,215.25,217.5,216.7,10648.0
2010-12-15 00:00:00+00:00,96.0,133536.0,220.5,215.35,215.7,217.5,12531.0
2010-12-16 00:00:00+00:00,95.0,133265.0,218.55,214.0,217.7,216.55,11553.0
2010-12-17 00:00:00+00:00,94.0,137195.0,226.7,216.85,217.0,225.3,15839.0
2010-12-20 00:00:00+00:00,91.0,135953.0,226.95,223.25,225.0,224.65,10989.0
2010-12-21 00:00:00+00:00,90.0,137925.0,235.3,223.6,224.55,233.85,19726.0
2010-12-22 00:00:00+00:00,89.0,138144.0,242.25,228.65,233.85,230.2,17745.0
2010-12-23 00:00:00+00:00,88.0,139118.0,237.65,229.35,232.5,235.9,9008.0
2010-12-24 00:00:00+00:00,88.0,139118.0,,,,235.9,
2010-12-27 00:00:00+00:00,84.0,139273.0,238.5,232.6,235.6,237.45,3804.0
2010-12-28 00:00:00+00:00,83.0,139628.0,239.9,236.1,238.05,239.3,4407.0
2010-12-29 00:00:00+00:00,82.0,140361.0,240.65,235.15,238.6,239.65,5073.0
2010-12-30 00:00:00+00:00,81.0,140170.0,241.75,235.2,238.5,236.3,5970.0
2010-12-31 00:00:00+00:00,80.0,140170.0,241.3,236.3,236.3,240.5,4433.0
2011-01-03 00:00:00+00:00,80.0,140170.0,,,,240.5,
2011-01-04 00:00:00+00:00,76.0,140740.0,240.5,232.0,239.0,234.95,23732.0
2011-01-05 00:00:00+00:00,75.0,141940.0,237.9,230.0,234.1,233.0,15774.0
2011-01-06 00:00:00+00:00,74.0,141899.0,236.85,232.1,233.6,233.0,12349.0
2011-01-07 00:00:00+00:00,73.0,141344.0,235.5,230.3,232.55,230.7,17382.0
2011-01-10 00:00:00+00:00,70.0,139166.0,235.15,230.55,231.2,231.25,15521.0
2011-01-11 00:00:00+00:00,69.0,138452.0,236.7,230.85,231.25,234.7,16820.0
2011-01-12 00:00:00+00:00,68.0,141763.0,244.5,235.7,236.4,240.6,33388.0
2011-01-13 00:00:00+00:00,67.0,138642.0,241.2,236.6,240.35,237.5,21388.0
2011-01-14 00:00:00+00:00,66.0,137679.0,239.15,231.55,238.0,234.6,19932.0
2011-01-17 00:00:00+00:00,66.0,137679.0,,,,234.6,
2011-01-18 00:00:00+00:00,62.0,138410.0,237.5,234.35,235.35,235.35,11103.0
2011-01-19 00:00:00+00:00,61.0,137952.0,236.7,231.1,236.0,232.5,16559.0
2011-01-20 00:00:00+00:00,60.0,137623.0,234.2,226.5,232.05,231.8,25743.0
2011-01-21 00:00:00+00:00,59.0,140707.0,241.8,232.85,232.9,240.4,21578.0
2011-01-24 00:00:00+00:00,56.0,140215.0,241.0,236.4,239.6,237.3,11377.0
2011-01-25 00:00:00+00:00,55.0,136873.0,238.3,230.3,237.3,231.25,21245.0
2011-01-26 00:00:00+00:00,54.0,138698.0,240.35,231.8,231.8,237.5,24348.0
2011-01-27 00:00:00+00:00,53.0,138443.0,241.5,234.7,238.2,236.95,13080.0
2011-01-28 00:00:00+00:00,52.0,141199.0,246.35,235.85,236.35,245.0,22699.0
2011-01-31 00:00:00+00:00,49.0,141020.0,250.75,243.25,245.5,244.8,24899.0
2011-02-01 00:00:00+00:00,48.0,142532.0,249.75,245.35,245.55,249.4,22758.0
2011-02-02 00:00:00+00:00,47.0,143810.0,251.5,247.1,249.3,250.4,16581.0
2011-02-03 00:00:00+00:00,46.0,144521.0,253.6,250.1,250.9,251.35,19305.0
2011-02-04 00:00:00+00:00,45.0,145674.0,251.1,247.3,250.0,249.3,23527.0
2011-02-07 00:00:00+00:00,42.0,148145.0,252.0,249.15,250.05,249.75,27983.0
2011-02-08 00:00:00+00:00,41.0,146637.0,251.1,246.7,249.75,247.6,34336.0
2011-02-09 00:00:00+00:00,40.0,149981.0,254.05,247.8,248.5,253.6,36286.0
2011-02-10 00:00:00+00:00,39.0,134365.0,255.8,251.5,252.5,255.6,33832.0
2011-02-11 00:00:00+00:00,38.0,130015.0,255.35,251.15,255.1,251.95,38620.0
2011-02-14 00:00:00+00:00,35.0,129459.0,259.2,251.5,252.75,258.65,29889.0
2011-02-15 00:00:00+00:00,34.0,128663.0,263.65,255.7,259.1,258.05,31422.0
2011-02-16 00:00:00+00:00,33.0,125338.0,261.6,255.1,259.1,258.65,27006.0
2011-02-17 00:00:00+00:00,32.0,127187.0,267.85,258.85,258.85,267.35,14913.0
2011-02-18 00:00:00+00:00,31.0,126306.0,274.0,266.45,267.85,271.65,13336.0
2011-02-21 00:00:00+00:00,31.0,126306.0,,,,271.65,
2011-02-22 00:00:00+00:00,27.0,126328.0,277.0,269.9,272.25,273.6,18142.0
2011-02-23 00:00:00+00:00,26.0,125045.0,274.75,268.0,274.35,268.75,16529.0
2011-02-24 00:00:00+00:00,25.0,123541.0,269.0,262.0,269.0,264.2,16658.0
2011-02-25 00:00:00+00:00,24.0,123088.0,267.65,264.8,265.35,267.7,8766.0
2011-02-28 00:00:00+00:00,21.0,122885.0,274.8,267.55,268.25,271.7,12534.0
2011-03-01 00:00:00+00:00,78.0,121382.0,275.1,265.55,271.9,269.3,14343.0
2011-03-02 00:00:00+00:00,77.0,121583.0,272.2,266.1,268.8,269.55,10382.0
2011-03-03 00:00:00+00:00,76.0,124590.0,276.75,268.65,268.9,274.75,16882.0
2011-03-04 00:00:00+00:00,75.0,125063.0,279.2,271.15,275.0,272.8,15071.0
2011-03-07 00:00:00+00:00,72.0,127412.0,281.85,273.8,273.8,281.15,16063.0
2011-03-08 00:00:00+00:00,71.0,128569.0,287.65,281.3,282.4,287.2,16032.0
2011-03-09 00:00:00+00:00,70.0,129417.0,296.65,287.35,287.55,294.85,22251.0
2011-03-10 00:00:00+00:00,69.0,127218.0,295.1,278.65,295.1,280.55,22791.0
2011-03-11 00:00:00+00:00,68.0,126970.0,281.65,272.2,280.9,274.4,16540.0
2011-03-14 00:00:00+00:00,65.0,125091.0,276.4,268.85,274.1,273.3,15194.0
2011-03-15 00:00:00+00:00,64.0,122449.0,273.25,260.95,271.3,262.95,26909.0
2011-03-16 00:00:00+00:00,63.0,120819.0,273.0,263.6,263.8,265.35,19780.0
2011-03-17 00:00:00+00:00,62.0,121388.0,274.3,265.8,266.0,270.9,15646.0
2011-03-18 00:00:00+00:00,61.0,121460.0,278.15,272.4,273.0,276.2,12063.0
2011-03-21 00:00:00+00:00,58.0,121381.0,281.15,275.5,277.9,277.0,11878.0
2011-03-22 00:00:00+00:00,57.0,121437.0,277.7,268.15,277.05,273.45,14525.0
2011-03-23 00:00:00+00:00,56.0,121350.0,275.4,268.4,274.25,268.6,13005.0
2011-03-24 00:00:00+00:00,55.0,120013.0,268.95,260.55,268.4,265.8,24331.0
2011-03-25 00:00:00+00:00,54.0,119930.0,270.0,266.15,267.15,268.6,12787.0
2011-03-28 00:00:00+00:00,51.0,120075.0,269.7,263.05,269.6,263.95,16935.0
2011-03-29 00:00:00+00:00,50.0,121346.0,264.0,257.8,263.95,261.45,25150.0
2011-03-30 00:00:00+00:00,49.0,122712.0,265.7,259.1,262.5,264.8,20784.0
2011-03-31 00:00:00+00:00,48.0,123596.0,267.4,262.05,265.15,264.15,18681.0
2011-04-01 00:00:00+00:00,47.0,124466.0,266.25,258.8,265.5,259.9,22636.0
2011-04-04 00:00:00+00:00,44.0,124707.0,261.0,255.65,260.05,256.05,21193.0
2011-04-05 00:00:00+00:00,43.0,124409.0,269.95,254.05,255.1,268.25,31509.0
2011-04-06 00:00:00+00:00,42.0,125301.0,269.35,264.25,268.1,265.15,18820.0
2011-04-07 00:00:00+00:00,41.0,125802.0,275.85,265.1,265.2,272.8,40068.0
2011-04-08 00:00:00+00:00,40.0,122142.0,278.5,272.1,272.8,274.95,32023.0
2011-04-11 00:00:00+00:00,37.0,120505.0,276.9,269.85,273.7,274.6,39216.0
2011-04-12 00:00:00+00:00,36.0,121875.0,275.7,270.2,272.2,273.8,42169.0
2011-04-13 00:00:00+00:00,35.0,124157.0,282.05,272.35,273.25,280.7,45680.0
2011-04-14 00:00:00+00:00,34.0,121961.0,285.0,279.15,280.7,282.4,30851.0
2011-04-15 00:00:00+00:00,33.0,122838.0,288.65,282.4,283.5,288.1,21025.0
2011-04-18 00:00:00+00:00,30.0,118279.0,290.2,282.8,288.45,284.45,33284.0
2011-04-19 00:00:00+00:00,29.0,116648.0,291.65,283.35,284.9,291.2,29722.0
2011-04-20 00:00:00+00:00,28.0,117578.0,298.5,291.4,292.1,294.4,22580.0
2011-04-21 00:00:00+00:00,27.0,116842.0,295.7,291.2,294.8,291.3,11644.0
2011-04-22 00:00:00+00:00,27.0,116842.0,,,,291.3,
2011-04-25 00:00:00+00:00,23.0,115876.0,293.45,286.6,293.45,287.9,9552.0
2011-04-26 00:00:00+00:00,22.0,116689.0,297.0,284.5,286.7,294.95,13074.0
2011-04-27 00:00:00+00:00,21.0,116938.0,296.8,292.25,294.95,295.55,9787.0
2011-04-28 00:00:00+00:00,20.0,117615.0,301.05,295.8,298.15,298.6,13474.0
2011-04-29 00:00:00+00:00,19.0,118144.0,300.0,294.6,295.9,299.35,9581.0
2011-05-02 00:00:00+00:00,78.0,119380.0,307.2,296.75,299.65,305.1,13607.0
2011-05-03 00:00:00+00:00,77.0,120301.0,308.9,304.0,305.2,306.15,15773.0
2011-05-04 00:00:00+00:00,76.0,117826.0,306.8,291.2,305.2,294.5,26801.0
2011-05-05 00:00:00+00:00,75.0,115415.0,295.2,284.1,294.5,288.25,24879.0
2011-05-06 00:00:00+00:00,74.0,116152.0,294.9,283.5,287.05,287.55,15337.0
2011-05-09 00:00:00+00:00,71.0,116612.0,294.25,287.0,290.0,287.4,13622.0
2011-05-10 00:00:00+00:00,70.0,115685.0,290.45,281.65,288.9,282.6,17585.0
2011-05-11 00:00:00+00:00,69.0,114810.0,283.6,272.55,283.0,273.15,26477.0
2011-05-12 00:00:00+00:00,68.0,114199.0,276.8,270.9,273.65,274.95,17406.0
2011-05-13 00:00:00+00:00,67.0,113976.0,278.0,268.65,276.8,269.4,16699.0
2011-05-16 00:00:00+00:00,64.0,113048.0,272.15,263.05,269.3,264.1,17991.0
2011-05-17 00:00:00+00:00,63.0,110725.0,268.4,263.6,264.1,266.1,15500.0
2011-05-18 00:00:00+00:00,62.0,111771.0,274.95,267.7,268.15,270.05,15261.0
2011-05-19 00:00:00+00:00,61.0,110665.0,271.5,262.45,270.4,263.7,21620.0
2011-05-20 00:00:00+00:00,60.0,111564.0,267.95,258.6,265.0,259.15,18908.0
2011-05-23 00:00:00+00:00,57.0,111412.0,264.65,258.9,259.15,262.55,12487.0
2011-05-24 00:00:00+00:00,56.0,112608.0,265.5,260.7,263.4,261.2,15592.0
2011-05-25 00:00:00+00:00,55.0,111430.0,269.45,259.0,261.4,264.85,18769.0
2011-05-26 00:00:00+00:00,54.0,110542.0,267.5,262.15,266.85,265.6,17666.0
2011-05-27 00:00:00+00:00,53.0,111040.0,270.3,262.35,266.9,263.7,13800.0
2011-05-30 00:00:00+00:00,53.0,111040.0,,,,263.7,
2011-05-31 00:00:00+00:00,49.0,112192.0,268.4,263.5,264.7,264.6,18092.0
2011-06-01 00:00:00+00:00,48.0,115367.0,264.9,255.25,264.25,255.95,40016.0
2011-06-02 00:00:00+00:00,47.0,116057.0,262.65,253.3,255.95,261.25,27267.0
2011-06-03 00:00:00+00:00,46.0,117772.0,273.8,256.85,261.25,270.95,31761.0
2011-06-06 00:00:00+00:00,43.0,116916.0,270.75,259.5,270.35,260.5,23764.0
2011-06-07 00:00:00+00:00,42.0,112646.0,265.5,260.0,260.0,263.0,29212.0
2011-06-08 00:00:00+00:00,41.0,111185.0,264.8,258.0,262.6,263.85,26507.0
2011-06-09 00:00:00+00:00,40.0,110907.0,268.7,264.4,264.8,266.8,22989.0
2011-06-10 00:00:00+00:00,39.0,107044.0,268.8,261.55,267.2,264.95,27954.0
2011-06-13 00:00:00+00:00,36.0,108669.0,270.65,261.05,269.9,267.45,30607.0
2011-06-14 00:00:00+00:00,35.0,107353.0,269.7,265.0,268.65,269.25,17467.0
2011-06-15 00:00:00+00:00,34.0,108574.0,270.0,260.35,267.7,262.65,27707.0
2011-06-16 00:00:00+00:00,33.0,108825.0,264.3,257.5,263.0,257.9,24645.0
2011-06-17 00:00:00+00:00,32.0,110562.0,260.95,249.1,258.25,249.55,30158.0
2011-06-20 00:00:00+00:00,29.0,108489.0,250.35,243.45,250.2,243.6,35306.0
2011-06-21 00:00:00+00:00,28.0,107398.0,246.85,242.8,245.0,243.5,22871.0
2011-06-22 00:00:00+00:00,27.0,106196.0,245.85,242.3,244.9,243.75,14322.0
2011-06-23 00:00:00+00:00,26.0,105572.0,250.7,239.65,244.15,247.7,19134.0
2011-06-24 00:00:00+00:00,25.0,105236.0,251.0,245.5,249.55,249.0,12706.0
2011-06-27 00:00:00+00:00,22.0,105676.0,250.9,249.1,250.2,250.15,13280.0
2011-06-28 00:00:00+00:00,21.0,106103.0,258.2,250.0,250.8,257.9,17482.0
2011-06-29 00:00:00+00:00,20.0,106212.0,260.15,254.0,258.9,260.25,16062.0
2011-06-30 00:00:00+00:00,19.0,107099.0,266.2,264.4,264.4,265.35,15838.0
2011-07-01 00:00:00+00:00,81.0,107282.0,265.6,258.25,264.9,263.65,12877.0
2011-07-04 00:00:00+00:00,81.0,107282.0,,,,263.65,
2011-07-05 00:00:00+00:00,77.0,107245.0,269.9,259.2,262.5,269.6,16992.0
2011-07-06 00:00:00+00:00,76.0,107644.0,269.6,265.8,268.8,267.5,12093.0
2011-07-07 00:00:00+00:00,75.0,108196.0,271.9,265.15,267.0,268.6,14672.0
2011-07-08 00:00:00+00:00,74.0,107956.0,270.25,262.7,268.6,263.3,12111.0
2011-07-11 00:00:00+00:00,71.0,107981.0,263.0,256.1,262.7,259.05,19685.0
2011-07-12 00:00:00+00:00,70.0,108202.0,258.85,254.55,258.5,257.85,11166.0
2011-07-13 00:00:00+00:00,69.0,110183.0,266.2,258.25,258.7,263.95,14390.0
2011-07-14 00:00:00+00:00,68.0,108788.0,265.65,256.6,263.95,258.35,12807.0
2011-07-15 00:00:00+00:00,67.0,107805.0,260.5,252.35,257.0,253.55,14897.0
2011-07-18 00:00:00+00:00,64.0,108493.0,253.25,247.3,252.35,248.2,15658.0
2011-07-19 00:00:00+00:00,63.0,108597.0,252.9,243.05,249.9,243.85,16822.0
2011-07-20 00:00:00+00:00,62.0,108725.0,246.45,240.1,244.5,243.4,16040.0
2011-07-21 00:00:00+00:00,61.0,108522.0,247.9,239.5,244.5,240.8,18454.0
2011-07-22 00:00:00+00:00,60.0,107591.0,246.3,238.0,241.45,241.5,20082.0
2011-07-25 00:00:00+00:00,57.0,107324.0,245.0,241.05,241.5,242.9,14259.0
2011-07-26 00:00:00+00:00,56.0,107293.0,247.35,242.8,243.5,244.95,21256.0
2011-07-27 00:00:00+00:00,55.0,109247.0,245.3,238.6,244.95,241.2,19638.0
2011-07-28 00:00:00+00:00,54.0,110458.0,244.6,237.2,241.6,238.65,20006.0
2011-07-29 00:00:00+00:00,53.0,110686.0,242.4,238.3,238.65,239.55,15086.0
2011-08-01 00:00:00+00:00,50.0,113695.0,243.7,239.7,240.6,241.35,26626.0
2011-08-02 00:00:00+00:00,49.0,111530.0,248.45,240.65,240.95,243.2,22684.0
2011-08-03 00:00:00+00:00,48.0,113065.0,245.7,240.35,242.85,241.9,24445.0
2011-08-04 00:00:00+00:00,47.0,113986.0,243.1,234.75,242.15,235.85,29015.0
2011-08-05 00:00:00+00:00,46.0,112194.0,247.7,233.5,235.35,238.0,43413.0
2011-08-08 00:00:00+00:00,43.0,109304.0,237.0,231.35,236.95,234.2,24303.0
2011-08-09 00:00:00+00:00,42.0,109031.0,238.1,232.6,233.6,234.75,24434.0
2011-08-10 00:00:00+00:00,41.0,107965.0,238.8,233.8,235.8,234.85,26580.0
2011-08-11 00:00:00+00:00,40.0,109933.0,241.75,234.25,235.1,240.85,35600.0
2011-08-12 00:00:00+00:00,39.0,106853.0,242.5,239.4,241.0,240.35,27557.0
2011-08-15 00:00:00+00:00,36.0,107124.0,248.1,240.1,240.8,245.7,25804.0
2011-08-16 00:00:00+00:00,35.0,107446.0,252.0,242.0,245.3,251.55,24101.0
2011-08-17 00:00:00+00:00,34.0,111080.0,263.6,250.65,251.15,263.2,31043.0
2011-08-18 00:00:00+00:00,33.0,109698.0,265.0,256.85,262.35,264.8,21748.0
2011-08-19 00:00:00+00:00,32.0,106789.0,266.6,261.65,262.7,266.15,24924.0
2011-08-22 00:00:00+00:00,29.0,102777.0,269.55,263.4,265.0,264.7,25142.0
2011-08-23 00:00:00+00:00,28.0,102412.0,271.8,264.1,264.1,268.85,16145.0
2011-08-24 00:00:00+00:00,27.0,102408.0,276.35,270.1,271.0,272.5,17016.0
2011-08-25 00:00:00+00:00,26.0,102860.0,276.9,273.25,273.25,274.65,15012.0
2011-08-26 00:00:00+00:00,25.0,104156.0,279.55,275.7,275.7,278.9,14476.0
2011-08-29 00:00:00+00:00,22.0,105284.0,284.25,280.0,280.65,284.95,11109.0
2011-08-30 00:00:00+00:00,21.0,106243.0,284.9,279.85,284.9,287.45,16350.0
2011-08-31 00:00:00+00:00,20.0,110215.0,286.1,286.1,286.1,289.1,14222.0
2011-09-01 00:00:00+00:00,109.0,111129.0,290.85,282.6,287.15,289.75,15367.0
2011-09-02 00:00:00+00:00,108.0,113073.0,290.45,284.7,289.0,288.05,13959.0
2011-09-05 00:00:00+00:00,108.0,113073.0,,,,288.05,
2011-09-06 00:00:00+00:00,104.0,113221.0,283.5,276.6,283.3,280.95,16825.0
2011-09-07 00:00:00+00:00,103.0,114190.0,285.2,280.3,281.9,284.5,13707.0
2011-09-08 00:00:00+00:00,102.0,115149.0,284.75,281.0,283.9,284.1,11056.0
2011-09-09 00:00:00+00:00,101.0,114695.0,283.6,265.1,283.25,270.0,25253.0
2011-09-12 00:00:00+00:00,98.0,113911.0,274.75,268.15,270.0,270.95,12970.0
2011-09-13 00:00:00+00:00,97.0,114618.0,274.0,268.0,270.95,270.3,12907.0
2011-09-14 00:00:00+00:00,96.0,115259.0,271.1,264.1,269.0,265.7,14018.0
2011-09-15 00:00:00+00:00,95.0,114893.0,269.65,260.2,265.3,260.55,15287.0
2011-09-16 00:00:00+00:00,94.0,113393.0,264.75,255.1,260.4,260.4,19931.0
2011-09-19 00:00:00+00:00,91.0,113605.0,264.35,255.45,260.15,262.05,16467.0
2011-09-20 00:00:00+00:00,90.0,114007.0,266.0,259.5,262.5,260.2,10523.0
2011-09-21 00:00:00+00:00,89.0,115215.0,260.4,251.35,260.4,251.95,20671.0
2011-09-22 00:00:00+00:00,88.0,114290.0,251.0,235.65,251.0,239.25,32154.0
2011-09-23 00:00:00+00:00,87.0,114429.0,241.95,230.8,239.9,231.45,23657.0
2011-09-26 00:00:00+00:00,84.0,114992.0,240.5,232.0,233.0,235.95,17666.0
2011-09-27 00:00:00+00:00,83.0,115239.0,246.55,237.35,238.4,240.85,18522.0
2011-09-28 00:00:00+00:00,82.0,116173.0,244.2,232.85,241.05,233.5,20357.0
2011-09-29 00:00:00+00:00,81.0,114276.0,235.5,230.15,233.4,231.15,17941.0
2011-09-30 00:00:00+00:00,80.0,114933.0,233.6,228.5,230.85,228.9,19990.0
2011-10-03 00:00:00+00:00,77.0,116675.0,228.6,219.8,228.5,223.45,24006.0
2011-10-04 00:00:00+00:00,76.0,117030.0,230.2,221.7,224.25,226.55,19662.0
2011-10-05 00:00:00+00:00,75.0,116796.0,232.0,226.15,228.0,227.7,10650.0
2011-10-06 00:00:00+00:00,74.0,115700.0,236.1,228.05,229.0,234.4,15986.0
2011-10-07 00:00:00+00:00,73.0,116377.0,236.0,223.65,235.65,224.35,15790.0
2011-10-10 00:00:00+00:00,70.0,116164.0,231.75,225.1,226.0,226.3,11168.0
2011-10-11 00:00:00+00:00,69.0,117657.0,228.35,221.65,226.3,223.4,18393.0
2011-10-12 00:00:00+00:00,68.0,118226.0,231.7,223.6,224.0,229.45,12843.0
2011-10-13 00:00:00+00:00,67.0,119019.0,240.35,228.1,231.5,237.65,19125.0
2011-10-14 00:00:00+00:00,66.0,117597.0,241.5,234.25,237.45,239.55,16586.0
2011-10-17 00:00:00+00:00,63.0,120027.0,243.55,228.35,240.05,234.0,19475.0
2011-10-18 00:00:00+00:00,62.0,120745.0,236.0,229.4,232.8,231.5,16538.0
2011-10-19 00:00:00+00:00,61.0,120497.0,239.25,230.9,231.25,236.15,17311.0
2011-10-20 00:00:00+00:00,60.0,121011.0,236.85,229.7,234.4,231.65,17245.0
2011-10-21 00:00:00+00:00,59.0,120828.0,246.7,233.2,233.65,244.85,29139.0
2011-10-24 00:00:00+00:00,56.0,120879.0,251.5,243.1,245.45,250.8,19132.0
2011-10-25 00:00:00+00:00,55.0,122607.0,252.5,235.6,251.25,236.55,35572.0
2011-10-26 00:00:00+00:00,54.0,123085.0,240.5,231.9,236.8,233.7,18918.0
2011-10-27 00:00:00+00:00,53.0,123922.0,240.95,234.0,234.0,234.6,20929.0
2011-10-28 00:00:00+00:00,52.0,123289.0,236.7,232.1,234.6,235.15,18333.0
2011-10-31 00:00:00+00:00,49.0,122602.0,233.5,225.35,233.0,226.95,21826.0
2011-11-01 00:00:00+00:00,48.0,122541.0,226.4,220.45,226.4,223.65,30229.0
2011-11-02 00:00:00+00:00,47.0,121514.0,227.5,223.0,225.4,224.0,21778.0
2011-11-03 00:00:00+00:00,46.0,121422.0,230.1,223.25,223.25,226.8,23021.0
2011-11-04 00:00:00+00:00,45.0,118328.0,231.4,224.25,227.5,230.2,21078.0
2011-11-07 00:00:00+00:00,42.0,115833.0,236.8,228.65,230.2,233.0,25218.0
2011-11-08 00:00:00+00:00,41.0,114896.0,237.3,228.7,234.9,229.6,25924.0
2011-11-09 00:00:00+00:00,40.0,114586.0,231.45,226.95,230.4,230.2,23168.0
2011-11-10 00:00:00+00:00,39.0,116432.0,232.8,227.75,229.05,230.0,19964.0
2011-11-11 00:00:00+00:00,38.0,107701.0,235.05,229.25,230.7,233.95,37510.0
2011-11-14 00:00:00+00:00,35.0,105648.0,238.35,228.1,237.3,230.95,29457.0
2011-11-15 00:00:00+00:00,34.0,104414.0,240.0,230.4,233.15,239.5,31870.0
2011-11-16 00:00:00+00:00,33.0,103531.0,238.5,235.1,237.55,235.75,21944.0
2011-11-17 00:00:00+00:00,32.0,100828.0,236.25,231.3,235.0,232.15,24232.0
2011-11-18 00:00:00+00:00,31.0,98662.0,236.0,231.6,231.75,234.2,20983.0
2011-11-21 00:00:00+00:00,28.0,97793.0,234.5,231.95,233.7,232.2,9503.0
2011-11-22 00:00:00+00:00,27.0,97495.0,233.8,230.85,233.5,232.9,10435.0
2011-11-23 00:00:00+00:00,26.0,98272.0,236.6,230.25,231.2,231.6,15075.0
2011-11-24 00:00:00+00:00,26.0,98272.0,,,,231.6,
2011-11-25 00:00:00+00:00,24.0,98319.0,231.45,229.5,231.0,229.6,7518.0
2011-11-28 00:00:00+00:00,21.0,99821.0,234.0,224.4,231.2,224.7,17662.0
2011-11-29 00:00:00+00:00,20.0,99583.0,228.5,224.2,226.0,225.25,12123.0
2011-11-30 00:00:00+00:00,19.0,100449.0,232.9,225.0,225.0,233.8,17407.0
2011-12-01 00:00:00+00:00,110.0,99563.0,238.95,233.6,236.1,235.7,12910.0
2011-12-02 00:00:00+00:00,109.0,99059.0,238.4,225.5,235.7,229.55,18275.0
2011-12-05 00:00:00+00:00,106.0,99665.0,237.7,229.75,229.95,236.4,15249.0
2011-12-06 00:00:00+00:00,105.0,100602.0,237.3,232.35,234.6,235.75,11957.0
2011-12-07 00:00:00+00:00,104.0,101929.0,236.25,229.15,235.95,229.85,14508.0
2011-12-08 00:00:00+00:00,103.0,100968.0,232.3,227.2,230.0,228.65,9901.0
2011-12-09 00:00:00+00:00,102.0,102422.0,232.0,225.85,229.0,227.75,12229.0
2011-12-12 00:00:00+00:00,99.0,103051.0,227.6,220.2,227.15,221.05,18760.0
2011-12-13 00:00:00+00:00,98.0,103082.0,224.5,220.6,221.1,222.95,13624.0
2011-12-14 00:00:00+00:00,97.0,103363.0,222.9,217.25,222.3,218.0,14307.0
2011-12-15 00:00:00+00:00,96.0,103684.0,220.5,216.55,219.0,217.75,9823.0
2011-12-16 00:00:00+00:00,95.0,103941.0,219.05,214.2,217.75,215.1,11066.0
2011-12-19 00:00:00+00:00,92.0,103657.0,219.95,212.35,216.1,219.45,11486.0
2011-12-20 00:00:00+00:00,91.0,103143.0,224.05,219.0,220.0,222.8,11484.0
2011-12-21 00:00:00+00:00,90.0,104257.0,222.8,218.5,222.1,219.9,8844.0
2011-12-22 00:00:00+00:00,89.0,103929.0,223.4,218.65,219.7,221.4,8936.0
2011-12-23 00:00:00+00:00,88.0,104095.0,222.85,217.4,220.9,219.65,4384.0
2011-12-26 00:00:00+00:00,88.0,104095.0,,,,219.65,
2011-12-27 00:00:00+00:00,84.0,104103.0,223.0,218.35,218.35,222.85,4542.0
2011-12-28 00:00:00+00:00,83.0,103420.0,229.3,221.0,221.9,226.75,9363.0
2011-12-29 00:00:00+00:00,82.0,103758.0,227.2,224.1,225.75,224.25,4658.0
2011-12-30 00:00:00+00:00,81.0,104733.0,227.6,224.2,224.45,226.85,5341.0
2012-01-02 00:00:00+00:00,81.0,104733.0,,,,226.85,
2012-01-03 00:00:00+00:00,77.0,105415.0,228.0,222.4,226.85,227.2,15311.0
2012-01-04 00:00:00+00:00,76.0,105724.0,229.15,224.4,226.0,226.7,19395.0
2012-01-05 00:00:00+00:00,75.0,108905.0,225.8,217.55,225.45,219.55,21254.0
2012-01-06 00:00:00+00:00,74.0,110427.0,222.4,216.6,219.0,221.75,13487.0
2012-01-09 00:00:00+00:00,71.0,110116.0,224.5,217.6,220.75,221.85,12955.0
2012-01-10 00:00:00+00:00,70.0,111501.0,226.1,221.15,221.5,225.95,13665.0
2012-01-11 00:00:00+00:00,69.0,112261.0,235.2,224.15,225.25,234.9,29063.0
2012-01-12 00:00:00+00:00,68.0,111619.0,238.5,231.85,233.8,233.9,21106.0
2012-01-13 00:00:00+00:00,67.0,111838.0,236.4,224.5,233.6,225.25,21522.0
2012-01-16 00:00:00+00:00,67.0,111838.0,,,,225.25,
2012-01-17 00:00:00+00:00,63.0,112656.0,229.25,221.1,225.45,225.15,22507.0
2012-01-18 00:00:00+00:00,62.0,112090.0,227.0,222.25,225.95,224.85,15658.0
2012-01-19 00:00:00+00:00,61.0,110922.0,227.8,223.35,224.25,226.65,23292.0
2012-01-20 00:00:00+00:00,60.0,111667.0,228.65,224.1,225.5,225.4,17983.0
2012-01-23 00:00:00+00:00,57.0,114144.0,225.0,217.85,223.9,219.45,23427.0
2012-01-24 00:00:00+00:00,56.0,116252.0,221.3,217.55,219.75,220.45,15652.0
2012-01-25 00:00:00+00:00,55.0,118985.0,221.9,216.8,220.25,217.2,21106.0
2012-01-26 00:00:00+00:00,54.0,119221.0,221.5,217.25,218.5,219.7,17735.0
2012-01-27 00:00:00+00:00,53.0,119618.0,220.2,216.9,219.65,217.35,15357.0
2012-01-30 00:00:00+00:00,50.0,120373.0,217.3,215.0,216.75,216.6,14535.0
2012-01-31 00:00:00+00:00,49.0,124356.0,219.65,213.1,217.0,215.05,26844.0
2012-02-01 00:00:00+00:00,48.0,126522.0,215.9,213.2,214.5,214.1,18470.0
2012-02-02 00:00:00+00:00,47.0,130477.0,216.15,210.95,214.0,215.6,30555.0
2012-02-03 00:00:00+00:00,46.0,132241.0,218.95,214.6,215.8,215.95,22404.0
2012-02-06 00:00:00+00:00,43.0,134642.0,219.8,213.05,215.0,218.8,26222.0
2012-02-07 00:00:00+00:00,42.0,136418.0,222.45,215.8,219.1,220.95,38089.0
2012-02-08 00:00:00+00:00,41.0,133915.0,222.3,219.15,220.9,220.05,32065.0
2012-02-09 00:00:00+00:00,40.0,132625.0,222.15,214.75,220.6,216.0,32241.0
2012-02-10 00:00:00+00:00,39.0,129393.0,218.0,214.45,216.0,215.3,35404.0
2012-02-13 00:00:00+00:00,36.0,130501.0,217.6,210.0,216.0,212.3,51420.0
2012-02-14 00:00:00+00:00,35.0,130330.0,213.3,203.25,212.15,204.2,39946.0
2012-02-15 00:00:00+00:00,34.0,131167.0,205.9,198.3,204.5,200.4,39493.0
2012-02-16 00:00:00+00:00,33.0,131591.0,202.25,195.9,201.15,199.3,31085.0
2012-02-17 00:00:00+00:00,32.0,130164.0,201.0,198.5,200.2,200.05,22112.0
2012-02-20 00:00:00+00:00,32.0,130164.0,,,,200.05,
2012-02-21 00:00:00+00:00,28.0,129976.0,205.0,199.0,199.75,204.65,15973.0
2012-02-22 00:00:00+00:00,27.0,131342.0,205.1,200.35,204.0,200.75,13882.0
2012-02-23 00:00:00+00:00,26.0,130874.0,205.35,200.85,200.85,202.0,14633.0
2012-02-24 00:00:00+00:00,25.0,132415.0,203.9,202.0,202.0,203.25,16772.0
2012-02-27 00:00:00+00:00,22.0,133312.0,204.5,201.5,202.8,204.45,13892.0
2012-02-28 00:00:00+00:00,21.0,133823.0,206.25,202.35,204.45,206.15,16488.0
2012-02-29 00:00:00+00:00,20.0,135873.0,205.8,201.55,205.8,203.15,17089.0
2012-03-01 00:00:00+00:00,78.0,136898.0,205.1,201.85,202.95,204.1,17421.0
2012-03-02 00:00:00+00:00,77.0,137098.0,204.75,200.75,204.1,201.8,16769.0
2012-03-05 00:00:00+00:00,74.0,137543.0,202.5,199.05,200.8,201.7,19689.0
2012-03-06 00:00:00+00:00,73.0,139102.0,201.6,192.55,201.05,193.05,29090.0
2012-03-07 00:00:00+00:00,72.0,140949.0,194.5,186.2,193.05,188.6,32913.0
2012-03-08 00:00:00+00:00,71.0,143296.0,192.0,185.1,187.9,189.4,25342.0
2012-03-09 00:00:00+00:00,70.0,143947.0,189.4,185.55,189.35,186.2,15138.0
2012-03-12 00:00:00+00:00,67.0,146110.0,185.75,181.05,185.7,184.85,24820.0
2012-03-13 00:00:00+00:00,66.0,147387.0,186.6,183.35,184.7,186.15,16671.0
2012-03-14 00:00:00+00:00,65.0,148744.0,186.3,182.65,185.7,183.6,18169.0
2012-03-15 00:00:00+00:00,64.0,149708.0,185.8,182.55,182.9,185.3,14430.0
2012-03-16 00:00:00+00:00,63.0,152654.0,186.5,181.7,185.2,182.35,23576.0
2012-03-19 00:00:00+00:00,60.0,154578.0,185.25,182.0,182.0,183.5,20659.0
2012-03-20 00:00:00+00:00,59.0,155555.0,185.5,182.35,183.25,183.6,17665.0
2012-03-21 00:00:00+00:00,58.0,155947.0,188.45,182.5,183.5,184.7,21152.0
2012-03-22 00:00:00+00:00,57.0,158081.0,185.3,174.45,184.15,176.95,37566.0
2012-03-23 00:00:00+00:00,56.0,158545.0,179.25,175.25,176.25,178.75,21036.0
2012-03-26 00:00:00+00:00,53.0,158025.0,180.4,177.7,178.25,178.8,24253.0
2012-03-27 00:00:00+00:00,52.0,154900.0,187.65,178.8,178.8,187.35,41773.0
2012-03-28 00:00:00+00:00,51.0,156993.0,187.85,181.25,186.9,182.0,25303.0
2012-03-29 00:00:00+00:00,50.0,157150.0,183.25,175.9,181.5,176.45,30687.0
2012-03-30 00:00:00+00:00,49.0,156512.0,184.05,177.1,177.15,182.45,31497.0
2012-04-02 00:00:00+00:00,46.0,157036.0,186.9,180.3,182.5,186.2,28847.0
2012-04-03 00:00:00+00:00,45.0,157812.0,185.9,182.35,185.9,185.35,24886.0
2012-04-04 00:00:00+00:00,44.0,160503.0,190.45,178.7,184.0,184.75,52558.0
2012-04-05 00:00:00+00:00,43.0,162130.0,185.0,180.95,184.0,183.0,32404.0
2012-04-06 00:00:00+00:00,43.0,162130.0,,,,183.0,
2012-04-09 00:00:00+00:00,39.0,159593.0,183.6,177.55,182.85,178.05,28477.0
2012-04-10 00:00:00+00:00,38.0,158097.0,182.35,177.75,178.5,178.15,42499.0
2012-04-11 00:00:00+00:00,37.0,158698.0,182.95,177.9,178.1,180.65,50643.0
2012-04-12 00:00:00+00:00,36.0,158109.0,183.3,178.9,181.05,182.9,50886.0
2012-04-13 00:00:00+00:00,35.0,157618.0,186.4,178.15,182.05,179.2,51920.0
2012-04-16 00:00:00+00:00,32.0,150161.0,180.0,172.65,179.3,174.7,50427.0
2012-04-17 00:00:00+00:00,31.0,145225.0,177.3,172.45,175.55,173.05,32817.0
2012-04-18 00:00:00+00:00,30.0,143994.0,174.0,171.9,173.05,172.65,23926.0
2012-04-19 00:00:00+00:00,29.0,142626.0,175.0,172.05,172.05,173.65,19475.0
2012-04-20 00:00:00+00:00,28.0,143253.0,178.4,173.55,173.55,177.7,18281.0
2012-04-23 00:00:00+00:00,25.0,146566.0,178.4,176.1,177.5,177.7,13113.0
2012-04-24 00:00:00+00:00,24.0,146367.0,183.0,178.45,178.45,182.5,19170.0
2012-04-25 00:00:00+00:00,23.0,147795.0,184.25,174.9,184.15,175.95,29955.0
2012-04-26 00:00:00+00:00,22.0,146211.0,176.35,174.75,176.0,174.7,15076.0
2012-04-27 00:00:00+00:00,21.0,144582.0,176.0,174.7,174.7,175.0,13367.0
2012-04-30 00:00:00+00:00,18.0,144156.0,178.6,174.75,175.4,177.95,14498.0
2012-05-01 00:00:00+00:00,79.0,144219.0,184.6,177.15,179.4,184.15,22457.0
2012-05-02 00:00:00+00:00,78.0,145333.0,185.4,181.25,183.7,182.75,17958.0
2012-05-03 00:00:00+00:00,77.0,147308.0,184.4,175.4,182.0,175.8,20478.0
2012-05-04 00:00:00+00:00,76.0,147542.0,177.75,174.25,176.0,174.6,13986.0
2012-05-07 00:00:00+00:00,73.0,146853.0,176.2,173.6,174.6,175.2,12081.0
2012-05-08 00:00:00+00:00,72.0,146714.0,177.45,173.85,174.8,174.95,13286.0
2012-05-09 00:00:00+00:00,71.0,146717.0,176.6,172.2,175.25,175.05,18312.0
2012-05-10 00:00:00+00:00,70.0,146143.0,179.6,174.85,175.55,178.65,16900.0
2012-05-11 00:00:00+00:00,69.0,146918.0,179.15,175.6,177.65,177.15,13758.0
2012-05-14 00:00:00+00:00,66.0,146979.0,178.3,173.9,176.7,177.95,14861.0
2012-05-15 00:00:00+00:00,65.0,145889.0,181.6,177.05,177.95,178.4,20284.0
2012-05-16 00:00:00+00:00,64.0,146535.0,182.15,175.5,176.75,178.0,23385.0
2012-05-17 00:00:00+00:00,63.0,147121.0,180.8,176.4,177.5,180.1,16734.0
2012-05-18 00:00:00+00:00,62.0,147852.0,181.85,177.7,178.3,179.15,18769.0
2012-05-21 00:00:00+00:00,59.0,148502.0,181.35,174.3,179.0,175.15,18706.0
2012-05-22 00:00:00+00:00,58.0,149445.0,177.0,172.85,176.0,174.5,28116.0
2012-05-23 00:00:00+00:00,57.0,151830.0,173.5,165.1,173.5,166.9,49882.0
2012-05-24 00:00:00+00:00,56.0,152287.0,169.6,165.3,167.0,166.9,23731.0
2012-05-25 00:00:00+00:00,55.0,150806.0,168.55,165.45,166.45,167.8,23180.0
2012-05-28 00:00:00+00:00,55.0,150806.0,,,,167.8,
2012-05-29 00:00:00+00:00,51.0,150688.0,169.45,164.75,168.45,165.4,24890.0
2012-05-30 00:00:00+00:00,50.0,152661.0,166.4,162.3,165.4,164.4,40241.0
2012-05-31 00:00:00+00:00,49.0,155400.0,165.45,160.15,164.2,160.65,32129.0
2012-06-01 00:00:00+00:00,48.0,157522.0,161.25,156.5,160.65,157.5,30647.0
2012-06-04 00:00:00+00:00,45.0,158830.0,158.95,154.65,157.9,158.45,24677.0
2012-06-05 00:00:00+00:00,44.0,159364.0,159.35,155.9,158.0,156.2,24060.0
2012-06-06 00:00:00+00:00,43.0,161828.0,158.9,155.5,156.45,155.9,27263.0
2012-06-07 00:00:00+00:00,42.0,159770.0,158.1,154.25,156.2,156.65,32358.0
2012-06-08 00:00:00+00:00,41.0,156413.0,157.7,154.6,156.65,155.6,29561.0
2012-06-11 00:00:00+00:00,38.0,153344.0,157.9,153.7,155.7,155.1,46612.0
2012-06-12 00:00:00+00:00,37.0,151728.0,155.5,153.3,154.5,154.2,49280.0
2012-06-13 00:00:00+00:00,36.0,149222.0,155.15,151.85,154.55,152.5,40478.0
2012-06-14 00:00:00+00:00,35.0,146721.0,152.3,148.85,152.3,149.2,39204.0
2012-06-15 00:00:00+00:00,34.0,146255.0,151.2,149.25,149.5,150.05,22281.0
2012-06-18 00:00:00+00:00,31.0,144147.0,150.9,148.2,150.7,149.55,27934.0
2012-06-19 00:00:00+00:00,30.0,142573.0,156.7,148.55,149.7,156.6,45051.0
2012-06-20 00:00:00+00:00,29.0,141873.0,159.15,150.0,156.0,150.75,48894.0
2012-06-21 00:00:00+00:00,28.0,140760.0,158.15,150.0,150.75,157.75,25031.0
2012-06-22 00:00:00+00:00,27.0,140922.0,158.15,152.5,158.15,155.15,14389.0
2012-06-25 00:00:00+00:00,24.0,140394.0,159.0,153.75,154.7,158.7,13813.0
2012-06-26 00:00:00+00:00,23.0,139446.0,165.3,157.35,159.0,165.4,23613.0
2012-06-27 00:00:00+00:00,22.0,138083.0,168.1,163.4,164.95,164.5,17538.0
2012-06-28 00:00:00+00:00,21.0,137117.0,163.35,161.0,163.2,163.0,13088.0
2012-06-29 00:00:00+00:00,20.0,136963.0,168.6,164.0,164.0,170.1,20111.0
2012-07-02 00:00:00+00:00,78.0,137574.0,174.9,169.7,170.75,174.6,22045.0
2012-07-03 00:00:00+00:00,77.0,137944.0,181.4,174.65,174.65,180.45,28254.0
2012-07-04 00:00:00+00:00,77.0,137944.0,,,,180.45,
2012-07-05 00:00:00+00:00,75.0,138671.0,187.1,175.85,179.05,180.35,35455.0
2012-07-06 00:00:00+00:00,74.0,138303.0,181.25,175.8,178.9,176.45,16069.0
2012-07-09 00:00:00+00:00,71.0,138427.0,182.8,175.1,176.0,182.35,14494.0
2012-07-10 00:00:00+00:00,70.0,139115.0,186.6,180.2,181.7,184.5,23793.0
2012-07-11 00:00:00+00:00,69.0,139679.0,192.2,182.65,183.65,184.7,27550.0
2012-07-12 00:00:00+00:00,68.0,138488.0,184.75,178.15,184.7,182.05,20233.0
2012-07-13 00:00:00+00:00,67.0,138971.0,187.75,182.2,182.2,186.1,22851.0
2012-07-16 00:00:00+00:00,64.0,139601.0,188.2,183.05,185.65,183.95,17595.0
2012-07-17 00:00:00+00:00,63.0,139757.0,184.35,179.0,183.9,181.85,16507.0
2012-07-18 00:00:00+00:00,62.0,138769.0,183.45,177.4,182.3,182.15,19101.0
2012-07-19 00:00:00+00:00,61.0,138383.0,189.4,182.05,182.45,188.95,25796.0
2012-07-20 00:00:00+00:00,60.0,137367.0,190.85,186.1,188.9,186.95,21345.0
2012-07-23 00:00:00+00:00,57.0,136538.0,186.4,183.1,185.85,185.1,14582.0
2012-07-24 00:00:00+00:00,56.0,135078.0,185.45,173.7,184.4,175.45,30278.0
2012-07-25 00:00:00+00:00,55.0,134143.0,178.45,174.0,175.45,176.3,16354.0
2012-07-26 00:00:00+00:00,54.0,135481.0,179.5,173.1,176.3,174.05,19425.0
2012-07-27 00:00:00+00:00,53.0,136827.0,176.75,173.05,174.05,173.7,15428.0
2012-07-30 00:00:00+00:00,50.0,137087.0,178.9,173.15,174.35,178.35,20971.0
2012-07-31 00:00:00+00:00,49.0,136278.0,178.65,172.7,178.1,174.4,22909.0
2012-08-01 00:00:00+00:00,48.0,138255.0,175.6,170.6,174.65,174.6,32058.0
2012-08-02 00:00:00+00:00,47.0,135851.0,175.35,171.25,174.95,171.65,27942.0
2012-08-03 00:00:00+00:00,46.0,136903.0,174.2,171.3,171.65,173.8,15550.0
2012-08-06 00:00:00+00:00,43.0,137605.0,177.85,173.0,173.1,175.5,19141.0
2012-08-07 00:00:00+00:00,42.0,138521.0,176.2,172.4,175.5,172.65,34805.0
2012-08-08 00:00:00+00:00,41.0,138912.0,173.1,169.9,172.75,170.5,33783.0
2012-08-09 00:00:00+00:00,40.0,139081.0,171.35,166.25,170.95,166.45,44032.0
2012-08-10 00:00:00+00:00,39.0,137590.0,167.45,164.2,167.0,166.25,31349.0
2012-08-13 00:00:00+00:00,36.0,137864.0,167.25,162.95,166.2,164.1,45232.0
2012-08-14 00:00:00+00:00,35.0,137525.0,165.75,162.4,164.9,163.05,29445.0
2012-08-15 00:00:00+00:00,34.0,138000.0,163.55,158.8,163.25,161.9,0.0
2012-08-16 00:00:00+00:00,33.0,138410.0,161.8,157.8,161.8,158.85,20231.0
2012-08-17 00:00:00+00:00,32.0,137867.0,160.7,157.4,159.15,160.3,19459.0
2012-08-20 00:00:00+00:00,29.0,137232.0,163.45,160.3,160.65,161.2,26433.0
2012-08-21 00:00:00+00:00,28.0,135950.0,162.5,160.55,161.75,160.65,21245.0
2012-08-22 00:00:00+00:00,27.0,136872.0,160.55,157.6,160.45,158.95,23847.0
2012-08-23 00:00:00+00:00,26.0,135476.0,161.4,158.9,159.5,160.25,14025.0
2012-08-24 00:00:00+00:00,25.0,135897.0,163.5,160.0,160.35,162.6,9870.0
2012-08-27 00:00:00+00:00,22.0,135895.0,167.45,165.0,165.0,167.05,13038.0
2012-08-28 00:00:00+00:00,21.0,136235.0,168.0,165.75,166.5,167.75,13153.0
2012-08-29 00:00:00+00:00,20.0,136868.0,168.6,166.25,167.5,166.4,10349.0
2012-08-30 00:00:00+00:00,19.0,137334.0,167.5,162.5,165.5,163.0,20055.0
2012-08-31 00:00:00+00:00,18.0,138270.0,165.2,162.8,163.75,164.55,16139.0
2012-09-03 00:00:00+00:00,18.0,138270.0,,,,164.55,
2012-09-04 00:00:00+00:00,105.0,138853.0,167.9,164.5,165.65,165.3,16846.0
2012-09-05 00:00:00+00:00,104.0,141009.0,166.35,160.35,165.3,160.6,24232.0
2012-09-06 00:00:00+00:00,103.0,144228.0,162.75,156.55,161.0,158.2,29034.0
2012-09-07 00:00:00+00:00,102.0,144937.0,163.7,158.5,159.6,163.05,17971.0
2012-09-10 00:00:00+00:00,99.0,144592.0,174.35,163.25,163.7,173.65,28135.0
2012-09-11 00:00:00+00:00,98.0,143251.0,180.0,173.1,173.65,177.55,40764.0
2012-09-12 00:00:00+00:00,97.0,141054.0,178.9,176.65,176.95,177.5,20572.0
2012-09-13 00:00:00+00:00,96.0,139075.0,181.3,175.8,177.05,178.85,18344.0
2012-09-14 00:00:00+00:00,95.0,138402.0,183.7,179.55,179.55,181.1,19026.0
2012-09-17 00:00:00+00:00,92.0,138633.0,183.55,174.1,181.15,175.65,24979.0
2012-09-18 00:00:00+00:00,91.0,139043.0,178.45,171.65,175.15,177.5,20741.0
2012-09-19 00:00:00+00:00,90.0,141252.0,179.1,172.35,178.05,174.4,15680.0
2012-09-20 00:00:00+00:00,89.0,142730.0,174.5,168.3,174.2,168.6,31134.0
2012-09-21 00:00:00+00:00,88.0,142362.0,173.8,168.6,168.6,173.3,16625.0
2012-09-24 00:00:00+00:00,85.0,141613.0,172.75,167.65,171.8,172.3,17296.0
2012-09-25 00:00:00+00:00,84.0,140955.0,174.85,171.55,172.45,173.65,10037.0
2012-09-26 00:00:00+00:00,83.0,140858.0,173.25,169.0,173.0,169.45,12773.0
2012-09-27 00:00:00+00:00,82.0,141641.0,174.65,169.45,169.6,174.3,15138.0
2012-09-28 00:00:00+00:00,81.0,142509.0,175.2,170.25,174.25,173.5,15271.0
2012-10-01 00:00:00+00:00,78.0,141584.0,178.95,172.15,172.85,178.05,18713.0
2012-10-02 00:00:00+00:00,77.0,140954.0,184.55,177.95,178.1,183.65,30208.0
2012-10-03 00:00:00+00:00,76.0,140653.0,185.45,180.5,181.5,181.05,31843.0
2012-10-04 00:00:00+00:00,75.0,140516.0,183.8,173.4,181.05,175.05,25466.0
2012-10-05 00:00:00+00:00,74.0,139195.0,176.55,167.7,175.05,168.1,23858.0
2012-10-08 00:00:00+00:00,71.0,139030.0,169.4,166.35,167.8,169.1,14945.0
2012-10-09 00:00:00+00:00,70.0,140404.0,170.0,164.1,168.5,165.3,32739.0
2012-10-10 00:00:00+00:00,69.0,142539.0,166.95,163.3,166.65,163.45,24514.0
2012-10-11 00:00:00+00:00,68.0,146360.0,163.7,160.3,163.3,160.75,24772.0
2012-10-12 00:00:00+00:00,67.0,148151.0,163.1,159.7,161.1,161.7,16806.0
2012-10-15 00:00:00+00:00,64.0,149002.0,162.75,159.5,161.7,160.85,16601.0
2012-10-16 00:00:00+00:00,63.0,150187.0,163.45,160.35,161.5,162.8,14738.0
2012-10-17 00:00:00+00:00,62.0,150706.0,163.35,159.6,163.0,161.5,15783.0
2012-10-18 00:00:00+00:00,61.0,152314.0,161.55,157.15,161.1,158.6,20859.0
2012-10-19 00:00:00+00:00,60.0,152473.0,162.85,158.15,158.65,161.65,18212.0
2012-10-22 00:00:00+00:00,57.0,151393.0,165.7,161.4,162.5,164.5,19883.0
2012-10-23 00:00:00+00:00,56.0,151686.0,164.1,160.25,164.1,160.85,15082.0
2012-10-24 00:00:00+00:00,55.0,151722.0,162.3,158.7,160.85,159.8,15635.0
2012-10-25 00:00:00+00:00,54.0,151554.0,161.9,159.2,160.5,161.0,12948.0
2012-10-26 00:00:00+00:00,53.0,153275.0,161.45,156.9,161.0,157.75,17896.0
2012-10-29 00:00:00+00:00,50.0,151439.0,161.8,156.3,157.75,161.65,27520.0
2012-10-30 00:00:00+00:00,49.0,152813.0,162.75,156.55,162.0,157.2,15566.0
2012-10-31 00:00:00+00:00,48.0,153024.0,158.85,154.4,157.05,154.65,35008.0
2012-11-01 00:00:00+00:00,47.0,152329.0,156.4,152.8,154.65,153.45,22231.0
2012-11-02 00:00:00+00:00,46.0,151537.0,155.45,153.15,155.0,154.7,23901.0
2012-11-05 00:00:00+00:00,43.0,152455.0,154.7,150.8,154.7,150.9,26724.0
2012-11-06 00:00:00+00:00,42.0,152787.0,152.5,150.35,151.0,150.6,21765.0
2012-11-07 00:00:00+00:00,41.0,153623.0,154.0,150.7,151.0,151.2,33726.0
2012-11-08 00:00:00+00:00,40.0,154629.0,153.2,149.9,151.5,151.4,48048.0
2012-11-09 00:00:00+00:00,39.0,144041.0,152.35,149.6,151.95,149.9,36629.0
2012-11-12 00:00:00+00:00,36.0,142539.0,154.4,151.15,151.15,153.05,55580.0
2012-11-13 00:00:00+00:00,35.0,140426.0,153.0,145.75,153.0,146.0,45828.0
2012-11-14 00:00:00+00:00,34.0,137971.0,148.7,146.5,146.5,147.7,29871.0
2012-11-15 00:00:00+00:00,33.0,137734.0,149.35,144.5,148.25,149.0,29012.0
2012-11-16 00:00:00+00:00,32.0,137881.0,149.0,146.5,148.6,147.3,17127.0
2012-11-19 00:00:00+00:00,29.0,137806.0,151.8,147.55,147.55,151.4,34518.0
2012-11-20 00:00:00+00:00,28.0,134382.0,151.0,143.2,150.65,143.75,33236.0
2012-11-21 00:00:00+00:00,27.0,134264.0,145.85,142.9,144.0,144.8,16618.0
2012-11-22 00:00:00+00:00,27.0,134264.0,,,,144.8,
2012-11-23 00:00:00+00:00,25.0,135271.0,144.9,142.0,144.9,142.15,8251.0
2012-11-26 00:00:00+00:00,22.0,134915.0,142.45,132.25,142.45,139.9,15564.0
2012-11-27 00:00:00+00:00,21.0,135236.0,142.0,137.1,137.15,139.8,13615.0
2012-11-28 00:00:00+00:00,20.0,136425.0,144.7,137.35,138.25,144.65,26144.0
2012-11-29 00:00:00+00:00,19.0,136306.0,148.15,144.5,146.65,146.15,15406.0
2012-11-30 00:00:00+00:00,18.0,138187.0,146.65,141.35,146.65,142.1,18334.0
2012-12-03 00:00:00+00:00,105.0,138632.0,153.15,148.9,150.6,150.7,14693.0
2012-12-04 00:00:00+00:00,104.0,139259.0,152.15,147.1,150.0,148.35,17346.0
2012-12-05 00:00:00+00:00,103.0,139931.0,149.75,146.35,148.35,149.1,15885.0
2012-12-06 00:00:00+00:00,102.0,139987.0,151.5,149.0,149.7,150.95,10136.0
2012-12-07 00:00:00+00:00,101.0,138595.0,155.15,149.3,150.65,153.85,16319.0
2012-12-10 00:00:00+00:00,98.0,141191.0,153.7,146.55,152.4,147.0,22985.0
2012-12-11 00:00:00+00:00,97.0,140759.0,150.25,146.75,147.4,149.5,18474.0
2012-12-12 00:00:00+00:00,96.0,141226.0,150.0,146.1,149.05,146.5,15679.0
2012-12-13 00:00:00+00:00,95.0,142404.0,146.9,143.25,146.55,143.6,16628.0
2012-12-14 00:00:00+00:00,94.0,143267.0,145.55,142.2,143.6,143.15,15418.0
2012-12-17 00:00:00+00:00,91.0,143143.0,146.15,143.1,143.15,145.95,11749.0
2012-12-18 00:00:00+00:00,90.0,143623.0,148.0,143.35,145.05,144.0,15061.0
2012-12-19 00:00:00+00:00,89.0,143129.0,145.85,142.7,143.55,144.9,10601.0
2012-12-20 00:00:00+00:00,88.0,142274.0,146.25,141.8,145.0,142.95,16337.0
2012-12-21 00:00:00+00:00,87.0,141064.0,146.85,141.85,143.25,146.6,12081.0
2012-12-24 00:00:00+00:00,84.0,140711.0,147.95,145.1,146.6,147.0,4727.0
2012-12-25 00:00:00+00:00,84.0,140711.0,,,,147.0,
2012-12-26 00:00:00+00:00,82.0,141089.0,148.95,145.85,147.05,148.3,5939.0
2012-12-27 00:00:00+00:00,81.0,141856.0,148.75,146.8,148.0,147.9,7945.0
2012-12-28 00:00:00+00:00,80.0,142029.0,149.25,145.6,147.05,146.85,8105.0
2012-12-31 00:00:00+00:00,77.0,143736.0,146.25,141.25,146.1,143.8,13660.0
2013-01-01 00:00:00+00:00,77.0,143736.0,,,,143.8,
2013-01-02 00:00:00+00:00,75.0,143134.0,150.0,144.95,145.0,149.4,20937.0
2013-01-03 00:00:00+00:00,74.0,143392.0,151.95,145.45,148.6,146.5,26283.0
2013-01-04 00:00:00+00:00,73.0,144969.0,147.85,142.6,145.4,147.35,19516.0
2013-01-07 00:00:00+00:00,70.0,144874.0,151.0,146.6,147.35,150.4,20315.0
2013-01-08 00:00:00+00:00,69.0,147907.0,150.45,145.65,149.3,148.15,28560.0
2013-01-09 00:00:00+00:00,68.0,148116.0,149.15,145.95,146.6,147.9,22916.0
2013-01-10 00:00:00+00:00,67.0,149381.0,149.9,147.7,148.2,149.65,20309.0
2013-01-11 00:00:00+00:00,66.0,149381.0,153.5,148.85,149.2,153.35,35650.0
2013-01-14 00:00:00+00:00,63.0,150530.0,155.9,152.5,152.95,153.3,33973.0
2013-01-15 00:00:00+00:00,62.0,149185.0,156.5,151.25,152.7,152.5,28607.0
2013-01-16 00:00:00+00:00,61.0,150272.0,154.75,150.8,152.0,153.0,19178.0
2013-01-17 00:00:00+00:00,60.0,153053.0,156.5,152.4,152.7,155.5,26435.0
2013-01-18 00:00:00+00:00,59.0,153210.0,157.9,154.55,155.45,156.3,24301.0
2013-01-21 00:00:00+00:00,59.0,153210.0,,,,156.3,
2013-01-22 00:00:00+00:00,55.0,152505.0,156.45,148.2,154.8,148.6,40519.0
2013-01-23 00:00:00+00:00,54.0,153762.0,151.8,148.35,148.85,150.4,21143.0
2013-01-24 00:00:00+00:00,53.0,155019.0,151.3,146.1,150.65,146.55,29083.0
2013-01-25 00:00:00+00:00,52.0,156064.0,148.5,146.4,147.2,148.3,12933.0
2013-01-28 00:00:00+00:00,49.0,155697.0,149.8,146.95,148.1,149.0,22302.0
2013-01-29 00:00:00+00:00,48.0,155683.0,150.5,148.25,149.05,149.8,23653.0
2013-01-30 00:00:00+00:00,47.0,157318.0,150.8,147.15,149.9,147.7,34899.0
2013-01-31 00:00:00+00:00,46.0,156847.0,148.6,146.55,148.05,146.95,25566.0
2013-02-01 00:00:00+00:00,45.0,157625.0,149.8,146.9,146.95,147.95,26506.0
2013-02-04 00:00:00+00:00,42.0,159619.0,148.05,143.95,147.5,144.35,37344.0
2013-02-05 00:00:00+00:00,41.0,162774.0,145.7,143.75,144.55,144.05,42458.0
2013-02-06 00:00:00+00:00,40.0,164601.0,144.45,141.8,144.2,142.1,39217.0
2013-02-07 00:00:00+00:00,39.0,163693.0,143.3,139.65,142.1,140.3,56138.0
2013-02-08 00:00:00+00:00,38.0,162878.0,142.05,139.4,139.9,141.05,45765.0
2013-02-11 00:00:00+00:00,35.0,164218.0,141.9,139.7,141.75,140.15,60562.0
2013-02-12 00:00:00+00:00,34.0,159769.0,142.15,138.55,140.05,140.65,59386.0
2013-02-13 00:00:00+00:00,33.0,160502.0,141.65,138.3,140.5,138.75,46507.0
2013-02-14 00:00:00+00:00,32.0,159315.0,139.25,137.45,138.85,138.0,38475.0
2013-02-15 00:00:00+00:00,31.0,159315.0,138.2,136.45,137.8,136.95,51889.0
2013-02-18 00:00:00+00:00,31.0,159315.0,,,,136.95,
2013-02-19 00:00:00+00:00,27.0,159526.0,139.4,135.9,137.2,136.5,56435.0
2013-02-20 00:00:00+00:00,26.0,159526.0,141.7,136.55,136.6,141.0,1012.0
2013-02-21 00:00:00+00:00,25.0,159082.0,141.65,138.75,140.35,141.75,21245.0
2013-02-22 00:00:00+00:00,24.0,158999.0,143.95,142.2,142.2,143.1,19759.0
2013-02-25 00:00:00+00:00,21.0,161703.0,144.05,140.6,143.6,142.6,19605.0
2013-02-26 00:00:00+00:00,20.0,161433.0,143.55,141.0,142.0,142.9,20213.0
2013-02-27 00:00:00+00:00,19.0,160671.0,143.4,141.65,141.85,142.4,18601.0
2013-02-28 00:00:00+00:00,18.0,162621.0,143.65,141.5,143.3,142.65,18961.0
2013-03-01 00:00:00+00:00,80.0,163847.0,144.3,142.2,143.15,143.35,17114.0
2013-03-04 00:00:00+00:00,77.0,164047.0,146.95,142.5,143.0,146.65,24404.0
2013-03-05 00:00:00+00:00,76.0,167363.0,147.5,140.5,147.0,141.15,38244.0
2013-03-06 00:00:00+00:00,75.0,166668.0,142.35,140.0,141.0,141.25,15311.0
2013-03-07 00:00:00+00:00,74.0,166040.0,143.55,140.65,141.25,143.1,16909.0
2013-03-08 00:00:00+00:00,73.0,165485.0,144.7,142.15,143.1,144.05,18853.0
2013-03-11 00:00:00+00:00,70.0,164686.0,144.85,143.2,143.85,143.75,12563.0
2013-03-12 00:00:00+00:00,69.0,165838.0,143.5,141.9,143.3,142.35,13789.0
2013-03-13 00:00:00+00:00,68.0,167117.0,144.25,140.1,142.0,140.6,23307.0
2013-03-14 00:00:00+00:00,67.0,167976.0,141.4,139.3,140.6,139.65,14448.0
2013-03-15 00:00:00+00:00,66.0,171766.0,139.8,137.15,139.65,137.5,29661.0
2013-03-18 00:00:00+00:00,63.0,173545.0,137.4,134.05,137.0,134.35,30298.0
2013-03-19 00:00:00+00:00,62.0,174067.0,135.45,132.55,134.5,133.1,19910.0
2013-03-20 00:00:00+00:00,61.0,174055.0,134.25,132.05,133.2,133.6,27326.0
2013-03-21 00:00:00+00:00,60.0,176724.0,134.45,132.35,133.2,133.75,22814.0
2013-03-22 00:00:00+00:00,59.0,177193.0,136.3,133.2,133.7,135.3,29433.0
2013-03-25 00:00:00+00:00,56.0,177538.0,136.6,134.65,135.95,135.6,19839.0
2013-03-26 00:00:00+00:00,55.0,175178.0,138.8,135.3,135.6,137.6,29863.0
2013-03-27 00:00:00+00:00,54.0,176145.0,138.15,134.85,136.8,136.6,29592.0
2013-03-28 00:00:00+00:00,53.0,176288.0,137.75,135.85,136.6,137.15,21695.0
2013-03-29 00:00:00+00:00,53.0,176288.0,,,,137.15,
2013-04-01 00:00:00+00:00,49.0,174969.0,141.35,135.5,137.15,138.4,25086.0
2013-04-02 00:00:00+00:00,48.0,175853.0,138.15,135.65,137.8,136.15,46439.0
2013-04-03 00:00:00+00:00,47.0,174842.0,139.65,135.5,135.95,139.45,47912.0
2013-04-04 00:00:00+00:00,46.0,175118.0,139.8,137.45,139.3,139.5,36180.0
2013-04-05 00:00:00+00:00,45.0,175435.0,140.7,137.95,139.25,140.15,47315.0
2013-04-08 00:00:00+00:00,42.0,177492.0,140.9,135.0,139.8,135.9,62043.0
2013-04-09 00:00:00+00:00,41.0,174767.0,136.85,134.7,136.2,135.4,69963.0
2013-04-10 00:00:00+00:00,40.0,174358.0,137.8,135.25,135.4,136.05,47369.0
2013-04-11 00:00:00+00:00,39.0,172131.0,137.3,135.7,135.7,136.8,52894.0
2013-04-12 00:00:00+00:00,38.0,171187.0,137.8,134.9,136.6,135.25,55502.0
2013-04-15 00:00:00+00:00,35.0,169045.0,135.35,131.75,134.95,134.45,59810.0
2013-04-16 00:00:00+00:00,34.0,166541.0,136.0,134.45,134.5,135.85,42095.0
2013-04-17 00:00:00+00:00,33.0,164398.0,138.1,135.4,135.85,136.1,36310.0
2013-04-18 00:00:00+00:00,32.0,164772.0,139.3,136.2,136.3,138.9,46420.0
2013-04-19 00:00:00+00:00,31.0,161246.0,142.45,138.9,138.9,141.65,35853.0
2013-04-22 00:00:00+00:00,28.0,159690.0,143.5,141.0,141.65,142.5,19090.0
2013-04-23 00:00:00+00:00,27.0,159443.0,142.45,136.6,142.45,137.55,25147.0
2013-04-24 00:00:00+00:00,26.0,158419.0,139.3,137.15,138.15,138.4,19005.0
2013-04-25 00:00:00+00:00,25.0,159182.0,139.55,136.35,138.95,137.2,20755.0
2013-04-26 00:00:00+00:00,24.0,164248.0,137.55,133.3,137.55,133.9,23764.0
2013-04-29 00:00:00+00:00,21.0,164913.0,134.45,132.8,133.65,133.6,18806.0
2013-04-30 00:00:00+00:00,20.0,165460.0,134.95,133.5,134.2,134.95,18457.0
2013-05-01 00:00:00+00:00,79.0,166987.0,135.6,132.85,135.55,134.7,18338.0
2013-05-02 00:00:00+00:00,78.0,160769.0,140.4,135.0,135.0,139.45,31916.0
2013-05-03 00:00:00+00:00,77.0,160510.0,141.8,138.0,138.5,140.9,21972.0
2013-05-06 00:00:00+00:00,74.0,159552.0,142.25,138.95,140.2,141.75,16048.0
2013-05-07 00:00:00+00:00,73.0,159403.0,142.9,140.5,141.75,142.7,19493.0
2013-05-08 00:00:00+00:00,72.0,160563.0,144.3,141.7,142.3,144.15,25667.0
2013-05-09 00:00:00+00:00,71.0,161188.0,148.75,143.2,143.5,147.9,44299.0
2013-05-10 00:00:00+00:00,70.0,158842.0,148.8,144.0,146.9,144.45,38740.0
2013-05-13 00:00:00+00:00,67.0,157041.0,146.4,143.35,144.2,145.75,21352.0
2013-05-14 00:00:00+00:00,66.0,157426.0,146.85,143.8,145.95,144.0,19264.0
2013-05-15 00:00:00+00:00,65.0,157606.0,145.6,140.05,143.8,140.55,25308.0
2013-05-16 00:00:00+00:00,64.0,156607.0,141.55,138.25,140.55,139.85,17889.0
2013-05-17 00:00:00+00:00,63.0,157270.0,141.3,136.75,140.25,136.9,16490.0
2013-05-20 00:00:00+00:00,60.0,158348.0,136.9,134.0,136.9,135.15,19182.0
2013-05-21 00:00:00+00:00,59.0,162110.0,135.85,132.25,135.7,132.7,26734.0
2013-05-22 00:00:00+00:00,58.0,167580.0,133.7,128.25,133.3,128.45,42052.0
2013-05-23 00:00:00+00:00,57.0,170177.0,131.8,128.05,128.8,130.05,35202.0
2013-05-24 00:00:00+00:00,56.0,172300.0,130.75,126.8,130.65,127.25,26807.0
2013-05-27 00:00:00+00:00,56.0,172300.0,,,,127.25,
2013-05-28 00:00:00+00:00,52.0,176276.0,128.2,125.8,127.55,126.45,39956.0
2013-05-29 00:00:00+00:00,51.0,178179.0,128.0,126.0,126.55,127.6,34034.0
2013-05-30 00:00:00+00:00,50.0,179018.0,128.55,125.2,128.0,125.85,31382.0
2013-05-31 00:00:00+00:00,49.0,179936.0,127.85,125.05,125.95,127.05,24259.0
2013-06-03 00:00:00+00:00,46.0,179510.0,129.4,125.5,127.05,129.0,31843.0
2013-06-04 00:00:00+00:00,45.0,180876.0,129.1,127.1,129.0,127.65,30721.0
2013-06-05 00:00:00+00:00,44.0,180516.0,129.5,125.9,127.8,127.45,30288.0
2013-06-06 00:00:00+00:00,43.0,180542.0,129.9,127.05,127.4,129.45,47940.0
2013-06-07 00:00:00+00:00,42.0,182931.0,129.75,126.3,129.7,126.95,47218.0
2013-06-10 00:00:00+00:00,39.0,179692.0,129.0,125.9,126.5,128.75,44087.0
2013-06-11 00:00:00+00:00,38.0,180237.0,129.0,126.0,128.75,127.7,59312.0
2013-06-12 00:00:00+00:00,37.0,180788.0,128.4,121.1,127.7,122.75,76363.0
2013-06-13 00:00:00+00:00,36.0,171739.0,124.1,121.35,122.7,123.7,58276.0
2013-06-14 00:00:00+00:00,35.0,169937.0,124.7,121.85,124.15,122.25,42594.0
2013-06-17 00:00:00+00:00,32.0,165757.0,124.6,121.9,122.25,122.35,35310.0
2013-06-18 00:00:00+00:00,31.0,163099.0,123.25,120.9,122.4,122.0,37130.0
2013-06-19 00:00:00+00:00,30.0,156160.0,123.4,121.9,122.9,122.75,34215.0
2013-06-20 00:00:00+00:00,29.0,155392.0,122.1,116.9,122.1,117.65,34598.0
2013-06-21 00:00:00+00:00,28.0,152516.0,121.1,118.65,119.2,118.7,17193.0
2013-06-24 00:00:00+00:00,25.0,152868.0,120.4,118.65,118.85,119.45,13392.0
2013-06-25 00:00:00+00:00,24.0,152768.0,120.45,118.7,120.2,120.25,15493.0
2013-06-26 00:00:00+00:00,23.0,152801.0,120.65,117.95,120.1,118.15,22484.0
2013-06-27 00:00:00+00:00,22.0,151048.0,121.5,118.7,118.8,121.6,19853.0
2013-06-28 00:00:00+00:00,21.0,151453.0,122.35,118.5,122.3,120.0,15266.0
2013-07-01 00:00:00+00:00,79.0,151328.0,122.5,119.55,120.3,121.6,18847.0
2013-07-02 00:00:00+00:00,78.0,150935.0,124.8,121.75,121.8,124.35,20978.0
2013-07-03 00:00:00+00:00,77.0,152741.0,123.65,120.05,123.5,121.4,28290.0
2013-07-04 00:00:00+00:00,77.0,152741.0,,,,121.4,
2013-07-05 00:00:00+00:00,75.0,152426.0,122.75,120.15,121.5,121.25,12545.0
2013-07-08 00:00:00+00:00,72.0,151887.0,124.2,120.1,120.5,123.45,21630.0
2013-07-09 00:00:00+00:00,71.0,152611.0,124.9,120.2,123.1,122.25,31641.0
2013-07-10 00:00:00+00:00,70.0,152024.0,123.75,121.2,121.85,121.65,18971.0
2013-07-11 00:00:00+00:00,69.0,151119.0,124.45,122.1,122.2,123.4,21606.0
2013-07-12 00:00:00+00:00,68.0,153169.0,124.4,118.75,123.4,119.4,28582.0
2013-07-15 00:00:00+00:00,65.0,152117.0,124.1,118.6,119.3,123.25,22885.0
2013-07-16 00:00:00+00:00,64.0,152920.0,126.75,123.2,123.4,125.95,31595.0
2013-07-17 00:00:00+00:00,63.0,153710.0,129.2,125.3,125.45,127.95,29144.0
2013-07-18 00:00:00+00:00,62.0,153398.0,134.0,126.65,127.5,127.55,42007.0
2013-07-19 00:00:00+00:00,61.0,153017.0,130.25,121.75,127.9,122.7,34768.0
2013-07-22 00:00:00+00:00,58.0,152709.0,125.7,122.6,123.15,125.3,25903.0
2013-07-23 00:00:00+00:00,57.0,153455.0,126.5,123.25,125.4,126.1,29117.0
2013-07-24 00:00:00+00:00,56.0,155272.0,126.4,120.85,126.1,121.25,28412.0
2013-07-25 00:00:00+00:00,55.0,155258.0,125.15,120.85,121.8,124.8,19346.0
2013-07-26 00:00:00+00:00,54.0,156236.0,125.9,122.1,124.6,122.25,28623.0
2013-07-29 00:00:00+00:00,51.0,156322.0,123.35,119.8,122.25,121.15,20769.0
2013-07-30 00:00:00+00:00,50.0,156861.0,122.45,120.0,121.1,120.3,28092.0
2013-07-31 00:00:00+00:00,49.0,157332.0,120.75,117.4,120.5,118.6,33758.0
2013-08-01 00:00:00+00:00,48.0,161640.0,119.45,115.35,118.75,115.6,31096.0
2013-08-02 00:00:00+00:00,47.0,163674.0,118.5,115.8,116.0,118.25,30025.0
2013-08-05 00:00:00+00:00,44.0,164019.0,121.2,117.9,118.0,119.65,30025.0
2013-08-06 00:00:00+00:00,43.0,162900.0,119.45,117.1,119.0,117.9,39235.0
2013-08-07 00:00:00+00:00,42.0,160221.0,121.5,117.85,118.3,121.05,41369.0
2013-08-08 00:00:00+00:00,41.0,162175.0,123.6,120.4,120.65,122.05,40478.0
2013-08-09 00:00:00+00:00,40.0,153987.0,124.3,121.45,121.95,122.9,47722.0
2013-08-12 00:00:00+00:00,37.0,152446.0,124.6,122.1,122.9,123.45,39383.0
2013-08-13 00:00:00+00:00,36.0,153212.0,124.25,119.35,123.5,120.6,66907.0
2013-08-14 00:00:00+00:00,35.0,151681.0,124.5,120.75,121.05,122.65,57031.0
2013-08-15 00:00:00+00:00,34.0,147413.0,122.75,119.55,122.75,121.85,35179.0
2013-08-16 00:00:00+00:00,33.0,147109.0,122.2,120.0,121.7,120.5,19666.0
2013-08-19 00:00:00+00:00,30.0,144368.0,120.9,118.85,120.45,119.25,27997.0
2013-08-20 00:00:00+00:00,29.0,143386.0,119.0,114.75,119.0,114.95,44534.0
2013-08-21 00:00:00+00:00,28.0,142382.0,115.7,113.25,115.1,113.5,38978.0
2013-08-22 00:00:00+00:00,27.0,144271.0,114.5,112.8,113.4,113.2,14016.0
2013-08-23 00:00:00+00:00,26.0,144639.0,114.3,113.0,113.0,113.05,9633.0
2013-08-26 00:00:00+00:00,23.0,145947.0,115.2,114.1,114.1,114.05,9287.0
2013-08-27 00:00:00+00:00,22.0,146682.0,113.8,112.9,113.8,113.15,14823.0
2013-08-28 00:00:00+00:00,21.0,146845.0,114.85,113.6,114.15,114.6,11130.0
2013-08-29 00:00:00+00:00,20.0,147820.0,114.25,112.75,114.25,113.15,12502.0
2013-08-30 00:00:00+00:00,19.0,149831.0,113.5,112.0,113.5,112.1,14255.0
2013-09-02 00:00:00+00:00,19.0,149831.0,,,,112.1,
2013-09-03 00:00:00+00:00,106.0,151073.0,119.25,116.2,116.3,117.2,16537.0
2013-09-04 00:00:00+00:00,105.0,151575.0,118.5,116.65,117.45,116.85,13387.0
2013-09-05 00:00:00+00:00,104.0,153462.0,117.4,115.25,116.75,116.85,20617.0
2013-09-06 00:00:00+00:00,103.0,152309.0,118.85,116.9,116.9,117.85,11569.0
2013-09-09 00:00:00+00:00,100.0,152383.0,119.05,116.9,117.5,118.05,14170.0
2013-09-10 00:00:00+00:00,99.0,153986.0,118.9,115.7,117.85,116.65,17245.0
2013-09-11 00:00:00+00:00,98.0,153805.0,121.1,116.7,117.25,120.8,30662.0
2013-09-12 00:00:00+00:00,97.0,154443.0,121.05,117.85,120.85,120.6,23574.0
2013-09-13 00:00:00+00:00,96.0,153732.0,121.0,119.4,120.6,120.0,11120.0
2013-09-16 00:00:00+00:00,93.0,153737.0,120.75,118.5,120.0,119.25,10641.0
2013-09-17 00:00:00+00:00,92.0,156812.0,119.2,114.25,118.85,114.95,29814.0
2013-09-18 00:00:00+00:00,91.0,156881.0,115.95,113.95,114.95,114.9,16978.0
2013-09-19 00:00:00+00:00,90.0,157762.0,116.7,115.3,116.0,115.8,17078.0
2013-09-20 00:00:00+00:00,89.0,158122.0,115.9,114.2,115.6,114.65,9474.0
2013-09-23 00:00:00+00:00,86.0,156848.0,117.45,114.65,114.65,117.05,15666.0
2013-09-24 00:00:00+00:00,85.0,155332.0,118.4,117.0,117.05,117.85,11511.0
2013-09-25 00:00:00+00:00,84.0,154564.0,119.2,117.05,117.5,117.25,19657.0
2013-09-26 00:00:00+00:00,83.0,155589.0,117.45,114.8,117.2,115.65,16687.0
2013-09-27 00:00:00+00:00,82.0,156759.0,115.9,113.5,115.8,113.7,16199.0
2013-09-30 00:00:00+00:00,79.0,156660.0,114.8,113.5,113.65,113.7,17046.0
2013-10-01 00:00:00+00:00,78.0,157422.0,114.7,113.2,113.9,114.1,14023.0
2013-10-02 00:00:00+00:00,77.0,158349.0,115.5,114.1,114.5,114.45,14173.0
2013-10-03 00:00:00+00:00,76.0,158327.0,116.2,114.2,114.45,115.35,16086.0
2013-10-04 00:00:00+00:00,75.0,158993.0,116.0,113.9,115.15,114.4,8550.0
2013-10-07 00:00:00+00:00,72.0,159288.0,114.75,113.5,114.4,114.5,7342.0
2013-10-08 00:00:00+00:00,71.0,158240.0,115.35,113.85,114.4,115.05,9470.0
2013-10-09 00:00:00+00:00,70.0,157289.0,115.8,114.45,114.75,115.25,11218.0
2013-10-10 00:00:00+00:00,69.0,156940.0,117.95,114.15,115.15,114.4,29212.0
2013-10-11 00:00:00+00:00,68.0,156622.0,116.95,114.25,114.35,116.7,15107.0
2013-10-14 00:00:00+00:00,65.0,155733.0,117.5,116.15,116.7,117.0,8329.0
2013-10-15 00:00:00+00:00,64.0,155828.0,117.65,115.1,117.0,116.45,17959.0
2013-10-16 00:00:00+00:00,63.0,155434.0,117.5,115.65,116.5,115.85,17638.0
2013-10-17 00:00:00+00:00,62.0,156813.0,116.35,114.25,116.05,114.7,12507.0
2013-10-18 00:00:00+00:00,61.0,157638.0,115.1,114.05,114.4,114.65,13933.0
2013-10-21 00:00:00+00:00,58.0,158932.0,114.7,112.3,114.4,112.7,26014.0
2013-10-22 00:00:00+00:00,57.0,160516.0,113.35,111.85,113.35,111.95,13157.0
2013-10-23 00:00:00+00:00,56.0,162072.0,112.5,110.5,111.85,110.55,19087.0
2013-10-24 00:00:00+00:00,55.0,165459.0,111.85,109.5,110.5,110.3,25967.0
2013-10-25 00:00:00+00:00,54.0,168138.0,111.45,108.8,110.3,109.1,26017.0
2013-10-28 00:00:00+00:00,51.0,170881.0,109.2,106.9,109.0,107.55,27119.0
2013-10-29 00:00:00+00:00,50.0,169232.0,107.85,106.6,106.6,106.95,21510.0
2013-10-30 00:00:00+00:00,49.0,169816.0,107.8,106.65,107.05,106.85,25493.0
2013-10-31 00:00:00+00:00,48.0,170274.0,107.3,105.25,107.0,105.4,33912.0
2013-11-01 00:00:00+00:00,47.0,171087.0,106.05,104.25,105.4,105.55,23329.0
2013-11-04 00:00:00+00:00,44.0,171977.0,106.2,103.35,105.6,103.7,34716.0
2013-11-05 00:00:00+00:00,43.0,170609.0,104.15,102.85,103.7,103.45,34019.0
2013-11-06 00:00:00+00:00,42.0,171923.0,103.75,101.0,103.5,101.5,34136.0
2013-11-07 00:00:00+00:00,41.0,170944.0,105.2,100.95,101.5,103.95,53406.0
2013-11-08 00:00:00+00:00,40.0,168473.0,104.7,102.85,103.8,104.05,40830.0
2013-11-11 00:00:00+00:00,37.0,168715.0,106.95,103.05,104.1,103.25,65132.0
2013-11-12 00:00:00+00:00,36.0,163377.0,106.0,103.25,103.5,105.8,71472.0
2013-11-13 00:00:00+00:00,35.0,164459.0,106.35,102.5,105.8,103.05,48810.0
2013-11-14 00:00:00+00:00,34.0,161772.0,104.45,102.15,103.1,102.6,61489.0
2013-11-15 00:00:00+00:00,33.0,159074.0,106.4,102.7,102.8,105.75,36365.0
2013-11-18 00:00:00+00:00,30.0,155738.0,106.75,105.0,105.85,105.75,32310.0
2013-11-19 00:00:00+00:00,29.0,151648.0,106.4,104.45,105.8,104.65,40243.0
2013-11-20 00:00:00+00:00,28.0,151263.0,107.65,104.3,104.3,107.35,19359.0
2013-11-21 00:00:00+00:00,27.0,150479.0,110.85,107.7,107.7,110.45,16225.0
2013-11-22 00:00:00+00:00,26.0,150837.0,111.85,107.0,110.65,107.1,20687.0
2013-11-25 00:00:00+00:00,23.0,150237.0,108.4,106.05,107.7,108.1,11297.0
2013-11-26 00:00:00+00:00,22.0,149127.0,109.05,107.6,108.1,108.15,9459.0
2013-11-27 00:00:00+00:00,21.0,149044.0,109.0,107.0,108.95,107.6,9762.0
2013-11-28 00:00:00+00:00,21.0,149044.0,,,,107.6,
2013-11-29 00:00:00+00:00,19.0,147888.0,109.8,108.0,108.0,110.25,10924.0
2013-12-02 00:00:00+00:00,107.0,147585.0,111.85,108.8,110.85,109.9,18250.0
2013-12-03 00:00:00+00:00,106.0,147610.0,111.1,109.1,109.9,110.2,11897.0
2013-12-04 00:00:00+00:00,105.0,148153.0,112.9,108.15,110.1,108.4,21304.0
2013-12-05 00:00:00+00:00,104.0,149593.0,108.95,105.65,108.4,106.0,17137.0
2013-12-06 00:00:00+00:00,103.0,151384.0,107.5,106.05,106.35,106.4,12310.0
2013-12-09 00:00:00+00:00,100.0,152089.0,107.85,105.8,106.5,106.1,14085.0
2013-12-10 00:00:00+00:00,99.0,151348.0,110.8,105.8,106.1,110.25,25711.0
2013-12-11 00:00:00+00:00,98.0,150779.0,111.45,109.35,110.25,109.7,19709.0
2013-12-12 00:00:00+00:00,97.0,151322.0,112.0,109.8,109.9,111.3,15266.0
2013-12-13 00:00:00+00:00,96.0,148852.0,115.5,111.75,111.75,115.25,24259.0
2013-12-16 00:00:00+00:00,93.0,147605.0,117.25,114.45,115.25,115.3,26007.0
2013-12-17 00:00:00+00:00,92.0,146299.0,115.9,113.85,115.6,114.15,13659.0
2013-12-18 00:00:00+00:00,91.0,145270.0,116.5,114.2,114.2,115.95,14142.0
2013-12-19 00:00:00+00:00,90.0,144641.0,116.25,113.1,115.9,113.75,14047.0
2013-12-20 00:00:00+00:00,89.0,143881.0,116.7,113.55,113.75,115.3,12773.0
2013-12-23 00:00:00+00:00,86.0,142717.0,117.5,115.0,115.0,115.85,8095.0
2013-12-24 00:00:00+00:00,85.0,142662.0,116.8,114.05,115.85,114.75,4174.0
2013-12-25 00:00:00+00:00,85.0,142662.0,,,,114.75,
2013-12-26 00:00:00+00:00,83.0,142313.0,116.5,114.95,114.95,115.45,3421.0
2013-12-27 00:00:00+00:00,82.0,142937.0,118.4,115.55,115.6,116.35,11434.0
2013-12-30 00:00:00+00:00,79.0,142295.0,117.45,114.25,116.35,114.7,8572.0
2013-12-31 00:00:00+00:00,78.0,141882.0,114.85,110.55,114.6,110.7,14928.0
2014-01-01 00:00:00+00:00,78.0,141882.0,,,,110.7,
2014-01-02 00:00:00+00:00,76.0,143009.0,112.3,110.2,111.05,111.4,15480.0
2014-01-03 00:00:00+00:00,75.0,141488.0,116.55,111.2,111.5,116.35,21702.0
2014-01-06 00:00:00+00:00,72.0,142769.0,121.45,115.7,116.5,121.0,30169.0
2014-01-07 00:00:00+00:00,71.0,142648.0,122.6,116.65,121.5,117.25,38405.0
2014-01-08 00:00:00+00:00,70.0,142842.0,121.5,117.55,117.55,120.9,29844.0
2014-01-09 00:00:00+00:00,69.0,142285.0,121.5,118.3,120.9,119.35,25916.0
2014-01-10 00:00:00+00:00,68.0,145222.0,120.9,117.85,118.55,120.65,22755.0
2014-01-13 00:00:00+00:00,65.0,144868.0,121.05,118.75,120.35,119.85,27029.0
2014-01-14 00:00:00+00:00,64.0,146009.0,120.5,118.15,119.75,119.2,27448.0
2014-01-15 00:00:00+00:00,63.0,145685.0,119.2,115.95,118.8,117.2,21510.0
2014-01-16 00:00:00+00:00,62.0,145591.0,119.75,117.35,117.5,118.35,15710.0
2014-01-17 00:00:00+00:00,61.0,145430.0,118.1,116.3,118.0,117.15,13061.0
2014-01-20 00:00:00+00:00,61.0,145430.0,,,,117.15,
2014-01-21 00:00:00+00:00,57.0,146447.0,118.55,114.7,117.15,116.2,23421.0
2014-01-22 00:00:00+00:00,56.0,147373.0,116.0,114.25,115.9,114.85,22095.0
2014-01-23 00:00:00+00:00,55.0,149040.0,116.6,114.6,114.95,115.2,19353.0
2014-01-24 00:00:00+00:00,54.0,150757.0,115.1,113.65,115.1,114.4,21011.0
2014-01-27 00:00:00+00:00,51.0,151224.0,117.75,113.15,114.2,113.85,33116.0
2014-01-28 00:00:00+00:00,50.0,151768.0,114.85,113.3,113.5,114.65,30087.0
2014-01-29 00:00:00+00:00,49.0,152393.0,117.7,113.7,114.7,117.1,28150.0
2014-01-30 00:00:00+00:00,48.0,152108.0,120.55,117.15,117.3,120.0,31742.0
2014-01-31 00:00:00+00:00,47.0,153844.0,125.95,120.0,120.2,125.2,57397.0
2014-02-03 00:00:00+00:00,44.0,159303.0,136.4,125.0,125.0,135.95,77909.0
2014-02-04 00:00:00+00:00,43.0,159337.0,137.95,133.05,135.95,136.25,90902.0
2014-02-05 00:00:00+00:00,42.0,163219.0,143.7,134.25,136.25,143.1,69080.0
2014-02-06 00:00:00+00:00,41.0,162991.0,144.15,134.8,142.6,135.75,70168.0
2014-02-07 00:00:00+00:00,40.0,163404.0,142.75,132.05,135.1,135.7,68833.0
2014-02-10 00:00:00+00:00,37.0,163521.0,138.2,132.9,133.95,136.2,63034.0
2014-02-11 00:00:00+00:00,36.0,163458.0,138.5,135.5,136.65,137.15,46856.0
2014-02-12 00:00:00+00:00,35.0,159449.0,141.65,135.5,136.6,141.05,100550.0
2014-02-13 00:00:00+00:00,34.0,160810.0,142.75,136.35,141.55,139.7,66994.0
2014-02-14 00:00:00+00:00,33.0,162697.0,140.6,137.2,137.9,139.9,58939.0
2014-02-17 00:00:00+00:00,33.0,162697.0,,,,139.9,
2014-02-18 00:00:00+00:00,29.0,164999.0,154.35,138.75,140.05,152.65,72691.0
2014-02-19 00:00:00+00:00,28.0,164181.0,172.9,150.85,152.9,171.75,82819.0
2014-02-20 00:00:00+00:00,27.0,163296.0,175.7,161.8,172.4,168.8,62877.0
2014-02-21 00:00:00+00:00,26.0,161764.0,172.5,167.8,169.3,168.55,33359.0
2014-02-24 00:00:00+00:00,23.0,161971.0,178.35,169.45,169.45,175.6,32901.0
2014-02-25 00:00:00+00:00,22.0,161217.0,180.35,173.2,174.8,175.65,28777.0
2014-02-26 00:00:00+00:00,21.0,160579.0,177.4,171.65,177.25,177.1,28090.0
2014-02-27 00:00:00+00:00,20.0,160145.0,179.95,176.7,177.55,178.75,23294.0
2014-02-28 00:00:00+00:00,19.0,161748.0,179.8,176.55,178.35,179.8,34888.0
2014-03-03 00:00:00+00:00,77.0,161629.0,197.8,176.9,180.3,193.45,32933.0
2014-03-04 00:00:00+00:00,76.0,160659.0,197.6,184.3,195.5,185.45,31346.0
2014-03-05 00:00:00+00:00,75.0,163753.0,204.1,181.65,185.0,202.4,38305.0
2014-03-06 00:00:00+00:00,74.0,163373.0,202.85,193.05,200.0,195.55,31286.0
2014-03-07 00:00:00+00:00,73.0,163374.0,201.25,194.1,194.75,196.85,20442.0
2014-03-10 00:00:00+00:00,70.0,165681.0,206.85,199.0,199.0,203.4,22020.0
2014-03-11 00:00:00+00:00,69.0,167384.0,208.9,202.45,204.0,205.65,32644.0
2014-03-12 00:00:00+00:00,68.0,168671.0,209.75,200.35,205.05,205.3,28968.0
2014-03-13 00:00:00+00:00,67.0,169126.0,207.45,203.05,204.0,205.95,17282.0
2014-03-14 00:00:00+00:00,66.0,169506.0,205.05,197.2,204.15,198.4,22903.0
2014-03-17 00:00:00+00:00,63.0,171132.0,198.0,188.8,196.9,191.4,30314.0
2014-03-18 00:00:00+00:00,62.0,171534.0,196.55,189.1,190.6,191.55,17723.0
2014-03-19 00:00:00+00:00,61.0,171945.0,193.75,184.05,192.9,185.5,24423.0
2014-03-20 00:00:00+00:00,60.0,171994.0,184.35,172.55,184.15,174.15,41938.0
2014-03-21 00:00:00+00:00,59.0,175355.0,175.6,168.5,173.0,171.15,29717.0
2014-03-24 00:00:00+00:00,56.0,174728.0,177.55,166.0,171.15,176.4,30599.0
2014-03-25 00:00:00+00:00,55.0,173855.0,177.3,173.65,177.0,175.3,21066.0
2014-03-26 00:00:00+00:00,54.0,172871.0,179.4,172.15,175.0,176.0,36555.0
2014-03-27 00:00:00+00:00,53.0,171536.0,176.8,173.6,175.5,176.35,17941.0
2014-03-28 00:00:00+00:00,52.0,172832.0,181.05,176.4,176.7,180.6,26556.0
2014-03-31 00:00:00+00:00,49.0,172295.0,180.9,174.15,180.6,177.9,29557.0
2014-04-01 00:00:00+00:00,48.0,172107.0,178.95,174.25,177.0,175.25,23139.0
2014-04-02 00:00:00+00:00,47.0,170398.0,178.3,167.9,174.0,172.7,39416.0
2014-04-03 00:00:00+00:00,46.0,169585.0,175.0,170.85,172.5,174.6,23700.0
2014-04-04 00:00:00+00:00,45.0,172006.0,185.4,175.25,175.6,185.0,34918.0
2014-04-07 00:00:00+00:00,42.0,167080.0,196.8,185.55,185.8,193.35,58726.0
2014-04-08 00:00:00+00:00,41.0,167229.0,202.8,194.3,194.35,196.5,50984.0
2014-04-09 00:00:00+00:00,40.0,164170.0,200.25,190.15,195.15,199.85,50015.0
2014-04-10 00:00:00+00:00,39.0,164695.0,207.8,199.95,199.95,206.1,57812.0
2014-04-11 00:00:00+00:00,38.0,159916.0,208.65,199.85,206.0,201.2,53635.0
2014-04-14 00:00:00+00:00,35.0,158544.0,205.3,195.0,199.8,204.85,55231.0
2014-04-15 00:00:00+00:00,34.0,155943.0,207.4,191.65,205.85,192.15,35454.0
2014-04-16 00:00:00+00:00,33.0,154728.0,199.4,185.6,192.0,185.95,48707.0
2014-04-17 00:00:00+00:00,32.0,153070.0,201.55,186.9,187.2,201.2,34701.0
2014-04-18 00:00:00+00:00,32.0,153070.0,,,,201.2,
2014-04-21 00:00:00+00:00,28.0,151255.0,203.0,196.15,202.0,196.7,15027.0
2014-04-22 00:00:00+00:00,27.0,152506.0,213.2,197.0,197.1,211.8,27940.0
2014-04-23 00:00:00+00:00,26.0,153038.0,215.7,210.2,211.85,212.35,17366.0
2014-04-24 00:00:00+00:00,25.0,154652.0,212.95,206.1,210.3,212.45,19283.0
2014-04-25 00:00:00+00:00,24.0,155032.0,210.5,203.0,210.5,204.75,15006.0
2014-04-28 00:00:00+00:00,21.0,155427.0,203.75,198.25,203.35,198.8,14775.0
2014-04-29 00:00:00+00:00,20.0,157392.0,208.9,192.4,200.9,208.9,23877.0
2014-04-30 00:00:00+00:00,19.0,156810.0,208.4,200.9,207.0,203.05,16383.0
2014-05-01 00:00:00+00:00,81.0,157084.0,208.0,203.0,205.65,204.15,15180.0
2014-05-02 00:00:00+00:00,80.0,158083.0,207.0,200.9,204.55,203.2,13533.0
2014-05-05 00:00:00+00:00,77.0,158570.0,208.8,198.2,203.0,205.25,12888.0
2014-05-06 00:00:00+00:00,76.0,158272.0,207.0,201.1,204.65,202.25,16015.0
2014-05-07 00:00:00+00:00,75.0,158936.0,207.5,200.0,202.3,201.0,19706.0
2014-05-08 00:00:00+00:00,74.0,160146.0,200.85,195.25,200.7,195.5,23312.0
2014-05-09 00:00:00+00:00,73.0,161633.0,196.35,183.35,195.05,183.9,42117.0
2014-05-12 00:00:00+00:00,70.0,161098.0,189.8,182.75,184.5,189.25,14342.0
2014-05-13 00:00:00+00:00,69.0,160791.0,191.05,185.85,189.95,186.95,21990.0
2014-05-14 00:00:00+00:00,68.0,160834.0,187.75,182.95,186.95,184.2,15915.0
2014-05-15 00:00:00+00:00,67.0,162323.0,197.75,185.2,185.75,196.8,29776.0
2014-05-16 00:00:00+00:00,66.0,162352.0,196.1,184.25,195.85,185.05,20780.0
2014-05-19 00:00:00+00:00,63.0,161633.0,187.7,183.0,186.05,183.5,13258.0
2014-05-20 00:00:00+00:00,62.0,163890.0,186.4,180.05,183.9,185.7,36532.0
2014-05-21 00:00:00+00:00,61.0,163340.0,186.25,180.85,185.3,181.4,22199.0
2014-05-22 00:00:00+00:00,60.0,164183.0,183.25,176.7,181.0,181.35,20616.0
2014-05-23 00:00:00+00:00,59.0,164560.0,184.25,180.5,181.5,181.9,0.0
2014-05-26 00:00:00+00:00,59.0,164560.0,,,,181.9,
2014-05-27 00:00:00+00:00,55.0,165402.0,182.55,177.75,181.5,179.35,15790.0
2014-05-28 00:00:00+00:00,54.0,167290.0,179.25,170.8,178.75,176.15,32673.0
2014-05-29 00:00:00+00:00,53.0,167574.0,182.95,176.8,176.9,181.95,25098.0
2014-05-30 00:00:00+00:00,52.0,166565.0,181.25,174.65,180.9,177.5,26290.0
2014-06-02 00:00:00+00:00,49.0,166235.0,179.35,172.15,177.25,172.35,18916.0
2014-06-03 00:00:00+00:00,48.0,165409.0,174.35,167.35,172.05,171.15,36235.0
2014-06-04 00:00:00+00:00,47.0,165307.0,171.75,167.35,171.0,170.2,20574.0
2014-06-05 00:00:00+00:00,46.0,165403.0,171.0,168.0,169.0,169.15,22636.0
2014-06-06 00:00:00+00:00,45.0,167724.0,173.8,168.25,168.6,172.1,33021.0
2014-06-09 00:00:00+00:00,42.0,167968.0,171.95,165.1,171.95,165.35,32162.0
2014-06-10 00:00:00+00:00,41.0,170653.0,167.85,165.1,165.35,165.65,36407.0
2014-06-11 00:00:00+00:00,40.0,172003.0,173.5,166.15,166.6,171.6,46437.0
2014-06-12 00:00:00+00:00,39.0,173778.0,173.3,168.15,171.6,171.95,53278.0
2014-06-13 00:00:00+00:00,38.0,166113.0,179.7,171.6,171.95,173.7,46331.0
2014-06-16 00:00:00+00:00,35.0,164579.0,176.7,172.1,173.65,172.95,23360.0
2014-06-17 00:00:00+00:00,34.0,160937.0,172.8,166.7,172.5,169.05,39014.0
2014-06-18 00:00:00+00:00,33.0,159714.0,170.5,166.0,169.2,166.75,26160.0
2014-06-19 00:00:00+00:00,32.0,156326.0,168.6,163.1,167.25,167.0,31910.0
2014-06-20 00:00:00+00:00,31.0,156130.0,175.8,168.05,168.25,173.25,16618.0
2014-06-23 00:00:00+00:00,28.0,157155.0,175.85,173.0,173.0,175.1,19367.0
2014-06-24 00:00:00+00:00,27.0,156765.0,175.3,171.0,174.85,174.15,12183.0
2014-06-25 00:00:00+00:00,26.0,157374.0,179.5,173.55,173.55,179.95,13791.0
2014-06-26 00:00:00+00:00,25.0,159032.0,179.2,177.7,178.6,178.8,10248.0
2014-06-27 00:00:00+00:00,24.0,158879.0,182.5,169.9,180.5,170.45,21704.0
2014-06-30 00:00:00+00:00,21.0,158929.0,172.75,168.65,172.55,173.0,15415.0
2014-07-01 00:00:00+00:00,79.0,158283.0,175.25,169.95,175.2,170.95,14123.0
2014-07-02 00:00:00+00:00,78.0,157614.0,174.3,170.8,171.0,173.3,11914.0
2014-07-03 00:00:00+00:00,77.0,157411.0,175.4,171.65,174.0,171.8,9650.0
2014-07-04 00:00:00+00:00,77.0,157411.0,,,,171.8,
2014-07-07 00:00:00+00:00,73.0,158080.0,172.8,166.1,171.8,171.1,21657.0
2014-07-08 00:00:00+00:00,72.0,157792.0,174.4,169.8,171.6,172.95,16762.0
2014-07-09 00:00:00+00:00,71.0,158148.0,174.9,171.45,173.1,172.9,9169.0
2014-07-10 00:00:00+00:00,70.0,160112.0,173.35,162.8,172.9,163.0,28395.0
2014-07-11 00:00:00+00:00,69.0,162702.0,164.9,159.55,164.0,161.4,27515.0
2014-07-14 00:00:00+00:00,66.0,161980.0,164.8,161.0,161.4,164.35,13793.0
2014-07-15 00:00:00+00:00,65.0,161474.0,164.6,159.25,164.6,161.95,15051.0
2014-07-16 00:00:00+00:00,64.0,162095.0,163.4,161.5,162.5,162.5,9128.0
2014-07-17 00:00:00+00:00,63.0,162307.0,165.5,161.2,162.45,163.85,12065.0
2014-07-18 00:00:00+00:00,62.0,161714.0,172.65,163.3,163.85,172.4,16789.0
2014-07-21 00:00:00+00:00,59.0,161501.0,173.85,168.75,171.55,172.9,13063.0
2014-07-22 00:00:00+00:00,58.0,161474.0,173.6,166.6,172.0,168.3,17755.0
2014-07-23 00:00:00+00:00,57.0,162795.0,178.6,166.95,168.5,176.6,20633.0
2014-07-24 00:00:00+00:00,56.0,163284.0,180.5,175.7,175.8,178.3,19806.0
2014-07-25 00:00:00+00:00,55.0,163162.0,181.2,176.6,178.0,179.15,15869.0
2014-07-28 00:00:00+00:00,52.0,164062.0,183.4,178.0,179.8,181.1,25338.0
2014-07-29 00:00:00+00:00,51.0,163730.0,182.2,178.4,181.15,180.7,21610.0
2014-07-30 00:00:00+00:00,50.0,163473.0,183.2,179.75,180.2,182.5,13503.0
2014-07-31 00:00:00+00:00,49.0,163617.0,196.4,183.35,183.4,195.05,40441.0
2014-08-01 00:00:00+00:00,48.0,164169.0,207.4,191.6,194.85,192.35,47221.0
2014-08-04 00:00:00+00:00,45.0,166091.0,195.45,183.3,192.05,190.5,31529.0
2014-08-05 00:00:00+00:00,44.0,164938.0,195.15,187.35,190.45,189.4,28937.0
2014-08-06 00:00:00+00:00,43.0,164600.0,192.5,185.95,189.0,190.85,28865.0
2014-08-07 00:00:00+00:00,42.0,163599.0,191.45,183.7,191.35,184.0,42271.0
2014-08-08 00:00:00+00:00,41.0,159853.0,186.35,179.4,183.75,180.85,38910.0
2014-08-11 00:00:00+00:00,38.0,160191.0,189.65,180.85,180.85,189.15,40345.0
2014-08-12 00:00:00+00:00,37.0,158959.0,189.1,183.0,189.1,184.6,41445.0
2014-08-13 00:00:00+00:00,36.0,160105.0,188.1,184.5,184.7,185.25,35515.0
2014-08-14 00:00:00+00:00,35.0,158665.0,187.4,181.1,185.3,184.1,32301.0
2014-08-15 00:00:00+00:00,34.0,159079.0,189.25,182.5,184.2,188.75,20438.0
2014-08-18 00:00:00+00:00,31.0,157080.0,190.4,186.15,188.95,188.9,30369.0
2014-08-19 00:00:00+00:00,30.0,155428.0,189.65,182.0,189.1,182.2,25854.0
2014-08-20 00:00:00+00:00,29.0,148906.0,184.25,178.65,183.5,184.1,35047.0
2014-08-21 00:00:00+00:00,28.0,148634.0,186.3,181.85,185.15,183.75,12903.0
2014-08-22 00:00:00+00:00,27.0,147882.0,185.8,181.4,182.7,181.6,7316.0
2014-08-25 00:00:00+00:00,24.0,148839.0,184.75,180.55,182.35,182.75,10669.0
2014-08-26 00:00:00+00:00,23.0,152147.0,193.0,183.0,183.0,193.1,20152.0
2014-08-27 00:00:00+00:00,22.0,151752.0,197.7,192.0,193.0,192.4,24016.0
2014-08-28 00:00:00+00:00,21.0,152305.0,193.6,192.05,193.2,194.65,20539.0
2014-08-29 00:00:00+00:00,20.0,152345.0,195.9,193.45,195.0,195.75,14894.0
2014-09-01 00:00:00+00:00,20.0,152345.0,,,,195.75,
2014-09-02 00:00:00+00:00,107.0,153642.0,209.95,202.0,202.1,209.45,23866.0
2014-09-03 00:00:00+00:00,106.0,155087.0,208.35,201.05,208.0,202.3,20061.0
2014-09-04 00:00:00+00:00,105.0,155982.0,205.2,195.3,201.0,202.45,19668.0
2014-09-05 00:00:00+00:00,104.0,156038.0,202.8,197.4,202.8,198.05,11739.0
2014-09-08 00:00:00+00:00,101.0,156699.0,198.1,192.4,197.15,194.45,19840.0
2014-09-09 00:00:00+00:00,100.0,156966.0,196.2,191.55,194.45,192.6,17327.0
2014-09-10 00:00:00+00:00,99.0,157486.0,193.95,180.4,192.0,181.25,27404.0
2014-09-11 00:00:00+00:00,98.0,154865.0,185.9,181.8,182.7,185.45,27942.0
2014-09-12 00:00:00+00:00,97.0,155117.0,185.9,180.65,185.65,184.55,21103.0
2014-09-15 00:00:00+00:00,94.0,154096.0,184.3,181.25,183.75,182.2,14762.0
2014-09-16 00:00:00+00:00,93.0,154824.0,187.95,180.85,182.0,185.25,20544.0
2014-09-17 00:00:00+00:00,92.0,154625.0,186.45,183.1,185.2,184.85,9994.0
2014-09-18 00:00:00+00:00,91.0,154047.0,187.15,180.85,186.0,181.2,13302.0
2014-09-19 00:00:00+00:00,90.0,152659.0,182.85,176.4,180.9,178.0,22211.0
2014-09-22 00:00:00+00:00,87.0,151854.0,179.85,176.4,178.0,179.4,13117.0
2014-09-23 00:00:00+00:00,86.0,153446.0,184.75,179.4,179.75,180.9,14348.0
2014-09-24 00:00:00+00:00,85.0,153645.0,189.8,180.9,181.5,189.1,21805.0
2014-09-25 00:00:00+00:00,84.0,154928.0,187.55,179.45,187.25,182.3,16845.0
2014-09-26 00:00:00+00:00,83.0,153754.0,188.2,180.15,181.15,186.05,14252.0
2014-09-29 00:00:00+00:00,80.0,154281.0,191.95,185.2,185.55,191.25,14802.0
2014-09-30 00:00:00+00:00,79.0,155757.0,197.3,188.55,191.45,193.35,21852.0
2014-10-01 00:00:00+00:00,78.0,158675.0,201.85,193.7,194.0,200.4,27519.0
2014-10-02 00:00:00+00:00,77.0,160842.0,213.75,200.2,200.4,208.6,41958.0
2014-10-03 00:00:00+00:00,76.0,163480.0,211.6,205.4,208.9,206.5,24872.0
2014-10-06 00:00:00+00:00,73.0,163930.0,225.5,208.7,208.7,220.8,35043.0
2014-10-07 00:00:00+00:00,72.0,163536.0,224.55,215.1,220.85,216.35,23093.0
2014-10-08 00:00:00+00:00,71.0,165617.0,221.4,211.0,215.2,214.45,29586.0
2014-10-09 00:00:00+00:00,70.0,167184.0,222.4,214.45,214.6,221.65,19066.0
2014-10-10 00:00:00+00:00,69.0,168534.0,223.7,218.5,221.65,220.4,17053.0
2014-10-13 00:00:00+00:00,66.0,168446.0,225.45,217.6,222.05,218.1,15836.0
2014-10-14 00:00:00+00:00,65.0,170089.0,222.8,216.2,217.0,221.9,18993.0
2014-10-15 00:00:00+00:00,64.0,169851.0,224.55,214.5,222.65,216.0,22725.0
2014-10-16 00:00:00+00:00,63.0,172424.0,220.65,216.3,217.65,217.1,16558.0
2014-10-17 00:00:00+00:00,62.0,173122.0,216.65,208.5,215.5,210.65,20354.0
2014-10-20 00:00:00+00:00,59.0,172670.0,206.35,197.2,206.35,199.4,25983.0
2014-10-21 00:00:00+00:00,58.0,173882.0,201.3,191.8,195.0,199.6,30371.0
2014-10-22 00:00:00+00:00,57.0,172627.0,200.85,190.8,199.6,191.1,18534.0
2014-10-23 00:00:00+00:00,56.0,172001.0,194.8,189.3,191.9,193.3,24733.0
2014-10-24 00:00:00+00:00,55.0,172886.0,193.85,188.45,193.5,191.5,28625.0
2014-10-27 00:00:00+00:00,52.0,172832.0,192.2,188.0,188.0,190.9,20195.0
2014-10-28 00:00:00+00:00,51.0,171373.0,192.85,188.8,191.05,192.35,20983.0
2014-10-29 00:00:00+00:00,50.0,170961.0,193.85,189.45,192.35,189.6,20558.0
2014-10-30 00:00:00+00:00,49.0,170027.0,190.95,186.25,189.95,187.6,40279.0
2014-10-31 00:00:00+00:00,48.0,168499.0,189.9,185.65,188.35,188.0,27176.0
2014-11-03 00:00:00+00:00,45.0,167171.0,192.8,185.65,188.95,185.85,27955.0
2014-11-04 00:00:00+00:00,44.0,165953.0,189.45,182.1,185.85,188.2,35069.0
2014-11-05 00:00:00+00:00,43.0,163975.0,188.5,184.0,188.1,186.25,25752.0
2014-11-06 00:00:00+00:00,42.0,164432.0,187.25,183.3,187.0,183.75,26059.0
2014-11-07 00:00:00+00:00,41.0,163166.0,185.2,182.25,183.25,182.4,33266.0
2014-11-10 00:00:00+00:00,38.0,160261.0,186.25,181.1,182.4,181.4,42513.0
2014-11-11 00:00:00+00:00,37.0,160282.0,184.8,181.5,181.95,184.55,44331.0
2014-11-12 00:00:00+00:00,36.0,157459.0,186.75,183.15,184.15,184.4,51922.0
2014-11-13 00:00:00+00:00,35.0,157212.0,190.1,184.1,184.1,188.75,42650.0
2014-11-14 00:00:00+00:00,34.0,158515.0,193.4,189.0,189.0,192.0,54318.0
2014-11-17 00:00:00+00:00,31.0,156542.0,193.7,186.3,192.0,187.5,27488.0
2014-11-18 00:00:00+00:00,30.0,149577.0,191.5,186.0,188.0,191.1,40025.0
2014-11-19 00:00:00+00:00,29.0,149420.0,199.75,190.95,191.0,197.85,23135.0
2014-11-20 00:00:00+00:00,28.0,148497.0,197.8,187.6,197.8,187.7,21335.0
2014-11-21 00:00:00+00:00,27.0,148647.0,190.0,187.5,188.6,189.65,18208.0
2014-11-24 00:00:00+00:00,24.0,149109.0,196.2,189.5,190.5,189.65,17352.0
2014-11-25 00:00:00+00:00,23.0,151317.0,195.4,187.8,189.9,194.25,21461.0
2014-11-26 00:00:00+00:00,22.0,150740.0,195.05,191.25,195.05,193.5,9198.0
2014-11-27 00:00:00+00:00,22.0,150740.0,,,,193.5,
2014-11-28 00:00:00+00:00,20.0,149513.0,193.4,186.4,193.4,186.65,15663.0
2014-12-01 00:00:00+00:00,108.0,155645.0,190.8,183.85,186.6,190.4,26370.0
2014-12-02 00:00:00+00:00,107.0,154685.0,190.25,183.2,189.9,183.4,18034.0
2014-12-03 00:00:00+00:00,106.0,153433.0,186.05,183.0,184.0,183.65,14042.0
2014-12-04 00:00:00+00:00,105.0,152385.0,185.25,181.1,183.95,182.45,14475.0
2014-12-05 00:00:00+00:00,104.0,153615.0,183.35,178.95,182.9,180.1,24167.0
2014-12-08 00:00:00+00:00,101.0,154195.0,181.35,177.0,180.3,178.05,17142.0
2014-12-09 00:00:00+00:00,100.0,154418.0,181.75,176.95,179.15,180.45,16201.0
2014-12-10 00:00:00+00:00,99.0,153423.0,182.2,177.05,180.4,178.55,17420.0
2014-12-11 00:00:00+00:00,98.0,154121.0,178.9,174.9,177.7,176.4,22235.0
2014-12-12 00:00:00+00:00,97.0,154203.0,176.9,173.55,176.6,174.0,551.0
2014-12-15 00:00:00+00:00,94.0,154620.0,179.15,173.5,174.0,178.65,12688.0
2014-12-16 00:00:00+00:00,93.0,154924.0,179.55,174.7,178.0,177.7,13356.0
2014-12-17 00:00:00+00:00,92.0,154408.0,178.9,171.15,177.8,171.85,22410.0
2014-12-18 00:00:00+00:00,91.0,154549.0,174.55,171.75,172.9,174.35,13046.0
2014-12-19 00:00:00+00:00,90.0,154926.0,177.65,174.15,174.4,174.7,11724.0
2014-12-22 00:00:00+00:00,87.0,155575.0,176.5,171.1,174.7,172.15,12288.0
2014-12-23 00:00:00+00:00,86.0,156285.0,173.95,170.55,172.75,171.0,10204.0
2014-12-24 00:00:00+00:00,85.0,157050.0,171.85,169.75,170.8,170.15,5923.0
2014-12-25 00:00:00+00:00,85.0,157050.0,,,,170.15,
2014-12-26 00:00:00+00:00,83.0,157981.0,173.0,167.75,171.15,168.6,6508.0
2014-12-29 00:00:00+00:00,80.0,158317.0,168.65,164.65,167.65,165.15,13374.0
2014-12-30 00:00:00+00:00,79.0,159202.0,166.45,164.5,164.5,164.8,12526.0
2014-12-31 00:00:00+00:00,78.0,160446.0,171.3,164.0,164.95,166.6,14333.0
2015-01-01 00:00:00+00:00,78.0,160446.0,,,,166.6,
2015-01-02 00:00:00+00:00,76.0,162131.0,167.25,160.2,165.05,161.05,16668.0
2015-01-05 00:00:00+00:00,73.0,163521.0,168.65,160.1,160.95,168.1,21101.0
2015-01-06 00:00:00+00:00,72.0,163882.0,175.4,168.05,168.05,174.9,26313.0
2015-01-07 00:00:00+00:00,71.0,166908.0,182.85,173.0,175.6,175.05,39415.0
2015-01-08 00:00:00+00:00,70.0,167478.0,182.35,174.3,175.8,176.9,31191.0
2015-01-09 00:00:00+00:00,69.0,166837.0,183.85,177.75,177.75,180.05,34348.0
2015-01-12 00:00:00+00:00,66.0,165990.0,184.9,175.3,181.25,176.75,37435.0
2015-01-13 00:00:00+00:00,65.0,166898.0,178.9,173.85,177.0,176.95,31346.0
2015-01-14 00:00:00+00:00,64.0,166116.0,184.8,177.6,178.25,179.85,29394.0
2015-01-15 00:00:00+00:00,63.0,165560.0,182.85,175.2,180.0,176.65,25981.0
2015-01-16 00:00:00+00:00,62.0,166066.0,177.6,170.4,177.5,171.0,19442.0
2015-01-19 00:00:00+00:00,62.0,166066.0,,,,171.0,
2015-01-20 00:00:00+00:00,58.0,164622.0,172.5,163.85,170.1,164.3,34253.0
2015-01-21 00:00:00+00:00,57.0,163583.0,166.85,161.0,166.05,161.25,26493.0
2015-01-22 00:00:00+00:00,56.0,164642.0,163.55,159.7,161.4,159.95,26190.0
2015-01-23 00:00:00+00:00,55.0,167598.0,162.85,159.4,160.7,162.45,23448.0
2015-01-26 00:00:00+00:00,52.0,168249.0,165.25,160.75,162.2,161.85,28307.0
2015-01-27 00:00:00+00:00,51.0,169601.0,168.5,161.7,162.3,168.2,23476.0
2015-01-28 00:00:00+00:00,50.0,171912.0,169.9,165.6,167.05,167.7,28693.0
2015-01-29 00:00:00+00:00,49.0,171493.0,167.95,158.7,167.9,160.0,42880.0
2015-01-30 00:00:00+00:00,48.0,169097.0,162.25,159.2,160.1,161.9,20447.0
2015-02-02 00:00:00+00:00,45.0,167476.0,163.65,159.7,162.4,162.45,32630.0
2015-02-03 00:00:00+00:00,44.0,167838.0,163.4,158.4,162.8,160.75,34641.0
2015-02-04 00:00:00+00:00,43.0,167756.0,167.0,160.15,161.55,164.9,25751.0
2015-02-05 00:00:00+00:00,42.0,169723.0,166.4,163.3,164.45,164.75,26094.0
2015-02-06 00:00:00+00:00,41.0,170979.0,169.75,165.05,165.45,166.85,48281.0
2015-02-09 00:00:00+00:00,38.0,172393.0,168.1,163.8,166.5,167.6,36325.0
2015-02-10 00:00:00+00:00,37.0,173921.0,169.25,158.8,167.05,159.4,67343.0
2015-02-11 00:00:00+00:00,36.0,173648.0,161.35,159.0,160.3,159.45,59206.0
2015-02-12 00:00:00+00:00,35.0,174227.0,164.95,159.3,160.05,164.55,63357.0
2015-02-13 00:00:00+00:00,34.0,169992.0,165.85,162.15,164.6,163.2,47520.0
2015-02-16 00:00:00+00:00,34.0,169992.0,,,,163.2,
2015-02-17 00:00:00+00:00,30.0,170223.0,165.75,154.5,164.0,155.65,72588.0
2015-02-18 00:00:00+00:00,29.0,170516.0,157.85,152.05,156.15,152.8,47829.0
2015-02-19 00:00:00+00:00,28.0,171280.0,153.85,149.4,152.6,149.2,32555.0
2015-02-20 00:00:00+00:00,27.0,171253.0,151.35,147.0,150.2,148.65,26679.0
2015-02-23 00:00:00+00:00,24.0,172713.0,149.75,145.25,147.95,144.45,30103.0
2015-02-24 00:00:00+00:00,23.0,173849.0,145.5,143.55,144.8,145.35,17981.0
2015-02-25 00:00:00+00:00,22.0,177897.0,147.05,140.05,147.05,139.75,38939.0
2015-02-26 00:00:00+00:00,21.0,180514.0,140.3,139.8,140.0,136.55,24983.0
2015-02-27 00:00:00+00:00,20.0,180228.0,139.2,136.45,139.2,136.75,39662.0
2015-03-02 00:00:00+00:00,77.0,182145.0,142.4,137.95,141.3,138.35,26239.0
2015-03-03 00:00:00+00:00,76.0,184961.0,139.2,128.8,139.0,129.75,43670.0
2015-03-04 00:00:00+00:00,75.0,187655.0,138.55,130.2,131.0,137.55,41038.0
2015-03-05 00:00:00+00:00,74.0,188383.0,137.55,133.3,137.5,135.05,21630.0
2015-03-06 00:00:00+00:00,73.0,189629.0,140.1,133.15,135.1,139.9,25325.0
2015-03-09 00:00:00+00:00,70.0,191963.0,142.2,134.15,139.5,137.0,26447.0
2015-03-10 00:00:00+00:00,69.0,192829.0,137.0,133.8,135.9,135.05,25226.0
2015-03-11 00:00:00+00:00,68.0,194613.0,137.1,131.15,134.65,131.75,29934.0
2015-03-12 00:00:00+00:00,67.0,196384.0,134.65,130.0,131.2,132.2,27871.0
2015-03-13 00:00:00+00:00,66.0,195437.0,134.05,128.75,132.55,129.8,20122.0
2015-03-16 00:00:00+00:00,63.0,195752.0,139.75,130.5,130.5,138.05,27142.0
2015-03-17 00:00:00+00:00,62.0,196301.0,139.5,134.25,138.65,138.15,19371.0
2015-03-18 00:00:00+00:00,61.0,200194.0,141.5,133.25,136.25,140.05,28043.0
2015-03-19 00:00:00+00:00,60.0,197267.0,146.75,140.05,140.5,144.15,35758.0
2015-03-20 00:00:00+00:00,59.0,197439.0,143.9,140.5,143.0,143.35,17689.0
2015-03-23 00:00:00+00:00,56.0,197987.0,144.3,139.4,142.0,141.85,14383.0
2015-03-24 00:00:00+00:00,55.0,198350.0,145.4,136.15,142.0,137.3,32371.0
2015-03-25 00:00:00+00:00,54.0,198920.0,142.35,136.0,137.3,139.95,39095.0
2015-03-26 00:00:00+00:00,53.0,200539.0,142.8,138.3,140.0,140.25,21635.0
2015-03-27 00:00:00+00:00,52.0,200473.0,140.8,136.55,139.75,138.2,22461.0
2015-03-30 00:00:00+00:00,49.0,202363.0,138.9,131.8,138.8,132.35,16965.0
2015-03-31 00:00:00+00:00,48.0,204283.0,135.95,131.9,133.0,132.9,27920.0
2015-04-01 00:00:00+00:00,47.0,203842.0,139.8,133.05,133.4,134.85,27704.0
2015-04-02 00:00:00+00:00,46.0,207077.0,141.45,134.05,134.15,140.9,55041.0
2015-04-03 00:00:00+00:00,46.0,207077.0,,,,140.9,
2015-04-06 00:00:00+00:00,42.0,199608.0,147.35,140.2,140.9,146.2,44659.0
2015-04-07 00:00:00+00:00,41.0,199144.0,145.75,141.2,145.5,141.95,32207.0
2015-04-08 00:00:00+00:00,40.0,201355.0,144.4,135.1,141.75,135.7,47233.0
2015-04-09 00:00:00+00:00,39.0,201692.0,137.9,133.6,135.9,137.45,58077.0
2015-04-10 00:00:00+00:00,38.0,197395.0,138.45,133.8,137.4,135.1,47920.0
2015-04-13 00:00:00+00:00,35.0,194878.0,138.1,132.95,135.15,133.75,0.0
2015-04-14 00:00:00+00:00,34.0,190341.0,136.1,131.95,133.85,134.6,60465.0
2015-04-15 00:00:00+00:00,33.0,188842.0,138.0,133.85,134.6,135.8,46170.0
2015-04-16 00:00:00+00:00,32.0,185794.0,140.8,136.1,136.9,139.6,23983.0
2015-04-17 00:00:00+00:00,31.0,181617.0,141.25,137.8,139.4,138.7,22281.0
2015-04-20 00:00:00+00:00,28.0,181257.0,140.0,134.25,138.4,138.7,27272.0
2015-04-21 00:00:00+00:00,27.0,178742.0,142.7,138.2,139.2,140.3,25396.0
2015-04-22 00:00:00+00:00,26.0,177261.0,145.0,139.65,139.65,142.4,21859.0
2015-04-23 00:00:00+00:00,25.0,178481.0,143.85,140.65,142.05,140.45,19488.0
2015-04-24 00:00:00+00:00,24.0,180903.0,142.8,140.85,141.25,141.15,16943.0
2015-04-27 00:00:00+00:00,21.0,186223.0,140.35,134.3,140.0,136.1,30117.0
2015-04-28 00:00:00+00:00,20.0,186486.0,137.8,135.25,136.55,138.15,20127.0
2015-04-29 00:00:00+00:00,19.0,187276.0,137.65,136.9,137.65,138.35,14513.0
2015-04-30 00:00:00+00:00,18.0,185955.0,143.3,137.2,138.8,136.55,27550.0
2015-05-01 00:00:00+00:00,81.0,189992.0,138.3,132.5,137.55,134.2,26772.0
2015-05-04 00:00:00+00:00,78.0,190226.0,134.95,131.55,133.8,132.9,19803.0
2015-05-05 00:00:00+00:00,77.0,190513.0,134.65,132.05,133.05,133.65,15539.0
2015-05-06 00:00:00+00:00,76.0,193244.0,134.25,129.15,133.65,129.95,28698.0
2015-05-07 00:00:00+00:00,75.0,192020.0,132.4,129.7,130.95,131.7,21275.0
2015-05-08 00:00:00+00:00,74.0,190412.0,136.7,131.55,132.05,134.65,24528.0
2015-05-11 00:00:00+00:00,71.0,192668.0,135.3,132.5,133.65,134.35,18583.0
2015-05-12 00:00:00+00:00,70.0,188317.0,136.4,133.3,134.4,135.5,34673.0
2015-05-13 00:00:00+00:00,69.0,187248.0,136.3,132.95,136.05,135.4,26296.0
2015-05-14 00:00:00+00:00,68.0,187458.0,138.2,133.8,135.6,137.5,18233.0
2015-05-15 00:00:00+00:00,67.0,186923.0,139.2,135.7,137.5,138.25,17765.0
2015-05-18 00:00:00+00:00,64.0,186024.0,143.4,137.35,138.35,143.15,29444.0
2015-05-19 00:00:00+00:00,63.0,184474.0,143.85,138.2,143.0,139.85,28407.0
2015-05-20 00:00:00+00:00,62.0,186691.0,141.4,135.55,139.55,136.0,27319.0
2015-05-21 00:00:00+00:00,61.0,191069.0,136.75,127.85,136.15,128.45,51319.0
2015-05-22 00:00:00+00:00,60.0,194163.0,129.7,125.8,129.5,126.95,45325.0
2015-05-25 00:00:00+00:00,60.0,194163.0,,,,126.95,
2015-05-26 00:00:00+00:00,56.0,195178.0,128.6,123.65,128.0,124.05,50722.0
2015-05-27 00:00:00+00:00,55.0,195461.0,126.75,123.55,124.75,124.5,34199.0
2015-05-28 00:00:00+00:00,54.0,196173.0,127.05,123.8,124.95,125.15,21503.0
2015-05-29 00:00:00+00:00,53.0,198017.0,127.05,124.55,125.6,126.15,23781.0
2015-06-01 00:00:00+00:00,50.0,197829.0,132.15,128.15,128.2,129.8,33275.0
2015-06-02 00:00:00+00:00,49.0,194722.0,134.0,128.9,129.35,132.7,36847.0
2015-06-03 00:00:00+00:00,48.0,192852.0,135.15,130.6,132.7,134.3,41218.0
2015-06-04 00:00:00+00:00,47.0,190110.0,137.0,133.2,134.3,135.7,29547.0
2015-06-05 00:00:00+00:00,46.0,189519.0,136.4,132.9,135.0,135.1,36310.0
2015-06-08 00:00:00+00:00,43.0,189344.0,137.4,134.2,135.0,136.55,43102.0
2015-06-09 00:00:00+00:00,42.0,189236.0,137.7,133.55,136.45,137.35,48203.0
2015-06-10 00:00:00+00:00,41.0,188612.0,138.85,135.55,137.55,136.45,53311.0
2015-06-11 00:00:00+00:00,40.0,188429.0,135.7,131.2,135.4,132.0,58172.0
2015-06-12 00:00:00+00:00,39.0,184516.0,135.35,130.6,132.0,132.05,37077.0
2015-06-15 00:00:00+00:00,36.0,181973.0,131.6,127.2,131.05,127.8,60415.0
2015-06-16 00:00:00+00:00,35.0,180352.0,130.35,127.9,128.75,129.35,29713.0
2015-06-17 00:00:00+00:00,34.0,178863.0,130.0,126.45,129.0,126.65,39812.0
2015-06-18 00:00:00+00:00,33.0,175548.0,130.2,126.6,127.55,128.7,39720.0
2015-06-19 00:00:00+00:00,32.0,180435.0,129.8,124.8,128.75,127.15,38835.0
2015-06-22 00:00:00+00:00,29.0,180760.0,130.5,126.65,127.0,130.35,14923.0
2015-06-23 00:00:00+00:00,28.0,181352.0,132.5,126.85,129.65,127.7,20971.0
2015-06-24 00:00:00+00:00,27.0,176840.0,133.85,127.9,128.4,133.3,28012.0
2015-06-25 00:00:00+00:00,26.0,173413.0,133.35,130.95,132.0,133.35,27350.0
2015-06-26 00:00:00+00:00,25.0,173926.0,134.6,130.75,130.75,131.7,21486.0
2015-06-29 00:00:00+00:00,22.0,174348.0,131.35,128.4,128.4,130.8,19871.0
2015-06-30 00:00:00+00:00,21.0,174382.0,130.65,130.65,130.65,130.65,22567.0
2015-07-01 00:00:00+00:00,79.0,176649.0,132.95,126.75,130.0,127.0,34844.0
2015-07-02 00:00:00+00:00,78.0,179000.0,128.35,126.4,127.3,127.4,20986.0
2015-07-03 00:00:00+00:00,78.0,179000.0,,,,127.4,
2015-07-06 00:00:00+00:00,74.0,182758.0,128.15,125.05,127.35,125.15,22831.0
2015-07-07 00:00:00+00:00,73.0,185414.0,126.25,123.65,125.55,124.7,29756.0
2015-07-08 00:00:00+00:00,72.0,185296.0,125.7,123.85,124.35,124.95,21533.0
2015-07-09 00:00:00+00:00,71.0,185436.0,127.55,124.25,125.95,125.25,20746.0
2015-07-10 00:00:00+00:00,70.0,185693.0,127.15,125.05,125.5,126.25,15977.0
2015-07-13 00:00:00+00:00,67.0,184559.0,129.7,127.4,127.95,128.8,20757.0
2015-07-14 00:00:00+00:00,66.0,182704.0,132.5,128.4,128.7,132.0,22744.0
2015-07-15 00:00:00+00:00,65.0,182138.0,132.2,127.7,131.2,129.75,18447.0
2015-07-16 00:00:00+00:00,64.0,181891.0,130.3,127.45,129.05,128.85,13606.0
2015-07-17 00:00:00+00:00,63.0,182795.0,129.55,127.35,128.4,128.4,13544.0
2015-07-20 00:00:00+00:00,60.0,184497.0,130.15,126.65,127.45,127.45,18085.0
2015-07-21 00:00:00+00:00,59.0,185511.0,128.2,125.7,127.1,125.95,15316.0
2015-07-22 00:00:00+00:00,58.0,187220.0,128.0,124.45,126.4,125.05,22274.0
2015-07-23 00:00:00+00:00,57.0,192053.0,126.35,121.1,125.45,121.55,38278.0
2015-07-24 00:00:00+00:00,56.0,192181.0,124.6,120.65,122.4,122.25,26007.0
2015-07-27 00:00:00+00:00,53.0,193892.0,122.3,119.85,122.2,120.4,28628.0
2015-07-28 00:00:00+00:00,52.0,194985.0,122.6,119.9,119.95,120.25,30211.0
2015-07-29 00:00:00+00:00,51.0,195759.0,123.1,120.1,120.5,122.15,21767.0
2015-07-30 00:00:00+00:00,50.0,194702.0,125.35,122.05,122.2,124.9,24406.0
2015-07-31 00:00:00+00:00,49.0,194082.0,127.65,124.15,125.15,125.25,32081.0
2015-08-03 00:00:00+00:00,46.0,195968.0,125.2,121.75,125.1,123.95,30580.0
2015-08-04 00:00:00+00:00,45.0,195037.0,126.2,123.0,123.9,124.9,33626.0
2015-08-05 00:00:00+00:00,44.0,193919.0,126.45,123.25,124.5,125.9,39176.0
2015-08-06 00:00:00+00:00,43.0,192461.0,128.45,123.95,125.5,124.25,40073.0
2015-08-07 00:00:00+00:00,42.0,193110.0,128.85,123.65,124.25,127.8,48553.0
2015-08-10 00:00:00+00:00,39.0,192695.0,133.9,127.0,127.15,133.5,74729.0
2015-08-11 00:00:00+00:00,38.0,189198.0,137.55,133.4,133.75,137.2,70487.0
2015-08-12 00:00:00+00:00,37.0,184687.0,138.05,131.4,137.25,131.85,67905.0
2015-08-13 00:00:00+00:00,36.0,181888.0,138.0,131.9,131.95,137.05,71596.0
2015-08-14 00:00:00+00:00,35.0,175892.0,139.0,136.3,137.5,137.5,54086.0
2015-08-17 00:00:00+00:00,32.0,170908.0,137.35,134.35,135.95,134.75,42954.0
2015-08-18 00:00:00+00:00,31.0,169434.0,136.35,133.1,134.7,135.3,33958.0
2015-08-19 00:00:00+00:00,30.0,164965.0,136.9,130.9,136.0,131.15,48851.0
2015-08-20 00:00:00+00:00,29.0,163730.0,131.85,127.55,131.5,127.65,49028.0
2015-08-21 00:00:00+00:00,28.0,164245.0,128.75,121.95,128.55,121.9,38183.0
2015-08-24 00:00:00+00:00,25.0,166771.0,121.95,117.15,121.2,117.5,39479.0
2015-08-25 00:00:00+00:00,24.0,169849.0,120.15,117.5,118.4,117.05,34519.0
2015-08-26 00:00:00+00:00,23.0,171494.0,119.2,117.1,117.65,118.7,25002.0
2015-08-27 00:00:00+00:00,22.0,171454.0,122.45,120.7,120.75,121.05,20247.0
2015-08-28 00:00:00+00:00,21.0,172874.0,121.3,120.6,120.75,120.45,15288.0
2015-08-31 00:00:00+00:00,18.0,174787.0,121.0,121.0,121.0,120.55,17218.0
2015-09-01 00:00:00+00:00,108.0,175913.0,124.9,120.55,124.25,120.8,22171.0
2015-09-02 00:00:00+00:00,107.0,176318.0,121.8,118.15,121.05,118.35,34930.0
2015-09-03 00:00:00+00:00,106.0,178474.0,120.4,117.75,118.9,119.55,21245.0
2015-09-04 00:00:00+00:00,105.0,177869.0,121.45,118.5,119.5,119.15,11380.0
2015-09-07 00:00:00+00:00,105.0,177869.0,,,,119.15,
2015-09-08 00:00:00+00:00,101.0,179552.0,121.75,118.5,119.15,121.0,16052.0
2015-09-09 00:00:00+00:00,100.0,181736.0,122.45,119.2,120.75,121.1,18408.0
2015-09-10 00:00:00+00:00,99.0,185866.0,120.2,116.25,120.0,116.4,35049.0
2015-09-11 00:00:00+00:00,98.0,186231.0,118.1,116.0,116.65,116.55,20745.0
2015-09-14 00:00:00+00:00,95.0,186905.0,121.2,116.85,116.9,120.2,26964.0
2015-09-15 00:00:00+00:00,94.0,188257.0,121.4,117.75,120.2,118.7,18815.0
2015-09-16 00:00:00+00:00,93.0,188400.0,119.8,117.4,118.35,118.1,13277.0
2015-09-17 00:00:00+00:00,92.0,189023.0,119.15,116.65,118.0,118.55,20948.0
2015-09-18 00:00:00+00:00,91.0,189724.0,120.3,116.85,118.9,118.35,19189.0
2015-09-21 00:00:00+00:00,88.0,190712.0,119.8,116.35,118.0,117.25,20350.0
2015-09-22 00:00:00+00:00,87.0,193509.0,117.3,115.05,116.8,115.45,21789.0
2015-09-23 00:00:00+00:00,86.0,194386.0,117.2,114.75,115.45,116.2,23033.0
2015-09-24 00:00:00+00:00,85.0,195026.0,119.45,114.55,115.75,118.3,24998.0
2015-09-25 00:00:00+00:00,84.0,195700.0,123.35,119.9,120.0,122.7,31341.0
2015-09-28 00:00:00+00:00,81.0,196851.0,122.7,118.3,122.7,119.15,18540.0
2015-09-29 00:00:00+00:00,80.0,194475.0,122.9,117.95,119.15,120.85,23772.0
2015-09-30 00:00:00+00:00,79.0,194192.0,122.6,118.85,121.1,121.35,21342.0
2015-10-01 00:00:00+00:00,78.0,194918.0,122.45,119.1,121.3,120.75,16296.0
2015-10-02 00:00:00+00:00,77.0,194768.0,125.25,119.35,121.25,124.3,26281.0
2015-10-05 00:00:00+00:00,74.0,191797.0,129.65,124.3,125.0,127.55,28993.0
2015-10-06 00:00:00+00:00,73.0,190831.0,129.05,126.15,127.05,128.1,22954.0
2015-10-07 00:00:00+00:00,72.0,189338.0,130.25,124.5,127.7,126.05,34245.0
2015-10-08 00:00:00+00:00,71.0,187284.0,128.8,125.2,126.05,128.45,23574.0
2015-10-09 00:00:00+00:00,70.0,185766.0,134.25,128.95,129.0,131.6,35056.0
2015-10-12 00:00:00+00:00,67.0,184561.0,137.6,131.7,131.7,134.5,30835.0
2015-10-13 00:00:00+00:00,66.0,181065.0,137.1,133.1,134.7,134.35,30238.0
2015-10-14 00:00:00+00:00,65.0,179666.0,137.5,133.8,134.7,134.65,31140.0
2015-10-15 00:00:00+00:00,64.0,176992.0,135.95,132.25,134.0,133.7,31223.0
2015-10-16 00:00:00+00:00,63.0,180162.0,132.4,125.05,132.25,125.85,42662.0
2015-10-19 00:00:00+00:00,60.0,180838.0,126.2,123.5,126.1,123.9,26580.0
2015-10-20 00:00:00+00:00,59.0,182654.0,125.4,123.25,123.8,124.75,22205.0
2015-10-21 00:00:00+00:00,58.0,184138.0,124.95,120.55,124.8,121.0,25673.0
2015-10-22 00:00:00+00:00,57.0,186193.0,122.1,119.75,121.5,119.85,23083.0
2015-10-23 00:00:00+00:00,56.0,188872.0,120.8,117.55,119.8,118.45,25633.0
2015-10-26 00:00:00+00:00,53.0,191727.0,118.95,116.3,118.0,117.3,24560.0
2015-10-27 00:00:00+00:00,52.0,195212.0,118.45,116.6,117.7,117.3,34421.0
2015-10-28 00:00:00+00:00,51.0,197727.0,119.95,117.0,117.45,119.1,24957.0
2015-10-29 00:00:00+00:00,50.0,199382.0,120.55,118.2,119.45,120.3,19093.0
2015-10-30 00:00:00+00:00,49.0,199920.0,121.95,119.15,121.05,120.95,22368.0
2015-11-02 00:00:00+00:00,46.0,200970.0,121.4,118.0,121.0,118.8,25960.0
2015-11-03 00:00:00+00:00,45.0,199749.0,121.7,117.8,118.65,120.25,29588.0
2015-11-04 00:00:00+00:00,44.0,200178.0,122.35,119.8,120.05,120.5,26495.0
2015-11-05 00:00:00+00:00,43.0,199879.0,122.0,118.75,120.1,120.9,56253.0
2015-11-06 00:00:00+00:00,42.0,201584.0,121.15,116.9,120.75,117.75,60621.0
2015-11-09 00:00:00+00:00,39.0,198085.0,119.7,116.95,118.05,117.75,62558.0
2015-11-10 00:00:00+00:00,38.0,200154.0,118.55,115.75,118.25,116.3,65730.0
2015-11-11 00:00:00+00:00,37.0,199722.0,117.65,116.35,116.65,116.8,55086.0
2015-11-12 00:00:00+00:00,36.0,198292.0,117.15,115.0,116.95,115.3,70921.0
2015-11-13 00:00:00+00:00,35.0,198774.0,116.2,111.6,115.85,112.15,62484.0
2015-11-16 00:00:00+00:00,32.0,191627.0,115.0,112.2,112.5,114.35,50749.0
2015-11-17 00:00:00+00:00,31.0,186049.0,115.9,113.7,114.7,114.25,36331.0
2015-11-18 00:00:00+00:00,30.0,183082.0,114.95,111.85,114.0,112.75,45035.0
2015-11-19 00:00:00+00:00,29.0,179709.0,120.05,112.5,112.5,119.9,28280.0
2015-11-20 00:00:00+00:00,28.0,174237.0,123.95,120.3,120.95,121.9,27155.0
2015-11-23 00:00:00+00:00,25.0,173594.0,122.3,118.85,122.3,119.95,15672.0
2015-11-24 00:00:00+00:00,24.0,172995.0,123.0,120.15,121.25,122.45,19637.0
2015-11-25 00:00:00+00:00,23.0,171707.0,122.65,120.6,122.65,122.9,22365.0
2015-11-26 00:00:00+00:00,23.0,171707.0,,,,122.9,
2015-11-27 00:00:00+00:00,21.0,170711.0,120.95,120.8,120.95,121.0,10794.0
2015-11-30 00:00:00+00:00,18.0,172187.0,120.6,115.85,120.6,116.9,28911.0
2015-12-01 00:00:00+00:00,108.0,172338.0,120.1,117.8,120.0,119.9,16682.0
2015-12-02 00:00:00+00:00,107.0,171689.0,121.05,118.8,120.05,120.45,11538.0
2015-12-03 00:00:00+00:00,106.0,170304.0,125.4,119.05,119.9,124.85,23417.0
2015-12-04 00:00:00+00:00,105.0,168292.0,127.3,123.45,125.0,126.95,20167.0
2015-12-07 00:00:00+00:00,102.0,166227.0,128.3,125.1,125.45,126.05,20951.0
2015-12-08 00:00:00+00:00,101.0,165755.0,126.95,121.0,125.0,125.2,17911.0
2015-12-09 00:00:00+00:00,100.0,164616.0,127.7,124.8,125.0,126.8,14290.0
2015-12-10 00:00:00+00:00,99.0,164588.0,127.65,124.9,126.8,126.35,12752.0
2015-12-11 00:00:00+00:00,98.0,165303.0,126.4,120.85,126.35,121.2,28005.0
2015-12-14 00:00:00+00:00,95.0,166511.0,121.2,117.9,121.1,119.9,26768.0
2015-12-15 00:00:00+00:00,94.0,166913.0,121.75,118.95,120.35,119.9,16211.0
2015-12-16 00:00:00+00:00,93.0,166915.0,121.2,118.8,119.8,119.25,17688.0
2015-12-17 00:00:00+00:00,92.0,167907.0,119.85,117.35,119.25,118.3,16950.0
2015-12-18 00:00:00+00:00,91.0,168460.0,120.4,118.3,118.8,119.0,16762.0
2015-12-21 00:00:00+00:00,88.0,169426.0,119.25,116.8,118.25,117.5,14391.0
2015-12-22 00:00:00+00:00,87.0,173177.0,119.45,117.6,117.75,119.15,12386.0
2015-12-23 00:00:00+00:00,86.0,171198.0,121.4,118.2,119.2,120.95,13522.0
2015-12-24 00:00:00+00:00,85.0,172085.0,121.4,118.9,121.0,119.7,5968.0
2015-12-25 00:00:00+00:00,85.0,172085.0,,,,119.7,
2015-12-28 00:00:00+00:00,81.0,172630.0,119.8,118.3,119.7,119.15,5959.0
2015-12-29 00:00:00+00:00,80.0,172364.0,122.4,118.4,118.85,121.45,11742.0
2015-12-30 00:00:00+00:00,79.0,171784.0,123.75,121.25,121.5,123.65,14655.0
2015-12-31 00:00:00+00:00,78.0,172364.0,126.8,123.65,123.8,126.7,18585.0
2016-01-01 00:00:00+00:00,78.0,172364.0,,,,126.7,
2016-01-04 00:00:00+00:00,74.0,171639.0,126.3,122.05,126.15,123.9,33627.0
2016-01-05 00:00:00+00:00,73.0,172537.0,125.1,121.75,123.9,123.0,23182.0
2016-01-06 00:00:00+00:00,72.0,174717.0,123.25,119.5,123.05,119.95,24855.0
2016-01-07 00:00:00+00:00,71.0,177028.0,119.2,117.9,119.05,118.45,27944.0
2016-01-08 00:00:00+00:00,70.0,180773.0,119.9,118.25,119.6,119.0,28787.0
2016-01-11 00:00:00+00:00,67.0,188253.0,118.05,113.6,118.0,114.45,58480.0
2016-01-12 00:00:00+00:00,66.0,190471.0,115.3,113.6,114.5,114.35,39243.0
2016-01-13 00:00:00+00:00,65.0,193018.0,115.9,114.35,114.5,114.8,28304.0
2016-01-14 00:00:00+00:00,64.0,196648.0,116.1,113.5,114.8,115.9,31049.0
2016-01-15 00:00:00+00:00,63.0,198693.0,115.65,113.65,115.6,114.9,23062.0
2016-01-18 00:00:00+00:00,63.0,198693.0,,,,114.9,
2016-01-19 00:00:00+00:00,59.0,200017.0,116.6,113.6,114.3,115.65,24712.0
2016-01-20 00:00:00+00:00,58.0,205770.0,114.7,111.05,114.65,111.6,40285.0
2016-01-21 00:00:00+00:00,57.0,205383.0,114.65,111.6,112.0,114.4,31829.0
2016-01-22 00:00:00+00:00,56.0,204882.0,117.5,114.7,115.0,116.0,41157.0
2016-01-25 00:00:00+00:00,53.0,204628.0,117.15,114.15,114.7,116.45,25984.0
2016-01-26 00:00:00+00:00,52.0,203588.0,117.2,114.65,116.15,116.7,33714.0
2016-01-27 00:00:00+00:00,51.0,201554.0,120.3,116.3,116.55,118.2,48608.0
2016-01-28 00:00:00+00:00,50.0,200826.0,120.05,117.8,118.2,119.15,32566.0
2016-01-29 00:00:00+00:00,49.0,201955.0,119.85,115.85,119.25,116.35,37000.0
2016-02-01 00:00:00+00:00,46.0,201560.0,117.95,114.95,115.8,117.75,31997.0
2016-02-02 00:00:00+00:00,45.0,201589.0,120.5,116.75,117.45,119.85,49379.0
2016-02-03 00:00:00+00:00,44.0,199709.0,121.7,118.1,119.7,121.55,52417.0
2016-02-04 00:00:00+00:00,43.0,198157.0,123.8,121.35,121.4,123.2,44906.0
2016-02-05 00:00:00+00:00,42.0,195580.0,124.0,120.1,123.4,120.4,52692.0
2016-02-08 00:00:00+00:00,39.0,196284.0,120.0,115.65,120.0,115.75,73744.0
2016-02-09 00:00:00+00:00,38.0,197231.0,116.75,114.6,115.95,114.75,58246.0
2016-02-10 00:00:00+00:00,37.0,196162.0,116.1,114.55,114.7,114.75,51633.0
2016-02-11 00:00:00+00:00,36.0,197488.0,115.1,112.5,114.9,113.0,76850.0
2016-02-12 00:00:00+00:00,35.0,190790.0,117.25,113.75,113.75,115.55,70648.0
2016-02-15 00:00:00+00:00,35.0,190790.0,,,,115.55,
2016-02-16 00:00:00+00:00,31.0,188424.0,117.55,113.9,116.4,114.9,63354.0
2016-02-17 00:00:00+00:00,30.0,183283.0,115.8,113.85,115.0,114.55,54104.0
2016-02-18 00:00:00+00:00,29.0,180349.0,115.1,113.2,114.7,114.15,40356.0
2016-02-19 00:00:00+00:00,28.0,181180.0,116.65,114.0,114.25,115.75,31603.0
2016-02-22 00:00:00+00:00,25.0,182769.0,120.35,116.2,116.2,119.85,33810.0
2016-02-23 00:00:00+00:00,24.0,181121.0,119.5,118.0,119.5,117.8,21704.0
2016-02-24 00:00:00+00:00,23.0,183295.0,117.5,113.4,117.1,115.05,32518.0
2016-02-25 00:00:00+00:00,22.0,183220.0,117.0,115.15,115.4,114.65,25690.0
2016-02-26 00:00:00+00:00,21.0,186247.0,114.35,113.35,114.35,113.0,26719.0
2016-02-29 00:00:00+00:00,18.0,190604.0,113.35,112.25,112.3,112.65,30572.0
2016-03-01 00:00:00+00:00,78.0,195239.0,116.55,113.4,115.65,114.75,34799.0
2016-03-02 00:00:00+00:00,77.0,195936.0,116.3,113.65,115.1,115.55,23971.0
2016-03-03 00:00:00+00:00,76.0,196024.0,118.75,115.45,115.8,117.85,33134.0
2016-03-04 00:00:00+00:00,75.0,194252.0,121.3,117.8,117.9,121.05,33595.0
2016-03-07 00:00:00+00:00,72.0,193324.0,121.8,118.25,121.1,120.9,36463.0
2016-03-08 00:00:00+00:00,71.0,193513.0,121.95,119.0,120.3,121.7,33228.0
2016-03-09 00:00:00+00:00,70.0,193456.0,122.9,120.65,120.95,122.35,30209.0
2016-03-10 00:00:00+00:00,69.0,191199.0,122.9,119.7,122.0,122.15,38331.0
2016-03-11 00:00:00+00:00,68.0,192089.0,126.25,122.35,122.5,125.8,38274.0
2016-03-14 00:00:00+00:00,65.0,191366.0,127.7,124.2,125.8,127.2,40443.0
2016-03-15 00:00:00+00:00,64.0,190078.0,127.8,125.35,126.9,125.7,35484.0
2016-03-16 00:00:00+00:00,63.0,190439.0,130.0,124.05,124.75,129.05,45062.0
2016-03-17 00:00:00+00:00,62.0,191210.0,134.9,129.5,130.0,132.55,78583.0
2016-03-18 00:00:00+00:00,61.0,192495.0,135.0,132.4,132.55,134.3,39358.0
2016-03-21 00:00:00+00:00,58.0,194622.0,133.7,130.65,133.7,131.55,41329.0
2016-03-22 00:00:00+00:00,57.0,196145.0,134.9,131.75,132.0,134.65,30728.0
2016-03-23 00:00:00+00:00,56.0,195863.0,136.4,129.3,135.0,131.1,31026.0
2016-03-24 00:00:00+00:00,55.0,197200.0,130.95,127.4,130.95,127.55,34634.0
2016-03-25 00:00:00+00:00,55.0,197200.0,,,,127.55,
2016-03-28 00:00:00+00:00,51.0,198821.0,129.55,126.5,127.45,128.55,32634.0
2016-03-29 00:00:00+00:00,50.0,198274.0,128.65,126.15,128.6,127.45,23742.0
2016-03-30 00:00:00+00:00,49.0,198229.0,130.0,126.2,128.25,127.0,50223.0
2016-03-31 00:00:00+00:00,48.0,197463.0,128.15,125.2,127.45,127.45,36785.0
2016-04-01 00:00:00+00:00,47.0,197808.0,127.9,124.4,127.35,127.25,43607.0
2016-04-04 00:00:00+00:00,44.0,197410.0,126.55,122.3,125.8,122.8,53892.0
2016-04-05 00:00:00+00:00,43.0,197959.0,122.85,120.55,122.85,120.9,62683.0
2016-04-06 00:00:00+00:00,42.0,197242.0,122.15,120.0,121.45,121.5,41228.0
2016-04-07 00:00:00+00:00,41.0,199423.0,122.6,119.6,122.35,119.8,78459.0
2016-04-08 00:00:00+00:00,40.0,199708.0,121.3,119.05,119.8,120.45,69152.0
2016-04-11 00:00:00+00:00,37.0,195057.0,123.65,119.8,121.35,123.35,64241.0
2016-04-12 00:00:00+00:00,36.0,195442.0,125.2,122.65,123.4,124.6,57705.0
2016-04-13 00:00:00+00:00,35.0,194754.0,125.5,121.45,124.0,121.75,65440.0
2016-04-14 00:00:00+00:00,34.0,192023.0,124.5,120.75,122.5,123.15,45987.0
2016-04-15 00:00:00+00:00,33.0,190265.0,124.35,121.6,123.3,122.95,34729.0
2016-04-18 00:00:00+00:00,30.0,188616.0,125.9,122.5,123.1,124.0,37453.0
2016-04-19 00:00:00+00:00,29.0,186945.0,127.35,123.85,124.2,125.85,45630.0
2016-04-20 00:00:00+00:00,28.0,183827.0,127.65,125.9,126.2,127.15,33764.0
2016-04-21 00:00:00+00:00,27.0,184851.0,130.0,123.4,128.15,123.55,41199.0
2016-04-22 00:00:00+00:00,26.0,181155.0,123.7,122.0,123.5,122.75,33525.0
2016-04-25 00:00:00+00:00,23.0,180419.0,123.2,122.3,122.5,123.1,19224.0
2016-04-26 00:00:00+00:00,22.0,178924.0,125.95,123.6,123.6,125.25,20590.0
2016-04-27 00:00:00+00:00,21.0,180770.0,126.25,121.2,125.5,121.05,37382.0
2016-04-28 00:00:00+00:00,20.0,183601.0,121.65,120.0,121.25,120.4,33797.0
2016-04-29 00:00:00+00:00,19.0,185212.0,121.8,120.55,120.75,120.85,22276.0
2016-05-02 00:00:00+00:00,78.0,188457.0,122.8,119.45,121.8,119.65,25263.0
2016-05-03 00:00:00+00:00,77.0,192813.0,121.5,119.15,120.3,119.25,34054.0
2016-05-04 00:00:00+00:00,76.0,195230.0,120.4,118.9,119.6,119.7,24378.0
2016-05-05 00:00:00+00:00,75.0,194526.0,122.15,119.55,119.95,121.5,30301.0
2016-05-06 00:00:00+00:00,74.0,194232.0,124.8,121.8,122.0,124.5,38426.0
2016-05-09 00:00:00+00:00,71.0,192029.0,126.6,123.25,125.5,126.45,37144.0
2016-05-10 00:00:00+00:00,70.0,189256.0,129.3,126.65,127.0,128.75,38949.0
2016-05-11 00:00:00+00:00,69.0,189750.0,129.8,126.85,128.65,129.75,39495.0
2016-05-12 00:00:00+00:00,68.0,187140.0,130.7,127.75,129.9,130.05,38783.0
2016-05-13 00:00:00+00:00,67.0,185140.0,130.45,128.05,129.05,130.1,31527.0
2016-05-16 00:00:00+00:00,64.0,187270.0,133.8,128.8,129.1,133.6,40845.0
2016-05-17 00:00:00+00:00,63.0,187484.0,135.3,132.25,133.65,132.7,48805.0
2016-05-18 00:00:00+00:00,62.0,186537.0,132.15,129.2,132.0,130.1,40804.0
2016-05-19 00:00:00+00:00,61.0,185932.0,129.0,123.7,128.95,123.95,52411.0
2016-05-20 00:00:00+00:00,60.0,187259.0,125.95,124.25,124.75,124.7,24690.0
2016-05-23 00:00:00+00:00,57.0,187313.0,124.7,122.0,124.5,122.15,26450.0
2016-05-24 00:00:00+00:00,56.0,186763.0,123.3,121.55,122.45,121.8,28148.0
2016-05-25 00:00:00+00:00,55.0,190211.0,122.95,121.2,122.45,121.4,34634.0
2016-05-26 00:00:00+00:00,54.0,193627.0,122.15,121.2,121.9,121.5,39074.0
2016-05-27 00:00:00+00:00,53.0,195586.0,122.35,120.8,122.1,121.3,24853.0
2016-05-30 00:00:00+00:00,53.0,195586.0,,,,121.3,
2016-05-31 00:00:00+00:00,49.0,196842.0,123.9,121.35,121.55,121.55,46576.0
2016-06-01 00:00:00+00:00,48.0,195365.0,123.1,120.85,121.5,121.9,36797.0
2016-06-02 00:00:00+00:00,47.0,197938.0,124.4,122.15,122.5,123.0,43100.0
2016-06-03 00:00:00+00:00,46.0,195754.0,127.4,122.5,122.6,127.1,53615.0
2016-06-06 00:00:00+00:00,43.0,193503.0,132.05,127.1,127.3,131.7,58260.0
2016-06-07 00:00:00+00:00,42.0,188825.0,133.3,129.6,131.7,132.2,62871.0
2016-06-08 00:00:00+00:00,41.0,191425.0,139.85,130.3,131.6,139.65,108250.0
2016-06-09 00:00:00+00:00,40.0,188357.0,145.0,133.55,139.2,133.95,111362.0
2016-06-10 00:00:00+00:00,39.0,188691.0,137.95,132.0,134.0,136.95,85813.0
2016-06-13 00:00:00+00:00,36.0,187166.0,140.1,132.15,140.1,137.3,73390.0
2016-06-14 00:00:00+00:00,35.0,182178.0,136.75,133.5,135.55,135.1,60322.0
2016-06-15 00:00:00+00:00,34.0,180112.0,138.55,134.5,134.7,138.2,48103.0
2016-06-16 00:00:00+00:00,33.0,180688.0,141.75,135.8,137.85,139.5,51265.0
2016-06-17 00:00:00+00:00,32.0,179067.0,142.15,138.6,139.65,140.75,60492.0
2016-06-20 00:00:00+00:00,29.0,178220.0,140.4,137.6,139.0,139.5,26084.0
2016-06-21 00:00:00+00:00,28.0,174909.0,139.35,136.4,138.8,138.5,39265.0
2016-06-22 00:00:00+00:00,27.0,175146.0,139.6,136.5,138.5,136.95,21452.0
2016-06-23 00:00:00+00:00,26.0,177170.0,139.4,137.0,137.0,139.25,18241.0
2016-06-24 00:00:00+00:00,25.0,176341.0,138.5,133.5,138.5,134.35,28500.0
2016-06-27 00:00:00+00:00,22.0,170388.0,135.5,133.5,134.65,134.5,43046.0
2016-06-28 00:00:00+00:00,21.0,172146.0,140.0,137.5,137.5,138.9,25607.0
2016-06-29 00:00:00+00:00,20.0,174148.0,142.95,140.4,140.5,142.85,23243.0
2016-06-30 00:00:00+00:00,19.0,174603.0,146.05,140.95,144.9,144.1,37582.0
2016-07-01 00:00:00+00:00,81.0,176195.0,148.0,144.6,146.0,146.4,26743.0
2016-07-04 00:00:00+00:00,81.0,176195.0,,,,146.4,
2016-07-05 00:00:00+00:00,77.0,176566.0,147.2,144.1,146.05,145.55,26267.0
2016-07-06 00:00:00+00:00,76.0,176019.0,144.95,140.05,144.85,143.3,30770.0
2016-07-07 00:00:00+00:00,75.0,175742.0,145.3,141.2,143.5,141.8,23587.0
2016-07-08 00:00:00+00:00,74.0,175381.0,144.35,141.6,142.25,144.1,18303.0
2016-07-11 00:00:00+00:00,71.0,178270.0,149.95,145.05,145.1,149.3,31407.0
2016-07-12 00:00:00+00:00,70.0,180521.0,151.4,146.85,149.95,147.4,28796.0
2016-07-13 00:00:00+00:00,69.0,181690.0,149.4,146.4,146.6,147.65,25230.0
2016-07-14 00:00:00+00:00,68.0,183682.0,152.8,148.4,148.4,152.15,25578.0
2016-07-15 00:00:00+00:00,67.0,185876.0,154.8,147.0,152.5,147.55,37330.0
2016-07-18 00:00:00+00:00,64.0,186406.0,149.75,144.85,147.15,149.45,24373.0
2016-07-19 00:00:00+00:00,63.0,186943.0,151.3,146.25,150.4,146.55,21028.0
2016-07-20 00:00:00+00:00,62.0,186514.0,148.65,145.2,146.1,147.0,20022.0
2016-07-21 00:00:00+00:00,61.0,186248.0,149.75,146.25,147.8,146.85,22669.0
2016-07-22 00:00:00+00:00,60.0,183452.0,146.95,140.35,146.7,141.9,42437.0
2016-07-25 00:00:00+00:00,57.0,184661.0,142.7,139.05,142.7,141.1,25988.0
2016-07-26 00:00:00+00:00,56.0,184613.0,143.05,140.4,141.6,141.6,19262.0
2016-07-27 00:00:00+00:00,55.0,184240.0,142.7,139.6,142.2,141.2,17740.0
2016-07-28 00:00:00+00:00,54.0,184742.0,142.5,139.4,142.05,142.15,19013.0
2016-07-29 00:00:00+00:00,53.0,188676.0,146.35,140.3,142.4,146.2,36684.0
2016-08-01 00:00:00+00:00,50.0,189259.0,145.75,143.2,145.0,143.45,22749.0
2016-08-02 00:00:00+00:00,49.0,189156.0,145.75,140.55,143.85,141.25,33029.0
2016-08-03 00:00:00+00:00,48.0,187203.0,142.1,139.85,141.25,140.4,37043.0
2016-08-04 00:00:00+00:00,47.0,188177.0,143.25,136.95,140.4,142.1,58895.0
2016-08-05 00:00:00+00:00,46.0,188855.0,143.9,141.25,142.9,142.5,44825.0
2016-08-08 00:00:00+00:00,43.0,187429.0,144.3,140.35,142.95,141.1,47898.0
2016-08-09 00:00:00+00:00,42.0,184791.0,142.25,138.55,141.5,141.1,56686.0
2016-08-10 00:00:00+00:00,41.0,185308.0,141.75,138.55,141.55,138.65,48938.0
2016-08-11 00:00:00+00:00,40.0,185723.0,138.8,136.55,138.3,137.7,73888.0
2016-08-12 00:00:00+00:00,39.0,178952.0,138.4,136.5,138.05,136.85,32548.0
2016-08-15 00:00:00+00:00,36.0,175383.0,140.75,136.3,136.95,136.95,55297.0
2016-08-16 00:00:00+00:00,35.0,172337.0,137.9,136.35,136.75,137.4,35145.0
2016-08-17 00:00:00+00:00,34.0,168031.0,137.4,134.9,137.3,135.05,36554.0
2016-08-18 00:00:00+00:00,33.0,166358.0,138.95,135.15,135.5,138.15,35581.0
2016-08-19 00:00:00+00:00,32.0,166525.0,139.9,137.45,138.45,138.8,39472.0
2016-08-22 00:00:00+00:00,29.0,164806.0,144.3,138.5,139.0,144.1,29490.0
2016-08-23 00:00:00+00:00,28.0,164169.0,145.6,142.75,144.25,145.3,22058.0
2016-08-24 00:00:00+00:00,27.0,163426.0,145.8,141.5,145.8,142.15,26427.0
2016-08-25 00:00:00+00:00,26.0,163594.0,143.5,140.15,140.15,143.5,13436.0
2016-08-26 00:00:00+00:00,25.0,163666.0,146.15,142.35,144.7,143.9,25004.0
2016-08-29 00:00:00+00:00,22.0,163896.0,145.8,143.9,144.8,144.0,14948.0
2016-08-30 00:00:00+00:00,21.0,166041.0,144.7,142.3,144.6,144.75,25225.0
2016-08-31 00:00:00+00:00,20.0,168824.0,145.4,144.7,144.75,145.9,23966.0
2016-09-01 00:00:00+00:00,109.0,172779.0,152.9,146.6,146.7,151.4,43003.0
2016-09-02 00:00:00+00:00,108.0,173822.0,152.7,149.65,150.9,151.4,28942.0
2016-09-05 00:00:00+00:00,108.0,173822.0,,,,151.4,
2016-09-06 00:00:00+00:00,104.0,176478.0,153.9,151.4,151.55,153.75,25175.0
2016-09-07 00:00:00+00:00,103.0,178432.0,155.65,152.8,154.0,155.1,26525.0
2016-09-08 00:00:00+00:00,102.0,179360.0,155.7,153.2,155.2,154.9,30987.0
2016-09-09 00:00:00+00:00,101.0,178807.0,154.85,150.55,154.6,151.15,22856.0
2016-09-12 00:00:00+00:00,98.0,179492.0,151.65,148.45,149.0,150.9,21423.0
2016-09-13 00:00:00+00:00,97.0,178115.0,153.0,148.15,151.75,148.4,27194.0
2016-09-14 00:00:00+00:00,96.0,179225.0,149.75,147.65,148.5,148.9,18977.0
2016-09-15 00:00:00+00:00,95.0,178693.0,151.0,148.1,148.6,148.9,20082.0
2016-09-16 00:00:00+00:00,94.0,179094.0,149.45,147.4,148.6,148.4,14825.0
2016-09-19 00:00:00+00:00,91.0,180960.0,153.9,149.05,149.05,152.8,25863.0
2016-09-20 00:00:00+00:00,90.0,181537.0,157.8,152.8,153.2,156.8,34292.0
2016-09-21 00:00:00+00:00,89.0,179253.0,158.8,156.0,156.6,156.55,33344.0
2016-09-22 00:00:00+00:00,88.0,183771.0,160.9,154.7,156.55,155.25,34181.0
2016-09-23 00:00:00+00:00,87.0,183321.0,154.75,151.3,154.25,151.4,32281.0
2016-09-26 00:00:00+00:00,84.0,184185.0,153.8,149.0,151.5,153.55,26123.0
2016-09-27 00:00:00+00:00,83.0,185532.0,154.35,151.5,153.25,153.7,17857.0
2016-09-28 00:00:00+00:00,82.0,185471.0,154.6,151.0,153.9,153.1,27783.0
2016-09-29 00:00:00+00:00,81.0,185874.0,154.95,149.9,153.85,150.15,28231.0
2016-09-30 00:00:00+00:00,80.0,187185.0,152.65,148.75,149.7,151.55,28313.0
2016-10-03 00:00:00+00:00,77.0,185803.0,151.7,147.15,151.1,147.55,24714.0
2016-10-04 00:00:00+00:00,76.0,184912.0,148.65,146.75,147.55,147.45,25755.0
2016-10-05 00:00:00+00:00,75.0,184471.0,151.15,147.7,148.0,148.2,21856.0
2016-10-06 00:00:00+00:00,74.0,183944.0,148.85,146.1,148.5,146.4,23441.0
2016-10-07 00:00:00+00:00,73.0,184553.0,149.45,145.2,146.25,148.0,31590.0
2016-10-10 00:00:00+00:00,70.0,185141.0,153.45,148.05,148.2,152.85,38288.0
2016-10-11 00:00:00+00:00,69.0,185562.0,153.2,150.5,152.85,150.8,30648.0
2016-10-12 00:00:00+00:00,68.0,186265.0,152.85,150.4,151.3,152.1,24103.0
2016-10-13 00:00:00+00:00,67.0,188583.0,153.7,151.65,152.3,152.7,31561.0
2016-10-14 00:00:00+00:00,66.0,191471.0,155.9,153.15,153.4,155.4,28509.0
2016-10-17 00:00:00+00:00,63.0,192332.0,157.35,154.55,154.9,157.1,21329.0
2016-10-18 00:00:00+00:00,62.0,193462.0,159.6,157.1,157.5,158.75,30139.0
2016-10-19 00:00:00+00:00,61.0,195366.0,158.55,156.3,158.3,157.85,23965.0
2016-10-20 00:00:00+00:00,60.0,197794.0,158.3,155.35,157.7,155.9,30284.0
2016-10-21 00:00:00+00:00,59.0,200158.0,157.45,155.1,155.6,156.1,29016.0
2016-10-24 00:00:00+00:00,56.0,201082.0,159.3,155.65,156.05,157.9,25716.0
2016-10-25 00:00:00+00:00,55.0,205446.0,164.75,158.35,158.65,164.5,59968.0
2016-10-26 00:00:00+00:00,54.0,209653.0,165.75,163.2,163.4,163.7,47486.0
2016-10-27 00:00:00+00:00,53.0,209739.0,166.4,162.25,163.6,164.8,43580.0
2016-10-28 00:00:00+00:00,52.0,211047.0,166.9,163.45,165.1,165.5,30495.0
2016-10-31 00:00:00+00:00,49.0,214133.0,165.85,163.0,164.25,164.15,39087.0
2016-11-01 00:00:00+00:00,48.0,217273.0,165.4,161.15,163.25,161.45,49847.0
2016-11-02 00:00:00+00:00,47.0,218567.0,164.35,160.35,160.75,162.9,33036.0
2016-11-03 00:00:00+00:00,46.0,220673.0,166.6,163.0,163.05,165.65,44080.0
2016-11-04 00:00:00+00:00,45.0,220673.0,172.0,165.1,165.55,171.35,70915.0
2016-11-07 00:00:00+00:00,42.0,228043.0,175.65,170.0,170.0,174.35,73972.0
2016-11-08 00:00:00+00:00,41.0,224538.0,176.0,167.25,175.0,167.5,103348.0
2016-11-09 00:00:00+00:00,40.0,220957.0,170.75,163.2,165.2,170.1,67041.0
2016-11-10 00:00:00+00:00,39.0,219624.0,172.9,161.55,170.9,161.85,93997.0
2016-11-11 00:00:00+00:00,38.0,211683.0,163.85,157.9,161.7,159.45,97604.0
2016-11-14 00:00:00+00:00,35.0,207497.0,162.65,157.45,159.0,161.8,73710.0
2016-11-15 00:00:00+00:00,34.0,204830.0,165.3,160.3,162.4,161.8,39314.0
2016-11-16 00:00:00+00:00,33.0,200358.0,162.75,160.1,161.9,161.25,35070.0
2016-11-17 00:00:00+00:00,32.0,196770.0,161.7,158.7,161.4,159.3,29272.0
2016-11-18 00:00:00+00:00,31.0,192782.0,161.0,157.45,158.75,157.85,31988.0
2016-11-21 00:00:00+00:00,28.0,192208.0,159.5,155.0,158.25,158.65,26717.0
2016-11-22 00:00:00+00:00,27.0,191007.0,159.55,157.1,158.4,157.25,21814.0
2016-11-23 00:00:00+00:00,26.0,188134.0,157.25,154.4,156.9,154.65,23493.0
2016-11-24 00:00:00+00:00,26.0,188134.0,,,,154.65,
2016-11-25 00:00:00+00:00,24.0,186957.0,154.95,151.4,154.95,152.3,21444.0
2016-11-28 00:00:00+00:00,21.0,186145.0,153.35,151.9,152.65,153.0,27040.0
2016-11-29 00:00:00+00:00,20.0,186449.0,152.65,149.85,152.65,149.9,31271.0
2016-11-30 00:00:00+00:00,19.0,185950.0,150.0,147.4,149.5,147.5,26127.0
2016-12-01 00:00:00+00:00,110.0,185148.0,151.25,144.65,151.05,144.9,40225.0
2016-12-02 00:00:00+00:00,109.0,184377.0,148.75,143.9,143.9,145.8,35219.0
2016-12-05 00:00:00+00:00,106.0,184400.0,147.45,144.3,145.0,144.5,27007.0
2016-12-06 00:00:00+00:00,105.0,185690.0,145.7,141.8,144.15,142.0,28959.0
2016-12-07 00:00:00+00:00,104.0,187008.0,144.55,140.75,142.6,141.7,29937.0
2016-12-08 00:00:00+00:00,103.0,186069.0,143.45,140.65,142.5,141.4,22512.0
2016-12-09 00:00:00+00:00,102.0,186132.0,142.55,138.95,141.95,139.35,24153.0
2016-12-12 00:00:00+00:00,99.0,185262.0,143.1,138.75,139.95,142.0,27839.0
2016-12-13 00:00:00+00:00,98.0,185708.0,144.0,141.25,142.7,142.85,21478.0
2016-12-14 00:00:00+00:00,97.0,185042.0,144.8,141.0,142.8,144.15,27048.0
2016-12-15 00:00:00+00:00,96.0,186543.0,143.45,139.3,143.15,142.2,26571.0
2016-12-16 00:00:00+00:00,95.0,185823.0,143.2,140.8,142.85,142.45,22102.0
2016-12-19 00:00:00+00:00,92.0,187447.0,144.95,141.8,142.0,144.25,17973.0
2016-12-20 00:00:00+00:00,91.0,188916.0,145.25,142.35,145.0,143.85,15039.0
2016-12-21 00:00:00+00:00,90.0,190500.0,144.8,142.35,143.1,144.55,14301.0
2016-12-22 00:00:00+00:00,89.0,190682.0,144.3,138.65,144.05,139.1,18769.0
2016-12-23 00:00:00+00:00,88.0,190385.0,139.75,135.95,139.0,136.15,18194.0
2016-12-26 00:00:00+00:00,88.0,190385.0,,,,136.15,
2016-12-27 00:00:00+00:00,84.0,189312.0,136.75,133.35,136.0,134.2,19827.0
2016-12-28 00:00:00+00:00,83.0,191766.0,136.0,132.85,134.65,133.5,19857.0
2016-12-29 00:00:00+00:00,82.0,191320.0,138.35,133.15,133.5,135.45,18748.0
2016-12-30 00:00:00+00:00,81.0,192114.0,138.85,135.55,135.7,137.05,15814.0
2017-01-02 00:00:00+00:00,81.0,192114.0,,,,137.05,
2017-01-03 00:00:00+00:00,77.0,194266.0,139.05,134.4,137.8,137.4,25774.0
2017-01-04 00:00:00+00:00,76.0,192726.0,142.95,137.45,137.5,141.8,29213.0
2017-01-05 00:00:00+00:00,75.0,191306.0,145.45,141.75,142.0,143.75,31863.0
2017-01-06 00:00:00+00:00,74.0,191058.0,144.5,142.05,143.5,142.85,18425.0
2017-01-09 00:00:00+00:00,71.0,189378.0,146.5,140.75,142.15,144.2,32557.0
2017-01-10 00:00:00+00:00,70.0,186933.0,147.9,144.15,144.25,147.7,31578.0
2017-01-11 00:00:00+00:00,69.0,184817.0,150.9,147.45,147.85,149.0,49152.0
2017-01-12 00:00:00+00:00,68.0,181877.0,151.6,148.55,149.3,149.6,28032.0
2017-01-13 00:00:00+00:00,67.0,181899.0,149.9,147.35,149.05,149.3,29263.0
2017-01-16 00:00:00+00:00,67.0,181899.0,,,,149.3,
2017-01-17 00:00:00+00:00,63.0,179348.0,150.75,148.1,148.8,149.9,27213.0
2017-01-18 00:00:00+00:00,62.0,178816.0,150.0,146.75,149.7,149.2,23554.0
2017-01-19 00:00:00+00:00,61.0,178570.0,151.45,148.55,149.25,150.75,17647.0
2017-01-20 00:00:00+00:00,60.0,179724.0,153.35,150.55,150.55,153.2,22588.0
2017-01-23 00:00:00+00:00,57.0,180864.0,156.75,152.9,153.0,155.4,30779.0
2017-01-24 00:00:00+00:00,56.0,180324.0,156.95,151.8,154.15,152.35,29327.0
2017-01-25 00:00:00+00:00,55.0,182266.0,155.6,151.3,151.6,152.9,27540.0
2017-01-26 00:00:00+00:00,54.0,183551.0,154.3,150.35,153.85,151.45,35665.0
2017-01-27 00:00:00+00:00,53.0,184448.0,153.4,150.25,151.25,152.4,19434.0
2017-01-30 00:00:00+00:00,50.0,185605.0,152.05,149.7,151.7,151.15,26678.0
2017-01-31 00:00:00+00:00,49.0,185226.0,152.5,146.6,151.0,149.55,49783.0
2017-02-01 00:00:00+00:00,48.0,184568.0,151.7,147.55,149.55,150.15,55199.0
2017-02-02 00:00:00+00:00,47.0,187190.0,151.25,145.7,150.15,145.95,44370.0
2017-02-03 00:00:00+00:00,46.0,185705.0,147.7,144.7,145.2,146.25,43748.0
2017-02-06 00:00:00+00:00,43.0,185314.0,146.9,143.95,146.0,144.2,42743.0
2017-02-07 00:00:00+00:00,42.0,181894.0,144.5,142.55,144.3,142.6,51837.0
2017-02-08 00:00:00+00:00,41.0,181499.0,144.25,141.7,143.0,142.9,60261.0
2017-02-09 00:00:00+00:00,40.0,180762.0,145.7,142.85,143.4,145.2,63771.0
2017-02-10 00:00:00+00:00,39.0,181038.0,146.85,144.8,145.05,145.75,54707.0
2017-02-13 00:00:00+00:00,36.0,177679.0,146.0,143.5,145.75,144.25,44404.0
2017-02-14 00:00:00+00:00,35.0,174739.0,145.8,142.5,144.75,143.65,45191.0
2017-02-15 00:00:00+00:00,34.0,172025.0,145.05,142.1,143.25,144.5,43245.0
2017-02-16 00:00:00+00:00,33.0,168724.0,146.65,145.0,145.0,146.3,30648.0
2017-02-17 00:00:00+00:00,32.0,172165.0,148.7,145.2,146.7,147.8,20842.0
2017-02-20 00:00:00+00:00,32.0,172165.0,,,,147.8,
2017-02-21 00:00:00+00:00,28.0,173929.0,150.9,148.35,149.2,150.35,22069.0
2017-02-22 00:00:00+00:00,27.0,171910.0,151.4,148.95,150.1,149.2,23918.0
2017-02-23 00:00:00+00:00,26.0,172050.0,150.6,148.45,149.5,147.85,16190.0
2017-02-24 00:00:00+00:00,25.0,173862.0,148.45,143.65,148.45,144.4,24887.0
2017-02-27 00:00:00+00:00,22.0,176222.0,144.0,140.0,144.0,139.1,29469.0
2017-02-28 00:00:00+00:00,21.0,176736.0,140.7,138.6,139.7,140.7,27603.0
2017-03-01 00:00:00+00:00,78.0,176469.0,145.5,139.65,143.15,144.8,35563.0
2017-03-02 00:00:00+00:00,77.0,176010.0,146.5,142.45,145.25,144.35,25310.0
2017-03-03 00:00:00+00:00,76.0,175243.0,145.1,142.65,144.15,143.3,23830.0
2017-03-06 00:00:00+00:00,73.0,175557.0,144.4,141.4,142.65,141.45,18469.0
2017-03-07 00:00:00+00:00,72.0,175170.0,142.35,140.05,141.6,140.7,24841.0
2017-03-08 00:00:00+00:00,71.0,177757.0,142.55,139.65,141.0,141.75,24454.0
2017-03-09 00:00:00+00:00,70.0,179611.0,142.8,140.15,141.5,140.45,25162.0
2017-03-10 00:00:00+00:00,69.0,180737.0,141.9,140.15,140.5,141.35,21453.0
2017-03-13 00:00:00+00:00,66.0,183894.0,143.6,138.6,141.55,142.35,34745.0
2017-03-14 00:00:00+00:00,65.0,183783.0,143.35,140.8,142.65,141.25,19203.0
2017-03-15 00:00:00+00:00,64.0,183779.0,142.2,140.4,141.4,140.9,12135.0
2017-03-16 00:00:00+00:00,63.0,183505.0,143.9,140.95,142.0,141.45,24379.0
2017-03-17 00:00:00+00:00,62.0,185275.0,142.4,140.4,142.25,142.05,15959.0
2017-03-20 00:00:00+00:00,59.0,187629.0,145.45,141.85,142.35,145.25,23816.0
2017-03-21 00:00:00+00:00,58.0,187689.0,146.4,144.2,145.05,144.75,20842.0
2017-03-22 00:00:00+00:00,57.0,187954.0,144.45,141.15,144.45,141.7,22927.0
2017-03-23 00:00:00+00:00,56.0,189411.0,141.85,139.55,141.5,140.5,21645.0
2017-03-24 00:00:00+00:00,55.0,191410.0,140.3,137.1,140.05,137.6,39290.0
2017-03-27 00:00:00+00:00,52.0,190166.0,139.35,136.2,137.2,139.2,44735.0
2017-03-28 00:00:00+00:00,51.0,191066.0,139.65,137.75,139.3,138.85,23844.0
2017-03-29 00:00:00+00:00,50.0,191492.0,140.3,137.55,138.8,139.3,24554.0
2017-03-30 00:00:00+00:00,49.0,193924.0,140.05,138.6,139.3,139.3,24341.0
2017-03-31 00:00:00+00:00,48.0,195947.0,140.05,137.9,139.35,139.3,28346.0
2017-04-03 00:00:00+00:00,45.0,197494.0,142.8,137.5,138.8,137.85,45054.0
2017-04-04 00:00:00+00:00,44.0,198653.0,138.5,136.25,137.85,137.75,47309.0
2017-04-05 00:00:00+00:00,43.0,201377.0,139.25,137.0,138.5,137.3,44849.0
2017-04-06 00:00:00+00:00,42.0,203014.0,138.95,137.1,137.3,137.75,43006.0
2017-04-07 00:00:00+00:00,41.0,203581.0,140.3,136.6,138.0,140.05,54121.0
2017-04-10 00:00:00+00:00,38.0,202489.0,141.15,139.05,140.0,139.85,51783.0
2017-04-11 00:00:00+00:00,37.0,204349.0,140.65,139.35,139.85,140.2,84275.0
2017-04-12 00:00:00+00:00,36.0,207201.0,142.0,137.6,140.35,138.3,69540.0
2017-04-13 00:00:00+00:00,35.0,205079.0,140.1,138.5,138.5,138.9,51852.0
2017-04-14 00:00:00+00:00,35.0,205079.0,,,,138.9,
2017-04-17 00:00:00+00:00,31.0,200205.0,141.55,138.55,139.1,141.1,39343.0
2017-04-18 00:00:00+00:00,30.0,192352.0,143.35,139.75,140.7,142.9,71996.0
2017-04-19 00:00:00+00:00,29.0,190489.0,143.7,137.25,142.65,138.0,51725.0
2017-04-20 00:00:00+00:00,28.0,194367.0,140.0,131.35,139.55,131.65,52172.0
2017-04-21 00:00:00+00:00,27.0,195273.0,132.2,128.8,132.0,129.85,68729.0
2017-04-24 00:00:00+00:00,24.0,198169.0,131.3,129.1,130.45,129.5,40354.0
2017-04-25 00:00:00+00:00,23.0,200491.0,130.55,129.45,129.55,129.9,32688.0
2017-04-26 00:00:00+00:00,22.0,201797.0,130.7,129.0,130.7,128.15,35695.0
2017-04-27 00:00:00+00:00,21.0,205841.0,128.45,127.65,128.45,127.1,33649.0
2017-04-28 00:00:00+00:00,20.0,207451.0,127.55,126.7,127.45,131.05,35807.0
2017-05-01 00:00:00+00:00,79.0,207091.0,137.45,133.7,134.0,135.85,18907.0
2017-05-02 00:00:00+00:00,78.0,206724.0,136.65,133.25,136.25,136.25,21904.0
2017-05-03 00:00:00+00:00,77.0,206308.0,137.75,134.9,136.4,137.45,20899.0
2017-05-04 00:00:00+00:00,76.0,206397.0,137.0,132.35,136.95,134.95,24939.0
2017-05-05 00:00:00+00:00,75.0,205266.0,136.25,134.1,135.05,135.7,26586.0
2017-05-08 00:00:00+00:00,72.0,206503.0,137.1,135.1,135.5,136.9,24315.0
2017-05-09 00:00:00+00:00,71.0,207823.0,137.0,134.8,136.85,135.15,26161.0
2017-05-10 00:00:00+00:00,70.0,207537.0,136.8,134.8,135.4,136.65,24555.0
2017-05-11 00:00:00+00:00,69.0,210921.0,137.35,133.45,136.35,134.25,30035.0
2017-05-12 00:00:00+00:00,68.0,208335.0,135.65,133.65,134.5,134.95,17316.0
2017-05-15 00:00:00+00:00,65.0,208249.0,135.5,133.1,134.8,133.45,13202.0
2017-05-16 00:00:00+00:00,64.0,211577.0,134.15,131.2,132.95,131.45,24228.0
2017-05-17 00:00:00+00:00,63.0,208888.0,135.35,130.05,132.1,134.4,42944.0
2017-05-18 00:00:00+00:00,62.0,211886.0,133.2,129.3,133.2,129.65,44346.0
2017-05-19 00:00:00+00:00,61.0,210610.0,133.4,128.95,128.95,132.1,30377.0
2017-05-22 00:00:00+00:00,58.0,212425.0,133.0,129.55,132.1,130.6,23145.0
2017-05-23 00:00:00+00:00,57.0,213102.0,131.7,129.9,130.6,130.25,16297.0
2017-05-24 00:00:00+00:00,56.0,215797.0,130.7,128.0,130.4,128.55,23749.0
2017-05-25 00:00:00+00:00,55.0,215765.0,130.0,127.15,128.55,129.3,43946.0
2017-05-26 00:00:00+00:00,54.0,214915.0,132.2,128.6,129.5,131.2,32911.0
2017-05-29 00:00:00+00:00,54.0,214915.0,,,,131.2,
2017-05-30 00:00:00+00:00,50.0,215278.0,132.75,130.5,130.65,132.1,26329.0
2017-05-31 00:00:00+00:00,49.0,216475.0,133.4,128.3,132.1,129.35,46439.0
2017-06-01 00:00:00+00:00,48.0,215475.0,130.0,127.5,129.5,127.7,33376.0
2017-06-02 00:00:00+00:00,47.0,218629.0,128.15,125.25,128.0,125.55,44602.0
2017-06-05 00:00:00+00:00,44.0,219866.0,129.45,125.7,126.05,128.45,36272.0
2017-06-06 00:00:00+00:00,43.0,224297.0,129.6,125.45,129.2,125.55,43108.0
2017-06-07 00:00:00+00:00,42.0,223916.0,126.8,125.45,126.05,125.75,45826.0
2017-06-08 00:00:00+00:00,41.0,224155.0,126.75,125.35,126.15,126.35,50724.0
2017-06-09 00:00:00+00:00,40.0,220111.0,128.75,126.4,126.5,126.55,64412.0
2017-06-12 00:00:00+00:00,37.0,223585.0,129.1,126.75,127.55,127.6,81127.0
2017-06-13 00:00:00+00:00,36.0,222738.0,128.2,125.75,127.5,126.4,58852.0
2017-06-14 00:00:00+00:00,35.0,221554.0,127.9,125.3,126.5,125.55,77882.0
2017-06-15 00:00:00+00:00,34.0,218634.0,127.65,125.6,126.25,125.8,56007.0
2017-06-16 00:00:00+00:00,33.0,218329.0,127.1,123.0,126.05,123.55,49643.0
2017-06-19 00:00:00+00:00,30.0,216323.0,124.55,123.2,123.8,124.2,46202.0
2017-06-20 00:00:00+00:00,29.0,214847.0,124.05,120.8,123.7,121.95,45897.0
2017-06-21 00:00:00+00:00,28.0,217445.0,122.15,119.15,121.95,119.35,36846.0
2017-06-22 00:00:00+00:00,27.0,218890.0,119.9,113.0,119.65,113.45,57905.0
2017-06-23 00:00:00+00:00,26.0,221590.0,120.25,115.1,115.1,119.95,49172.0
2017-06-26 00:00:00+00:00,23.0,222230.0,122.95,121.6,121.6,121.95,31825.0
2017-06-27 00:00:00+00:00,22.0,221973.0,123.6,122.5,122.5,122.75,18289.0
2017-06-28 00:00:00+00:00,21.0,222641.0,123.45,121.9,123.45,122.75,16131.0
2017-06-29 00:00:00+00:00,20.0,223161.0,125.35,123.3,124.1,124.75,21672.0
2017-06-30 00:00:00+00:00,19.0,225207.0,125.0,124.0,124.05,124.05,27071.0
2017-07-03 00:00:00+00:00,78.0,224220.0,129.5,126.35,126.5,127.7,36622.0
2017-07-04 00:00:00+00:00,78.0,224220.0,,,,127.7,
2017-07-05 00:00:00+00:00,76.0,222104.0,131.2,127.9,128.25,130.0,29008.0
2017-07-06 00:00:00+00:00,75.0,221697.0,131.3,127.55,129.7,129.1,28908.0
2017-07-07 00:00:00+00:00,74.0,221096.0,129.5,126.8,129.45,128.9,20941.0
2017-07-10 00:00:00+00:00,71.0,222526.0,129.4,127.05,128.7,128.6,26556.0
2017-07-11 00:00:00+00:00,70.0,227103.0,129.5,125.8,129.0,126.9,29453.0
2017-07-12 00:00:00+00:00,69.0,226648.0,128.45,126.2,127.3,127.6,20727.0
2017-07-13 00:00:00+00:00,68.0,225248.0,131.85,127.8,128.1,131.2,38876.0
2017-07-14 00:00:00+00:00,67.0,223733.0,134.05,131.1,131.2,133.7,39247.0
2017-07-17 00:00:00+00:00,64.0,222409.0,135.0,131.8,133.7,133.55,27475.0
2017-07-18 00:00:00+00:00,63.0,223173.0,135.3,132.8,133.0,134.9,30849.0
2017-07-19 00:00:00+00:00,62.0,223442.0,135.95,134.0,134.55,135.8,30065.0
2017-07-20 00:00:00+00:00,61.0,224715.0,135.8,134.15,135.1,135.0,24652.0
2017-07-21 00:00:00+00:00,60.0,223956.0,136.85,134.8,135.05,136.55,27902.0
2017-07-24 00:00:00+00:00,57.0,223870.0,135.8,132.4,135.55,132.55,38452.0
2017-07-25 00:00:00+00:00,56.0,224494.0,133.2,129.35,133.0,130.6,30524.0
2017-07-26 00:00:00+00:00,55.0,221919.0,135.2,129.85,130.6,134.8,36105.0
2017-07-27 00:00:00+00:00,54.0,219504.0,136.65,134.1,135.1,135.95,29969.0
2017-07-28 00:00:00+00:00,53.0,217782.0,138.9,134.9,135.65,137.85,32753.0
2017-07-31 00:00:00+00:00,50.0,215119.0,139.35,137.05,137.3,139.25,25600.0
2017-08-01 00:00:00+00:00,49.0,213961.0,139.55,135.75,139.25,137.85,33045.0
2017-08-02 00:00:00+00:00,48.0,213440.0,141.2,137.45,138.0,140.35,29797.0
2017-08-03 00:00:00+00:00,47.0,214050.0,141.55,138.8,140.7,140.2,31636.0
2017-08-04 00:00:00+00:00,46.0,211892.0,141.5,139.1,139.6,140.15,37496.0
2017-08-07 00:00:00+00:00,43.0,209815.0,142.8,139.5,139.7,142.05,47902.0
2017-08-08 00:00:00+00:00,42.0,205335.0,143.75,141.9,142.05,142.75,48222.0
2017-08-09 00:00:00+00:00,41.0,202753.0,143.4,140.25,142.0,142.65,62951.0
2017-08-10 00:00:00+00:00,40.0,200841.0,143.4,137.7,142.35,138.5,63941.0
2017-08-11 00:00:00+00:00,39.0,198229.0,140.8,136.85,138.5,140.3,51889.0
2017-08-14 00:00:00+00:00,36.0,195404.0,139.85,136.35,139.55,136.95,53176.0
2017-08-15 00:00:00+00:00,35.0,191562.0,137.0,131.55,137.0,132.0,54824.0
2017-08-16 00:00:00+00:00,34.0,191978.0,133.55,130.0,132.85,130.95,45491.0
2017-08-17 00:00:00+00:00,33.0,192250.0,131.5,127.5,131.35,128.45,46039.0
2017-08-18 00:00:00+00:00,32.0,188125.0,129.35,126.75,129.0,128.05,43935.0
2017-08-21 00:00:00+00:00,29.0,184800.0,128.95,126.0,128.45,126.4,48402.0
2017-08-22 00:00:00+00:00,28.0,185359.0,127.0,125.5,126.5,125.85,34323.0
2017-08-23 00:00:00+00:00,27.0,189171.0,127.5,126.1,126.8,126.25,30365.0
2017-08-24 00:00:00+00:00,26.0,190723.0,127.2,125.9,126.3,126.7,23494.0
2017-08-25 00:00:00+00:00,25.0,190178.0,130.0,126.95,128.0,130.2,25487.0
2017-08-28 00:00:00+00:00,22.0,191989.0,131.0,129.55,130.45,129.9,20853.0
2017-08-29 00:00:00+00:00,21.0,194047.0,130.15,127.15,130.15,127.3,22103.0
2017-08-30 00:00:00+00:00,20.0,196631.0,127.85,125.75,127.85,126.95,22730.0
2017-08-31 00:00:00+00:00,19.0,199662.0,127.5,127.5,127.5,128.15,26754.0
2017-09-01 00:00:00+00:00,108.0,200642.0,130.85,128.5,129.0,129.05,21255.0
2017-09-04 00:00:00+00:00,108.0,200642.0,,,,129.05,
2017-09-05 00:00:00+00:00,104.0,206646.0,131.25,127.2,128.6,127.85,29332.0
2017-09-06 00:00:00+00:00,103.0,206632.0,128.85,126.75,128.0,127.9,20129.0
2017-09-07 00:00:00+00:00,102.0,208207.0,129.9,127.1,128.0,129.15,22784.0
2017-09-08 00:00:00+00:00,101.0,210558.0,131.0,128.85,128.85,130.65,31473.0
2017-09-11 00:00:00+00:00,98.0,208954.0,131.95,129.75,130.65,131.85,26218.0
2017-09-12 00:00:00+00:00,97.0,205989.0,135.15,130.7,131.4,135.05,33146.0
2017-09-13 00:00:00+00:00,96.0,204243.0,138.3,135.05,135.05,137.85,33244.0
2017-09-14 00:00:00+00:00,95.0,200573.0,139.25,137.0,137.85,137.65,27468.0
2017-09-15 00:00:00+00:00,94.0,195525.0,141.65,137.1,137.8,141.4,29485.0
2017-09-18 00:00:00+00:00,91.0,192166.0,143.25,139.25,141.4,140.35,39040.0
2017-09-19 00:00:00+00:00,90.0,189841.0,140.4,134.45,139.8,135.35,38691.0
2017-09-20 00:00:00+00:00,89.0,189241.0,137.45,132.9,135.35,136.55,36994.0
2017-09-21 00:00:00+00:00,88.0,188751.0,136.2,133.65,136.2,135.0,20711.0
2017-09-22 00:00:00+00:00,87.0,187927.0,136.2,134.05,135.8,134.45,31749.0
2017-09-25 00:00:00+00:00,84.0,188544.0,133.7,131.35,133.65,131.55,24496.0
2017-09-26 00:00:00+00:00,83.0,189928.0,133.65,130.85,131.55,132.25,23854.0
2017-09-27 00:00:00+00:00,82.0,191502.0,132.15,129.0,131.95,129.35,27993.0
2017-09-28 00:00:00+00:00,81.0,194565.0,129.7,127.5,129.45,128.5,23544.0
2017-09-29 00:00:00+00:00,80.0,196814.0,129.15,127.25,128.95,128.05,24169.0
2017-10-02 00:00:00+00:00,77.0,203282.0,128.0,125.3,127.8,127.2,38041.0
2017-10-03 00:00:00+00:00,76.0,208591.0,127.8,125.4,127.4,125.45,26350.0
2017-10-04 00:00:00+00:00,75.0,212840.0,126.4,124.4,126.2,125.15,35718.0
2017-10-05 00:00:00+00:00,74.0,213361.0,127.65,124.3,125.75,127.2,22272.0
2017-10-06 00:00:00+00:00,73.0,212531.0,130.7,127.4,127.9,130.0,29107.0
2017-10-09 00:00:00+00:00,70.0,213374.0,131.9,129.8,131.0,130.95,33457.0
2017-10-10 00:00:00+00:00,69.0,216316.0,132.7,130.05,131.0,131.0,35081.0
2017-10-11 00:00:00+00:00,68.0,216316.0,129.85,126.55,129.8,126.8,42394.0
2017-10-12 00:00:00+00:00,67.0,222290.0,127.8,125.4,127.2,126.35,27908.0
2017-10-13 00:00:00+00:00,66.0,223004.0,127.15,125.45,126.4,126.45,21182.0
2017-10-16 00:00:00+00:00,63.0,226320.0,126.45,123.7,126.1,123.75,37583.0
2017-10-17 00:00:00+00:00,62.0,229958.0,125.05,123.0,123.75,124.15,26416.0
2017-10-18 00:00:00+00:00,61.0,231461.0,124.7,123.0,124.15,124.3,22120.0
2017-10-19 00:00:00+00:00,60.0,231543.0,128.05,124.5,124.75,126.85,33560.0
2017-10-20 00:00:00+00:00,59.0,233285.0,127.95,124.0,126.95,125.25,28738.0
2017-10-23 00:00:00+00:00,56.0,233911.0,126.5,123.85,125.1,124.35,19861.0
2017-10-24 00:00:00+00:00,55.0,237644.0,124.75,122.85,124.25,123.2,24886.0
2017-10-25 00:00:00+00:00,54.0,239024.0,125.3,123.1,123.3,124.1,21985.0
2017-10-26 00:00:00+00:00,53.0,240089.0,124.9,123.0,124.4,124.55,32281.0
2017-10-27 00:00:00+00:00,52.0,239061.0,127.5,123.7,124.0,126.6,36180.0
2017-10-30 00:00:00+00:00,49.0,239115.0,127.75,125.05,127.0,125.9,19078.0
2017-10-31 00:00:00+00:00,48.0,239067.0,125.7,124.15,125.1,125.1,44970.0
2017-11-01 00:00:00+00:00,47.0,245897.0,126.2,121.2,124.7,122.95,78542.0
2017-11-02 00:00:00+00:00,46.0,241292.0,127.6,122.55,123.35,126.4,63807.0
2017-11-03 00:00:00+00:00,45.0,240660.0,127.4,123.25,127.15,123.95,47447.0
2017-11-06 00:00:00+00:00,42.0,241296.0,126.4,122.25,123.95,125.55,36530.0
2017-11-07 00:00:00+00:00,41.0,240183.0,125.8,123.1,125.5,124.7,69901.0
2017-11-08 00:00:00+00:00,40.0,232086.0,125.9,124.2,125.05,125.75,71068.0
2017-11-09 00:00:00+00:00,39.0,228113.0,127.4,125.0,125.55,126.4,68049.0
2017-11-10 00:00:00+00:00,38.0,225237.0,128.35,125.5,126.05,127.55,73591.0
2017-11-13 00:00:00+00:00,35.0,223487.0,128.15,126.65,127.5,127.6,72313.0
2017-11-14 00:00:00+00:00,34.0,218750.0,129.0,124.25,127.55,127.05,84321.0
2017-11-15 00:00:00+00:00,33.0,213533.0,128.1,125.65,127.15,126.75,46834.0
2017-11-16 00:00:00+00:00,32.0,211242.0,127.45,125.95,126.55,126.7,35652.0
2017-11-17 00:00:00+00:00,31.0,205743.0,126.55,123.55,126.15,123.8,55208.0
2017-11-20 00:00:00+00:00,28.0,202479.0,123.7,121.15,122.5,122.9,53515.0
2017-11-21 00:00:00+00:00,27.0,201113.0,125.4,122.55,123.15,123.85,26389.0
2017-11-22 00:00:00+00:00,26.0,198261.0,125.1,123.85,124.1,124.55,17079.0
2017-11-23 00:00:00+00:00,26.0,198261.0,,,,124.55,
2017-11-24 00:00:00+00:00,24.0,197311.0,126.6,124.0,124.0,124.8,23583.0
2017-11-27 00:00:00+00:00,21.0,196163.0,126.3,125.05,125.25,125.55,16283.0
2017-11-28 00:00:00+00:00,20.0,195617.0,127.1,124.85,125.5,127.45,29560.0
2017-11-29 00:00:00+00:00,19.0,193678.0,129.65,127.55,127.7,129.6,29855.0
2017-11-30 00:00:00+00:00,18.0,192582.0,130.3,126.25,129.95,126.3,37955.0
2017-12-01 00:00:00+00:00,108.0,192132.0,130.3,127.8,129.0,129.55,23205.0
2017-12-04 00:00:00+00:00,105.0,192044.0,130.2,128.05,129.1,128.5,20921.0
2017-12-05 00:00:00+00:00,104.0,191144.0,128.75,127.0,128.2,127.4,21005.0
2017-12-06 00:00:00+00:00,103.0,193248.0,127.3,125.85,127.15,126.1,20286.0
2017-12-07 00:00:00+00:00,102.0,201062.0,126.4,122.1,126.2,122.9,57857.0
2017-12-08 00:00:00+00:00,101.0,204856.0,123.9,121.9,122.9,122.6,35716.0
2017-12-11 00:00:00+00:00,98.0,210475.0,122.8,119.55,122.3,120.0,45554.0
2017-12-12 00:00:00+00:00,97.0,214892.0,121.35,118.3,120.6,118.45,35483.0
2017-12-13 00:00:00+00:00,96.0,218594.0,120.7,119.0,119.3,120.1,30837.0
2017-12-14 00:00:00+00:00,95.0,219713.0,121.3,119.8,120.55,120.3,23664.0
2017-12-15 00:00:00+00:00,94.0,220678.0,122.25,120.3,120.4,120.75,21642.0
2017-12-18 00:00:00+00:00,91.0,218710.0,123.8,121.5,121.5,121.9,26662.0
2017-12-19 00:00:00+00:00,90.0,218688.0,122.45,121.0,121.9,121.75,23827.0
2017-12-20 00:00:00+00:00,89.0,219245.0,124.05,122.05,122.5,123.15,20299.0
2017-12-21 00:00:00+00:00,88.0,221873.0,123.55,121.3,122.7,122.25,22285.0
2017-12-22 00:00:00+00:00,87.0,0.0,122.5,119.5,122.45,120.4,0.0
2017-12-25 00:00:00+00:00,87.0,0.0,,,,120.4,
2017-12-26 00:00:00+00:00,83.0,220632.0,122.3,120.65,120.75,122.2,10945.0
2017-12-27 00:00:00+00:00,82.0,218765.0,124.7,121.7,122.3,124.5,23488.0
2017-12-28 00:00:00+00:00,81.0,217969.0,124.9,123.2,124.0,124.8,16928.0
2017-12-29 00:00:00+00:00,80.0,217341.0,126.55,124.4,124.6,126.2,23785.0
2018-01-01 00:00:00+00:00,80.0,217341.0,,,,126.2,
2018-01-02 00:00:00+00:00,76.0,216566.0,130.65,126.0,126.0,130.2,45108.0
2018-01-03 00:00:00+00:00,75.0,215499.0,131.35,126.2,130.0,128.6,57668.0
2018-01-04 00:00:00+00:00,74.0,214196.0,129.65,126.6,128.2,129.55,28343.0
2018-01-05 00:00:00+00:00,73.0,212801.0,129.55,127.9,129.2,128.45,39712.0
2018-01-08 00:00:00+00:00,70.0,213593.0,127.65,124.3,127.6,125.15,50400.0
2018-01-09 00:00:00+00:00,69.0,218448.0,125.3,122.6,125.3,125.15,43166.0
2018-01-10 00:00:00+00:00,68.0,221397.0,125.95,123.0,125.45,123.95,34350.0
2018-01-11 00:00:00+00:00,67.0,227735.0,124.0,122.15,123.95,122.8,40896.0
2018-01-12 00:00:00+00:00,66.0,235632.0,123.25,120.9,122.8,122.25,44376.0
2018-01-15 00:00:00+00:00,66.0,235632.0,,,,122.25,
2018-01-16 00:00:00+00:00,62.0,237129.0,121.85,119.85,121.8,120.45,55789.0
2018-01-17 00:00:00+00:00,61.0,238559.0,123.8,120.15,121.0,123.1,52371.0
2018-01-18 00:00:00+00:00,60.0,240571.0,123.9,120.95,123.65,121.1,26524.0
2018-01-19 00:00:00+00:00,59.0,244063.0,121.75,119.6,121.1,121.25,28665.0
2018-01-22 00:00:00+00:00,56.0,243403.0,123.35,121.55,121.65,122.55,25725.0
2018-01-23 00:00:00+00:00,55.0,245886.0,122.4,120.5,122.15,120.95,28578.0
2018-01-24 00:00:00+00:00,54.0,244149.0,123.1,120.7,121.25,122.5,35322.0
2018-01-25 00:00:00+00:00,53.0,243105.0,125.5,121.7,122.7,123.65,49425.0
2018-01-26 00:00:00+00:00,52.0,243168.0,125.35,123.5,123.65,125.15,45764.0
2018-01-29 00:00:00+00:00,49.0,238223.0,125.85,123.65,125.55,124.95,54906.0
2018-01-30 00:00:00+00:00,48.0,238767.0,125.2,121.55,124.75,122.3,58495.0
2018-01-31 00:00:00+00:00,47.0,239672.0,123.3,121.15,122.5,121.85,31426.0
2018-02-01 00:00:00+00:00,46.0,242487.0,122.3,120.35,121.7,121.4,47857.0
2018-02-02 00:00:00+00:00,45.0,246349.0,121.6,119.85,121.55,120.4,47753.0
2018-02-05 00:00:00+00:00,42.0,251296.0,120.7,119.5,120.4,119.8,68399.0
2018-02-06 00:00:00+00:00,41.0,250258.0,123.1,119.1,120.0,122.85,81028.0
2018-02-07 00:00:00+00:00,40.0,243241.0,123.9,122.6,122.95,123.3,90434.0
2018-02-08 00:00:00+00:00,39.0,238245.0,124.4,121.75,122.85,122.85,82107.0
2018-02-09 00:00:00+00:00,38.0,237791.0,124.1,121.75,122.7,121.85,81784.0
2018-02-12 00:00:00+00:00,35.0,237718.0,123.2,120.8,121.75,121.4,102312.0
2018-02-13 00:00:00+00:00,34.0,231499.0,123.0,120.5,121.4,122.75,67639.0
2018-02-14 00:00:00+00:00,33.0,228692.0,123.1,120.9,122.85,122.8,45968.0
2018-02-15 00:00:00+00:00,32.0,220597.0,123.4,121.45,122.7,121.75,59583.0
2018-02-16 00:00:00+00:00,31.0,220978.0,122.25,117.65,121.85,117.95,86485.0
2018-02-19 00:00:00+00:00,31.0,220978.0,,,,117.95,
2018-02-20 00:00:00+00:00,27.0,222558.0,119.15,116.95,117.75,118.2,43183.0
2018-02-21 00:00:00+00:00,26.0,230077.0,118.5,116.5,118.0,116.95,43748.0
2018-02-22 00:00:00+00:00,25.0,229648.0,118.0,117.45,117.65,119.6,41301.0
2018-02-23 00:00:00+00:00,24.0,227805.0,121.0,118.75,119.8,119.45,30849.0
2018-02-26 00:00:00+00:00,21.0,230561.0,121.05,119.5,119.5,120.5,32859.0
2018-02-27 00:00:00+00:00,20.0,230649.0,120.2,119.8,120.15,119.95,23514.0
2018-02-28 00:00:00+00:00,19.0,233244.0,120.5,120.0,120.0,121.05,36805.0
2018-03-01 00:00:00+00:00,78.0,235773.0,124.05,121.5,122.05,123.95,49275.0
2018-03-02 00:00:00+00:00,77.0,237297.0,124.2,121.75,123.85,122.2,34523.0
2018-03-05 00:00:00+00:00,74.0,242518.0,121.65,119.95,121.65,121.1,37572.0
2018-03-06 00:00:00+00:00,73.0,242958.0,122.3,120.4,121.2,121.25,39570.0
2018-03-07 00:00:00+00:00,72.0,243749.0,121.45,119.8,120.75,120.75,36860.0
2018-03-08 00:00:00+00:00,71.0,247619.0,121.8,119.6,120.75,120.3,35345.0
2018-03-09 00:00:00+00:00,70.0,247318.0,121.3,119.85,120.35,120.15,31623.0
2018-03-12 00:00:00+00:00,67.0,252503.0,120.1,118.9,120.0,119.45,32681.0
2018-03-13 00:00:00+00:00,66.0,252579.0,122.15,119.1,119.4,121.55,46057.0
2018-03-14 00:00:00+00:00,65.0,255257.0,122.05,120.65,121.4,121.05,33459.0
2018-03-15 00:00:00+00:00,64.0,261003.0,121.5,117.5,121.2,118.75,56671.0
2018-03-16 00:00:00+00:00,63.0,262667.0,119.2,116.9,119.05,118.05,45470.0
2018-03-19 00:00:00+00:00,60.0,264675.0,119.85,118.0,118.15,119.35,36012.0
2018-03-20 00:00:00+00:00,59.0,265236.0,120.05,118.65,119.2,118.95,20956.0
2018-03-21 00:00:00+00:00,58.0,265940.0,120.75,118.55,118.6,118.85,35166.0
2018-03-22 00:00:00+00:00,57.0,267006.0,119.65,118.15,119.35,119.0,24047.0
2018-03-23 00:00:00+00:00,56.0,271511.0,119.15,116.5,118.9,117.2,43898.0
2018-03-26 00:00:00+00:00,53.0,275010.0,118.8,116.65,117.2,118.15,45571.0
2018-03-27 00:00:00+00:00,52.0,275252.0,119.75,117.7,118.4,118.95,37560.0
2018-03-28 00:00:00+00:00,51.0,274683.0,119.2,117.35,119.15,117.75,24032.0
2018-03-29 00:00:00+00:00,50.0,276784.0,118.75,117.4,117.8,118.15,28567.0
2018-03-30 00:00:00+00:00,50.0,276784.0,,,,118.15,
2018-04-02 00:00:00+00:00,46.0,278854.0,119.1,116.15,118.7,116.4,33265.0
2018-04-03 00:00:00+00:00,45.0,279405.0,117.15,116.0,116.75,116.6,44942.0
2018-04-04 00:00:00+00:00,44.0,278699.0,117.45,115.95,116.7,116.9,83274.0
2018-04-05 00:00:00+00:00,43.0,279197.0,118.4,117.0,117.3,117.55,67591.0
2018-04-06 00:00:00+00:00,42.0,276719.0,118.05,116.8,117.6,117.45,73920.0
2018-04-09 00:00:00+00:00,39.0,274700.0,119.45,117.7,117.85,118.65,89116.0
2018-04-10 00:00:00+00:00,38.0,274792.0,118.75,117.15,118.6,117.6,78670.0
2018-04-11 00:00:00+00:00,37.0,272861.0,118.35,116.5,117.85,118.15,99695.0
2018-04-12 00:00:00+00:00,36.0,272615.0,118.4,117.45,118.3,117.9,66146.0
2018-04-13 00:00:00+00:00,35.0,269890.0,118.95,117.1,118.0,117.3,106799.0
2018-04-16 00:00:00+00:00,32.0,271947.0,117.35,114.15,117.3,114.25,85682.0
2018-04-17 00:00:00+00:00,31.0,268597.0,114.6,113.05,114.5,113.55,71791.0
2018-04-18 00:00:00+00:00,30.0,263271.0,115.35,113.35,113.75,114.9,70220.0
2018-04-19 00:00:00+00:00,29.0,255730.0,115.2,113.35,114.7,114.25,60937.0
2018-04-20 00:00:00+00:00,28.0,256708.0,115.25,114.45,115.0,115.75,24368.0
2018-04-23 00:00:00+00:00,25.0,258326.0,117.1,116.3,116.3,117.0,33285.0
2018-04-24 00:00:00+00:00,24.0,255967.0,118.5,116.65,117.0,118.5,42781.0
2018-04-25 00:00:00+00:00,23.0,255896.0,117.75,116.0,117.75,116.85,37139.0
2018-04-26 00:00:00+00:00,22.0,256026.0,117.6,117.6,117.6,117.6,25328.0
2018-04-27 00:00:00+00:00,21.0,256251.0,120.3,119.15,119.8,120.35,39817.0
2018-04-30 00:00:00+00:00,18.0,253347.0,120.8,120.05,120.05,120.65,34463.0
2018-05-01 00:00:00+00:00,79.0,253078.0,125.25,122.0,122.65,124.8,49687.0
2018-05-02 00:00:00+00:00,78.0,246864.0,125.95,123.6,124.35,123.75,60143.0
2018-05-03 00:00:00+00:00,77.0,245603.0,125.4,123.65,123.75,124.35,46160.0
2018-05-04 00:00:00+00:00,76.0,243803.0,124.75,122.2,124.3,122.6,35427.0
2018-05-07 00:00:00+00:00,73.0,240353.0,122.85,119.9,122.6,120.75,46562.0
2018-05-08 00:00:00+00:00,72.0,242430.0,121.6,119.35,120.75,119.6,38871.0
2018-05-09 00:00:00+00:00,71.0,239185.0,119.85,118.65,119.7,118.75,40345.0
2018-05-10 00:00:00+00:00,70.0,244244.0,119.7,118.35,118.6,119.55,38630.0
2018-05-11 00:00:00+00:00,69.0,249088.0,119.65,118.8,119.55,119.4,29037.0
2018-05-14 00:00:00+00:00,66.0,253136.0,119.25,117.2,119.05,117.6,32632.0
2018-05-15 00:00:00+00:00,65.0,257849.0,117.95,116.35,117.7,116.95,42203.0
2018-05-16 00:00:00+00:00,64.0,259457.0,117.55,116.85,117.05,117.3,27083.0
2018-05-17 00:00:00+00:00,63.0,261078.0,119.1,117.25,117.35,117.9,30656.0
2018-05-18 00:00:00+00:00,62.0,264243.0,118.55,117.1,118.1,118.0,27938.0
2018-05-21 00:00:00+00:00,59.0,265258.0,120.6,117.85,118.0,120.2,43011.0
2018-05-22 00:00:00+00:00,58.0,265585.0,121.45,119.55,120.55,120.85,46551.0
2018-05-23 00:00:00+00:00,57.0,268142.0,120.8,118.6,120.4,119.35,33075.0
2018-05-24 00:00:00+00:00,56.0,266775.0,121.0,119.45,119.7,120.55,39843.0
2018-05-25 00:00:00+00:00,55.0,267062.0,120.7,119.1,120.6,120.4,20439.0
2018-05-28 00:00:00+00:00,55.0,267062.0,,,,120.4,
2018-05-29 00:00:00+00:00,51.0,266993.0,120.5,119.35,119.8,120.25,32510.0
2018-05-30 00:00:00+00:00,50.0,267160.0,122.2,119.75,119.75,120.3,69485.0
2018-05-31 00:00:00+00:00,49.0,271006.0,124.05,120.25,120.4,123.7,60687.0
2018-06-01 00:00:00+00:00,48.0,265588.0,124.95,122.35,123.9,122.75,69663.0
2018-06-04 00:00:00+00:00,45.0,262467.0,123.15,120.9,122.55,121.5,69111.0
2018-06-05 00:00:00+00:00,44.0,265867.0,121.55,119.15,121.15,119.45,65187.0
2018-06-06 00:00:00+00:00,43.0,269157.0,119.85,118.2,119.3,118.25,60682.0
2018-06-07 00:00:00+00:00,42.0,275156.0,118.65,115.65,118.25,115.7,110922.0
2018-06-08 00:00:00+00:00,41.0,276552.0,117.45,115.65,116.05,117.25,93731.0
2018-06-11 00:00:00+00:00,38.0,275757.0,118.05,116.25,117.25,117.1,96943.0
2018-06-12 00:00:00+00:00,37.0,279371.0,117.95,116.75,117.05,117.35,66281.0
2018-06-13 00:00:00+00:00,36.0,282806.0,117.25,116.2,117.2,116.35,73791.0
2018-06-14 00:00:00+00:00,35.0,276691.0,117.15,115.55,116.5,115.7,102551.0
2018-06-15 00:00:00+00:00,34.0,271055.0,115.65,114.6,115.65,115.2,63207.0
2018-06-18 00:00:00+00:00,31.0,268520.0,115.8,114.3,115.4,114.45,43460.0
2018-06-19 00:00:00+00:00,30.0,273693.0,114.35,112.65,114.3,114.1,67892.0
2018-06-20 00:00:00+00:00,29.0,268771.0,114.8,113.35,114.1,113.65,52095.0
2018-06-21 00:00:00+00:00,28.0,271330.0,113.75,112.0,113.75,112.6,30571.0
2018-06-22 00:00:00+00:00,27.0,272028.0,114.15,113.4,113.75,113.85,17895.0
2018-06-25 00:00:00+00:00,24.0,272946.0,114.35,113.5,113.75,114.15,16463.0
2018-06-26 00:00:00+00:00,23.0,271726.0,115.8,114.05,114.55,114.8,27421.0
2018-06-27 00:00:00+00:00,22.0,271996.0,114.8,113.7,114.8,114.3,21221.0
2018-06-28 00:00:00+00:00,21.0,274632.0,112.0,112.0,112.0,112.15,31224.0
2018-06-29 00:00:00+00:00,20.0,277671.0,112.65,112.55,112.55,111.5,33103.0
2018-07-02 00:00:00+00:00,78.0,284895.0,115.0,111.55,114.9,111.65,63032.0
2018-07-03 00:00:00+00:00,77.0,286866.0,112.9,111.5,111.8,111.9,36793.0
2018-07-04 00:00:00+00:00,77.0,286866.0,,,,111.9,
2018-07-05 00:00:00+00:00,75.0,292681.0,112.3,108.55,111.9,109.15,51020.0
2018-07-06 00:00:00+00:00,74.0,292737.0,114.5,106.9,109.15,114.1,65997.0
2018-07-09 00:00:00+00:00,71.0,289550.0,115.2,112.6,114.35,115.05,40562.0
2018-07-10 00:00:00+00:00,70.0,289456.0,115.75,113.6,114.9,114.8,35578.0
2018-07-11 00:00:00+00:00,69.0,296609.0,114.65,111.4,114.0,112.05,49705.0
2018-07-12 00:00:00+00:00,68.0,298763.0,113.35,111.35,112.2,111.55,38329.0
2018-07-13 00:00:00+00:00,67.0,302388.0,111.65,108.95,111.4,109.9,55699.0
2018-07-16 00:00:00+00:00,64.0,301558.0,111.25,108.8,109.9,110.3,25870.0
2018-07-17 00:00:00+00:00,63.0,302790.0,110.7,108.95,110.3,109.25,22129.0
2018-07-18 00:00:00+00:00,62.0,309035.0,109.2,107.5,108.85,108.15,41397.0
2018-07-19 00:00:00+00:00,61.0,312961.0,109.45,107.3,108.05,108.8,30305.0
2018-07-20 00:00:00+00:00,60.0,313633.0,111.05,108.1,108.3,110.65,26501.0
2018-07-23 00:00:00+00:00,57.0,317803.0,113.0,110.7,111.05,111.65,43653.0
2018-07-24 00:00:00+00:00,56.0,322637.0,113.2,110.15,111.75,110.95,37721.0
2018-07-25 00:00:00+00:00,55.0,323730.0,112.0,109.9,111.05,111.0,22193.0
2018-07-26 00:00:00+00:00,54.0,326381.0,111.7,109.25,111.35,109.55,42155.0
2018-07-27 00:00:00+00:00,53.0,326368.0,110.85,108.7,109.5,110.45,43870.0
2018-07-30 00:00:00+00:00,50.0,327769.0,113.4,109.65,110.5,111.4,62062.0
2018-07-31 00:00:00+00:00,49.0,326245.0,111.8,109.55,111.4,109.9,59635.0
2018-08-01 00:00:00+00:00,48.0,335935.0,110.4,107.7,109.7,108.05,70950.0
2018-08-02 00:00:00+00:00,47.0,339634.0,108.05,106.0,108.05,106.7,65566.0
2018-08-03 00:00:00+00:00,46.0,340320.0,108.75,106.7,107.05,107.75,51242.0
2018-08-06 00:00:00+00:00,43.0,340359.0,110.15,107.2,107.65,108.75,52305.0
2018-08-07 00:00:00+00:00,42.0,326532.0,110.25,108.45,108.55,109.05,113927.0
2018-08-08 00:00:00+00:00,41.0,320052.0,108.9,106.65,108.85,107.85,102803.0
2018-08-09 00:00:00+00:00,40.0,325615.0,108.4,106.85,107.8,107.65,86579.0
2018-08-10 00:00:00+00:00,39.0,327786.0,107.6,106.4,107.2,107.0,106268.0
2018-08-13 00:00:00+00:00,36.0,330165.0,107.25,104.35,107.05,106.25,129042.0
2018-08-14 00:00:00+00:00,35.0,327186.0,106.95,105.05,106.15,105.05,105823.0
2018-08-15 00:00:00+00:00,34.0,320015.0,105.55,102.1,105.35,102.4,96477.0
2018-08-16 00:00:00+00:00,33.0,319517.0,103.55,101.3,102.65,101.7,68150.0
2018-08-17 00:00:00+00:00,32.0,316896.0,102.55,100.25,102.3,101.2,55016.0
2018-08-20 00:00:00+00:00,29.0,314581.0,101.75,96.95,101.2,97.25,78450.0
2018-08-21 00:00:00+00:00,28.0,308455.0,98.95,96.9,97.5,97.95,72997.0
2018-08-22 00:00:00+00:00,27.0,307699.0,98.3,95.45,97.2,96.4,80751.0
2018-08-23 00:00:00+00:00,26.0,308502.0,98.25,96.15,96.4,97.2,40184.0
2018-08-24 00:00:00+00:00,25.0,308031.0,101.05,98.35,98.35,100.55,42186.0
2018-08-27 00:00:00+00:00,22.0,306056.0,102.2,101.95,101.95,101.85,27735.0
2018-08-28 00:00:00+00:00,21.0,304358.0,102.25,100.2,101.7,99.25,31443.0
2018-08-29 00:00:00+00:00,20.0,305032.0,99.2,99.2,99.2,98.65,27328.0
2018-08-30 00:00:00+00:00,19.0,310459.0,98.35,98.35,98.35,98.95,59921.0
2018-08-31 00:00:00+00:00,18.0,311857.0,98.1,98.1,98.1,98.1,37718.0
2018-09-03 00:00:00+00:00,18.0,311857.0,,,,98.1,
2018-09-04 00:00:00+00:00,105.0,313014.0,102.0,98.65,101.2,101.45,71449.0
2018-09-05 00:00:00+00:00,104.0,314118.0,103.9,101.45,101.6,103.8,37418.0
2018-09-06 00:00:00+00:00,103.0,312976.0,104.15,102.05,103.65,102.2,28088.0
2018-09-07 00:00:00+00:00,102.0,313665.0,103.7,101.05,103.0,102.45,27705.0
2018-09-10 00:00:00+00:00,99.0,315176.0,103.3,101.1,102.45,101.25,30179.0
2018-09-11 00:00:00+00:00,98.0,316451.0,101.8,100.15,101.3,100.45,42453.0
2018-09-12 00:00:00+00:00,97.0,317320.0,102.9,100.1,100.4,102.1,38403.0
2018-09-13 00:00:00+00:00,96.0,321406.0,102.45,100.3,101.95,100.65,27704.0
2018-09-14 00:00:00+00:00,95.0,324198.0,100.85,99.5,100.5,99.7,42137.0
2018-09-17 00:00:00+00:00,92.0,328994.0,99.8,97.15,99.7,97.3,38541.0
2018-09-18 00:00:00+00:00,91.0,332765.0,98.2,95.1,97.3,95.85,44639.0
2018-09-19 00:00:00+00:00,90.0,333247.0,97.2,95.2,96.05,96.7,23251.0
2018-09-20 00:00:00+00:00,89.0,332502.0,100.7,96.65,96.9,99.75,38873.0
2018-09-21 00:00:00+00:00,88.0,331845.0,100.75,98.3,99.45,99.9,41557.0
2018-09-24 00:00:00+00:00,85.0,333992.0,100.1,97.85,99.7,98.5,21100.0
2018-09-25 00:00:00+00:00,84.0,337983.0,98.05,96.55,97.8,97.1,35748.0
2018-09-26 00:00:00+00:00,83.0,340502.0,98.6,96.7,97.3,97.75,33610.0
2018-09-27 00:00:00+00:00,82.0,340713.0,99.55,96.9,97.7,99.3,20014.0
2018-09-28 00:00:00+00:00,81.0,339974.0,103.45,98.75,99.15,102.45,53048.0
2018-10-01 00:00:00+00:00,78.0,338732.0,103.45,101.4,102.15,102.2,42479.0
2018-10-02 00:00:00+00:00,77.0,332046.0,108.15,101.1,102.05,107.65,61455.0
2018-10-03 00:00:00+00:00,76.0,324588.0,110.8,106.45,107.65,106.6,64202.0
2018-10-04 00:00:00+00:00,75.0,321326.0,108.8,104.8,106.15,106.95,39306.0
2018-10-05 00:00:00+00:00,74.0,319800.0,109.4,106.75,106.95,108.95,45118.0
2018-10-08 00:00:00+00:00,71.0,319355.0,112.95,110.45,110.6,111.85,74401.0
2018-10-09 00:00:00+00:00,70.0,319136.0,113.4,110.95,111.95,113.15,58598.0
2018-10-10 00:00:00+00:00,69.0,318280.0,114.2,111.05,113.65,111.9,57271.0
2018-10-11 00:00:00+00:00,68.0,311780.0,113.5,109.75,111.5,112.9,72610.0
2018-10-12 00:00:00+00:00,67.0,304228.0,116.8,112.55,113.5,116.55,60223.0
2018-10-15 00:00:00+00:00,64.0,303089.0,119.7,116.9,116.9,119.35,81882.0
2018-10-16 00:00:00+00:00,63.0,299554.0,120.0,116.8,119.8,117.65,62237.0
2018-10-17 00:00:00+00:00,62.0,293642.0,122.9,117.0,117.45,122.55,87555.0
2018-10-18 00:00:00+00:00,61.0,290431.0,124.3,120.8,122.55,122.05,79578.0
2018-10-19 00:00:00+00:00,60.0,287732.0,125.5,120.9,121.75,122.1,51143.0
2018-10-22 00:00:00+00:00,57.0,285967.0,122.1,117.45,121.9,117.65,44305.0
2018-10-23 00:00:00+00:00,56.0,286095.0,121.65,116.35,117.65,121.1,76163.0
2018-10-24 00:00:00+00:00,55.0,286580.0,124.35,120.0,121.1,120.25,58273.0
2018-10-25 00:00:00+00:00,54.0,285480.0,123.1,119.3,119.85,121.15,56218.0
2018-10-26 00:00:00+00:00,53.0,283631.0,122.8,119.25,121.0,119.65,53322.0
2018-10-29 00:00:00+00:00,50.0,286142.0,122.8,113.95,120.1,114.25,71178.0
2018-10-30 00:00:00+00:00,49.0,287661.0,115.75,112.15,114.7,112.4,68102.0
2018-10-31 00:00:00+00:00,48.0,288154.0,113.5,111.35,112.35,112.7,60978.0
2018-11-01 00:00:00+00:00,47.0,287560.0,118.2,112.6,113.05,117.8,112252.0
2018-11-02 00:00:00+00:00,46.0,288203.0,121.3,118.1,118.65,120.05,75671.0
2018-11-05 00:00:00+00:00,43.0,287089.0,119.3,116.25,119.25,117.1,77216.0
2018-11-06 00:00:00+00:00,42.0,278081.0,117.5,113.1,116.5,113.25,114251.0
2018-11-07 00:00:00+00:00,41.0,265749.0,115.9,113.65,114.1,115.6,81998.0
2018-11-08 00:00:00+00:00,40.0,254871.0,118.15,114.55,115.55,116.65,91735.0
2018-11-09 00:00:00+00:00,39.0,248377.0,116.4,113.7,116.25,113.85,94869.0
2018-11-12 00:00:00+00:00,36.0,247618.0,113.85,109.65,113.85,110.15,86808.0
2018-11-13 00:00:00+00:00,35.0,248312.0,110.25,107.55,110.15,109.2,91002.0
2018-11-14 00:00:00+00:00,34.0,245208.0,112.95,108.6,109.2,112.65,75904.0
2018-11-15 00:00:00+00:00,33.0,243455.0,113.7,109.4,112.65,110.05,43233.0
2018-11-16 00:00:00+00:00,32.0,241732.0,112.8,109.85,110.3,112.6,28981.0
2018-11-19 00:00:00+00:00,29.0,242180.0,113.0,109.05,111.9,112.35,39599.0
2018-11-20 00:00:00+00:00,28.0,239276.0,112.8,110.1,112.25,110.65,28392.0
2018-11-21 00:00:00+00:00,27.0,239276.0,111.5,109.75,111.5,110.3,
2018-11-22 00:00:00+00:00,27.0,239276.0,,,,110.3,
2018-11-23 00:00:00+00:00,25.0,239088.0,110.15,106.7,110.15,107.15,33356.0
2018-11-26 00:00:00+00:00,22.0,240022.0,107.55,106.2,107.15,107.0,22900.0
2018-11-27 00:00:00+00:00,21.0,239444.0,109.8,107.4,107.5,109.5,29728.0
2018-11-28 00:00:00+00:00,20.0,237887.0,108.3,108.3,108.3,110.1,23669.0
2018-11-29 00:00:00+00:00,19.0,237842.0,110.4,109.3,110.4,108.5,30510.0
2018-11-30 00:00:00+00:00,18.0,241659.0,108.5,104.0,108.5,103.25,66786.0
2018-12-03 00:00:00+00:00,106.0,244417.0,110.85,107.4,108.5,107.8,43199.0
2018-12-04 00:00:00+00:00,105.0,245505.0,108.5,106.0,108.4,106.9,29834.0
2018-12-05 00:00:00+00:00,104.0,246422.0,107.5,105.55,106.9,105.95,22615.0
2018-12-06 00:00:00+00:00,103.0,248760.0,106.7,104.45,105.95,105.95,49500.0
2018-12-07 00:00:00+00:00,102.0,252792.0,107.0,103.85,106.7,104.1,47515.0
2018-12-10 00:00:00+00:00,99.0,255242.0,105.3,103.9,104.15,105.15,31767.0
2018-12-11 00:00:00+00:00,98.0,259043.0,105.25,102.05,105.15,102.35,41718.0
2018-12-12 00:00:00+00:00,97.0,261641.0,103.8,102.1,102.7,103.05,30780.0
2018-12-13 00:00:00+00:00,96.0,263548.0,104.35,101.75,103.25,104.1,27738.0
2018-12-14 00:00:00+00:00,95.0,265070.0,104.0,102.1,104.0,102.25,20062.0
2018-12-17 00:00:00+00:00,92.0,267707.0,103.3,99.75,102.3,100.1,34498.0
2018-12-18 00:00:00+00:00,91.0,267783.0,100.85,99.2,100.7,99.4,28878.0
2018-12-19 00:00:00+00:00,90.0,269833.0,101.9,98.6,99.5,100.85,31194.0
2018-12-20 00:00:00+00:00,89.0,270114.0,102.75,100.5,100.9,102.5,31468.0
2018-12-21 00:00:00+00:00,88.0,271483.0,102.65,99.4,102.5,99.7,24354.0
2018-12-24 00:00:00+00:00,85.0,271825.0,102.4,99.65,99.7,102.2,13782.0
2018-12-25 00:00:00+00:00,85.0,271825.0,,,,102.2,
2018-12-26 00:00:00+00:00,83.0,270290.0,104.0,100.35,102.2,103.9,18563.0
2018-12-27 00:00:00+00:00,82.0,270611.0,103.8,100.9,103.7,101.75,22097.0
2018-12-28 00:00:00+00:00,81.0,272020.0,102.75,100.4,101.75,100.95,15433.0
2018-12-31 00:00:00+00:00,78.0,274016.0,102.0,99.3,100.95,101.85,19916.0
2019-01-01 00:00:00+00:00,78.0,274016.0,,,,101.85,
2019-01-02 00:00:00+00:00,76.0,274497.0,102.65,99.35,101.6,99.5,31240.0
2019-01-03 00:00:00+00:00,75.0,274665.0,103.25,99.45,99.5,102.15,35215.0
2019-01-04 00:00:00+00:00,74.0,276993.0,103.0,100.4,102.3,101.6,27583.0
2019-01-07 00:00:00+00:00,71.0,277906.0,103.45,101.15,101.5,102.75,24839.0
2019-01-08 00:00:00+00:00,70.0,279795.0,106.05,102.35,102.9,105.05,65725.0
2019-01-09 00:00:00+00:00,69.0,279780.0,106.85,104.35,105.0,105.3,48912.0
2019-01-10 00:00:00+00:00,68.0,276724.0,106.0,103.35,105.0,104.25,49174.0
2019-01-11 00:00:00+00:00,67.0,279582.0,104.8,102.5,104.0,103.85,54038.0
2019-01-14 00:00:00+00:00,64.0,284049.0,103.55,101.55,103.4,102.75,39623.0
2019-01-15 00:00:00+00:00,63.0,288562.0,102.9,100.4,102.25,101.3,50364.0
2019-01-16 00:00:00+00:00,62.0,289482.0,103.0,100.65,100.9,102.4,44040.0
2019-01-17 00:00:00+00:00,61.0,289030.0,103.5,101.75,102.4,102.4,38243.0
2019-01-18 00:00:00+00:00,60.0,289030.0,106.2,102.6,102.85,104.95,
2019-01-21 00:00:00+00:00,60.0,289030.0,,,,104.95,
2019-01-22 00:00:00+00:00,56.0,293029.0,105.75,102.8,104.9,103.35,37340.0
2019-01-23 00:00:00+00:00,55.0,292788.0,104.0,102.3,102.9,103.4,32124.0
2019-01-24 00:00:00+00:00,54.0,300120.0,106.1,103.05,103.7,105.3,44589.0
2019-01-25 00:00:00+00:00,53.0,300730.0,107.15,105.2,106.1,106.8,51741.0
2019-01-28 00:00:00+00:00,50.0,304952.0,105.8,101.55,105.65,102.65,60921.0
2019-01-29 00:00:00+00:00,49.0,307985.0,103.3,102.15,103.0,102.6,37169.0
2019-01-30 00:00:00+00:00,48.0,307599.0,103.35,101.95,102.65,102.1,29247.0
2019-01-31 00:00:00+00:00,47.0,304514.0,106.35,102.3,102.3,105.9,56230.0
2019-02-01 00:00:00+00:00,46.0,301628.0,107.0,103.55,106.15,103.7,58843.0
2019-02-04 00:00:00+00:00,43.0,303806.0,106.35,103.25,103.8,105.6,60613.0
2019-02-05 00:00:00+00:00,42.0,303111.0,106.2,104.25,105.8,104.85,53022.0
2019-02-06 00:00:00+00:00,41.0,303059.0,105.9,104.35,104.7,105.5,60963.0
2019-02-07 00:00:00+00:00,40.0,300212.0,105.3,103.55,105.2,104.3,94047.0
2019-02-08 00:00:00+00:00,39.0,306470.0,104.75,102.25,104.25,102.6,97658.0
2019-02-11 00:00:00+00:00,36.0,302097.0,102.7,99.85,102.6,100.2,115653.0
2019-02-12 00:00:00+00:00,35.0,296604.0,101.25,99.9,100.2,100.45,93497.0
2019-02-13 00:00:00+00:00,34.0,295094.0,101.0,98.65,101.0,98.9,97641.0
2019-02-14 00:00:00+00:00,33.0,295489.0,99.2,97.05,98.85,97.85,76958.0
2019-02-15 00:00:00+00:00,32.0,295489.0,98.85,97.45,97.8,97.95,
2019-02-18 00:00:00+00:00,32.0,295489.0,,,,97.95,
2019-02-19 00:00:00+00:00,28.0,282734.0,98.3,96.1,97.65,97.2,73318.0
2019-02-20 00:00:00+00:00,27.0,287632.0,98.2,96.1,97.6,97.55,37728.0
2019-02-21 00:00:00+00:00,26.0,292466.0,97.35,96.0,97.0,96.1,45347.0
2019-02-22 00:00:00+00:00,25.0,296229.0,96.95,96.45,96.5,96.45,35437.0
2019-02-25 00:00:00+00:00,22.0,298463.0,97.25,96.25,96.35,96.4,29410.0
2019-02-26 00:00:00+00:00,21.0,306867.0,96.5,93.6,96.4,93.55,51812.0
2019-02-27 00:00:00+00:00,20.0,305219.0,96.3,93.95,93.95,95.7,49328.0
2019-02-28 00:00:00+00:00,19.0,308346.0,95.55,94.7,94.7,95.2,41467.0
2019-03-01 00:00:00+00:00,80.0,312523.0,100.8,98.15,98.3,100.2,72502.0
2019-03-04 00:00:00+00:00,77.0,316455.0,100.95,97.05,100.65,97.35,44337.0
2019-03-05 00:00:00+00:00,76.0,315146.0,100.25,97.15,97.35,99.65,40679.0
2019-03-06 00:00:00+00:00,75.0,316978.0,100.05,98.3,99.95,98.7,30753.0
2019-03-07 00:00:00+00:00,74.0,318631.0,99.3,96.8,98.6,96.85,49922.0
2019-03-08 00:00:00+00:00,73.0,316492.0,98.6,96.7,97.05,98.5,39265.0
2019-03-11 00:00:00+00:00,70.0,320063.0,98.25,97.0,97.9,97.2,42629.0
2019-03-12 00:00:00+00:00,69.0,325149.0,98.15,94.65,97.2,96.0,65501.0
2019-03-13 00:00:00+00:00,68.0,327225.0,97.75,95.2,96.0,97.65,47175.0
2019-03-14 00:00:00+00:00,67.0,329264.0,98.7,96.6,97.55,97.15,37336.0
2019-03-15 00:00:00+00:00,66.0,329329.0,97.85,96.55,97.15,97.8,26282.0
2019-03-18 00:00:00+00:00,63.0,330528.0,97.95,96.3,97.0,96.85,24047.0
2019-03-19 00:00:00+00:00,62.0,331973.0,97.8,96.5,96.9,96.65,31584.0
2019-03-20 00:00:00+00:00,61.0,336071.0,96.8,94.35,96.6,94.75,49192.0
2019-03-21 00:00:00+00:00,60.0,336619.0,96.3,94.55,94.85,94.8,33554.0
2019-03-22 00:00:00+00:00,59.0,340094.0,95.5,93.65,95.0,93.9,32491.0
2019-03-25 00:00:00+00:00,56.0,343033.0,94.85,92.6,93.65,94.25,43040.0
2019-03-26 00:00:00+00:00,55.0,345887.0,95.85,93.95,94.35,95.35,48112.0
2019-03-27 00:00:00+00:00,54.0,347560.0,96.4,93.45,95.05,93.85,64555.0
2019-03-28 00:00:00+00:00,53.0,349996.0,94.6,92.7,93.4,94.0,55106.0
2019-03-29 00:00:00+00:00,52.0,355289.0,95.65,94.2,94.25,94.5,53740.0
2019-04-01 00:00:00+00:00,49.0,357447.0,94.8,91.65,94.05,92.1,89527.0
2019-04-02 00:00:00+00:00,48.0,356646.0,92.55,91.25,92.35,91.65,50886.0
2019-04-03 00:00:00+00:00,47.0,351769.0,95.85,91.3,91.65,95.35,102915.0
2019-04-04 00:00:00+00:00,46.0,347457.0,96.95,94.5,95.2,95.3,106890.0
2019-04-05 00:00:00+00:00,45.0,342365.0,95.75,93.05,94.8,93.2,98400.0
2019-04-08 00:00:00+00:00,42.0,340731.0,93.8,92.05,93.2,92.95,93820.0
2019-04-09 00:00:00+00:00,41.0,344534.0,94.85,93.15,93.3,93.65,112523.0
2019-04-10 00:00:00+00:00,40.0,342340.0,94.5,93.1,93.75,94.25,73712.0
2019-04-11 00:00:00+00:00,39.0,353029.0,94.3,90.15,94.1,90.25,170421.0
2019-04-12 00:00:00+00:00,38.0,344187.0,91.15,89.35,90.8,90.4,95948.0
2019-04-15 00:00:00+00:00,35.0,339252.0,91.7,89.85,90.0,91.4,115729.0
2019-04-16 00:00:00+00:00,34.0,339088.0,91.55,89.8,91.05,90.5,72882.0
2019-04-17 00:00:00+00:00,33.0,337328.0,90.75,86.35,90.2,87.05,131631.0
2019-04-18 00:00:00+00:00,32.0,337328.0,91.5,87.0,87.05,90.2,
2019-04-19 00:00:00+00:00,32.0,337328.0,,,,90.2,
2019-04-22 00:00:00+00:00,28.0,331614.0,93.2,90.5,90.5,91.1,41008.0
2019-04-23 00:00:00+00:00,27.0,330914.0,92.0,90.1,92.0,91.5,38536.0
2019-04-24 00:00:00+00:00,26.0,330544.0,92.0,90.25,91.65,90.45,37968.0
2019-04-25 00:00:00+00:00,25.0,329235.0,92.0,91.5,91.9,92.05,35551.0
2019-04-26 00:00:00+00:00,24.0,329749.0,92.4,91.85,92.0,92.7,27023.0
2019-04-29 00:00:00+00:00,21.0,327634.0,91.8,90.8,91.75,91.35,38296.0
2019-04-30 00:00:00+00:00,20.0,323155.0,93.85,91.35,91.35,91.85,55181.0
2019-05-01 00:00:00+00:00,79.0,327318.0,93.1,90.85,92.8,91.1,53341.0
2019-05-02 00:00:00+00:00,78.0,329763.0,92.75,90.75,91.1,91.55,39876.0
2019-05-03 00:00:00+00:00,77.0,332337.0,92.6,90.5,91.25,90.6,28640.0
2019-05-06 00:00:00+00:00,74.0,335349.0,90.75,89.4,90.25,90.15,25041.0
2019-05-07 00:00:00+00:00,73.0,339590.0,90.2,87.6,89.9,88.0,65939.0
2019-05-08 00:00:00+00:00,72.0,342842.0,89.75,87.95,88.4,88.55,49657.0
2019-05-09 00:00:00+00:00,71.0,342178.0,91.3,88.25,88.9,90.85,56206.0
2019-05-10 00:00:00+00:00,70.0,340974.0,91.4,90.05,90.9,90.8,39473.0
2019-05-13 00:00:00+00:00,67.0,342977.0,90.5,88.8,90.25,89.6,31898.0
2019-05-14 00:00:00+00:00,66.0,342000.0,92.55,89.95,90.1,90.95,46646.0
2019-05-15 00:00:00+00:00,65.0,342523.0,91.75,90.6,90.85,91.3,27123.0
2019-05-16 00:00:00+00:00,64.0,341727.0,92.55,90.35,90.9,91.65,47217.0
2019-05-17 00:00:00+00:00,63.0,341850.0,91.6,88.45,91.15,89.0,50100.0
2019-05-20 00:00:00+00:00,60.0,342318.0,90.55,89.0,89.0,89.9,32238.0
2019-05-21 00:00:00+00:00,59.0,340239.0,93.35,88.5,89.6,92.9,67831.0
2019-05-22 00:00:00+00:00,58.0,343032.0,93.85,91.5,93.0,91.75,48244.0
2019-05-23 00:00:00+00:00,57.0,346892.0,94.0,90.2,91.6,93.5,62465.0
2019-05-24 00:00:00+00:00,56.0,346892.0,95.0,92.6,93.5,93.3,
2019-05-27 00:00:00+00:00,56.0,346892.0,,,,93.3,
2019-05-28 00:00:00+00:00,52.0,346995.0,96.45,92.65,93.2,96.05,69158.0
2019-05-29 00:00:00+00:00,51.0,345276.0,100.25,95.95,96.65,99.5,74595.0
2019-05-30 00:00:00+00:00,50.0,339747.0,102.75,99.5,100.15,102.35,109512.0
2019-05-31 00:00:00+00:00,49.0,333800.0,105.3,99.05,102.1,104.6,100426.0
2019-06-03 00:00:00+00:00,46.0,325305.0,105.65,103.0,104.85,103.75,112809.0
2019-06-04 00:00:00+00:00,45.0,319356.0,106.15,102.7,103.25,105.65,96734.0
2019-06-05 00:00:00+00:00,44.0,318148.0,105.6,97.9,105.35,99.1,123828.0
2019-06-06 00:00:00+00:00,43.0,317064.0,102.55,98.6,99.0,102.05,85865.0
2019-06-07 00:00:00+00:00,42.0,310755.0,103.3,100.05,102.05,100.95,92010.0
2019-06-10 00:00:00+00:00,39.0,298881.0,100.75,98.0,100.15,98.6,106282.0
2019-06-11 00:00:00+00:00,38.0,295209.0,100.45,96.85,98.1,97.0,107766.0
2019-06-12 00:00:00+00:00,37.0,297331.0,99.2,96.75,97.15,99.05,80020.0
2019-06-13 00:00:00+00:00,36.0,293952.0,99.7,97.3,99.1,97.35,78598.0
2019-06-14 00:00:00+00:00,35.0,285118.0,98.0,95.85,97.4,96.0,82346.0
2019-06-17 00:00:00+00:00,32.0,284686.0,96.8,94.85,95.8,96.05,66413.0
2019-06-18 00:00:00+00:00,31.0,280465.0,96.0,94.0,95.85,94.3,53286.0
2019-06-19 00:00:00+00:00,30.0,277142.0,97.45,94.35,94.45,96.25,60144.0
2019-06-20 00:00:00+00:00,29.0,276349.0,101.1,98.0,98.0,101.05,39439.0
2019-06-21 00:00:00+00:00,28.0,274796.0,102.05,99.4,102.05,99.8,38313.0
2019-06-24 00:00:00+00:00,25.0,276094.0,102.4,99.0,99.3,102.0,36949.0
2019-06-25 00:00:00+00:00,24.0,271032.0,105.35,103.0,103.0,106.45,54134.0
2019-06-26 00:00:00+00:00,23.0,267647.0,107.15,104.45,104.7,104.9,48947.0
2019-06-27 00:00:00+00:00,22.0,266452.0,105.8,105.0,105.2,105.55,27430.0
2019-06-28 00:00:00+00:00,21.0,263500.0,109.0,106.35,106.9,108.25,55594.0
2019-07-01 00:00:00+00:00,79.0,260499.0,114.1,110.55,111.75,111.35,76803.0
2019-07-02 00:00:00+00:00,78.0,258485.0,112.25,109.05,110.35,109.65,62413.0
2019-07-03 00:00:00+00:00,77.0,258485.0,115.0,109.7,110.2,113.65,
2019-07-04 00:00:00+00:00,77.0,258485.0,,,,113.65,
2019-07-05 00:00:00+00:00,75.0,255927.0,115.65,110.35,115.15,111.1,45503.0
2019-07-08 00:00:00+00:00,72.0,257277.0,114.65,105.3,112.6,106.4,65198.0
2019-07-09 00:00:00+00:00,71.0,258484.0,108.3,105.35,106.35,107.45,68095.0
2019-07-10 00:00:00+00:00,70.0,260893.0,109.25,105.55,107.75,105.9,37170.0
2019-07-11 00:00:00+00:00,69.0,260721.0,107.35,105.5,106.5,106.95,35928.0
2019-07-12 00:00:00+00:00,68.0,260966.0,108.25,106.1,107.1,106.65,24873.0
2019-07-15 00:00:00+00:00,65.0,261795.0,110.65,104.45,106.45,110.25,41497.0
2019-07-16 00:00:00+00:00,64.0,264805.0,110.25,105.45,110.2,105.55,38520.0
2019-07-17 00:00:00+00:00,63.0,265299.0,107.9,105.45,105.95,107.4,35162.0
2019-07-18 00:00:00+00:00,62.0,267475.0,108.8,106.15,106.8,108.6,29694.0
2019-07-19 00:00:00+00:00,61.0,268118.0,109.9,107.0,108.55,107.3,37031.0
2019-07-22 00:00:00+00:00,58.0,271531.0,108.0,105.0,106.7,105.1,32522.0
2019-07-23 00:00:00+00:00,57.0,271196.0,105.6,102.15,105.15,102.3,50209.0
2019-07-24 00:00:00+00:00,56.0,272742.0,103.65,100.55,102.45,101.0,56150.0
2019-07-25 00:00:00+00:00,55.0,272293.0,101.65,100.3,101.35,100.65,38479.0
2019-07-26 00:00:00+00:00,54.0,275243.0,102.65,99.05,100.6,99.75,55697.0
2019-07-29 00:00:00+00:00,51.0,275111.0,102.45,98.75,99.75,101.15,53142.0
2019-07-30 00:00:00+00:00,50.0,280431.0,101.15,98.8,101.05,99.5,49084.0
2019-07-31 00:00:00+00:00,49.0,285474.0,100.45,98.1,99.1,99.65,55093.0
2019-08-01 00:00:00+00:00,48.0,290863.0,98.45,96.4,97.85,97.25,55780.0
2019-08-02 00:00:00+00:00,47.0,288604.0,98.95,96.75,97.15,98.15,52715.0
2019-08-05 00:00:00+00:00,44.0,292906.0,98.7,94.3,98.3,95.65,53283.0
2019-08-06 00:00:00+00:00,43.0,291752.0,97.75,95.2,95.75,97.05,64841.0
2019-08-07 00:00:00+00:00,42.0,282889.0,97.7,96.05,96.8,96.9,70283.0
2019-08-08 00:00:00+00:00,41.0,274477.0,98.9,96.55,97.4,97.4,80556.0
2019-08-09 00:00:00+00:00,40.0,269577.0,98.1,96.65,97.2,97.3,73961.0
2019-08-12 00:00:00+00:00,37.0,268147.0,97.25,93.4,97.2,93.75,111088.0
2019-08-13 00:00:00+00:00,36.0,265570.0,96.6,93.15,93.7,96.35,108415.0
2019-08-14 00:00:00+00:00,35.0,263578.0,96.4,94.0,95.85,94.45,58187.0
2019-08-15 00:00:00+00:00,34.0,263388.0,95.7,94.15,94.4,94.55,42707.0
2019-08-16 00:00:00+00:00,33.0,266224.0,95.05,92.6,94.9,92.85,46274.0
2019-08-19 00:00:00+00:00,30.0,267138.0,93.65,91.05,92.8,91.15,48389.0
2019-08-20 00:00:00+00:00,29.0,263737.0,91.8,89.6,91.35,91.45,67207.0
2019-08-21 00:00:00+00:00,28.0,257920.0,93.85,91.65,91.65,92.85,59068.0
2019-08-22 00:00:00+00:00,27.0,260770.0,93.6,92.25,93.15,93.5,37609.0
2019-08-23 00:00:00+00:00,26.0,259660.0,92.85,92.0,92.85,92.6,25942.0
2019-08-26 00:00:00+00:00,23.0,257888.0,94.85,92.15,92.15,94.15,20284.0
2019-08-27 00:00:00+00:00,22.0,258900.0,93.85,93.4,93.85,93.8,35416.0
2019-08-28 00:00:00+00:00,21.0,259999.0,93.9,92.85,93.0,94.2,0.0
2019-08-29 00:00:00+00:00,20.0,264002.0,93.35,93.35,93.35,91.9,33279.0
2019-08-30 00:00:00+00:00,19.0,0.0,93.3,93.3,93.3,93.6,38564.0
2019-09-02 00:00:00+00:00,19.0,0.0,,,,93.6,
2019-09-03 00:00:00+00:00,106.0,270058.0,96.6,94.2,96.0,95.55,45065.0
2019-09-04 00:00:00+00:00,105.0,269835.0,96.95,95.5,95.65,96.6,28158.0
2019-09-05 00:00:00+00:00,104.0,272032.0,97.45,95.05,96.8,95.4,29292.0
2019-09-06 00:00:00+00:00,103.0,272393.0,97.3,95.0,95.35,97.05,24145.0
2019-09-09 00:00:00+00:00,100.0,275075.0,99.25,95.3,97.0,98.25,37591.0
2019-09-10 00:00:00+00:00,99.0,271917.0,102.25,98.0,98.5,101.6,48314.0
2019-09-11 00:00:00+00:00,98.0,268220.0,104.7,101.4,102.0,103.4,50850.0
2019-09-12 00:00:00+00:00,97.0,264764.0,103.85,101.15,102.8,103.6,48648.0
2019-09-13 00:00:00+00:00,96.0,264204.0,103.6,102.05,103.25,102.75,34924.0
2019-09-16 00:00:00+00:00,93.0,262022.0,104.95,101.6,102.3,104.3,35219.0
2019-09-17 00:00:00+00:00,92.0,256899.0,104.0,100.0,103.75,100.35,62297.0
2019-09-18 00:00:00+00:00,91.0,255473.0,101.9,100.1,100.65,100.35,33893.0
2019-09-19 00:00:00+00:00,90.0,256772.0,100.75,98.1,100.35,98.35,28377.0
2019-09-20 00:00:00+00:00,89.0,259699.0,99.75,98.05,98.5,98.4,45270.0
2019-09-23 00:00:00+00:00,86.0,262665.0,100.9,98.15,98.5,99.0,26962.0
2019-09-24 00:00:00+00:00,85.0,264549.0,100.35,98.45,98.85,99.15,20649.0
2019-09-25 00:00:00+00:00,84.0,266362.0,101.55,97.25,98.9,100.95,38299.0
2019-09-26 00:00:00+00:00,83.0,266183.0,102.9,100.05,101.4,100.85,26524.0
2019-09-27 00:00:00+00:00,82.0,264672.0,101.9,100.4,100.5,100.9,22567.0
2019-09-30 00:00:00+00:00,79.0,262962.0,102.45,99.3,100.5,101.15,39374.0
2019-10-01 00:00:00+00:00,78.0,264751.0,101.6,99.65,101.05,101.35,32192.0
2019-10-02 00:00:00+00:00,77.0,264912.0,101.7,100.15,101.0,100.6,20548.0
2019-10-03 00:00:00+00:00,76.0,263798.0,102.9,99.15,100.5,102.05,31720.0
2019-10-04 00:00:00+00:00,75.0,267261.0,102.5,98.5,102.05,99.0,36713.0
2019-10-07 00:00:00+00:00,72.0,270427.0,99.15,96.6,98.9,97.0,60790.0
2019-10-08 00:00:00+00:00,71.0,274991.0,97.8,95.5,97.1,95.7,50360.0
2019-10-09 00:00:00+00:00,70.0,278230.0,96.6,95.05,95.65,95.45,34345.0
2019-10-10 00:00:00+00:00,69.0,290289.0,96.1,93.05,95.6,93.5,69367.0
2019-10-11 00:00:00+00:00,68.0,295995.0,94.35,92.2,94.25,93.7,60494.0
2019-10-14 00:00:00+00:00,65.0,302494.0,95.6,93.4,93.5,94.85,44501.0
2019-10-15 00:00:00+00:00,64.0,307632.0,95.4,93.95,94.9,94.45,60772.0
2019-10-16 00:00:00+00:00,63.0,315253.0,94.4,92.25,94.05,93.55,49809.0
2019-10-17 00:00:00+00:00,62.0,316124.0,94.7,92.35,93.45,92.9,40696.0
2019-10-18 00:00:00+00:00,61.0,317956.0,96.2,92.55,92.65,95.7,46105.0
2019-10-21 00:00:00+00:00,58.0,315975.0,97.0,94.5,96.05,96.35,38655.0
2019-10-22 00:00:00+00:00,57.0,312595.0,99.1,95.55,95.55,98.9,45494.0
2019-10-23 00:00:00+00:00,56.0,311718.0,98.9,97.4,98.8,97.75,37470.0
2019-10-24 00:00:00+00:00,55.0,314830.0,98.45,96.0,97.75,96.45,42531.0
2019-10-25 00:00:00+00:00,54.0,313750.0,99.85,95.65,95.65,99.45,69687.0
2019-10-28 00:00:00+00:00,51.0,312965.0,100.8,98.2,99.15,100.5,55537.0
2019-10-29 00:00:00+00:00,50.0,310882.0,101.8,98.7,100.5,98.95,57877.0
2019-10-30 00:00:00+00:00,49.0,310480.0,100.35,97.05,98.7,99.35,54200.0
2019-10-31 00:00:00+00:00,48.0,311278.0,102.25,99.4,99.4,101.95,61600.0
2019-11-01 00:00:00+00:00,47.0,306462.0,104.3,101.1,102.15,104.0,66929.0
2019-11-04 00:00:00+00:00,44.0,309485.0,104.75,102.65,104.0,103.65,88239.0
2019-11-05 00:00:00+00:00,43.0,310965.0,106.05,102.8,103.55,105.8,102878.0
2019-11-06 00:00:00+00:00,42.0,311247.0,108.2,105.05,105.8,108.0,128922.0
2019-11-07 00:00:00+00:00,41.0,305402.0,109.6,106.85,107.85,109.1,159279.0
2019-11-08 00:00:00+00:00,40.0,298406.0,109.9,108.3,108.75,109.45,115556.0
2019-11-11 00:00:00+00:00,37.0,293942.0,108.9,105.5,108.3,106.0,112708.0
2019-11-12 00:00:00+00:00,36.0,296450.0,107.45,104.8,106.15,105.6,99743.0
2019-11-13 00:00:00+00:00,35.0,297703.0,108.2,105.55,105.65,107.95,87200.0
2019-11-14 00:00:00+00:00,34.0,294122.0,109.55,106.6,108.1,108.05,60543.0
2019-11-15 00:00:00+00:00,33.0,290375.0,107.9,105.6,107.6,106.15,48045.0
2019-11-18 00:00:00+00:00,30.0,279620.0,107.2,105.15,105.55,105.55,63787.0
2019-11-19 00:00:00+00:00,29.0,270649.0,106.6,102.5,105.3,102.7,84465.0
2019-11-20 00:00:00+00:00,28.0,266407.0,109.8,105.45,105.9,109.7,79717.0
2019-11-21 00:00:00+00:00,27.0,268050.0,115.75,108.1,109.3,115.25,88733.0
2019-11-22 00:00:00+00:00,26.0,270684.0,114.5,113.9,114.2,114.6,61045.0
2019-11-25 00:00:00+00:00,23.0,272308.0,117.8,114.45,114.45,117.8,55140.0
2019-11-26 00:00:00+00:00,22.0,274988.0,117.75,115.0,117.75,115.7,52125.0
2019-11-27 00:00:00+00:00,21.0,0.0,117.3,117.3,117.3,117.3,43535.0
2019-11-28 00:00:00+00:00,21.0,0.0,,,,117.3,
2019-11-29 00:00:00+00:00,19.0,279957.0,118.0,117.95,117.95,118.55,50728.0
2019-12-02 00:00:00+00:00,108.0,280751.0,123.2,117.95,119.0,122.0,76694.0
2019-12-03 00:00:00+00:00,107.0,283874.0,124.75,121.2,122.0,123.8,71068.0
2019-12-04 00:00:00+00:00,106.0,286040.0,124.55,120.8,124.0,121.25,52500.0
2019-12-05 00:00:00+00:00,105.0,285538.0,125.3,121.2,121.25,124.85,52256.0
2019-12-06 00:00:00+00:00,104.0,285433.0,127.25,123.85,125.05,124.8,59437.0
2019-12-09 00:00:00+00:00,101.0,285251.0,132.0,123.2,123.5,128.4,67249.0
2019-12-10 00:00:00+00:00,100.0,283587.0,134.4,128.4,128.85,133.3,82015.0
2019-12-11 00:00:00+00:00,99.0,286663.0,136.85,131.85,133.65,135.2,83430.0
2019-12-12 00:00:00+00:00,98.0,283952.0,139.0,135.0,135.7,137.25,71888.0
2019-12-13 00:00:00+00:00,97.0,279718.0,140.3,129.2,138.5,130.9,82972.0
2019-12-16 00:00:00+00:00,94.0,281402.0,141.5,129.45,129.75,138.95,88832.0
2019-12-17 00:00:00+00:00,93.0,273843.0,142.45,131.85,141.5,133.7,83484.0
2019-12-18 00:00:00+00:00,92.0,275540.0,135.45,130.2,133.7,133.2,56974.0
2019-12-19 00:00:00+00:00,91.0,275050.0,133.35,126.2,133.35,127.2,51882.0
2019-12-20 00:00:00+00:00,90.0,277065.0,131.05,126.3,126.9,130.7,38366.0
2019-12-23 00:00:00+00:00,87.0,278022.0,131.5,124.9,130.4,125.3,42055.0
2019-12-24 00:00:00+00:00,86.0,0.0,130.65,125.35,126.05,129.4,28161.0
2019-12-25 00:00:00+00:00,86.0,0.0,,,,129.4,
2019-12-26 00:00:00+00:00,84.0,276073.0,129.85,126.65,129.4,127.3,14644.0
2019-12-27 00:00:00+00:00,83.0,277396.0,132.8,127.65,127.85,132.5,35463.0
2019-12-30 00:00:00+00:00,80.0,277638.0,132.75,129.8,132.5,132.15,25982.0
2019-12-31 00:00:00+00:00,79.0,0.0,134.65,128.55,131.5,129.7,28813.0
2020-01-01 00:00:00+00:00,79.0,0.0,,,,129.7,
2020-01-02 00:00:00+00:00,77.0,280554.0,130.95,126.5,129.55,127.1,40523.0
2020-01-03 00:00:00+00:00,76.0,281573.0,128.45,125.45,127.2,126.35,33538.0
2020-01-06 00:00:00+00:00,73.0,283688.0,126.55,121.55,126.25,122.15,49827.0
2020-01-07 00:00:00+00:00,72.0,284371.0,123.4,119.85,122.6,122.4,46637.0
2020-01-08 00:00:00+00:00,71.0,284184.0,123.05,118.25,122.5,119.15,51702.0
2020-01-09 00:00:00+00:00,70.0,285575.0,120.35,117.0,118.7,117.35,59476.0
2020-01-10 00:00:00+00:00,69.0,287535.0,119.15,116.5,117.75,118.95,41109.0
2020-01-13 00:00:00+00:00,66.0,287946.0,118.55,114.15,118.55,114.55,47329.0
2020-01-14 00:00:00+00:00,65.0,290882.0,115.55,113.7,115.0,114.9,39076.0
2020-01-15 00:00:00+00:00,64.0,289986.0,116.35,114.05,115.3,114.3,41354.0
2020-01-16 00:00:00+00:00,63.0,287377.0,115.1,112.35,114.3,112.95,33152.0
2020-01-17 00:00:00+00:00,62.0,0.0,113.4,111.35,113.05,112.15,32518.0
2020-01-20 00:00:00+00:00,62.0,0.0,,,,112.15,
2020-01-21 00:00:00+00:00,58.0,283201.0,113.25,109.75,111.5,111.05,73377.0
2020-01-22 00:00:00+00:00,57.0,285523.0,112.2,110.1,111.5,111.0,41892.0
2020-01-23 00:00:00+00:00,56.0,283974.0,113.7,110.65,111.15,112.6,44608.0
2020-01-24 00:00:00+00:00,55.0,283918.0,112.65,109.85,112.6,110.15,49301.0
2020-01-27 00:00:00+00:00,52.0,288771.0,110.0,106.15,110.0,106.6,52441.0
2020-01-28 00:00:00+00:00,51.0,292325.0,106.8,104.9,106.4,105.05,59782.0
2020-01-29 00:00:00+00:00,50.0,299268.0,106.2,101.9,106.0,102.05,74643.0
2020-01-30 00:00:00+00:00,49.0,303716.0,103.5,100.9,102.0,101.5,52463.0
2020-01-31 00:00:00+00:00,48.0,307501.0,103.25,100.15,101.45,102.65,62671.0
2020-02-03 00:00:00+00:00,45.0,310444.0,102.3,97.8,102.0,97.9,84018.0
2020-02-04 00:00:00+00:00,44.0,316796.0,101.75,97.6,98.95,98.15,73351.0
2020-02-05 00:00:00+00:00,43.0,317712.0,99.25,97.55,98.5,97.75,84161.0
2020-02-06 00:00:00+00:00,42.0,315841.0,99.35,97.4,98.45,98.15,95183.0
2020-02-07 00:00:00+00:00,41.0,311286.0,99.9,97.7,98.35,98.35,82719.0
2020-02-10 00:00:00+00:00,38.0,309304.0,100.7,98.05,98.55,100.3,114143.0
2020-02-11 00:00:00+00:00,37.0,304185.0,101.2,99.5,100.65,100.5,108318.0
2020-02-12 00:00:00+00:00,36.0,297405.0,102.3,100.0,101.0,100.65,103366.0
2020-02-13 00:00:00+00:00,35.0,292692.0,104.65,99.95,100.5,104.45,100026.0
2020-02-14 00:00:00+00:00,34.0,0.0,109.4,103.65,104.15,109.1,64936.0
2020-02-17 00:00:00+00:00,34.0,0.0,,,,109.1,
2020-02-18 00:00:00+00:00,30.0,289352.0,111.5,104.4,109.7,106.55,104941.0
2020-02-19 00:00:00+00:00,29.0,284222.0,107.75,105.5,106.3,106.8,72825.0
2020-02-20 00:00:00+00:00,28.0,290970.0,107.05,104.0,107.05,103.6,63598.0
2020-02-21 00:00:00+00:00,27.0,292382.0,109.7,104.6,104.6,108.85,66454.0
2020-02-24 00:00:00+00:00,24.0,287096.0,107.05,102.9,105.45,105.9,53822.0
2020-02-25 00:00:00+00:00,23.0,289350.0,107.7,103.9,106.45,107.1,37166.0
2020-02-26 00:00:00+00:00,22.0,287160.0,109.35,105.35,105.35,109.1,64960.0
2020-02-27 00:00:00+00:00,21.0,284409.0,110.8,107.8,109.9,108.2,74354.0
2020-02-28 00:00:00+00:00,20.0,280172.0,109.95,107.75,107.75,110.1,54291.0
2020-03-02 00:00:00+00:00,77.0,276422.0,117.8,111.35,112.25,115.6,92136.0
2020-03-03 00:00:00+00:00,76.0,278744.0,122.45,116.9,117.0,122.2,103683.0
2020-03-04 00:00:00+00:00,75.0,272155.0,122.2,116.9,119.75,118.4,59915.0
2020-03-05 00:00:00+00:00,74.0,272171.0,117.85,110.9,116.9,111.35,58736.0
2020-03-06 00:00:00+00:00,73.0,271470.0,114.0,106.15,112.3,107.4,65661.0
2020-03-09 00:00:00+00:00,70.0,269610.0,110.9,102.55,102.95,109.2,83449.0
2020-03-10 00:00:00+00:00,69.0,268806.0,116.15,108.55,109.2,114.35,68124.0
2020-03-11 00:00:00+00:00,68.0,268791.0,116.05,111.4,114.35,112.05,53388.0
2020-03-12 00:00:00+00:00,67.0,267339.0,110.5,107.45,109.55,108.85,70422.0
2020-03-13 00:00:00+00:00,66.0,263880.0,112.8,106.3,110.2,106.75,55322.0
2020-03-16 00:00:00+00:00,63.0,259138.0,107.4,103.65,105.85,103.9,48862.0
2020-03-17 00:00:00+00:00,62.0,256258.0,104.7,101.4,103.95,102.6,51665.0
2020-03-18 00:00:00+00:00,61.0,251536.0,114.1,102.6,102.6,108.3,95462.0
2020-03-19 00:00:00+00:00,60.0,246762.0,113.85,108.45,108.9,112.7,51181.0
2020-03-20 00:00:00+00:00,59.0,247409.0,120.05,114.0,114.0,119.7,58854.0
2020-03-23 00:00:00+00:00,56.0,247659.0,124.9,116.6,120.65,121.25,59548.0
2020-03-24 00:00:00+00:00,55.0,245868.0,126.05,120.8,121.45,125.6,52011.0
2020-03-25 00:00:00+00:00,54.0,242451.0,130.4,122.35,126.2,129.95,66503.0
2020-03-26 00:00:00+00:00,53.0,240352.0,130.65,124.05,128.4,124.65,48086.0
2020-03-27 00:00:00+00:00,52.0,238119.0,123.35,115.65,123.35,115.85,52523.0
2020-03-30 00:00:00+00:00,49.0,239747.0,120.85,116.2,116.2,119.3,36122.0
2020-03-31 00:00:00+00:00,48.0,240712.0,120.4,116.4,118.65,119.55,33658.0
2020-04-01 00:00:00+00:00,47.0,243024.0,119.0,114.1,117.75,116.0,44099.0
2020-04-02 00:00:00+00:00,46.0,244808.0,120.1,116.6,116.85,119.35,44482.0
2020-04-03 00:00:00+00:00,45.0,244719.0,119.2,114.3,118.55,114.9,38724.0
2020-04-06 00:00:00+00:00,42.0,245481.0,117.8,112.4,114.85,116.65,46955.0
2020-04-07 00:00:00+00:00,41.0,240509.0,120.9,117.0,117.05,119.9,61384.0
2020-04-08 00:00:00+00:00,40.0,239135.0,120.75,118.05,120.0,119.8,51974.0
2020-04-09 00:00:00+00:00,39.0,0.0,122.0,116.9,120.0,118.6,54462.0
2020-04-10 00:00:00+00:00,39.0,0.0,,,,118.6,
2020-04-13 00:00:00+00:00,35.0,228579.0,120.6,116.6,118.95,119.75,41692.0
2020-04-14 00:00:00+00:00,34.0,227675.0,120.35,115.75,119.9,117.2,48932.0
2020-04-15 00:00:00+00:00,33.0,227744.0,121.2,114.6,117.0,120.2,47345.0
2020-04-16 00:00:00+00:00,32.0,226877.0,120.85,117.9,119.85,118.6,35938.0
2020-04-17 00:00:00+00:00,31.0,223877.0,119.6,115.7,118.3,116.05,44238.0
2020-04-20 00:00:00+00:00,28.0,222200.0,116.75,113.05,116.3,113.65,31163.0
2020-04-21 00:00:00+00:00,27.0,220351.0,113.55,109.35,113.0,109.65,43821.0
2020-04-22 00:00:00+00:00,26.0,220543.0,112.1,109.65,109.65,110.6,24943.0
2020-04-23 00:00:00+00:00,25.0,221509.0,113.6,110.65,112.0,111.05,24593.0
2020-04-24 00:00:00+00:00,24.0,226171.0,109.45,105.0,109.45,105.2,43762.0
2020-04-27 00:00:00+00:00,21.0,226706.0,107.0,104.3,107.0,104.6,26092.0
2020-04-28 00:00:00+00:00,20.0,227146.0,105.7,105.7,105.7,105.7,21886.0
2020-04-29 00:00:00+00:00,19.0,231048.0,104.1,103.5,104.05,103.65,28674.0
2020-04-30 00:00:00+00:00,18.0,233612.0,104.1,102.65,103.75,104.65,37367.0
2020-05-01 00:00:00+00:00,81.0,233453.0,107.25,104.5,105.8,106.1,19874.0
2020-05-04 00:00:00+00:00,78.0,234919.0,108.3,104.95,105.1,107.2,22835.0
2020-05-05 00:00:00+00:00,77.0,236168.0,110.95,106.75,107.3,110.65,28462.0
2020-05-06 00:00:00+00:00,76.0,238914.0,110.85,108.55,109.85,110.6,26332.0
2020-05-07 00:00:00+00:00,75.0,237712.0,109.5,106.3,109.0,109.0,37677.0
2020-05-08 00:00:00+00:00,74.0,236317.0,113.15,108.6,108.6,111.65,31150.0
2020-05-11 00:00:00+00:00,71.0,236494.0,112.9,109.65,111.25,110.75,27125.0
2020-05-12 00:00:00+00:00,70.0,238441.0,110.25,106.65,110.0,107.35,28760.0
2020-05-13 00:00:00+00:00,69.0,240713.0,107.8,104.95,106.85,105.05,33899.0
2020-05-14 00:00:00+00:00,68.0,242134.0,108.3,105.1,105.45,106.7,35709.0
2020-05-15 00:00:00+00:00,67.0,242513.0,109.15,106.55,108.05,106.85,23945.0
2020-05-18 00:00:00+00:00,64.0,243625.0,108.1,105.0,106.75,107.75,34653.0
2020-05-19 00:00:00+00:00,63.0,244258.0,108.7,106.3,107.5,107.05,22816.0
2020-05-20 00:00:00+00:00,62.0,244792.0,107.65,105.3,106.75,105.65,23996.0
2020-05-21 00:00:00+00:00,61.0,246756.0,106.75,104.2,105.75,104.75,41040.0
2020-05-22 00:00:00+00:00,60.0,0.0,105.15,102.35,104.75,103.6,41716.0
2020-05-25 00:00:00+00:00,60.0,0.0,,,,103.6,
2020-05-26 00:00:00+00:00,56.0,249892.0,107.1,104.2,104.65,105.1,40765.0
2020-05-27 00:00:00+00:00,55.0,252783.0,106.0,101.45,105.15,102.5,48232.0
2020-05-28 00:00:00+00:00,54.0,258188.0,102.55,98.55,102.3,99.1,62731.0
2020-05-29 00:00:00+00:00,53.0,267249.0,100.05,95.85,99.2,96.3,61858.0
2020-06-01 00:00:00+00:00,50.0,271798.0,99.0,94.8,95.85,98.3,64498.0
2020-06-02 00:00:00+00:00,49.0,274252.0,99.7,97.35,98.45,98.2,45071.0
2020-06-03 00:00:00+00:00,48.0,277538.0,100.75,97.9,98.5,99.1,41492.0
2020-06-04 00:00:00+00:00,47.0,278767.0,98.95,96.25,98.9,98.15,33597.0
2020-06-05 00:00:00+00:00,46.0,276807.0,99.75,97.05,98.55,98.9,45105.0
2020-06-08 00:00:00+00:00,43.0,273412.0,99.65,97.55,99.25,98.9,59648.0
2020-06-09 00:00:00+00:00,42.0,272578.0,99.45,97.25,99.2,97.8,62195.0
2020-06-10 00:00:00+00:00,41.0,271562.0,98.65,96.4,97.9,96.75,68131.0
2020-06-11 00:00:00+00:00,40.0,271563.0,97.65,94.6,96.2,96.0,76355.0
2020-06-12 00:00:00+00:00,39.0,270214.0,97.8,94.9,96.35,95.2,61845.0
2020-06-15 00:00:00+00:00,36.0,269591.0,95.25,92.7,94.2,94.0,83270.0
2020-06-16 00:00:00+00:00,35.0,268857.0,95.45,92.75,94.65,93.65,47292.0
2020-06-17 00:00:00+00:00,34.0,266449.0,96.8,93.15,93.25,96.25,50067.0
2020-06-18 00:00:00+00:00,33.0,263578.0,97.05,94.4,97.0,94.6,57854.0
2020-06-19 00:00:00+00:00,32.0,262097.0,95.3,93.45,94.3,93.75,52285.0
2020-06-22 00:00:00+00:00,29.0,263790.0,96.1,94.0,94.05,95.95,23610.0
2020-06-23 00:00:00+00:00,28.0,265564.0,97.55,95.75,96.25,96.25,27111.0
2020-06-24 00:00:00+00:00,27.0,265561.0,97.1,96.25,96.25,96.65,33487.0
2020-06-25 00:00:00+00:00,26.0,265805.0,97.1,94.55,96.65,94.85,32390.0
2020-06-26 00:00:00+00:00,25.0,267262.0,95.6,93.45,95.6,95.65,39397.0
2020-06-29 00:00:00+00:00,22.0,268516.0,101.45,98.45,100.45,98.65,69758.0
2020-06-30 00:00:00+00:00,21.0,268517.0,100.35,99.5,100.35,100.05,37116.0
2020-07-01 00:00:00+00:00,79.0,269116.0,104.65,100.0,101.25,104.0,39656.0
2020-07-02 00:00:00+00:00,78.0,1887.0,104.65,102.5,104.0,103.2,26258.0
2020-07-03 00:00:00+00:00,78.0,1887.0,,,,103.2,
2020-07-06 00:00:00+00:00,74.0,269855.0,102.95,97.2,102.7,98.15,41728.0
2020-07-07 00:00:00+00:00,73.0,268312.0,100.7,97.25,98.15,100.3,32026.0
2020-07-08 00:00:00+00:00,72.0,268466.0,102.2,99.65,100.65,100.0,25265.0
2020-07-09 00:00:00+00:00,71.0,269632.0,100.8,98.35,99.95,98.75,25125.0
2020-07-10 00:00:00+00:00,70.0,270277.0,99.4,96.65,98.7,97.4,28305.0
2020-07-13 00:00:00+00:00,67.0,270097.0,98.9,96.55,96.85,98.65,27769.0
2020-07-14 00:00:00+00:00,66.0,270749.0,98.7,96.8,98.6,97.95,21724.0
2020-07-15 00:00:00+00:00,65.0,272369.0,98.15,96.3,98.0,97.2,26497.0
2020-07-16 00:00:00+00:00,64.0,272926.0,98.8,96.75,97.15,98.35,22119.0
2020-07-17 00:00:00+00:00,63.0,269165.0,102.5,98.4,98.45,102.3,33172.0
2020-07-20 00:00:00+00:00,60.0,274035.0,102.95,99.05,101.5,99.75,46990.0
2020-07-21 00:00:00+00:00,59.0,273804.0,101.9,99.2,99.25,101.75,26488.0
2020-07-22 00:00:00+00:00,58.0,271995.0,108.75,101.25,101.75,108.35,65048.0
2020-07-23 00:00:00+00:00,57.0,269422.0,109.3,106.15,108.1,107.5,47586.0
2020-07-24 00:00:00+00:00,56.0,269758.0,109.1,106.35,106.95,108.4,45926.0
2020-07-27 00:00:00+00:00,53.0,270102.0,110.75,107.4,107.9,110.4,51772.0
2020-07-28 00:00:00+00:00,52.0,271105.0,111.35,108.35,110.35,109.65,38234.0
2020-07-29 00:00:00+00:00,51.0,271151.0,112.6,109.3,109.4,111.6,65177.0
2020-07-30 00:00:00+00:00,50.0,271107.0,117.4,112.2,112.45,115.35,76741.0
2020-07-31 00:00:00+00:00,49.0,269205.0,119.4,115.2,116.4,118.95,78319.0
2020-08-03 00:00:00+00:00,46.0,269779.0,119.7,115.65,118.2,117.9,67392.0
2020-08-04 00:00:00+00:00,45.0,270383.0,121.25,116.65,116.9,121.05,80681.0
2020-08-05 00:00:00+00:00,44.0,266975.0,127.25,120.45,120.75,121.55,106256.0
2020-08-06 00:00:00+00:00,43.0,265492.0,124.2,116.45,122.0,117.0,78551.0
2020-08-07 00:00:00+00:00,42.0,263569.0,118.8,113.6,117.3,115.45,77261.0
2020-08-10 00:00:00+00:00,39.0,266313.0,117.15,111.6,115.05,112.6,66502.0
2020-08-11 00:00:00+00:00,38.0,267335.0,112.55,109.7,112.0,111.35,87657.0
2020-08-12 00:00:00+00:00,37.0,268209.0,113.8,110.35,111.35,112.05,72229.0
2020-08-13 00:00:00+00:00,36.0,269572.0,117.15,111.15,112.4,116.2,78445.0
2020-08-14 00:00:00+00:00,35.0,265687.0,119.2,114.45,116.65,114.7,52259.0
2020-08-17 00:00:00+00:00,32.0,261731.0,115.65,112.7,114.6,115.55,36312.0
2020-08-18 00:00:00+00:00,31.0,259451.0,119.75,115.65,115.65,119.3,45295.0
2020-08-19 00:00:00+00:00,30.0,257796.0,122.2,116.75,119.5,118.45,45387.0
2020-08-20 00:00:00+00:00,29.0,256249.0,119.95,117.0,118.0,118.55,36078.0
2020-08-21 00:00:00+00:00,28.0,257130.0,120.4,116.5,119.65,120.1,26126.0
2020-08-24 00:00:00+00:00,25.0,258446.0,122.6,119.45,120.4,120.25,30181.0
2020-08-25 00:00:00+00:00,24.0,259453.0,123.8,120.0,120.5,123.2,38388.0
2020-08-26 00:00:00+00:00,23.0,260450.0,127.6,122.0,125.5,122.8,59515.0
2020-08-27 00:00:00+00:00,22.0,262460.0,123.25,121.0,121.35,122.95,35336.0
2020-08-28 00:00:00+00:00,21.0,263153.0,127.1,123.6,123.6,127.1,42357.0
2020-08-31 00:00:00+00:00,18.0,262782.0,130.8,127.15,129.05,129.8,46846.0
2020-09-01 00:00:00+00:00,108.0,264785.0,132.7,129.35,130.45,131.4,60101.0
2020-09-02 00:00:00+00:00,107.0,265693.0,132.5,128.6,130.25,131.3,42262.0
2020-09-03 00:00:00+00:00,106.0,266303.0,132.25,129.15,131.0,131.2,27744.0
2020-09-04 00:00:00+00:00,105.0,267.0,135.45,131.75,131.8,134.0,44149.0
2020-09-07 00:00:00+00:00,105.0,267.0,,,,134.0,
2020-09-08 00:00:00+00:00,101.0,265437.0,134.4,127.2,133.8,132.1,49303.0
2020-09-09 00:00:00+00:00,100.0,266355.0,132.05,127.6,131.0,128.85,35043.0
2020-09-10 00:00:00+00:00,99.0,267981.0,133.45,127.7,128.0,131.7,45519.0
2020-09-11 00:00:00+00:00,98.0,269018.0,132.55,129.3,130.5,132.45,32508.0
2020-09-14 00:00:00+00:00,95.0,269750.0,132.05,121.65,131.9,123.05,56604.0
2020-09-15 00:00:00+00:00,94.0,270709.0,123.0,115.0,122.5,121.8,102515.0
2020-09-16 00:00:00+00:00,93.0,274144.0,124.15,118.7,122.0,119.85,56659.0
2020-09-17 00:00:00+00:00,92.0,275659.0,119.5,116.15,119.5,118.0,47953.0
2020-09-18 00:00:00+00:00,91.0,275729.0,119.35,113.25,118.1,113.5,34653.0
2020-09-21 00:00:00+00:00,88.0,277111.0,113.45,110.8,113.0,112.0,59411.0
2020-09-22 00:00:00+00:00,87.0,275600.0,114.8,110.35,112.55,110.65,40064.0
2020-09-23 00:00:00+00:00,86.0,276607.0,112.6,109.05,110.8,110.5,51201.0
2020-09-24 00:00:00+00:00,85.0,277486.0,112.1,110.25,110.75,111.15,34009.0
2020-09-25 00:00:00+00:00,84.0,275517.0,114.3,110.85,111.75,113.65,38919.0
2020-09-28 00:00:00+00:00,81.0,277072.0,114.75,108.7,113.8,109.55,39238.0
2020-09-29 00:00:00+00:00,80.0,278217.0,110.4,108.3,109.1,109.55,43662.0
2020-09-30 00:00:00+00:00,79.0,276933.0,112.75,109.4,110.25,110.95,43354.0
2020-10-01 00:00:00+00:00,78.0,277536.0,111.6,106.4,110.95,107.05,56871.0
2020-10-02 00:00:00+00:00,77.0,277315.0,110.0,104.9,106.5,108.95,49997.0
2020-10-05 00:00:00+00:00,74.0,279607.0,109.7,106.6,108.65,107.2,43778.0
2020-10-06 00:00:00+00:00,73.0,278564.0,109.4,107.1,107.5,107.65,31700.0
2020-10-07 00:00:00+00:00,72.0,276457.0,111.0,106.2,107.7,109.6,41345.0
2020-10-08 00:00:00+00:00,71.0,275229.0,112.15,107.9,110.15,110.25,33526.0
2020-10-09 00:00:00+00:00,70.0,272193.0,112.45,110.25,110.25,111.55,33543.0
2020-10-12 00:00:00+00:00,67.0,277742.0,113.35,108.55,111.0,109.15,33228.0
2020-10-13 00:00:00+00:00,66.0,273644.0,111.15,108.7,109.3,110.1,33143.0
2020-10-14 00:00:00+00:00,65.0,272945.0,111.7,109.2,110.05,109.6,28840.0
2020-10-15 00:00:00+00:00,64.0,270917.0,111.35,106.5,109.55,109.5,46941.0
2020-10-16 00:00:00+00:00,63.0,272198.0,111.1,106.85,109.65,107.25,28231.0
2020-10-19 00:00:00+00:00,60.0,272539.0,108.65,105.6,106.55,106.05,32571.0
2020-10-20 00:00:00+00:00,59.0,273627.0,107.25,104.0,107.05,104.9,37152.0
2020-10-21 00:00:00+00:00,58.0,274582.0,106.85,103.35,104.8,104.15,34644.0
2020-10-22 00:00:00+00:00,57.0,274302.0,107.45,103.2,103.7,106.7,46092.0
2020-10-23 00:00:00+00:00,56.0,274609.0,107.0,104.75,106.4,105.6,22407.0
2020-10-26 00:00:00+00:00,53.0,276892.0,107.15,104.3,104.8,106.65,29674.0
2020-10-27 00:00:00+00:00,52.0,276484.0,108.2,106.15,106.75,106.95,31308.0
2020-10-28 00:00:00+00:00,51.0,277523.0,106.65,104.65,106.45,105.0,31966.0
2020-10-29 00:00:00+00:00,50.0,280893.0,105.2,102.95,105.0,104.6,38535.0
2020-10-30 00:00:00+00:00,49.0,284021.0,105.8,103.7,104.55,104.4,41459.0
2020-11-02 00:00:00+00:00,46.0,284747.0,104.9,102.35,103.9,102.8,45815.0
2020-11-03 00:00:00+00:00,45.0,285632.0,106.25,102.75,102.8,103.45,48661.0
2020-11-04 00:00:00+00:00,44.0,287500.0,103.95,102.15,103.65,103.0,41190.0
2020-11-05 00:00:00+00:00,43.0,287184.0,106.8,103.55,103.9,105.95,64801.0
2020-11-06 00:00:00+00:00,42.0,286669.0,108.0,105.95,106.55,106.95,65096.0
2020-11-09 00:00:00+00:00,39.0,284591.0,109.35,106.35,107.35,106.85,69963.0
2020-11-10 00:00:00+00:00,38.0,282352.0,107.65,105.35,106.75,107.3,79596.0
2020-11-11 00:00:00+00:00,37.0,280971.0,110.55,107.8,108.0,109.1,74830.0
2020-11-12 00:00:00+00:00,36.0,274641.0,110.7,108.75,109.35,110.1,86694.0
2020-11-13 00:00:00+00:00,35.0,270947.0,110.55,108.65,110.15,109.25,44017.0
2020-11-16 00:00:00+00:00,32.0,265140.0,116.2,109.8,109.95,115.65,67262.0
2020-11-17 00:00:00+00:00,31.0,255972.0,116.65,114.2,115.95,116.2,80503.0
2020-11-18 00:00:00+00:00,30.0,253689.0,121.1,116.35,116.5,119.75,72585.0
2020-11-19 00:00:00+00:00,29.0,253661.0,121.0,118.65,119.8,120.65,40091.0
2020-11-20 00:00:00+00:00,28.0,253191.0,121.2,114.5,120.55,115.5,42906.0
2020-11-23 00:00:00+00:00,25.0,253660.0,116.65,114.35,116.65,114.45,27773.0
2020-11-24 00:00:00+00:00,24.0,253568.0,114.65,113.05,114.5,113.15,23426.0
2020-11-25 00:00:00+00:00,23.0,253568.0,115.15,114.05,114.35,114.5,28371.0
2020-11-26 00:00:00+00:00,23.0,253568.0,,,,114.5,
2020-11-27 00:00:00+00:00,21.0,255013.0,119.7,118.65,119.0,121.7,51374.0
2020-11-30 00:00:00+00:00,18.0,257208.0,121.4,118.9,121.35,120.7,44367.0
2020-12-01 00:00:00+00:00,108.0,260940.0,123.9,117.85,123.45,118.45,45682.0
2020-12-02 00:00:00+00:00,107.0,259717.0,119.55,117.2,118.5,119.1,35778.0
2020-12-03 00:00:00+00:00,106.0,260319.0,121.0,118.6,119.65,120.05,21018.0
2020-12-04 00:00:00+00:00,105.0,262339.0,120.9,117.0,119.8,117.55,24941.0
2020-12-07 00:00:00+00:00,102.0,257201.0,119.55,116.45,116.8,119.1,38757.0
2020-12-08 00:00:00+00:00,101.0,256518.0,120.35,118.35,119.25,119.25,28481.0
2020-12-09 00:00:00+00:00,100.0,257412.0,119.6,116.5,119.6,117.05,23842.0
2020-12-10 00:00:00+00:00,99.0,259235.0,121.8,116.9,116.9,121.05,40110.0
2020-12-11 00:00:00+00:00,98.0,259119.0,123.55,120.2,123.0,121.6,27247.0
2020-12-14 00:00:00+00:00,95.0,258346.0,126.9,120.65,120.85,126.15,39809.0
2020-12-15 00:00:00+00:00,94.0,255253.0,127.4,124.3,125.4,124.65,33530.0
2020-12-16 00:00:00+00:00,93.0,256195.0,128.6,125.25,125.25,126.6,37965.0
2020-12-17 00:00:00+00:00,92.0,257028.0,128.0,125.05,127.25,126.6,20223.0
2020-12-18 00:00:00+00:00,91.0,256392.0,127.8,123.5,126.35,125.25,30038.0
2020-12-21 00:00:00+00:00,88.0,256417.0,125.45,120.4,124.25,124.3,29117.0
2020-12-22 00:00:00+00:00,87.0,256652.0,126.6,122.9,123.9,124.2,28289.0
2020-12-23 00:00:00+00:00,86.0,256740.0,125.95,123.9,124.05,124.55,18471.0
2020-12-24 00:00:00+00:00,85.0,256740.0,127.65,124.5,124.5,125.95,12973.0
2020-12-25 00:00:00+00:00,85.0,256740.0,,,,125.95,
2020-12-28 00:00:00+00:00,81.0,259920.0,126.5,121.5,125.75,123.35,21482.0
2020-12-29 00:00:00+00:00,80.0,258174.0,125.9,123.2,123.95,125.4,19344.0
2020-12-30 00:00:00+00:00,79.0,258376.0,126.75,124.65,125.3,125.4,20344.0
2020-12-31 00:00:00+00:00,78.0,258376.0,129.0,125.6,125.7,128.25,23536.0
2021-01-01 00:00:00+00:00,78.0,258376.0,,,,128.25,
2021-01-04 00:00:00+00:00,74.0,261684.0,129.4,125.25,128.4,126.15,36266.0
2021-01-05 00:00:00+00:00,73.0,262961.0,126.55,122.3,125.95,125.1,40394.0
2021-01-06 00:00:00+00:00,72.0,264275.0,125.55,120.6,125.1,120.9,48572.0
2021-01-07 00:00:00+00:00,71.0,263224.0,122.75,119.35,121.0,121.1,34443.0
2021-01-08 00:00:00+00:00,70.0,262629.0,124.05,119.2,120.3,123.7,51454.0
2021-01-11 00:00:00+00:00,67.0,263744.0,123.2,118.75,122.3,121.45,49287.0
2021-01-12 00:00:00+00:00,66.0,264083.0,122.7,120.1,121.0,121.4,45532.0
2021-01-13 00:00:00+00:00,65.0,263660.0,126.0,121.4,121.4,125.25,51039.0
2021-01-14 00:00:00+00:00,64.0,266219.0,127.9,123.25,125.45,127.35,42291.0
2021-01-15 00:00:00+00:00,63.0,266219.0,131.75,126.8,127.35,128.15,61445.0
2021-01-18 00:00:00+00:00,63.0,266219.0,,,,128.15,
2021-01-19 00:00:00+00:00,59.0,267581.0,128.75,124.65,126.0,127.15,35389.0
2021-01-20 00:00:00+00:00,58.0,266695.0,127.05,123.4,126.55,125.2,33431.0
2021-01-21 00:00:00+00:00,57.0,269410.0,127.3,124.75,125.8,126.45,30725.0
2021-01-22 00:00:00+00:00,56.0,273465.0,126.3,122.85,125.7,124.05,34232.0
2021-01-25 00:00:00+00:00,53.0,273657.0,124.95,122.15,123.0,123.25,33396.0
2021-01-26 00:00:00+00:00,52.0,274595.0,125.9,123.25,123.4,124.5,33734.0
2021-01-27 00:00:00+00:00,51.0,275545.0,126.15,123.1,124.55,125.5,33093.0
2021-01-28 00:00:00+00:00,50.0,276832.0,126.9,123.55,125.5,124.0,34079.0
2021-01-29 00:00:00+00:00,49.0,276401.0,124.7,122.05,124.15,122.95,41435.0
2021-02-01 00:00:00+00:00,46.0,276251.0,127.3,122.45,122.65,125.35,69582.0
2021-02-02 00:00:00+00:00,45.0,276108.0,126.1,122.7,125.45,123.4,40270.0
2021-02-03 00:00:00+00:00,44.0,276904.0,124.85,122.7,123.1,123.95,38022.0
2021-02-04 00:00:00+00:00,43.0,281238.0,124.7,120.2,124.5,124.05,70624.0
2021-02-05 00:00:00+00:00,42.0,281208.0,125.85,123.8,124.65,124.5,59426.0
2021-02-08 00:00:00+00:00,39.0,277555.0,124.8,123.3,124.2,124.1,56595.0
2021-02-09 00:00:00+00:00,38.0,276879.0,124.3,122.5,124.05,122.95,69676.0
2021-02-10 00:00:00+00:00,37.0,274595.0,123.55,120.25,122.95,121.1,90933.0
2021-02-11 00:00:00+00:00,36.0,264871.0,121.75,120.5,121.05,121.2,65388.0
2021-02-12 00:00:00+00:00,35.0,264871.0,122.35,120.25,120.9,121.15,54615.0
2021-02-15 00:00:00+00:00,35.0,264871.0,,,,121.15,
2021-02-16 00:00:00+00:00,31.0,258118.0,124.9,121.15,121.4,124.35,68389.0
2021-02-17 00:00:00+00:00,30.0,252217.0,125.9,123.35,125.0,125.7,60071.0
2021-02-18 00:00:00+00:00,29.0,254276.0,127.75,125.9,125.9,127.6,39540.0
2021-02-19 00:00:00+00:00,28.0,255869.0,127.75,126.7,127.6,127.5,30282.0
2021-02-22 00:00:00+00:00,25.0,258028.0,134.1,126.2,127.0,133.45,73429.0
2021-02-23 00:00:00+00:00,24.0,260830.0,136.75,132.85,133.25,136.85,78392.0
2021-02-24 00:00:00+00:00,23.0,266410.0,137.75,136.95,137.0,135.65,41526.0
2021-02-25 00:00:00+00:00,22.0,269366.0,139.3,136.25,136.25,139.2,56126.0
2021-02-26 00:00:00+00:00,21.0,265050.0,139.0,138.4,139.0,136.85,57378.0
2021-03-01 00:00:00+00:00,78.0,265356.0,139.8,133.6,137.7,135.8,50767.0
2021-03-02 00:00:00+00:00,77.0,265524.0,135.45,132.65,134.5,133.85,37124.0
2021-03-03 00:00:00+00:00,76.0,267910.0,134.65,132.05,133.85,132.8,33207.0
2021-03-04 00:00:00+00:00,75.0,268006.0,133.9,130.5,133.8,132.15,36615.0
2021-03-05 00:00:00+00:00,74.0,271784.0,131.65,128.1,131.6,128.85,48693.0
2021-03-08 00:00:00+00:00,71.0,272719.0,130.95,128.0,128.25,129.15,37299.0
2021-03-09 00:00:00+00:00,70.0,275694.0,132.0,126.6,128.4,130.4,55530.0
2021-03-10 00:00:00+00:00,69.0,276216.0,132.4,129.2,131.65,130.85,44086.0
2021-03-11 00:00:00+00:00,68.0,277734.0,133.2,131.25,131.7,132.35,39061.0
2021-03-12 00:00:00+00:00,67.0,277948.0,133.45,131.0,132.35,133.0,30618.0
2021-03-15 00:00:00+00:00,64.0,280271.0,135.1,130.2,133.1,132.1,35062.0
2021-03-16 00:00:00+00:00,63.0,279703.0,135.6,131.4,132.0,134.5,34819.0
2021-03-17 00:00:00+00:00,62.0,281745.0,135.65,132.3,135.0,133.55,22455.0
2021-03-18 00:00:00+00:00,61.0,284183.0,135.45,129.0,133.75,129.95,38057.0
2021-03-19 00:00:00+00:00,60.0,282272.0,131.4,128.25,129.95,129.0,37672.0
2021-03-22 00:00:00+00:00,57.0,283192.0,130.45,126.9,129.0,130.1,35333.0
2021-03-23 00:00:00+00:00,56.0,284944.0,130.6,127.45,130.1,127.6,29529.0
2021-03-24 00:00:00+00:00,55.0,284400.0,128.8,126.5,128.2,126.5,40931.0
2021-03-25 00:00:00+00:00,54.0,287408.0,127.55,125.2,127.0,126.6,49631.0
2021-03-26 00:00:00+00:00,53.0,287603.0,129.6,127.1,127.1,128.5,39367.0
2021-03-29 00:00:00+00:00,50.0,289040.0,128.4,126.2,128.35,127.05,29723.0
2021-03-30 00:00:00+00:00,49.0,287409.0,127.05,122.45,126.55,122.6,66216.0
2021-03-31 00:00:00+00:00,48.0,287708.0,124.75,120.5,123.0,123.5,70401.0
2021-04-01 00:00:00+00:00,47.0,287708.0,125.45,120.75,124.95,121.6,56513.0
2021-04-02 00:00:00+00:00,47.0,287708.0,,,,121.6,
2021-04-05 00:00:00+00:00,43.0,287586.0,122.9,120.55,121.4,122.1,41131.0
2021-04-06 00:00:00+00:00,42.0,289363.0,127.3,121.35,122.5,126.85,70164.0
2021-04-07 00:00:00+00:00,41.0,288988.0,128.0,125.45,126.9,126.75,51536.0
2021-04-08 00:00:00+00:00,40.0,287606.0,128.7,126.75,127.0,127.85,65497.0
2021-04-09 00:00:00+00:00,39.0,285612.0,128.85,127.0,127.9,127.25,65401.0
2021-04-12 00:00:00+00:00,36.0,285642.0,129.1,125.75,127.0,128.1,66940.0
2021-04-13 00:00:00+00:00,35.0,279699.0,131.1,126.8,128.1,130.05,83459.0
2021-04-14 00:00:00+00:00,34.0,280445.0,133.15,130.2,130.25,132.1,69159.0
2021-04-15 00:00:00+00:00,33.0,279209.0,133.0,130.9,132.05,132.7,63643.0
2021-04-16 00:00:00+00:00,32.0,279481.0,133.45,128.85,132.9,129.15,51250.0
2021-04-19 00:00:00+00:00,29.0,275652.0,131.55,129.05,129.4,129.85,40328.0
2021-04-20 00:00:00+00:00,28.0,273907.0,132.95,129.9,130.05,132.45,47332.0
2021-04-21 00:00:00+00:00,27.0,270394.0,133.35,130.65,132.65,132.2,41877.0
2021-04-22 00:00:00+00:00,26.0,270750.0,134.5,130.0,132.9,134.3,26611.0
2021-04-23 00:00:00+00:00,25.0,275022.0,138.5,134.85,134.85,136.85,51694.0
2021-04-26 00:00:00+00:00,22.0,278424.0,142.35,136.5,136.65,141.75,58521.0
2021-04-27 00:00:00+00:00,21.0,279875.0,144.5,142.45,142.45,144.35,62032.0
2021-04-28 00:00:00+00:00,20.0,281835.0,144.95,142.4,144.0,144.3,33373.0
2021-04-29 00:00:00+00:00,19.0,281967.0,145.8,141.35,145.8,141.4,33738.0
2021-04-30 00:00:00+00:00,18.0,281873.0,143.9,143.9,143.9,139.95,40263.0
2021-05-03 00:00:00+00:00,78.0,283718.0,142.55,139.6,141.0,140.25,30145.0
2021-05-04 00:00:00+00:00,77.0,283864.0,143.2,139.7,140.45,140.35,30606.0
2021-05-05 00:00:00+00:00,76.0,288313.0,150.4,140.5,140.75,149.85,59580.0
2021-05-06 00:00:00+00:00,75.0,287931.0,155.4,148.8,150.05,154.3,79362.0
2021-05-07 00:00:00+00:00,74.0,287971.0,154.1,149.25,153.9,152.9,51735.0
2021-05-10 00:00:00+00:00,71.0,289984.0,153.45,147.5,152.95,148.05,33309.0
2021-05-11 00:00:00+00:00,70.0,286828.0,151.65,147.55,147.65,150.1,37069.0
2021-05-12 00:00:00+00:00,69.0,287749.0,150.6,146.0,150.25,146.5,40882.0
2021-05-13 00:00:00+00:00,68.0,286903.0,147.9,143.85,145.75,146.4,36538.0
2021-05-14 00:00:00+00:00,67.0,289204.0,147.75,144.7,146.4,145.0,37143.0
2021-05-17 00:00:00+00:00,64.0,290122.0,146.9,144.6,145.15,145.75,25409.0
2021-05-18 00:00:00+00:00,63.0,290535.0,153.7,147.3,147.4,152.8,42441.0
2021-05-19 00:00:00+00:00,62.0,290307.0,153.3,149.25,152.8,150.95,33536.0
2021-05-20 00:00:00+00:00,61.0,289580.0,153.65,150.4,151.15,150.95,28243.0
2021-05-21 00:00:00+00:00,60.0,291104.0,152.9,148.5,150.35,150.1,23570.0
2021-05-24 00:00:00+00:00,57.0,289985.0,150.45,147.45,149.6,149.0,23907.0
2021-05-25 00:00:00+00:00,56.0,289668.0,152.0,148.9,150.5,150.5,28622.0
2021-05-26 00:00:00+00:00,55.0,288925.0,156.75,150.15,150.4,155.7,42339.0
2021-05-27 00:00:00+00:00,54.0,287557.0,157.25,154.55,156.55,155.35,50241.0
2021-05-28 00:00:00+00:00,53.0,287557.0,163.15,156.35,156.35,162.35,67596.0
2021-05-31 00:00:00+00:00,53.0,287557.0,,,,162.35,
2021-06-01 00:00:00+00:00,49.0,288472.0,166.75,159.3,162.0,161.05,68584.0
2021-06-02 00:00:00+00:00,48.0,291190.0,165.35,160.3,161.7,161.15,42183.0
2021-06-03 00:00:00+00:00,47.0,291442.0,162.1,156.1,160.9,157.6,56602.0
2021-06-04 00:00:00+00:00,46.0,291811.0,162.0,155.2,157.85,161.65,57252.0
2021-06-07 00:00:00+00:00,43.0,293321.0,163.6,158.9,161.8,160.15,81159.0
2021-06-08 00:00:00+00:00,42.0,293865.0,161.95,157.2,160.3,157.7,78754.0
2021-06-09 00:00:00+00:00,41.0,290110.0,159.6,155.85,157.7,157.2,66816.0
2021-06-10 00:00:00+00:00,40.0,290364.0,159.3,156.65,158.05,158.7,76812.0
2021-06-11 00:00:00+00:00,39.0,289133.0,160.7,157.2,159.6,157.45,74080.0
2021-06-14 00:00:00+00:00,36.0,286201.0,156.6,151.55,156.6,154.1,78680.0
2021-06-15 00:00:00+00:00,35.0,281887.0,154.75,150.75,154.3,151.2,64073.0
2021-06-16 00:00:00+00:00,34.0,278258.0,154.3,151.3,151.8,153.35,50762.0
2021-06-17 00:00:00+00:00,33.0,276208.0,152.65,148.8,152.55,149.55,49808.0
2021-06-18 00:00:00+00:00,32.0,269693.0,151.0,147.05,149.65,149.9,54116.0
2021-06-21 00:00:00+00:00,29.0,266732.0,153.95,147.1,149.05,152.35,41862.0
2021-06-22 00:00:00+00:00,28.0,266706.0,153.85,150.25,153.7,151.25,25643.0
2021-06-23 00:00:00+00:00,27.0,266544.0,152.6,151.9,152.15,153.15,24664.0
2021-06-24 00:00:00+00:00,26.0,266940.0,153.4,151.5,152.25,152.4,24852.0
2021-06-25 00:00:00+00:00,25.0,267580.0,157.3,154.75,154.75,157.25,32377.0
2021-06-28 00:00:00+00:00,22.0,270513.0,163.2,157.7,158.5,162.25,38948.0
2021-06-29 00:00:00+00:00,21.0,272533.0,162.75,159.5,162.7,159.7,28702.0
2021-06-30 00:00:00+00:00,20.0,273617.0,159.0,158.05,158.4,159.35,30983.0
2021-07-01 00:00:00+00:00,81.0,277144.0,164.65,154.1,161.1,156.4,57803.0
2021-07-02 00:00:00+00:00,80.0,277144.0,156.8,152.8,155.4,153.05,29870.0
2021-07-05 00:00:00+00:00,80.0,277144.0,,,,153.05,
2021-07-06 00:00:00+00:00,76.0,282563.0,153.85,147.65,153.05,148.1,61041.0
2021-07-07 00:00:00+00:00,75.0,282750.0,152.3,148.6,148.6,149.95,41262.0
2021-07-08 00:00:00+00:00,74.0,280686.0,152.85,148.1,150.95,152.25,48090.0
2021-07-09 00:00:00+00:00,73.0,280227.0,153.1,149.7,152.7,151.5,24961.0
2021-07-12 00:00:00+00:00,70.0,278200.0,154.9,150.1,150.55,154.0,33770.0
2021-07-13 00:00:00+00:00,69.0,276233.0,154.7,151.3,154.05,152.25,23098.0
2021-07-14 00:00:00+00:00,68.0,277799.0,156.75,152.9,152.95,156.6,25823.0
2021-07-15 00:00:00+00:00,67.0,277878.0,158.4,155.3,156.75,157.05,33103.0
2021-07-16 00:00:00+00:00,66.0,279920.0,161.95,157.55,157.95,161.35,53291.0
2021-07-19 00:00:00+00:00,63.0,282476.0,160.5,155.65,160.5,156.4,42354.0
2021-07-20 00:00:00+00:00,62.0,290424.0,168.45,160.2,160.2,166.8,84862.0
2021-07-21 00:00:00+00:00,61.0,295027.0,177.9,166.55,167.1,176.0,69683.0
2021-07-22 00:00:00+00:00,60.0,296379.0,195.5,180.0,180.0,193.65,96924.0
2021-07-23 00:00:00+00:00,59.0,295412.0,209.5,187.2,205.1,189.0,84485.0
2021-07-26 00:00:00+00:00,56.0,295912.0,215.2,199.0,199.5,207.8,78083.0
2021-07-27 00:00:00+00:00,55.0,294211.0,209.6,199.55,206.3,201.75,57688.0
2021-07-28 00:00:00+00:00,54.0,294827.0,205.35,195.2,204.05,200.45,65522.0
2021-07-29 00:00:00+00:00,53.0,296503.0,203.5,190.25,201.8,196.5,60808.0
2021-07-30 00:00:00+00:00,52.0,300218.0,201.75,178.6,200.0,179.55,71900.0
2021-08-02 00:00:00+00:00,49.0,303253.0,179.35,171.6,179.35,172.8,85049.0
2021-08-03 00:00:00+00:00,48.0,305341.0,177.7,172.05,172.8,174.85,44445.0
2021-08-04 00:00:00+00:00,47.0,305397.0,178.65,173.9,176.25,175.65,42994.0
2021-08-05 00:00:00+00:00,46.0,304462.0,177.65,173.3,175.65,176.9,45209.0
2021-08-06 00:00:00+00:00,45.0,303390.0,177.8,173.55,177.8,176.0,57160.0
2021-08-09 00:00:00+00:00,42.0,299991.0,180.6,172.45,174.8,179.35,62118.0
2021-08-10 00:00:00+00:00,41.0,289568.0,182.25,177.55,179.5,182.0,82669.0
2021-08-11 00:00:00+00:00,40.0,293634.0,185.3,179.8,181.0,183.85,83447.0
2021-08-12 00:00:00+00:00,39.0,291297.0,186.9,182.85,184.7,186.55,104150.0
2021-08-13 00:00:00+00:00,38.0,291246.0,187.35,181.2,185.95,182.75,73698.0
2021-08-16 00:00:00+00:00,35.0,288787.0,186.25,179.75,181.95,183.2,57714.0
2021-08-17 00:00:00+00:00,34.0,282471.0,184.25,178.3,184.2,178.95,55447.0
2021-08-18 00:00:00+00:00,33.0,285850.0,181.15,177.6,178.65,179.7,35715.0
2021-08-19 00:00:00+00:00,32.0,281903.0,179.15,175.2,179.15,178.2,53202.0
2021-08-20 00:00:00+00:00,31.0,279611.0,179.7,175.05,178.3,178.25,44168.0
2021-08-23 00:00:00+00:00,28.0,281395.0,180.45,177.2,177.45,179.95,16411.0
2021-08-24 00:00:00+00:00,27.0,280198.0,184.25,180.2,180.2,183.3,31569.0
2021-08-25 00:00:00+00:00,26.0,278343.0,185.35,183.9,185.35,184.05,29627.0
2021-08-26 00:00:00+00:00,25.0,277944.0,184.9,184.0,184.0,185.65,23365.0
2021-08-27 00:00:00+00:00,24.0,276836.0,189.6,186.05,186.05,189.5,39967.0
2021-08-30 00:00:00+00:00,21.0,276589.0,196.5,190.55,190.55,197.4,38223.0
2021-08-31 00:00:00+00:00,20.0,278607.0,193.2,193.15,193.15,193.45,48870.0
2021-09-01 00:00:00+00:00,110.0,280979.0,199.2,194.15,195.9,195.65,32034.0
2021-09-02 00:00:00+00:00,109.0,284149.0,199.75,193.0,195.25,194.35,35912.0
2021-09-03 00:00:00+00:00,108.0,284149.0,195.2,191.15,193.5,193.0,34380.0
2021-09-06 00:00:00+00:00,108.0,284149.0,,,,193.0,
2021-09-07 00:00:00+00:00,104.0,284987.0,197.45,192.35,196.1,193.95,30997.0
2021-09-08 00:00:00+00:00,103.0,285285.0,196.75,188.05,194.45,190.2,28651.0
2021-09-09 00:00:00+00:00,102.0,287041.0,191.1,183.75,190.4,187.45,35725.0
2021-09-10 00:00:00+00:00,101.0,285057.0,189.2,185.75,187.5,188.05,29934.0
2021-09-13 00:00:00+00:00,98.0,286885.0,188.45,185.2,187.4,186.8,35626.0
2021-09-14 00:00:00+00:00,97.0,288943.0,187.8,182.5,186.7,185.45,33104.0
2021-09-15 00:00:00+00:00,96.0,291032.0,188.25,185.15,185.9,187.35,26791.0
2021-09-16 00:00:00+00:00,95.0,292297.0,189.05,183.45,187.4,188.15,25070.0
2021-09-17 00:00:00+00:00,94.0,289678.0,189.85,184.65,188.0,186.4,36144.0
2021-09-20 00:00:00+00:00,91.0,289027.0,186.05,182.0,184.6,182.6,26332.0
2021-09-21 00:00:00+00:00,90.0,288289.0,185.55,182.35,183.05,183.35,26647.0
2021-09-22 00:00:00+00:00,89.0,290665.0,187.5,183.9,183.9,184.85,22208.0
2021-09-23 00:00:00+00:00,88.0,292121.0,191.0,185.25,185.35,190.6,36009.0
2021-09-24 00:00:00+00:00,87.0,291696.0,195.3,190.6,191.05,194.35,30171.0
2021-09-27 00:00:00+00:00,84.0,293852.0,195.55,191.95,193.6,193.65,22711.0
2021-09-28 00:00:00+00:00,83.0,294266.0,199.0,192.5,194.05,198.6,30823.0
2021-09-29 00:00:00+00:00,82.0,296040.0,199.45,193.25,198.45,193.4,23911.0
2021-09-30 00:00:00+00:00,81.0,296335.0,196.45,193.5,194.1,194.0,35917.0
2021-10-01 00:00:00+00:00,80.0,305103.0,205.55,192.95,194.0,204.05,56259.0
2021-10-04 00:00:00+00:00,77.0,305338.0,206.85,199.65,201.0,200.35,35827.0
2021-10-05 00:00:00+00:00,76.0,306363.0,201.15,191.3,200.55,191.9,44660.0
2021-10-06 00:00:00+00:00,75.0,306308.0,194.95,191.85,192.55,193.45,19510.0
2021-10-07 00:00:00+00:00,74.0,303888.0,200.25,193.8,195.15,197.9,43002.0
2021-10-08 00:00:00+00:00,73.0,303585.0,203.35,198.5,200.25,201.35,34044.0
2021-10-11 00:00:00+00:00,70.0,302995.0,204.85,196.7,199.35,204.25,23739.0
2021-10-12 00:00:00+00:00,69.0,305141.0,215.15,202.6,204.05,213.15,47585.0
2021-10-13 00:00:00+00:00,68.0,305587.0,214.95,205.8,214.55,208.65,39812.0
2021-10-14 00:00:00+00:00,67.0,305592.0,212.65,206.3,209.1,209.25,23129.0
2021-10-15 00:00:00+00:00,66.0,304310.0,211.0,202.75,209.75,203.4,29584.0
2021-10-18 00:00:00+00:00,63.0,306391.0,204.85,200.55,201.75,201.6,40845.0
2021-10-19 00:00:00+00:00,62.0,304874.0,205.6,201.7,202.6,204.25,29491.0
2021-10-20 00:00:00+00:00,61.0,306921.0,207.0,203.5,205.2,205.55,32585.0
2021-10-21 00:00:00+00:00,60.0,307412.0,208.65,201.55,205.15,203.3,54555.0
2021-10-22 00:00:00+00:00,59.0,308743.0,206.4,198.4,203.8,199.85,34955.0
2021-10-25 00:00:00+00:00,56.0,306624.0,203.8,197.25,199.95,202.55,42373.0
2021-10-26 00:00:00+00:00,55.0,307195.0,210.3,202.3,203.35,208.1,39188.0
2021-10-27 00:00:00+00:00,54.0,307086.0,208.7,199.65,207.3,201.35,57449.0
2021-10-28 00:00:00+00:00,53.0,306009.0,203.2,198.6,201.0,199.95,41145.0
2021-10-29 00:00:00+00:00,52.0,305140.0,204.4,198.65,200.9,203.95,46442.0
2021-11-01 00:00:00+00:00,49.0,308662.0,209.85,202.2,203.2,208.7,44306.0
2021-11-02 00:00:00+00:00,48.0,310931.0,209.0,204.7,208.2,208.05,51428.0
2021-11-03 00:00:00+00:00,47.0,313517.0,212.0,205.85,208.05,209.3,57848.0
2021-11-04 00:00:00+00:00,46.0,314986.0,211.4,206.0,209.5,208.6,59810.0
2021-11-05 00:00:00+00:00,45.0,316085.0,209.5,202.3,209.5,203.55,89894.0
2021-11-08 00:00:00+00:00,42.0,312817.0,206.1,199.3,203.6,199.65,85460.0
2021-11-09 00:00:00+00:00,41.0,312143.0,206.7,198.7,201.2,205.9,86947.0
2021-11-10 00:00:00+00:00,40.0,311490.0,206.6,203.5,206.4,204.0,82852.0
2021-11-11 00:00:00+00:00,39.0,307863.0,212.6,205.4,206.1,210.9,107331.0
2021-11-12 00:00:00+00:00,38.0,297131.0,221.5,209.25,211.4,219.7,108298.0
2021-11-15 00:00:00+00:00,35.0,288702.0,225.9,217.0,219.45,222.75,65983.0
2021-11-16 00:00:00+00:00,34.0,286343.0,224.65,221.3,223.85,222.05,49980.0
2021-11-17 00:00:00+00:00,33.0,281868.0,233.75,224.0,224.3,232.6,67106.0
2021-11-18 00:00:00+00:00,32.0,275019.0,237.5,227.5,233.5,228.95,64569.0
2021-11-19 00:00:00+00:00,31.0,274668.0,239.0,227.95,231.0,233.3,41590.0
2021-11-22 00:00:00+00:00,28.0,275163.0,234.1,228.85,231.4,231.35,26127.0
2021-11-23 00:00:00+00:00,27.0,272527.0,242.4,233.75,233.85,242.55,47432.0
2021-11-24 00:00:00+00:00,26.0,272527.0,247.55,240.0,240.8,246.3,47126.0
2021-11-25 00:00:00+00:00,26.0,272527.0,,,,246.3,
2021-11-26 00:00:00+00:00,24.0,269913.0,245.45,242.15,242.2,243.85,35360.0
2021-11-29 00:00:00+00:00,21.0,266663.0,246.65,231.5,241.2,233.85,51181.0
2021-11-30 00:00:00+00:00,20.0,266001.0,233.25,231.35,231.35,233.25,43099.0
2021-12-01 00:00:00+00:00,110.0,265445.0,238.3,231.55,234.5,233.25,35148.0
2021-12-02 00:00:00+00:00,109.0,266332.0,238.0,231.6,231.6,236.6,31381.0
2021-12-03 00:00:00+00:00,108.0,266707.0,244.8,237.05,238.0,243.35,33296.0
2021-12-06 00:00:00+00:00,105.0,266809.0,250.85,242.35,242.5,249.85,41737.0
2021-12-07 00:00:00+00:00,104.0,265046.0,252.35,240.85,249.5,243.3,44428.0
2021-12-08 00:00:00+00:00,103.0,264375.0,247.4,242.25,244.75,244.2,32616.0
2021-12-09 00:00:00+00:00,102.0,264610.0,245.35,238.85,245.0,240.2,34404.0
2021-12-10 00:00:00+00:00,101.0,262052.0,241.25,231.95,241.0,232.6,42272.0
2021-12-13 00:00:00+00:00,98.0,261356.0,239.4,233.3,234.4,236.7,29460.0
2021-12-14 00:00:00+00:00,97.0,260063.0,239.15,235.4,237.25,237.15,22099.0
2021-12-15 00:00:00+00:00,96.0,260774.0,241.6,235.65,236.85,237.3,30089.0
2021-12-16 00:00:00+00:00,95.0,260047.0,240.4,233.25,239.15,236.85,26611.0
2021-12-17 00:00:00+00:00,94.0,258829.0,238.0,234.0,236.7,234.75,17917.0
2021-12-20 00:00:00+00:00,91.0,257612.0,233.0,223.1,232.2,224.1,39223.0
2021-12-21 00:00:00+00:00,90.0,258871.0,229.4,224.0,225.55,228.25,26326.0
2021-12-22 00:00:00+00:00,89.0,260495.0,235.2,228.1,229.7,233.55,22730.0
2021-12-23 00:00:00+00:00,88.0,260495.0,235.35,229.05,234.75,231.2,17080.0
2021-12-24 00:00:00+00:00,88.0,260495.0,,,,231.2,
2021-12-27 00:00:00+00:00,84.0,260981.0,229.85,226.55,229.55,227.05,12656.0
2021-12-28 00:00:00+00:00,83.0,261263.0,228.4,225.0,227.9,225.6,14209.0
2021-12-29 00:00:00+00:00,82.0,261073.0,229.9,225.35,225.6,228.9,15153.0
2021-12-30 00:00:00+00:00,81.0,260027.0,229.65,226.2,229.1,228.85,17390.0
2021-12-31 00:00:00+00:00,80.0,258958.0,228.8,224.1,228.5,226.1,25597.0
2022-01-03 00:00:00+00:00,77.0,260368.0,226.95,220.55,226.15,223.3,29504.0
2022-01-04 00:00:00+00:00,76.0,262231.0,235.75,223.75,224.75,231.75,40488.0
2022-01-05 00:00:00+00:00,75.0,262197.0,233.75,230.05,232.05,231.75,29307.0
2022-01-06 00:00:00+00:00,74.0,265417.0,232.0,227.55,230.6,231.7,34245.0
2022-01-07 00:00:00+00:00,73.0,266496.0,240.5,231.35,232.0,238.45,47845.0
2022-01-10 00:00:00+00:00,70.0,266239.0,239.0,232.55,238.4,234.9,43691.0
2022-01-11 00:00:00+00:00,69.0,265514.0,238.15,233.55,235.75,237.05,35992.0
2022-01-12 00:00:00+00:00,68.0,265740.0,244.9,238.0,238.25,240.85,46804.0
2022-01-13 00:00:00+00:00,67.0,265570.0,242.65,236.35,241.3,237.0,39451.0
2022-01-14 00:00:00+00:00,66.0,265570.0,240.2,234.7,236.65,239.65,34892.0
2022-01-17 00:00:00+00:00,66.0,265570.0,,,,239.65,
2022-01-18 00:00:00+00:00,62.0,264394.0,241.65,237.75,239.0,239.6,35959.0
2022-01-19 00:00:00+00:00,61.0,269211.0,245.0,238.35,238.4,244.45,36013.0
2022-01-20 00:00:00+00:00,60.0,271346.0,245.0,241.0,245.0,243.65,32953.0
2022-01-21 00:00:00+00:00,59.0,274285.0,242.2,236.0,241.3,237.9,44692.0
2022-01-24 00:00:00+00:00,56.0,274268.0,237.5,230.45,237.45,232.95,70009.0
2022-01-25 00:00:00+00:00,55.0,274327.0,239.0,234.55,235.0,237.9,45683.0
2022-01-26 00:00:00+00:00,54.0,276609.0,241.35,237.25,238.6,238.9,23487.0
2022-01-27 00:00:00+00:00,53.0,277790.0,237.75,231.55,237.25,232.05,59722.0
2022-01-28 00:00:00+00:00,52.0,276511.0,237.9,230.3,233.05,235.9,43100.0
2022-01-31 00:00:00+00:00,49.0,275017.0,237.7,233.8,235.35,235.1,46512.0
2022-02-01 00:00:00+00:00,48.0,274865.0,240.85,235.75,235.75,236.7,66034.0
2022-02-02 00:00:00+00:00,47.0,276702.0,240.35,236.25,237.7,238.8,47220.0
2022-02-03 00:00:00+00:00,46.0,281109.0,244.3,237.85,239.5,243.9,62305.0
2022-02-04 00:00:00+00:00,45.0,279667.0,244.4,238.1,244.05,241.85,55937.0
2022-02-07 00:00:00+00:00,42.0,275135.0,242.9,239.55,241.6,241.65,51994.0
2022-02-08 00:00:00+00:00,41.0,273102.0,250.0,241.75,242.0,248.95,121958.0
2022-02-09 00:00:00+00:00,40.0,271429.0,259.5,247.9,248.3,258.35,123155.0
2022-02-10 00:00:00+00:00,39.0,265904.0,260.45,253.65,259.1,255.2,82699.0
2022-02-11 00:00:00+00:00,38.0,261971.0,256.8,250.85,254.6,251.65,74945.0
2022-02-14 00:00:00+00:00,35.0,256459.0,253.9,244.8,251.25,247.55,59176.0
2022-02-15 00:00:00+00:00,34.0,254992.0,252.2,246.95,249.45,251.85,54897.0
2022-02-16 00:00:00+00:00,33.0,251189.0,254.55,250.05,253.0,252.25,52701.0
2022-02-17 00:00:00+00:00,32.0,251301.0,253.6,248.95,252.2,251.5,22917.0
2022-02-18 00:00:00+00:00,31.0,251301.0,252.35,244.3,252.35,246.85,35710.0
2022-02-21 00:00:00+00:00,31.0,251301.0,,,,246.85,
2022-02-22 00:00:00+00:00,27.0,252688.0,249.1,244.0,246.7,248.45,25056.0
2022-02-23 00:00:00+00:00,26.0,255318.0,252.75,248.4,249.5,248.6,27503.0
2022-02-24 00:00:00+00:00,25.0,257281.0,248.5,238.95,248.5,239.35,43133.0
2022-02-25 00:00:00+00:00,24.0,256022.0,243.35,239.5,243.35,240.05,37300.0
2022-02-28 00:00:00+00:00,21.0,253708.0,239.5,233.95,239.5,234.25,38368.0
2022-03-01 00:00:00+00:00,78.0,252545.0,239.15,234.5,235.0,236.0,33519.0
2022-03-02 00:00:00+00:00,77.0,245006.0,236.4,227.2,236.4,229.2,48079.0
2022-03-03 00:00:00+00:00,76.0,239986.0,230.7,221.75,229.0,222.9,56038.0
2022-03-04 00:00:00+00:00,75.0,233911.0,226.75,220.45,224.1,224.25,45892.0
2022-03-07 00:00:00+00:00,72.0,226622.0,229.4,221.0,225.05,224.25,44197.0
2022-03-08 00:00:00+00:00,71.0,224222.0,233.4,222.75,224.4,232.9,49791.0
2022-03-09 00:00:00+00:00,70.0,221051.0,235.9,227.65,233.4,229.3,40087.0
2022-03-10 00:00:00+00:00,69.0,220517.0,229.9,221.75,228.45,224.2,47200.0
2022-03-11 00:00:00+00:00,68.0,223764.0,225.4,221.2,224.6,221.95,28890.0
2022-03-14 00:00:00+00:00,65.0,225908.0,223.45,218.05,221.95,218.8,40756.0
2022-03-15 00:00:00+00:00,64.0,224693.0,218.9,210.15,218.2,211.15,44000.0
2022-03-16 00:00:00+00:00,63.0,225496.0,219.3,210.7,211.25,217.5,40660.0
2022-03-17 00:00:00+00:00,62.0,224689.0,218.8,213.5,218.0,216.1,34674.0
2022-03-18 00:00:00+00:00,61.0,223036.0,221.25,214.4,215.55,220.05,30624.0
2022-03-21 00:00:00+00:00,58.0,222486.0,225.3,219.75,220.05,224.65,28120.0
2022-03-22 00:00:00+00:00,57.0,222172.0,227.85,223.3,224.9,225.05,28074.0
2022-03-23 00:00:00+00:00,56.0,223213.0,228.65,223.2,224.2,225.3,27871.0
2022-03-24 00:00:00+00:00,55.0,223799.0,227.1,220.55,225.7,221.85,23427.0
2022-03-25 00:00:00+00:00,54.0,224275.0,223.2,219.4,222.95,221.85,21070.0
2022-03-28 00:00:00+00:00,51.0,228203.0,222.95,212.5,221.75,214.55,54179.0
2022-03-29 00:00:00+00:00,50.0,227547.0,217.4,214.0,215.25,215.7,27093.0
2022-03-30 00:00:00+00:00,49.0,228869.0,223.2,213.1,215.55,221.85,34392.0
2022-03-31 00:00:00+00:00,48.0,228482.0,227.65,220.15,222.05,226.4,35683.0
2022-04-01 00:00:00+00:00,47.0,228159.0,230.4,224.8,226.0,228.4,30405.0
2022-04-04 00:00:00+00:00,44.0,227082.0,231.85,226.25,227.8,230.6,40176.0
2022-04-05 00:00:00+00:00,43.0,226730.0,232.25,228.8,231.7,231.3,48716.0
2022-04-06 00:00:00+00:00,42.0,225504.0,231.55,225.0,230.95,227.6,63434.0
2022-04-07 00:00:00+00:00,41.0,223614.0,230.25,224.2,229.2,226.15,64436.0
2022-04-08 00:00:00+00:00,40.0,219641.0,233.0,224.8,225.15,231.65,81141.0
2022-04-11 00:00:00+00:00,37.0,217817.0,237.6,230.95,231.65,236.6,78622.0
2022-04-12 00:00:00+00:00,36.0,214938.0,237.75,232.75,237.4,233.6,64560.0
2022-04-13 00:00:00+00:00,35.0,215702.0,235.0,224.65,233.85,225.05,92253.0
2022-04-14 00:00:00+00:00,34.0,215702.0,227.7,221.0,225.85,223.6,53943.0
2022-04-15 00:00:00+00:00,34.0,215702.0,,,,223.6,
2022-04-18 00:00:00+00:00,30.0,211473.0,225.6,220.0,224.3,223.5,29923.0
2022-04-19 00:00:00+00:00,29.0,209410.0,224.8,219.75,223.5,221.3,42753.0
2022-04-20 00:00:00+00:00,28.0,209906.0,222.95,217.25,222.0,218.8,39640.0
2022-04-21 00:00:00+00:00,27.0,207727.0,228.15,218.0,220.25,228.15,30415.0
2022-04-22 00:00:00+00:00,26.0,206510.0,229.65,226.0,227.5,227.3,20938.0
2022-04-25 00:00:00+00:00,23.0,205918.0,226.4,221.2,226.4,220.8,19948.0
2022-04-26 00:00:00+00:00,22.0,205492.0,223.0,220.6,223.0,221.4,20043.0
2022-04-27 00:00:00+00:00,21.0,206793.0,220.4,215.0,220.3,215.95,24819.0
2022-04-28 00:00:00+00:00,20.0,205536.0,218.4,214.65,217.0,217.9,22544.0
2022-04-29 00:00:00+00:00,19.0,204585.0,222.55,222.55,222.55,222.55,22052.0
2022-05-02 00:00:00+00:00,78.0,206410.0,221.0,214.65,221.0,215.9,24395.0
2022-05-03 00:00:00+00:00,77.0,206337.0,220.8,215.4,216.9,217.95,24010.0
2022-05-04 00:00:00+00:00,76.0,207438.0,221.75,217.9,218.3,220.8,27322.0
2022-05-05 00:00:00+00:00,75.0,207438.0,222.9,216.1,221.0,217.25,23641.0
2022-05-06 00:00:00+00:00,74.0,212081.0,216.5,210.0,216.3,210.45,44826.0
2022-05-09 00:00:00+00:00,71.0,212156.0,212.0,203.35,210.0,206.1,45225.0
2022-05-10 00:00:00+00:00,70.0,212659.0,207.8,202.3,207.1,203.8,34647.0
2022-05-11 00:00:00+00:00,69.0,212282.0,220.45,204.05,204.05,219.9,46627.0
2022-05-12 00:00:00+00:00,68.0,210641.0,218.5,212.55,217.9,215.3,35752.0
2022-05-13 00:00:00+00:00,67.0,208343.0,216.85,209.65,215.9,213.9,39430.0
2022-05-16 00:00:00+00:00,64.0,206985.0,226.2,211.9,211.9,224.8,43248.0
2022-05-17 00:00:00+00:00,63.0,206106.0,229.35,220.55,224.0,227.2,34462.0
2022-05-18 00:00:00+00:00,62.0,206641.0,226.5,215.75,226.5,217.6,34675.0
2022-05-19 00:00:00+00:00,61.0,208030.0,219.4,213.2,218.0,218.7,29875.0
2022-05-20 00:00:00+00:00,60.0,208197.0,223.3,214.3,221.9,215.85,26256.0
2022-05-23 00:00:00+00:00,57.0,209680.0,217.7,214.75,216.85,215.75,22072.0
2022-05-24 00:00:00+00:00,56.0,211266.0,215.6,211.0,215.25,213.65,28001.0
2022-05-25 00:00:00+00:00,55.0,214060.0,218.3,212.25,213.2,217.05,37596.0
2022-05-26 00:00:00+00:00,54.0,214155.0,227.3,216.5,216.85,226.6,39009.0
2022-05-27 00:00:00+00:00,53.0,214155.0,229.9,224.2,225.1,229.45,29067.0
2022-05-30 00:00:00+00:00,53.0,214155.0,,,,229.45,
2022-05-31 00:00:00+00:00,49.0,214170.0,233.8,223.85,228.3,231.25,51905.0
2022-06-01 00:00:00+00:00,48.0,218569.0,240.65,232.05,232.05,239.45,59689.0
2022-06-02 00:00:00+00:00,47.0,221004.0,242.0,236.95,239.45,238.25,44443.0
2022-06-03 00:00:00+00:00,46.0,224206.0,240.0,231.45,236.15,232.4,37590.0
2022-06-06 00:00:00+00:00,43.0,226117.0,240.45,232.85,233.6,237.55,58404.0
2022-06-07 00:00:00+00:00,42.0,222583.0,238.65,230.75,235.4,232.15,62034.0
2022-06-08 00:00:00+00:00,41.0,220031.0,234.6,229.85,233.0,231.85,62025.0
2022-06-09 00:00:00+00:00,40.0,218374.0,235.7,230.3,231.25,234.65,51118.0
2022-06-10 00:00:00+00:00,39.0,210915.0,235.45,227.8,234.0,228.9,90089.0
2022-06-13 00:00:00+00:00,36.0,207122.0,227.85,218.9,226.8,223.35,64080.0
2022-06-14 00:00:00+00:00,35.0,202656.0,229.25,222.9,224.25,226.95,42253.0
2022-06-15 00:00:00+00:00,34.0,202134.0,229.7,221.75,225.85,228.5,36084.0
2022-06-16 00:00:00+00:00,33.0,201351.0,233.0,226.2,228.5,231.95,26255.0
2022-06-17 00:00:00+00:00,32.0,201351.0,234.5,226.8,232.7,227.65,32438.0
2022-06-20 00:00:00+00:00,32.0,201351.0,,,,227.65,
2022-06-21 00:00:00+00:00,28.0,192832.0,236.4,227.9,227.9,233.1,58463.0
2022-06-22 00:00:00+00:00,27.0,193216.0,239.0,232.5,233.95,238.6,21417.0
2022-06-23 00:00:00+00:00,26.0,193514.0,238.5,231.7,238.5,232.45,26468.0
2022-06-24 00:00:00+00:00,25.0,193416.0,234.45,226.0,231.25,226.6,28899.0
2022-06-27 00:00:00+00:00,22.0,193817.0,229.2,224.25,227.4,226.0,26177.0
2022-06-28 00:00:00+00:00,21.0,194896.0,224.95,221.25,224.5,221.9,31572.0
2022-06-29 00:00:00+00:00,20.0,194522.0,232.65,223.25,223.3,232.65,47673.0
2022-06-30 00:00:00+00:00,19.0,193646.0,233.7,233.7,233.7,233.6,26073.0
2022-07-01 00:00:00+00:00,81.0,193646.0,236.05,223.7,231.05,224.65,30149.0
2022-07-04 00:00:00+00:00,81.0,193646.0,,,,224.65,
2022-07-05 00:00:00+00:00,77.0,193731.0,225.9,220.15,224.5,221.05,26325.0
2022-07-06 00:00:00+00:00,76.0,194374.0,223.95,218.3,222.2,219.2,23635.0
2022-07-07 00:00:00+00:00,75.0,194218.0,223.7,218.35,219.2,218.9,25640.0
2022-07-08 00:00:00+00:00,74.0,193568.0,221.75,215.1,218.8,220.45,28341.0
2022-07-11 00:00:00+00:00,71.0,193979.0,220.0,212.7,219.2,213.25,28669.0
2022-07-12 00:00:00+00:00,70.0,195810.0,214.5,204.75,212.8,205.35,46651.0
2022-07-13 00:00:00+00:00,69.0,197051.0,209.85,205.25,207.3,207.35,32503.0
2022-07-14 00:00:00+00:00,68.0,200442.0,207.3,194.95,207.2,195.3,58440.0
2022-07-15 00:00:00+00:00,67.0,200339.0,202.15,194.6,198.0,199.8,39366.0
2022-07-18 00:00:00+00:00,64.0,197893.0,216.4,202.0,202.0,215.2,50983.0
2022-07-19 00:00:00+00:00,63.0,196041.0,216.75,211.35,215.0,216.5,23496.0
2022-07-20 00:00:00+00:00,62.0,195878.0,218.6,213.95,216.0,218.15,25437.0
2022-07-21 00:00:00+00:00,61.0,196171.0,218.25,214.3,217.3,215.85,22697.0
2022-07-22 00:00:00+00:00,60.0,196056.0,214.8,205.5,214.8,206.7,40753.0
2022-07-25 00:00:00+00:00,57.0,198132.0,211.25,204.2,205.2,210.05,28341.0
2022-07-26 00:00:00+00:00,56.0,199536.0,215.1,209.65,210.5,213.2,29417.0
2022-07-27 00:00:00+00:00,55.0,203076.0,220.25,212.55,213.05,219.1,43728.0
2022-07-28 00:00:00+00:00,54.0,204179.0,221.4,214.25,219.3,218.4,30722.0
2022-07-29 00:00:00+00:00,53.0,205896.0,220.4,211.95,219.4,217.2,41868.0
2022-08-01 00:00:00+00:00,50.0,205951.0,222.2,210.4,217.55,213.2,44434.0
2022-08-02 00:00:00+00:00,49.0,207740.0,212.8,205.9,211.7,209.9,41141.0
2022-08-03 00:00:00+00:00,48.0,208816.0,218.55,207.4,207.8,214.65,45985.0
2022-08-04 00:00:00+00:00,47.0,210037.0,220.45,214.15,214.8,219.3,52199.0
2022-08-05 00:00:00+00:00,46.0,210037.0,221.95,208.55,220.1,209.45,85257.0
2022-08-08 00:00:00+00:00,43.0,211275.0,215.7,207.5,210.4,211.85,58299.0
2022-08-09 00:00:00+00:00,42.0,209446.0,213.5,208.2,212.0,212.75,52452.0
2022-08-10 00:00:00+00:00,41.0,210067.0,221.35,212.6,212.75,220.45,61038.0
2022-08-11 00:00:00+00:00,40.0,203998.0,224.45,215.25,221.2,223.95,59078.0
2022-08-12 00:00:00+00:00,39.0,199963.0,227.7,221.25,223.85,226.6,37639.0
2022-08-15 00:00:00+00:00,36.0,195432.0,226.25,221.65,226.05,225.5,34558.0
2022-08-16 00:00:00+00:00,35.0,190302.0,225.0,218.7,224.9,219.35,40088.0
2022-08-17 00:00:00+00:00,34.0,190953.0,222.1,215.9,219.0,217.45,31660.0
2022-08-18 00:00:00+00:00,33.0,186607.0,220.7,214.35,218.0,214.7,29550.0
2022-08-19 00:00:00+00:00,32.0,183415.0,217.55,212.6,215.2,215.95,33765.0
2022-08-22 00:00:00+00:00,29.0,184115.0,225.6,213.55,215.0,224.3,48135.0
2022-08-23 00:00:00+00:00,28.0,184372.0,231.6,222.8,224.55,230.65,28227.0
2022-08-24 00:00:00+00:00,27.0,188954.0,242.35,234.35,234.35,242.95,49042.0
2022-08-25 00:00:00+00:00,26.0,193278.0,246.9,241.95,242.65,243.4,35418.0
2022-08-26 00:00:00+00:00,25.0,194108.0,245.25,242.45,242.6,242.0,25509.0
2022-08-29 00:00:00+00:00,22.0,194008.0,240.55,240.55,240.55,240.5,19088.0
2022-08-30 00:00:00+00:00,21.0,193889.0,241.75,238.75,238.75,239.15,26969.0
2022-08-31 00:00:00+00:00,20.0,194134.0,240.75,239.65,240.75,239.1,25388.0
2022-09-01 00:00:00+00:00,109.0,194751.0,236.4,231.7,234.6,232.5,25602.0
2022-09-02 00:00:00+00:00,108.0,0.0,234.05,228.25,232.5,228.8,24228.0
2022-09-05 00:00:00+00:00,108.0,0.0,,,,228.8,
2022-09-06 00:00:00+00:00,104.0,193938.0,231.55,226.85,228.75,230.25,32404.0
2022-09-07 00:00:00+00:00,103.0,195364.0,231.0,222.95,229.95,223.25,31773.0
2022-09-08 00:00:00+00:00,102.0,197300.0,226.55,220.65,224.25,222.2,34606.0
2022-09-09 00:00:00+00:00,101.0,197040.0,230.2,224.1,224.75,228.5,24842.0
2022-09-12 00:00:00+00:00,98.0,197099.0,230.05,224.1,229.0,224.75,20145.0
2022-09-13 00:00:00+00:00,97.0,197657.0,226.0,217.15,224.8,220.7,29738.0
2022-09-14 00:00:00+00:00,96.0,198501.0,222.4,214.05,221.45,214.85,36310.0
2022-09-15 00:00:00+00:00,95.0,196641.0,217.55,214.3,217.05,216.4,22197.0
2022-09-16 00:00:00+00:00,94.0,195796.0,216.25,211.35,216.25,215.1,21493.0
2022-09-19 00:00:00+00:00,91.0,194110.0,222.1,210.85,214.5,221.1,25558.0
2022-09-20 00:00:00+00:00,90.0,191433.0,226.45,220.25,222.4,225.15,29487.0
2022-09-21 00:00:00+00:00,89.0,190388.0,226.4,219.4,224.7,221.3,20346.0
2022-09-22 00:00:00+00:00,88.0,189701.0,224.4,218.1,220.75,223.55,16972.0
2022-09-23 00:00:00+00:00,87.0,189445.0,223.4,217.25,222.4,220.45,18938.0
2022-09-26 00:00:00+00:00,84.0,186285.0,232.05,218.4,218.5,223.8,36020.0
2022-09-27 00:00:00+00:00,83.0,185149.0,229.05,222.9,225.0,224.35,26973.0
2022-09-28 00:00:00+00:00,82.0,185393.0,229.4,220.35,223.95,228.7,32294.0
2022-09-29 00:00:00+00:00,81.0,186329.0,229.75,224.2,228.2,225.7,27789.0
2022-09-30 00:00:00+00:00,80.0,185762.0,226.45,220.9,225.2,221.55,31830.0
2022-10-03 00:00:00+00:00,77.0,186255.0,222.65,214.75,220.8,215.75,38987.0
2022-10-04 00:00:00+00:00,76.0,184698.0,222.45,216.3,216.55,219.3,34741.0
2022-10-05 00:00:00+00:00,75.0,185413.0,226.3,218.1,219.65,224.65,48697.0
2022-10-06 00:00:00+00:00,74.0,187390.0,226.45,216.75,226.25,217.7,44217.0
2022-10-07 00:00:00+00:00,73.0,189129.0,221.05,213.8,217.95,218.1,40441.0
2022-10-10 00:00:00+00:00,70.0,188607.0,219.35,215.35,217.0,217.45,21505.0
2022-10-11 00:00:00+00:00,69.0,188198.0,220.9,215.15,216.9,217.85,28226.0
2022-10-12 00:00:00+00:00,68.0,187967.0,218.85,209.2,217.4,209.75,54894.0
2022-10-13 00:00:00+00:00,67.0,191128.0,210.6,201.1,209.7,202.15,65637.0
2022-10-14 00:00:00+00:00,66.0,195577.0,204.6,195.65,203.0,196.7,62256.0
2022-10-17 00:00:00+00:00,63.0,197432.0,199.7,194.05,197.5,195.55,44461.0
2022-10-18 00:00:00+00:00,62.0,196729.0,197.8,193.2,196.3,195.1,35752.0
2022-10-19 00:00:00+00:00,61.0,199158.0,196.45,190.15,195.1,192.3,35905.0
2022-10-20 00:00:00+00:00,60.0,205735.0,194.6,188.2,190.15,191.05,40584.0
2022-10-21 00:00:00+00:00,59.0,209292.0,192.55,186.2,188.7,190.9,38698.0
2022-10-24 00:00:00+00:00,56.0,205869.0,194.15,188.9,190.05,190.4,40163.0
2022-10-25 00:00:00+00:00,55.0,208280.0,192.8,183.3,191.1,185.8,62395.0
2022-10-26 00:00:00+00:00,54.0,208601.0,185.75,179.05,184.9,179.75,59549.0
2022-10-27 00:00:00+00:00,53.0,209782.0,183.6,178.1,181.0,178.85,46523.0
2022-10-28 00:00:00+00:00,52.0,216688.0,179.65,167.75,178.85,169.8,80873.0
2022-10-31 00:00:00+00:00,49.0,218584.0,178.55,171.55,171.7,177.7,58378.0
2022-11-01 00:00:00+00:00,48.0,217400.0,180.6,173.8,177.85,174.6,50577.0
2022-11-02 00:00:00+00:00,47.0,216274.0,183.4,175.2,175.2,182.15,44744.0
2022-11-03 00:00:00+00:00,46.0,219218.0,181.25,170.0,181.15,172.2,52270.0
2022-11-04 00:00:00+00:00,45.0,219188.0,177.9,173.45,174.4,175.75,33409.0
2022-11-07 00:00:00+00:00,42.0,218112.0,177.55,166.45,175.7,170.55,62830.0
2022-11-08 00:00:00+00:00,41.0,217646.0,172.55,163.8,171.5,166.45,68160.0
2022-11-09 00:00:00+00:00,40.0,214999.0,168.45,163.65,164.9,165.15,61413.0
2022-11-10 00:00:00+00:00,39.0,215799.0,171.7,162.9,165.3,171.0,64448.0
2022-11-11 00:00:00+00:00,38.0,197258.0,173.7,168.7,170.25,170.1,52483.0
2022-11-14 00:00:00+00:00,35.0,194840.0,168.7,163.4,168.7,166.2,46769.0
2022-11-15 00:00:00+00:00,34.0,191743.0,167.7,154.1,166.15,156.75,72668.0
2022-11-16 00:00:00+00:00,33.0,193533.0,159.55,154.3,158.9,155.45,43671.0
2022-11-17 00:00:00+00:00,32.0,194861.0,156.15,150.6,154.9,152.7,46473.0
2022-11-18 00:00:00+00:00,31.0,193602.0,157.05,150.75,153.65,151.3,37650.0
2022-11-21 00:00:00+00:00,28.0,194878.0,159.0,150.45,151.5,157.5,28502.0
2022-11-22 00:00:00+00:00,27.0,194922.0,162.25,160.0,160.0,161.8,36519.0
2022-11-23 00:00:00+00:00,26.0,194922.0,163.85,160.2,163.85,160.1,26529.0
2022-11-24 00:00:00+00:00,26.0,194922.0,,,,160.1,
2022-11-25 00:00:00+00:00,24.0,195846.0,162.3,162.3,162.3,163.55,14116.0
2022-11-28 00:00:00+00:00,21.0,196621.0,162.9,160.85,162.9,160.65,17920.0
2022-11-29 00:00:00+00:00,20.0,196365.0,166.7,166.7,166.7,166.7,21427.0
2022-11-30 00:00:00+00:00,19.0,196455.0,167.5,167.5,167.5,167.7,24988.0
2022-12-01 00:00:00+00:00,110.0,198570.0,174.35,164.95,170.0,165.75,40352.0
2022-12-02 00:00:00+00:00,109.0,200985.0,165.8,161.7,165.25,162.6,27908.0
2022-12-05 00:00:00+00:00,106.0,202303.0,165.1,162.0,162.25,162.6,21344.0
2022-12-06 00:00:00+00:00,105.0,203296.0,166.65,162.5,163.25,163.5,21045.0
2022-12-07 00:00:00+00:00,104.0,204518.0,164.85,159.05,163.85,160.2,31329.0
2022-12-08 00:00:00+00:00,103.0,204778.0,161.9,157.55,160.55,158.7,29894.0
2022-12-09 00:00:00+00:00,102.0,202012.0,160.9,157.05,160.1,158.15,31642.0
2022-12-12 00:00:00+00:00,99.0,199482.0,167.6,154.55,157.7,167.05,46564.0
2022-12-13 00:00:00+00:00,98.0,198702.0,169.1,165.1,166.4,167.9,31727.0
2022-12-14 00:00:00+00:00,97.0,196380.0,169.55,166.05,168.2,168.15,20657.0
2022-12-15 00:00:00+00:00,96.0,193427.0,173.1,166.25,166.7,171.75,28965.0
2022-12-16 00:00:00+00:00,95.0,189479.0,173.8,163.8,171.65,164.4,31656.0
2022-12-19 00:00:00+00:00,92.0,189899.0,167.1,162.55,163.95,164.3,21568.0
2022-12-20 00:00:00+00:00,91.0,187879.0,169.65,164.2,164.5,167.8,22062.0
2022-12-21 00:00:00+00:00,90.0,187096.0,170.35,167.1,168.5,169.35,17681.0
2022-12-22 00:00:00+00:00,89.0,186857.0,170.2,165.15,169.1,168.9,19694.0
2022-12-23 00:00:00+00:00,88.0,186857.0,172.65,168.8,168.9,172.0,17311.0
2022-12-26 00:00:00+00:00,88.0,186857.0,,,,172.0,
2022-12-27 00:00:00+00:00,84.0,185259.0,171.0,165.7,171.0,166.95,17946.0
2022-12-28 00:00:00+00:00,83.0,184843.0,174.95,166.7,166.75,173.55,25828.0
2022-12-29 00:00:00+00:00,82.0,183283.0,173.4,169.25,172.95,170.05,16029.0
2022-12-30 00:00:00+00:00,81.0,183283.0,172.45,165.15,169.1,167.3,25438.0
2023-01-02 00:00:00+00:00,81.0,183283.0,,,,167.3,
2023-01-03 00:00:00+00:00,77.0,187767.0,171.15,164.65,166.45,166.3,38127.0
2023-01-04 00:00:00+00:00,76.0,194611.0,167.95,159.25,167.25,161.3,41647.0
2023-01-05 00:00:00+00:00,75.0,197455.0,163.15,159.5,162.25,160.55,32542.0
2023-01-06 00:00:00+00:00,74.0,200995.0,162.55,157.15,160.1,158.3,32755.0
2023-01-09 00:00:00+00:00,71.0,204948.0,161.2,156.4,158.3,158.05,45783.0
2023-01-10 00:00:00+00:00,70.0,210169.0,158.05,149.1,157.0,150.9,71354.0
2023-01-11 00:00:00+00:00,69.0,220388.0,150.5,142.05,149.8,143.9,80022.0
2023-01-12 00:00:00+00:00,68.0,221859.0,150.75,143.9,143.9,149.4,61186.0
2023-01-13 00:00:00+00:00,67.0,221859.0,152.35,147.0,150.55,151.7,47498.0
2023-01-16 00:00:00+00:00,67.0,221859.0,,,,151.7,
2023-01-17 00:00:00+00:00,63.0,224829.0,152.1,148.5,150.5,151.1,30495.0
2023-01-18 00:00:00+00:00,62.0,227719.0,156.05,151.5,151.55,155.0,36144.0
2023-01-19 00:00:00+00:00,61.0,227635.0,157.55,153.6,154.5,154.6,41679.0
2023-01-20 00:00:00+00:00,60.0,228812.0,155.4,151.85,154.45,154.8,26800.0
2023-01-23 00:00:00+00:00,57.0,230215.0,159.95,154.5,154.75,158.55,63029.0
2023-01-24 00:00:00+00:00,56.0,231360.0,161.25,156.85,158.95,159.85,50823.0
2023-01-25 00:00:00+00:00,55.0,232435.0,163.3,159.6,160.0,162.45,43490.0
2023-01-26 00:00:00+00:00,54.0,230417.0,167.75,162.45,162.65,167.15,66480.0
2023-01-27 00:00:00+00:00,53.0,224440.0,170.15,165.95,167.1,169.9,56251.0
2023-01-30 00:00:00+00:00,50.0,221222.0,171.65,167.05,168.0,170.4,51002.0
2023-01-31 00:00:00+00:00,49.0,221894.0,182.8,169.85,170.05,181.75,104656.0
2023-02-01 00:00:00+00:00,48.0,219183.0,184.2,175.55,180.3,175.9,77202.0
2023-02-02 00:00:00+00:00,47.0,219109.0,181.35,176.55,177.0,177.9,47993.0
2023-02-03 00:00:00+00:00,46.0,221544.0,177.9,172.05,176.4,172.8,66053.0
2023-02-06 00:00:00+00:00,43.0,222719.0,176.95,171.25,172.55,175.7,56884.0
2023-02-07 00:00:00+00:00,42.0,222099.0,178.5,172.95,177.15,177.05,97774.0
2023-02-08 00:00:00+00:00,41.0,220052.0,177.6,174.3,177.0,175.6,74299.0
2023-02-09 00:00:00+00:00,40.0,218278.0,177.05,172.05,175.9,173.65,70085.0
2023-02-10 00:00:00+00:00,39.0,208960.0,177.2,174.0,174.7,174.75,73660.0
2023-02-13 00:00:00+00:00,36.0,208918.0,179.75,174.0,174.5,177.05,65667.0
2023-02-14 00:00:00+00:00,35.0,205474.0,184.0,177.55,178.0,183.55,61423.0
2023-02-15 00:00:00+00:00,34.0,200374.0,182.75,175.25,181.9,176.85,54024.0
2023-02-16 00:00:00+00:00,33.0,198441.0,183.25,176.75,178.25,180.7,37347.0
2023-02-17 00:00:00+00:00,32.0,0.0,189.85,179.95,180.85,188.7,56995.0
2023-02-20 00:00:00+00:00,32.0,0.0,,,,188.7,
2023-02-21 00:00:00+00:00,28.0,196128.0,197.3,188.3,188.3,194.45,57308.0
2023-02-22 00:00:00+00:00,27.0,196072.0,199.75,194.55,194.55,199.5,42609.0
2023-02-23 00:00:00+00:00,26.0,194884.0,197.7,193.25,197.7,193.65,37587.0
2023-02-24 00:00:00+00:00,25.0,194938.0,192.9,190.25,192.9,191.2,25734.0
2023-02-27 00:00:00+00:00,22.0,195205.0,189.9,189.75,189.9,190.7,23069.0
2023-02-28 00:00:00+00:00,21.0,196175.0,190.4,190.4,190.4,190.4,31070.0
2023-03-01 00:00:00+00:00,78.0,194659.0,184.9,180.25,184.75,183.55,39280.0
2023-03-02 00:00:00+00:00,77.0,196976.0,186.4,180.55,185.0,182.2,38648.0
2023-03-03 00:00:00+00:00,76.0,196517.0,181.9,176.8,181.5,177.85,39410.0
2023-03-06 00:00:00+00:00,73.0,197354.0,181.45,176.4,178.05,180.3,28938.0
2023-03-07 00:00:00+00:00,72.0,197446.0,183.45,177.5,181.15,182.55,33337.0
2023-03-08 00:00:00+00:00,71.0,197330.0,183.05,175.75,182.0,177.35,38074.0
2023-03-09 00:00:00+00:00,70.0,198350.0,177.45,173.9,176.6,175.05,34535.0
2023-03-10 00:00:00+00:00,69.0,199699.0,179.2,173.75,174.9,177.8,36360.0
2023-03-13 00:00:00+00:00,66.0,199552.0,180.8,173.25,177.75,179.2,36328.0
2023-03-14 00:00:00+00:00,65.0,199478.0,179.05,175.1,178.7,175.45,22234.0
2023-03-15 00:00:00+00:00,64.0,199911.0,174.95,171.05,174.85,172.6,35448.0
2023-03-16 00:00:00+00:00,63.0,200622.0,181.4,173.5,174.3,180.05,40237.0
2023-03-17 00:00:00+00:00,62.0,198500.0,182.2,174.9,180.15,176.6,26112.0
2023-03-20 00:00:00+00:00,59.0,200201.0,178.8,173.35,174.6,178.5,24920.0
2023-03-21 00:00:00+00:00,58.0,201018.0,182.85,178.85,179.35,180.3,24396.0
2023-03-22 00:00:00+00:00,57.0,201408.0,181.1,176.7,179.55,178.0,24239.0
2023-03-23 00:00:00+00:00,56.0,201779.0,179.4,173.9,178.75,174.3,29753.0
2023-03-24 00:00:00+00:00,55.0,202817.0,179.85,172.6,174.8,179.25,37640.0
2023-03-27 00:00:00+00:00,52.0,201587.0,184.0,175.95,178.5,176.9,50079.0
2023-03-28 00:00:00+00:00,51.0,200894.0,178.7,173.5,177.5,173.75,41294.0
2023-03-29 00:00:00+00:00,50.0,202429.0,175.25,168.6,174.7,169.7,55260.0
2023-03-30 00:00:00+00:00,49.0,203020.0,172.5,168.15,171.0,169.8,58838.0
2023-03-31 00:00:00+00:00,48.0,202250.0,171.7,166.15,170.0,170.5,68142.0
2023-04-03 00:00:00+00:00,45.0,201213.0,178.35,171.25,171.3,176.25,54737.0
2023-04-04 00:00:00+00:00,44.0,201425.0,177.45,173.1,176.1,174.85,41667.0
2023-04-05 00:00:00+00:00,43.0,201341.0,181.5,175.2,175.2,180.15,52014.0
2023-04-06 00:00:00+00:00,42.0,0.0,184.55,177.95,179.55,183.6,60959.0
2023-04-07 00:00:00+00:00,42.0,0.0,,,,183.6,
2023-04-10 00:00:00+00:00,38.0,193520.0,186.8,181.6,183.6,182.6,55338.0
2023-04-11 00:00:00+00:00,37.0,192988.0,191.2,183.0,183.45,190.5,93710.0
2023-04-12 00:00:00+00:00,36.0,189261.0,191.35,187.6,188.9,190.25,78659.0
2023-04-13 00:00:00+00:00,35.0,190784.0,199.7,189.35,190.0,196.1,122361.0
2023-04-14 00:00:00+00:00,34.0,188472.0,199.65,192.85,195.65,193.4,66067.0
2023-04-17 00:00:00+00:00,31.0,189973.0,201.5,193.5,194.0,201.0,50053.0
2023-04-18 00:00:00+00:00,30.0,190253.0,206.95,198.35,201.0,205.25,57002.0
2023-04-19 00:00:00+00:00,29.0,190481.0,207.45,199.75,203.5,202.55,51341.0
2023-04-20 00:00:00+00:00,28.0,191622.0,199.65,194.75,199.2,195.9,31900.0
2023-04-21 00:00:00+00:00,27.0,192506.0,197.15,193.5,197.15,194.2,23808.0
2023-04-24 00:00:00+00:00,24.0,193932.0,196.85,195.0,196.35,196.75,23567.0
2023-04-25 00:00:00+00:00,23.0,192927.0,192.25,191.0,191.0,192.45,23366.0
2023-04-26 00:00:00+00:00,22.0,194522.0,195.85,194.15,194.15,195.85,25248.0
2023-04-27 00:00:00+00:00,21.0,196093.0,192.8,192.1,192.8,192.1,21459.0
2023-04-28 00:00:00+00:00,20.0,196002.0,190.35,189.1,189.5,189.85,27943.0
2023-05-01 00:00:00+00:00,79.0,195261.0,186.75,183.35,184.15,185.6,19825.0
2023-05-02 00:00:00+00:00,78.0,195728.0,187.5,183.75,185.35,186.75,26297.0
2023-05-03 00:00:00+00:00,77.0,196149.0,188.35,182.0,186.5,185.5,36380.0
2023-05-04 00:00:00+00:00,76.0,194094.0,185.85,181.1,185.6,182.95,34393.0
2023-05-05 00:00:00+00:00,75.0,194658.0,189.25,182.8,183.7,188.05,46160.0
2023-05-08 00:00:00+00:00,72.0,194413.0,189.95,183.45,188.05,183.95,30869.0
2023-05-09 00:00:00+00:00,71.0,193553.0,187.05,183.7,184.2,186.5,29989.0
2023-05-10 00:00:00+00:00,70.0,193622.0,187.85,184.55,186.55,185.95,30607.0
2023-05-11 00:00:00+00:00,69.0,192889.0,186.55,182.3,185.3,183.0,34766.0
2023-05-12 00:00:00+00:00,68.0,193080.0,186.4,180.6,182.85,182.85,42377.0
2023-05-15 00:00:00+00:00,65.0,194554.0,189.7,182.1,182.75,189.4,41399.0
2023-05-16 00:00:00+00:00,64.0,193843.0,193.0,185.6,188.05,186.8,37950.0
2023-05-17 00:00:00+00:00,63.0,194232.0,187.75,183.6,186.35,186.05,29000.0
2023-05-18 00:00:00+00:00,62.0,194438.0,187.0,183.35,186.15,186.65,23283.0
2023-05-19 00:00:00+00:00,61.0,197442.0,194.4,186.2,186.2,192.0,47279.0
2023-05-22 00:00:00+00:00,58.0,198751.0,193.75,186.55,191.0,189.2,40768.0
2023-05-23 00:00:00+00:00,57.0,198683.0,190.3,185.7,189.25,187.45,30342.0
2023-05-24 00:00:00+00:00,56.0,199291.0,189.4,186.6,188.05,188.0,27163.0
2023-05-25 00:00:00+00:00,55.0,200035.0,188.4,181.65,188.2,182.7,44684.0
2023-05-26 00:00:00+00:00,54.0,0.0,184.8,180.3,182.8,181.6,38299.0
2023-05-29 00:00:00+00:00,54.0,0.0,,,,181.6,
2023-05-30 00:00:00+00:00,50.0,202708.0,181.75,175.9,180.05,177.1,54606.0
2023-05-31 00:00:00+00:00,49.0,205362.0,179.8,175.55,177.15,178.65,51959.0
2023-06-01 00:00:00+00:00,48.0,205112.0,184.7,179.5,179.65,183.05,47963.0
2023-06-02 00:00:00+00:00,47.0,204496.0,187.8,179.05,183.3,180.3,53732.0
2023-06-05 00:00:00+00:00,44.0,205160.0,183.7,179.35,179.95,183.1,37244.0
2023-06-06 00:00:00+00:00,43.0,204447.0,184.9,181.55,183.1,182.6,45465.0
