,0,1,2,3,4,5,6,7,8,9,10,11,12,13,14,15,16,17,18
Name,MASRAF AL RAYAN - PRICE INDEX,MASRAF AL RAYAN - TOT RETURN IND,MASRAF AL RAYAN - DIVIDEND YIELD,MASRAF AL RAYAN - MARKET VALUE,MASRAF AL RAYAN - PER,MASRAF AL RAYAN - EARNINGS PER SHR,MASRAF AL RAYAN - PRICE TO BOOK VAL,MASRAF AL RAYAN - TURNOVER BY VOLUME,MASRAF AL RAYAN - 12MTH FORWARD EPS,MASRAF AL RAYAN - NUMBER OF SHARES,MASRAF AL RAYAN - NET SALES OR REVENUES,MASRAF AL RAYAN - P/CSH ADJUSTED,MASRAF AL RAYAN - 12 MONTH FORWARD EARN. YIELD,MASRAF AL RAYAN - EPS 12M FWD,MASRAF AL RAYAN - PE RATIO 12M FWD,MASRAF AL RAYAN - ASK PRICE,MASRAF AL RAYAN - BID PRICE,MASRAF AL RAYAN - PRICE LOW,MASRAF AL RAYAN - PRICE HIGH
MNEM,QA:MAR,QA:MAR,QA:MAR,QA:MAR,QA:MAR,QA:MAR,QA:MAR,QA:MAR,QA:MAR,QA:MAR,QA:MAR,QA:MAR,QA:MAR,QA:MAR,QA:MAR,QA:MAR,QA:MAR,QA:MAR,QA:MAR
DATATYPE,PI,RI,DY,MV,PE,EPS,PTBV,VO,EPS1FD12,NOSH,WC01001,APC,529E,DIEP,DIPE,PA,PB,PL,PH
NAME,MASRAF AL RAYAN,MASRAF AL RAYAN,MASRAF AL RAYAN,MASRAF AL RAYAN,MASRAF AL RAYAN,MASRAF AL RAYAN,MASRAF AL RAYAN,MASRAF AL RAYAN,MASRAF AL RAYAN,MASRAF AL RAYAN,MASRAF AL RAYAN,MASRAF AL RAYAN,MASRAF AL RAYAN,MASRAF AL RAYAN,MASRAF AL RAYAN,MASRAF AL RAYAN,MASRAF AL RAYAN,MASRAF AL RAYAN,MASRAF AL RAYAN
SECD,B0VR7W0,B0VR7W0,B0VR7W0,B0VR7W0,B0VR7W0,B0VR7W0,B0VR7W0,B0VR7W0,B0VR7W0,B0VR7W0,B0VR7W0,B0VR7W0,B0VR7W0,B0VR7W0,B0VR7W0,B0VR7W0,B0VR7W0,B0VR7W0,B0VR7W0
ISIN,QA000A0M8VM3,QA000A0M8VM3,QA000A0M8VM3,QA000A0M8VM3,QA000A0M8VM3,QA000A0M8VM3,QA000A0M8VM3,QA000A0M8VM3,QA000A0M8VM3,QA000A0M8VM3,QA000A0M8VM3,QA000A0M8VM3,QA000A0M8VM3,QA000A0M8VM3,QA000A0M8VM3,QA000A0M8VM3,QA000A0M8VM3,QA000A0M8VM3,QA000A0M8VM3
CODON,QATAR,QATAR,QATAR,QATAR,QATAR,QATAR,QATAR,QATAR,QATAR,QATAR,QATAR,QATAR,QATAR,QATAR,QATAR,QATAR,QATAR,QATAR,QATAR
ISOCUR,QAR,QAR,QAR,QAR,QAR,QAR,QAR,QAR,QAR,QAR,QAR,QAR,QAR,QAR,QAR,QAR,QAR,QAR,QAR
2006-06-21 00:00:00+00:00,100.0,100.0,0.0,12299.99,,,,18860.6,,750000.0,,,,,,,,1.64,1.64
2006-06-22 00:00:00+00:00,95.1,95.12,0.0,11700.0,,,,32210.8,,750000.0,,,,,,,,1.56,1.56
2006-06-23 00:00:00+00:00,99.4,99.39,0.0,12224.99,,,,176850.0,,750000.0,,,,,,,,1.49,1.63
2006-06-26 00:00:00+00:00,100.6,100.61,0.0,12375.0,,,,33066.2,,750000.0,,,,,,,,1.65,1.65
2006-06-27 00:00:00+00:00,105.5,105.49,0.0,12974.99,,,,15544.1,,750000.0,,,,,,,,1.73,1.73
2006-06-28 00:00:00+00:00,110.4,110.37,0.0,13574.99,,,,11020.2,,750000.0,,,,,,,,1.81,1.81
2006-06-29 00:00:00+00:00,115.9,115.85,0.0,14250.0,,,,19118.1,,750000.0,,,,,,,,1.9,1.9
2006-06-30 00:00:00+00:00,121.3,121.34,0.0,14924.99,,,,175346.1,,750000.0,,,,,,,,1.9,1.99
2006-07-03 00:00:00+00:00,126.8,126.83,0.0,15599.99,,,,87070.7,,750000.0,,,,,,,,1.98,2.08
2006-07-04 00:00:00+00:00,131.7,131.71,0.0,16199.99,,,,16507.8,,750000.0,,,,,,,,2.16,2.16
2006-07-05 00:00:00+00:00,137.8,137.8,0.0,16949.99,,,,5758.1,,750000.0,,,,,,,,2.26,2.26
2006-07-06 00:00:00+00:00,144.5,144.51,0.0,17775.0,,,,19593.3,,750000.0,,,,,,,,2.37,2.37
2006-07-07 00:00:00+00:00,151.2,151.22,0.0,18599.99,,,,28524.3,,750000.0,,,,,,,,2.48,2.48
2006-07-10 00:00:00+00:00,158.5,158.54,0.0,19500.0,,,,14177.6,,750000.0,,,,,,,,2.6,2.6
2006-07-11 00:00:00+00:00,174.4,174.39,0.0,21449.99,,,,14421.3,,750000.0,,,,,,,,2.86,2.86
2006-07-12 00:00:00+00:00,162.2,162.2,0.0,19949.99,,,,226887.1,,750000.0,,,,,,,,2.65,3.14
2006-07-13 00:00:00+00:00,164.6,164.63,0.0,20250.0,,,,62030.2,,750000.0,,,,,,,,2.7,2.85
2006-07-14 00:00:00+00:00,150.6,150.61,0.0,18525.0,,,,11018.7,,750000.0,,,,,,,,2.47,2.47
2006-07-17 00:00:00+00:00,156.1,156.1,0.0,19199.99,,,,192730.9,,750000.0,,,,,,,,2.23,2.69
2006-07-18 00:00:00+00:00,161.6,161.59,0.0,19875.0,,,,138030.7,,750000.0,,,,,,,,2.54,2.65
2006-07-19 00:00:00+00:00,157.3,157.32,0.0,19349.99,,,,96680.1,,750000.0,,,,,,,,2.56,2.74
2006-07-20 00:00:00+00:00,158.5,158.54,0.0,19500.0,,,,58245.8,,750000.0,,,,,,,,2.53,2.62
2006-07-21 00:00:00+00:00,159.8,159.76,0.0,19650.0,,,,66947.1,,750000.0,,,,,,,,2.59,2.72
2006-07-24 00:00:00+00:00,157.9,157.93,0.0,19424.99,,,,50693.6,,750000.0,,,,,,,,2.55,2.65
2006-07-25 00:00:00+00:00,154.9,154.88,0.0,19049.99,,,,34803.9,,750000.0,,,,,,,,2.52,2.57
2006-07-26 00:00:00+00:00,154.3,154.27,0.0,18974.99,,,,53906.7,,750000.0,,,,,,,,2.46,2.55
2006-07-27 00:00:00+00:00,156.7,156.71,0.0,19274.99,,,,63475.7,,750000.0,,,,,,,,2.47,2.57
2006-07-28 00:00:00+00:00,155.5,155.49,0.0,19125.0,,,,51242.2,,750000.0,,,,,,,,2.53,2.6
2006-07-31 00:00:00+00:00,154.9,154.88,0.0,19049.99,,,,29986.8,,750000.0,,,,,,,,2.53,2.56
2006-08-01 00:00:00+00:00,152.4,152.44,0.0,18750.0,,,,39247.2,,750000.0,,,,,,,,2.5,2.56
2006-08-02 00:00:00+00:00,151.8,151.83,0.0,18674.99,,,,27854.1,,750000.0,,,,,,,,2.44,2.5
2006-08-03 00:00:00+00:00,150.6,150.61,0.0,18525.0,,,,22582.7,,750000.0,,,,,,,,2.45,2.5
2006-08-04 00:00:00+00:00,151.2,151.22,0.0,18599.99,,,,24886.3,,750000.0,,,,,,,,2.46,2.54
2006-08-07 00:00:00+00:00,148.2,148.17,0.0,18224.99,,,,36183.2,,750000.0,,,,,,,,2.42,2.49
2006-08-08 00:00:00+00:00,147.0,146.95,0.0,18074.99,,,,37402.0,,750000.0,,,,,,,,2.36,2.44
2006-08-09 00:00:00+00:00,145.7,145.73,0.0,17924.99,,,,26200.0,,750000.0,,,,,,,,2.38,2.42
2006-08-10 00:00:00+00:00,147.0,146.95,0.0,18074.99,,,,25628.7,,750000.0,,,,,,,,2.36,2.41
2006-08-11 00:00:00+00:00,154.3,154.27,0.0,18974.99,,,,68926.6,,750000.0,,,,,,,,2.42,2.59
2006-08-14 00:00:00+00:00,157.3,157.32,0.0,19349.99,,,,68563.5,,750000.0,,,,,,,,2.55,2.64
2006-08-15 00:00:00+00:00,150.0,150.0,0.0,18449.99,,,,49046.5,,750000.0,,,,,,,,2.42,2.56
2006-08-16 00:00:00+00:00,150.6,150.61,0.0,18525.0,,,,21159.2,,750000.0,,,,,,,,2.42,2.47
2006-08-17 00:00:00+00:00,150.6,150.61,0.0,18525.0,,,,20124.9,,750000.0,,,,,,,,2.44,2.49
2006-08-18 00:00:00+00:00,148.8,148.78,0.0,18299.99,,,,23819.7,,750000.0,,,,,,,,2.44,2.48
2006-08-21 00:00:00+00:00,151.2,151.22,0.0,18599.99,,,,20225.8,,750000.0,,,,,,,,2.42,2.53
2006-08-22 00:00:00+00:00,151.2,151.22,0.0,18599.99,,,,24174.8,,750000.0,,,,,,,,2.47,2.51
2006-08-23 00:00:00+00:00,152.4,152.44,0.0,18750.0,,,,56041.9,,750000.0,,,,,,,,2.49,2.55
2006-08-24 00:00:00+00:00,152.4,152.44,0.0,18750.0,,,,,,750000.0,,,,,,,,,
2006-08-25 00:00:00+00:00,150.6,150.61,0.0,18525.0,,,,52956.3,,750000.0,,,,,,,,2.43,2.54
2006-08-28 00:00:00+00:00,150.6,150.61,0.0,18525.0,,,,27379.5,,750000.0,,,,,,,,2.42,2.47
2006-08-29 00:00:00+00:00,151.8,151.83,0.0,18674.99,,,,34162.4,,750000.0,,,,,,,,2.46,2.51
2006-08-30 00:00:00+00:00,151.2,151.22,0.0,18599.99,,,,32706.5,,750000.0,,,,,,,,2.48,2.54
2006-08-31 00:00:00+00:00,151.8,151.83,0.0,18674.99,,,,16291.0,,750000.0,,,,,,,,2.48,2.5
2006-09-01 00:00:00+00:00,151.8,151.83,0.0,18674.99,,,,,,750000.0,,,,,,,,,
2006-09-04 00:00:00+00:00,152.4,152.44,0.0,18750.0,,,,22985.9,,750000.0,,,,,,,,2.49,2.51
2006-09-05 00:00:00+00:00,151.2,151.22,0.0,18599.99,,,,14694.3,,750000.0,,,,,,,,2.47,2.5
2006-09-06 00:00:00+00:00,150.6,150.61,0.0,18525.0,,,,17966.4,,750000.0,,,,,,,,2.45,2.48
2006-09-07 00:00:00+00:00,150.0,150.0,0.0,18449.99,,,,13439.6,,750000.0,,,,,,,,2.45,2.48
2006-09-08 00:00:00+00:00,147.6,147.56,0.0,18149.99,,,,19758.4,,750000.0,,,,,,,,2.42,2.46
2006-09-11 00:00:00+00:00,143.9,143.9,0.0,17699.99,,,,21461.7,,750000.0,,,,,,,,2.3,2.4
2006-09-12 00:00:00+00:00,146.3,146.34,0.0,18000.0,,,,23366.4,,750000.0,,,,,,,,2.33,2.44
2006-09-13 00:00:00+00:00,147.0,146.95,0.0,18074.99,,,,20534.5,,750000.0,,,,,,,,2.38,2.44
2006-09-14 00:00:00+00:00,145.7,145.73,0.0,17924.99,,,,16745.1,,750000.0,,,,,,,,2.37,2.4
2006-09-15 00:00:00+00:00,144.5,144.51,0.0,17775.0,,,,17536.6,,750000.0,,,,,,,,2.35,2.39
2006-09-18 00:00:00+00:00,140.2,140.24,0.0,17250.0,,,,46816.2,,750000.0,,,,,,,,2.27,2.36
2006-09-19 00:00:00+00:00,139.0,139.02,0.0,17099.99,,,,33473.3,,750000.0,,,,,,,,2.23,2.31
2006-09-20 00:00:00+00:00,136.6,136.59,0.0,16799.99,,,,29231.7,,750000.0,,,,,,,,2.24,2.29
2006-09-21 00:00:00+00:00,135.4,135.37,0.0,16650.0,,,,37779.7,,750000.0,,,,,,,,2.2,2.25
2006-09-22 00:00:00+00:00,135.4,135.37,0.0,16650.0,,,,15780.6,,750000.0,,,,,,,,2.2,2.24
2006-09-25 00:00:00+00:00,134.8,134.76,0.0,16574.99,,,,12912.6,,750000.0,,,,,,,,2.2,2.23
2006-09-26 00:00:00+00:00,131.7,131.71,0.0,16199.99,,,,26149.0,,750000.0,,,,,,,,2.12,2.22
2006-09-27 00:00:00+00:00,122.0,121.95,0.0,15000.0,,,,54396.6,,750000.0,,,,,,,,1.96,2.16
2006-09-28 00:00:00+00:00,137.2,137.2,0.0,16875.0,,,,64637.3,,750000.0,,,,,,,,1.96,2.25
2006-09-29 00:00:00+00:00,141.5,141.46,0.0,17400.0,,,,8987.4,,750000.0,,,,,,,,2.32,2.32
2006-10-02 00:00:00+00:00,143.3,143.29,0.0,17625.0,,,,115991.9,,750000.0,,,,,,,,2.3,2.5
2006-10-03 00:00:00+00:00,141.5,141.46,0.0,17400.0,,,,59177.2,,750000.0,,,,,,,,2.23,2.4
2006-10-04 00:00:00+00:00,143.9,143.9,0.0,17699.99,,,,38669.0,,750000.0,,,,,,,,2.32,2.38
2006-10-05 00:00:00+00:00,149.4,149.39,0.0,18375.0,,,,83147.6,,750000.0,,,,,,,,2.37,2.48
2006-10-06 00:00:00+00:00,148.8,148.78,0.0,18299.99,,,,96302.3,,750000.0,,,,,,,,2.4,2.57
2006-10-09 00:00:00+00:00,143.3,143.29,0.0,17625.0,,,,42636.3,,750000.0,,,,,,,,2.34,2.43
2006-10-10 00:00:00+00:00,140.2,140.24,0.0,17250.0,,,,38230.3,,750000.0,,,,,,,,2.28,2.35
2006-10-11 00:00:00+00:00,143.3,143.29,0.0,17625.0,,,,39369.4,,750000.0,,,,,,,,2.28,2.36
2006-10-12 00:00:00+00:00,141.5,141.46,0.0,17400.0,,,,32059.0,,750000.0,,,,,,,,2.3,2.37
2006-10-13 00:00:00+00:00,137.2,137.2,0.0,16875.0,,,,38178.7,,750000.0,,,,,,,,2.23,2.32
2006-10-16 00:00:00+00:00,135.4,135.37,0.0,16650.0,,,,28301.0,,750000.0,,,,,,,,2.18,2.25
2006-10-17 00:00:00+00:00,141.5,141.46,0.0,17400.0,,,,48657.7,,750000.0,,,,,,,,2.23,2.35
2006-10-18 00:00:00+00:00,140.9,140.85,0.0,17324.99,,,,28267.6,,750000.0,,,,,,,,2.27,2.35
2006-10-19 00:00:00+00:00,141.5,141.46,0.0,17400.0,,,,27455.1,,750000.0,,,,,,,,2.28,2.35
2006-10-20 00:00:00+00:00,141.5,141.46,0.0,17400.0,,,,,,750000.0,,,,,,,,,
2006-10-23 00:00:00+00:00,141.5,141.46,0.0,17400.0,,,,,,750000.0,,,,,,,,,
2006-10-24 00:00:00+00:00,141.5,141.46,0.0,17400.0,,,,,,750000.0,,,,,,,,,
2006-10-25 00:00:00+00:00,141.5,141.46,0.0,17400.0,,,,,,750000.0,,,,,,,,,
2006-10-26 00:00:00+00:00,141.5,141.46,0.0,17400.0,,,,,,750000.0,,,,,,,,,
2006-10-27 00:00:00+00:00,142.7,142.68,0.0,17549.99,,,,33374.6,,750000.0,,,,,,,,2.32,2.39
2006-10-30 00:00:00+00:00,140.2,140.24,0.0,17250.0,,,,28273.2,,750000.0,,,,,,,,2.28,2.34
2006-10-31 00:00:00+00:00,139.6,139.63,0.0,17174.99,,,,24757.6,,750000.0,,,,,,,,2.25,2.29
2006-11-01 00:00:00+00:00,139.6,139.63,0.0,17174.99,,,,13993.5,,750000.0,,,,,,,,2.27,2.29
2006-11-02 00:00:00+00:00,137.2,137.2,0.0,16875.0,,,,22972.9,,750000.0,,,,,,,,2.23,2.27
2006-11-03 00:00:00+00:00,131.1,131.1,0.0,16125.0,,,,43259.7,,750000.0,,,,,,,,2.13,2.18
2006-11-06 00:00:00+00:00,134.8,134.76,0.0,16574.99,,,,36854.0,,750000.0,,,,,,,,2.18,2.25
2006-11-07 00:00:00+00:00,130.5,130.49,0.0,16049.99,,,,25400.4,,750000.0,,,,,,,,2.13,2.21
2006-11-08 00:00:00+00:00,130.5,130.49,0.0,16049.99,,,,22739.2,,750000.0,,,,,,,,2.12,2.17
2006-11-09 00:00:00+00:00,128.7,128.66,0.0,15824.99,,,,23362.6,,750000.0,,,,,,,,2.1,2.15
2006-11-10 00:00:00+00:00,122.0,121.95,0.0,15000.0,,,,64043.2,,750000.0,,,,,,,,1.93,2.05
2006-11-13 00:00:00+00:00,123.2,123.17,0.0,15149.99,,,,41077.7,,750000.0,,,,,,,,1.98,2.09
2006-11-14 00:00:00+00:00,124.4,124.39,0.0,15299.99,,,,33337.9,,750000.0,,,,,,,,2.01,2.05
2006-11-15 00:00:00+00:00,124.4,124.39,0.0,15299.99,,,,33888.2,,750000.0,,,,,,,,2.03,2.08
2006-11-16 00:00:00+00:00,123.8,123.78,0.0,15224.99,,,,21118.7,,750000.0,,,,,,,,2.01,2.04
2006-11-17 00:00:00+00:00,122.6,122.56,0.0,15074.99,,,,31046.7,,750000.0,,,,,,,,1.98,2.03
2006-11-20 00:00:00+00:00,118.9,118.9,0.0,14625.0,,,,32529.1,,750000.0,,,,,,,,1.95,2.0
2006-11-21 00:00:00+00:00,113.4,113.41,0.0,13949.99,,,,58183.4,,750000.0,,,,,,,,1.84,1.95
2006-11-22 00:00:00+00:00,110.4,110.37,0.0,13574.99,,,,63955.1,,750000.0,,,,,,,,1.77,1.88
2006-11-23 00:00:00+00:00,111.0,110.98,0.0,13650.0,,,,31717.3,,750000.0,,,,,,,,1.8,1.83
2006-11-24 00:00:00+00:00,109.1,109.15,0.0,13424.99,,,,21492.8,,750000.0,,,,,,,,1.78,1.81
2006-11-27 00:00:00+00:00,107.3,107.32,0.0,13199.99,,,,22177.2,,750000.0,,,,,,,,1.75,1.79
2006-11-28 00:00:00+00:00,102.4,102.44,0.0,12599.99,,,,45047.7,,750000.0,,,,,,,,1.67,1.74
2006-11-29 00:00:00+00:00,99.4,99.39,0.0,12224.99,,,,31802.9,,750000.0,,,,,,,,1.62,1.68
2006-11-30 00:00:00+00:00,103.0,103.05,0.0,12674.99,,,,61952.7,,750000.0,,,,,,,,1.58,1.74
2006-12-01 00:00:00+00:00,101.8,101.83,0.0,12525.0,,,,34303.7,,750000.0,,,,,,,,1.66,1.72
2006-12-04 00:00:00+00:00,98.8,98.78,0.0,12149.99,,,,34359.6,,750000.0,,,,,,,,1.61,1.66
2006-12-05 00:00:00+00:00,101.8,101.83,0.0,12525.0,,,,32740.8,,750000.0,,,,,,,,1.62,1.68
2006-12-06 00:00:00+00:00,107.9,107.93,0.0,13274.99,,,,71101.7,,750000.0,,,,,,,,1.66,1.81
2006-12-07 00:00:00+00:00,112.2,112.2,0.0,13799.99,,,,93743.9,,750000.0,,,,,,,,1.75,1.88
2006-12-08 00:00:00+00:00,121.3,121.34,0.0,14924.99,,,,73664.2,,750000.0,,,,,,,,1.85,1.99
2006-12-11 00:00:00+00:00,114.0,114.02,0.0,14024.99,,,,143184.3,,750000.0,,,,,,,,1.86,2.09
2006-12-12 00:00:00+00:00,107.9,107.93,0.0,13274.99,,,,48884.4,,750000.0,,,,,,,,1.77,1.88
2006-12-13 00:00:00+00:00,115.2,115.24,0.0,14174.99,,,,120730.0,,750000.0,,,,,,,,1.74,1.92
2006-12-14 00:00:00+00:00,113.4,113.41,0.0,13949.99,,,,65728.1,,750000.0,,,,,,,,1.84,1.92
2006-12-15 00:00:00+00:00,117.7,117.68,0.0,14474.99,,,,63930.2,,750000.0,,,,,,,,1.88,1.94
2006-12-18 00:00:00+00:00,114.6,114.63,0.0,14099.99,,,,67972.6,,750000.0,,,,,,,,1.86,1.95
2006-12-19 00:00:00+00:00,115.9,115.85,0.0,14250.0,,,,47176.1,,750000.0,,,,,,,,1.85,1.91
2006-12-20 00:00:00+00:00,118.3,118.29,0.0,14549.99,,,,97984.4,,750000.0,,,,,,,,1.91,1.97
2006-12-21 00:00:00+00:00,116.5,116.46,0.0,14324.99,,,,55518.3,,750000.0,,,,,,,,1.89,1.94
2006-12-22 00:00:00+00:00,115.9,115.85,0.0,14250.0,,,,65687.1,,750000.0,,,,,,,,1.87,1.92
2006-12-25 00:00:00+00:00,112.8,112.8,0.0,13875.0,,,,26906.8,,750000.0,,,,,,,,1.82,1.89
2006-12-26 00:00:00+00:00,111.0,110.98,0.0,13650.0,,,,39844.5,,750000.0,,,,,,,,1.77,1.84
2006-12-27 00:00:00+00:00,111.0,110.98,0.0,13650.0,,,,51180.9,,750000.0,,,,,,,,1.78,1.89
2006-12-28 00:00:00+00:00,114.0,114.02,0.0,14024.99,,,,33777.1,,750000.0,,,,,,,,1.82,1.89
2006-12-29 00:00:00+00:00,114.0,114.02,0.0,14024.99,,,,,,750000.0,,,,,,,,,
2007-01-01 00:00:00+00:00,114.0,114.02,0.0,14024.99,,,,,,750000.0,709846.0,,,,,,,,
2007-01-02 00:00:00+00:00,114.0,114.02,0.0,14024.99,,,2.72,,,750000.0,709846.0,39.48,,,,,,,
2007-01-03 00:00:00+00:00,114.6,114.63,0.0,14099.99,,,2.73,18985.0,,750000.0,709846.0,39.7,,,,,,1.85,1.9
2007-01-04 00:00:00+00:00,114.6,114.63,0.0,14099.99,,,2.73,18739.5,,750000.0,709846.0,39.7,,,,,,1.84,1.9
2007-01-05 00:00:00+00:00,111.0,110.98,0.0,13650.0,,,2.65,25615.7,,750000.0,709846.0,38.43,,,,,,1.81,1.88
2007-01-08 00:00:00+00:00,109.1,109.15,0.0,13424.99,,,2.6,20432.9,,750000.0,709846.0,37.8,,,,,,1.78,1.81
2007-01-09 00:00:00+00:00,107.9,107.93,0.0,13274.99,,,2.57,15123.4,,750000.0,709846.0,37.37,,,,,,1.76,1.79
2007-01-10 00:00:00+00:00,107.9,107.93,0.0,13274.99,,,2.57,15094.0,,750000.0,709846.0,37.37,,,,,,1.73,1.78
2007-01-11 00:00:00+00:00,105.5,105.49,0.0,12974.99,,,2.52,19263.3,,750000.0,709846.0,36.53,,,,,,1.7,1.78
2007-01-12 00:00:00+00:00,102.4,102.44,0.0,12599.99,,,2.44,46376.2,,750000.0,709846.0,35.47,,,,,,1.63,1.76
2007-01-15 00:00:00+00:00,103.0,103.05,0.0,12674.99,,,2.46,17268.4,,750000.0,709846.0,35.68,,,,,,1.67,1.7
2007-01-16 00:00:00+00:00,101.2,101.22,0.0,12449.99,,,2.41,12725.3,,750000.0,709846.0,35.05,,,,,,1.66,1.69
2007-01-17 00:00:00+00:00,98.8,98.78,0.0,12149.99,,,2.36,20046.7,,750000.0,709846.0,34.21,,,,,,1.61,1.66
2007-01-18 00:00:00+00:00,101.2,101.22,0.0,12449.99,,,2.41,24493.7,,750000.0,709846.0,35.05,,,,,,1.6,1.67
2007-01-19 00:00:00+00:00,101.2,101.22,0.0,12449.99,,,2.41,21781.1,,750000.0,709846.0,35.05,,,,,,1.66,1.69
2007-01-22 00:00:00+00:00,100.6,100.61,0.0,12375.0,,,2.4,14349.2,,750000.0,709846.0,34.84,,,,,,1.63,1.67
2007-01-23 00:00:00+00:00,100.6,100.61,0.0,12375.0,,,2.4,15224.6,,750000.0,709846.0,34.84,,,,,,1.62,1.65
2007-01-24 00:00:00+00:00,100.0,100.0,0.0,12299.99,,,2.38,19254.5,,750000.0,709846.0,34.63,,,,,,1.62,1.65
2007-01-25 00:00:00+00:00,100.0,100.0,0.0,12299.99,,,2.38,11772.7,,750000.0,709846.0,34.63,,,,,,1.63,1.65
2007-01-26 00:00:00+00:00,98.8,98.78,0.0,12149.99,,,2.36,15166.6,,750000.0,709846.0,34.21,,,,,,1.61,1.63
2007-01-29 00:00:00+00:00,97.0,96.95,0.0,11925.0,,,2.31,31008.0,,750000.0,709846.0,33.57,,,,,,1.57,1.62
2007-01-30 00:00:00+00:00,97.6,97.56,0.0,12000.0,,,2.33,35749.0,,750000.0,709846.0,33.78,,,,,,1.56,1.62
2007-01-31 00:00:00+00:00,98.8,98.78,0.0,12149.99,,,2.36,12674.0,,750000.0,709846.0,34.21,,,,,,1.6,1.62
2007-02-01 00:00:00+00:00,98.2,98.17,0.0,12074.99,,,2.34,13524.5,,750000.0,709846.0,33.99,,,,,,1.6,1.63
2007-02-02 00:00:00+00:00,98.2,98.17,0.0,12074.99,,,2.34,18017.6,,750000.0,709846.0,33.99,,,,,,1.59,1.62
2007-02-05 00:00:00+00:00,97.0,96.95,0.0,11925.0,,,2.31,20462.8,,750000.0,709846.0,33.57,,,,,,1.59,1.62
2007-02-06 00:00:00+00:00,95.7,95.73,0.0,11775.0,,,2.28,13183.9,,750000.0,709846.0,33.15,,,,,,1.57,1.6
2007-02-07 00:00:00+00:00,95.7,95.73,0.0,11775.0,,,2.28,15069.1,,750000.0,709846.0,33.15,,,,,,1.56,1.58
2007-02-08 00:00:00+00:00,95.1,95.12,0.0,11700.0,,,2.27,11882.8,,750000.0,709846.0,32.94,,,,,,1.55,1.57
2007-02-09 00:00:00+00:00,92.7,92.68,0.0,11400.0,,,2.21,20088.5,,750000.0,709846.0,32.09,,,,,,1.51,1.57
2007-02-12 00:00:00+00:00,87.8,87.8,0.0,10800.0,,,2.09,37758.9,,750000.0,709846.0,30.41,,,,,,1.42,1.49
2007-02-13 00:00:00+00:00,90.2,90.24,0.0,11100.0,,,2.15,42437.1,,750000.0,709846.0,31.25,,,,,,1.43,1.5
2007-02-14 00:00:00+00:00,90.2,90.24,0.0,11100.0,,,2.15,19434.1,,750000.0,709846.0,31.25,,,,,,1.45,1.49
2007-02-15 00:00:00+00:00,90.2,90.24,0.0,11100.0,,,2.15,27623.1,,750000.0,709846.0,31.25,,,,,,1.46,1.52
2007-02-16 00:00:00+00:00,90.2,90.24,0.0,11100.0,,,2.15,19342.3,,750000.0,709846.0,31.25,,,,,,1.47,1.5
2007-02-19 00:00:00+00:00,88.4,88.41,0.0,10875.0,,,2.11,13367.5,,750000.0,709846.0,30.62,,,,,,1.44,1.47
2007-02-20 00:00:00+00:00,89.0,89.02,0.0,10950.0,,,2.12,9815.4,,750000.0,709846.0,30.83,,,,,,1.44,1.46
2007-02-21 00:00:00+00:00,88.4,88.41,0.0,10875.0,,,2.11,9297.4,,750000.0,709846.0,30.62,,,,,,1.43,1.46
2007-02-22 00:00:00+00:00,88.4,88.41,0.0,10875.0,,,2.11,7132.7,,750000.0,709846.0,30.62,,,,,,1.44,1.46
2007-02-23 00:00:00+00:00,87.8,87.8,0.0,10800.0,,,2.09,11221.3,,750000.0,709846.0,30.41,,,,,,1.42,1.46
2007-02-26 00:00:00+00:00,86.6,86.59,0.0,10650.0,,,2.06,14492.7,,750000.0,709846.0,29.98,,,,,,1.41,1.43
2007-02-27 00:00:00+00:00,87.2,87.2,0.0,10725.0,,,2.08,29975.4,,750000.0,709846.0,30.19,,,,,,1.4,1.44
2007-02-28 00:00:00+00:00,86.6,86.59,0.0,10650.0,,,2.06,11570.5,,750000.0,709846.0,29.98,,,,,,1.41,1.43
2007-03-01 00:00:00+00:00,86.6,86.59,0.0,10650.0,,,2.06,11747.1,,750000.0,709846.0,29.98,,,,,,1.41,1.43
2007-03-02 00:00:00+00:00,84.8,84.76,0.0,10425.0,,,2.02,28961.8,,750000.0,709846.0,29.35,,,,,,1.38,1.43
2007-03-05 00:00:00+00:00,83.5,83.54,0.0,10275.0,,,1.99,20925.4,,750000.0,709846.0,28.93,,,,,,1.36,1.39
2007-03-06 00:00:00+00:00,84.8,84.76,0.0,10425.0,,,2.02,26373.4,,750000.0,709846.0,29.35,,,,,,1.36,1.42
2007-03-07 00:00:00+00:00,84.8,84.76,0.0,10425.0,,,2.02,19550.9,,750000.0,709846.0,29.35,,,,,,1.38,1.41
2007-03-08 00:00:00+00:00,85.4,85.37,0.0,10500.0,,,2.04,11816.7,,750000.0,709846.0,29.56,,,,,,1.38,1.41
2007-03-09 00:00:00+00:00,84.1,84.15,0.0,10350.0,,,2.01,9707.9,,750000.0,709846.0,29.14,,,,,,1.37,1.4
2007-03-12 00:00:00+00:00,84.8,84.76,0.0,10425.0,,,2.02,6533.8,,750000.0,709846.0,29.35,,,,,,1.37,1.39
2007-03-13 00:00:00+00:00,84.1,84.15,0.0,10350.0,,,2.01,10338.0,,750000.0,709846.0,29.14,,,,,,1.37,1.39
2007-03-14 00:00:00+00:00,84.8,84.76,0.0,10425.0,,,2.02,7683.0,,750000.0,709846.0,29.35,,,,,,1.37,1.39
2007-03-15 00:00:00+00:00,84.1,84.15,0.0,10350.0,,,2.01,8998.5,,750000.0,709846.0,29.14,,,,,,1.37,1.39
2007-03-16 00:00:00+00:00,84.1,84.15,0.0,10350.0,,,2.01,10000.1,,750000.0,709846.0,29.14,,,,,,1.37,1.39
2007-03-19 00:00:00+00:00,84.1,84.15,0.0,10350.0,,,2.01,9227.0,,750000.0,709846.0,29.14,,,,,,1.37,1.38
2007-03-20 00:00:00+00:00,83.5,83.54,0.0,10275.0,,,1.99,8741.6,,750000.0,709846.0,28.93,,,,,,1.36,1.38
2007-03-21 00:00:00+00:00,83.5,83.54,0.0,10275.0,,,1.99,9519.0,,750000.0,709846.0,28.93,,,,,,1.36,1.37
2007-03-22 00:00:00+00:00,82.9,82.93,0.0,10200.0,,,1.98,8183.9,,750000.0,709846.0,28.72,,,,,,1.36,1.38
2007-03-23 00:00:00+00:00,82.9,82.93,0.0,10200.0,,,1.98,11250.7,,750000.0,709846.0,28.72,,,,,,1.35,1.37
2007-03-26 00:00:00+00:00,82.3,82.32,0.0,10125.0,,,1.96,16602.6,,750000.0,709846.0,28.51,,,,,,1.34,1.37
2007-03-27 00:00:00+00:00,82.3,82.32,0.0,10125.0,,,1.96,13333.1,,750000.0,709846.0,28.51,,,,,,1.33,1.35
2007-03-28 00:00:00+00:00,85.4,85.37,0.0,10500.0,,,2.04,38955.9,,750000.0,709846.0,29.56,,,,,,1.33,1.42
2007-03-29 00:00:00+00:00,90.2,90.24,0.0,11100.0,,,2.15,87937.7,,750000.0,709846.0,31.25,,,,,,1.4,1.5
2007-03-30 00:00:00+00:00,87.2,87.2,0.0,10725.0,,,2.08,35829.2,,750000.0,709846.0,30.19,,,,,,1.42,1.49
2007-04-02 00:00:00+00:00,84.8,84.76,0.0,10425.0,,,2.02,25852.8,,750000.0,709846.0,29.35,,,,,,1.38,1.42
2007-04-03 00:00:00+00:00,84.1,84.15,0.0,10350.0,,,2.01,28184.4,,750000.0,709846.0,29.14,,,,,,1.36,1.4
2007-04-04 00:00:00+00:00,84.8,84.76,0.0,10425.0,,,2.02,30845.6,,750000.0,709846.0,29.35,,,,,,1.37,1.43
2007-04-05 00:00:00+00:00,85.4,85.37,0.0,10500.0,,,2.04,12182.0,,750000.0,709846.0,29.56,,,,,,1.38,1.41
2007-04-06 00:00:00+00:00,85.4,85.37,0.0,10500.0,,,2.04,24619.4,,750000.0,709846.0,29.56,,,,,,1.38,1.41
2007-04-09 00:00:00+00:00,86.0,85.98,0.0,10575.0,,,2.05,16892.2,,750000.0,709846.0,29.77,,,,,,1.4,1.41
2007-04-10 00:00:00+00:00,86.0,85.98,0.0,10575.0,,,2.05,11462.4,,750000.0,709846.0,29.77,,,,,,1.4,1.42
2007-04-11 00:00:00+00:00,84.1,84.15,0.0,10350.0,,,2.01,27130.7,,750000.0,709846.0,29.14,,,,,,1.38,1.41
2007-04-12 00:00:00+00:00,83.5,83.54,0.0,10275.0,,,1.99,8321.5,,750000.0,709846.0,28.93,,,,,,1.37,1.39
2007-04-13 00:00:00+00:00,84.1,84.15,0.0,10350.0,,,2.01,10996.0,,750000.0,709846.0,29.14,,,,,,1.37,1.38
2007-04-16 00:00:00+00:00,84.1,84.15,0.0,10350.0,,,2.01,10789.5,,750000.0,709846.0,29.14,,,,,,1.37,1.39
2007-04-17 00:00:00+00:00,84.1,84.15,0.0,10350.0,,,2.01,11581.8,,750000.0,709846.0,29.14,,,,,,1.38,1.4
2007-04-18 00:00:00+00:00,86.0,85.98,0.0,10575.0,,,2.05,44635.0,,750000.0,709846.0,29.77,,,,,,1.38,1.41
2007-04-19 00:00:00+00:00,85.4,85.37,0.0,10500.0,,,2.04,45628.2,,750000.0,709846.0,29.56,,,,,,1.4,1.44
2007-04-20 00:00:00+00:00,84.8,84.76,0.0,10425.0,,,2.02,12076.1,,750000.0,709846.0,29.35,,,,,,1.39,1.4
2007-04-23 00:00:00+00:00,85.4,85.37,0.0,10500.0,,,2.04,13978.9,,750000.0,709846.0,29.56,,,,,,1.39,1.41
2007-04-24 00:00:00+00:00,84.8,84.76,0.0,10425.0,,,2.02,10611.5,,750000.0,709846.0,29.35,,,,,,1.38,1.41
2007-04-25 00:00:00+00:00,84.1,84.15,0.0,10350.0,,,2.01,8209.5,,750000.0,709846.0,29.14,,,,,,1.38,1.39
2007-04-26 00:00:00+00:00,84.8,84.76,0.0,10425.0,,,2.02,10547.5,,750000.0,709846.0,29.35,,,,,,1.38,1.39
2007-04-27 00:00:00+00:00,85.4,85.37,0.0,10500.0,,,2.04,12423.5,,750000.0,709846.0,29.56,,,,,,1.38,1.4
2007-04-30 00:00:00+00:00,85.4,85.37,0.0,10500.0,,,2.04,7621.5,,750000.0,709846.0,29.56,,,,,,1.39,1.4
2007-05-01 00:00:00+00:00,85.4,85.37,0.0,10500.0,,,2.04,12327.6,,750000.0,709846.0,29.56,,,,,,1.38,1.4
2007-05-02 00:00:00+00:00,84.8,84.76,0.0,10425.0,,,2.02,8839.3,,750000.0,709846.0,29.35,,,,,,1.39,1.4
2007-05-03 00:00:00+00:00,84.8,84.76,0.0,10425.0,,,2.02,9583.8,,750000.0,709846.0,29.35,,,,,,1.38,1.4
2007-05-04 00:00:00+00:00,84.8,84.76,0.0,10425.0,,,2.02,13955.6,,750000.0,709846.0,29.35,,,,,,1.38,1.4
2007-05-07 00:00:00+00:00,84.1,84.15,0.0,10350.0,,,2.01,22713.1,,750000.0,709846.0,29.14,,,,,,1.38,1.4
2007-05-08 00:00:00+00:00,84.1,84.15,0.0,10350.0,,,2.01,12466.7,,750000.0,709846.0,29.14,,,,,,1.37,1.39
2007-05-09 00:00:00+00:00,84.1,84.15,0.0,10350.0,,,2.01,10196.4,,750000.0,709846.0,29.14,,,,,,1.38,1.39
2007-05-10 00:00:00+00:00,84.8,84.76,0.0,10425.0,,,2.02,7307.6,,750000.0,709846.0,29.35,,,,,,1.37,1.39
2007-05-11 00:00:00+00:00,84.8,84.76,0.0,10425.0,,,2.02,15150.3,,750000.0,709846.0,29.35,,,,,,1.37,1.39
2007-05-14 00:00:00+00:00,86.0,85.98,0.0,10575.0,,,2.05,52398.4,,750000.0,709846.0,29.77,,,,,,1.37,1.43
2007-05-15 00:00:00+00:00,86.0,85.98,0.0,10575.0,,,2.05,24547.8,,750000.0,709846.0,29.77,,,,,,1.4,1.44
2007-05-16 00:00:00+00:00,86.0,85.98,0.0,10575.0,,,2.05,17515.8,,750000.0,709846.0,29.77,,,,,,1.4,1.42
2007-05-17 00:00:00+00:00,86.6,86.59,0.0,10650.0,,,2.06,26242.1,,750000.0,709846.0,29.98,,,,,,1.4,1.42
2007-05-18 00:00:00+00:00,94.5,94.51,0.0,11625.0,,,2.25,84999.1,,750000.0,709846.0,32.73,,,,,,1.44,1.55
2007-05-21 00:00:00+00:00,97.6,97.56,0.0,12000.0,,,2.33,166815.5,,750000.0,709846.0,33.78,,,,,,1.55,1.67
2007-05-22 00:00:00+00:00,97.0,96.95,0.0,11925.0,,,2.31,61655.0,,750000.0,709846.0,33.57,,,,,,1.57,1.65
2007-05-23 00:00:00+00:00,97.0,96.95,0.0,11925.0,,,2.31,47290.1,,750000.0,709846.0,33.57,,,,,,1.58,1.61
2007-05-24 00:00:00+00:00,97.6,97.56,0.0,12000.0,,,2.33,88202.7,,750000.0,709846.0,33.78,,,,,,1.55,1.64
2007-05-25 00:00:00+00:00,107.3,107.32,0.0,13199.99,,,2.56,136671.9,,750000.0,709846.0,37.16,,,,,,1.67,1.76
2007-05-28 00:00:00+00:00,111.0,110.98,0.0,13650.0,,,2.65,238968.3,,750000.0,709846.0,38.43,,,,,,1.74,1.9
2007-05-29 00:00:00+00:00,110.4,110.37,0.0,13574.99,,,2.63,88488.4,,750000.0,709846.0,38.22,,,,,,1.79,1.86
2007-05-30 00:00:00+00:00,106.7,106.71,0.0,13125.0,,,2.54,93767.6,,750000.0,709846.0,36.95,,,,,,1.73,1.82
2007-05-31 00:00:00+00:00,103.0,103.05,0.0,12674.99,,,2.46,56484.1,,750000.0,709846.0,35.68,,,,,,1.67,1.73
2007-06-01 00:00:00+00:00,104.9,104.88,0.0,12900.0,,,2.5,60232.8,,750000.0,709846.0,36.32,,,,,,1.65,1.76
2007-06-04 00:00:00+00:00,104.9,104.88,0.0,12900.0,,,2.5,35859.3,,750000.0,709846.0,36.32,,,,,,1.7,1.76
2007-06-05 00:00:00+00:00,103.0,103.05,0.0,12674.99,,,2.46,26048.0,,750000.0,709846.0,35.68,,,,,,1.68,1.72
2007-06-06 00:00:00+00:00,101.8,101.83,0.0,12525.0,,,2.43,37239.6,,750000.0,709846.0,35.26,,,,,,1.64,1.68
2007-06-07 00:00:00+00:00,104.9,104.88,0.0,12900.0,,,2.5,72287.9,,750000.0,709846.0,36.32,,,,,,1.67,1.74
2007-06-08 00:00:00+00:00,107.3,107.32,0.0,13199.99,,,2.56,81939.2,,750000.0,709846.0,37.16,,,,,,1.73,1.78
2007-06-11 00:00:00+00:00,105.5,105.49,0.0,12974.99,,,2.52,37865.3,,750000.0,709846.0,36.53,,,,,,1.72,1.76
2007-06-12 00:00:00+00:00,104.9,104.88,0.0,12900.0,,,2.5,90633.0,,750000.0,709846.0,36.32,,,,,,1.7,1.77
2007-06-13 00:00:00+00:00,104.9,104.88,0.0,12900.0,,,2.5,22767.8,,750000.0,709846.0,36.32,,,,,,1.71,1.75
2007-06-14 00:00:00+00:00,104.3,104.27,0.0,12824.99,,,2.49,21547.7,,750000.0,709846.0,36.11,,,,,,1.7,1.73
2007-06-15 00:00:00+00:00,103.0,103.05,0.0,12674.99,,,2.46,26852.7,,750000.0,709846.0,35.68,,,,,,1.68,1.72
2007-06-18 00:00:00+00:00,101.8,101.83,0.0,12525.0,,,2.43,21829.0,,750000.0,709846.0,35.26,,,,,,1.66,1.68
2007-06-19 00:00:00+00:00,102.4,102.44,0.0,12599.99,,,2.44,16735.8,,750000.0,709846.0,35.47,,,,,,1.67,1.69
2007-06-20 00:00:00+00:00,101.8,101.83,0.0,12525.0,,,2.43,16532.9,,750000.0,709846.0,35.26,,,,,,1.67,1.69
2007-06-21 00:00:00+00:00,101.2,101.22,0.0,12449.99,,,2.41,16780.8,,750000.0,709846.0,35.05,,,,,,1.66,1.68
2007-06-22 00:00:00+00:00,100.6,100.61,0.0,12375.0,,,2.4,27039.4,,750000.0,709846.0,34.84,,,,,,1.63,1.67
2007-06-25 00:00:00+00:00,101.8,101.83,0.0,12525.0,,,2.43,21500.2,,750000.0,709846.0,35.26,,,,,,1.64,1.68
2007-06-26 00:00:00+00:00,100.6,100.61,0.0,12375.0,,,2.4,10812.1,,750000.0,709846.0,34.84,,,,,,1.65,1.67
2007-06-27 00:00:00+00:00,101.2,101.22,0.0,12449.99,,,2.41,12485.1,,750000.0,709846.0,35.05,,,,,,1.64,1.66
2007-06-28 00:00:00+00:00,100.0,100.0,0.0,12299.99,,,2.38,12909.3,,750000.0,709846.0,34.63,,,,,,1.64,1.66
2007-06-29 00:00:00+00:00,101.2,101.22,0.0,12449.99,,,2.41,21876.9,,750000.0,709846.0,35.05,,,,,,1.63,1.66
2007-07-02 00:00:00+00:00,101.2,101.22,0.0,12449.99,,,2.41,24472.5,,750000.0,709846.0,35.05,,,,,,1.65,1.68
2007-07-03 00:00:00+00:00,102.4,102.44,0.0,12599.99,,,2.44,17971.0,,750000.0,709846.0,35.47,,,,,,1.66,1.68
2007-07-04 00:00:00+00:00,102.4,102.44,0.0,12599.99,,,2.44,16521.9,,750000.0,709846.0,35.47,,,,,,1.67,1.69
2007-07-05 00:00:00+00:00,102.4,102.44,0.0,12599.99,,,2.44,21659.8,,750000.0,709846.0,35.47,,,,,,1.66,1.68
2007-07-06 00:00:00+00:00,104.3,104.27,0.0,12824.99,,,2.49,82933.8,,750000.0,709846.0,36.11,,,,,,1.67,1.72
2007-07-09 00:00:00+00:00,102.4,102.44,0.0,12599.99,,,2.44,38941.9,,750000.0,709846.0,35.47,,,,,,1.68,1.73
2007-07-10 00:00:00+00:00,103.0,103.05,0.0,12674.99,,,2.46,22612.8,,750000.0,709846.0,35.68,,,,,,1.68,1.7
2007-07-11 00:00:00+00:00,103.0,103.05,0.0,12674.99,,,2.46,17010.2,,750000.0,709846.0,35.68,,,,,,1.69,1.71
2007-07-12 00:00:00+00:00,103.7,103.66,0.0,12748.92,,,2.47,15220.7,,749937.0,709846.0,35.9,,,,,,1.69,1.71
2007-07-13 00:00:00+00:00,103.7,103.66,0.0,12748.92,,,2.47,23642.7,,749937.0,709846.0,35.9,,,,,,1.68,1.71
2007-07-16 00:00:00+00:00,103.0,103.05,0.0,12673.92,,,2.46,12038.0,,749937.0,709846.0,35.68,,,,,,1.68,1.71
2007-07-17 00:00:00+00:00,102.4,102.44,0.0,12598.93,,,2.44,11282.0,,749937.0,709846.0,35.47,,,,,,1.67,1.69
2007-07-18 00:00:00+00:00,103.7,103.66,0.0,12748.92,,,2.47,9222.9,,749937.0,709846.0,35.9,,,,,,1.67,1.7
2007-07-19 00:00:00+00:00,103.0,103.05,0.0,12673.92,,,2.46,17989.0,,749937.0,709846.0,35.68,,,,,,1.68,1.7
2007-07-20 00:00:00+00:00,102.4,102.44,0.0,12598.93,,,2.44,17479.5,,749937.0,709846.0,35.47,,,,,,1.66,1.69
2007-07-23 00:00:00+00:00,105.5,105.49,0.0,12973.89,,,2.52,86273.8,,749937.0,709846.0,36.53,,,,,,1.72,1.79
2007-07-24 00:00:00+00:00,104.3,104.27,0.0,12823.91,,,2.49,31922.8,,749937.0,709846.0,36.11,,,,,,1.7,1.74
2007-07-25 00:00:00+00:00,104.3,104.27,0.0,12823.91,,,2.49,14115.0,,749937.0,709846.0,36.11,,,,,,1.7,1.72
2007-07-26 00:00:00+00:00,104.3,104.27,0.0,12823.91,,,2.49,11007.0,,749937.0,709846.0,36.11,,,,,,1.7,1.72
2007-07-27 00:00:00+00:00,105.5,105.49,0.0,12973.89,,,2.52,23351.5,,749937.0,709846.0,36.53,,,,,,1.71,1.74
2007-07-30 00:00:00+00:00,104.9,104.88,0.0,12898.91,,,2.5,13748.9,,749937.0,709846.0,36.32,,,,,,1.71,1.74
2007-07-31 00:00:00+00:00,105.5,105.49,0.0,12973.89,,,2.52,16530.9,,749937.0,709846.0,36.53,,,,,,1.72,1.74
2007-08-01 00:00:00+00:00,104.9,104.88,0.0,12898.91,,,2.5,16270.1,,749937.0,709846.0,36.32,,,,,,1.71,1.73
2007-08-02 00:00:00+00:00,104.9,104.88,0.0,12898.91,,,2.5,11923.1,,749937.0,709846.0,36.32,,,,,,1.7,1.72
2007-08-03 00:00:00+00:00,104.9,104.88,0.0,12898.91,,,2.5,10807.2,,749937.0,709846.0,36.32,,,,,,1.7,1.72
2007-08-06 00:00:00+00:00,103.7,103.66,0.0,12748.92,,,2.47,8451.5,,749937.0,709846.0,35.9,,,,,,1.7,1.72
2007-08-07 00:00:00+00:00,103.7,103.66,0.0,12748.92,,,2.47,7512.6,,749937.0,709846.0,35.9,,,,,,1.7,1.71
2007-08-08 00:00:00+00:00,104.3,104.27,0.0,12823.91,,,2.49,8876.2,,749937.0,709846.0,36.11,,,,,,1.7,1.72
2007-08-09 00:00:00+00:00,104.9,104.88,0.0,12898.91,,,2.5,14476.7,,749937.0,709846.0,36.32,,,,,,1.7,1.72
2007-08-10 00:00:00+00:00,103.7,103.66,0.0,12748.92,,,2.47,7713.3,,749937.0,709846.0,35.9,,,,,,1.7,1.71
2007-08-13 00:00:00+00:00,103.7,103.66,0.0,12748.92,,,2.47,9500.5,,749937.0,709846.0,35.9,,,,,,1.7,1.71
2007-08-14 00:00:00+00:00,103.7,103.66,0.0,12748.92,,,2.47,7717.1,,749937.0,709846.0,35.9,,,,,,1.69,1.71
2007-08-15 00:00:00+00:00,102.4,102.44,0.0,12598.93,,,2.44,11318.6,,749937.0,709846.0,35.47,,,,,,1.68,1.7
2007-08-16 00:00:00+00:00,101.8,101.83,0.0,12523.94,,,2.43,11582.9,,749937.0,709846.0,35.26,,,,,,1.66,1.69
2007-08-17 00:00:00+00:00,101.8,101.83,0.0,12523.94,,,2.43,8881.9,,749937.0,709846.0,35.26,,,,,,1.66,1.68
2007-08-20 00:00:00+00:00,102.4,102.44,0.0,12598.93,,,2.44,12186.5,,749937.0,709846.0,35.47,,,,,,1.66,1.69
2007-08-21 00:00:00+00:00,102.4,102.44,0.0,12598.93,,,2.44,10122.1,,749937.0,709846.0,35.47,,,,,,1.67,1.7
2007-08-22 00:00:00+00:00,102.4,102.44,0.0,12598.93,,,2.44,11652.8,,749937.0,709846.0,35.47,,,,,,1.66,1.69
2007-08-23 00:00:00+00:00,102.4,102.44,0.0,12598.93,,,2.44,4557.0,,749937.0,709846.0,35.47,,,,,,1.66,1.68
2007-08-24 00:00:00+00:00,101.2,101.22,0.0,12448.94,,,2.41,5972.3,,749937.0,709846.0,35.05,,,,,,1.66,1.68
2007-08-27 00:00:00+00:00,101.8,101.83,0.0,12523.94,,,2.43,8398.8,,749937.0,709846.0,35.26,,,,,,1.66,1.68
2007-08-28 00:00:00+00:00,101.8,101.83,0.0,12523.94,,,2.43,7211.7,,749937.0,709846.0,35.26,,,,,,1.67,1.69
2007-08-29 00:00:00+00:00,101.8,101.83,0.0,12523.94,,,2.43,5102.5,,749937.0,709846.0,35.26,,,,,,1.66,1.68
2007-08-30 00:00:00+00:00,101.2,101.22,0.0,12448.94,,,2.41,6391.3,,749937.0,709846.0,35.05,,,,,,1.66,1.67
2007-08-31 00:00:00+00:00,101.8,101.83,0.0,12523.94,,,2.43,11332.8,,749937.0,709846.0,35.26,,,,,,1.66,1.68
2007-09-03 00:00:00+00:00,101.8,101.83,0.0,12523.94,,,2.43,9631.3,,749937.0,709846.0,35.26,,,,,,1.66,1.69
2007-09-04 00:00:00+00:00,103.0,103.05,0.0,12673.92,,,2.46,13200.1,,749937.0,709846.0,35.68,,,,,,1.67,1.69
2007-09-05 00:00:00+00:00,101.8,101.83,0.0,12523.94,,,2.43,8787.1,,749937.0,709846.0,35.26,,,,,,1.67,1.69
2007-09-06 00:00:00+00:00,102.4,102.44,0.0,12598.93,,,2.44,5996.8,,749937.0,709846.0,35.47,,,,,,1.67,1.68
2007-09-07 00:00:00+00:00,101.8,101.83,0.0,12523.94,,,2.43,8341.9,,749937.0,709846.0,35.26,,,,,,1.67,1.68
2007-09-10 00:00:00+00:00,101.2,101.22,0.0,12448.94,,,2.41,11071.5,,749937.0,709846.0,35.05,,,,,,1.66,1.68
2007-09-11 00:00:00+00:00,101.2,101.22,0.0,12448.94,,,2.41,5406.5,,749937.0,709846.0,35.05,,,,,,1.66,1.67
2007-09-12 00:00:00+00:00,101.2,101.22,0.0,12448.94,,,2.41,7043.2,,749937.0,709846.0,35.05,,,,,,1.65,1.67
2007-09-13 00:00:00+00:00,101.2,101.22,0.0,12448.94,,,2.41,8774.9,,749937.0,709846.0,35.05,,,,,,1.65,1.67
2007-09-14 00:00:00+00:00,101.2,101.22,0.0,12448.94,,,2.41,8530.8,,749937.0,709846.0,35.05,,,,,,1.65,1.67
2007-09-17 00:00:00+00:00,100.0,100.0,0.0,12298.95,,,2.38,7620.8,,749937.0,709846.0,34.63,,,,,,1.64,1.66
2007-09-18 00:00:00+00:00,100.0,100.0,0.0,12298.95,,,2.38,13323.8,,749937.0,709846.0,34.63,,,,,,1.62,1.65
2007-09-19 00:00:00+00:00,99.4,99.39,0.0,12223.96,,,2.37,11287.1,,749937.0,709846.0,34.42,,,,,,1.62,1.64
2007-09-20 00:00:00+00:00,99.4,99.39,0.0,12223.96,,,2.37,11614.6,,749937.0,709846.0,34.42,,,,,,1.62,1.63
2007-09-21 00:00:00+00:00,100.0,100.0,0.0,12298.95,,,2.38,21944.8,,749937.0,709846.0,34.63,,,,,,1.62,1.66
2007-09-24 00:00:00+00:00,101.2,101.22,0.0,12448.94,,,2.41,17473.4,,749937.0,709846.0,35.05,,,,,,1.63,1.66
2007-09-25 00:00:00+00:00,101.8,101.83,0.0,12523.94,,,2.43,31049.1,,749937.0,709846.0,35.26,,,,,,1.65,1.68
2007-09-26 00:00:00+00:00,101.8,101.83,0.0,12523.94,,,2.43,12953.3,,749937.0,709846.0,35.26,,,,,,1.66,1.68
2007-09-27 00:00:00+00:00,104.3,104.27,0.0,12823.91,,,2.49,58702.7,,749937.0,709846.0,36.11,,,,,,1.68,1.73
2007-09-28 00:00:00+00:00,103.7,103.66,0.0,12748.92,,,2.47,22198.1,,749937.0,709846.0,35.9,,,,,,1.69,1.72
2007-10-01 00:00:00+00:00,103.7,103.66,0.0,12748.92,,,2.47,18857.2,,749937.0,709846.0,35.9,,,,,,1.69,1.72
2007-10-02 00:00:00+00:00,113.4,113.41,0.0,13948.81,,,2.7,148260.3,,749937.0,709846.0,39.27,,,,,,1.7,1.87
2007-10-03 00:00:00+00:00,106.7,106.71,0.0,13123.89,,,2.54,132651.3,,749937.0,709846.0,36.95,,,,,,1.73,1.9
2007-10-04 00:00:00+00:00,106.7,106.71,0.0,13123.89,,,2.54,29813.9,,749937.0,709846.0,36.95,,,,,,1.73,1.76
2007-10-05 00:00:00+00:00,108.5,108.54,0.0,13348.86,,,2.59,40090.8,,749937.0,709846.0,37.58,,,,,,1.75,1.82
2007-10-08 00:00:00+00:00,109.1,109.15,0.0,13423.86,,,2.6,28904.5,,749937.0,709846.0,37.8,,,,,,1.77,1.8
2007-10-09 00:00:00+00:00,111.6,111.59,0.0,13723.83,,,2.66,81081.1,,749937.0,709846.0,38.64,,,,,,1.8,1.85
2007-10-10 00:00:00+00:00,115.9,115.85,0.0,14248.8,,,2.76,188850.8,,749937.0,709846.0,40.12,,,,,,1.84,1.97
2007-10-11 00:00:00+00:00,118.3,118.29,0.0,14548.77,,,2.82,96485.8,,749937.0,709846.0,40.96,,,,,,1.9,1.96
2007-10-12 00:00:00+00:00,118.3,118.29,0.0,14548.77,,,2.82,,,749937.0,709846.0,40.96,,,,,,,
2007-10-15 00:00:00+00:00,118.3,118.29,0.0,14548.77,,,2.82,,,749937.0,709846.0,40.96,,,,,,,
2007-10-16 00:00:00+00:00,118.3,118.29,0.0,14548.77,,,2.82,,,749937.0,709846.0,40.96,,,,,,,
2007-10-17 00:00:00+00:00,129.3,129.27,0.0,15898.66,,,3.08,161787.5,,749937.0,709846.0,44.76,,,,,,2.0,2.12
2007-10-18 00:00:00+00:00,130.5,130.49,0.0,16048.64,,,3.11,167494.6,,749937.0,709846.0,45.19,,,,,,2.1,2.18
2007-10-19 00:00:00+00:00,131.7,131.71,0.0,16198.63,,,3.14,81424.9,,749937.0,709846.0,45.61,,,,,,2.13,2.19
2007-10-22 00:00:00+00:00,125.6,125.61,0.0,15448.69,,,2.99,105771.0,,749937.0,709846.0,43.5,,,,,,2.03,2.14
2007-10-23 00:00:00+00:00,125.0,125.0,0.0,15373.7,,,2.98,54524.4,,749937.0,709846.0,43.29,,,,,,2.02,2.09
2007-10-24 00:00:00+00:00,129.3,129.27,0.0,15898.66,,,3.08,85678.1,,749937.0,709846.0,44.76,,,,,,2.06,2.14
2007-10-25 00:00:00+00:00,127.4,127.44,0.0,15673.67,,,3.04,121425.9,,749937.0,709846.0,44.13,,,,,,2.06,2.18
2007-10-26 00:00:00+00:00,128.0,128.05,0.0,15748.67,,,3.05,45139.1,,749937.0,709846.0,44.34,,,,,,2.05,2.1
2007-10-29 00:00:00+00:00,131.1,131.1,0.0,16123.64,,,3.13,89839.8,,749937.0,709846.0,45.4,,,,,,2.11,2.16
2007-10-30 00:00:00+00:00,129.3,129.27,0.0,15898.66,,,3.08,60341.6,,749937.0,709846.0,44.76,,,,,,2.11,2.17
2007-10-31 00:00:00+00:00,129.9,129.88,0.0,15973.64,,,3.1,53257.4,,749937.0,709846.0,44.97,,,,,,2.1,2.15
2007-11-01 00:00:00+00:00,130.5,130.49,0.0,16048.64,,,3.11,74512.2,,749937.0,709846.0,45.19,,,,,,2.12,2.17
2007-11-02 00:00:00+00:00,134.8,134.76,0.0,16573.59,,,3.21,95647.6,,749937.0,709846.0,46.66,,,,,,2.15,2.21
2007-11-05 00:00:00+00:00,136.0,135.98,0.0,16723.58,,,3.24,174367.2,,749937.0,709846.0,47.09,,,,,,2.22,2.38
2007-11-06 00:00:00+00:00,132.9,132.93,0.0,16348.61,,,3.17,85983.9,,749937.0,709846.0,46.03,,,,,,2.18,2.26
2007-11-07 00:00:00+00:00,137.2,137.2,0.0,16873.57,,,3.27,87539.8,,749937.0,709846.0,47.51,,,,,,2.17,2.28
2007-11-08 00:00:00+00:00,136.0,135.98,0.0,16723.58,,,3.24,51366.9,,749937.0,709846.0,47.09,,,,,,2.21,2.27
2007-11-09 00:00:00+00:00,136.6,136.59,0.0,16798.58,,,3.26,50290.5,,749937.0,709846.0,47.3,,,,,,2.19,2.25
2007-11-12 00:00:00+00:00,139.6,139.63,0.0,17173.55,,,3.33,81373.8,,749937.0,709846.0,48.35,,,,,,2.23,2.29
2007-11-13 00:00:00+00:00,137.8,137.8,0.0,16948.56,,,3.29,78295.3,,749937.0,709846.0,47.72,,,,,,2.25,2.32
2007-11-14 00:00:00+00:00,138.4,138.41,0.0,17023.56,,,3.3,46392.1,,749937.0,709846.0,47.93,,,,,,2.24,2.29
2007-11-15 00:00:00+00:00,140.9,140.85,0.0,17323.53,,,3.36,127889.0,,749937.0,709846.0,48.78,,,,,,2.27,2.33
2007-11-16 00:00:00+00:00,143.9,143.9,0.0,17698.5,,,3.43,119212.4,,749937.0,709846.0,49.83,,,,,,2.31,2.37
2007-11-19 00:00:00+00:00,150.6,150.61,0.0,18523.43,,,3.59,300692.9,,749937.0,709846.0,52.15,,,,,,2.36,2.5
2007-11-20 00:00:00+00:00,148.2,148.17,0.0,18223.45,,,3.53,156335.4,,749937.0,709846.0,51.31,,,,,,2.41,2.52
2007-11-21 00:00:00+00:00,147.0,146.95,0.0,18073.47,,,3.5,74000.1,,749937.0,709846.0,50.89,,,,,,2.4,2.45
2007-11-22 00:00:00+00:00,145.1,145.12,0.0,17848.48,,,3.46,53665.3,,749937.0,709846.0,50.25,,,,,,2.38,2.42
2007-11-23 00:00:00+00:00,142.1,142.07,0.0,17473.52,,,3.39,68697.6,,749937.0,709846.0,49.2,,,,,,2.32,2.38
2007-11-26 00:00:00+00:00,141.5,141.46,0.0,17398.53,,,3.37,56027.5,,749937.0,709846.0,48.99,,,,,,2.27,2.34
2007-11-27 00:00:00+00:00,141.5,141.46,0.0,17398.53,,,3.37,41448.7,,749937.0,709846.0,48.99,,,,,,2.31,2.36
2007-11-28 00:00:00+00:00,140.9,140.85,0.0,17323.53,,,3.36,34603.4,,749937.0,709846.0,48.78,,,,,,2.31,2.34
2007-11-29 00:00:00+00:00,139.0,139.02,0.0,17098.55,,,3.31,34539.0,,749937.0,709846.0,48.14,,,,,,2.27,2.31
2007-11-30 00:00:00+00:00,134.8,134.76,0.0,16573.59,,,3.21,60491.8,,749937.0,709846.0,46.66,,,,,,2.06,2.25
2007-12-03 00:00:00+00:00,136.0,135.98,0.0,16723.58,,,3.24,52627.2,,749937.0,709846.0,47.09,,,,,,2.21,2.28
2007-12-04 00:00:00+00:00,136.6,136.59,0.0,16798.58,,,3.26,25449.2,,749937.0,709846.0,47.3,,,,,,2.19,2.26
2007-12-05 00:00:00+00:00,139.0,139.02,0.0,17098.55,,,3.31,36944.8,,749937.0,709846.0,48.14,,,,,,2.23,2.3
2007-12-06 00:00:00+00:00,142.7,142.68,0.0,17548.52,,,3.4,47466.4,,749937.0,709846.0,49.41,,,,,,2.28,2.36
2007-12-07 00:00:00+00:00,142.1,142.07,0.0,17473.52,,,3.39,87382.6,,749937.0,709846.0,49.2,,,,,,2.32,2.43
2007-12-10 00:00:00+00:00,143.3,143.29,0.0,17623.51,,,3.42,33427.6,,749937.0,709846.0,49.62,,,,,,2.3,2.36
2007-12-11 00:00:00+00:00,145.7,145.73,0.0,17923.48,,,3.47,44337.4,,749937.0,709846.0,50.46,,,,,,2.33,2.4
2007-12-12 00:00:00+00:00,144.5,144.51,0.0,17773.5,,,3.45,23990.5,,749937.0,709846.0,50.04,,,,,,2.36,2.42
2007-12-13 00:00:00+00:00,144.5,144.51,0.0,17773.5,,,3.45,17016.8,,749937.0,709846.0,50.04,,,,,,2.36,2.39
2007-12-14 00:00:00+00:00,143.9,143.9,0.0,17698.5,,,3.43,13720.0,,749937.0,709846.0,49.83,,,,,,2.35,2.39
2007-12-17 00:00:00+00:00,145.1,145.12,0.0,17848.48,,,3.46,12918.4,,749937.0,709846.0,50.25,,,,,,2.35,2.39
2007-12-18 00:00:00+00:00,145.1,145.12,0.0,17848.48,,,3.46,,,749937.0,709846.0,50.25,,,,,,,
2007-12-19 00:00:00+00:00,145.1,145.12,0.0,17848.48,,,3.46,,,749937.0,709846.0,50.25,,,,,,,
2007-12-20 00:00:00+00:00,145.1,145.12,0.0,17848.48,,,3.46,,,749937.0,709846.0,50.25,,,,,,,
2007-12-21 00:00:00+00:00,145.1,145.12,0.0,17848.48,,,3.46,,,749937.0,709846.0,50.25,,,,,,,
2007-12-24 00:00:00+00:00,145.1,145.12,0.0,17848.48,,,3.46,24854.9,,749937.0,709846.0,50.25,,,,,,2.37,2.42
2007-12-25 00:00:00+00:00,145.1,145.12,0.0,17848.48,,,3.46,12678.2,,749937.0,709846.0,50.25,,,,,,2.36,2.4
2007-12-26 00:00:00+00:00,143.9,143.9,0.0,17698.5,,,3.43,10223.8,,749937.0,709846.0,49.83,,,,,,2.35,2.38
2007-12-27 00:00:00+00:00,143.9,143.9,0.0,17698.5,,,3.43,17103.7,,749937.0,709846.0,49.83,,,,,,2.34,2.37
2007-12-28 00:00:00+00:00,141.5,141.46,0.0,17398.53,,,3.37,23998.8,,749937.0,709846.0,48.99,,,,,,2.31,2.35
2007-12-31 00:00:00+00:00,140.2,140.24,0.0,17248.54,,,3.34,20659.8,,749937.0,709846.0,48.56,,,,,,2.28,2.32
2008-01-01 00:00:00+00:00,140.2,140.24,0.0,17248.54,,,3.03,,,749937.0,1449314.0,64.37,,,,,,,
2008-01-02 00:00:00+00:00,137.2,137.2,0.0,16873.57,,,2.96,19928.0,,749937.0,1449314.0,62.97,,,,,,2.24,2.31
2008-01-03 00:00:00+00:00,137.2,137.2,0.0,16873.57,,,2.96,18722.4,,749937.0,1449314.0,62.97,,,,,,2.22,2.26
2008-01-04 00:00:00+00:00,138.4,138.41,0.0,17023.56,,,2.99,31789.4,,749937.0,1449314.0,63.53,,,,,,2.17,2.27
2008-01-07 00:00:00+00:00,140.2,140.24,0.0,17248.54,,,3.03,28181.9,,749937.0,1449314.0,64.37,,,,,,2.26,2.31
2008-01-08 00:00:00+00:00,140.2,140.24,0.0,17248.54,,,3.03,23910.5,,749937.0,1449314.0,64.37,,,,,,2.28,2.34
2008-01-09 00:00:00+00:00,139.0,139.02,0.0,17098.55,,,3.0,20189.6,,749937.0,1449314.0,63.81,,,,,,2.27,2.31
2008-01-10 00:00:00+00:00,139.6,139.63,0.0,17173.55,,,3.02,19858.7,,749937.0,1449314.0,64.09,,,,,,2.25,2.32
2008-01-11 00:00:00+00:00,140.2,140.24,0.0,17248.54,,,3.03,23869.1,,749937.0,1449314.0,64.37,,,,,,2.29,2.32
2008-01-14 00:00:00+00:00,142.1,142.07,0.0,17473.52,,,3.07,28931.9,,749937.0,1449314.0,65.21,,,,,,2.3,2.33
2008-01-15 00:00:00+00:00,142.1,142.07,0.0,17473.52,,,3.07,27024.6,,749937.0,1449314.0,65.21,,,,,,2.32,2.37
2008-01-16 00:00:00+00:00,140.9,140.85,0.0,17323.53,,,3.04,14329.8,,749937.0,1449314.0,64.65,,,,,,2.28,2.34
2008-01-17 00:00:00+00:00,139.6,139.63,0.0,17173.55,,,3.02,14734.5,,749937.0,1449314.0,64.09,,,,,,2.29,2.32
2008-01-18 00:00:00+00:00,143.9,143.9,0.0,17698.5,,,3.11,55000.9,,749937.0,1449314.0,66.05,,,,,,2.29,2.39
2008-01-21 00:00:00+00:00,139.0,139.02,0.0,17098.55,,,3.0,48333.7,,749937.0,1449314.0,63.81,,,,,,2.25,2.32
2008-01-22 00:00:00+00:00,126.2,126.22,0.0,15523.69,12.9,0.16,2.73,87994.0,,749937.0,1449314.0,57.93,,,,,,2.07,2.2
2008-01-23 00:00:00+00:00,133.5,133.54,0.0,16423.61,13.7,0.16,2.88,61759.1,,749937.0,1449314.0,61.29,,,,,,2.12,2.2
2008-01-24 00:00:00+00:00,131.7,131.71,0.0,16198.63,13.5,0.16,2.84,28861.5,,749937.0,1449314.0,60.45,,,,,,2.13,2.18
2008-01-25 00:00:00+00:00,129.9,129.88,0.0,15973.64,13.3,0.16,2.81,12784.9,,749937.0,1449314.0,59.61,,,,,,2.12,2.16
2008-01-28 00:00:00+00:00,129.3,129.27,0.0,15898.66,13.3,0.16,2.79,14483.8,,749937.0,1449314.0,59.33,,,,,,2.12,2.15
2008-01-29 00:00:00+00:00,126.2,126.22,0.0,15523.69,12.9,0.16,2.73,21156.5,,749937.0,1449314.0,57.93,,,,,,2.04,2.1
2008-01-30 00:00:00+00:00,126.8,126.83,0.0,15598.67,13.0,0.16,2.74,16720.4,,749937.0,1449314.0,58.21,,,,,,2.06,2.12
2008-01-31 00:00:00+00:00,126.2,126.22,0.0,15523.69,12.9,0.16,2.73,9721.5,,749937.0,1449314.0,57.93,,,,,,2.05,2.08
2008-02-01 00:00:00+00:00,126.8,126.83,0.0,15598.67,13.0,0.16,2.74,10775.8,,749937.0,1449314.0,58.21,,,,,,2.07,2.11
2008-02-04 00:00:00+00:00,127.4,127.44,0.0,15673.67,13.1,0.16,2.75,10337.9,,749937.0,1449314.0,58.49,,,,,,2.07,2.1
2008-02-05 00:00:00+00:00,126.8,126.83,0.0,15598.67,13.0,0.16,2.74,6897.8,,749937.0,1449314.0,58.21,,,,,,2.06,2.08
2008-02-06 00:00:00+00:00,127.4,127.44,0.0,15673.67,13.1,0.16,2.75,4955.4,,749937.0,1449314.0,58.49,,,,,,2.07,2.09
2008-02-07 00:00:00+00:00,126.2,126.22,0.0,15523.69,12.9,0.16,2.73,11027.6,,749937.0,1449314.0,57.93,,,,,,2.06,2.1
2008-02-08 00:00:00+00:00,125.6,125.61,0.0,15448.69,12.9,0.16,2.71,9783.8,,749937.0,1449314.0,57.65,,,,,,2.04,2.07
2008-02-11 00:00:00+00:00,124.4,124.39,0.0,15298.7,12.8,0.16,2.69,10848.4,,749937.0,1449314.0,57.09,,,,,,2.03,2.06
2008-02-12 00:00:00+00:00,123.2,123.17,0.0,15148.72,12.6,0.16,2.66,30508.3,,749937.0,1449314.0,56.54,,,,,,1.99,2.05
2008-02-13 00:00:00+00:00,123.2,123.17,0.0,15148.72,12.6,0.16,2.66,9663.2,,749937.0,1449314.0,56.54,,,,,,2.0,2.03
2008-02-14 00:00:00+00:00,122.6,122.56,0.0,15073.72,12.6,0.16,2.65,7319.0,,749937.0,1449314.0,56.26,,,,,,2.01,2.04
2008-02-15 00:00:00+00:00,122.0,121.95,0.0,14998.73,12.5,0.16,2.63,17313.2,,749937.0,1449314.0,55.98,,,,,,1.98,2.01
2008-02-18 00:00:00+00:00,123.8,123.78,0.0,15223.7,12.7,0.16,2.67,14879.3,,749937.0,1449314.0,56.81,,,,,,1.99,2.04
2008-02-19 00:00:00+00:00,123.8,123.78,0.0,15223.7,12.7,0.16,2.67,14417.4,,749937.0,1449314.0,56.81,,,,,,2.01,2.04
2008-02-20 00:00:00+00:00,126.2,126.22,0.0,15523.69,12.9,0.16,2.73,18583.4,,749937.0,1449314.0,57.93,,,,,,2.03,2.07
2008-02-21 00:00:00+00:00,126.2,126.22,0.0,15523.69,12.9,0.16,2.73,21893.6,,749937.0,1449314.0,57.93,,,,,,2.05,2.09
2008-02-22 00:00:00+00:00,125.0,125.0,0.0,15373.7,12.8,0.16,2.7,13948.9,,749937.0,1449314.0,57.37,,,,,,2.05,2.08
2008-02-25 00:00:00+00:00,124.4,124.39,0.0,15298.7,12.8,0.16,2.69,15247.3,,749937.0,1449314.0,57.09,,,,,,2.04,2.07
2008-02-26 00:00:00+00:00,126.2,126.22,0.0,15523.69,12.9,0.16,2.73,14377.0,,749937.0,1449314.0,57.93,,,,,,2.03,2.07
2008-02-27 00:00:00+00:00,125.6,125.61,0.0,15448.69,12.9,0.16,2.71,7914.0,,749937.0,1449314.0,57.65,,,,,,2.04,2.06
2008-02-28 00:00:00+00:00,129.3,129.27,0.0,15898.66,13.3,0.16,2.79,53409.1,,749937.0,1449314.0,59.33,,,,,,2.04,2.15
2008-02-29 00:00:00+00:00,128.7,128.66,0.0,15823.66,13.2,0.16,2.78,22793.3,,749937.0,1449314.0,59.05,,,,,,2.07,2.14
2008-03-03 00:00:00+00:00,126.8,126.83,0.0,15598.67,13.0,0.16,2.74,16497.2,,749937.0,1449314.0,58.21,,,,,,2.07,2.11
2008-03-04 00:00:00+00:00,127.4,127.44,0.0,15673.67,13.1,0.16,2.75,10151.9,,749937.0,1449314.0,58.49,,,,,,2.07,2.11
2008-03-05 00:00:00+00:00,126.8,126.83,0.0,15598.67,13.0,0.16,2.74,13704.8,,749937.0,1449314.0,58.21,,,,,,2.08,2.1
2008-03-06 00:00:00+00:00,126.8,126.83,0.0,15598.67,13.0,0.16,2.74,9032.6,,749937.0,1449314.0,58.21,,,,,,2.07,2.09
2008-03-07 00:00:00+00:00,126.2,126.22,0.0,15523.69,12.9,0.16,2.73,13059.5,,749937.0,1449314.0,57.93,,,,,,2.06,2.08
2008-03-10 00:00:00+00:00,125.0,125.0,0.0,15373.7,12.8,0.16,2.7,10843.5,,749937.0,1449314.0,57.37,,,,,,2.05,2.06
2008-03-11 00:00:00+00:00,125.0,125.0,0.0,15373.7,12.8,0.16,2.7,9594.6,,749937.0,1449314.0,57.37,,,,,,2.04,2.07
2008-03-12 00:00:00+00:00,126.8,126.83,0.0,15598.67,13.0,0.16,2.74,9482.8,,749937.0,1449314.0,58.21,,,,,,2.05,2.08
2008-03-13 00:00:00+00:00,127.4,127.44,0.0,15673.67,13.1,0.16,2.75,27218.8,,749937.0,1449314.0,58.49,,,,,,2.07,2.12
2008-03-14 00:00:00+00:00,126.8,126.83,0.0,15598.67,13.0,0.16,2.74,8309.5,,749937.0,1449314.0,58.21,,,,,,2.07,2.1
2008-03-17 00:00:00+00:00,127.4,127.44,0.0,15673.67,13.1,0.16,2.75,15868.2,,749937.0,1449314.0,58.49,,,,,,2.08,2.1
2008-03-18 00:00:00+00:00,127.4,127.44,0.0,15673.67,13.1,0.16,2.75,8656.9,,749937.0,1449314.0,58.49,,,,,,2.07,2.09
2008-03-19 00:00:00+00:00,126.2,126.22,0.0,15523.69,12.9,0.16,2.73,12162.3,,749937.0,1449314.0,57.93,,,,,,2.06,2.09
2008-03-20 00:00:00+00:00,125.6,125.61,0.0,15448.69,12.9,0.16,2.71,10894.0,,749937.0,1449314.0,57.65,,,,,,2.05,2.08
2008-03-21 00:00:00+00:00,126.2,126.22,0.0,15523.69,12.9,0.16,2.73,7757.6,,749937.0,1449314.0,57.93,,,,,,2.06,2.07
2008-03-24 00:00:00+00:00,125.0,125.0,0.0,15373.7,12.8,0.16,2.7,16891.7,,749937.0,1449314.0,57.37,,,,,,2.04,2.07
2008-03-25 00:00:00+00:00,125.6,125.61,0.0,15448.69,12.9,0.16,2.71,16095.7,,749937.0,1449314.0,57.65,,,,,,2.02,2.06
2008-03-26 00:00:00+00:00,125.6,125.61,0.0,15448.69,12.9,0.16,2.71,,,749937.0,1449314.0,57.65,,,,,,,
2008-03-27 00:00:00+00:00,123.8,126.83,2.46,15223.7,12.7,0.16,2.67,18421.3,,749937.0,1449314.0,56.81,,,,,,1.98,2.03
2008-03-28 00:00:00+00:00,120.1,123.08,2.54,14773.75,12.3,0.16,2.59,21726.2,,749937.0,1449314.0,55.14,,,,,,1.97,2.02
2008-03-31 00:00:00+00:00,118.3,121.21,2.58,14548.77,12.1,0.16,2.55,24568.9,,749937.0,1449314.0,54.3,,,,,,1.93,1.99
2008-04-01 00:00:00+00:00,118.3,121.21,2.58,14548.77,12.1,0.16,2.55,16541.9,,749937.0,1449314.0,54.3,,,,,,1.93,1.95
2008-04-02 00:00:00+00:00,119.5,122.46,2.55,14698.75,12.3,0.16,2.58,19877.2,,749937.0,1449314.0,54.86,,,,,,1.93,1.97
2008-04-03 00:00:00+00:00,118.9,121.83,2.56,14623.77,12.2,0.16,2.57,12769.5,,749937.0,1449314.0,54.58,,,,,,1.94,1.97
2008-04-04 00:00:00+00:00,120.7,123.71,2.53,14848.73,12.4,0.16,2.61,26549.3,,749937.0,1449314.0,55.42,,,,,,1.95,1.99
2008-04-07 00:00:00+00:00,122.6,125.58,2.49,15073.72,12.6,0.16,2.65,42734.5,,749937.0,1449314.0,56.26,,,,,,1.98,2.03
2008-04-08 00:00:00+00:00,124.4,127.45,2.45,15298.7,12.8,0.16,2.69,30147.5,,749937.0,1449314.0,57.09,,,,,,2.01,2.05
2008-04-09 00:00:00+00:00,129.9,133.08,2.35,15973.64,13.3,0.16,2.81,102199.9,,749937.0,1449314.0,59.61,,,,,,2.06,2.17
2008-04-10 00:00:00+00:00,130.5,133.7,2.34,16048.64,13.4,0.16,2.82,61627.6,,749937.0,1449314.0,59.89,,,,,,2.13,2.17
2008-04-11 00:00:00+00:00,128.0,131.2,2.38,15748.67,13.1,0.16,2.77,36455.7,,749937.0,1449314.0,58.77,,,,,,2.09,2.16
2008-04-14 00:00:00+00:00,129.9,133.08,2.35,15973.64,13.3,0.16,2.81,33838.7,,749937.0,1449314.0,59.61,,,,,,2.08,2.14
2008-04-15 00:00:00+00:00,129.9,133.08,2.35,15973.64,13.3,0.16,2.81,,,749937.0,1449314.0,59.61,,,,,,,
2008-04-16 00:00:00+00:00,142.1,145.57,2.15,17473.52,14.6,0.16,3.07,98853.3,,749937.0,1449314.0,65.21,,,,,,2.29,2.33
2008-04-17 00:00:00+00:00,142.7,146.2,2.14,17548.52,14.6,0.16,3.08,225378.0,,749937.0,1449314.0,65.49,,,,,,2.31,2.53
2008-04-18 00:00:00+00:00,136.0,139.32,2.24,16723.58,13.9,0.16,2.94,85196.2,,749937.0,1449314.0,62.41,,,,,,2.2,2.3
2008-04-21 00:00:00+00:00,137.8,141.2,2.21,16948.56,13.5,0.17,2.98,79075.4,,749937.0,1449314.0,63.25,,,,,,2.25,2.33
2008-04-22 00:00:00+00:00,138.4,141.82,2.2,17023.56,13.5,0.17,2.99,38391.5,,749937.0,1449314.0,63.53,,,,,,2.22,2.28
2008-04-23 00:00:00+00:00,137.2,140.57,2.22,16873.57,13.4,0.17,2.96,49444.9,,749937.0,1449314.0,62.97,,,,,,2.25,2.31
2008-04-24 00:00:00+00:00,137.2,140.57,2.22,16873.57,13.4,0.17,2.96,31156.2,,749937.0,1449314.0,62.97,,,,,,2.22,2.26
2008-04-25 00:00:00+00:00,136.0,139.32,2.24,16723.58,13.3,0.17,2.94,14347.9,,749937.0,1449314.0,62.41,,,,,,2.22,2.24
2008-04-28 00:00:00+00:00,133.5,136.83,2.28,16423.61,13.0,0.17,2.88,25686.4,,749937.0,1449314.0,61.29,,,,,,2.19,2.22
2008-04-29 00:00:00+00:00,133.5,136.83,2.28,16423.61,13.0,0.17,2.88,14655.0,,749937.0,1449314.0,61.29,,,,,,2.19,2.21
2008-04-30 00:00:00+00:00,133.5,136.83,2.28,16423.61,13.0,0.17,2.88,10791.4,,749937.0,1449314.0,61.29,,,,,,2.17,2.19
2008-05-01 00:00:00+00:00,133.5,136.83,2.28,16423.61,13.0,0.17,2.88,18162.4,,749937.0,1449314.0,61.29,,,,,,2.17,2.22
2008-05-02 00:00:00+00:00,134.8,138.08,2.26,16573.59,13.2,0.17,2.91,26181.3,,749937.0,1449314.0,61.85,,,,,,2.19,2.22
2008-05-05 00:00:00+00:00,134.8,138.08,2.26,16573.59,13.2,0.17,2.91,12189.3,,749937.0,1449314.0,61.85,,,,,,2.19,2.22
2008-05-06 00:00:00+00:00,135.4,138.7,2.25,16648.59,13.2,0.17,2.92,31942.9,,749937.0,1449314.0,62.13,,,,,,2.2,2.25
2008-05-07 00:00:00+00:00,137.8,141.2,2.21,16948.56,13.5,0.17,2.98,35976.8,,749937.0,1449314.0,63.25,,,,,,2.22,2.27
2008-05-08 00:00:00+00:00,137.8,141.2,2.21,16948.56,13.5,0.17,2.98,62143.9,,749937.0,1449314.0,63.25,,,,,,2.25,2.32
2008-05-09 00:00:00+00:00,137.8,141.2,2.21,16948.56,13.5,0.17,2.98,30205.5,,749937.0,1449314.0,63.25,,,,,,2.22,2.27
2008-05-12 00:00:00+00:00,139.0,142.45,2.19,17098.55,13.6,0.17,3.0,41844.7,,749937.0,1449314.0,63.81,,,,,,2.27,2.31
2008-05-13 00:00:00+00:00,142.7,146.2,2.14,17548.52,13.9,0.17,3.08,98790.2,,749937.0,1449314.0,65.49,,,,,,2.28,2.36
2008-05-14 00:00:00+00:00,141.5,144.95,2.16,17398.53,13.8,0.17,3.06,61399.6,,749937.0,1449314.0,64.93,,,,,,2.3,2.38
2008-05-15 00:00:00+00:00,140.9,144.32,2.16,17323.53,13.8,0.17,3.04,30490.2,,749937.0,1449314.0,64.65,,,,,,2.28,2.32
2008-05-16 00:00:00+00:00,140.9,144.32,2.16,17323.53,13.8,0.17,3.04,37892.7,,749937.0,1449314.0,64.65,,,,,,2.3,2.34
2008-05-19 00:00:00+00:00,141.5,144.95,2.16,17398.53,13.8,0.17,3.06,18986.5,,749937.0,1449314.0,64.93,,,,,,2.3,2.33
2008-05-20 00:00:00+00:00,140.9,144.32,2.16,17323.53,13.8,0.17,3.04,34843.2,,749937.0,1449314.0,64.65,,,,,,2.29,2.33
2008-05-21 00:00:00+00:00,140.2,143.7,2.17,17248.54,13.7,0.17,3.03,45804.4,,749937.0,1449314.0,64.37,,,,,,2.29,2.34
2008-05-22 00:00:00+00:00,138.4,141.82,2.2,17023.56,13.5,0.17,2.99,18573.2,,749937.0,1449314.0,63.53,,,,,,2.26,2.29
2008-05-23 00:00:00+00:00,137.2,140.57,2.22,16873.57,13.4,0.17,2.96,24626.3,,749937.0,1449314.0,62.97,,,,,,2.23,2.27
2008-05-26 00:00:00+00:00,137.8,141.2,2.21,16948.56,13.5,0.17,2.98,19906.4,,749937.0,1449314.0,63.25,,,,,,2.21,2.26
2008-05-27 00:00:00+00:00,137.8,141.2,2.21,16948.56,13.5,0.17,2.98,17319.9,,749937.0,1449314.0,63.25,,,,,,2.25,2.28
2008-05-28 00:00:00+00:00,134.1,137.45,2.27,16498.61,13.1,0.17,2.9,95452.4,,749937.0,1449314.0,61.57,,,,,,2.09,2.25
2008-05-29 00:00:00+00:00,139.0,142.45,2.19,17098.55,13.6,0.17,3.0,54343.9,,749937.0,1449314.0,63.81,,,,,,2.2,2.29
2008-05-30 00:00:00+00:00,139.0,142.45,2.19,17098.55,13.6,0.17,3.0,34740.5,,749937.0,1449314.0,63.81,,,,,,2.26,2.3
2008-06-02 00:00:00+00:00,139.0,142.45,2.19,17098.55,13.6,0.17,3.0,51787.1,,749937.0,1449314.0,63.81,,,,,,2.26,2.29
2008-06-03 00:00:00+00:00,137.8,141.2,2.21,16948.56,13.5,0.17,2.98,26496.6,,749937.0,1449314.0,63.25,,,,,,2.25,2.28
2008-06-04 00:00:00+00:00,137.8,141.2,2.21,16948.56,13.5,0.17,2.98,30563.1,,749937.0,1449314.0,63.25,,,,,,2.24,2.27
2008-06-05 00:00:00+00:00,138.4,141.82,2.2,17023.56,13.5,0.17,2.99,24752.9,,749937.0,1449314.0,63.53,,,,,,2.24,2.28
2008-06-06 00:00:00+00:00,140.2,143.7,2.17,17248.54,13.7,0.17,3.03,58596.2,,749937.0,1449314.0,64.37,,,,,,2.25,2.31
2008-06-09 00:00:00+00:00,143.3,146.82,2.13,17623.51,14.0,0.17,3.09,76244.1,,749937.0,1449314.0,65.77,,,,,,2.29,2.37
2008-06-10 00:00:00+00:00,143.3,146.82,2.13,17623.51,14.0,0.17,3.09,122562.2,,749937.0,1449314.0,65.77,,,,,,2.33,2.46
2008-06-11 00:00:00+00:00,144.5,148.07,2.11,17773.5,14.1,0.17,3.12,78109.8,,749937.0,1449314.0,66.33,,,,,,2.34,2.4
2008-06-12 00:00:00+00:00,143.9,147.45,2.12,17698.5,14.0,0.17,3.11,35937.5,,749937.0,1449314.0,66.05,,,,,,2.34,2.39
2008-06-13 00:00:00+00:00,143.3,146.82,2.13,17623.51,14.0,0.17,3.09,24450.7,,749937.0,1449314.0,65.77,,,,,,2.33,2.36
2008-06-16 00:00:00+00:00,143.3,146.82,2.13,17623.51,14.0,0.17,3.09,24475.1,,749937.0,1449314.0,65.77,,,,,,2.33,2.36
2008-06-17 00:00:00+00:00,142.7,146.2,2.14,17548.52,13.9,0.17,3.08,21054.2,,749937.0,1449314.0,65.49,,,,,,2.33,2.36
2008-06-18 00:00:00+00:00,140.9,144.32,2.16,17323.53,13.8,0.17,3.04,17935.4,,749937.0,1449314.0,64.65,,,,,,2.3,2.34
2008-06-19 00:00:00+00:00,141.5,144.95,2.16,17398.53,13.8,0.17,3.06,20836.0,,749937.0,1449314.0,64.93,,,,,,2.29,2.32
2008-06-20 00:00:00+00:00,140.9,144.32,2.16,17323.53,13.8,0.17,3.04,30465.6,,749937.0,1449314.0,64.65,,,,,,2.29,2.32
2008-06-23 00:00:00+00:00,139.6,143.07,2.18,17173.55,13.6,0.17,3.02,33911.3,,749937.0,1449314.0,64.09,,,,,,2.28,2.32
2008-06-24 00:00:00+00:00,137.2,140.57,2.22,16873.57,13.4,0.17,2.96,50009.4,,749937.0,1449314.0,62.97,,,,,,2.24,2.29
2008-06-25 00:00:00+00:00,137.2,140.57,2.22,16873.57,13.4,0.17,2.96,24209.8,,749937.0,1449314.0,62.97,,,,,,2.23,2.27
2008-06-26 00:00:00+00:00,135.4,138.7,2.25,16648.59,13.2,0.17,2.92,49474.2,,749937.0,1449314.0,62.13,,,,,,2.19,2.25
2008-06-27 00:00:00+00:00,131.7,134.95,2.31,16198.63,12.9,0.17,2.84,41316.1,,749937.0,1449314.0,60.45,,,,,,2.15,2.21
2008-06-30 00:00:00+00:00,135.4,138.7,2.25,16648.59,13.2,0.17,2.92,43868.2,,749937.0,1449314.0,62.13,,,,,,2.14,2.23
2008-07-01 00:00:00+00:00,134.1,137.45,2.27,16498.61,13.1,0.17,2.9,24605.5,,749937.0,1449314.0,61.57,,,,,,2.18,2.22
2008-07-02 00:00:00+00:00,132.9,136.2,2.29,16348.61,13.0,0.17,2.87,20957.5,,749937.0,1449314.0,61.01,,,,,,2.18,2.21
2008-07-03 00:00:00+00:00,133.5,136.83,2.28,16423.61,13.0,0.17,2.88,21419.0,,749937.0,1449314.0,61.29,,,,,,2.17,2.2
2008-07-04 00:00:00+00:00,131.1,134.33,2.33,16123.64,12.8,0.17,2.83,48793.3,,749937.0,1449314.0,60.17,,,,,,2.14,2.21
2008-07-07 00:00:00+00:00,131.7,134.95,2.31,16198.63,12.9,0.17,2.84,27827.1,,749937.0,1449314.0,60.45,,,,,,2.12,2.17
2008-07-08 00:00:00+00:00,129.3,132.45,2.36,15898.66,12.6,0.17,2.79,28992.2,,749937.0,1449314.0,59.33,,,,,,2.12,2.16
2008-07-09 00:00:00+00:00,129.9,133.08,2.35,15973.64,12.7,0.17,2.81,13715.0,,749937.0,1449314.0,59.61,,,,,,2.11,2.14
2008-07-10 00:00:00+00:00,129.3,132.45,2.36,15898.66,12.6,0.17,2.79,19261.3,,749937.0,1449314.0,59.33,,,,,,2.1,2.14
2008-07-11 00:00:00+00:00,131.1,134.33,2.33,16123.64,12.8,0.17,2.83,28392.0,,749937.0,1449314.0,60.17,,,,,,2.08,2.16
2008-07-14 00:00:00+00:00,131.1,134.33,2.33,16123.64,12.8,0.17,2.83,23496.3,,749937.0,1449314.0,60.17,,,,,,2.13,2.16
2008-07-15 00:00:00+00:00,130.5,133.7,2.34,16048.64,12.7,0.17,2.82,13714.4,,749937.0,1449314.0,59.89,,,,,,2.12,2.15
2008-07-16 00:00:00+00:00,129.3,132.45,2.36,15898.66,12.6,0.17,2.79,15019.8,,749937.0,1449314.0,59.33,,,,,,2.11,2.13
2008-07-17 00:00:00+00:00,129.3,132.45,2.36,15898.66,12.6,0.17,2.79,12621.4,0.158,749937.0,1449314.0,59.33,7.433,0.16,13.45,,,2.1,2.13
2008-07-18 00:00:00+00:00,128.7,131.83,2.37,15823.66,12.6,0.17,2.78,7221.4,0.158,749937.0,1449314.0,59.05,7.433,0.16,13.45,,,2.11,2.13
2008-07-21 00:00:00+00:00,129.9,133.08,2.35,15973.64,12.7,0.17,2.81,9864.5,0.158,749937.0,1449314.0,59.61,7.433,0.16,13.45,,,2.11,2.14
2008-07-22 00:00:00+00:00,130.5,133.7,2.34,16048.64,12.7,0.17,2.82,11493.3,0.158,749937.0,1449314.0,59.89,7.433,0.16,13.45,,,2.13,2.15
2008-07-23 00:00:00+00:00,130.5,133.7,2.34,16048.64,12.7,0.17,2.82,10908.7,0.158,749937.0,1449314.0,59.89,7.433,0.16,13.45,,,2.13,2.15
2008-07-24 00:00:00+00:00,133.5,136.83,2.28,16423.61,13.0,0.17,2.88,32151.1,0.158,749937.0,1449314.0,61.29,7.433,0.16,13.45,,,2.13,2.2
2008-07-25 00:00:00+00:00,132.9,136.2,2.29,16348.61,13.0,0.17,2.87,14951.8,0.158,749937.0,1449314.0,61.01,7.433,0.16,13.45,,,2.16,2.2
2008-07-28 00:00:00+00:00,125.6,128.7,2.43,15448.69,23.1,0.09,2.71,70958.5,0.158,749937.0,1449314.0,57.65,7.433,0.16,13.45,,,1.99,2.09
2008-07-29 00:00:00+00:00,125.0,128.08,2.44,15373.7,23.0,0.09,2.7,21566.5,0.158,749937.0,1449314.0,57.37,7.433,0.16,13.45,,,2.04,2.08
2008-07-30 00:00:00+00:00,125.6,128.7,2.43,15448.69,23.1,0.09,2.71,8273.9,0.158,749937.0,1449314.0,57.65,7.433,0.16,13.45,,,2.05,2.07
2008-07-31 00:00:00+00:00,125.6,128.7,2.43,15448.69,23.1,0.09,2.71,7786.2,0.158,749937.0,1449314.0,57.65,7.433,0.16,13.45,,,2.04,2.07
2008-08-01 00:00:00+00:00,125.6,128.7,2.43,15448.69,23.1,0.09,2.71,8851.7,0.158,749937.0,1449314.0,57.65,7.433,0.16,13.45,,,2.04,2.07
2008-08-04 00:00:00+00:00,125.6,128.7,2.43,15448.69,23.1,0.09,2.71,7767.0,0.158,749937.0,1449314.0,57.65,7.433,0.16,13.45,,,2.05,2.07
2008-08-05 00:00:00+00:00,125.6,128.7,2.43,15448.69,23.1,0.09,2.71,34082.9,0.158,749937.0,1449314.0,57.65,7.433,0.16,13.45,,,2.05,2.08
2008-08-06 00:00:00+00:00,125.0,128.08,2.44,15373.7,23.0,0.09,2.7,5262.1,0.158,749937.0,1449314.0,57.37,7.433,0.16,13.45,,,2.05,2.06
2008-08-07 00:00:00+00:00,124.4,127.45,2.45,15298.7,22.9,0.09,2.69,8122.2,0.158,749937.0,1449314.0,57.09,7.433,0.16,13.45,,,2.04,2.06
2008-08-08 00:00:00+00:00,123.8,126.83,2.46,15223.7,22.8,0.09,2.67,14985.6,0.158,749937.0,1449314.0,56.81,7.433,0.16,13.45,,,2.01,2.05
2008-08-11 00:00:00+00:00,123.2,126.2,2.48,15148.72,22.7,0.09,2.66,21382.7,0.158,749937.0,1449314.0,56.54,7.433,0.16,13.45,,,2.0,2.03
2008-08-12 00:00:00+00:00,123.2,126.2,2.48,15148.72,22.7,0.09,2.66,14650.7,0.158,749937.0,1449314.0,56.54,7.433,0.16,13.45,,,2.01,2.04
2008-08-13 00:00:00+00:00,124.4,127.45,2.45,15298.7,22.9,0.09,2.69,14116.3,0.158,749937.0,1449314.0,57.09,7.433,0.16,13.45,,,2.02,2.04
2008-08-14 00:00:00+00:00,124.4,127.45,2.45,15298.7,22.9,0.09,2.69,11675.0,0.167,749937.0,1449314.0,57.09,8.21,0.17,12.18,,,2.02,2.05
2008-08-15 00:00:00+00:00,125.0,128.08,2.44,15373.7,23.0,0.09,2.7,15394.2,0.167,749937.0,1449314.0,57.37,8.21,0.17,12.18,,,2.03,2.05
2008-08-18 00:00:00+00:00,125.6,128.7,2.43,15448.69,23.1,0.09,2.71,13364.4,0.167,749937.0,1449314.0,57.65,8.21,0.17,12.18,,,2.03,2.07
2008-08-19 00:00:00+00:00,125.6,128.7,2.43,15448.69,23.1,0.09,2.71,11970.0,0.167,749937.0,1449314.0,57.65,8.21,0.17,12.18,,,2.05,2.08
2008-08-20 00:00:00+00:00,126.2,129.33,2.42,15523.69,23.3,0.09,2.73,22937.9,0.167,749937.0,1449314.0,57.93,8.21,0.17,12.18,,,2.04,2.08
2008-08-21 00:00:00+00:00,125.6,128.7,2.43,15448.69,23.1,0.09,2.71,11037.7,0.167,749937.0,1449314.0,57.65,8.21,0.17,12.18,,,2.05,2.07
2008-08-22 00:00:00+00:00,125.0,128.08,2.44,15373.7,23.0,0.09,2.7,12544.9,0.167,749937.0,1449314.0,57.37,8.21,0.17,12.18,,,2.04,2.06
2008-08-25 00:00:00+00:00,125.0,128.08,2.44,15373.7,23.0,0.09,2.7,17781.4,0.167,749937.0,1449314.0,57.37,8.21,0.17,12.18,,,2.03,2.05
2008-08-26 00:00:00+00:00,125.0,128.08,2.44,15373.7,23.0,0.09,2.7,14847.9,0.167,749937.0,1449314.0,57.37,8.21,0.17,12.18,,,2.02,2.05
2008-08-27 00:00:00+00:00,123.2,126.2,2.48,15148.72,22.7,0.09,2.66,8737.0,0.167,749937.0,1449314.0,56.54,8.21,0.17,12.18,,,2.02,2.05
2008-08-28 00:00:00+00:00,123.2,126.2,2.48,15148.72,22.7,0.09,2.66,29591.9,0.167,749937.0,1449314.0,56.54,8.21,0.17,12.18,,,1.99,2.03
2008-08-29 00:00:00+00:00,125.0,128.08,2.44,15373.7,23.0,0.09,2.7,14396.9,0.167,749937.0,1449314.0,57.37,8.21,0.17,12.18,,,2.01,2.05
2008-09-01 00:00:00+00:00,125.0,128.08,2.44,15373.7,23.0,0.09,2.7,7180.6,0.167,749937.0,1449314.0,57.37,8.21,0.17,12.18,,,2.03,2.05
2008-09-02 00:00:00+00:00,123.8,126.83,2.46,15223.7,22.8,0.09,2.67,9092.4,0.167,749937.0,1449314.0,56.81,8.21,0.17,12.18,,,2.02,2.04
2008-09-03 00:00:00+00:00,124.4,127.45,2.45,15298.7,22.9,0.09,2.69,14361.2,0.167,749937.0,1449314.0,57.09,8.21,0.17,12.18,,,2.02,2.04
2008-09-04 00:00:00+00:00,123.8,126.83,2.46,15223.7,22.8,0.09,2.67,17744.3,0.167,749937.0,1449314.0,56.81,8.21,0.17,12.18,,,2.01,2.04
2008-09-05 00:00:00+00:00,121.3,124.33,2.51,14923.73,22.4,0.09,2.62,20085.4,0.167,749937.0,1449314.0,55.7,8.21,0.17,12.18,,,1.97,2.02
2008-09-08 00:00:00+00:00,122.0,124.95,2.5,14998.73,22.5,0.09,2.63,19490.5,0.167,749937.0,1449314.0,55.98,8.21,0.17,12.18,,,1.96,2.01
2008-09-09 00:00:00+00:00,121.3,124.33,2.51,14923.73,22.4,0.09,2.62,9461.4,0.167,749937.0,1449314.0,55.7,8.21,0.17,12.18,,,1.99,2.02
2008-09-10 00:00:00+00:00,120.1,123.08,2.54,14773.75,22.1,0.09,2.59,8695.1,0.167,749937.0,1449314.0,55.14,8.21,0.17,12.18,,,1.96,1.99
2008-09-11 00:00:00+00:00,121.3,124.33,2.51,14923.73,22.4,0.09,2.62,19989.0,0.167,749937.0,1449314.0,55.7,8.21,0.17,12.18,,,1.95,1.99
2008-09-12 00:00:00+00:00,112.2,114.96,2.72,13798.83,20.7,0.09,2.42,27339.9,0.167,749937.0,1449314.0,51.5,8.21,0.17,12.18,,,1.8,1.97
2008-09-15 00:00:00+00:00,103.0,105.59,2.96,12673.92,19.0,0.09,2.23,40323.5,0.167,749937.0,1449314.0,47.3,8.21,0.17,12.18,,,1.69,1.83
2008-09-16 00:00:00+00:00,114.0,116.83,2.67,14023.81,21.0,0.09,2.46,55886.9,0.167,749937.0,1449314.0,52.34,8.21,0.17,12.18,,,1.53,1.87
2008-09-17 00:00:00+00:00,116.5,119.33,2.62,14323.78,21.5,0.09,2.52,34098.5,0.167,749937.0,1449314.0,53.46,8.21,0.17,12.18,,,1.83,1.91
2008-09-18 00:00:00+00:00,114.0,116.83,2.67,14023.81,21.0,0.09,2.46,32712.7,,749937.0,1449314.0,52.34,,0.17,12.18,,,1.81,1.95
2008-09-19 00:00:00+00:00,122.0,124.95,2.5,14998.73,22.5,0.09,2.63,64568.4,,749937.0,1449314.0,55.98,,0.17,12.18,,,1.93,2.02
2008-09-22 00:00:00+00:00,118.9,121.83,2.56,14623.77,21.9,0.09,2.57,35490.2,,749937.0,1449314.0,54.58,,0.17,12.18,,,1.91,2.0
2008-09-23 00:00:00+00:00,113.4,116.21,2.69,13948.82,20.9,0.09,2.45,29582.7,,749937.0,1449314.0,52.06,,0.17,12.18,1.87,1.86,1.86,1.95
2008-09-24 00:00:00+00:00,109.8,112.46,2.78,13498.86,20.2,0.09,2.37,26918.7,,749937.0,1449314.0,50.38,,0.17,12.18,1.8,1.79,1.79,1.87
2008-09-25 00:00:00+00:00,111.0,113.71,2.75,13648.85,20.4,0.09,2.4,29894.9,,749937.0,1449314.0,50.94,,0.17,12.18,1.82,1.81,1.74,1.82
2008-09-26 00:00:00+00:00,112.2,114.96,2.72,13798.83,20.7,0.09,2.42,22300.0,,749937.0,1449314.0,51.5,,0.17,12.18,1.84,1.83,1.82,1.91
2008-09-29 00:00:00+00:00,114.6,117.46,2.66,14098.8,21.1,0.09,2.48,19547.2,,749937.0,1449314.0,52.62,,0.17,12.18,1.89,1.88,1.86,1.9
2008-09-30 00:00:00+00:00,114.6,117.46,2.66,14098.8,21.1,0.09,2.48,,,749937.0,1449314.0,52.62,,0.17,12.18,,,,
2008-10-01 00:00:00+00:00,114.6,117.46,2.66,14098.8,21.1,0.09,2.48,,,749937.0,1449314.0,52.62,,0.17,12.18,,,,
2008-10-02 00:00:00+00:00,114.6,117.46,2.66,14098.8,21.1,0.09,2.48,,,749937.0,1449314.0,52.62,,0.17,12.18,,,,
2008-10-03 00:00:00+00:00,106.1,108.71,2.87,13048.89,19.6,0.09,2.29,15914.5,,749937.0,1449314.0,48.7,,0.17,12.18,1.75,1.74,1.73,1.79
2008-10-06 00:00:00+00:00,103.7,106.21,2.94,12750.0,19.1,0.09,2.24,24490.5,,750000.0,1449314.0,47.58,,0.17,12.18,1.71,1.7,1.65,1.77
2008-10-07 00:00:00+00:00,103.0,105.59,2.96,12674.99,19.0,0.09,2.23,17350.1,,750000.0,1449314.0,47.3,,0.17,12.18,1.69,1.68,1.68,1.74
2008-10-08 00:00:00+00:00,93.3,95.59,3.27,11475.0,17.2,0.09,2.02,51193.8,,750000.0,1449314.0,42.82,,0.17,12.18,1.53,,1.53,1.66
2008-10-09 00:00:00+00:00,98.8,101.21,3.09,12149.99,18.2,0.09,2.13,63383.8,,750000.0,1449314.0,45.34,,0.17,12.18,1.62,1.61,1.54,1.66
2008-10-10 00:00:00+00:00,89.6,91.84,3.4,11025.0,16.5,0.09,1.94,41404.1,,750000.0,1449314.0,41.14,,0.17,12.18,1.47,1.46,1.43,1.53
2008-10-13 00:00:00+00:00,98.2,100.59,3.11,12074.99,18.1,0.09,2.12,40092.9,,750000.0,1449314.0,45.06,,0.17,12.18,,1.61,1.54,1.61
2008-10-14 00:00:00+00:00,106.1,108.71,2.87,13049.99,19.6,0.09,2.29,30729.9,,750000.0,1449314.0,48.7,,0.17,12.18,,1.74,1.69,1.74
2008-10-15 00:00:00+00:00,97.6,99.96,3.13,12000.0,18.0,0.09,2.11,79681.9,,750000.0,1449314.0,44.78,,0.17,12.18,1.6,1.59,1.57,1.72
2008-10-16 00:00:00+00:00,95.7,98.09,3.18,11775.0,17.6,0.09,2.07,30551.4,,750000.0,1449314.0,43.94,,0.17,12.18,1.58,1.57,1.51,1.59
2008-10-17 00:00:00+00:00,96.3,98.71,3.16,11850.0,17.8,0.09,2.08,29842.9,,750000.0,1449314.0,44.22,,0.17,12.18,1.58,1.57,1.56,1.63
2008-10-20 00:00:00+00:00,97.0,99.34,3.14,11925.0,16.2,0.1,2.09,39310.8,,750000.0,1449314.0,44.5,,0.17,12.18,1.6,1.59,1.56,1.61
2008-10-21 00:00:00+00:00,95.7,98.09,3.18,11775.0,16.0,0.1,2.07,66187.9,,750000.0,1449314.0,43.94,,0.17,12.18,1.57,1.56,1.56,1.63
2008-10-22 00:00:00+00:00,93.3,95.59,3.27,11475.0,15.6,0.1,2.02,43325.2,,750000.0,1449314.0,42.82,,0.17,12.18,1.54,1.53,1.52,1.57
2008-10-23 00:00:00+00:00,93.3,95.59,3.27,11475.0,15.6,0.1,2.02,29810.0,,750000.0,1449314.0,42.82,,0.17,12.18,1.54,1.53,1.49,1.54
2008-10-24 00:00:00+00:00,84.8,86.84,3.6,10425.0,14.2,0.1,1.83,42845.5,,750000.0,1449314.0,38.9,,0.17,12.18,1.39,1.38,1.36,1.46
2008-10-27 00:00:00+00:00,78.7,80.6,3.88,9675.0,13.2,0.1,1.7,72530.1,,750000.0,1449314.0,36.1,,0.17,12.18,1.3,1.29,1.26,1.44
2008-10-28 00:00:00+00:00,73.2,74.97,4.17,9000.0,12.2,0.1,1.58,137164.4,,750000.0,1449314.0,33.59,,0.17,12.18,1.21,1.2,1.19,1.3
2008-10-29 00:00:00+00:00,72.0,73.72,4.24,8850.0,12.0,0.1,1.55,168166.0,,750000.0,1449314.0,33.03,,0.17,12.18,1.18,1.17,1.14,1.28
2008-10-30 00:00:00+00:00,73.8,75.6,4.13,9075.0,12.3,0.1,1.59,198531.1,,750000.0,1449314.0,33.87,,0.17,12.18,1.21,1.2,1.12,1.24
2008-10-31 00:00:00+00:00,75.0,76.85,4.07,9225.0,12.6,0.1,1.62,157316.9,,750000.0,1449314.0,34.42,,0.17,12.18,1.23,1.22,1.21,1.28
2008-11-03 00:00:00+00:00,71.3,73.1,4.27,8775.0,11.9,0.1,1.54,121020.2,,750000.0,1449314.0,32.75,,0.17,12.18,1.17,1.16,1.16,1.2
2008-11-04 00:00:00+00:00,73.2,74.97,4.17,9000.0,12.2,0.1,1.58,143364.6,,750000.0,1449314.0,33.59,,0.17,12.18,1.2,1.19,1.14,1.2
2008-11-05 00:00:00+00:00,71.3,73.1,4.27,8775.0,11.9,0.1,1.54,136586.4,,750000.0,1449314.0,32.75,,0.17,12.18,1.18,1.17,1.17,1.23
2008-11-06 00:00:00+00:00,71.3,73.1,4.27,8775.0,11.9,0.1,1.54,85559.2,,750000.0,1449314.0,32.75,,0.17,12.18,1.17,1.16,1.14,1.18
2008-11-07 00:00:00+00:00,65.9,67.48,4.63,8100.0,11.0,0.1,1.42,84097.7,,750000.0,1449314.0,30.23,,0.17,12.18,1.09,1.08,1.08,1.14
2008-11-10 00:00:00+00:00,66.5,68.1,4.59,8175.0,11.1,0.1,1.44,87699.9,,750000.0,1449314.0,30.51,,0.17,12.18,1.09,1.08,1.05,1.1
2008-11-11 00:00:00+00:00,61.6,63.1,4.95,7575.0,10.3,0.1,1.33,74546.6,,750000.0,1449314.0,28.27,,0.17,12.18,1.02,1.01,0.99,1.07
2008-11-12 00:00:00+00:00,59.8,61.23,5.1,7350.0,10.0,0.1,1.29,93944.6,,750000.0,1449314.0,27.43,,0.17,12.18,0.98,0.98,0.92,1.02
2008-11-13 00:00:00+00:00,55.2,56.54,5.52,6787.5,9.2,0.1,1.19,77280.6,,750000.0,1449314.0,25.33,,0.17,12.18,0.9,0.9,0.9,0.95
2008-11-14 00:00:00+00:00,50.9,52.17,5.99,6262.5,8.5,0.1,1.1,84136.2,,750000.0,1449314.0,23.37,,0.17,12.18,0.83,,0.83,0.86
2008-11-17 00:00:00+00:00,52.7,54.04,5.78,6487.5,8.8,0.1,1.14,80057.5,,750000.0,1449314.0,24.21,,0.17,12.18,0.87,0.86,0.78,0.87
2008-11-18 00:00:00+00:00,55.8,57.17,5.46,6862.5,9.3,0.1,1.21,105044.8,,750000.0,1449314.0,25.61,,0.17,12.18,,0.91,0.87,0.91
2008-11-19 00:00:00+00:00,60.1,61.54,5.08,7387.5,10.1,0.1,1.3,161664.3,,750000.0,1449314.0,27.57,,0.17,12.18,0.99,0.98,0.91,0.99
2008-11-20 00:00:00+00:00,64.6,66.23,4.72,7950.0,10.8,0.1,1.4,140992.9,,750000.0,1449314.0,29.67,,0.17,12.18,,1.06,0.94,1.06
2008-11-21 00:00:00+00:00,63.4,64.98,4.81,7800.0,10.6,0.1,1.37,147152.9,,750000.0,1449314.0,29.11,,0.17,12.18,1.04,1.03,1.0,1.11
2008-11-24 00:00:00+00:00,62.2,63.73,4.9,7650.0,10.4,0.1,1.34,69576.3,,750000.0,1449314.0,28.55,,0.17,12.18,1.02,1.01,1.01,1.08
2008-11-25 00:00:00+00:00,64.0,65.6,4.76,7875.0,10.7,0.1,1.38,48294.5,,750000.0,1449314.0,29.39,,0.17,12.18,1.05,1.04,1.03,1.09
2008-11-26 00:00:00+00:00,63.4,64.98,4.81,7800.0,10.6,0.1,1.37,25836.9,,750000.0,1449314.0,29.11,,0.17,12.18,1.05,1.04,1.03,1.06
2008-11-27 00:00:00+00:00,63.4,64.98,4.81,7800.0,10.6,0.1,1.37,38383.6,,750000.0,1449314.0,29.11,,0.17,12.18,1.05,1.04,1.03,1.06
2008-11-28 00:00:00+00:00,67.1,68.73,4.55,8250.0,11.2,0.1,1.45,95091.5,,750000.0,1449314.0,30.79,,0.17,12.18,1.11,1.1,1.07,1.11
2008-12-01 00:00:00+00:00,65.9,67.48,4.63,8100.0,11.0,0.1,1.42,51553.3,,750000.0,1449314.0,30.23,,0.17,12.18,1.09,1.08,1.06,1.1
2008-12-02 00:00:00+00:00,62.8,64.35,4.85,7725.0,10.5,0.1,1.36,37142.7,,750000.0,1449314.0,28.83,,0.17,12.18,1.04,1.03,1.02,1.08
2008-12-03 00:00:00+00:00,64.0,65.6,4.76,7875.0,10.7,0.1,1.38,42073.5,,750000.0,1449314.0,29.39,,0.17,12.18,1.06,1.05,1.02,1.07
2008-12-04 00:00:00+00:00,65.9,67.48,4.63,8100.0,11.0,0.1,1.42,39789.3,,750000.0,1449314.0,30.23,,0.17,12.18,1.08,1.07,1.05,1.08
2008-12-05 00:00:00+00:00,65.9,67.48,4.63,8100.0,11.0,0.1,1.42,,,750000.0,1449314.0,30.23,,0.17,12.18,,,,
2008-12-08 00:00:00+00:00,65.9,67.48,4.63,8100.0,11.0,0.1,1.42,,,750000.0,1449314.0,30.23,,0.17,12.18,,,,
2008-12-09 00:00:00+00:00,65.9,67.48,4.63,8100.0,11.0,0.1,1.42,,,750000.0,1449314.0,30.23,,0.17,12.18,,,,
2008-12-10 00:00:00+00:00,65.9,67.48,4.63,8100.0,11.0,0.1,1.42,20364.2,,750000.0,1449314.0,30.23,,0.17,12.18,1.08,1.07,1.07,1.11
2008-12-11 00:00:00+00:00,65.9,67.48,4.63,8100.0,11.0,0.1,1.42,13868.0,,750000.0,1449314.0,30.23,,0.17,12.18,1.09,1.08,1.08,1.1
2008-12-12 00:00:00+00:00,65.9,67.48,4.63,8100.0,11.0,0.1,1.42,25827.8,,750000.0,1449314.0,30.23,,0.17,12.18,1.09,1.08,1.07,1.1
2008-12-15 00:00:00+00:00,66.5,68.1,4.59,8175.0,11.1,0.1,1.44,19493.5,,750000.0,1449314.0,30.51,,0.17,12.18,1.09,1.08,1.06,1.09
2008-12-16 00:00:00+00:00,68.3,69.97,4.46,8400.0,11.4,0.1,1.48,140293.3,,750000.0,1449314.0,31.35,,0.17,12.18,1.12,1.11,1.07,1.17
2008-12-17 00:00:00+00:00,68.9,70.6,4.42,8475.0,11.5,0.1,1.49,59011.2,,750000.0,1449314.0,31.63,,0.17,12.18,1.13,1.12,1.1,1.15
2008-12-18 00:00:00+00:00,68.9,70.6,4.42,8475.0,11.5,0.1,1.49,,,750000.0,1449314.0,31.63,,0.17,12.18,,,,
2008-12-19 00:00:00+00:00,67.1,68.73,4.55,8250.0,11.2,0.1,1.45,48420.7,,750000.0,1449314.0,30.79,,0.17,12.18,1.1,1.09,1.09,1.13
2008-12-22 00:00:00+00:00,67.1,68.73,4.55,8250.0,11.2,0.1,1.45,,,750000.0,1449314.0,30.79,,0.17,12.18,,,,
2008-12-23 00:00:00+00:00,65.9,67.48,4.63,8100.0,11.0,0.1,1.42,39316.5,,750000.0,1449314.0,30.23,,0.17,12.18,1.09,1.08,1.07,1.12
2008-12-24 00:00:00+00:00,61.0,62.48,5.0,7500.0,10.2,0.1,1.32,33412.7,,750000.0,1449314.0,27.99,,0.17,12.18,1.02,1.01,1.0,1.09
2008-12-25 00:00:00+00:00,64.0,65.6,4.76,7875.0,10.7,0.1,1.38,40043.1,,750000.0,1449314.0,29.39,,0.17,12.18,1.05,1.04,1.01,1.06
2008-12-26 00:00:00+00:00,64.0,65.6,4.76,7875.0,10.7,0.1,1.38,31396.0,,750000.0,1449314.0,29.39,,0.17,12.18,1.05,1.04,1.04,1.06
2008-12-29 00:00:00+00:00,68.9,70.6,4.42,8475.0,11.5,0.1,1.49,114334.8,,750000.0,1449314.0,31.63,,0.17,12.18,1.13,1.12,1.1,1.14
2008-12-30 00:00:00+00:00,67.7,69.35,4.5,8325.0,11.3,0.1,1.46,43940.9,,750000.0,1449314.0,31.07,,0.17,12.18,1.11,1.1,1.1,1.14
2008-12-31 00:00:00+00:00,67.1,68.73,4.55,8249.3,11.2,0.1,1.45,55450.8,,749937.0,1449314.0,30.79,,0.17,12.18,1.11,1.1,1.09,1.11
2009-01-01 00:00:00+00:00,67.1,68.73,4.55,8249.3,11.2,0.1,1.38,,,749937.0,1379107.0,8.76,,0.17,12.18,,,,
2009-01-02 00:00:00+00:00,67.1,68.73,4.55,8249.3,11.2,0.1,1.38,31326.1,,749937.0,1379107.0,8.76,,0.17,12.18,1.11,1.1,1.1,1.13
2009-01-05 00:00:00+00:00,67.1,68.73,4.55,8249.3,11.2,0.1,1.38,20452.1,,749937.0,1379107.0,8.76,,0.17,12.18,1.1,1.09,1.08,1.11
2009-01-06 00:00:00+00:00,65.9,67.48,4.63,8099.32,11.0,0.1,1.36,15446.9,,749937.0,1379107.0,8.6,,0.17,12.18,1.09,1.08,1.08,1.09
2009-01-07 00:00:00+00:00,65.9,67.48,4.63,8099.32,11.0,0.1,1.36,24203.2,,749937.0,1379107.0,8.6,,0.17,12.18,1.09,1.08,1.06,1.09
2009-01-08 00:00:00+00:00,65.9,67.48,4.63,8099.32,11.0,0.1,1.36,22954.4,,749937.0,1379107.0,8.6,,0.17,12.18,1.09,1.08,1.08,1.1
2009-01-09 00:00:00+00:00,64.6,66.23,4.72,7949.33,10.8,0.1,1.33,12402.2,,749937.0,1379107.0,8.44,,0.17,12.18,1.07,1.06,1.05,1.08
2009-01-12 00:00:00+00:00,64.6,66.23,4.72,7949.33,10.8,0.1,1.33,16393.5,,749937.0,1379107.0,8.44,,0.17,12.18,1.07,1.06,1.05,1.08
2009-01-13 00:00:00+00:00,63.4,64.98,4.81,7799.34,10.6,0.1,1.31,22696.7,,749937.0,1379107.0,8.29,,0.17,12.18,1.05,1.04,1.04,1.06
2009-01-14 00:00:00+00:00,62.2,63.73,4.9,7649.36,10.4,0.1,1.28,19390.5,,749937.0,1379107.0,8.13,,0.17,12.18,1.02,1.01,1.01,1.06
2009-01-15 00:00:00+00:00,58.8,60.29,5.18,7236.89,9.8,0.1,1.21,28377.8,,749937.0,1379107.0,7.69,,0.17,12.18,0.97,0.96,0.94,1.01
2009-01-16 00:00:00+00:00,56.1,57.48,5.43,6899.41,9.4,0.1,1.16,22198.7,,749937.0,1379107.0,7.33,,0.17,12.18,0.92,0.91,0.91,0.95
2009-01-19 00:00:00+00:00,54.9,56.23,5.56,6749.43,9.2,0.1,1.13,31603.8,,749937.0,1379107.0,7.17,,0.17,12.18,0.9,0.89,0.89,0.95
2009-01-20 00:00:00+00:00,54.3,55.6,5.62,6674.43,9.1,0.1,1.12,43359.9,,749937.0,1379107.0,7.09,,0.17,12.18,0.89,0.88,0.86,0.91
2009-01-21 00:00:00+00:00,48.5,49.67,6.29,5962.0,8.1,0.1,1.0,46795.4,,749937.0,1379107.0,6.33,,0.17,12.18,0.8,0.79,0.79,0.86
2009-01-22 00:00:00+00:00,54.0,55.29,5.65,6636.94,9.0,0.1,1.11,56277.9,,749937.0,1379107.0,7.05,,0.17,12.18,,0.88,0.79,0.88
2009-01-23 00:00:00+00:00,55.8,57.17,5.46,6861.92,9.3,0.1,1.15,68990.8,,749937.0,1379107.0,7.29,,0.17,12.18,0.91,0.91,0.9,0.95
2009-01-26 00:00:00+00:00,56.7,58.1,5.38,6974.41,9.5,0.1,1.17,37922.9,,749937.0,1379107.0,7.41,,0.17,12.18,0.93,0.92,0.9,0.93
2009-01-27 00:00:00+00:00,61.0,62.48,5.0,7499.37,10.2,0.1,1.26,74254.5,,749937.0,1379107.0,7.97,,0.17,12.18,1.01,1.0,0.93,1.01
2009-01-28 00:00:00+00:00,60.7,62.17,5.03,7461.87,10.2,0.1,1.25,58195.3,,749937.0,1379107.0,7.93,,0.17,12.18,1.0,0.99,0.98,1.03
2009-01-29 00:00:00+00:00,61.6,63.1,4.95,7574.36,10.3,0.1,1.27,33491.7,,749937.0,1379107.0,8.05,,0.17,12.18,1.01,0.99,0.98,1.02
2009-01-30 00:00:00+00:00,60.4,61.85,5.05,7424.37,10.1,0.1,1.25,22243.6,,749937.0,1379107.0,7.89,,0.17,12.18,0.99,0.99,0.98,1.0
2009-02-02 00:00:00+00:00,59.1,60.6,5.15,7274.38,9.9,0.1,1.22,27676.8,,749937.0,1379107.0,7.73,,0.17,12.18,0.97,0.96,0.96,0.99
2009-02-03 00:00:00+00:00,59.5,60.92,5.13,7311.88,9.9,0.1,1.23,27405.2,,749937.0,1379107.0,7.77,,0.17,12.18,0.97,0.97,0.96,0.98
2009-02-04 00:00:00+00:00,61.6,63.1,4.95,7574.36,10.3,0.1,1.27,34763.0,,749937.0,1379107.0,8.05,,0.17,12.18,1.01,1.0,0.97,1.01
2009-02-05 00:00:00+00:00,61.0,62.48,5.0,7499.37,8.2,0.12,1.26,26262.4,,749937.0,1379107.0,7.97,,0.17,12.18,1.01,1.0,0.99,1.0
2009-02-06 00:00:00+00:00,61.6,63.1,7.43,7574.36,8.3,0.12,1.27,42547.0,,749937.0,1379107.0,8.05,,0.17,12.18,1.01,1.0,0.99,1.02
2009-02-09 00:00:00+00:00,61.0,62.48,7.5,7499.36,8.2,0.12,1.26,27977.3,,749937.0,1379107.0,7.97,,0.17,12.18,1.0,0.99,0.99,1.02
2009-02-10 00:00:00+00:00,61.6,63.1,7.43,7574.36,8.3,0.12,1.27,14013.6,,749937.0,1379107.0,8.05,,0.17,12.18,1.01,1.0,0.99,1.01
2009-02-11 00:00:00+00:00,60.7,62.17,7.54,7461.87,8.2,0.12,1.25,22490.9,,749937.0,1379107.0,7.93,,0.17,12.18,1.0,0.99,0.99,1.01
2009-02-12 00:00:00+00:00,62.2,63.73,7.35,7649.35,8.4,0.12,1.28,14570.0,,749937.0,1379107.0,8.13,,0.17,12.18,1.02,1.01,0.99,1.02
2009-02-13 00:00:00+00:00,61.6,63.1,7.43,7574.36,8.3,0.12,1.27,16779.0,,749937.0,1379107.0,8.05,,0.17,12.18,1.02,1.01,1.0,1.02
2009-02-16 00:00:00+00:00,61.0,62.48,7.5,7499.36,8.2,0.12,1.26,10205.8,,749937.0,1379107.0,7.97,,0.17,12.18,1.01,1.0,1.0,1.01
2009-02-17 00:00:00+00:00,60.7,62.17,7.54,7461.87,8.2,0.12,1.25,9119.9,,749937.0,1379107.0,7.93,,0.17,12.18,1.0,0.99,0.99,1.01
2009-02-18 00:00:00+00:00,57.9,59.35,7.89,7124.39,7.8,0.12,1.2,19838.2,,749937.0,1379107.0,7.57,,0.17,12.18,0.95,0.95,0.94,1.0
2009-02-19 00:00:00+00:00,59.5,60.92,7.69,7311.88,8.0,0.12,1.23,18281.4,0.1,749937.0,1379107.0,7.77,10.0,0.1,10.0,0.97,0.97,0.94,0.99
2009-02-20 00:00:00+00:00,58.8,60.29,7.77,7236.89,7.9,0.12,1.21,14787.7,0.1,749937.0,1379107.0,7.69,10.0,0.1,10.0,0.96,0.96,0.95,0.97
2009-02-23 00:00:00+00:00,59.1,60.6,7.73,7274.38,8.0,0.12,1.22,16234.3,0.1,749937.0,1379107.0,7.73,10.0,0.1,10.0,0.97,0.97,0.96,0.98
2009-02-24 00:00:00+00:00,58.2,59.67,7.85,7161.89,7.8,0.12,1.2,7745.5,0.1,749937.0,1379107.0,7.61,10.0,0.1,10.0,0.95,0.95,0.94,0.97
2009-02-25 00:00:00+00:00,58.2,59.67,7.85,7161.89,7.8,0.12,1.2,7174.2,0.1,749937.0,1379107.0,7.61,10.0,0.1,10.0,0.95,0.95,0.95,0.96
2009-02-26 00:00:00+00:00,55.8,57.17,8.2,6861.92,7.5,0.12,1.15,15585.9,0.1,749937.0,1379107.0,7.29,10.0,0.1,10.0,0.91,0.91,0.9,0.95
2009-02-27 00:00:00+00:00,54.9,56.23,8.33,6749.43,7.4,0.12,1.13,23117.6,0.1,749937.0,1379107.0,7.17,10.0,0.1,10.0,0.9,0.89,0.86,0.91
2009-03-02 00:00:00+00:00,54.0,55.29,8.47,6636.94,7.3,0.12,1.11,19829.2,0.1,749937.0,1379107.0,7.05,10.0,0.1,10.0,0.89,0.88,0.88,0.91
2009-03-03 00:00:00+00:00,54.0,55.29,8.47,6636.94,7.3,0.12,1.11,11584.8,0.1,749937.0,1379107.0,7.05,10.0,0.1,10.0,0.89,0.88,0.88,0.89
2009-03-04 00:00:00+00:00,54.0,55.29,8.47,6636.94,7.3,0.12,1.11,10609.1,0.1,749937.0,1379107.0,7.05,10.0,0.1,10.0,0.88,0.88,0.88,0.89
2009-03-05 00:00:00+00:00,54.6,55.92,8.38,6711.93,7.3,0.12,1.13,15518.8,0.1,749937.0,1379107.0,7.13,10.0,0.1,10.0,0.9,0.89,0.88,0.9
2009-03-06 00:00:00+00:00,55.2,56.54,8.29,6786.93,7.4,0.12,1.14,15623.5,0.1,749937.0,1379107.0,7.21,10.0,0.1,10.0,0.9,0.9,0.89,0.9
2009-03-09 00:00:00+00:00,60.4,61.85,7.58,7424.37,8.1,0.12,1.25,70442.7,0.1,749937.0,1379107.0,7.89,10.0,0.1,10.0,,0.99,0.94,0.99
2009-03-10 00:00:00+00:00,57.6,59.04,7.94,7086.9,7.7,0.12,1.19,47025.0,0.1,749937.0,1379107.0,7.53,10.0,0.1,10.0,0.94,0.94,0.93,1.0
2009-03-11 00:00:00+00:00,56.7,58.1,8.06,6974.41,7.6,0.12,1.17,30512.7,0.1,749937.0,1379107.0,7.41,10.0,0.1,10.0,0.93,0.92,0.92,0.96
2009-03-12 00:00:00+00:00,57.6,59.04,7.94,7086.9,7.7,0.12,1.19,20469.9,0.1,749937.0,1379107.0,7.53,10.0,0.1,10.0,0.95,0.94,0.9,0.95
2009-03-13 00:00:00+00:00,58.2,59.67,7.85,7161.89,7.8,0.12,1.2,11503.3,0.1,749937.0,1379107.0,7.61,10.0,0.1,10.0,0.95,0.95,0.93,0.97
2009-03-16 00:00:00+00:00,57.9,59.35,7.89,7124.39,7.8,0.12,1.2,21656.2,0.1,749937.0,1379107.0,7.57,10.0,0.1,10.0,0.95,0.95,0.92,0.95
2009-03-17 00:00:00+00:00,58.2,59.67,7.85,7161.89,7.8,0.12,1.2,14420.7,0.1,749937.0,1379107.0,7.61,10.0,0.1,10.0,0.95,0.95,0.94,0.96
2009-03-18 00:00:00+00:00,58.2,59.67,7.85,7161.89,7.8,0.12,1.2,27005.9,0.1,749937.0,1379107.0,7.61,10.0,0.1,10.0,0.96,0.95,0.94,0.97
2009-03-19 00:00:00+00:00,58.5,59.98,7.81,7199.39,7.9,0.12,1.21,15221.6,0.1,749937.0,1379107.0,7.65,10.526,0.1,9.5,0.96,0.95,0.95,0.97
2009-03-20 00:00:00+00:00,59.8,61.23,7.65,7349.38,8.0,0.12,1.23,19032.1,0.1,749937.0,1379107.0,7.81,10.526,0.1,9.5,0.98,0.98,0.96,0.98
2009-03-23 00:00:00+00:00,60.4,61.85,7.58,7424.37,8.1,0.12,1.25,19278.3,0.1,749937.0,1379107.0,7.89,10.526,0.1,9.5,0.99,0.98,0.98,0.99
2009-03-24 00:00:00+00:00,62.8,64.35,7.28,7724.34,8.4,0.12,1.3,78970.2,0.1,749937.0,1379107.0,8.21,10.526,0.1,9.5,1.04,1.03,0.99,1.04
2009-03-25 00:00:00+00:00,60.7,62.17,7.54,7461.87,8.2,0.12,1.25,61488.4,0.1,749937.0,1379107.0,7.93,10.526,0.1,9.5,1.0,0.99,0.98,1.03
2009-03-26 00:00:00+00:00,61.0,62.48,7.5,7499.36,8.2,0.12,1.26,32886.8,0.1,749937.0,1379107.0,7.97,10.526,0.1,9.5,1.01,1.0,0.99,1.01
2009-03-27 00:00:00+00:00,61.0,62.48,7.5,7499.36,8.2,0.12,1.26,22639.4,0.1,749937.0,1379107.0,7.97,10.526,0.1,9.5,1.01,1.0,0.99,1.03
2009-03-30 00:00:00+00:00,61.6,63.1,7.43,7574.36,8.3,0.12,1.27,43530.0,0.1,749937.0,1379107.0,8.05,10.526,0.1,9.5,,,0.99,1.02
2009-03-31 00:00:00+00:00,61.6,63.1,7.43,7575.0,8.3,0.12,1.27,,0.1,750000.0,1379107.0,8.05,10.526,0.1,9.5,,,,
2009-04-01 00:00:00+00:00,56.7,62.79,8.06,6975.0,7.6,0.12,1.17,40748.9,0.1,750000.0,1379107.0,7.41,10.526,0.1,9.5,0.93,0.93,0.93,0.96
2009-04-02 00:00:00+00:00,56.7,62.79,8.06,6975.0,7.6,0.12,1.17,18407.1,0.1,750000.0,1379107.0,7.41,10.526,0.1,9.5,0.93,0.93,0.92,0.93
2009-04-03 00:00:00+00:00,58.2,64.48,7.85,7162.5,7.8,0.12,1.2,36776.0,0.1,750000.0,1379107.0,7.61,10.526,0.1,9.5,0.95,0.95,0.94,0.97
2009-04-06 00:00:00+00:00,57.6,63.8,7.94,7087.5,7.7,0.12,1.19,15701.3,0.1,750000.0,1379107.0,7.53,10.526,0.1,9.5,0.95,0.94,0.94,0.96
2009-04-07 00:00:00+00:00,57.9,64.14,7.89,7125.0,7.8,0.12,1.2,15111.2,0.1,750000.0,1379107.0,7.57,10.526,0.1,9.5,0.95,0.94,0.93,0.95
2009-04-08 00:00:00+00:00,57.0,63.13,8.02,7012.5,7.7,0.12,1.18,17311.8,0.1,750000.0,1379107.0,7.45,10.526,0.1,9.5,0.94,0.93,0.93,0.95
2009-04-09 00:00:00+00:00,57.6,63.8,7.94,7087.5,7.7,0.12,1.19,15675.2,0.1,750000.0,1379107.0,7.53,10.526,0.1,9.5,0.95,0.94,0.93,0.95
2009-04-10 00:00:00+00:00,57.6,63.8,7.94,7087.5,7.7,0.12,1.19,11717.3,0.1,750000.0,1379107.0,7.53,10.526,0.1,9.5,0.95,0.94,0.94,0.95
2009-04-13 00:00:00+00:00,57.3,63.47,7.98,7050.0,7.7,0.12,1.18,8988.2,0.1,750000.0,1379107.0,7.49,10.526,0.1,9.5,0.94,0.94,0.93,0.94
2009-04-14 00:00:00+00:00,57.6,63.8,7.94,7087.5,7.7,0.12,1.19,8671.8,0.1,750000.0,1379107.0,7.53,10.526,0.1,9.5,0.94,0.94,0.93,0.95
2009-04-15 00:00:00+00:00,57.9,64.14,7.89,7125.0,7.8,0.12,1.2,14502.7,0.1,750000.0,1379107.0,7.57,10.526,0.1,9.5,0.95,0.94,0.93,0.95
2009-04-16 00:00:00+00:00,58.8,65.15,7.77,7237.5,7.9,0.12,1.21,32764.8,0.1,750000.0,1379107.0,7.69,10.638,0.1,9.4,0.96,0.96,0.94,0.97
2009-04-17 00:00:00+00:00,59.8,66.17,7.65,7350.0,8.0,0.12,1.23,30076.5,0.1,750000.0,1379107.0,7.81,10.638,0.1,9.4,0.98,0.97,0.97,0.99
2009-04-20 00:00:00+00:00,58.5,64.82,7.81,7200.0,7.9,0.12,1.21,20137.4,0.1,750000.0,1379107.0,7.65,10.638,0.1,9.4,0.96,0.95,0.95,0.97
2009-04-21 00:00:00+00:00,57.3,63.47,7.98,7050.0,7.8,0.12,1.18,13395.6,0.1,750000.0,1379107.0,7.49,10.638,0.1,9.4,0.94,0.94,0.93,0.95
2009-04-22 00:00:00+00:00,57.6,63.8,7.94,7087.5,7.9,0.12,1.19,11722.1,0.1,750000.0,1379107.0,7.53,10.638,0.1,9.4,0.95,0.94,0.94,0.95
2009-04-23 00:00:00+00:00,58.2,64.48,7.85,7162.5,8.0,0.12,1.2,8947.7,0.1,750000.0,1379107.0,7.61,10.638,0.1,9.4,0.95,0.95,0.94,0.95
2009-04-24 00:00:00+00:00,58.8,65.15,7.77,7237.5,8.0,0.12,1.21,11216.2,0.1,750000.0,1379107.0,7.69,10.638,0.1,9.4,0.96,0.96,0.95,0.97
2009-04-27 00:00:00+00:00,58.8,65.15,7.77,7237.5,8.0,0.12,1.21,8481.4,0.1,750000.0,1379107.0,7.69,10.638,0.1,9.4,0.96,0.96,0.95,0.97
2009-04-28 00:00:00+00:00,58.2,64.48,7.85,7162.5,8.0,0.12,1.2,8003.0,0.1,750000.0,1379107.0,7.61,10.638,0.1,9.4,0.96,0.95,0.95,0.96
2009-04-29 00:00:00+00:00,58.8,65.15,7.77,7237.5,8.0,0.12,1.21,14330.1,0.1,750000.0,1379107.0,7.69,10.638,0.1,9.4,0.96,0.96,0.95,0.96
2009-04-30 00:00:00+00:00,58.8,65.15,7.77,7237.5,8.0,0.12,1.21,16828.0,0.1,750000.0,1379107.0,7.69,10.638,0.1,9.4,0.97,0.96,0.96,0.97
2009-05-01 00:00:00+00:00,60.1,66.5,7.61,7387.5,8.2,0.12,1.24,30375.3,0.1,750000.0,1379107.0,7.85,10.638,0.1,9.4,0.98,0.98,0.96,0.98
2009-05-04 00:00:00+00:00,60.4,66.84,7.58,7425.0,8.3,0.12,1.25,79736.4,0.1,750000.0,1379107.0,7.89,10.638,0.1,9.4,0.99,0.98,0.98,1.02
2009-05-05 00:00:00+00:00,62.8,69.54,7.28,7725.0,8.6,0.12,1.3,73345.3,0.1,750000.0,1379107.0,8.21,10.638,0.1,9.4,1.03,1.02,1.0,1.03
2009-05-06 00:00:00+00:00,64.0,70.89,7.14,7875.0,8.8,0.12,1.32,123299.5,0.1,750000.0,1379107.0,8.37,10.638,0.1,9.4,1.05,1.04,1.0,1.05
2009-05-07 00:00:00+00:00,68.9,76.29,6.64,8475.0,9.4,0.12,1.42,193692.9,0.1,750000.0,1379107.0,9.0,10.638,0.1,9.4,1.13,1.12,1.05,1.13
2009-05-08 00:00:00+00:00,73.8,81.69,6.2,9075.0,10.1,0.12,1.52,81658.7,0.1,750000.0,1379107.0,9.64,10.638,0.1,9.4,,1.21,1.18,1.21
2009-05-11 00:00:00+00:00,68.3,75.62,6.7,8400.0,9.3,0.12,1.41,201617.3,0.1,750000.0,1379107.0,8.92,10.638,0.1,9.4,1.13,1.12,1.11,1.27
2009-05-12 00:00:00+00:00,71.3,78.99,6.41,8775.0,9.8,0.12,1.47,86939.6,0.1,750000.0,1379107.0,9.32,10.638,0.1,9.4,1.18,1.17,1.11,1.19
2009-05-13 00:00:00+00:00,75.0,83.04,6.1,9225.0,10.3,0.12,1.55,181531.0,0.1,750000.0,1379107.0,9.8,10.638,0.1,9.4,1.24,1.23,1.2,1.27
2009-05-14 00:00:00+00:00,72.6,80.34,6.3,8925.0,9.9,0.12,1.5,80027.3,,750000.0,1379107.0,9.48,,0.1,9.4,1.19,1.18,1.16,1.23
2009-05-15 00:00:00+00:00,71.3,78.99,6.41,8775.0,9.8,0.12,1.47,61565.1,,750000.0,1379107.0,9.32,,0.1,9.4,1.17,1.16,1.16,1.2
2009-05-18 00:00:00+00:00,72.0,79.67,6.36,8850.0,9.8,0.12,1.48,42371.2,,750000.0,1379107.0,9.4,,0.1,9.4,1.18,1.17,1.16,1.19
2009-05-19 00:00:00+00:00,74.4,82.37,6.15,9150.0,10.2,0.12,1.53,93315.3,,750000.0,1379107.0,9.72,,0.1,9.4,1.22,1.21,1.19,1.23
2009-05-20 00:00:00+00:00,73.8,81.69,6.2,9075.0,10.1,0.12,1.52,53568.0,,750000.0,1379107.0,9.64,,0.1,9.4,1.22,1.21,1.2,1.22
2009-05-21 00:00:00+00:00,73.8,81.69,6.2,9075.0,10.1,0.12,1.52,28348.9,,750000.0,1379107.0,9.64,,0.1,9.4,1.21,1.2,1.2,1.22
2009-05-22 00:00:00+00:00,73.2,81.02,6.25,9000.0,10.0,0.12,1.51,26090.5,,750000.0,1379107.0,9.56,,0.1,9.4,1.2,1.19,1.18,1.22
2009-05-25 00:00:00+00:00,72.0,79.67,6.36,8850.0,9.8,0.12,1.48,18146.1,,750000.0,1379107.0,9.4,,0.1,9.4,1.18,1.17,1.17,1.19
2009-05-26 00:00:00+00:00,70.1,77.64,6.52,8625.0,9.6,0.12,1.45,36765.4,,750000.0,1379107.0,9.16,,0.1,9.4,1.15,1.14,1.12,1.17
2009-05-27 00:00:00+00:00,72.0,79.67,6.36,8850.0,9.8,0.12,1.48,42416.1,,750000.0,1379107.0,9.4,,0.1,9.4,1.19,1.18,1.16,1.2
2009-05-28 00:00:00+00:00,71.3,78.99,6.41,8775.0,9.8,0.12,1.47,25206.6,,750000.0,1379107.0,9.32,,0.1,9.4,1.17,1.16,1.15,1.19
2009-05-29 00:00:00+00:00,74.4,82.37,6.15,9150.0,10.2,0.12,1.53,123817.1,,750000.0,1379107.0,9.72,,0.1,9.4,1.24,1.22,1.21,1.26
2009-06-01 00:00:00+00:00,75.0,83.04,6.1,9225.0,10.3,0.12,1.55,110246.6,,750000.0,1379107.0,9.8,,0.1,9.4,1.23,1.22,1.2,1.25
2009-06-02 00:00:00+00:00,78.7,87.1,5.81,9675.0,10.8,0.12,1.62,161987.2,,750000.0,1379107.0,10.28,,0.1,9.4,1.29,1.27,1.23,1.29
2009-06-03 00:00:00+00:00,78.0,86.42,5.86,9600.0,10.7,0.12,1.61,105249.5,,750000.0,1379107.0,10.2,,0.1,9.4,1.28,1.27,1.25,1.32
2009-06-04 00:00:00+00:00,78.7,87.1,5.81,9675.0,10.8,0.12,1.62,65717.1,,750000.0,1379107.0,10.28,,0.1,9.4,1.3,1.29,1.24,1.3
2009-06-05 00:00:00+00:00,78.7,87.1,5.81,9675.0,10.8,0.12,1.62,52981.2,,750000.0,1379107.0,10.28,,0.1,9.4,1.3,1.29,1.27,1.32
2009-06-08 00:00:00+00:00,78.7,87.1,5.81,9675.0,10.8,0.12,1.62,29306.8,,750000.0,1379107.0,10.28,,0.1,9.4,1.29,1.28,1.27,1.29
2009-06-09 00:00:00+00:00,78.0,86.42,5.86,9600.0,10.7,0.12,1.61,21015.3,,750000.0,1379107.0,10.2,,0.1,9.4,1.29,1.28,1.27,1.29
2009-06-10 00:00:00+00:00,79.3,87.77,5.77,9750.0,10.8,0.12,1.64,22197.5,,750000.0,1379107.0,10.36,,0.1,9.4,1.3,1.29,1.28,1.3
2009-06-11 00:00:00+00:00,79.9,88.45,5.73,9825.0,10.9,0.12,1.65,37216.1,,750000.0,1379107.0,10.44,,0.1,9.4,1.31,1.3,1.29,1.31
2009-06-12 00:00:00+00:00,81.7,90.47,5.6,10050.0,11.2,0.12,1.69,52787.7,,750000.0,1379107.0,10.68,,0.1,9.4,1.34,1.33,1.31,1.34
2009-06-15 00:00:00+00:00,81.1,89.8,5.64,9975.0,11.1,0.12,1.67,44759.5,,750000.0,1379107.0,10.6,,0.1,9.4,1.33,1.32,1.31,1.34
2009-06-16 00:00:00+00:00,79.3,87.77,5.77,9750.0,10.8,0.12,1.64,26817.4,,750000.0,1379107.0,10.36,,0.1,9.4,1.3,1.29,1.29,1.31
2009-06-17 00:00:00+00:00,77.4,85.75,5.91,9525.0,10.6,0.12,1.6,41374.4,,750000.0,1379107.0,10.12,,0.1,9.4,1.27,1.26,1.22,1.3
2009-06-18 00:00:00+00:00,73.8,81.69,6.2,9075.0,10.1,0.12,1.52,84621.6,,750000.0,1379107.0,9.64,,0.1,9.4,1.21,1.2,1.19,1.29
2009-06-19 00:00:00+00:00,75.0,83.04,6.1,9225.0,10.3,0.12,1.55,34404.0,,750000.0,1379107.0,9.8,,0.1,9.4,1.24,1.23,1.2,1.26
2009-06-22 00:00:00+00:00,76.2,84.4,6.0,9375.0,10.4,0.12,1.57,51978.0,,750000.0,1379107.0,9.96,,0.1,9.4,1.26,1.25,1.22,1.26
2009-06-23 00:00:00+00:00,76.2,84.4,6.0,9375.0,10.4,0.12,1.57,42283.7,,750000.0,1379107.0,9.96,,0.1,9.4,1.25,1.24,1.2,1.25
2009-06-24 00:00:00+00:00,77.4,85.75,5.91,9525.0,10.6,0.12,1.6,37060.1,,750000.0,1379107.0,10.12,,0.1,9.4,1.27,1.26,1.23,1.27
2009-06-25 00:00:00+00:00,78.7,87.1,5.81,9675.0,10.8,0.12,1.62,41576.0,,750000.0,1379107.0,10.28,,0.1,9.4,1.3,1.28,1.26,1.3
2009-06-26 00:00:00+00:00,78.7,87.1,5.81,9675.0,10.8,0.12,1.62,51460.3,,750000.0,1379107.0,10.28,,0.1,9.4,1.29,1.28,1.27,1.31
2009-06-29 00:00:00+00:00,76.2,84.4,6.0,9375.0,10.4,0.12,1.57,42489.3,,750000.0,1379107.0,9.96,,0.1,9.4,1.25,1.24,1.24,1.29
2009-06-30 00:00:00+00:00,76.2,84.4,6.0,9375.0,10.4,0.12,1.57,30198.4,,750000.0,1379107.0,9.96,,0.1,9.4,1.25,1.24,1.24,1.28
2009-07-01 00:00:00+00:00,74.4,82.37,6.15,9150.0,10.2,0.12,1.53,33855.6,,750000.0,1379107.0,9.72,,0.1,9.4,1.22,1.21,1.21,1.24
2009-07-02 00:00:00+00:00,75.6,83.72,6.05,9300.0,10.3,0.12,1.56,22836.8,,750000.0,1379107.0,9.88,,0.1,9.4,1.24,1.23,1.21,1.24
2009-07-03 00:00:00+00:00,73.2,81.02,6.25,9000.0,10.0,0.12,1.51,24183.8,,750000.0,1379107.0,9.56,,0.1,9.4,1.2,1.19,1.19,1.22
2009-07-06 00:00:00+00:00,70.7,78.32,6.47,8700.0,9.7,0.12,1.46,27444.6,,750000.0,1379107.0,9.24,,0.1,9.4,1.16,1.15,1.15,1.21
2009-07-07 00:00:00+00:00,67.7,74.94,6.76,8325.0,9.3,0.12,1.4,28446.9,,750000.0,1379107.0,8.84,,0.1,9.4,1.12,1.11,1.1,1.15
2009-07-08 00:00:00+00:00,66.5,73.59,6.88,8175.0,9.1,0.12,1.37,26107.6,,750000.0,1379107.0,8.68,,0.1,9.4,1.09,1.08,1.06,1.1
2009-07-09 00:00:00+00:00,67.7,74.94,6.76,8325.0,9.3,0.12,1.4,39584.2,,750000.0,1379107.0,8.84,,0.1,9.4,1.11,1.1,1.09,1.17
2009-07-10 00:00:00+00:00,67.1,74.27,6.82,8250.0,9.2,0.12,1.38,12449.2,,750000.0,1379107.0,8.76,,0.1,9.4,1.1,1.09,1.09,1.13
2009-07-13 00:00:00+00:00,66.5,73.59,6.88,8175.0,9.1,0.12,1.37,16339.5,,750000.0,1379107.0,8.68,,0.1,9.4,1.1,1.09,1.08,1.12
2009-07-14 00:00:00+00:00,68.9,76.29,6.64,8475.0,9.4,0.12,1.42,24815.1,,750000.0,1379107.0,9.0,,0.1,9.4,1.14,1.13,1.1,1.14
2009-07-15 00:00:00+00:00,75.0,83.04,6.1,9225.0,8.7,0.14,1.55,62779.3,,750000.0,1379107.0,9.8,,0.1,9.4,,1.23,1.14,1.23
2009-07-16 00:00:00+00:00,70.7,78.32,6.47,8700.0,8.2,0.14,1.46,84777.3,,750000.0,1379107.0,9.24,,0.1,9.4,1.17,1.16,1.16,1.29
2009-07-17 00:00:00+00:00,72.6,80.34,6.3,8925.0,8.4,0.14,1.5,27821.2,,750000.0,1379107.0,9.48,,0.1,9.4,1.19,1.18,1.18,1.23
2009-07-20 00:00:00+00:00,73.8,81.69,6.2,9075.0,8.6,0.14,1.52,70782.9,,750000.0,1379107.0,9.64,,0.1,9.4,1.22,1.2,1.19,1.24
2009-07-21 00:00:00+00:00,74.4,82.37,6.15,9150.0,8.7,0.14,1.53,54272.6,,750000.0,1379107.0,9.72,,0.1,9.4,1.23,1.22,1.2,1.24
2009-07-22 00:00:00+00:00,73.2,81.02,6.25,9000.0,8.5,0.14,1.51,34916.7,,750000.0,1379107.0,9.56,,0.1,9.4,1.21,1.2,1.19,1.22
2009-07-23 00:00:00+00:00,72.6,80.34,6.3,8925.0,8.4,0.14,1.5,13848.6,,750000.0,1379107.0,9.48,,0.1,9.4,1.2,1.19,1.18,1.2
2009-07-24 00:00:00+00:00,73.8,81.69,6.2,9075.0,8.6,0.14,1.52,47261.3,,750000.0,1379107.0,9.64,,0.1,9.4,1.22,1.21,1.2,1.23
2009-07-27 00:00:00+00:00,73.8,81.69,6.2,9075.0,8.6,0.14,1.52,11230.0,,750000.0,1379107.0,9.64,,0.1,9.4,1.21,1.2,1.2,1.22
2009-07-28 00:00:00+00:00,73.8,81.69,6.2,9075.0,8.6,0.14,1.52,9881.7,,750000.0,1379107.0,9.64,,0.1,9.4,1.21,1.2,1.19,1.22
2009-07-29 00:00:00+00:00,73.2,81.02,6.25,9000.0,8.5,0.14,1.51,11880.6,,750000.0,1379107.0,9.56,,0.1,9.4,1.2,1.19,1.18,1.2
2009-07-30 00:00:00+00:00,73.8,81.69,6.2,9075.0,8.6,0.14,1.52,12291.6,,750000.0,1379107.0,9.64,,0.1,9.4,1.21,1.2,1.18,1.21
2009-07-31 00:00:00+00:00,72.6,80.34,6.3,8925.0,8.4,0.14,1.5,18936.2,,750000.0,1379107.0,9.48,,0.1,9.4,1.2,1.19,1.19,1.22
2009-08-03 00:00:00+00:00,73.2,81.02,6.25,9000.0,8.5,0.14,1.51,16046.9,,750000.0,1379107.0,9.56,,0.1,9.4,1.2,1.19,1.19,1.21
2009-08-04 00:00:00+00:00,73.2,81.02,6.25,9000.0,8.5,0.14,1.51,15694.0,,750000.0,1379107.0,9.56,,0.1,9.4,1.21,1.2,1.19,1.21
2009-08-05 00:00:00+00:00,72.6,80.34,6.3,8925.0,8.4,0.14,1.5,8137.4,,750000.0,1379107.0,9.48,,0.1,9.4,1.2,1.19,1.19,1.21
2009-08-06 00:00:00+00:00,73.8,81.69,6.2,9075.0,8.6,0.14,1.52,10342.1,,750000.0,1379107.0,9.64,,0.1,9.4,1.21,1.2,1.19,1.21
2009-08-07 00:00:00+00:00,73.2,81.02,6.25,9000.0,8.5,0.14,1.51,8808.4,,750000.0,1379107.0,9.56,,0.1,9.4,1.21,1.2,1.19,1.21
2009-08-10 00:00:00+00:00,73.2,81.02,6.25,9000.0,8.5,0.14,1.51,6917.6,,750000.0,1379107.0,9.56,,0.1,9.4,1.21,1.2,1.19,1.21
2009-08-11 00:00:00+00:00,75.6,83.72,6.05,9300.0,8.8,0.14,1.56,46999.0,,750000.0,1379107.0,9.88,,0.1,9.4,1.24,1.23,1.2,1.25
2009-08-12 00:00:00+00:00,73.8,81.69,6.2,9075.0,8.6,0.14,1.52,12940.3,,750000.0,1379107.0,9.64,,0.1,9.4,1.22,1.21,1.2,1.23
2009-08-13 00:00:00+00:00,74.4,82.37,6.15,9150.0,8.7,0.14,1.53,10420.0,,750000.0,1379107.0,9.72,,0.1,9.4,1.22,1.21,1.21,1.24
2009-08-14 00:00:00+00:00,73.8,81.69,6.2,9075.0,8.6,0.14,1.52,6272.1,,750000.0,1379107.0,9.64,,0.1,9.4,1.22,1.21,1.2,1.22
2009-08-17 00:00:00+00:00,73.8,81.69,6.2,9075.0,8.6,0.14,1.52,9896.9,,750000.0,1379107.0,9.64,,0.1,9.4,1.21,1.2,1.2,1.21
2009-08-18 00:00:00+00:00,72.6,80.34,6.3,8925.0,8.4,0.14,1.5,15765.6,,750000.0,1379107.0,9.48,,0.1,9.4,1.19,1.18,1.18,1.2
2009-08-19 00:00:00+00:00,71.3,78.99,6.41,8775.0,8.3,0.14,1.47,14562.5,,750000.0,1379107.0,9.32,,0.1,9.4,1.17,1.16,1.15,1.19
2009-08-20 00:00:00+00:00,71.3,78.99,6.41,8775.0,8.3,0.14,1.47,7604.2,,750000.0,1379107.0,9.32,,0.1,9.4,1.17,1.16,1.15,1.19
2009-08-21 00:00:00+00:00,72.0,79.67,6.36,8850.0,8.4,0.14,1.48,5823.5,,750000.0,1379107.0,9.4,,0.1,9.4,1.19,1.18,1.17,1.19
2009-08-24 00:00:00+00:00,72.0,79.67,6.36,8850.0,8.4,0.14,1.48,4417.7,,750000.0,1379107.0,9.4,,0.1,9.4,1.19,1.18,1.18,1.19
2009-08-25 00:00:00+00:00,72.6,80.34,6.3,8925.0,8.4,0.14,1.5,4649.3,,750000.0,1379107.0,9.48,,0.1,9.4,1.19,1.18,1.17,1.19
2009-08-26 00:00:00+00:00,72.0,79.67,6.36,8850.0,8.4,0.14,1.48,4209.7,,750000.0,1379107.0,9.4,,0.1,9.4,1.19,1.18,1.18,1.19
2009-08-27 00:00:00+00:00,72.6,80.34,6.3,8925.0,8.4,0.14,1.5,2737.7,,750000.0,1379107.0,9.48,,0.1,9.4,1.19,1.18,1.18,1.19
2009-08-28 00:00:00+00:00,73.2,81.02,6.25,9000.0,8.5,0.14,1.51,12922.5,,750000.0,1379107.0,9.56,,0.1,9.4,1.2,1.19,1.18,1.22
2009-08-31 00:00:00+00:00,73.2,81.02,6.25,9000.0,8.5,0.14,1.51,8164.4,,750000.0,1379107.0,9.56,,0.1,9.4,1.21,1.2,1.19,1.22
2009-09-01 00:00:00+00:00,73.2,81.02,6.25,9000.0,8.5,0.14,1.51,6273.8,,750000.0,1379107.0,9.56,,0.1,9.4,1.21,1.2,1.2,1.22
2009-09-02 00:00:00+00:00,72.6,80.34,6.3,8925.0,8.4,0.14,1.5,6152.4,,750000.0,1379107.0,9.48,,0.1,9.4,1.2,1.19,1.19,1.2
2009-09-03 00:00:00+00:00,73.8,81.69,6.2,9075.0,8.6,0.14,1.52,7411.6,,750000.0,1379107.0,9.64,,0.1,9.4,1.21,1.2,1.19,1.22
2009-09-04 00:00:00+00:00,73.8,81.69,6.2,9075.0,8.6,0.14,1.52,5413.2,,750000.0,1379107.0,9.64,,0.1,9.4,1.22,1.21,1.2,1.22
2009-09-07 00:00:00+00:00,75.6,83.72,6.05,9300.0,8.8,0.14,1.56,17600.2,,750000.0,1379107.0,9.88,,0.1,9.4,1.25,1.24,1.2,1.25
2009-09-08 00:00:00+00:00,76.2,84.4,6.0,9375.0,8.9,0.14,1.57,56280.7,,750000.0,1379107.0,9.96,,0.1,9.4,1.26,1.25,1.24,1.29
2009-09-09 00:00:00+00:00,76.2,84.4,6.0,9375.0,8.9,0.14,1.57,13420.6,,750000.0,1379107.0,9.96,,0.1,9.4,1.25,1.24,1.24,1.27
2009-09-10 00:00:00+00:00,75.6,83.72,6.05,9300.0,8.8,0.14,1.56,12096.5,,750000.0,1379107.0,9.88,,0.1,9.4,1.25,1.24,1.23,1.26
2009-09-11 00:00:00+00:00,75.6,83.72,6.05,9300.0,8.8,0.14,1.56,6059.2,,750000.0,1379107.0,9.88,,0.1,9.4,1.24,1.23,1.23,1.25
2009-09-14 00:00:00+00:00,75.0,83.04,6.1,9225.0,8.7,0.14,1.55,5172.2,,750000.0,1379107.0,9.8,,0.1,9.4,1.23,1.22,1.22,1.24
2009-09-15 00:00:00+00:00,75.0,83.04,6.1,9225.0,8.7,0.14,1.55,4291.5,,750000.0,1379107.0,9.8,,0.1,9.4,1.23,1.22,1.21,1.23
2009-09-16 00:00:00+00:00,75.0,83.04,6.1,9225.0,8.7,0.14,1.55,7801.8,,750000.0,1379107.0,9.8,,0.1,9.4,1.24,1.23,1.22,1.24
2009-09-17 00:00:00+00:00,75.6,83.72,6.05,9300.0,8.8,0.14,1.56,41971.1,,750000.0,1379107.0,9.88,,0.1,9.4,1.25,1.24,1.23,1.25
2009-09-18 00:00:00+00:00,75.6,83.72,6.05,9300.0,8.8,0.14,1.56,,,750000.0,1379107.0,9.88,,0.1,9.4,1.25,1.24,,
2009-09-21 00:00:00+00:00,75.6,83.72,6.05,9300.0,8.8,0.14,1.56,,,750000.0,1379107.0,9.88,,0.1,9.4,,,,
2009-09-22 00:00:00+00:00,75.6,83.72,6.05,9300.0,8.8,0.14,1.56,,,750000.0,1379107.0,9.88,,0.1,9.4,,,,
2009-09-23 00:00:00+00:00,76.2,84.4,6.0,9375.0,8.9,0.14,1.57,14237.8,,750000.0,1379107.0,9.96,,0.1,9.4,1.25,1.24,1.24,1.27
2009-09-24 00:00:00+00:00,76.8,85.07,5.95,9450.0,8.9,0.14,1.58,24771.2,,750000.0,1379107.0,10.04,,0.1,9.4,1.26,1.25,1.24,1.26
2009-09-25 00:00:00+00:00,76.8,85.07,5.95,9450.0,8.9,0.14,1.58,42721.8,,750000.0,1379107.0,10.04,,0.1,9.4,1.27,1.26,1.25,1.28
2009-09-28 00:00:00+00:00,77.4,85.75,5.91,9525.0,9.0,0.14,1.6,28601.7,,750000.0,1379107.0,10.12,,0.1,9.4,1.27,1.26,1.25,1.28
2009-09-29 00:00:00+00:00,76.8,85.07,5.95,9450.0,8.9,0.14,1.58,17770.3,,750000.0,1379107.0,10.04,,0.1,9.4,1.27,1.26,1.26,1.28
2009-09-30 00:00:00+00:00,76.8,85.07,5.95,9450.0,8.9,0.14,1.58,11819.5,,750000.0,1379107.0,10.04,,0.1,9.4,1.27,1.26,1.26,1.27
2009-10-01 00:00:00+00:00,77.4,85.75,5.91,9525.0,9.0,0.14,1.6,22095.3,,750000.0,1379107.0,10.12,,0.1,9.4,1.27,1.26,1.26,1.28
2009-10-02 00:00:00+00:00,78.0,86.42,5.86,9600.0,9.1,0.14,1.61,33584.3,,750000.0,1379107.0,10.2,,0.1,9.4,1.28,1.27,1.26,1.28
2009-10-05 00:00:00+00:00,76.8,85.07,5.95,9450.0,8.9,0.14,1.58,44324.4,,750000.0,1379107.0,10.04,,0.1,9.4,1.27,1.26,1.26,1.29
2009-10-06 00:00:00+00:00,76.8,85.07,5.95,9450.0,8.9,0.14,1.58,72640.9,,750000.0,1379107.0,10.04,,0.1,9.4,1.27,1.26,1.26,1.3
2009-10-07 00:00:00+00:00,77.4,85.75,5.91,9525.0,9.0,0.14,1.6,19471.8,,750000.0,1379107.0,10.12,,0.1,9.4,1.28,1.27,1.26,1.28
2009-10-08 00:00:00+00:00,77.4,85.75,5.91,9525.0,9.0,0.14,1.6,8542.8,,750000.0,1379107.0,10.12,,0.1,9.4,1.27,1.26,1.26,1.28
2009-10-09 00:00:00+00:00,76.8,85.07,5.95,9450.0,8.9,0.14,1.58,14060.2,,750000.0,1379107.0,10.04,,0.1,9.4,1.27,1.26,1.26,1.28
2009-10-12 00:00:00+00:00,76.8,85.07,5.95,9450.0,8.9,0.14,1.58,15638.0,,750000.0,1379107.0,10.04,,0.1,9.4,1.26,1.25,1.24,1.26
2009-10-13 00:00:00+00:00,76.2,84.4,6.0,9375.0,8.9,0.14,1.57,19351.6,,750000.0,1379107.0,9.96,,0.1,9.4,1.25,1.24,1.23,1.26
2009-10-14 00:00:00+00:00,76.2,84.4,6.0,9375.0,8.9,0.14,1.57,19007.3,,750000.0,1379107.0,9.96,,0.1,9.4,1.25,1.24,1.24,1.26
2009-10-15 00:00:00+00:00,76.2,84.4,6.0,9375.0,11.5,0.11,1.57,14292.3,,750000.0,1379107.0,9.96,,0.1,9.4,1.25,1.24,1.24,1.25
2009-10-16 00:00:00+00:00,76.8,85.07,5.95,9450.0,11.6,0.11,1.58,11232.7,,750000.0,1379107.0,10.04,,0.1,9.4,1.26,1.25,1.24,1.26
2009-10-19 00:00:00+00:00,76.2,84.4,6.0,9375.0,11.5,0.11,1.57,28384.0,,750000.0,1379107.0,9.96,,0.1,9.4,1.26,1.25,1.24,1.26
2009-10-20 00:00:00+00:00,76.8,85.07,5.95,9450.0,11.6,0.11,1.58,24120.5,,750000.0,1379107.0,10.04,,0.1,9.4,1.26,1.25,1.25,1.27
2009-10-21 00:00:00+00:00,75.6,83.72,6.05,9300.0,11.4,0.11,1.56,11200.1,,750000.0,1379107.0,9.88,,0.1,9.4,1.25,1.24,1.24,1.26
2009-10-22 00:00:00+00:00,76.2,84.4,6.0,9375.0,11.5,0.11,1.57,16622.9,,750000.0,1379107.0,9.96,,0.1,9.4,1.25,1.24,1.24,1.26
2009-10-23 00:00:00+00:00,75.6,83.72,6.05,9300.0,11.4,0.11,1.56,16340.5,,750000.0,1379107.0,9.88,,0.1,9.4,1.25,1.24,1.23,1.25
2009-10-26 00:00:00+00:00,76.2,84.4,6.0,9375.0,11.5,0.11,1.57,13426.4,,750000.0,1379107.0,9.96,,0.1,9.4,1.26,1.25,1.24,1.26
2009-10-27 00:00:00+00:00,75.6,83.72,6.05,9300.0,11.4,0.11,1.56,25614.5,,750000.0,1379107.0,9.88,,0.1,9.4,1.25,1.24,1.24,1.26
2009-10-28 00:00:00+00:00,76.2,84.4,6.0,9375.0,11.5,0.11,1.57,12327.4,,750000.0,1379107.0,9.96,,0.1,9.4,1.26,1.25,1.24,1.26
2009-10-29 00:00:00+00:00,76.2,84.4,6.0,9375.0,11.5,0.11,1.57,26738.1,,750000.0,1379107.0,9.96,,0.1,9.4,1.26,1.25,1.23,1.26
2009-10-30 00:00:00+00:00,74.4,82.37,6.15,9150.0,11.2,0.11,1.53,17838.6,,750000.0,1379107.0,9.72,,0.1,9.4,1.23,1.22,1.2,1.23
2009-11-02 00:00:00+00:00,75.0,83.04,6.1,9225.0,11.3,0.11,1.55,35954.2,,750000.0,1379107.0,9.8,,0.1,9.4,1.24,1.23,1.22,1.25
2009-11-03 00:00:00+00:00,75.0,83.04,6.1,9225.0,11.3,0.11,1.55,14820.7,,750000.0,1379107.0,9.8,,0.1,9.4,1.24,1.23,1.21,1.24
2009-11-04 00:00:00+00:00,75.6,83.72,6.05,9300.0,11.4,0.11,1.56,13454.4,,750000.0,1379107.0,9.88,,0.1,9.4,1.24,1.23,1.22,1.24
2009-11-05 00:00:00+00:00,75.6,83.72,6.05,9300.0,11.4,0.11,1.56,11293.3,,750000.0,1379107.0,9.88,,0.1,9.4,1.24,1.23,1.22,1.24
2009-11-06 00:00:00+00:00,74.4,82.37,6.15,9150.0,11.2,0.11,1.53,14112.2,,750000.0,1379107.0,9.72,,0.1,9.4,1.23,1.22,1.21,1.24
2009-11-09 00:00:00+00:00,75.0,83.04,6.1,9225.0,11.3,0.11,1.55,15667.7,,750000.0,1379107.0,9.8,,0.1,9.4,1.23,1.22,1.21,1.23
2009-11-10 00:00:00+00:00,73.8,81.69,6.2,9075.0,11.1,0.11,1.52,19656.4,,750000.0,1379107.0,9.64,,0.1,9.4,1.22,1.21,1.21,1.23
2009-11-11 00:00:00+00:00,74.4,82.37,6.15,9150.0,11.2,0.11,1.53,17509.0,,750000.0,1379107.0,9.72,,0.1,9.4,1.22,1.21,1.21,1.23
2009-11-12 00:00:00+00:00,73.8,81.69,6.2,9075.0,11.1,0.11,1.52,9837.1,,750000.0,1379107.0,9.64,,0.1,9.4,1.22,1.21,1.21,1.22
2009-11-13 00:00:00+00:00,72.6,80.34,6.3,8925.0,10.9,0.11,1.5,12862.3,,750000.0,1379107.0,9.48,,0.1,9.4,1.2,1.19,1.18,1.21
2009-11-16 00:00:00+00:00,75.6,83.72,6.05,9300.0,11.4,0.11,1.56,42178.2,,750000.0,1379107.0,9.88,,0.1,9.4,1.25,1.24,1.19,1.25
2009-11-17 00:00:00+00:00,78.0,86.42,5.86,9600.0,11.7,0.11,1.61,61192.6,,750000.0,1379107.0,10.2,,0.1,9.4,1.28,1.27,1.24,1.29
2009-11-18 00:00:00+00:00,78.7,87.1,5.81,9675.0,11.8,0.11,1.62,45391.3,,750000.0,1379107.0,10.28,,0.1,9.4,1.3,1.29,1.25,1.29
2009-11-19 00:00:00+00:00,78.7,87.1,5.81,9675.0,11.8,0.11,1.62,37084.6,,750000.0,1379107.0,10.28,,0.1,9.4,1.29,1.28,1.27,1.3
2009-11-20 00:00:00+00:00,78.0,86.42,5.86,9600.0,11.7,0.11,1.61,19937.7,,750000.0,1379107.0,10.2,,0.1,9.4,1.29,1.28,1.27,1.29
2009-11-23 00:00:00+00:00,78.7,87.1,5.81,9675.0,11.8,0.11,1.62,10385.4,,750000.0,1379107.0,10.28,,0.1,9.4,1.29,1.28,1.28,1.29
2009-11-24 00:00:00+00:00,78.7,87.1,5.81,9675.0,11.8,0.11,1.62,21885.2,,750000.0,1379107.0,10.28,,0.1,9.4,1.3,1.28,1.27,1.3
2009-11-25 00:00:00+00:00,79.3,87.77,5.77,9750.0,11.9,0.11,1.64,15990.7,,750000.0,1379107.0,10.36,,0.1,9.4,1.3,1.29,1.29,1.3
2009-11-26 00:00:00+00:00,79.3,87.77,5.77,9750.0,11.9,0.11,1.64,,,750000.0,1379107.0,10.36,,0.1,9.4,,,,
2009-11-27 00:00:00+00:00,79.3,87.77,5.77,9750.0,11.9,0.11,1.64,,,750000.0,1379107.0,10.36,,0.1,9.4,,,,
2009-11-30 00:00:00+00:00,79.3,87.77,5.77,9750.0,11.9,0.11,1.64,,,750000.0,1379107.0,10.36,,0.1,9.4,,,,
2009-12-01 00:00:00+00:00,78.7,87.1,5.81,9675.0,11.8,0.11,1.62,53087.6,,750000.0,1379107.0,10.28,,0.1,9.4,1.29,1.26,1.18,1.29
2009-12-02 00:00:00+00:00,79.9,88.45,5.73,9825.0,12.0,0.11,1.65,36712.0,,750000.0,1379107.0,10.44,,0.1,9.4,1.31,1.3,1.29,1.32
2009-12-03 00:00:00+00:00,79.9,88.45,5.73,9825.0,12.0,0.11,1.65,23055.4,,750000.0,1379107.0,10.44,,0.1,9.4,1.31,1.3,1.3,1.32
2009-12-04 00:00:00+00:00,79.9,88.45,5.73,9825.0,12.0,0.11,1.65,25282.0,,750000.0,1379107.0,10.44,,0.1,9.4,1.32,1.31,1.29,1.32
2009-12-07 00:00:00+00:00,81.1,89.8,5.64,9975.0,12.2,0.11,1.67,62704.4,,750000.0,1379107.0,10.6,,0.1,9.4,1.33,1.32,1.31,1.36
2009-12-08 00:00:00+00:00,81.7,90.47,5.6,10050.0,12.3,0.11,1.69,42249.4,,750000.0,1379107.0,10.68,,0.1,9.4,1.34,1.33,1.31,1.35
2009-12-09 00:00:00+00:00,81.1,89.8,5.64,9975.0,12.2,0.11,1.67,19909.1,,750000.0,1379107.0,10.6,,0.1,9.4,1.33,1.32,1.31,1.33
2009-12-10 00:00:00+00:00,81.7,90.47,5.6,10050.0,12.3,0.11,1.69,47498.1,,750000.0,1379107.0,10.68,,0.1,9.4,1.34,1.33,1.32,1.35
2009-12-11 00:00:00+00:00,82.3,91.15,5.56,10125.0,12.4,0.11,1.7,26871.3,,750000.0,1379107.0,10.76,,0.1,9.4,1.36,1.35,1.33,1.36
2009-12-14 00:00:00+00:00,82.9,91.82,5.51,10200.0,12.5,0.11,1.71,18238.1,,750000.0,1379107.0,10.83,,0.1,9.4,1.36,1.35,1.35,1.38
2009-12-15 00:00:00+00:00,84.1,93.17,5.43,10350.0,12.7,0.11,1.74,20850.6,,750000.0,1379107.0,10.99,,0.1,9.4,1.38,1.37,1.34,1.38
2009-12-16 00:00:00+00:00,84.8,93.85,5.4,10425.0,12.8,0.11,1.75,31727.6,,750000.0,1379107.0,11.07,,0.1,9.4,1.39,1.38,1.37,1.4
2009-12-17 00:00:00+00:00,84.8,93.85,5.4,10425.0,12.8,0.11,1.75,,,750000.0,1379107.0,11.07,,0.1,9.4,,,,
2009-12-18 00:00:00+00:00,86.0,95.2,5.32,10575.0,12.9,0.11,1.77,68327.4,,750000.0,1379107.0,11.23,,0.1,9.4,1.43,1.41,1.38,1.43
2009-12-21 00:00:00+00:00,86.6,95.87,5.28,10650.0,13.0,0.11,1.79,29658.2,,750000.0,1379107.0,11.31,,0.1,9.4,1.42,1.41,1.41,1.44
2009-12-22 00:00:00+00:00,87.2,96.55,5.24,10725.0,13.1,0.11,1.8,31643.4,,750000.0,1379107.0,11.39,,0.1,9.4,1.43,1.42,1.4,1.43
2009-12-23 00:00:00+00:00,84.8,93.85,5.4,10425.0,12.8,0.11,1.75,24652.5,,750000.0,1379107.0,11.07,,0.1,9.4,1.4,1.39,1.39,1.43
2009-12-24 00:00:00+00:00,84.8,93.85,5.4,10425.0,12.8,0.11,1.75,10971.4,,750000.0,1379107.0,11.07,,0.1,9.4,1.39,1.38,1.37,1.41
2009-12-25 00:00:00+00:00,83.5,92.5,5.47,10275.0,12.6,0.11,1.72,9298.4,,750000.0,1379107.0,10.91,,0.1,9.4,1.37,1.36,1.36,1.39
2009-12-28 00:00:00+00:00,82.9,91.82,5.51,10200.0,12.5,0.11,1.71,8037.5,,750000.0,1379107.0,10.83,,0.1,9.4,1.37,1.36,1.35,1.37
2009-12-29 00:00:00+00:00,82.9,91.82,5.51,10200.0,12.5,0.11,1.71,5928.3,,750000.0,1379107.0,10.83,,0.1,9.4,1.36,1.35,1.35,1.37
2009-12-30 00:00:00+00:00,82.9,91.82,5.51,10200.0,12.5,0.11,1.71,6383.4,,750000.0,1379107.0,10.83,,0.1,9.4,1.36,1.35,1.35,1.37
2009-12-31 00:00:00+00:00,81.7,90.47,5.6,10050.0,12.3,0.11,1.69,6591.9,,750000.0,1379107.0,10.68,,0.1,9.4,1.35,1.34,1.34,1.36
2010-01-01 00:00:00+00:00,82.9,91.82,5.51,10200.0,12.5,0.11,1.43,7187.2,,750000.0,1861584.0,8.85,,0.1,9.4,1.36,1.35,1.35,1.37
2010-01-04 00:00:00+00:00,82.3,91.15,5.56,10125.0,12.4,0.11,1.42,3128.3,,750000.0,1861584.0,8.79,,0.1,9.4,1.36,1.35,1.35,1.37
2010-01-05 00:00:00+00:00,83.5,92.5,5.47,10275.0,12.6,0.11,1.44,5752.9,,750000.0,1861584.0,8.92,,0.1,9.4,1.37,1.36,1.35,1.37
2010-01-06 00:00:00+00:00,84.1,93.17,5.43,10350.0,12.7,0.11,1.45,10654.2,,750000.0,1861584.0,8.98,,0.1,9.4,1.38,1.37,1.36,1.38
2010-01-07 00:00:00+00:00,83.5,92.5,5.47,10275.0,12.6,0.11,1.44,13373.4,,750000.0,1861584.0,8.92,,0.1,9.4,1.38,1.37,1.36,1.38
2010-01-08 00:00:00+00:00,82.3,91.15,5.56,10125.0,12.4,0.11,1.42,8186.9,,750000.0,1861584.0,8.79,,0.1,9.4,1.36,1.35,1.34,1.37
2010-01-11 00:00:00+00:00,81.7,90.47,5.6,10050.0,12.3,0.11,1.41,4116.7,,750000.0,1861584.0,8.72,,0.1,9.4,1.35,1.34,1.34,1.35
2010-01-12 00:00:00+00:00,81.1,89.8,5.64,9975.0,12.2,0.11,1.4,5850.0,,750000.0,1861584.0,8.66,,0.1,9.4,1.34,1.33,1.33,1.35
2010-01-13 00:00:00+00:00,81.1,89.8,5.64,9975.0,12.2,0.11,1.4,5346.0,,750000.0,1861584.0,8.66,,0.1,9.4,1.33,1.32,1.32,1.34
2010-01-14 00:00:00+00:00,80.5,89.12,5.68,9900.0,12.1,0.11,1.39,9231.0,,750000.0,1861584.0,8.59,,0.1,9.4,1.33,1.32,1.32,1.34
2010-01-15 00:00:00+00:00,78.7,87.1,5.81,9675.0,11.8,0.11,1.36,6873.2,,750000.0,1861584.0,8.4,,0.1,9.4,1.3,1.29,1.29,1.32
2010-01-18 00:00:00+00:00,79.3,87.77,5.77,9750.0,11.9,0.11,1.37,5171.9,,750000.0,1861584.0,8.46,,0.1,9.4,1.31,1.3,1.28,1.31
2010-01-19 00:00:00+00:00,80.5,89.12,5.68,9900.0,12.1,0.11,1.39,6926.5,,750000.0,1861584.0,8.59,,0.1,9.4,1.33,1.32,1.28,1.32
2010-01-20 00:00:00+00:00,79.3,87.77,5.77,9750.0,11.9,0.11,1.37,4875.6,,750000.0,1861584.0,8.46,,0.1,9.4,1.31,1.3,1.3,1.32
2010-01-21 00:00:00+00:00,79.3,87.77,5.77,9750.0,11.9,0.11,1.37,4276.2,,750000.0,1861584.0,8.46,,0.1,9.4,1.31,1.3,1.29,1.31
2010-01-22 00:00:00+00:00,79.9,88.45,5.73,9825.0,12.0,0.11,1.38,5537.8,,750000.0,1861584.0,8.53,,0.1,9.4,1.31,1.3,1.27,1.31
2010-01-25 00:00:00+00:00,79.3,87.77,5.77,9750.0,11.1,0.12,1.37,6375.1,,750000.0,1861584.0,8.46,,0.1,9.4,,,1.3,1.32
2010-01-26 00:00:00+00:00,76.2,84.4,0.0,9375.0,10.7,0.12,1.32,20368.3,,750000.0,1861584.0,8.14,,0.1,9.4,1.26,1.25,1.25,1.27
2010-01-27 00:00:00+00:00,74.4,82.37,0.0,9150.0,10.4,0.12,1.28,18456.8,,750000.0,1861584.0,7.94,,0.1,9.4,1.23,1.22,1.21,1.25
2010-01-28 00:00:00+00:00,74.4,82.37,0.0,9150.0,10.4,0.12,1.28,8385.7,,750000.0,1861584.0,7.94,,0.1,9.4,1.23,1.22,1.21,1.23
2010-01-29 00:00:00+00:00,73.2,81.02,0.0,9000.0,10.3,0.12,1.26,8897.8,,750000.0,1861584.0,7.81,,0.1,9.4,1.21,1.2,1.2,1.21
2010-02-01 00:00:00+00:00,73.2,81.02,0.0,9000.0,10.3,0.12,1.26,8830.2,,750000.0,1861584.0,7.81,,0.1,9.4,1.2,1.19,1.18,1.2
2010-02-02 00:00:00+00:00,72.0,79.67,0.0,8850.0,10.1,0.12,1.24,9522.4,,750000.0,1861584.0,7.68,,0.1,9.4,1.19,1.18,1.17,1.2
2010-02-03 00:00:00+00:00,74.4,82.37,0.0,9150.0,10.4,0.12,1.28,12981.4,,750000.0,1861584.0,7.94,,0.1,9.4,1.22,1.21,1.18,1.22
2010-02-04 00:00:00+00:00,75.0,83.04,0.0,9225.0,10.5,0.12,1.29,9706.9,,750000.0,1861584.0,8.01,,0.1,9.4,1.24,1.23,1.21,1.24
2010-02-05 00:00:00+00:00,73.2,81.02,0.0,9000.0,10.3,0.12,1.26,4425.4,,750000.0,1861584.0,7.81,,0.1,9.4,1.21,1.2,1.2,1.22
2010-02-08 00:00:00+00:00,73.8,81.69,0.0,9075.0,10.3,0.12,1.27,4137.7,,750000.0,1861584.0,7.88,,0.1,9.4,1.22,1.21,1.21,1.22
2010-02-09 00:00:00+00:00,73.8,81.69,0.0,9075.0,10.3,0.12,1.27,3850.1,,750000.0,1861584.0,7.88,,0.1,9.4,1.22,1.21,1.2,1.22
2010-02-10 00:00:00+00:00,75.0,83.04,0.0,9225.0,10.5,0.12,1.29,10960.1,,750000.0,1861584.0,8.01,,0.1,9.4,1.24,1.23,1.21,1.24
2010-02-11 00:00:00+00:00,75.6,83.72,0.0,9300.0,10.6,0.12,1.3,16780.4,,750000.0,1861584.0,8.07,,0.1,9.4,1.25,1.24,1.24,1.26
2010-02-12 00:00:00+00:00,74.4,82.37,0.0,9150.0,10.4,0.12,1.28,6675.9,,750000.0,1861584.0,7.94,,0.1,9.4,1.23,1.22,1.22,1.25
2010-02-15 00:00:00+00:00,75.0,83.04,0.0,9225.0,10.5,0.12,1.29,5708.8,,750000.0,1861584.0,8.01,,0.1,9.4,1.24,1.23,1.22,1.24
2010-02-16 00:00:00+00:00,75.6,83.72,0.0,9300.0,10.6,0.12,1.3,6749.6,,750000.0,1861584.0,8.07,,0.1,9.4,1.24,1.23,1.23,1.25
2010-02-17 00:00:00+00:00,76.8,85.07,0.0,9450.0,10.8,0.12,1.33,10034.4,,750000.0,1861584.0,8.2,,0.1,9.4,1.26,1.25,1.24,1.26
2010-02-18 00:00:00+00:00,76.2,84.4,0.0,9375.0,10.7,0.12,1.32,6163.1,,750000.0,1861584.0,8.14,,0.1,9.4,1.26,1.25,1.24,1.26
2010-02-19 00:00:00+00:00,76.2,84.4,0.0,9375.0,10.7,0.12,1.32,3492.8,,750000.0,1861584.0,8.14,,0.1,9.4,1.26,1.25,1.24,1.26
2010-02-22 00:00:00+00:00,76.2,84.4,0.0,9375.0,10.7,0.12,1.32,3706.0,,750000.0,1861584.0,8.14,,0.1,9.4,1.25,1.24,1.24,1.25
2010-02-23 00:00:00+00:00,75.6,83.72,0.0,9300.0,10.6,0.12,1.3,4665.5,,750000.0,1861584.0,8.07,,0.1,9.4,1.25,1.24,1.23,1.25
2010-02-24 00:00:00+00:00,76.2,84.4,0.0,9375.0,10.7,0.12,1.32,4807.5,,750000.0,1861584.0,8.14,,0.1,9.4,1.25,1.24,1.23,1.25
2010-02-25 00:00:00+00:00,76.8,85.07,0.0,9450.0,10.8,0.12,1.33,4322.6,,750000.0,1861584.0,8.2,,0.1,9.4,1.26,1.25,1.24,1.26
2010-02-26 00:00:00+00:00,76.8,85.07,0.0,9450.0,10.8,0.12,1.33,7095.2,,750000.0,1861584.0,8.2,,0.1,9.4,1.27,1.26,1.25,1.28
2010-03-01 00:00:00+00:00,76.8,85.07,0.0,9450.0,10.8,0.12,1.33,5559.4,,750000.0,1861584.0,8.2,,0.1,9.4,1.27,1.26,1.25,1.27
2010-03-02 00:00:00+00:00,77.4,85.75,0.0,9525.0,10.9,0.12,1.34,4407.3,,750000.0,1861584.0,8.27,,0.1,9.4,1.27,1.26,1.25,1.27
2010-03-03 00:00:00+00:00,76.2,84.4,0.0,9375.0,10.7,0.12,1.32,3495.4,,750000.0,1861584.0,8.14,,0.1,9.4,1.26,1.25,1.25,1.27
2010-03-04 00:00:00+00:00,76.8,85.07,0.0,9450.0,10.8,0.12,1.33,3772.8,,750000.0,1861584.0,8.2,,0.1,9.4,1.26,1.25,1.25,1.26
2010-03-05 00:00:00+00:00,76.8,85.07,0.0,9450.0,10.8,0.12,1.33,,,750000.0,1861584.0,8.2,,0.1,9.4,,,,
2010-03-08 00:00:00+00:00,76.8,85.07,0.0,9450.0,10.8,0.12,1.33,,,750000.0,1861584.0,8.2,,0.1,9.4,,,,
2010-03-09 00:00:00+00:00,75.6,83.72,0.0,9300.0,10.6,0.12,1.3,8407.8,,750000.0,1861584.0,8.07,,0.1,9.4,1.25,1.24,1.24,1.26
2010-03-10 00:00:00+00:00,75.6,83.72,0.0,9300.0,10.6,0.12,1.3,3447.9,,750000.0,1861584.0,8.07,,0.1,9.4,1.25,1.24,1.23,1.24
2010-03-11 00:00:00+00:00,75.6,83.72,0.0,9300.0,10.6,0.12,1.3,2726.8,,750000.0,1861584.0,8.07,,0.1,9.4,1.24,1.23,1.23,1.24
2010-03-12 00:00:00+00:00,75.6,83.72,0.0,9300.0,10.6,0.12,1.3,3008.0,,750000.0,1861584.0,8.07,,0.1,9.4,1.25,1.24,1.23,1.24
2010-03-15 00:00:00+00:00,78.0,86.42,0.0,9600.0,10.9,0.12,1.35,14726.3,,750000.0,1861584.0,8.33,,0.1,9.4,1.28,1.27,1.24,1.28
2010-03-16 00:00:00+00:00,79.3,87.77,0.0,9750.0,11.1,0.12,1.37,11509.2,,750000.0,1861584.0,8.46,,0.1,9.4,1.3,1.29,1.27,1.3
2010-03-17 00:00:00+00:00,80.5,89.12,0.0,9900.0,11.3,0.12,1.39,18658.6,,750000.0,1861584.0,8.59,,0.1,9.4,1.33,1.32,1.31,1.34
2010-03-18 00:00:00+00:00,80.5,89.12,0.0,9900.0,11.3,0.12,1.39,11499.2,0.125,750000.0,1861584.0,8.59,9.69,0.13,10.32,1.32,1.31,1.3,1.33
2010-03-19 00:00:00+00:00,79.9,88.45,0.0,9825.0,11.2,0.12,1.38,9564.2,0.125,750000.0,1861584.0,8.53,9.69,0.13,10.32,1.32,1.31,1.3,1.32
2010-03-22 00:00:00+00:00,80.5,89.12,0.0,9900.0,11.3,0.12,1.39,13217.9,0.125,750000.0,1861584.0,8.59,9.69,0.13,10.32,1.32,1.31,1.31,1.32
2010-03-23 00:00:00+00:00,79.9,88.45,0.0,9825.0,11.2,0.12,1.38,6737.5,0.125,750000.0,1861584.0,8.53,9.69,0.13,10.32,1.32,1.31,1.31,1.33
2010-03-24 00:00:00+00:00,79.9,88.45,0.0,9825.0,11.2,0.12,1.38,4443.2,0.125,750000.0,1861584.0,8.53,9.69,0.13,10.32,1.32,1.31,1.31,1.32
2010-03-25 00:00:00+00:00,80.5,89.12,0.0,9900.0,11.3,0.12,1.39,5329.1,0.125,750000.0,1861584.0,8.59,9.69,0.13,10.32,1.32,1.31,1.31,1.32
2010-03-26 00:00:00+00:00,80.5,89.12,0.0,9900.0,11.3,0.12,1.39,11250.5,0.125,750000.0,1861584.0,8.59,9.69,0.13,10.32,1.33,1.32,1.32,1.34
2010-03-29 00:00:00+00:00,82.9,91.82,0.0,10200.0,11.6,0.12,1.43,20326.4,0.125,750000.0,1861584.0,8.85,9.69,0.13,10.32,1.36,1.35,1.33,1.36
2010-03-30 00:00:00+00:00,82.3,91.15,0.0,10125.0,11.5,0.12,1.42,8316.9,0.125,750000.0,1861584.0,8.79,9.69,0.13,10.32,1.35,1.34,1.34,1.36
2010-03-31 00:00:00+00:00,82.3,91.15,0.0,10125.0,11.5,0.12,1.42,18652.9,0.125,750000.0,1861584.0,8.79,9.69,0.13,10.32,1.36,1.35,1.35,1.37
2010-04-01 00:00:00+00:00,82.9,91.82,0.0,10200.0,11.6,0.12,1.43,6198.4,0.125,750000.0,1861584.0,8.85,9.69,0.13,10.32,1.36,1.35,1.34,1.36
2010-04-02 00:00:00+00:00,84.1,93.17,0.0,10350.0,11.8,0.12,1.45,12714.4,0.125,750000.0,1861584.0,8.98,9.69,0.13,10.32,1.38,1.37,1.35,1.38
2010-04-05 00:00:00+00:00,84.8,93.85,0.0,10425.0,10.6,0.13,1.46,11464.4,0.125,750000.0,1861584.0,9.05,9.69,0.13,10.32,1.39,1.38,1.38,1.4
2010-04-06 00:00:00+00:00,87.8,97.22,0.0,10800.0,11.0,0.13,1.52,46164.3,0.125,750000.0,1861584.0,9.37,9.69,0.13,10.32,1.44,1.43,1.38,1.45
2010-04-07 00:00:00+00:00,89.6,99.25,0.0,11025.0,11.2,0.13,1.55,60064.3,0.125,750000.0,1861584.0,9.57,9.69,0.13,10.32,1.48,1.47,1.44,1.51
2010-04-08 00:00:00+00:00,89.6,99.25,0.0,11025.0,11.2,0.13,1.55,23032.8,0.125,750000.0,1861584.0,9.57,9.69,0.13,10.32,1.48,1.47,1.46,1.49
2010-04-09 00:00:00+00:00,92.7,102.62,0.0,11400.0,11.6,0.13,1.6,67359.6,0.125,750000.0,1861584.0,9.89,9.69,0.13,10.32,1.52,1.51,1.47,1.53
2010-04-12 00:00:00+00:00,92.7,102.62,0.0,11400.0,11.6,0.13,1.6,31962.7,0.125,750000.0,1861584.0,9.89,9.69,0.13,10.32,1.53,1.52,1.51,1.57
2010-04-13 00:00:00+00:00,95.1,105.32,0.0,11700.0,11.9,0.13,1.64,84074.1,0.125,750000.0,1861584.0,10.15,9.69,0.13,10.32,1.57,1.56,1.54,1.6
2010-04-14 00:00:00+00:00,93.9,103.97,0.0,11550.0,11.8,0.13,1.62,43213.3,0.125,750000.0,1861584.0,10.02,9.69,0.13,10.32,1.54,1.53,1.53,1.58
2010-04-15 00:00:00+00:00,92.1,101.95,0.0,11325.0,11.5,0.13,1.59,41716.5,0.133,750000.0,1861584.0,9.83,8.439,0.13,11.85,1.51,1.5,1.49,1.54
2010-04-16 00:00:00+00:00,90.9,100.6,0.0,11175.0,11.4,0.13,1.57,15489.9,0.133,750000.0,1861584.0,9.7,8.439,0.13,11.85,1.5,1.49,1.47,1.5
2010-04-19 00:00:00+00:00,92.7,102.62,0.0,11400.0,11.6,0.13,1.6,28293.0,0.133,750000.0,1861584.0,9.89,8.439,0.13,11.85,1.52,1.51,1.48,1.52
2010-04-20 00:00:00+00:00,92.7,102.62,0.0,11400.0,11.6,0.13,1.6,15092.8,0.133,750000.0,1861584.0,9.89,8.439,0.13,11.85,1.52,1.51,1.51,1.53
2010-04-21 00:00:00+00:00,93.3,103.3,0.0,11475.0,11.7,0.13,1.61,17649.1,0.133,750000.0,1861584.0,9.96,8.439,0.13,11.85,1.54,1.53,1.5,1.53
2010-04-22 00:00:00+00:00,93.3,103.3,0.0,11475.0,11.7,0.13,1.61,19540.0,0.133,750000.0,1861584.0,9.96,8.439,0.13,11.85,1.54,1.53,1.52,1.54
2010-04-23 00:00:00+00:00,93.3,103.3,0.0,11475.0,11.7,0.13,1.61,5216.5,0.133,750000.0,1861584.0,9.96,8.439,0.13,11.85,1.54,1.53,1.53,1.54
2010-04-26 00:00:00+00:00,93.9,103.97,0.0,11550.0,11.8,0.13,1.62,10369.7,0.133,750000.0,1861584.0,10.02,8.439,0.13,11.85,1.54,1.53,1.53,1.54
2010-04-27 00:00:00+00:00,93.3,103.3,0.0,11475.0,11.7,0.13,1.61,8157.2,0.133,750000.0,1861584.0,9.96,8.439,0.13,11.85,1.53,1.52,1.52,1.54
2010-04-28 00:00:00+00:00,93.3,103.3,0.0,11475.0,11.7,0.13,1.61,13719.9,0.133,750000.0,1861584.0,9.96,8.439,0.13,11.85,1.53,1.51,1.51,1.53
2010-04-29 00:00:00+00:00,92.7,102.62,0.0,11400.0,11.6,0.13,1.6,3450.6,0.133,750000.0,1861584.0,9.89,8.439,0.13,11.85,1.53,1.52,1.51,1.53
2010-04-30 00:00:00+00:00,92.1,101.95,0.0,11325.0,11.5,0.13,1.59,8891.7,0.133,750000.0,1861584.0,9.83,8.439,0.13,11.85,1.51,1.5,1.5,1.51
2010-05-03 00:00:00+00:00,91.5,101.27,0.0,11250.0,11.5,0.13,1.58,18031.8,0.133,750000.0,1861584.0,9.76,8.439,0.13,11.85,1.51,1.5,1.49,1.52
2010-05-04 00:00:00+00:00,92.1,101.95,0.0,11325.0,11.5,0.13,1.59,5277.6,0.133,750000.0,1861584.0,9.83,8.439,0.13,11.85,1.51,1.5,1.5,1.51
2010-05-05 00:00:00+00:00,90.2,99.92,0.0,11100.0,11.3,0.13,1.56,15023.8,0.133,750000.0,1861584.0,9.63,8.439,0.13,11.85,1.49,1.48,1.46,1.49
2010-05-06 00:00:00+00:00,90.2,99.92,0.0,11100.0,11.3,0.13,1.56,10198.3,0.133,750000.0,1861584.0,9.63,8.439,0.13,11.85,1.48,1.47,1.46,1.49
2010-05-07 00:00:00+00:00,87.2,96.55,0.0,10725.0,10.9,0.13,1.5,21079.6,0.133,750000.0,1861584.0,9.31,8.439,0.13,11.85,1.44,1.43,1.38,1.44
2010-05-10 00:00:00+00:00,89.6,99.25,0.0,11025.0,11.2,0.13,1.55,31890.8,0.133,750000.0,1861584.0,9.57,8.439,0.13,11.85,1.47,1.46,1.43,1.47
2010-05-11 00:00:00+00:00,89.0,98.57,0.0,10950.0,11.1,0.13,1.54,4337.7,0.133,750000.0,1861584.0,9.5,8.439,0.13,11.85,1.46,1.45,1.45,1.47
2010-05-12 00:00:00+00:00,88.4,97.9,0.0,10875.0,11.1,0.13,1.53,7885.2,0.133,750000.0,1861584.0,9.44,8.439,0.13,11.85,1.46,1.45,1.44,1.46
2010-05-13 00:00:00+00:00,88.4,97.9,0.0,10875.0,11.1,0.13,1.53,7716.8,0.133,750000.0,1861584.0,9.44,8.439,0.13,11.85,1.46,1.45,1.45,1.47
2010-05-14 00:00:00+00:00,87.2,96.55,0.0,10725.0,10.9,0.13,1.5,17169.7,0.133,750000.0,1861584.0,9.31,8.439,0.13,11.85,1.44,1.43,1.43,1.45
2010-05-17 00:00:00+00:00,87.2,96.55,0.0,10725.0,10.9,0.13,1.5,5369.3,0.133,750000.0,1861584.0,9.31,8.439,0.13,11.85,1.44,1.43,1.43,1.44
2010-05-18 00:00:00+00:00,87.2,96.55,0.0,10725.0,10.9,0.13,1.5,6075.1,0.133,750000.0,1861584.0,9.31,8.439,0.13,11.85,1.44,1.43,1.43,1.44
2010-05-19 00:00:00+00:00,85.4,94.52,0.0,10500.0,10.7,0.13,1.47,15454.9,0.133,750000.0,1861584.0,9.11,8.439,0.13,11.85,1.4,1.39,1.39,1.44
2010-05-20 00:00:00+00:00,86.0,95.2,0.0,10575.0,10.8,0.13,1.48,9671.4,0.142,750000.0,1861584.0,9.18,9.838,0.14,10.16,1.42,1.41,1.39,1.41
2010-05-21 00:00:00+00:00,84.1,93.17,0.0,10350.0,10.5,0.13,1.45,7481.9,0.142,750000.0,1861584.0,8.98,9.838,0.14,10.16,1.39,1.38,1.38,1.41
2010-05-24 00:00:00+00:00,82.9,91.82,0.0,10200.0,10.4,0.13,1.43,11503.3,0.142,750000.0,1861584.0,8.85,9.838,0.14,10.16,1.37,1.36,1.36,1.4
2010-05-25 00:00:00+00:00,81.1,89.8,0.0,9975.0,10.2,0.13,1.4,10299.8,0.142,750000.0,1861584.0,8.66,9.838,0.14,10.16,1.34,1.33,1.32,1.36
2010-05-26 00:00:00+00:00,82.3,91.15,0.0,10125.0,10.3,0.13,1.42,10283.4,0.142,750000.0,1861584.0,8.79,9.838,0.14,10.16,1.35,1.34,1.32,1.36
2010-05-27 00:00:00+00:00,80.5,89.12,0.0,9900.0,10.1,0.13,1.39,9306.4,0.142,750000.0,1861584.0,8.59,9.838,0.14,10.16,1.33,1.32,1.32,1.35
2010-05-28 00:00:00+00:00,82.3,91.15,0.0,10125.0,10.3,0.13,1.42,11688.8,0.142,750000.0,1861584.0,8.79,9.838,0.14,10.16,1.35,1.34,1.33,1.37
2010-05-31 00:00:00+00:00,82.9,91.82,0.0,10200.0,10.4,0.13,1.43,7816.6,0.142,750000.0,1861584.0,8.85,9.838,0.14,10.16,1.37,1.36,1.33,1.37
2010-06-01 00:00:00+00:00,82.9,91.82,0.0,10200.0,10.4,0.13,1.43,11459.0,0.142,750000.0,1861584.0,8.85,9.838,0.14,10.16,1.37,1.36,1.35,1.37
2010-06-02 00:00:00+00:00,82.9,91.82,0.0,10200.0,10.4,0.13,1.43,7728.7,0.142,750000.0,1861584.0,8.85,9.838,0.14,10.16,1.36,1.35,1.35,1.36
2010-06-03 00:00:00+00:00,83.5,92.5,0.0,10275.0,10.5,0.13,1.44,13312.9,0.142,750000.0,1861584.0,8.92,9.838,0.14,10.16,1.37,1.36,1.36,1.39
2010-06-04 00:00:00+00:00,83.5,92.5,0.0,10275.0,10.5,0.13,1.44,10446.6,0.142,750000.0,1861584.0,8.92,9.838,0.14,10.16,1.37,1.36,1.35,1.37
2010-06-07 00:00:00+00:00,82.3,91.15,0.0,10125.0,10.3,0.13,1.42,13136.5,0.142,750000.0,1861584.0,8.79,9.838,0.14,10.16,1.36,1.35,1.34,1.37
2010-06-08 00:00:00+00:00,82.9,91.82,0.0,10200.0,10.4,0.13,1.43,15875.9,0.142,750000.0,1861584.0,8.85,9.838,0.14,10.16,1.37,1.36,1.35,1.36
2010-06-09 00:00:00+00:00,82.9,91.82,0.0,10200.0,10.4,0.13,1.43,4070.6,0.142,750000.0,1861584.0,8.85,9.838,0.14,10.16,1.36,1.35,1.35,1.36
2010-06-10 00:00:00+00:00,82.3,91.15,0.0,10125.0,10.3,0.13,1.42,4924.7,0.142,750000.0,1861584.0,8.79,9.838,0.14,10.16,1.36,1.35,1.35,1.37
2010-06-11 00:00:00+00:00,84.1,93.17,0.0,10350.0,10.5,0.13,1.45,14572.5,0.142,750000.0,1861584.0,8.98,9.838,0.14,10.16,1.39,1.38,1.36,1.39
2010-06-14 00:00:00+00:00,87.8,97.22,0.0,10800.0,11.0,0.13,1.52,30060.5,0.142,750000.0,1861584.0,9.37,9.838,0.14,10.16,1.44,1.43,1.38,1.51
2010-06-15 00:00:00+00:00,86.6,95.87,0.0,10650.0,10.8,0.13,1.49,5919.0,0.142,750000.0,1861584.0,9.24,9.838,0.14,10.16,1.43,1.42,1.42,1.45
2010-06-16 00:00:00+00:00,87.2,96.55,0.0,10725.0,10.9,0.13,1.5,9346.9,0.142,750000.0,1861584.0,9.31,9.838,0.14,10.16,1.43,1.42,1.42,1.46
2010-06-17 00:00:00+00:00,87.8,97.22,0.0,10800.0,11.0,0.13,1.52,7419.2,0.15,750000.0,1861584.0,9.37,10.49,0.15,9.53,1.44,1.43,1.42,1.45
2010-06-18 00:00:00+00:00,86.6,95.87,0.0,10650.0,10.8,0.13,1.49,4789.3,0.15,750000.0,1861584.0,9.24,10.49,0.15,9.53,1.43,1.42,1.42,1.44
2010-06-21 00:00:00+00:00,87.8,97.22,0.0,10800.0,11.0,0.13,1.52,9047.2,0.15,750000.0,1861584.0,9.37,10.49,0.15,9.53,1.45,1.44,1.43,1.45
2010-06-22 00:00:00+00:00,87.2,96.55,0.0,10725.0,10.9,0.13,1.5,3194.4,0.15,750000.0,1861584.0,9.31,10.49,0.15,9.53,1.44,1.43,1.42,1.45
2010-06-23 00:00:00+00:00,87.2,96.55,0.0,10725.0,10.9,0.13,1.5,2935.5,0.15,750000.0,1861584.0,9.31,10.49,0.15,9.53,1.44,1.43,1.42,1.44
2010-06-24 00:00:00+00:00,87.2,96.55,0.0,10725.0,10.9,0.13,1.5,3931.9,0.15,750000.0,1861584.0,9.31,10.49,0.15,9.53,1.44,1.43,1.42,1.44
2010-06-25 00:00:00+00:00,87.2,96.55,0.0,10725.0,10.9,0.13,1.5,2456.9,0.15,750000.0,1861584.0,9.31,10.49,0.15,9.53,1.44,1.43,1.42,1.44
2010-06-28 00:00:00+00:00,88.4,97.9,0.0,10875.0,11.1,0.13,1.53,11714.7,0.15,750000.0,1861584.0,9.44,10.49,0.15,9.53,1.46,1.45,1.43,1.45
2010-06-29 00:00:00+00:00,86.6,95.87,0.0,10650.0,10.8,0.13,1.49,4505.4,0.15,750000.0,1861584.0,9.24,10.49,0.15,9.53,1.43,1.42,1.42,1.45
2010-06-30 00:00:00+00:00,88.4,97.9,0.0,10875.0,11.1,0.13,1.53,7484.5,0.15,750000.0,1861584.0,9.44,10.49,0.15,9.53,1.45,1.44,1.41,1.45
2010-07-01 00:00:00+00:00,87.8,97.22,0.0,10800.0,11.0,0.13,1.52,5476.0,0.15,750000.0,1861584.0,9.37,10.49,0.15,9.53,1.44,1.43,1.43,1.45
2010-07-02 00:00:00+00:00,86.0,95.2,0.0,10575.0,10.8,0.13,1.48,8198.9,0.15,750000.0,1861584.0,9.18,10.49,0.15,9.53,1.42,1.41,1.4,1.42
2010-07-05 00:00:00+00:00,86.0,95.2,0.0,10575.0,10.8,0.13,1.48,3522.3,0.15,750000.0,1861584.0,9.18,10.49,0.15,9.53,1.42,1.41,1.41,1.43
2010-07-06 00:00:00+00:00,86.0,95.2,0.0,10575.0,10.8,0.13,1.48,4439.9,0.15,750000.0,1861584.0,9.18,10.49,0.15,9.53,1.42,1.41,1.4,1.42
2010-07-07 00:00:00+00:00,86.6,95.87,0.0,10650.0,10.8,0.13,1.49,8525.4,0.15,750000.0,1861584.0,9.24,10.49,0.15,9.53,1.42,1.41,1.41,1.44
2010-07-08 00:00:00+00:00,86.6,95.87,0.0,10650.0,10.8,0.13,1.49,9378.2,0.15,750000.0,1861584.0,9.24,10.49,0.15,9.53,1.43,1.42,1.41,1.43
2010-07-09 00:00:00+00:00,87.2,96.55,0.0,10725.0,10.9,0.13,1.5,9023.2,0.15,750000.0,1861584.0,9.31,10.49,0.15,9.53,1.44,1.43,1.42,1.44
2010-07-12 00:00:00+00:00,86.0,95.2,0.0,10575.0,10.8,0.13,1.48,5117.9,0.15,750000.0,1861584.0,9.18,10.49,0.15,9.53,1.42,1.41,1.41,1.43
2010-07-13 00:00:00+00:00,86.6,95.87,0.0,10650.0,10.8,0.13,1.49,2115.4,0.15,750000.0,1861584.0,9.24,10.49,0.15,9.53,1.42,1.41,1.41,1.42
2010-07-14 00:00:00+00:00,87.2,96.55,0.0,10725.0,10.9,0.13,1.5,4276.8,0.15,750000.0,1861584.0,9.31,10.49,0.15,9.53,1.43,1.42,1.41,1.43
2010-07-15 00:00:00+00:00,86.0,95.2,0.0,10575.0,10.8,0.13,1.48,5369.6,0.158,750000.0,1861584.0,9.18,11.15,0.16,8.97,1.42,1.41,1.41,1.43
2010-07-16 00:00:00+00:00,86.0,95.2,0.0,10575.0,10.8,0.13,1.48,1922.5,0.158,750000.0,1861584.0,9.18,11.15,0.16,8.97,1.42,1.41,1.4,1.42
2010-07-19 00:00:00+00:00,86.0,95.2,0.0,10575.0,10.8,0.13,1.48,3280.3,0.158,750000.0,1861584.0,9.18,11.15,0.16,8.97,1.42,1.41,1.4,1.42
2010-07-20 00:00:00+00:00,86.6,95.87,0.0,10650.0,10.8,0.13,1.49,8911.8,0.158,750000.0,1861584.0,9.24,11.15,0.16,8.97,1.43,1.42,1.41,1.43
2010-07-21 00:00:00+00:00,86.6,95.87,0.0,10650.0,9.7,0.15,1.49,6058.0,0.158,750000.0,1861584.0,9.24,11.15,0.16,8.97,1.43,1.42,1.42,1.44
2010-07-22 00:00:00+00:00,87.2,96.55,0.0,10725.0,9.8,0.15,1.5,3296.7,0.158,750000.0,1861584.0,9.31,11.15,0.16,8.97,1.43,1.42,1.41,1.43
2010-07-23 00:00:00+00:00,86.6,95.87,0.0,10650.0,9.7,0.15,1.49,7513.6,0.158,750000.0,1861584.0,9.24,11.15,0.16,8.97,1.43,1.42,1.42,1.44
2010-07-26 00:00:00+00:00,86.6,95.87,0.0,10650.0,9.7,0.15,1.49,3465.1,0.158,750000.0,1861584.0,9.24,11.15,0.16,8.97,1.42,1.41,1.41,1.43
2010-07-27 00:00:00+00:00,86.6,95.87,0.0,10650.0,9.7,0.15,1.49,4249.7,0.158,750000.0,1861584.0,9.24,11.15,0.16,8.97,1.43,1.42,1.41,1.43
2010-07-28 00:00:00+00:00,86.6,95.87,0.0,10650.0,9.7,0.15,1.49,15652.8,0.158,750000.0,1861584.0,9.24,11.15,0.16,8.97,1.43,1.42,1.41,1.43
2010-07-29 00:00:00+00:00,86.0,95.2,0.0,10575.0,9.7,0.15,1.48,6452.2,0.158,750000.0,1861584.0,9.18,11.15,0.16,8.97,1.42,1.41,1.41,1.42
2010-07-30 00:00:00+00:00,86.0,95.2,0.0,10575.0,9.7,0.15,1.48,3151.9,0.158,750000.0,1861584.0,9.18,11.15,0.16,8.97,1.42,1.41,1.41,1.42
2010-08-02 00:00:00+00:00,86.0,95.2,0.0,10575.0,9.7,0.15,1.48,3467.4,0.158,750000.0,1861584.0,9.18,11.15,0.16,8.97,1.41,1.4,1.4,1.42
2010-08-03 00:00:00+00:00,86.0,95.2,0.0,10575.0,9.7,0.15,1.48,7420.7,0.158,750000.0,1861584.0,9.18,11.15,0.16,8.97,1.41,1.4,1.4,1.42
2010-08-04 00:00:00+00:00,86.0,95.2,0.0,10575.0,9.7,0.15,1.48,4751.9,0.158,750000.0,1861584.0,9.18,11.15,0.16,8.97,1.42,1.41,1.4,1.42
2010-08-05 00:00:00+00:00,86.0,95.2,0.0,10575.0,9.7,0.15,1.48,3618.4,0.158,750000.0,1861584.0,9.18,11.15,0.16,8.97,1.42,1.41,1.4,1.42
2010-08-06 00:00:00+00:00,85.4,94.52,0.0,10500.0,9.6,0.15,1.47,3196.1,0.158,750000.0,1861584.0,9.11,11.15,0.16,8.97,1.41,1.4,1.4,1.41
2010-08-09 00:00:00+00:00,85.4,94.52,0.0,10500.0,9.6,0.15,1.47,7069.5,0.158,750000.0,1861584.0,9.11,11.15,0.16,8.97,1.4,1.39,1.39,1.4
2010-08-10 00:00:00+00:00,84.8,93.85,0.0,10425.0,9.5,0.15,1.46,3416.1,0.158,750000.0,1861584.0,9.05,11.15,0.16,8.97,1.4,1.39,1.39,1.4
2010-08-11 00:00:00+00:00,85.4,94.52,0.0,10500.0,9.6,0.15,1.47,2024.8,0.158,750000.0,1861584.0,9.11,11.15,0.16,8.97,1.4,1.39,1.39,1.41
2010-08-12 00:00:00+00:00,84.1,93.17,0.0,10350.0,9.5,0.15,1.45,6069.2,0.158,750000.0,1861584.0,8.98,11.15,0.16,8.97,1.39,1.38,1.38,1.39
2010-08-13 00:00:00+00:00,85.4,94.52,0.0,10500.0,9.6,0.15,1.47,3447.9,0.158,750000.0,1861584.0,9.11,11.15,0.16,8.97,1.4,1.39,1.38,1.4
2010-08-16 00:00:00+00:00,85.4,94.52,0.0,10500.0,9.6,0.15,1.47,5942.1,0.158,750000.0,1861584.0,9.11,11.15,0.16,8.97,1.41,1.4,1.38,1.41
2010-08-17 00:00:00+00:00,84.8,93.85,0.0,10425.0,9.5,0.15,1.46,2038.1,0.158,750000.0,1861584.0,9.05,11.15,0.16,8.97,1.4,1.39,1.39,1.4
2010-08-18 00:00:00+00:00,86.0,95.2,0.0,10575.0,9.7,0.15,1.48,2502.1,0.158,750000.0,1861584.0,9.18,11.15,0.16,8.97,1.41,1.4,1.39,1.41
2010-08-19 00:00:00+00:00,85.4,94.52,0.0,10500.0,9.6,0.15,1.47,2341.9,0.167,750000.0,1861584.0,9.11,11.905,0.17,8.4,1.41,1.39,1.39,1.41
2010-08-20 00:00:00+00:00,86.0,95.2,0.0,10575.0,9.7,0.15,1.48,5937.5,0.167,750000.0,1861584.0,9.18,11.905,0.17,8.4,1.42,1.41,1.39,1.42
2010-08-23 00:00:00+00:00,87.8,97.22,0.0,10800.0,9.9,0.15,1.52,9998.0,0.167,750000.0,1861584.0,9.37,11.905,0.17,8.4,1.45,1.44,1.41,1.44
2010-08-24 00:00:00+00:00,87.2,96.55,0.0,10725.0,9.8,0.15,1.5,5398.9,0.167,750000.0,1861584.0,9.31,11.905,0.17,8.4,1.43,1.42,1.42,1.45
2010-08-25 00:00:00+00:00,87.2,96.55,0.0,10725.0,9.8,0.15,1.5,3070.9,0.167,750000.0,1861584.0,9.31,11.905,0.17,8.4,1.44,1.43,1.42,1.43
2010-08-26 00:00:00+00:00,87.2,96.55,0.0,10725.0,9.8,0.15,1.5,4935.6,0.167,750000.0,1861584.0,9.31,11.905,0.17,8.4,1.44,1.43,1.42,1.44
2010-08-27 00:00:00+00:00,87.2,96.55,0.0,10725.0,9.8,0.15,1.5,4283.2,0.167,750000.0,1861584.0,9.31,11.905,0.17,8.4,1.44,1.43,1.43,1.44
2010-08-30 00:00:00+00:00,88.4,97.9,0.0,10875.0,9.9,0.15,1.53,5562.3,0.167,750000.0,1861584.0,9.44,11.905,0.17,8.4,1.45,1.44,1.43,1.45
2010-08-31 00:00:00+00:00,88.4,97.9,0.0,10875.0,9.9,0.15,1.53,12683.6,0.167,750000.0,1861584.0,9.44,11.905,0.17,8.4,1.46,1.45,1.44,1.47
2010-09-01 00:00:00+00:00,89.0,98.57,0.0,10950.0,10.0,0.15,1.54,11000.5,0.167,750000.0,1861584.0,9.5,11.905,0.17,8.4,1.47,1.46,1.44,1.47
2010-09-02 00:00:00+00:00,91.5,101.27,0.0,11250.0,10.3,0.15,1.58,22574.1,0.167,750000.0,1861584.0,9.76,11.905,0.17,8.4,1.51,1.5,1.47,1.51
2010-09-03 00:00:00+00:00,95.7,106.0,0.0,11775.0,10.8,0.15,1.65,27148.4,0.167,750000.0,1861584.0,10.22,11.905,0.17,8.4,1.57,1.55,1.5,1.57
2010-09-06 00:00:00+00:00,94.5,104.65,0.0,11625.0,10.6,0.15,1.63,13999.2,0.167,750000.0,1861584.0,10.09,11.905,0.17,8.4,1.55,1.54,1.53,1.57
2010-09-07 00:00:00+00:00,92.1,101.95,0.0,11325.0,10.3,0.15,1.59,12228.9,0.167,750000.0,1861584.0,9.83,11.905,0.17,8.4,1.52,1.51,1.51,1.55
2010-09-08 00:00:00+00:00,92.7,102.62,0.0,11400.0,10.4,0.15,1.6,7514.4,0.167,750000.0,1861584.0,9.89,11.905,0.17,8.4,1.52,1.51,1.5,1.52
2010-09-09 00:00:00+00:00,92.7,102.62,0.0,11400.0,10.4,0.15,1.6,8668.2,0.167,750000.0,1861584.0,9.89,11.905,0.17,8.4,1.52,1.51,1.51,1.54
2010-09-10 00:00:00+00:00,92.7,102.62,0.0,11400.0,10.4,0.15,1.6,,0.167,750000.0,1861584.0,9.89,11.905,0.17,8.4,,,,
2010-09-13 00:00:00+00:00,92.7,102.62,0.0,11400.0,10.4,0.15,1.6,,0.167,750000.0,1861584.0,9.89,11.905,0.17,8.4,,,,
2010-09-14 00:00:00+00:00,92.7,102.62,0.0,11400.0,10.4,0.15,1.6,,0.167,750000.0,1861584.0,9.89,11.905,0.17,8.4,,,,
2010-09-15 00:00:00+00:00,92.1,101.95,0.0,11325.0,10.3,0.15,1.59,15317.8,0.167,750000.0,1861584.0,9.83,11.905,0.17,8.4,1.52,1.51,1.51,1.54
2010-09-16 00:00:00+00:00,92.1,101.95,0.0,11325.0,10.3,0.15,1.59,2855.2,0.175,750000.0,1861584.0,9.83,11.513,0.18,8.69,1.52,1.51,1.51,1.52
2010-09-17 00:00:00+00:00,92.7,102.62,0.0,11400.0,10.4,0.15,1.6,7737.0,0.175,750000.0,1861584.0,9.89,11.513,0.18,8.69,1.53,1.52,1.51,1.54
2010-09-20 00:00:00+00:00,92.7,102.62,0.0,11400.0,10.4,0.15,1.6,10511.7,0.175,750000.0,1861584.0,9.89,11.513,0.18,8.69,1.52,1.51,1.51,1.54
2010-09-21 00:00:00+00:00,92.7,102.62,0.0,11400.0,10.4,0.15,1.6,8993.8,0.175,750000.0,1861584.0,9.89,11.513,0.18,8.69,1.53,1.52,1.51,1.53
2010-09-22 00:00:00+00:00,92.7,102.62,0.0,11400.0,10.4,0.15,1.6,9315.9,0.175,750000.0,1861584.0,9.89,11.513,0.18,8.69,1.53,1.52,1.51,1.53
2010-09-23 00:00:00+00:00,93.9,103.97,0.0,11550.0,10.5,0.15,1.62,22335.0,0.175,750000.0,1861584.0,10.02,11.513,0.18,8.69,1.54,1.53,1.52,1.56
2010-09-24 00:00:00+00:00,94.5,104.65,0.0,11625.0,10.6,0.15,1.63,13361.0,0.175,750000.0,1861584.0,10.09,11.513,0.18,8.69,1.56,1.55,1.54,1.56
2010-09-27 00:00:00+00:00,93.9,103.97,0.0,11550.0,10.5,0.15,1.62,9568.2,0.175,750000.0,1861584.0,10.02,11.513,0.18,8.69,1.55,1.54,1.54,1.56
2010-09-28 00:00:00+00:00,93.9,103.97,0.0,11550.0,10.5,0.15,1.62,13247.9,0.175,750000.0,1861584.0,10.02,11.513,0.18,8.69,1.55,1.54,1.53,1.56
2010-09-29 00:00:00+00:00,94.5,104.65,0.0,11625.0,10.6,0.15,1.63,9121.0,0.175,750000.0,1861584.0,10.09,11.513,0.18,8.69,1.55,1.54,1.54,1.55
2010-09-30 00:00:00+00:00,94.5,104.65,0.0,11625.0,10.6,0.15,1.63,7580.8,0.175,750000.0,1861584.0,10.09,11.513,0.18,8.69,1.55,1.53,1.54,1.55
2010-10-01 00:00:00+00:00,94.5,104.65,0.0,11625.0,10.6,0.15,1.63,12428.2,0.175,750000.0,1861584.0,10.09,11.513,0.18,8.69,1.56,1.55,1.54,1.56
2010-10-04 00:00:00+00:00,94.5,104.65,0.0,11625.0,10.6,0.15,1.63,10456.2,0.175,750000.0,1861584.0,10.09,11.513,0.18,8.69,1.55,1.54,1.54,1.55
2010-10-05 00:00:00+00:00,95.1,105.32,0.0,11700.0,10.7,0.15,1.64,3477.7,0.175,750000.0,1861584.0,10.15,11.513,0.18,8.69,1.57,1.56,1.56,1.57
2010-10-06 00:00:00+00:00,96.3,106.68,0.0,11850.0,10.8,0.15,1.66,24994.6,0.175,750000.0,1861584.0,10.29,11.513,0.18,8.69,1.58,1.57,1.56,1.59
2010-10-07 00:00:00+00:00,97.0,107.35,0.0,11925.0,10.9,0.15,1.67,16193.6,0.175,750000.0,1861584.0,10.35,11.513,0.18,8.69,1.6,1.59,1.57,1.6
2010-10-08 00:00:00+00:00,97.0,107.35,0.0,11925.0,10.9,0.15,1.67,8030.2,0.175,750000.0,1861584.0,10.35,11.513,0.18,8.69,1.6,1.59,1.59,1.61
2010-10-11 00:00:00+00:00,96.3,106.68,0.0,11850.0,10.8,0.15,1.66,8137.9,0.175,750000.0,1861584.0,10.29,11.513,0.18,8.69,1.59,1.58,1.58,1.6
2010-10-12 00:00:00+00:00,95.1,105.32,0.0,11700.0,10.7,0.15,1.64,11066.5,0.175,750000.0,1861584.0,10.15,11.513,0.18,8.69,1.57,1.56,1.56,1.58
2010-10-13 00:00:00+00:00,95.7,106.0,0.0,11775.0,10.8,0.15,1.65,5277.2,0.175,750000.0,1861584.0,10.22,11.513,0.18,8.69,1.58,1.57,1.56,1.58
2010-10-14 00:00:00+00:00,96.3,106.68,0.0,11850.0,10.8,0.15,1.66,4460.7,0.183,750000.0,1861584.0,10.29,11.752,0.18,8.51,1.58,1.57,1.57,1.59
2010-10-15 00:00:00+00:00,97.0,107.35,0.0,11925.0,10.9,0.15,1.67,4416.5,0.183,750000.0,1861584.0,10.35,11.752,0.18,8.51,1.59,1.58,1.56,1.59
2010-10-18 00:00:00+00:00,97.0,107.35,0.0,11925.0,10.0,0.16,1.67,6825.5,0.183,750000.0,1861584.0,10.35,11.752,0.18,8.51,1.59,1.58,1.57,1.59
2010-10-19 00:00:00+00:00,98.2,108.7,0.0,12074.99,10.1,0.16,1.69,24628.2,0.183,750000.0,1861584.0,10.48,11.752,0.18,8.51,1.61,1.6,1.59,1.64
2010-10-20 00:00:00+00:00,97.0,107.35,0.0,11925.0,10.0,0.16,1.67,8739.5,0.183,750000.0,1861584.0,10.35,11.752,0.18,8.51,1.59,1.58,1.58,1.6
2010-10-21 00:00:00+00:00,97.0,107.35,0.0,11925.0,10.0,0.16,1.67,7025.0,0.183,750000.0,1861584.0,10.35,11.752,0.18,8.51,1.6,1.59,1.58,1.6
2010-10-22 00:00:00+00:00,97.6,108.03,0.0,12000.0,10.1,0.16,1.68,7298.5,0.183,750000.0,1861584.0,10.42,11.752,0.18,8.51,1.61,1.6,1.59,1.6
2010-10-25 00:00:00+00:00,97.6,108.03,0.0,12000.0,10.1,0.16,1.68,9207.3,0.183,750000.0,1861584.0,10.42,11.752,0.18,8.51,1.6,1.59,1.59,1.61
2010-10-26 00:00:00+00:00,97.0,107.35,0.0,11925.0,10.0,0.16,1.67,14459.3,0.183,750000.0,1861584.0,10.35,11.752,0.18,8.51,1.59,1.58,1.58,1.61
2010-10-27 00:00:00+00:00,95.7,106.0,0.0,11775.0,9.9,0.16,1.65,17085.0,0.183,750000.0,1861584.0,10.22,11.752,0.18,8.51,1.58,1.57,1.56,1.59
2010-10-28 00:00:00+00:00,95.1,105.32,0.0,11700.0,9.8,0.16,1.64,10642.9,0.183,750000.0,1861584.0,10.15,11.752,0.18,8.51,1.57,1.56,1.56,1.58
2010-10-29 00:00:00+00:00,95.1,105.32,0.0,11700.0,9.8,0.16,1.64,3007.7,0.183,750000.0,1861584.0,10.15,11.752,0.18,8.51,1.57,1.56,1.55,1.57
2010-11-01 00:00:00+00:00,93.9,103.97,0.0,11550.0,9.7,0.16,1.62,6339.3,0.183,750000.0,1861584.0,10.02,11.752,0.18,8.51,1.55,1.54,1.54,1.56
2010-11-02 00:00:00+00:00,95.1,105.32,0.0,11700.0,9.8,0.16,1.64,3729.4,0.183,750000.0,1861584.0,10.15,11.752,0.18,8.51,1.56,1.55,1.54,1.56
2010-11-03 00:00:00+00:00,94.5,104.65,0.0,11625.0,9.7,0.16,1.63,8486.2,0.183,750000.0,1861584.0,10.09,11.752,0.18,8.51,1.55,1.54,1.55,1.57
2010-11-04 00:00:00+00:00,97.0,107.35,0.0,11925.0,10.0,0.16,1.67,11931.4,0.183,750000.0,1861584.0,10.35,11.752,0.18,8.51,1.59,1.58,1.55,1.59
2010-11-05 00:00:00+00:00,97.0,107.35,0.0,11925.0,10.0,0.16,1.67,7274.2,0.183,750000.0,1861584.0,10.35,11.752,0.18,8.51,1.6,1.59,1.58,1.6
2010-11-08 00:00:00+00:00,96.3,106.68,0.0,11850.0,9.9,0.16,1.66,2027.0,0.183,750000.0,1861584.0,10.29,11.752,0.18,8.51,1.59,1.58,1.57,1.59
2010-11-09 00:00:00+00:00,97.0,107.35,0.0,11925.0,10.0,0.16,1.67,7259.7,0.183,750000.0,1861584.0,10.35,11.752,0.18,8.51,1.59,1.58,1.57,1.6
2010-11-10 00:00:00+00:00,97.0,107.35,0.0,11925.0,10.0,0.16,1.67,11378.0,0.183,750000.0,1861584.0,10.35,11.752,0.18,8.51,1.59,1.58,1.58,1.6
2010-11-11 00:00:00+00:00,97.6,108.03,0.0,12000.0,10.1,0.16,1.68,18188.9,0.183,750000.0,1861584.0,10.42,11.752,0.18,8.51,1.6,1.59,1.58,1.6
2010-11-12 00:00:00+00:00,97.6,108.03,0.0,12000.0,10.1,0.16,1.68,6430.4,0.183,750000.0,1861584.0,10.42,11.752,0.18,8.51,1.61,1.6,1.58,1.61
2010-11-15 00:00:00+00:00,97.6,108.03,0.0,12000.0,10.1,0.16,1.68,,0.183,750000.0,1861584.0,10.42,11.752,0.18,8.51,,,,
2010-11-16 00:00:00+00:00,97.6,108.03,0.0,12000.0,10.1,0.16,1.68,,0.183,750000.0,1861584.0,10.42,11.752,0.18,8.51,,,,
2010-11-17 00:00:00+00:00,97.6,108.03,0.0,12000.0,10.1,0.16,1.68,,0.183,750000.0,1861584.0,10.42,11.752,0.18,8.51,,,,
2010-11-18 00:00:00+00:00,97.6,108.03,0.0,12000.0,10.1,0.16,1.68,,0.192,750000.0,1861584.0,10.42,11.979,0.19,8.35,,,,
2010-11-19 00:00:00+00:00,98.8,109.38,0.0,12149.99,10.2,0.16,1.7,22161.4,0.192,750000.0,1861584.0,10.55,11.979,0.19,8.35,1.64,1.63,1.59,1.64
2010-11-22 00:00:00+00:00,100.0,110.73,0.0,12299.99,10.3,0.16,1.73,20481.5,0.192,750000.0,1861584.0,10.68,11.979,0.19,8.35,1.64,1.63,1.62,1.65
2010-11-23 00:00:00+00:00,98.2,108.7,0.0,12074.99,10.1,0.16,1.69,33572.8,0.192,750000.0,1861584.0,10.48,11.979,0.19,8.35,1.62,1.61,1.59,1.63
2010-11-24 00:00:00+00:00,99.4,110.05,0.0,12224.99,10.3,0.16,1.72,22967.2,0.192,750000.0,1861584.0,10.61,11.979,0.19,8.35,1.63,1.62,1.6,1.63
2010-11-25 00:00:00+00:00,99.4,110.05,0.0,12224.99,10.3,0.16,1.72,11895.2,0.192,750000.0,1861584.0,10.61,11.979,0.19,8.35,1.64,1.63,1.62,1.64
2010-11-26 00:00:00+00:00,98.8,109.38,0.0,12149.99,10.2,0.16,1.7,9925.9,0.192,750000.0,1861584.0,10.55,11.979,0.19,8.35,1.62,1.61,1.61,1.64
2010-11-29 00:00:00+00:00,98.8,109.38,0.0,12149.99,10.2,0.16,1.7,10118.0,0.192,750000.0,1861584.0,10.55,11.979,0.19,8.35,1.62,1.61,1.61,1.63
2010-11-30 00:00:00+00:00,98.2,108.7,0.0,12074.99,10.1,0.16,1.69,4557.4,0.192,750000.0,1861584.0,10.48,11.979,0.19,8.35,1.62,1.61,1.61,1.62
2010-12-01 00:00:00+00:00,98.2,108.7,0.0,12074.99,10.1,0.16,1.69,4560.0,0.192,750000.0,1861584.0,10.48,11.979,0.19,8.35,1.62,1.61,1.6,1.62
2010-12-02 00:00:00+00:00,99.4,110.05,0.0,12224.99,10.3,0.16,1.72,17174.9,0.192,750000.0,1861584.0,10.61,11.979,0.19,8.35,1.63,1.62,1.61,1.64
2010-12-03 00:00:00+00:00,104.9,116.13,0.0,12900.0,10.8,0.16,1.81,59235.7,0.192,750000.0,1861584.0,11.2,11.979,0.19,8.35,1.72,1.71,1.67,1.79
2010-12-06 00:00:00+00:00,104.9,116.13,0.0,12900.0,10.8,0.16,1.81,31569.5,0.192,750000.0,1861584.0,11.2,11.979,0.19,8.35,1.72,1.71,1.7,1.74
2010-12-07 00:00:00+00:00,106.1,117.48,0.0,13049.99,10.9,0.16,1.83,13427.5,0.192,750000.0,1861584.0,11.33,11.979,0.19,8.35,1.74,1.73,1.71,1.74
2010-12-08 00:00:00+00:00,115.9,128.28,0.0,14250.0,11.9,0.16,2.0,129251.0,0.192,750000.0,1861584.0,12.37,11.979,0.19,8.35,1.9,1.89,1.74,1.91
2010-12-09 00:00:00+00:00,114.6,126.93,0.0,14099.99,11.8,0.16,1.98,76757.8,0.192,750000.0,1861584.0,12.24,11.979,0.19,8.35,1.89,1.88,1.86,2.0
2010-12-10 00:00:00+00:00,115.9,128.28,0.0,14250.0,11.9,0.16,2.0,34129.8,0.192,750000.0,1861584.0,12.37,11.979,0.19,8.35,1.9,1.89,1.86,1.91
2010-12-13 00:00:00+00:00,114.6,126.93,0.0,14099.99,11.8,0.16,1.98,13105.5,0.192,750000.0,1861584.0,12.24,11.979,0.19,8.35,1.89,1.88,1.88,1.91
2010-12-14 00:00:00+00:00,117.7,130.31,0.0,14474.99,12.1,0.16,2.03,23293.0,0.192,750000.0,1861584.0,12.56,11.979,0.19,8.35,1.93,1.92,1.87,1.93
2010-12-15 00:00:00+00:00,116.5,128.96,0.0,14324.99,12.0,0.16,2.01,23491.8,0.192,750000.0,1861584.0,12.43,11.979,0.19,8.35,1.92,1.91,1.9,1.94
2010-12-16 00:00:00+00:00,115.2,127.61,0.0,14174.99,11.9,0.16,1.99,12886.1,0.2,750000.0,1861584.0,12.3,10.363,0.2,9.65,1.9,1.89,1.89,1.92
2010-12-17 00:00:00+00:00,115.2,127.61,0.0,14174.99,11.9,0.16,1.99,,0.2,750000.0,1861584.0,12.3,10.363,0.2,9.65,,,,
2010-12-20 00:00:00+00:00,113.4,125.58,0.0,13949.99,11.7,0.16,1.96,20154.6,0.2,750000.0,1861584.0,12.11,10.363,0.2,9.65,1.87,1.86,1.86,1.9
2010-12-21 00:00:00+00:00,114.0,126.25,0.0,14024.99,11.8,0.16,1.97,10520.3,0.2,750000.0,1861584.0,12.17,10.363,0.2,9.65,1.87,1.86,1.86,1.88
2010-12-22 00:00:00+00:00,115.2,127.61,0.0,14174.99,11.9,0.16,1.99,9312.3,0.2,750000.0,1861584.0,12.3,10.363,0.2,9.65,1.89,1.88,1.86,1.89
2010-12-23 00:00:00+00:00,114.6,126.93,0.0,14099.99,11.8,0.16,1.98,7477.0,0.2,750000.0,1861584.0,12.24,10.363,0.2,9.65,1.89,1.88,1.86,1.88
2010-12-24 00:00:00+00:00,117.1,129.63,0.0,14400.0,12.1,0.16,2.02,18452.3,0.2,750000.0,1861584.0,12.5,10.363,0.2,9.65,1.92,1.91,1.88,1.93
2010-12-27 00:00:00+00:00,116.5,128.96,0.0,14324.99,12.0,0.16,2.01,17766.2,0.2,750000.0,1861584.0,12.43,10.363,0.2,9.65,1.92,1.91,1.91,1.93
2010-12-28 00:00:00+00:00,115.9,128.28,0.0,14250.0,11.9,0.16,2.0,26750.8,0.2,750000.0,1861584.0,12.37,10.363,0.2,9.65,1.91,1.9,1.9,1.93
2010-12-29 00:00:00+00:00,116.5,128.96,0.0,14324.99,12.0,0.16,2.01,21871.6,0.2,750000.0,1861584.0,12.43,10.363,0.2,9.65,1.92,1.91,1.88,1.92
2010-12-30 00:00:00+00:00,116.5,128.96,0.0,14324.99,12.0,0.16,2.01,15377.4,0.2,750000.0,1861584.0,12.43,10.363,0.2,9.65,1.91,1.9,1.89,1.92
2010-12-31 00:00:00+00:00,115.9,128.28,0.0,14250.0,11.9,0.16,2.0,3815.2,0.2,750000.0,1861584.0,12.37,10.363,0.2,9.65,1.91,1.9,1.9,1.92
2011-01-03 00:00:00+00:00,116.5,128.96,0.0,14324.99,12.0,0.16,1.68,14575.0,0.2,750000.0,2205222.0,10.94,10.363,0.2,9.65,1.92,1.91,1.89,1.92
2011-01-04 00:00:00+00:00,117.1,129.63,0.0,14400.0,12.1,0.16,1.69,19351.0,0.2,750000.0,2205222.0,10.99,10.363,0.2,9.65,1.93,1.92,1.91,1.93
2011-01-05 00:00:00+00:00,117.1,129.63,0.0,14400.0,12.1,0.16,1.69,10486.0,0.2,750000.0,2205222.0,10.99,10.363,0.2,9.65,1.93,1.92,1.92,1.94
2011-01-06 00:00:00+00:00,117.7,130.31,0.0,14474.99,12.1,0.16,1.7,8688.0,0.2,750000.0,2205222.0,11.05,10.363,0.2,9.65,1.94,1.93,1.92,1.93
2011-01-07 00:00:00+00:00,119.5,132.33,0.0,14699.99,12.3,0.16,1.73,19989.0,0.2,750000.0,2205222.0,11.22,10.363,0.2,9.65,1.96,1.95,1.94,1.97
2011-01-10 00:00:00+00:00,118.3,130.98,0.0,14549.99,12.2,0.16,1.71,12058.9,0.2,750000.0,2205222.0,11.11,10.363,0.2,9.65,1.94,1.93,1.94,1.97
2011-01-11 00:00:00+00:00,122.0,135.03,0.0,15000.0,12.6,0.16,1.76,72463.2,0.2,750000.0,2205222.0,11.45,10.363,0.2,9.65,2.0,1.99,1.96,2.03
2011-01-12 00:00:00+00:00,125.0,138.41,0.0,15375.0,12.9,0.16,1.81,69163.6,0.2,750000.0,2205222.0,11.74,10.363,0.2,9.65,2.05,2.04,2.01,2.07
2011-01-13 00:00:00+00:00,125.0,138.41,0.0,15375.0,12.9,0.16,1.81,30725.1,0.2,750000.0,2205222.0,11.74,10.363,0.2,9.65,2.05,2.04,2.02,2.07
2011-01-14 00:00:00+00:00,125.0,138.41,0.0,15375.0,12.9,0.16,1.81,22807.8,0.2,750000.0,2205222.0,11.74,10.363,0.2,9.65,2.06,2.05,2.04,2.07
2011-01-17 00:00:00+00:00,124.4,137.73,0.0,15299.99,12.8,0.16,1.8,25106.8,0.2,750000.0,2205222.0,11.68,10.363,0.2,9.65,2.04,2.03,2.03,2.05
2011-01-18 00:00:00+00:00,126.8,140.43,0.0,15599.99,13.1,0.16,1.83,30351.1,0.2,750000.0,2205222.0,11.91,10.363,0.2,9.65,2.08,2.07,2.03,2.08
2011-01-19 00:00:00+00:00,127.4,141.11,0.0,15674.99,13.1,0.16,1.84,64425.8,0.2,750000.0,2205222.0,11.97,10.363,0.2,9.65,2.09,2.08,2.06,2.11
2011-01-20 00:00:00+00:00,126.2,139.76,0.0,15525.0,13.0,0.16,1.83,19124.7,0.2,750000.0,2205222.0,11.85,9.615,0.2,10.4,2.07,2.06,2.03,2.08
2011-01-21 00:00:00+00:00,124.4,137.73,0.0,15299.99,12.8,0.16,1.8,9621.7,0.2,750000.0,2205222.0,11.68,9.615,0.2,10.4,2.04,2.03,2.03,2.06
2011-01-24 00:00:00+00:00,125.0,138.41,0.0,15375.0,12.9,0.16,1.81,19948.4,0.2,750000.0,2205222.0,11.74,9.615,0.2,10.4,2.04,2.04,2.03,2.09
2011-01-25 00:00:00+00:00,124.4,137.73,0.0,15299.99,12.6,0.16,1.8,16649.8,0.2,750000.0,2205222.0,11.68,9.615,0.2,10.4,2.04,2.03,2.03,2.07
2011-01-26 00:00:00+00:00,126.2,139.76,0.0,15525.0,12.8,0.16,1.83,63154.8,0.2,750000.0,2205222.0,11.85,9.615,0.2,10.4,2.08,2.07,2.0,2.09
2011-01-27 00:00:00+00:00,125.6,139.08,0.0,15449.99,12.8,0.16,1.82,14739.2,0.2,750000.0,2205222.0,11.79,9.615,0.2,10.4,2.07,2.06,2.06,2.09
2011-01-28 00:00:00+00:00,122.0,135.03,0.0,15000.0,12.4,0.16,1.76,56851.9,0.2,750000.0,2205222.0,11.45,9.615,0.2,10.4,2.01,2.0,1.93,2.01
2011-01-31 00:00:00+00:00,122.6,135.71,0.0,15074.99,12.4,0.16,1.77,22976.2,0.2,750000.0,2205222.0,11.51,9.615,0.2,10.4,2.02,2.01,1.99,2.04
2011-02-01 00:00:00+00:00,125.0,138.41,0.0,15375.0,12.7,0.16,1.81,30468.6,0.2,750000.0,2205222.0,11.74,9.615,0.2,10.4,2.05,2.05,2.0,2.05
2011-02-02 00:00:00+00:00,127.0,140.64,0.0,15622.49,12.9,0.16,1.84,44051.8,0.2,750000.0,2205222.0,11.93,9.615,0.2,10.4,2.09,2.08,2.05,2.1
2011-02-03 00:00:00+00:00,128.0,141.78,0.0,15750.0,13.0,0.16,1.85,36391.7,0.2,750000.0,2205222.0,12.02,9.615,0.2,10.4,2.1,2.1,2.07,2.11
2011-02-04 00:00:00+00:00,140.9,155.96,0.0,17324.99,14.3,0.16,2.04,66900.5,0.2,750000.0,2205222.0,13.23,9.615,0.2,10.4,,2.31,2.12,2.31
2011-02-07 00:00:00+00:00,145.9,161.5,0.0,17940.0,14.8,0.16,2.11,136666.1,0.2,750000.0,2205222.0,13.7,9.615,0.2,10.4,2.39,2.39,2.32,2.53
2011-02-08 00:00:00+00:00,143.1,158.46,0.0,17602.49,14.5,0.16,2.07,36326.7,0.2,750000.0,2205222.0,13.44,9.615,0.2,10.4,2.35,2.35,2.31,2.41
2011-02-09 00:00:00+00:00,140.2,155.29,0.0,17250.0,14.2,0.16,2.03,31049.3,0.2,750000.0,2205222.0,13.17,9.615,0.2,10.4,2.3,2.3,2.28,2.34
2011-02-10 00:00:00+00:00,143.3,158.66,0.0,17625.0,14.6,0.16,2.07,22653.3,0.2,750000.0,2205222.0,13.45,9.615,0.2,10.4,2.35,2.35,2.3,2.37
2011-02-11 00:00:00+00:00,146.3,162.04,0.0,18000.0,14.9,0.16,2.12,30605.5,0.2,750000.0,2205222.0,13.74,9.615,0.2,10.4,2.4,2.4,2.35,2.41
2011-02-14 00:00:00+00:00,145.1,160.69,0.0,17849.99,14.7,0.16,2.1,22984.6,0.2,750000.0,2205222.0,13.63,9.615,0.2,10.4,2.38,2.38,2.38,2.42
2011-02-15 00:00:00+00:00,147.0,162.71,0.0,18074.99,14.9,0.16,2.13,25417.0,0.2,750000.0,2205222.0,13.8,9.615,0.2,10.4,2.41,2.41,2.38,2.41
2011-02-16 00:00:00+00:00,142.1,157.38,0.0,17482.49,14.4,0.16,2.06,33282.1,0.2,750000.0,2205222.0,13.35,9.615,0.2,10.4,2.33,2.33,2.31,2.4
2011-02-17 00:00:00+00:00,140.9,156.03,0.0,17332.48,14.3,0.16,2.04,15992.4,0.2,750000.0,2205222.0,13.23,8.299,0.2,12.05,2.31,2.31,2.31,2.35
2011-02-18 00:00:00+00:00,137.9,152.72,0.0,16964.99,14.0,0.16,1.99,26789.1,0.2,750000.0,2205222.0,12.95,8.299,0.2,12.05,2.26,2.26,2.23,2.29
2011-02-21 00:00:00+00:00,138.4,153.19,0.0,17017.49,14.0,0.16,2.0,18772.7,0.2,750000.0,2205222.0,12.99,8.299,0.2,12.05,2.28,2.27,2.25,2.29
2011-02-22 00:00:00+00:00,133.2,147.52,0.0,16387.49,13.5,0.16,1.93,15499.8,0.2,750000.0,2205222.0,12.51,8.299,0.2,12.05,2.2,2.18,2.16,2.26
2011-02-23 00:00:00+00:00,131.2,145.23,0.0,16132.49,13.3,0.16,1.9,33355.5,0.2,750000.0,2205222.0,12.32,8.299,0.2,12.05,2.15,2.15,2.12,2.21
2011-02-24 00:00:00+00:00,134.1,148.54,0.0,16500.0,13.6,0.16,1.94,31550.4,0.2,750000.0,2205222.0,12.6,8.299,0.2,12.05,2.2,2.2,2.15,2.2
2011-02-25 00:00:00+00:00,136.6,151.24,0.0,16799.99,13.9,0.16,1.98,41930.2,0.2,750000.0,2205222.0,12.82,8.299,0.2,12.05,2.24,2.24,2.18,2.3
2011-02-28 00:00:00+00:00,132.9,147.18,0.0,16349.99,13.5,0.16,1.92,33113.2,0.2,750000.0,2205222.0,12.48,8.299,0.2,12.05,2.18,2.18,2.14,2.22
2011-03-01 00:00:00+00:00,132.9,147.18,0.0,16349.99,13.5,0.16,1.92,31345.5,0.2,750000.0,2205222.0,12.48,8.299,0.2,12.05,2.19,2.18,2.16,2.23
2011-03-02 00:00:00+00:00,129.5,143.34,0.0,15922.49,13.1,0.16,1.87,24920.6,0.2,750000.0,2205222.0,12.16,8.299,0.2,12.05,2.12,2.12,2.1,2.16
2011-03-03 00:00:00+00:00,120.4,133.28,0.0,14804.99,12.2,0.16,1.74,47480.3,0.2,750000.0,2205222.0,11.3,8.299,0.2,12.05,1.98,1.97,1.94,2.15
2011-03-04 00:00:00+00:00,120.4,133.28,0.0,14804.99,12.2,0.16,1.74,,0.2,750000.0,2205222.0,11.3,8.299,0.2,12.05,,,,
2011-03-07 00:00:00+00:00,123.2,136.38,0.0,15149.99,12.5,0.16,1.78,39599.8,0.2,750000.0,2205222.0,11.57,8.299,0.2,12.05,2.02,2.02,1.97,2.08
2011-03-08 00:00:00+00:00,129.1,143.0,0.0,15884.99,13.1,0.16,1.87,62403.5,0.2,750000.0,2205222.0,12.13,8.299,0.2,12.05,2.12,2.12,2.02,2.13
2011-03-09 00:00:00+00:00,130.5,144.48,0.0,16049.99,13.3,0.16,1.89,40488.3,0.2,750000.0,2205222.0,12.25,8.299,0.2,12.05,2.15,2.14,2.11,2.16
2011-03-10 00:00:00+00:00,130.7,144.69,0.0,16072.49,13.3,0.16,1.89,30060.2,0.2,750000.0,2205222.0,12.27,8.299,0.2,12.05,2.14,2.14,2.12,2.16
2011-03-11 00:00:00+00:00,134.5,148.94,0.0,16544.99,13.7,0.16,1.95,52097.1,0.2,750000.0,2205222.0,12.63,8.299,0.2,12.05,2.21,2.21,2.16,2.22
2011-03-14 00:00:00+00:00,130.9,144.96,0.0,16102.48,13.3,0.16,1.89,27775.9,0.2,750000.0,2205222.0,12.29,8.299,0.2,12.05,2.15,2.15,2.14,2.2
2011-03-15 00:00:00+00:00,129.2,143.07,0.0,15892.49,13.1,0.16,1.87,24535.0,0.2,750000.0,2205222.0,12.13,8.299,0.2,12.05,2.12,2.11,2.1,2.14
2011-03-16 00:00:00+00:00,128.8,142.66,0.0,15847.49,13.1,0.16,1.86,22669.0,0.2,750000.0,2205222.0,12.1,8.299,0.2,12.05,2.11,2.11,2.11,2.16
2011-03-17 00:00:00+00:00,130.2,144.15,0.0,16012.49,13.2,0.16,1.88,14303.4,0.2,750000.0,2205222.0,12.22,9.434,0.2,10.6,2.14,2.13,2.1,2.14
2011-03-18 00:00:00+00:00,135.1,149.55,0.0,16612.49,13.7,0.16,1.95,38926.6,0.2,750000.0,2205222.0,12.68,9.434,0.2,10.6,2.21,2.21,2.17,2.21
2011-03-21 00:00:00+00:00,134.8,149.21,0.0,16574.99,13.7,0.16,1.95,26948.9,0.2,750000.0,2205222.0,12.65,9.434,0.2,10.6,2.21,2.2,2.2,2.23
2011-03-22 00:00:00+00:00,135.1,149.62,0.0,16619.99,13.7,0.16,1.95,17311.6,0.2,750000.0,2205222.0,12.69,9.434,0.2,10.6,2.22,2.22,2.2,2.22
2011-03-23 00:00:00+00:00,134.7,149.14,0.0,16567.49,13.7,0.16,1.95,8948.6,0.2,750000.0,2205222.0,12.65,9.434,0.2,10.6,2.21,2.21,2.2,2.22
2011-03-24 00:00:00+00:00,134.8,149.21,0.0,16574.99,13.7,0.16,1.95,13228.7,0.2,750000.0,2205222.0,12.65,9.434,0.2,10.6,2.21,2.21,2.2,2.22
2011-03-25 00:00:00+00:00,136.6,151.24,0.0,16799.99,13.9,0.16,1.98,23403.8,0.2,750000.0,2205222.0,12.82,9.434,0.2,10.6,2.24,2.23,2.21,2.24
2011-03-28 00:00:00+00:00,136.6,151.24,0.0,16799.99,13.9,0.16,1.98,,0.2,750000.0,2205222.0,12.82,9.434,0.2,10.6,2.24,2.2,,
2011-03-29 00:00:00+00:00,135.3,149.82,0.0,16642.49,13.7,0.16,1.96,18099.6,0.2,750000.0,2205222.0,12.7,9.434,0.2,10.6,2.22,2.22,2.2,2.25
2011-03-30 00:00:00+00:00,134.7,149.14,0.0,16567.49,13.7,0.16,1.95,14139.2,0.2,750000.0,2205222.0,12.65,9.434,0.2,10.6,2.21,2.21,2.2,2.23
2011-03-31 00:00:00+00:00,136.0,150.56,0.0,16723.58,13.8,0.16,1.97,33050.4,0.2,749937.0,2205222.0,12.77,9.434,0.2,10.6,2.23,2.23,2.21,2.23
2011-04-01 00:00:00+00:00,137.4,152.11,0.0,16896.07,14.0,0.16,1.99,21092.6,0.2,749937.0,2205222.0,12.9,9.434,0.2,10.6,2.25,2.25,2.24,2.26
2011-04-04 00:00:00+00:00,137.7,152.52,0.0,16941.07,14.0,0.16,1.99,16252.3,0.2,749937.0,2205222.0,12.93,9.434,0.2,10.6,2.26,2.26,2.25,2.26
2011-04-05 00:00:00+00:00,138.7,153.6,0.0,17061.06,14.1,0.16,2.01,17877.1,0.2,749937.0,2205222.0,13.03,9.434,0.2,10.6,2.28,2.27,2.26,2.27
2011-04-06 00:00:00+00:00,147.6,163.39,0.0,18148.47,15.0,0.16,2.13,66362.0,0.2,749937.0,2205222.0,13.86,9.434,0.2,10.6,2.42,2.42,2.28,2.44
2011-04-07 00:00:00+00:00,147.0,162.71,0.0,18073.47,14.9,0.16,2.13,44055.6,0.2,749937.0,2205222.0,13.8,9.434,0.2,10.6,2.41,2.41,2.4,2.48
2011-04-08 00:00:00+00:00,147.9,163.79,0.0,18193.46,15.0,0.16,2.14,17211.0,0.2,749937.0,2205222.0,13.89,9.434,0.2,10.6,2.43,2.43,2.4,2.44
2011-04-11 00:00:00+00:00,148.5,164.47,0.0,18268.45,15.1,0.16,2.15,17183.3,0.2,749937.0,2205222.0,13.95,9.434,0.2,10.6,2.44,2.43,2.42,2.44
2011-04-12 00:00:00+00:00,148.5,164.4,0.0,18260.95,15.1,0.16,2.15,32159.9,0.2,749937.0,2205222.0,13.94,9.434,0.2,10.6,2.44,2.43,2.42,2.45
2011-04-13 00:00:00+00:00,148.1,164.0,0.0,18215.96,15.0,0.16,2.14,16704.1,0.2,749937.0,2205222.0,13.91,9.434,0.2,10.6,2.43,2.43,2.43,2.44
2011-04-14 00:00:00+00:00,147.1,162.85,0.0,18088.47,14.9,0.16,2.13,9750.4,0.2,749937.0,2205222.0,13.81,8.197,0.2,12.2,2.41,2.41,2.41,2.44
2011-04-15 00:00:00+00:00,145.7,161.36,0.0,17923.48,14.8,0.16,2.11,14345.3,0.2,749937.0,2205222.0,13.68,8.197,0.2,12.2,2.39,2.39,2.36,2.41
2011-04-18 00:00:00+00:00,145.4,161.03,0.0,17885.98,14.8,0.16,2.1,7919.8,0.2,749937.0,2205222.0,13.66,8.197,0.2,12.2,2.39,2.38,2.36,2.39
2011-04-19 00:00:00+00:00,146.3,162.04,0.0,17998.48,14.9,0.16,2.12,11895.3,0.2,749937.0,2205222.0,13.74,8.197,0.2,12.2,2.4,2.4,2.36,2.41
2011-04-20 00:00:00+00:00,145.7,161.36,0.0,17923.48,14.5,0.16,2.11,27459.9,0.2,749937.0,2205222.0,13.68,8.197,0.2,12.2,2.39,2.39,2.38,2.42
2011-04-21 00:00:00+00:00,145.1,160.69,0.0,17848.49,14.5,0.16,2.1,11436.0,0.2,749937.0,2205222.0,13.63,8.197,0.2,12.2,2.38,2.38,2.37,2.4
2011-04-22 00:00:00+00:00,142.3,157.51,0.0,17496.02,14.2,0.16,2.06,13023.2,0.2,749937.0,2205222.0,13.36,8.197,0.2,12.2,2.34,2.33,2.33,2.38
2011-04-25 00:00:00+00:00,139.6,154.61,0.0,17173.55,13.9,0.16,2.02,20861.4,0.2,749937.0,2205222.0,13.11,8.197,0.2,12.2,2.29,2.29,2.27,2.33
2011-04-26 00:00:00+00:00,139.3,154.27,0.0,17136.05,13.9,0.16,2.02,11259.0,0.2,749937.0,2205222.0,13.08,8.197,0.2,12.2,2.28,2.28,2.28,2.31
2011-04-27 00:00:00+00:00,140.2,155.29,0.0,17248.55,14.0,0.16,2.03,15605.2,0.2,749937.0,2205222.0,13.17,8.197,0.2,12.2,2.3,2.3,2.28,2.31
2011-04-28 00:00:00+00:00,140.7,155.83,0.0,17308.53,14.0,0.16,2.04,15022.5,0.2,749937.0,2205222.0,13.21,8.197,0.2,12.2,2.31,2.31,2.3,2.31
2011-04-29 00:00:00+00:00,140.5,155.56,0.0,17278.54,14.0,0.16,2.03,7413.8,0.2,749937.0,2205222.0,13.19,8.197,0.2,12.2,2.31,2.3,2.3,2.32
2011-05-02 00:00:00+00:00,139.3,154.27,0.0,17136.05,13.9,0.16,2.02,16134.1,0.2,749937.0,2205222.0,13.08,8.197,0.2,12.2,2.29,2.29,2.28,2.32
2011-05-03 00:00:00+00:00,138.7,153.6,0.0,17061.06,13.8,0.16,2.01,16012.9,0.2,749937.0,2205222.0,13.03,8.197,0.2,12.2,2.28,2.28,2.25,2.3
2011-05-04 00:00:00+00:00,138.1,152.92,0.0,16986.06,13.8,0.16,2.0,14446.7,0.2,749937.0,2205222.0,12.97,8.197,0.2,12.2,2.26,2.26,2.25,2.28
2011-05-05 00:00:00+00:00,138.5,153.33,0.0,17031.06,13.8,0.16,2.0,6906.2,0.2,749937.0,2205222.0,13.0,8.197,0.2,12.2,2.27,2.27,2.26,2.27
2011-05-06 00:00:00+00:00,138.0,152.86,0.0,16978.57,13.8,0.16,2.0,4263.1,0.2,749937.0,2205222.0,12.96,8.197,0.2,12.2,2.26,2.26,2.26,2.27
2011-05-09 00:00:00+00:00,139.4,154.34,0.0,17143.55,13.9,0.16,2.02,13431.0,0.2,749937.0,2205222.0,13.09,8.197,0.2,12.2,2.29,2.28,2.26,2.29
2011-05-10 00:00:00+00:00,142.7,158.05,0.0,17556.01,14.2,0.16,2.06,25184.6,0.2,749937.0,2205222.0,13.4,8.197,0.2,12.2,2.34,2.34,2.28,2.34
2011-05-11 00:00:00+00:00,145.6,161.23,0.0,17908.48,14.5,0.16,2.11,34177.7,0.2,749937.0,2205222.0,13.67,8.197,0.2,12.2,2.39,2.39,2.35,2.39
2011-05-12 00:00:00+00:00,144.5,160.01,0.0,17773.5,14.4,0.16,2.09,10793.1,0.2,749937.0,2205222.0,13.57,8.197,0.2,12.2,2.37,2.37,2.35,2.38
2011-05-13 00:00:00+00:00,144.5,160.01,0.0,17773.5,14.4,0.16,2.09,6882.7,0.2,749937.0,2205222.0,13.57,8.197,0.2,12.2,2.37,2.36,2.35,2.37
2011-05-16 00:00:00+00:00,143.8,159.2,0.0,17683.5,14.4,0.16,2.08,13212.0,0.2,749937.0,2205222.0,13.5,8.197,0.2,12.2,2.36,2.36,2.36,2.38
2011-05-17 00:00:00+00:00,140.9,156.03,0.0,17331.03,14.1,0.16,2.04,24945.6,0.2,749937.0,2205222.0,13.23,8.197,0.2,12.2,2.31,2.31,2.31,2.37
2011-05-18 00:00:00+00:00,142.0,157.24,0.0,17466.02,14.2,0.16,2.05,14779.9,0.2,749937.0,2205222.0,13.33,8.197,0.2,12.2,2.33,2.32,2.3,2.34
2011-05-19 00:00:00+00:00,142.4,157.65,0.0,17511.02,14.2,0.16,2.06,10039.6,0.2,749937.0,2205222.0,13.37,8.658,0.2,11.55,2.34,2.33,2.32,2.35
2011-05-20 00:00:00+00:00,142.1,157.31,0.0,17473.52,14.2,0.16,2.05,6811.8,0.2,749937.0,2205222.0,13.34,8.658,0.2,11.55,2.33,2.33,2.32,2.34
2011-05-23 00:00:00+00:00,139.4,154.34,0.0,17143.55,13.9,0.16,2.02,26660.0,0.2,749937.0,2205222.0,13.09,8.658,0.2,11.55,2.29,2.29,2.25,2.34
2011-05-24 00:00:00+00:00,138.8,153.73,0.0,17076.05,13.9,0.16,2.01,22624.7,0.2,749937.0,2205222.0,13.04,8.658,0.2,11.55,2.28,2.28,2.23,2.28
2011-05-25 00:00:00+00:00,138.8,153.67,0.0,17068.56,13.9,0.16,2.01,10845.3,0.2,749937.0,2205222.0,13.03,8.658,0.2,11.55,2.28,2.27,2.25,2.28
2011-05-26 00:00:00+00:00,141.2,156.37,0.0,17368.53,14.1,0.16,2.04,17569.6,0.2,749937.0,2205222.0,13.26,8.658,0.2,11.55,2.32,2.31,2.26,2.32
2011-05-27 00:00:00+00:00,139.7,154.68,0.0,17181.04,13.9,0.16,2.02,4791.4,0.2,749937.0,2205222.0,13.12,8.658,0.2,11.55,2.29,2.29,2.29,2.32
2011-05-30 00:00:00+00:00,139.6,154.61,0.0,17173.55,13.9,0.16,2.02,14575.5,0.2,749937.0,2205222.0,13.11,8.658,0.2,11.55,2.3,2.29,2.24,2.29
2011-05-31 00:00:00+00:00,140.5,155.62,0.0,17286.04,14.0,0.16,2.03,13683.0,0.2,749937.0,2205222.0,13.2,8.658,0.2,11.55,2.31,2.3,2.28,2.31
2011-06-01 00:00:00+00:00,140.7,155.83,0.0,17308.53,14.0,0.16,2.04,9258.7,0.2,749937.0,2205222.0,13.21,8.658,0.2,11.55,2.31,2.3,2.3,2.31
2011-06-02 00:00:00+00:00,139.0,153.94,0.0,17098.55,13.9,0.16,2.01,8104.5,0.2,749937.0,2205222.0,13.05,8.658,0.2,11.55,2.28,2.28,2.26,2.3
2011-06-03 00:00:00+00:00,137.8,152.59,0.0,16948.57,13.8,0.16,1.99,9263.2,0.2,749937.0,2205222.0,12.94,8.658,0.2,11.55,2.26,2.26,2.25,2.28
2011-06-06 00:00:00+00:00,137.2,151.91,0.0,16873.58,13.7,0.16,1.98,11709.0,0.2,749937.0,2205222.0,12.88,8.658,0.2,11.55,2.26,2.25,2.25,2.27
2011-06-07 00:00:00+00:00,138.0,152.86,0.0,16978.57,13.8,0.16,2.0,5988.5,0.2,749937.0,2205222.0,12.96,8.658,0.2,11.55,2.26,2.26,2.25,2.27
2011-06-08 00:00:00+00:00,138.1,152.92,0.0,16986.06,13.8,0.16,2.0,7452.3,0.2,749937.0,2205222.0,12.97,8.658,0.2,11.55,2.26,2.26,2.25,2.27
2011-06-09 00:00:00+00:00,138.5,153.33,0.0,17031.06,13.8,0.16,2.0,10019.6,0.2,749937.0,2205222.0,13.0,8.658,0.2,11.55,2.28,2.27,2.26,2.29
2011-06-10 00:00:00+00:00,139.5,154.48,0.0,17158.55,13.9,0.16,2.02,8206.7,0.2,749937.0,2205222.0,13.1,8.658,0.2,11.55,2.29,2.29,2.27,2.29
2011-06-13 00:00:00+00:00,139.4,154.34,0.0,17143.55,13.9,0.16,2.02,7936.6,0.2,749937.0,2205222.0,13.09,8.658,0.2,11.55,2.29,2.28,2.27,2.29
2011-06-14 00:00:00+00:00,139.8,154.75,0.0,17188.55,14.0,0.16,2.02,7688.6,0.2,749937.0,2205222.0,13.12,8.658,0.2,11.55,2.29,2.29,2.28,2.3
2011-06-15 00:00:00+00:00,141.1,156.23,0.0,17353.54,14.1,0.16,2.04,20912.2,0.2,749937.0,2205222.0,13.25,8.658,0.2,11.55,2.31,2.31,2.26,2.32
2011-06-16 00:00:00+00:00,140.2,155.22,0.0,17241.04,14.0,0.16,2.03,14696.8,0.2,749937.0,2205222.0,13.16,8.734,0.2,11.45,2.3,2.3,2.29,2.3
2011-06-17 00:00:00+00:00,140.2,155.29,0.0,17248.55,14.0,0.16,2.03,8694.3,0.2,749937.0,2205222.0,13.17,8.734,0.2,11.45,2.3,2.3,2.29,2.31
2011-06-20 00:00:00+00:00,139.4,154.34,0.0,17143.55,13.9,0.16,2.02,7794.9,0.2,749937.0,2205222.0,13.09,8.734,0.2,11.45,2.29,2.29,2.29,2.3
2011-06-21 00:00:00+00:00,139.1,154.07,0.0,17113.55,13.9,0.16,2.01,7984.2,0.2,749937.0,2205222.0,13.07,8.734,0.2,11.45,2.28,2.28,2.28,2.29
2011-06-22 00:00:00+00:00,140.5,155.62,0.0,17286.04,14.0,0.16,2.03,11110.1,0.2,749937.0,2205222.0,13.2,8.734,0.2,11.45,2.31,2.3,2.27,2.3
2011-06-23 00:00:00+00:00,140.5,155.62,0.0,17286.04,14.0,0.16,2.03,6471.0,0.2,749937.0,2205222.0,13.2,8.734,0.2,11.45,2.3,2.3,2.28,2.3
2011-06-24 00:00:00+00:00,139.9,154.88,0.0,17203.54,14.0,0.16,2.02,3433.3,0.2,749937.0,2205222.0,13.13,8.734,0.2,11.45,2.29,2.29,2.28,2.3
2011-06-27 00:00:00+00:00,140.7,155.83,0.0,17308.53,14.0,0.16,2.04,10436.2,0.2,749937.0,2205222.0,13.21,8.734,0.2,11.45,2.31,2.31,2.29,2.31
2011-06-28 00:00:00+00:00,140.7,155.83,0.0,17308.53,14.0,0.16,2.04,4549.7,0.2,749937.0,2205222.0,13.21,8.734,0.2,11.45,2.31,2.31,2.3,2.31
2011-06-29 00:00:00+00:00,141.3,156.43,0.0,17376.04,14.1,0.16,2.04,17066.2,0.2,749937.0,2205222.0,13.27,8.734,0.2,11.45,2.32,2.32,2.3,2.34
2011-06-30 00:00:00+00:00,141.7,156.91,0.0,17428.52,14.1,0.16,2.05,5812.2,0.2,749937.0,2205222.0,13.31,8.734,0.2,11.45,2.32,2.32,2.31,2.32
2011-07-01 00:00:00+00:00,143.4,158.8,0.0,17638.5,14.3,0.16,2.07,14767.6,0.2,749937.0,2205222.0,13.47,8.734,0.2,11.45,2.35,2.35,2.33,2.36
2011-07-04 00:00:00+00:00,143.9,159.34,0.0,17698.5,14.4,0.16,2.08,10560.4,0.2,749937.0,2205222.0,13.51,8.734,0.2,11.45,2.36,2.36,2.34,2.37
2011-07-05 00:00:00+00:00,144.0,159.47,0.0,17713.5,14.4,0.16,2.08,6891.4,0.2,749937.0,2205222.0,13.52,8.734,0.2,11.45,2.36,2.36,2.35,2.36
2011-07-06 00:00:00+00:00,144.2,159.68,0.0,17736.0,14.4,0.16,2.09,5619.7,0.2,749937.0,2205222.0,13.54,8.734,0.2,11.45,2.37,2.36,2.36,2.37
2011-07-07 00:00:00+00:00,146.3,161.97,0.0,17990.97,14.6,0.16,2.12,20236.6,0.2,749937.0,2205222.0,13.74,8.734,0.2,11.45,2.4,2.39,2.36,2.41
2011-07-08 00:00:00+00:00,147.2,162.98,0.0,18103.47,14.7,0.16,2.13,9333.4,0.2,749937.0,2205222.0,13.82,8.734,0.2,11.45,2.41,2.41,2.39,2.42
2011-07-11 00:00:00+00:00,148.7,164.6,0.0,18283.45,14.8,0.16,2.15,13602.6,0.2,749937.0,2205222.0,13.96,8.734,0.2,11.45,2.44,2.44,2.41,2.44
2011-07-12 00:00:00+00:00,145.4,161.03,0.0,17885.98,14.5,0.16,2.1,18352.4,0.2,749937.0,2205222.0,13.66,8.734,0.2,11.45,2.39,2.38,2.38,2.44
2011-07-13 00:00:00+00:00,146.3,161.97,0.0,17990.97,14.6,0.16,2.12,5493.3,0.2,749937.0,2205222.0,13.74,8.734,0.2,11.45,2.4,2.4,2.38,2.4
2011-07-14 00:00:00+00:00,146.3,161.97,0.0,17990.97,14.6,0.16,2.12,4840.3,0.2,749937.0,2205222.0,13.74,8.368,0.2,11.95,2.4,2.4,2.39,2.4
2011-07-15 00:00:00+00:00,146.3,162.04,0.0,17998.48,14.6,0.16,2.12,7502.7,0.2,749937.0,2205222.0,13.74,8.368,0.2,11.95,2.4,2.4,2.39,2.41
2011-07-18 00:00:00+00:00,145.4,161.03,0.0,17885.98,14.5,0.16,2.1,9920.4,0.2,749937.0,2205222.0,13.66,8.368,0.2,11.95,2.39,2.38,2.38,2.4
2011-07-19 00:00:00+00:00,144.5,159.95,0.0,17765.99,14.4,0.16,2.09,6159.8,0.2,749937.0,2205222.0,13.56,8.368,0.2,11.95,2.37,2.37,2.37,2.39
2011-07-20 00:00:00+00:00,144.8,160.28,0.0,17803.49,14.4,0.16,2.09,7979.5,0.2,749937.0,2205222.0,13.59,8.368,0.2,11.95,2.37,2.37,2.37,2.38
2011-07-21 00:00:00+00:00,144.7,160.22,0.0,17796.0,14.4,0.16,2.09,4575.3,0.2,749937.0,2205222.0,13.59,8.368,0.2,11.95,2.37,2.37,2.36,2.38
2011-07-22 00:00:00+00:00,144.5,159.95,0.0,17765.99,14.4,0.16,2.09,5512.6,0.2,749937.0,2205222.0,13.56,8.368,0.2,11.95,2.37,2.37,2.36,2.38
2011-07-25 00:00:00+00:00,143.5,158.93,0.0,17653.5,14.3,0.16,2.08,4304.0,0.2,749937.0,2205222.0,13.48,8.368,0.2,11.95,2.36,2.35,2.35,2.37
2011-07-26 00:00:00+00:00,144.0,159.47,0.0,17713.5,14.4,0.16,2.08,6744.7,0.2,749937.0,2205222.0,13.52,8.368,0.2,11.95,2.36,2.36,2.35,2.37
2011-07-27 00:00:00+00:00,143.4,158.8,0.0,17638.5,14.3,0.16,2.07,5922.6,0.2,749937.0,2205222.0,13.47,8.368,0.2,11.95,2.35,2.35,2.34,2.36
2011-07-28 00:00:00+00:00,143.9,159.34,0.0,17698.5,14.4,0.16,2.08,10718.1,0.2,749937.0,2205222.0,13.51,8.368,0.2,11.95,2.36,2.35,2.32,2.36
2011-07-29 00:00:00+00:00,145.9,161.5,0.0,17938.48,14.6,0.16,2.11,8271.6,0.2,749937.0,2205222.0,13.7,8.368,0.2,11.95,2.39,2.39,2.33,2.39
2011-08-01 00:00:00+00:00,147.0,162.71,0.0,18073.47,14.0,0.17,2.13,10383.7,0.2,749937.0,2205222.0,13.8,8.368,0.2,11.95,2.41,2.4,2.38,2.42
2011-08-02 00:00:00+00:00,145.9,161.5,0.0,17938.48,13.9,0.17,2.11,9169.6,0.2,749937.0,2205222.0,13.7,8.368,0.2,11.95,2.39,2.39,2.39,2.4
2011-08-03 00:00:00+00:00,145.9,161.5,0.0,17938.48,13.9,0.17,2.11,4326.0,0.2,749937.0,2205222.0,13.7,8.368,0.2,11.95,2.39,2.39,2.37,2.4
2011-08-04 00:00:00+00:00,146.3,161.97,0.0,17990.97,13.9,0.17,2.12,10177.5,0.2,749937.0,2205222.0,13.74,8.368,0.2,11.95,2.4,2.4,2.38,2.41
2011-08-05 00:00:00+00:00,141.4,156.57,0.0,17391.02,13.4,0.17,2.05,35398.5,0.2,749937.0,2205222.0,13.28,8.368,0.2,11.95,2.32,2.31,2.21,2.35
2011-08-08 00:00:00+00:00,141.0,156.16,0.0,17346.03,13.4,0.17,2.04,21552.4,0.2,749937.0,2205222.0,13.24,8.368,0.2,11.95,2.31,2.31,2.29,2.35
2011-08-09 00:00:00+00:00,137.7,152.52,0.0,16941.07,13.1,0.17,1.99,32800.0,0.2,749937.0,2205222.0,12.93,8.368,0.2,11.95,2.26,2.26,2.23,2.29
2011-08-10 00:00:00+00:00,140.2,155.29,0.0,17248.54,13.3,0.17,2.03,20367.1,0.2,749937.0,2205222.0,13.17,8.368,0.2,11.95,2.3,2.3,2.29,2.33
2011-08-11 00:00:00+00:00,139.7,154.68,0.0,17181.04,13.3,0.17,2.02,9500.3,0.2,749937.0,2205222.0,13.12,8.368,0.2,11.95,2.29,2.29,2.27,2.3
2011-08-12 00:00:00+00:00,140.2,155.29,0.0,17248.54,13.3,0.17,2.03,10694.4,0.2,749937.0,2205222.0,13.17,8.368,0.2,11.95,2.3,2.3,2.29,2.32
2011-08-15 00:00:00+00:00,139.6,154.61,0.0,17173.55,13.3,0.17,2.02,10485.1,0.2,749937.0,2205222.0,13.11,8.368,0.2,11.95,2.3,2.29,2.29,2.31
2011-08-16 00:00:00+00:00,140.5,155.56,0.0,17278.54,13.4,0.17,2.03,9071.6,0.2,749937.0,2205222.0,13.19,8.368,0.2,11.95,2.3,2.3,2.3,2.31
2011-08-17 00:00:00+00:00,140.9,156.03,0.0,17331.02,13.4,0.17,2.04,3553.2,0.2,749937.0,2205222.0,13.23,8.368,0.2,11.95,2.32,2.31,2.31,2.32
2011-08-18 00:00:00+00:00,141.0,156.1,0.0,17338.53,13.4,0.17,2.04,3598.7,0.2,749937.0,2205222.0,13.24,8.696,0.2,11.5,2.31,2.31,2.3,2.31
2011-08-19 00:00:00+00:00,139.7,154.68,0.0,17181.04,13.3,0.17,2.02,9880.7,0.2,749937.0,2205222.0,13.12,8.696,0.2,11.5,2.29,2.29,2.28,2.3
2011-08-22 00:00:00+00:00,139.8,154.75,0.0,17188.55,13.3,0.17,2.02,4324.2,0.2,749937.0,2205222.0,13.12,8.696,0.2,11.5,2.29,2.29,2.28,2.3
2011-08-23 00:00:00+00:00,140.2,155.29,0.0,17248.54,13.3,0.17,2.03,5516.2,0.2,749937.0,2205222.0,13.17,8.696,0.2,11.5,2.3,2.3,2.29,2.31
2011-08-24 00:00:00+00:00,140.3,155.35,0.0,17256.04,13.3,0.17,2.03,4246.9,0.2,749937.0,2205222.0,13.17,8.696,0.2,11.5,2.3,2.3,2.3,2.31
2011-08-25 00:00:00+00:00,142.3,157.58,0.0,17503.52,13.5,0.17,2.06,8818.8,0.2,749937.0,2205222.0,13.36,8.696,0.2,11.5,2.33,2.33,2.3,2.34
2011-08-26 00:00:00+00:00,146.3,162.04,0.0,17998.48,13.9,0.17,2.12,18883.9,0.2,749937.0,2205222.0,13.74,8.696,0.2,11.5,2.4,2.4,2.33,2.4
2011-08-29 00:00:00+00:00,147.0,162.71,0.0,18073.47,14.0,0.17,2.13,28463.3,0.2,749937.0,2205222.0,13.8,8.696,0.2,11.5,2.41,2.41,2.4,2.42
2011-08-30 00:00:00+00:00,147.0,162.71,0.0,18073.47,14.0,0.17,2.13,,0.2,749937.0,2205222.0,13.8,8.696,0.2,11.5,,,,
2011-08-31 00:00:00+00:00,147.0,162.71,0.0,18073.47,14.0,0.17,2.13,,0.2,749937.0,2205222.0,13.8,8.696,0.2,11.5,,,,
2011-09-01 00:00:00+00:00,147.0,162.71,0.0,18073.47,14.0,0.17,2.13,,0.2,749937.0,2205222.0,13.8,8.696,0.2,11.5,,,,
2011-09-02 00:00:00+00:00,147.3,163.12,0.0,18118.46,14.0,0.17,2.13,13339.5,0.2,749937.0,2205222.0,13.83,8.696,0.2,11.5,2.42,2.42,2.41,2.43
2011-09-05 00:00:00+00:00,144.5,160.01,0.0,17773.5,13.7,0.17,2.09,14192.7,0.2,749937.0,2205222.0,13.57,8.696,0.2,11.5,2.37,2.37,2.35,2.41
2011-09-06 00:00:00+00:00,146.3,162.04,0.0,17998.48,13.9,0.17,2.12,16660.1,0.2,749937.0,2205222.0,13.74,8.696,0.2,11.5,2.4,2.4,2.35,2.4
2011-09-07 00:00:00+00:00,146.9,162.65,0.0,18065.97,14.0,0.17,2.12,13762.0,0.2,749937.0,2205222.0,13.79,8.696,0.2,11.5,2.41,2.4,2.4,2.41
2011-09-08 00:00:00+00:00,146.3,162.04,0.0,17998.48,13.9,0.17,2.12,14084.4,0.2,749937.0,2205222.0,13.74,8.696,0.2,11.5,2.4,2.4,2.39,2.41
2011-09-09 00:00:00+00:00,146.3,162.04,0.0,17998.48,13.9,0.17,2.12,5250.6,0.2,749937.0,2205222.0,13.74,8.696,0.2,11.5,2.4,2.4,2.38,2.41
2011-09-12 00:00:00+00:00,146.3,162.04,0.0,17998.48,13.9,0.17,2.12,26231.2,0.2,749937.0,2205222.0,13.74,8.696,0.2,11.5,2.4,2.4,2.39,2.41
2011-09-13 00:00:00+00:00,146.8,162.51,0.0,18050.97,14.0,0.17,2.12,9870.3,0.2,749937.0,2205222.0,13.78,8.696,0.2,11.5,2.41,2.41,2.4,2.41
2011-09-14 00:00:00+00:00,146.4,162.11,0.0,18005.98,13.9,0.17,2.12,6103.0,0.2,749937.0,2205222.0,13.75,8.696,0.2,11.5,2.4,2.4,2.4,2.41
2011-09-15 00:00:00+00:00,147.9,163.73,0.0,18185.96,14.1,0.17,2.14,14634.5,0.2,749937.0,2205222.0,13.88,8.299,0.2,12.05,2.43,2.42,2.4,2.43
2011-09-16 00:00:00+00:00,150.0,166.09,0.0,18448.44,14.3,0.17,2.17,35296.4,0.2,749937.0,2205222.0,14.08,8.299,0.2,12.05,2.46,2.46,2.42,2.47
2011-09-19 00:00:00+00:00,148.7,164.6,0.0,18283.45,14.1,0.17,2.15,7084.0,0.2,749937.0,2205222.0,13.96,8.299,0.2,12.05,2.44,2.44,2.43,2.46
2011-09-20 00:00:00+00:00,151.0,167.24,0.0,18575.92,14.4,0.17,2.18,13326.2,0.2,749937.0,2205222.0,14.18,8.299,0.2,12.05,2.48,2.48,2.44,2.48
2011-09-21 00:00:00+00:00,152.3,168.65,0.0,18733.41,14.5,0.17,2.2,22071.5,0.2,749937.0,2205222.0,14.3,8.299,0.2,12.05,2.5,2.5,2.47,2.51
2011-09-22 00:00:00+00:00,152.4,168.79,0.0,18748.42,14.5,0.17,2.2,17904.6,0.2,749937.0,2205222.0,14.31,8.299,0.2,12.05,2.5,2.5,2.48,2.5
2011-09-23 00:00:00+00:00,152.7,169.13,0.0,18785.91,14.5,0.17,2.21,11641.0,0.2,749937.0,2205222.0,14.34,8.299,0.2,12.05,2.5,2.5,2.49,2.51
2011-09-26 00:00:00+00:00,151.8,168.05,0.0,18665.92,14.4,0.17,2.2,9807.9,0.2,749937.0,2205222.0,14.25,8.299,0.2,12.05,2.49,2.49,2.49,2.5
2011-09-27 00:00:00+00:00,153.4,169.8,0.0,18860.9,14.6,0.17,2.22,25195.4,0.2,749937.0,2205222.0,14.4,8.299,0.2,12.05,2.51,2.51,2.49,2.52
2011-09-28 00:00:00+00:00,152.1,168.38,0.0,18703.41,14.5,0.17,2.2,11996.1,0.2,749937.0,2205222.0,14.28,8.299,0.2,12.05,2.49,2.49,2.49,2.52
2011-09-29 00:00:00+00:00,152.0,168.25,0.0,18688.42,14.4,0.17,2.2,15538.0,0.2,749937.0,2205222.0,14.27,8.299,0.2,12.05,2.49,2.49,2.49,2.5
2011-09-30 00:00:00+00:00,150.7,166.9,0.0,18538.43,14.3,0.17,2.18,8075.7,0.2,749937.0,2205222.0,14.15,8.299,0.2,12.05,2.47,2.47,2.47,2.5
2011-10-03 00:00:00+00:00,148.1,164.0,0.0,18215.96,14.1,0.17,2.14,13153.1,0.2,749937.0,2205222.0,13.91,8.299,0.2,12.05,2.44,2.43,2.43,2.47
2011-10-04 00:00:00+00:00,146.3,162.04,0.0,17998.48,13.9,0.17,2.12,22921.6,0.2,749937.0,2205222.0,13.74,8.299,0.2,12.05,2.4,2.4,2.39,2.44
2011-10-05 00:00:00+00:00,147.3,163.05,0.0,18110.96,14.0,0.17,2.13,11307.0,0.2,749937.0,2205222.0,13.83,8.299,0.2,12.05,2.42,2.41,2.4,2.42
2011-10-06 00:00:00+00:00,148.3,164.2,0.0,18238.45,14.1,0.17,2.14,12075.0,0.2,749937.0,2205222.0,13.92,8.299,0.2,12.05,2.43,2.43,2.4,2.44
2011-10-07 00:00:00+00:00,148.8,164.74,0.0,18298.45,14.1,0.17,2.15,10416.4,0.2,749937.0,2205222.0,13.97,8.299,0.2,12.05,2.44,2.44,2.43,2.45
2011-10-10 00:00:00+00:00,148.5,164.4,0.0,18260.95,14.1,0.17,2.15,8306.0,0.2,749937.0,2205222.0,13.94,8.299,0.2,12.05,2.44,2.43,2.43,2.45
2011-10-11 00:00:00+00:00,150.2,166.36,0.0,18478.44,14.3,0.17,2.17,14264.2,0.2,749937.0,2205222.0,14.11,8.299,0.2,12.05,2.46,2.46,2.44,2.46
2011-10-12 00:00:00+00:00,150.9,167.1,0.0,18560.93,14.3,0.17,2.18,12023.0,0.2,749937.0,2205222.0,14.17,8.299,0.2,12.05,2.48,2.47,2.45,2.48
2011-10-13 00:00:00+00:00,150.6,166.76,0.0,18523.43,14.3,0.17,2.18,6574.5,0.2,749937.0,2205222.0,14.14,8.299,0.2,12.05,2.47,2.47,2.47,2.48
2011-10-14 00:00:00+00:00,151.7,167.98,0.0,18658.42,14.4,0.17,2.19,10713.5,0.2,749937.0,2205222.0,14.24,8.299,0.2,12.05,2.49,2.49,2.47,2.49
2011-10-17 00:00:00+00:00,151.8,168.05,0.0,18665.92,14.3,0.17,2.2,20889.6,0.2,749937.0,2205222.0,14.25,8.299,0.2,12.05,2.49,2.49,2.48,2.5
2011-10-18 00:00:00+00:00,151.0,167.24,0.0,18575.92,14.2,0.17,2.18,42236.7,0.2,749937.0,2205222.0,14.18,8.299,0.2,12.05,2.48,2.48,2.47,2.49
2011-10-19 00:00:00+00:00,151.3,167.51,0.0,18605.93,14.2,0.17,2.19,25641.4,0.2,749937.0,2205222.0,14.2,8.299,0.2,12.05,2.48,2.48,2.47,2.48
2011-10-20 00:00:00+00:00,151.3,167.51,0.0,18605.93,14.2,0.17,2.19,17818.2,0.2,749937.0,2205222.0,14.2,8.065,0.2,12.4,2.48,2.48,2.47,2.48
2011-10-21 00:00:00+00:00,151.9,168.18,0.0,18680.91,14.3,0.17,2.2,23924.0,0.2,749937.0,2205222.0,14.26,8.065,0.2,12.4,2.49,2.49,2.47,2.5
2011-10-24 00:00:00+00:00,152.4,168.79,0.0,18748.42,14.3,0.17,2.2,14626.0,0.2,749937.0,2205222.0,14.31,8.065,0.2,12.4,2.5,2.5,2.48,2.5
2011-10-25 00:00:00+00:00,152.7,169.13,0.0,18785.91,14.4,0.17,2.21,12213.0,0.2,749937.0,2205222.0,14.34,8.065,0.2,12.4,2.51,2.5,2.48,2.5
2011-10-26 00:00:00+00:00,152.7,169.13,0.0,18785.91,14.4,0.17,2.21,12527.6,0.2,749937.0,2205222.0,14.34,8.065,0.2,12.4,2.51,2.5,2.49,2.5
2011-10-27 00:00:00+00:00,153.0,169.47,0.0,18823.4,14.4,0.17,2.21,15268.0,0.2,749937.0,2205222.0,14.37,8.065,0.2,12.4,2.51,2.51,2.5,2.52
2011-10-28 00:00:00+00:00,154.9,171.49,0.0,19048.39,14.6,0.17,2.24,22123.0,0.2,749937.0,2205222.0,14.54,8.065,0.2,12.4,2.54,2.54,2.51,2.55
2011-10-31 00:00:00+00:00,154.9,171.49,0.0,19048.39,14.6,0.17,2.24,7962.8,0.2,749937.0,2205222.0,14.54,8.065,0.2,12.4,2.54,2.54,2.52,2.55
2011-11-01 00:00:00+00:00,155.5,172.17,0.0,19123.39,14.6,0.17,2.25,24917.8,0.2,749937.0,2205222.0,14.6,8.065,0.2,12.4,2.55,2.55,2.52,2.55
2011-11-02 00:00:00+00:00,157.9,174.87,0.0,19423.36,14.8,0.17,2.28,17324.5,0.2,749937.0,2205222.0,14.83,8.065,0.2,12.4,2.59,2.59,2.53,2.59
2011-11-03 00:00:00+00:00,160.1,177.23,0.0,19685.84,15.0,0.17,2.32,39325.8,0.2,749937.0,2205222.0,15.03,8.065,0.2,12.4,2.63,2.62,2.59,2.67
2011-11-04 00:00:00+00:00,160.1,177.23,0.0,19685.84,15.0,0.17,2.32,,0.2,749937.0,2205222.0,15.03,8.065,0.2,12.4,,,,
2011-11-07 00:00:00+00:00,160.1,177.23,0.0,19685.84,15.0,0.17,2.32,,0.2,749937.0,2205222.0,15.03,8.065,0.2,12.4,,,,
2011-11-08 00:00:00+00:00,160.1,177.23,0.0,19685.84,15.0,0.17,2.32,,0.2,749937.0,2205222.0,15.03,8.065,0.2,12.4,,,,
2011-11-09 00:00:00+00:00,161.3,178.58,0.0,19835.82,15.2,0.17,2.33,10806.1,0.2,749937.0,2205222.0,15.14,8.065,0.2,12.4,2.65,2.64,2.63,2.66
2011-11-10 00:00:00+00:00,161.0,178.24,0.0,19798.32,15.1,0.17,2.33,8461.0,0.2,749937.0,2205222.0,15.12,8.065,0.2,12.4,2.64,2.64,2.6,2.64
2011-11-11 00:00:00+00:00,161.6,178.92,0.0,19873.32,15.2,0.17,2.34,14596.9,0.2,749937.0,2205222.0,15.17,8.065,0.2,12.4,2.65,2.65,2.64,2.66
2011-11-14 00:00:00+00:00,161.9,179.25,0.0,19910.81,15.2,0.17,2.34,12052.2,0.2,749937.0,2205222.0,15.2,8.065,0.2,12.4,2.65,2.65,2.64,2.66
2011-11-15 00:00:00+00:00,161.3,178.58,0.0,19835.82,15.2,0.17,2.33,7833.2,0.2,749937.0,2205222.0,15.14,8.065,0.2,12.4,2.65,2.64,2.63,2.65
2011-11-16 00:00:00+00:00,162.2,179.59,0.0,19948.31,15.2,0.17,2.35,7473.4,0.2,749937.0,2205222.0,15.23,8.065,0.2,12.4,2.66,2.65,2.64,2.66
2011-11-17 00:00:00+00:00,161.6,178.92,0.0,19873.32,15.2,0.17,2.34,9952.2,0.2,749937.0,2205222.0,15.17,7.547,0.2,13.25,2.65,2.65,2.65,2.66
2011-11-18 00:00:00+00:00,160.7,177.9,0.0,19760.82,15.1,0.17,2.32,7891.9,0.2,749937.0,2205222.0,15.09,7.547,0.2,13.25,2.64,2.63,2.63,2.65
2011-11-21 00:00:00+00:00,158.8,175.88,0.0,19535.84,14.9,0.17,2.3,28390.5,0.2,749937.0,2205222.0,14.91,7.547,0.2,13.25,2.61,2.6,2.59,2.63
2011-11-22 00:00:00+00:00,158.8,175.88,0.0,19535.84,14.9,0.17,2.3,15915.2,0.2,749937.0,2205222.0,14.91,7.547,0.2,13.25,2.61,2.6,2.57,2.63
2011-11-23 00:00:00+00:00,158.8,175.88,0.0,19535.84,14.9,0.17,2.3,10117.2,0.2,749937.0,2205222.0,14.91,7.547,0.2,13.25,2.61,2.6,2.59,2.61
2011-11-24 00:00:00+00:00,158.2,175.2,0.0,19460.86,14.9,0.17,2.29,21926.0,0.2,749937.0,2205222.0,14.86,7.547,0.2,13.25,2.6,2.59,2.59,2.61
2011-11-25 00:00:00+00:00,158.2,175.2,0.0,19460.86,14.9,0.17,2.29,11092.9,0.2,749937.0,2205222.0,14.86,7.547,0.2,13.25,2.6,2.59,2.59,2.6
2011-11-28 00:00:00+00:00,158.5,175.54,0.0,19498.35,14.9,0.17,2.29,15560.2,0.2,749937.0,2205222.0,14.89,7.547,0.2,13.25,2.61,2.6,2.59,2.61
2011-11-29 00:00:00+00:00,159.8,176.89,0.0,19648.34,15.0,0.17,2.31,17026.7,0.2,749937.0,2205222.0,15.0,7.547,0.2,13.25,2.62,2.61,2.6,2.63
2011-11-30 00:00:00+00:00,158.8,175.88,0.0,19535.84,14.9,0.17,2.3,16016.7,0.2,749937.0,2205222.0,14.91,7.547,0.2,13.25,2.61,2.6,2.6,2.63
2011-12-01 00:00:00+00:00,159.5,176.55,0.0,19610.84,15.0,0.17,2.31,12748.7,0.2,749937.0,2205222.0,14.97,7.547,0.2,13.25,2.62,2.61,2.6,2.63
2011-12-02 00:00:00+00:00,161.3,178.58,0.0,19835.82,15.2,0.17,2.33,14760.7,0.2,749937.0,2205222.0,15.14,7.547,0.2,13.25,2.65,2.64,2.61,2.65
2011-12-05 00:00:00+00:00,163.4,180.94,0.0,20098.29,15.4,0.17,2.36,20470.5,0.2,749937.0,2205222.0,15.34,7.547,0.2,13.25,2.68,2.68,2.63,2.68
2011-12-06 00:00:00+00:00,163.4,180.94,0.0,20098.29,15.4,0.17,2.36,27269.6,0.2,749937.0,2205222.0,15.34,7.547,0.2,13.25,2.69,2.68,2.67,2.7
2011-12-07 00:00:00+00:00,164.9,182.63,0.0,20285.78,15.5,0.17,2.39,11229.7,0.2,749937.0,2205222.0,15.49,7.547,0.2,13.25,2.7,2.7,2.67,2.7
2011-12-08 00:00:00+00:00,165.5,183.31,0.0,20360.78,15.6,0.17,2.39,20663.6,0.2,749937.0,2205222.0,15.54,7.547,0.2,13.25,2.72,2.71,2.7,2.73
2011-12-09 00:00:00+00:00,166.5,184.32,0.0,20473.26,15.6,0.17,2.41,6974.0,0.2,749937.0,2205222.0,15.63,7.547,0.2,13.25,2.73,2.72,2.71,2.74
2011-12-12 00:00:00+00:00,164.9,182.63,0.0,20285.78,15.5,0.17,2.39,13163.0,0.2,749937.0,2205222.0,15.49,7.547,0.2,13.25,2.71,2.7,2.7,2.74
2011-12-13 00:00:00+00:00,163.7,181.28,0.0,20135.79,15.4,0.17,2.37,9921.8,0.2,749937.0,2205222.0,15.37,7.547,0.2,13.25,2.69,2.68,2.68,2.7
2011-12-14 00:00:00+00:00,165.5,183.31,0.0,20360.78,15.6,0.17,2.39,11679.2,0.2,749937.0,2205222.0,15.54,7.547,0.2,13.25,2.72,2.71,2.68,2.71
2011-12-15 00:00:00+00:00,165.9,183.64,0.0,20398.27,15.6,0.17,2.4,13342.9,0.2,749937.0,2205222.0,15.57,7.435,0.2,13.45,2.72,2.72,2.69,2.72
2011-12-16 00:00:00+00:00,165.9,183.64,0.0,20398.27,15.6,0.17,2.4,,0.2,749937.0,2205222.0,15.57,7.435,0.2,13.45,,,,
2011-12-19 00:00:00+00:00,165.5,183.31,0.0,20360.78,15.6,0.17,2.39,8370.6,0.2,749937.0,2205222.0,15.54,7.435,0.2,13.45,2.72,2.71,2.71,2.72
2011-12-20 00:00:00+00:00,168.0,186.01,0.0,20660.75,15.8,0.17,2.43,32166.6,0.2,749937.0,2205222.0,15.77,7.435,0.2,13.45,2.75,2.75,2.71,2.78
2011-12-21 00:00:00+00:00,169.5,187.69,0.0,20848.23,15.9,0.17,2.45,22028.0,0.2,749937.0,2205222.0,15.92,7.435,0.2,13.45,2.78,2.78,2.75,2.81
2011-12-22 00:00:00+00:00,170.1,188.37,0.0,20923.23,16.0,0.17,2.46,15262.3,0.2,749937.0,2205222.0,15.97,7.435,0.2,13.45,2.8,2.79,2.71,2.8
2011-12-23 00:00:00+00:00,171.3,189.72,0.0,21073.21,16.1,0.17,2.48,23662.1,0.2,749937.0,2205222.0,16.09,7.435,0.2,13.45,2.81,2.8,2.8,2.85
2011-12-26 00:00:00+00:00,171.0,189.38,0.0,21035.71,16.1,0.17,2.47,8046.4,0.2,749937.0,2205222.0,16.06,7.435,0.2,13.45,2.81,2.8,2.79,2.81
2011-12-27 00:00:00+00:00,171.0,189.38,0.0,21035.71,16.1,0.17,2.47,4537.2,0.2,749937.0,2205222.0,16.06,7.435,0.2,13.45,2.81,2.8,2.8,2.82
2011-12-28 00:00:00+00:00,170.7,189.04,0.0,20998.23,16.0,0.17,2.47,7138.6,0.2,749937.0,2205222.0,16.03,7.435,0.2,13.45,2.8,2.8,2.79,2.81
2011-12-29 00:00:00+00:00,169.8,188.03,0.0,20885.73,16.0,0.17,2.46,9904.2,0.2,749937.0,2205222.0,15.95,7.435,0.2,13.45,2.78,2.78,2.78,2.81
2011-12-30 00:00:00+00:00,169.8,188.03,0.0,20885.73,16.0,0.17,2.46,,0.2,749937.0,2205222.0,15.95,7.435,0.2,13.45,,,,
2012-01-02 00:00:00+00:00,168.9,187.02,0.0,20773.24,15.9,0.17,2.16,6660.0,0.2,749937.0,2497325.0,14.19,7.435,0.2,13.45,2.77,2.77,2.75,2.8
2012-01-03 00:00:00+00:00,169.5,187.69,0.0,20848.23,15.9,0.17,2.17,7838.2,0.2,749937.0,2497325.0,14.24,7.435,0.2,13.45,2.78,2.77,2.76,2.79
2012-01-04 00:00:00+00:00,169.2,187.36,0.0,20810.74,15.9,0.17,2.17,38268.1,0.2,749937.0,2497325.0,14.22,7.435,0.2,13.45,2.78,2.77,2.77,2.78
2012-01-05 00:00:00+00:00,169.8,188.03,0.0,20885.73,16.0,0.17,2.18,7183.1,0.2,749937.0,2497325.0,14.27,7.435,0.2,13.45,2.79,2.78,2.77,2.78
2012-01-06 00:00:00+00:00,169.5,187.69,0.0,20848.23,15.9,0.17,2.17,4352.6,0.2,749937.0,2497325.0,14.24,7.435,0.2,13.45,2.78,2.78,2.78,2.8
2012-01-09 00:00:00+00:00,168.0,186.01,0.0,20660.75,15.8,0.17,2.15,14839.3,0.2,749937.0,2497325.0,14.11,7.435,0.2,13.45,2.76,2.75,2.72,2.78
2012-01-10 00:00:00+00:00,163.7,181.28,0.0,20135.79,15.4,0.17,2.1,15971.8,0.2,749937.0,2497325.0,13.75,7.435,0.2,13.45,2.69,2.68,2.66,2.74
2012-01-11 00:00:00+00:00,164.0,181.62,0.0,20173.29,15.4,0.17,2.1,9430.7,0.2,749937.0,2497325.0,13.78,7.435,0.2,13.45,2.69,2.69,2.68,2.72
2012-01-12 00:00:00+00:00,163.7,181.28,0.0,20135.79,15.4,0.17,2.1,5051.2,0.2,749937.0,2497325.0,13.75,7.435,0.2,13.45,2.68,2.68,2.67,2.69
2012-01-13 00:00:00+00:00,159.8,176.89,0.0,19648.34,15.0,0.17,2.05,14805.4,0.2,749937.0,2497325.0,13.42,7.435,0.2,13.45,2.63,2.62,2.61,2.68
2012-01-16 00:00:00+00:00,160.4,177.57,0.0,19723.32,15.1,0.17,2.06,13833.2,0.2,749937.0,2497325.0,13.47,7.435,0.2,13.45,2.63,2.63,2.6,2.63
2012-01-17 00:00:00+00:00,159.5,176.55,0.0,19610.84,15.0,0.17,2.04,8161.9,0.2,749937.0,2497325.0,13.4,7.435,0.2,13.45,2.61,2.61,2.6,2.62
2012-01-18 00:00:00+00:00,159.8,176.89,0.0,19648.34,15.0,0.17,2.05,7600.6,0.2,749937.0,2497325.0,13.42,7.435,0.2,13.45,2.63,2.62,2.6,2.63
2012-01-19 00:00:00+00:00,156.1,172.84,0.0,19198.37,14.7,0.17,2.0,15591.1,0.2,749937.0,2497325.0,13.11,7.634,0.2,13.1,2.56,2.56,2.54,2.63
2012-01-20 00:00:00+00:00,150.9,167.03,0.0,18553.43,14.2,0.17,1.93,19969.7,0.2,749937.0,2497325.0,12.67,7.634,0.2,13.1,2.47,2.47,2.41,2.58
2012-01-23 00:00:00+00:00,148.2,164.06,0.0,18223.45,13.9,0.17,1.9,12542.7,0.2,749937.0,2497325.0,12.45,7.634,0.2,13.1,2.43,2.43,2.43,2.5
2012-01-24 00:00:00+00:00,146.2,161.9,0.0,17983.48,13.7,0.17,1.87,18607.8,0.2,749937.0,2497325.0,12.28,7.634,0.2,13.1,2.4,2.4,2.38,2.44
2012-01-25 00:00:00+00:00,146.6,162.38,0.0,18035.97,13.8,0.17,1.88,16595.7,0.2,749937.0,2497325.0,12.32,7.634,0.2,13.1,2.41,2.4,2.39,2.41
2012-01-26 00:00:00+00:00,148.8,164.74,0.0,18298.45,14.0,0.17,1.91,12884.0,0.2,749937.0,2497325.0,12.5,7.634,0.2,13.1,2.44,2.44,2.4,2.45
2012-01-27 00:00:00+00:00,147.1,162.85,0.0,18088.47,13.8,0.17,1.89,13638.5,0.2,749937.0,2497325.0,12.36,7.634,0.2,13.1,2.41,2.41,2.4,2.45
2012-01-30 00:00:00+00:00,151.2,167.44,2.02,18598.42,13.2,0.19,1.94,21084.1,0.2,749937.0,2497325.0,12.7,7.634,0.2,13.1,2.48,2.48,2.32,2.48
2012-01-31 00:00:00+00:00,156.1,172.84,1.95,19198.37,13.6,0.19,2.0,20483.2,0.2,749937.0,2497325.0,13.11,7.634,0.2,13.1,2.56,2.56,2.46,2.57
2012-02-01 00:00:00+00:00,159.1,176.22,1.92,19573.34,13.9,0.19,2.04,36722.8,0.2,749937.0,2497325.0,13.37,7.634,0.2,13.1,2.61,2.61,2.55,2.63
2012-02-02 00:00:00+00:00,164.6,182.29,1.85,20248.29,14.4,0.19,2.11,34166.9,0.2,749937.0,2497325.0,13.83,7.634,0.2,13.1,2.71,2.7,2.6,2.73
2012-02-03 00:00:00+00:00,164.3,181.96,1.86,20210.79,14.4,0.19,2.11,31274.1,0.2,749937.0,2497325.0,13.81,7.634,0.2,13.1,2.69,2.69,2.65,2.78
2012-02-06 00:00:00+00:00,164.6,182.29,1.85,20248.29,14.4,0.19,2.11,14907.2,0.2,749937.0,2497325.0,13.83,7.634,0.2,13.1,2.7,2.68,2.65,2.7
2012-02-07 00:00:00+00:00,164.6,182.29,1.85,20248.29,14.4,0.19,2.11,12812.0,0.2,749937.0,2497325.0,13.83,7.634,0.2,13.1,2.7,2.7,2.67,2.7
2012-02-08 00:00:00+00:00,165.2,182.97,1.85,20323.28,14.4,0.19,2.12,17827.6,0.2,749937.0,2497325.0,13.88,7.634,0.2,13.1,2.72,2.71,2.68,2.71
2012-02-09 00:00:00+00:00,165.9,183.64,1.84,20398.27,14.5,0.19,2.13,11965.1,0.2,749937.0,2497325.0,13.93,7.634,0.2,13.1,2.72,2.72,2.69,2.73
2012-02-10 00:00:00+00:00,165.9,183.64,1.84,20398.27,14.5,0.19,2.13,90252.0,0.2,749937.0,2497325.0,13.93,7.634,0.2,13.1,2.72,2.72,2.69,2.72
2012-02-13 00:00:00+00:00,164.9,182.63,1.85,20285.78,14.4,0.19,2.11,128952.6,0.2,749937.0,2497325.0,13.86,7.634,0.2,13.1,2.7,2.7,2.69,2.71
2012-02-14 00:00:00+00:00,164.9,182.63,1.85,20285.78,14.4,0.19,2.11,,0.2,749937.0,2497325.0,13.86,7.634,0.2,13.1,,,,
2012-02-15 00:00:00+00:00,163.1,180.61,1.87,20060.8,14.2,0.19,2.09,9701.4,0.2,749937.0,2497325.0,13.7,7.634,0.2,13.1,2.68,2.67,2.67,2.7
2012-02-16 00:00:00+00:00,159.8,176.89,1.91,19648.34,14.0,0.19,2.05,15980.9,0.2,749937.0,2497325.0,13.42,7.407,0.2,13.5,2.63,2.62,2.62,2.67
2012-02-17 00:00:00+00:00,160.7,177.9,1.9,19760.82,14.0,0.19,2.06,6971.8,0.2,749937.0,2497325.0,13.5,7.407,0.2,13.5,2.64,2.63,2.6,2.64
2012-02-20 00:00:00+00:00,160.1,177.23,1.9,19685.84,14.0,0.19,2.05,7262.3,0.2,749937.0,2497325.0,13.45,7.407,0.2,13.5,2.63,2.63,2.61,2.64
2012-02-21 00:00:00+00:00,160.1,177.23,1.9,19685.84,14.0,0.19,2.05,4742.5,0.2,749937.0,2497325.0,13.45,7.407,0.2,13.5,2.63,2.61,2.61,2.64
2012-02-22 00:00:00+00:00,161.9,179.25,1.88,19910.81,14.1,0.19,2.08,8247.3,0.2,749937.0,2497325.0,13.6,7.407,0.2,13.5,2.65,2.65,2.61,2.66
2012-02-23 00:00:00+00:00,163.1,180.61,1.87,20060.8,14.2,0.19,2.09,12133.3,0.2,749937.0,2497325.0,13.7,7.407,0.2,13.5,2.67,2.67,2.65,2.69
2012-02-24 00:00:00+00:00,164.0,181.62,1.86,20173.29,14.3,0.19,2.1,5458.5,0.2,749937.0,2497325.0,13.78,7.407,0.2,13.5,2.69,2.68,2.67,2.7
2012-02-27 00:00:00+00:00,163.4,180.94,1.87,20098.29,14.3,0.19,2.09,5506.2,0.2,749937.0,2497325.0,13.73,7.407,0.2,13.5,2.68,2.67,2.65,2.68
2012-02-28 00:00:00+00:00,162.5,179.93,1.88,19985.81,14.2,0.19,2.08,3836.8,0.2,749937.0,2497325.0,13.65,7.407,0.2,13.5,2.66,2.66,2.65,2.67
2012-02-29 00:00:00+00:00,162.8,180.27,1.87,20023.31,14.2,0.19,2.09,5660.0,0.2,749937.0,2497325.0,13.68,7.407,0.2,13.5,2.67,2.66,2.65,2.67
2012-03-01 00:00:00+00:00,161.6,178.92,1.89,19873.32,14.1,0.19,2.07,7236.9,0.2,749937.0,2497325.0,13.58,7.407,0.2,13.5,2.65,2.64,2.61,2.66
2012-03-02 00:00:00+00:00,161.6,178.92,1.89,19873.32,14.1,0.19,2.07,,0.2,749937.0,2497325.0,13.58,7.407,0.2,13.5,,,,
2012-03-05 00:00:00+00:00,161.9,179.25,1.88,19910.81,14.1,0.19,2.08,8858.1,0.2,749937.0,2497325.0,13.6,7.407,0.2,13.5,2.66,2.65,2.63,2.66
2012-03-06 00:00:00+00:00,161.9,179.25,1.88,19910.81,14.1,0.19,2.08,,0.2,749937.0,2497325.0,13.6,7.407,0.2,13.5,2.67,2.63,,
2012-03-07 00:00:00+00:00,158.8,179.25,1.92,19535.84,13.9,0.19,2.04,18070.1,0.2,749937.0,2497325.0,13.34,7.407,0.2,13.5,2.61,2.6,2.55,2.61
2012-03-08 00:00:00+00:00,161.3,182.01,1.89,19835.82,14.1,0.19,2.07,10925.9,0.2,749937.0,2497325.0,13.55,7.407,0.2,13.5,2.65,2.64,2.57,2.65
2012-03-09 00:00:00+00:00,162.5,183.38,1.88,19985.81,14.2,0.19,2.08,10807.3,0.2,749937.0,2497325.0,13.65,7.407,0.2,13.5,2.67,2.66,2.65,2.69
2012-03-12 00:00:00+00:00,161.3,182.01,1.89,19835.82,14.1,0.19,2.07,5001.3,0.2,749937.0,2497325.0,13.55,7.407,0.2,13.5,2.65,2.64,2.63,2.67
2012-03-13 00:00:00+00:00,161.6,182.35,1.89,19873.32,14.1,0.19,2.07,1480.4,0.2,749937.0,2497325.0,13.58,7.407,0.2,13.5,2.65,2.64,2.63,2.65
2012-03-14 00:00:00+00:00,161.6,182.35,1.89,19873.32,14.1,0.19,2.07,7734.3,0.2,749937.0,2497325.0,13.58,7.407,0.2,13.5,2.65,2.65,2.64,2.66
2012-03-15 00:00:00+00:00,162.5,183.38,1.88,19985.81,14.2,0.19,2.08,7849.5,0.2,749937.0,2497325.0,13.65,7.547,0.2,13.25,2.67,2.66,2.64,2.66
2012-03-16 00:00:00+00:00,162.2,183.04,1.88,19948.31,14.2,0.19,2.08,3813.2,0.2,749937.0,2497325.0,13.63,7.547,0.2,13.25,2.66,2.66,2.64,2.66
2012-03-19 00:00:00+00:00,163.1,184.07,1.87,20060.8,14.2,0.19,2.09,6666.3,0.2,749937.0,2497325.0,13.7,7.547,0.2,13.25,2.67,2.66,2.64,2.69
2012-03-20 00:00:00+00:00,164.0,185.1,1.86,20173.29,14.3,0.19,2.1,10610.3,0.2,749937.0,2497325.0,13.78,7.547,0.2,13.25,2.69,2.68,2.67,2.7
2012-03-21 00:00:00+00:00,164.0,185.1,1.86,20173.29,14.3,0.19,2.1,8136.7,0.2,749937.0,2497325.0,13.78,7.547,0.2,13.25,2.69,2.68,2.68,2.7
2012-03-22 00:00:00+00:00,165.9,187.17,1.84,20398.27,14.5,0.19,2.13,14231.3,0.2,749937.0,2497325.0,13.93,7.547,0.2,13.25,2.72,2.71,2.68,2.72
2012-03-23 00:00:00+00:00,166.2,187.51,1.83,20435.77,14.5,0.19,2.13,8002.3,0.2,749937.0,2497325.0,13.96,7.547,0.2,13.25,2.72,2.72,2.71,2.74
2012-03-26 00:00:00+00:00,168.6,190.26,1.81,20735.75,14.7,0.19,2.16,18181.2,0.2,749937.0,2497325.0,14.16,7.547,0.2,13.25,2.77,2.76,2.72,2.77
2012-03-27 00:00:00+00:00,169.8,191.64,1.8,20885.73,14.8,0.19,2.18,14874.1,0.2,749937.0,2497325.0,14.27,7.547,0.2,13.25,2.79,2.78,2.77,2.8
2012-03-28 00:00:00+00:00,169.2,190.95,1.8,20810.74,14.8,0.19,2.17,8292.3,0.2,749937.0,2497325.0,14.22,7.547,0.2,13.25,2.77,2.77,2.77,2.8
2012-03-29 00:00:00+00:00,168.0,189.58,1.81,20660.75,14.7,0.19,2.15,9236.8,0.2,749937.0,2497325.0,14.11,7.547,0.2,13.25,2.76,2.75,2.73,2.77
2012-03-30 00:00:00+00:00,169.6,191.37,1.8,20855.74,14.8,0.19,2.17,13250.4,0.2,749937.0,2497325.0,14.25,7.547,0.2,13.25,2.76,2.76,2.75,2.8
2012-04-02 00:00:00+00:00,169.2,190.95,1.8,20812.5,14.8,0.19,2.17,7553.8,0.2,750000.0,2497325.0,14.22,7.547,0.2,13.25,2.77,2.76,2.75,2.78
2012-04-03 00:00:00+00:00,168.3,189.92,1.81,20699.99,14.7,0.19,2.16,19141.7,0.2,750000.0,2497325.0,14.14,7.547,0.2,13.25,2.77,2.76,2.75,2.78
2012-04-04 00:00:00+00:00,168.9,190.61,1.81,20775.0,14.7,0.19,2.16,8142.6,0.2,750000.0,2497325.0,14.19,7.547,0.2,13.25,2.77,2.76,2.75,2.78
2012-04-05 00:00:00+00:00,168.0,189.58,1.81,20662.49,14.7,0.19,2.15,7026.8,0.2,750000.0,2497325.0,14.11,7.547,0.2,13.25,2.75,2.75,2.74,2.77
2012-04-06 00:00:00+00:00,166.8,188.2,1.83,20512.49,14.6,0.19,2.14,5038.0,0.2,750000.0,2497325.0,14.01,7.547,0.2,13.25,2.73,2.73,2.73,2.75
2012-04-09 00:00:00+00:00,165.9,187.17,1.84,20400.0,14.5,0.19,2.13,4571.0,0.2,750000.0,2497325.0,13.93,7.547,0.2,13.25,2.72,2.71,2.71,2.73
2012-04-10 00:00:00+00:00,166.5,187.86,1.83,20474.99,14.5,0.19,2.13,5293.4,0.2,750000.0,2497325.0,13.98,7.547,0.2,13.25,2.73,2.72,2.7,2.73
2012-04-11 00:00:00+00:00,165.2,186.48,1.85,20324.99,14.4,0.19,2.12,4403.8,0.2,750000.0,2497325.0,13.88,7.547,0.2,13.25,2.71,2.7,2.7,2.72
2012-04-12 00:00:00+00:00,166.8,188.2,1.83,20512.49,14.6,0.19,2.14,6791.6,0.2,750000.0,2497325.0,14.01,7.547,0.2,13.25,2.74,2.73,2.7,2.74
2012-04-13 00:00:00+00:00,165.9,187.17,1.84,20400.0,14.5,0.19,2.13,4388.8,0.2,750000.0,2497325.0,13.93,7.547,0.2,13.25,2.72,2.71,2.7,2.72
2012-04-16 00:00:00+00:00,164.6,185.79,1.85,20250.0,14.4,0.19,2.11,9341.9,0.2,750000.0,2497325.0,13.83,7.547,0.2,13.25,2.7,2.69,2.7,2.72
2012-04-17 00:00:00+00:00,164.6,185.79,1.85,20250.0,14.4,0.19,2.11,9795.9,0.2,750000.0,2497325.0,13.83,7.547,0.2,13.25,2.7,2.7,2.69,2.71
2012-04-18 00:00:00+00:00,163.7,184.76,1.86,20137.49,14.3,0.19,2.1,7266.6,0.2,750000.0,2497325.0,13.75,7.547,0.2,13.25,2.69,2.68,2.68,2.7
2012-04-19 00:00:00+00:00,163.7,184.76,1.86,20137.49,14.3,0.19,2.1,8140.9,0.2,750000.0,2497325.0,13.75,7.407,0.2,13.5,2.69,2.68,2.68,2.69
2012-04-20 00:00:00+00:00,164.3,185.45,1.86,20212.49,14.4,0.19,2.11,8235.7,0.2,750000.0,2497325.0,13.81,7.407,0.2,13.5,2.7,2.69,2.67,2.71
2012-04-23 00:00:00+00:00,164.3,185.45,1.86,20212.49,14.4,0.19,2.11,13910.4,0.2,750000.0,2497325.0,13.81,7.407,0.2,13.5,2.7,2.69,2.69,2.73
2012-04-24 00:00:00+00:00,164.3,185.45,1.86,20212.49,14.4,0.19,2.11,8610.0,0.2,750000.0,2497325.0,13.81,7.407,0.2,13.5,2.7,2.69,2.67,2.71
2012-04-25 00:00:00+00:00,164.0,185.1,1.86,20174.99,14.1,0.19,2.1,16369.4,0.2,750000.0,2497325.0,13.78,7.407,0.2,13.5,2.69,2.68,2.64,2.7
2012-04-26 00:00:00+00:00,164.0,185.1,1.86,20174.99,14.1,0.19,2.1,6112.1,0.2,750000.0,2497325.0,13.78,7.407,0.2,13.5,2.69,2.68,2.65,2.69
2012-04-27 00:00:00+00:00,162.8,183.73,1.87,20024.99,14.0,0.19,2.09,4256.9,0.2,750000.0,2497325.0,13.68,7.407,0.2,13.5,2.68,2.67,2.65,2.69
2012-04-30 00:00:00+00:00,163.1,184.07,1.87,20062.5,14.0,0.19,2.09,126463.5,0.2,750000.0,2497325.0,13.7,7.407,0.2,13.5,2.68,2.67,2.66,2.7
2012-05-01 00:00:00+00:00,163.1,184.07,1.87,20062.5,14.0,0.19,2.09,6789.4,0.2,750000.0,2497325.0,13.7,7.407,0.2,13.5,2.68,2.67,2.66,2.68
2012-05-02 00:00:00+00:00,163.4,184.42,1.87,20099.99,14.0,0.19,2.09,5223.0,0.2,750000.0,2497325.0,13.73,7.407,0.2,13.5,2.68,2.67,2.67,2.69
2012-05-03 00:00:00+00:00,162.8,183.73,1.87,20024.99,14.0,0.19,2.09,4908.7,0.2,750000.0,2497325.0,13.68,7.407,0.2,13.5,2.68,2.67,2.66,2.68
2012-05-04 00:00:00+00:00,164.9,186.14,1.85,20287.49,14.2,0.19,2.11,15087.0,0.2,750000.0,2497325.0,13.86,7.407,0.2,13.5,2.71,2.7,2.66,2.71
2012-05-07 00:00:00+00:00,165.2,186.48,1.85,20324.99,14.2,0.19,2.12,20481.9,0.2,750000.0,2497325.0,13.88,7.407,0.2,13.5,2.71,2.71,2.7,2.75
2012-05-08 00:00:00+00:00,165.5,186.82,1.84,20362.49,14.2,0.19,2.12,6760.7,0.2,750000.0,2497325.0,13.91,7.407,0.2,13.5,2.72,2.71,2.7,2.72
2012-05-09 00:00:00+00:00,163.4,184.42,1.87,20099.99,14.0,0.19,2.09,11435.6,0.2,750000.0,2497325.0,13.73,7.407,0.2,13.5,2.69,2.68,2.68,2.71
2012-05-10 00:00:00+00:00,164.0,185.1,1.86,20174.99,14.1,0.19,2.1,4083.5,0.2,750000.0,2497325.0,13.78,7.407,0.2,13.5,2.69,2.69,2.67,2.69
2012-05-11 00:00:00+00:00,164.0,185.1,1.86,20174.99,14.1,0.19,2.1,8139.5,0.2,750000.0,2497325.0,13.78,7.407,0.2,13.5,2.69,2.68,2.66,2.69
2012-05-14 00:00:00+00:00,163.1,184.07,1.87,20062.5,14.0,0.19,2.09,13551.9,0.2,750000.0,2497325.0,13.7,7.407,0.2,13.5,2.67,2.67,2.67,2.69
2012-05-15 00:00:00+00:00,163.4,184.42,1.87,20099.99,14.0,0.19,2.09,27010.3,0.2,750000.0,2497325.0,13.73,7.407,0.2,13.5,2.68,2.68,2.64,2.7
2012-05-16 00:00:00+00:00,163.7,184.76,1.86,20137.49,14.1,0.19,2.1,11028.2,0.2,750000.0,2497325.0,13.75,7.407,0.2,13.5,2.68,2.67,2.66,2.68
2012-05-17 00:00:00+00:00,162.8,183.73,1.87,20024.99,14.0,0.19,2.09,10773.2,0.2,750000.0,2497325.0,13.68,7.463,0.2,13.4,2.67,2.67,2.66,2.7
2012-05-18 00:00:00+00:00,161.6,182.35,1.89,19875.0,13.9,0.19,2.07,8769.9,0.2,750000.0,2497325.0,13.58,7.463,0.2,13.4,2.65,2.65,2.64,2.67
2012-05-21 00:00:00+00:00,162.5,183.38,1.88,19987.49,14.0,0.19,2.08,7127.6,0.2,750000.0,2497325.0,13.65,7.463,0.2,13.4,2.67,2.66,2.64,2.67
2012-05-22 00:00:00+00:00,163.7,184.76,1.86,20137.49,14.1,0.19,2.1,6115.0,0.2,750000.0,2497325.0,13.75,7.463,0.2,13.4,2.69,2.68,2.65,2.68
2012-05-23 00:00:00+00:00,163.7,184.76,1.86,20137.49,14.1,0.19,2.1,5830.6,0.2,750000.0,2497325.0,13.75,7.463,0.2,13.4,2.69,2.68,2.66,2.69
2012-05-24 00:00:00+00:00,164.0,185.1,1.86,20174.99,14.1,0.19,2.1,6364.2,0.2,750000.0,2497325.0,13.78,7.463,0.2,13.4,2.69,2.69,2.67,2.7
2012-05-25 00:00:00+00:00,164.6,185.79,1.85,20250.0,14.1,0.19,2.11,8934.7,0.2,750000.0,2497325.0,13.83,7.463,0.2,13.4,2.7,2.69,2.69,2.7
2012-05-28 00:00:00+00:00,163.7,184.76,1.86,20137.49,14.1,0.19,2.1,9169.3,0.2,750000.0,2497325.0,13.75,7.463,0.2,13.4,2.68,2.68,2.68,2.7
2012-05-29 00:00:00+00:00,163.4,184.42,1.87,20099.99,14.0,0.19,2.09,3917.1,0.2,750000.0,2497325.0,13.73,7.463,0.2,13.4,2.68,2.67,2.67,2.69
2012-05-30 00:00:00+00:00,163.7,184.76,1.86,20137.49,14.1,0.19,2.1,1868.7,0.2,750000.0,2497325.0,13.75,7.463,0.2,13.4,2.68,2.68,2.67,2.69
2012-05-31 00:00:00+00:00,162.8,183.73,1.87,20024.99,14.0,0.19,2.09,2055.4,0.2,750000.0,2497325.0,13.68,7.463,0.2,13.4,2.68,2.67,2.67,2.69
2012-06-01 00:00:00+00:00,162.5,183.38,1.88,19987.49,14.0,0.19,2.08,5194.3,0.2,750000.0,2497325.0,13.65,7.463,0.2,13.4,2.66,2.66,2.65,2.67
2012-06-04 00:00:00+00:00,163.7,184.76,1.86,20137.49,14.1,0.19,2.1,5556.6,0.2,750000.0,2497325.0,13.75,7.463,0.2,13.4,2.69,2.68,2.65,2.7
2012-06-05 00:00:00+00:00,164.6,185.79,1.85,20250.0,14.1,0.19,2.11,12595.1,0.2,750000.0,2497325.0,13.83,7.463,0.2,13.4,2.7,2.7,2.69,2.73
2012-06-06 00:00:00+00:00,165.2,186.48,1.85,20324.99,14.2,0.19,2.12,7124.4,0.2,750000.0,2497325.0,13.88,7.463,0.2,13.4,2.71,2.71,2.69,2.71
2012-06-07 00:00:00+00:00,164.6,185.79,1.85,20250.0,14.1,0.19,2.11,3868.7,0.2,750000.0,2497325.0,13.83,7.463,0.2,13.4,2.7,2.7,2.69,2.71
2012-06-08 00:00:00+00:00,164.6,185.79,1.85,20250.0,14.1,0.19,2.11,5451.9,0.2,750000.0,2497325.0,13.83,7.463,0.2,13.4,2.7,2.7,2.67,2.7
2012-06-11 00:00:00+00:00,164.9,186.14,1.85,20287.49,14.2,0.19,2.11,4548.0,0.2,750000.0,2497325.0,13.86,7.463,0.2,13.4,2.71,2.7,2.69,2.71
2012-06-12 00:00:00+00:00,164.3,185.45,1.86,20212.49,14.1,0.19,2.11,3602.6,0.2,750000.0,2497325.0,13.81,7.463,0.2,13.4,2.7,2.69,2.69,2.7
2012-06-13 00:00:00+00:00,164.3,185.45,1.86,20212.49,14.1,0.19,2.11,3560.1,0.2,750000.0,2497325.0,13.81,7.463,0.2,13.4,2.7,2.69,2.68,2.7
2012-06-14 00:00:00+00:00,164.6,185.79,1.85,20250.0,14.1,0.19,2.11,4907.5,0.2,750000.0,2497325.0,13.83,7.407,0.2,13.5,2.7,2.7,2.68,2.7
2012-06-15 00:00:00+00:00,164.0,185.1,1.86,20174.99,14.1,0.19,2.1,3334.3,0.2,750000.0,2497325.0,13.78,7.407,0.2,13.5,2.69,2.69,2.69,2.71
2012-06-18 00:00:00+00:00,164.6,185.79,1.85,20250.0,14.1,0.19,2.11,2443.8,0.2,750000.0,2497325.0,13.83,7.407,0.2,13.5,2.7,2.7,2.69,2.7
2012-06-19 00:00:00+00:00,165.5,186.82,1.84,20362.49,14.2,0.19,2.12,5576.0,0.2,750000.0,2497325.0,13.91,7.407,0.2,13.5,2.71,2.7,2.69,2.71
2012-06-20 00:00:00+00:00,164.6,185.79,1.85,20250.0,14.1,0.19,2.11,2858.6,0.2,750000.0,2497325.0,13.83,7.407,0.2,13.5,2.71,2.7,2.69,2.71
2012-06-21 00:00:00+00:00,164.0,185.1,1.86,20174.99,14.1,0.19,2.1,2995.6,0.2,750000.0,2497325.0,13.78,7.407,0.2,13.5,2.7,2.69,2.69,2.7
2012-06-22 00:00:00+00:00,164.6,185.79,1.85,20250.0,14.1,0.19,2.11,7066.4,0.2,750000.0,2497325.0,13.83,7.407,0.2,13.5,2.7,2.7,2.68,2.7
2012-06-25 00:00:00+00:00,164.6,185.79,1.85,20250.0,14.1,0.19,2.11,3162.4,0.2,750000.0,2497325.0,13.83,7.407,0.2,13.5,2.7,2.7,2.69,2.7
2012-06-26 00:00:00+00:00,164.0,185.1,1.86,20174.99,14.1,0.19,2.1,4716.6,0.2,750000.0,2497325.0,13.78,7.407,0.2,13.5,2.7,2.69,2.69,2.7
2012-06-27 00:00:00+00:00,164.0,185.1,1.86,20174.99,14.1,0.19,2.1,5835.8,0.2,750000.0,2497325.0,13.78,7.407,0.2,13.5,2.69,2.69,2.68,2.7
2012-06-28 00:00:00+00:00,164.3,185.45,1.86,20212.49,14.1,0.19,2.11,2528.4,0.2,750000.0,2497325.0,13.81,7.407,0.2,13.5,2.69,2.69,2.69,2.7
2012-06-29 00:00:00+00:00,164.6,185.79,1.85,20250.0,14.1,0.19,2.11,3378.1,0.2,750000.0,2497325.0,13.83,7.407,0.2,13.5,2.7,2.7,2.69,2.7
2012-07-02 00:00:00+00:00,164.0,185.1,1.86,20174.99,14.1,0.19,2.1,2743.4,0.2,750000.0,2497325.0,13.78,7.407,0.2,13.5,2.69,2.69,2.68,2.7
2012-07-03 00:00:00+00:00,163.7,184.76,1.86,20137.49,14.1,0.19,2.1,1983.9,0.2,750000.0,2497325.0,13.75,7.407,0.2,13.5,2.69,2.68,2.68,2.69
2012-07-04 00:00:00+00:00,164.3,185.45,1.86,20212.49,14.1,0.19,2.11,2880.8,0.2,750000.0,2497325.0,13.81,7.407,0.2,13.5,2.7,2.69,2.68,2.69
2012-07-05 00:00:00+00:00,164.0,185.1,1.86,20174.99,14.1,0.19,2.1,2561.2,0.2,750000.0,2497325.0,13.78,7.407,0.2,13.5,2.69,2.69,2.68,2.7
2012-07-06 00:00:00+00:00,163.7,184.76,1.86,20137.49,14.1,0.19,2.1,3754.3,0.2,750000.0,2497325.0,13.75,7.407,0.2,13.5,2.69,2.68,2.68,2.7
2012-07-09 00:00:00+00:00,163.7,184.76,1.86,20137.49,14.1,0.19,2.1,2311.9,0.2,750000.0,2497325.0,13.75,7.407,0.2,13.5,2.69,2.68,2.68,2.69
2012-07-10 00:00:00+00:00,163.7,184.76,1.86,20137.49,14.1,0.19,2.1,3762.6,0.2,750000.0,2497325.0,13.75,7.407,0.2,13.5,2.68,2.68,2.68,2.69
2012-07-11 00:00:00+00:00,164.0,185.1,1.86,20174.99,14.1,0.19,2.1,2617.9,0.2,750000.0,2497325.0,13.78,7.407,0.2,13.5,2.69,2.69,2.68,2.69
2012-07-12 00:00:00+00:00,163.7,184.76,1.86,20137.49,14.1,0.19,2.1,4212.2,0.2,750000.0,2497325.0,13.75,7.407,0.2,13.5,2.68,2.68,2.67,2.69
2012-07-13 00:00:00+00:00,164.3,185.45,1.86,20212.49,14.1,0.19,2.11,3718.8,0.2,750000.0,2497325.0,13.81,7.407,0.2,13.5,2.69,2.69,2.68,2.69
2012-07-16 00:00:00+00:00,164.6,185.79,1.85,20250.0,14.1,0.19,2.11,5559.2,0.2,750000.0,2497325.0,13.83,7.407,0.2,13.5,2.7,2.69,2.68,2.7
2012-07-17 00:00:00+00:00,164.6,185.79,1.85,20250.0,14.1,0.19,2.11,6276.7,0.2,750000.0,2497325.0,13.83,7.407,0.2,13.5,2.7,2.7,2.69,2.7
2012-07-18 00:00:00+00:00,164.9,186.14,1.85,20287.49,14.2,0.19,2.11,3241.4,0.2,750000.0,2497325.0,13.86,7.407,0.2,13.5,2.7,2.7,2.69,2.7
2012-07-19 00:00:00+00:00,163.7,184.76,1.86,20137.49,14.1,0.19,2.1,3728.1,0.2,750000.0,2497325.0,13.75,7.407,0.2,13.5,2.69,2.68,2.68,2.69
2012-07-20 00:00:00+00:00,164.3,185.45,1.86,20212.49,14.1,0.19,2.11,2196.2,0.2,750000.0,2497325.0,13.81,7.407,0.2,13.5,2.69,2.68,2.68,2.69
2012-07-23 00:00:00+00:00,163.4,184.42,1.87,20099.99,14.0,0.19,2.09,3426.6,0.2,750000.0,2497325.0,13.73,7.407,0.2,13.5,2.68,2.68,2.68,2.69
2012-07-24 00:00:00+00:00,164.3,185.45,1.86,20212.49,14.0,0.19,2.11,3648.1,0.2,750000.0,2497325.0,13.81,7.407,0.2,13.5,2.7,2.69,2.68,2.7
2012-07-25 00:00:00+00:00,164.3,185.45,1.86,20212.49,14.0,0.19,2.11,3463.5,0.2,750000.0,2497325.0,13.81,7.407,0.2,13.5,2.7,2.69,2.69,2.7
2012-07-26 00:00:00+00:00,164.6,185.79,1.85,20250.0,14.0,0.19,2.11,4602.9,0.2,750000.0,2497325.0,13.83,7.407,0.2,13.5,2.7,2.7,2.69,2.7
2012-07-27 00:00:00+00:00,164.6,185.79,1.85,20250.0,14.0,0.19,2.11,,0.2,750000.0,2497325.0,13.83,7.407,0.2,13.5,2.7,2.68,,
2012-07-30 00:00:00+00:00,164.6,185.79,1.85,20250.0,14.0,0.19,2.11,5662.0,0.2,750000.0,2497325.0,13.83,7.407,0.2,13.5,2.71,2.7,2.69,2.71
2012-07-31 00:00:00+00:00,164.3,185.45,1.86,20212.49,14.0,0.19,2.11,3111.5,0.2,750000.0,2497325.0,13.81,7.407,0.2,13.5,2.7,2.69,2.69,2.7
2012-08-01 00:00:00+00:00,164.3,185.45,1.86,20212.49,14.0,0.19,2.11,,0.2,750000.0,2497325.0,13.81,7.407,0.2,13.5,2.7,2.69,,
2012-08-02 00:00:00+00:00,164.6,185.79,1.85,20250.0,14.0,0.19,2.11,9315.7,0.2,750000.0,2497325.0,13.83,7.407,0.2,13.5,2.71,2.7,2.7,2.72
2012-08-03 00:00:00+00:00,164.9,186.14,1.85,20287.49,14.0,0.19,2.11,2521.9,0.2,750000.0,2497325.0,13.86,7.407,0.2,13.5,2.71,2.7,2.69,2.71
2012-08-06 00:00:00+00:00,164.9,186.14,1.85,20287.49,14.0,0.19,2.11,3825.0,0.2,750000.0,2497325.0,13.86,7.407,0.2,13.5,2.71,2.7,2.7,2.72
2012-08-07 00:00:00+00:00,165.5,186.82,1.84,20362.49,14.1,0.19,2.12,2202.2,0.2,750000.0,2497325.0,13.91,7.407,0.2,13.5,2.71,2.7,2.7,2.72
2012-08-08 00:00:00+00:00,165.5,186.82,1.84,20362.49,14.1,0.19,2.12,3361.5,0.2,750000.0,2497325.0,13.91,7.407,0.2,13.5,2.72,2.71,2.7,2.72
2012-08-09 00:00:00+00:00,165.9,187.17,1.84,20400.0,14.1,0.19,2.13,3129.1,0.2,750000.0,2497325.0,13.93,7.407,0.2,13.5,2.72,2.71,2.71,2.72
2012-08-10 00:00:00+00:00,164.9,186.14,1.85,20287.49,14.0,0.19,2.11,5058.6,0.2,750000.0,2497325.0,13.86,7.407,0.2,13.5,2.71,2.7,2.7,2.72
2012-08-13 00:00:00+00:00,165.2,186.48,1.85,20324.99,14.1,0.19,2.12,4541.9,0.2,750000.0,2497325.0,13.88,7.407,0.2,13.5,2.71,2.71,2.7,2.71
2012-08-14 00:00:00+00:00,165.5,186.82,1.84,20362.49,14.1,0.19,2.12,2888.0,0.2,750000.0,2497325.0,13.91,7.407,0.2,13.5,2.72,2.71,2.7,2.72
2012-08-15 00:00:00+00:00,165.9,187.17,1.84,20400.0,14.1,0.19,2.13,2483.5,0.2,750000.0,2497325.0,13.93,7.407,0.2,13.5,2.72,2.71,2.71,2.72
2012-08-16 00:00:00+00:00,166.8,188.2,1.83,20512.49,14.2,0.19,2.14,2960.3,0.2,750000.0,2497325.0,14.01,7.353,0.2,13.6,2.73,2.73,2.71,2.73
2012-08-17 00:00:00+00:00,166.8,188.2,1.83,20512.49,14.2,0.19,2.14,,0.2,750000.0,2497325.0,14.01,7.353,0.2,13.6,,,,
2012-08-20 00:00:00+00:00,166.8,188.2,1.83,20512.49,14.2,0.19,2.14,,0.2,750000.0,2497325.0,14.01,7.353,0.2,13.6,,,,
2012-08-21 00:00:00+00:00,166.8,188.2,1.83,20512.49,14.2,0.19,2.14,,0.2,750000.0,2497325.0,14.01,7.353,0.2,13.6,,,,
2012-08-22 00:00:00+00:00,166.5,187.86,1.83,20474.99,14.2,0.19,2.13,729.6,0.2,750000.0,2497325.0,13.98,7.353,0.2,13.6,2.73,2.73,2.72,2.73
2012-08-23 00:00:00+00:00,166.8,188.2,1.83,20512.49,14.2,0.19,2.14,983.8,0.2,750000.0,2497325.0,14.01,7.353,0.2,13.6,2.74,2.73,2.71,2.73
2012-08-24 00:00:00+00:00,166.8,188.2,1.83,20512.49,14.2,0.19,2.14,2293.4,0.2,750000.0,2497325.0,14.01,7.353,0.2,13.6,2.73,2.73,2.72,2.74
2012-08-27 00:00:00+00:00,165.9,187.17,1.84,20400.0,14.1,0.19,2.13,4794.9,0.2,750000.0,2497325.0,13.93,7.353,0.2,13.6,2.72,2.72,2.71,2.73
2012-08-28 00:00:00+00:00,165.9,187.17,1.84,20400.0,14.1,0.19,2.13,2603.5,0.2,750000.0,2497325.0,13.93,7.353,0.2,13.6,2.72,2.71,2.71,2.72
2012-08-29 00:00:00+00:00,165.5,186.82,1.84,20362.49,14.1,0.19,2.12,3624.9,0.2,750000.0,2497325.0,13.91,7.353,0.2,13.6,2.72,2.71,2.71,2.72
2012-08-30 00:00:00+00:00,165.9,187.17,1.84,20400.0,14.1,0.19,2.13,3049.2,0.2,750000.0,2497325.0,13.93,7.353,0.2,13.6,2.72,2.71,2.7,2.72
2012-08-31 00:00:00+00:00,165.2,186.48,1.85,20324.99,14.1,0.19,2.12,1994.0,0.2,750000.0,2497325.0,13.88,7.353,0.2,13.6,2.71,2.7,2.7,2.72
2012-09-03 00:00:00+00:00,165.5,186.82,1.84,20362.49,14.1,0.19,2.12,4123.4,0.2,750000.0,2497325.0,13.91,7.353,0.2,13.6,2.72,2.71,2.7,2.72
2012-09-04 00:00:00+00:00,165.2,186.48,1.85,20324.99,14.1,0.19,2.12,6444.8,0.2,750000.0,2497325.0,13.88,7.353,0.2,13.6,2.71,2.71,2.7,2.72
2012-09-05 00:00:00+00:00,164.9,186.14,1.85,20287.49,14.0,0.19,2.11,3423.4,0.2,750000.0,2497325.0,13.86,7.353,0.2,13.6,2.71,2.7,2.7,2.72
2012-09-06 00:00:00+00:00,164.9,186.14,1.85,20287.49,14.0,0.19,2.11,1854.0,0.2,750000.0,2497325.0,13.86,7.353,0.2,13.6,2.71,2.7,2.7,2.71
2012-09-07 00:00:00+00:00,164.6,185.79,1.85,20250.0,14.0,0.19,2.11,4438.2,0.2,750000.0,2497325.0,13.83,7.353,0.2,13.6,2.7,2.7,2.7,2.71
2012-09-10 00:00:00+00:00,165.2,186.48,1.85,20324.99,14.1,0.19,2.12,1535.3,0.2,750000.0,2497325.0,13.88,7.353,0.2,13.6,2.71,2.71,2.7,2.71
2012-09-11 00:00:00+00:00,165.5,186.82,1.84,20362.49,14.1,0.19,2.12,2451.4,0.2,750000.0,2497325.0,13.91,7.353,0.2,13.6,2.71,2.71,2.7,2.71
2012-09-12 00:00:00+00:00,166.2,187.51,1.83,20437.5,14.1,0.19,2.13,4538.8,0.2,750000.0,2497325.0,13.96,7.353,0.2,13.6,2.72,2.72,2.7,2.72
2012-09-13 00:00:00+00:00,166.2,187.51,1.83,20437.5,14.1,0.19,2.13,3950.3,0.2,750000.0,2497325.0,13.96,7.353,0.2,13.6,2.73,2.72,2.71,2.74
2012-09-14 00:00:00+00:00,166.2,187.51,1.83,20437.5,14.1,0.19,2.13,2869.0,0.2,750000.0,2497325.0,13.96,7.353,0.2,13.6,2.73,2.72,2.72,2.73
2012-09-17 00:00:00+00:00,166.5,187.86,1.83,20474.99,14.2,0.19,2.13,2891.3,0.2,750000.0,2497325.0,13.98,7.353,0.2,13.6,2.73,2.72,2.72,2.74
2012-09-18 00:00:00+00:00,166.2,187.51,1.83,20437.5,14.1,0.19,2.13,3524.9,0.2,750000.0,2497325.0,13.96,7.353,0.2,13.6,2.72,2.72,2.72,2.73
2012-09-19 00:00:00+00:00,166.2,187.51,1.83,20437.5,14.1,0.19,2.13,2391.4,0.2,750000.0,2497325.0,13.96,7.353,0.2,13.6,2.72,2.72,2.72,2.73
2012-09-20 00:00:00+00:00,166.8,188.2,1.83,20512.49,14.2,0.19,2.14,3419.7,0.2,750000.0,2497325.0,14.01,7.326,0.2,13.65,2.73,2.71,2.71,2.73
2012-09-21 00:00:00+00:00,165.5,186.82,1.84,20362.49,14.1,0.19,2.12,2726.5,0.2,750000.0,2497325.0,13.91,7.326,0.2,13.65,2.72,2.71,2.71,2.72
2012-09-24 00:00:00+00:00,166.5,187.86,1.83,20474.99,14.2,0.19,2.13,2986.8,0.2,750000.0,2497325.0,13.98,7.326,0.2,13.65,2.73,2.72,2.71,2.73
2012-09-25 00:00:00+00:00,165.5,186.82,1.84,20362.49,14.1,0.19,2.12,5602.7,0.2,750000.0,2497325.0,13.91,7.326,0.2,13.65,2.72,2.71,2.71,2.73
2012-09-26 00:00:00+00:00,164.6,185.79,1.85,20250.0,14.0,0.19,2.11,9126.6,0.2,750000.0,2497325.0,13.83,7.326,0.2,13.65,2.7,2.7,2.69,2.71
2012-09-27 00:00:00+00:00,164.6,185.79,1.85,20250.0,14.0,0.19,2.11,3462.9,0.2,750000.0,2497325.0,13.83,7.326,0.2,13.65,2.7,2.7,2.69,2.71
2012-09-28 00:00:00+00:00,164.9,186.14,1.85,20287.49,14.0,0.19,2.11,4459.5,0.2,750000.0,2497325.0,13.86,7.326,0.2,13.65,2.7,2.7,2.69,2.71
2012-10-01 00:00:00+00:00,164.9,186.14,1.85,20287.49,14.0,0.19,2.11,3874.9,0.2,750000.0,2497325.0,13.86,7.326,0.2,13.65,2.7,2.7,2.7,2.71
2012-10-02 00:00:00+00:00,165.2,186.48,1.85,20324.99,14.1,0.19,2.12,2778.2,0.2,750000.0,2497325.0,13.88,7.326,0.2,13.65,2.71,2.7,2.69,2.71
2012-10-03 00:00:00+00:00,164.6,185.79,1.85,20250.0,14.0,0.19,2.11,3843.7,0.2,750000.0,2497325.0,13.83,7.326,0.2,13.65,2.7,2.7,2.69,2.71
2012-10-04 00:00:00+00:00,164.3,185.45,1.86,20212.49,14.0,0.19,2.11,8635.5,0.2,750000.0,2497325.0,13.81,7.326,0.2,13.65,2.7,2.69,2.69,2.7
2012-10-05 00:00:00+00:00,164.3,185.45,1.86,20212.49,14.0,0.19,2.11,3277.3,0.2,750000.0,2497325.0,13.81,7.326,0.2,13.65,2.7,2.69,2.69,2.7
2012-10-08 00:00:00+00:00,164.0,185.1,1.86,20174.99,14.0,0.19,2.1,3468.1,0.2,750000.0,2497325.0,13.78,7.326,0.2,13.65,2.69,2.68,2.68,2.7
2012-10-09 00:00:00+00:00,164.6,185.79,1.85,20250.0,14.0,0.19,2.11,4174.1,0.2,750000.0,2497325.0,13.83,7.326,0.2,13.65,2.7,2.69,2.68,2.7
2012-10-10 00:00:00+00:00,164.3,185.45,1.86,20212.49,14.0,0.19,2.11,2596.7,0.2,750000.0,2497325.0,13.81,7.326,0.2,13.65,2.69,2.69,2.68,2.7
2012-10-11 00:00:00+00:00,163.7,184.76,1.86,20137.49,13.9,0.19,2.1,3011.1,0.2,750000.0,2497325.0,13.75,7.326,0.2,13.65,2.69,2.68,2.68,2.69
2012-10-12 00:00:00+00:00,163.1,184.07,1.87,20062.5,13.9,0.19,2.09,3308.5,0.2,750000.0,2497325.0,13.7,7.326,0.2,13.65,2.68,2.67,2.67,2.68
2012-10-15 00:00:00+00:00,163.1,184.07,1.87,20062.5,13.9,0.19,2.09,2920.9,0.2,750000.0,2497325.0,13.7,7.326,0.2,13.65,2.68,2.67,2.67,2.68
2012-10-16 00:00:00+00:00,162.2,183.04,1.88,19949.99,13.4,0.2,2.08,7954.5,0.2,750000.0,2497325.0,13.63,7.326,0.2,13.65,2.66,2.65,2.64,2.68
2012-10-17 00:00:00+00:00,162.5,183.38,1.88,19987.49,13.5,0.2,2.08,4756.5,0.2,750000.0,2497325.0,13.65,7.326,0.2,13.65,2.66,2.66,2.64,2.67
2012-10-18 00:00:00+00:00,161.6,182.35,1.89,19875.0,13.4,0.2,2.07,8263.0,0.2,750000.0,2497325.0,13.58,7.519,0.2,13.3,2.65,2.64,2.63,2.65
2012-10-19 00:00:00+00:00,161.0,181.66,1.89,19799.99,13.3,0.2,2.06,6968.7,0.2,750000.0,2497325.0,13.52,7.519,0.2,13.3,2.64,2.64,2.63,2.65
2012-10-22 00:00:00+00:00,160.4,180.98,1.9,19724.99,13.3,0.2,2.06,3977.3,0.2,750000.0,2497325.0,13.47,7.519,0.2,13.3,2.63,2.63,2.63,2.65
2012-10-23 00:00:00+00:00,160.7,181.32,1.9,19762.49,13.3,0.2,2.06,2970.8,0.2,750000.0,2497325.0,13.5,7.519,0.2,13.3,2.65,2.63,2.63,2.65
2012-10-24 00:00:00+00:00,161.6,182.35,1.89,19875.0,13.4,0.2,2.07,1837.5,0.2,750000.0,2497325.0,13.58,7.519,0.2,13.3,2.65,2.64,2.63,2.65
2012-10-25 00:00:00+00:00,161.6,182.35,1.89,19875.0,13.4,0.2,2.07,,0.2,750000.0,2497325.0,13.58,7.519,0.2,13.3,,,,
2012-10-26 00:00:00+00:00,161.6,182.35,1.89,19875.0,13.4,0.2,2.07,,0.2,750000.0,2497325.0,13.58,7.519,0.2,13.3,,,,
2012-10-29 00:00:00+00:00,161.6,182.35,1.89,19875.0,13.4,0.2,2.07,,0.2,750000.0,2497325.0,13.58,7.519,0.2,13.3,,,,
2012-10-30 00:00:00+00:00,160.7,181.32,1.9,19762.49,13.3,0.2,2.06,2353.8,0.2,750000.0,2497325.0,13.5,7.519,0.2,13.3,2.64,2.63,2.63,2.65
2012-10-31 00:00:00+00:00,161.0,181.66,1.89,19799.99,13.3,0.2,2.06,3524.7,0.2,750000.0,2497325.0,13.52,7.519,0.2,13.3,2.64,2.63,2.61,2.65
2012-11-01 00:00:00+00:00,162.2,183.04,1.88,19949.99,13.4,0.2,2.08,6328.7,0.2,750000.0,2497325.0,13.63,7.519,0.2,13.3,2.66,2.65,2.62,2.66
2012-11-02 00:00:00+00:00,161.6,182.35,1.89,19875.0,13.4,0.2,2.07,7613.0,0.2,750000.0,2497325.0,13.58,7.519,0.2,13.3,2.66,2.65,2.63,2.66
2012-11-05 00:00:00+00:00,161.6,182.35,1.89,19875.0,13.4,0.2,2.07,3321.1,0.2,750000.0,2497325.0,13.58,7.519,0.2,13.3,2.65,2.64,2.64,2.65
2012-11-06 00:00:00+00:00,162.5,183.38,1.88,19987.49,13.5,0.2,2.08,3477.6,0.2,750000.0,2497325.0,13.65,7.519,0.2,13.3,2.66,2.66,2.63,2.66
2012-11-07 00:00:00+00:00,161.9,182.7,1.88,19912.49,13.4,0.2,2.08,2083.0,0.2,750000.0,2497325.0,13.6,7.519,0.2,13.3,2.66,2.65,2.64,2.67
2012-11-08 00:00:00+00:00,162.2,183.04,1.88,19949.99,13.4,0.2,2.08,4578.4,0.2,750000.0,2497325.0,13.63,7.519,0.2,13.3,2.67,2.66,2.64,2.67
2012-11-09 00:00:00+00:00,161.3,182.01,1.89,19837.5,13.4,0.2,2.07,4349.1,0.2,750000.0,2497325.0,13.55,7.519,0.2,13.3,2.65,2.64,2.64,2.65
2012-11-12 00:00:00+00:00,161.9,182.7,1.88,19912.49,13.4,0.2,2.08,2946.6,0.2,750000.0,2497325.0,13.6,7.519,0.2,13.3,2.65,2.65,2.64,2.66
2012-11-13 00:00:00+00:00,161.3,182.01,1.89,19837.5,13.4,0.2,2.07,2759.9,0.2,750000.0,2497325.0,13.55,7.519,0.2,13.3,2.64,2.64,2.63,2.65
2012-11-14 00:00:00+00:00,161.6,182.35,1.89,19875.0,13.4,0.2,2.07,2169.3,0.2,750000.0,2497325.0,13.58,7.519,0.2,13.3,2.65,2.64,2.63,2.65
2012-11-15 00:00:00+00:00,161.3,182.01,1.89,19837.5,13.4,0.2,2.07,3000.2,0.2,750000.0,2497325.0,13.55,7.547,0.2,13.25,2.65,2.64,2.63,2.65
2012-11-16 00:00:00+00:00,160.1,180.63,1.9,19687.5,13.3,0.2,2.05,7077.7,0.2,750000.0,2497325.0,13.45,7.547,0.2,13.25,2.63,2.62,2.61,2.64
2012-11-19 00:00:00+00:00,159.1,179.6,1.92,19574.99,13.2,0.2,2.04,4721.8,0.2,750000.0,2497325.0,13.37,7.547,0.2,13.25,2.61,2.61,2.61,2.64
2012-11-20 00:00:00+00:00,159.8,180.29,1.91,19650.0,13.2,0.2,2.05,5130.7,0.2,750000.0,2497325.0,13.42,7.547,0.2,13.25,2.63,2.62,2.6,2.64
2012-11-21 00:00:00+00:00,160.1,180.63,1.9,19687.5,13.3,0.2,2.05,4655.7,0.2,750000.0,2497325.0,13.45,7.547,0.2,13.25,2.63,2.63,2.61,2.64
2012-11-22 00:00:00+00:00,160.7,181.32,1.9,19762.49,13.3,0.2,2.06,2849.4,0.2,750000.0,2497325.0,13.5,7.547,0.2,13.25,2.64,2.63,2.62,2.65
2012-11-23 00:00:00+00:00,161.0,181.66,1.89,19799.99,13.3,0.2,2.06,2525.6,0.2,750000.0,2497325.0,13.52,7.547,0.2,13.25,2.66,2.64,2.63,2.66
2012-11-26 00:00:00+00:00,161.3,182.01,1.89,19837.5,13.4,0.2,2.07,4172.4,0.2,750000.0,2497325.0,13.55,7.547,0.2,13.25,2.66,2.65,2.63,2.67
2012-11-27 00:00:00+00:00,160.4,180.98,1.9,19724.99,13.3,0.2,2.06,2777.7,0.2,750000.0,2497325.0,13.47,7.547,0.2,13.25,2.64,2.63,2.63,2.65
2012-11-28 00:00:00+00:00,160.7,181.32,1.9,19762.49,13.3,0.2,2.06,3939.5,0.2,750000.0,2497325.0,13.5,7.547,0.2,13.25,2.64,2.63,2.63,2.65
2012-11-29 00:00:00+00:00,160.4,180.98,1.9,19724.99,13.3,0.2,2.06,2929.1,0.2,750000.0,2497325.0,13.47,7.547,0.2,13.25,2.64,2.63,2.63,2.64
2012-11-30 00:00:00+00:00,159.8,180.29,1.91,19650.0,13.2,0.2,2.05,2265.6,0.2,750000.0,2497325.0,13.42,7.547,0.2,13.25,2.63,2.62,2.62,2.64
2012-12-03 00:00:00+00:00,159.1,179.6,1.92,19574.99,13.2,0.2,2.04,2618.0,0.2,750000.0,2497325.0,13.37,7.547,0.2,13.25,2.62,2.61,2.61,2.63
2012-12-04 00:00:00+00:00,159.5,179.94,1.91,19612.49,13.2,0.2,2.04,4669.5,0.2,750000.0,2497325.0,13.4,7.547,0.2,13.25,2.61,2.6,2.6,2.62
2012-12-05 00:00:00+00:00,159.8,180.29,1.91,19650.0,13.2,0.2,2.05,2959.7,0.2,750000.0,2497325.0,13.42,7.547,0.2,13.25,2.63,2.62,2.61,2.63
2012-12-06 00:00:00+00:00,160.4,180.98,1.9,19724.99,13.3,0.2,2.06,2856.9,0.2,750000.0,2497325.0,13.47,7.547,0.2,13.25,2.63,2.63,2.61,2.63
2012-12-07 00:00:00+00:00,160.1,180.63,1.9,19687.5,13.3,0.2,2.05,2390.9,0.2,750000.0,2497325.0,13.45,7.547,0.2,13.25,2.63,2.62,2.61,2.64
2012-12-10 00:00:00+00:00,160.1,180.63,1.9,19687.5,13.3,0.2,2.05,2890.8,0.2,750000.0,2497325.0,13.45,7.547,0.2,13.25,2.63,2.63,2.61,2.64
2012-12-11 00:00:00+00:00,159.5,179.94,1.91,19612.49,13.2,0.2,2.04,2171.3,0.2,750000.0,2497325.0,13.4,7.547,0.2,13.25,2.61,2.61,2.61,2.63
2012-12-12 00:00:00+00:00,159.5,179.94,1.91,19612.49,13.2,0.2,2.04,1232.4,0.2,750000.0,2497325.0,13.4,7.547,0.2,13.25,2.61,2.61,2.61,2.62
2012-12-13 00:00:00+00:00,159.1,179.6,1.92,19574.99,13.2,0.2,2.04,2816.3,0.2,750000.0,2497325.0,13.37,7.547,0.2,13.25,2.61,2.61,2.61,2.62
2012-12-14 00:00:00+00:00,158.8,179.25,1.92,19537.49,13.2,0.2,2.04,2499.9,0.2,750000.0,2497325.0,13.34,7.547,0.2,13.25,2.61,2.6,2.6,2.61
2012-12-17 00:00:00+00:00,158.5,178.91,1.92,19500.0,13.1,0.2,2.03,5967.9,0.2,750000.0,2497325.0,13.32,7.547,0.2,13.25,2.6,2.59,2.59,2.61
2012-12-18 00:00:00+00:00,158.5,178.91,1.92,19500.0,13.1,0.2,2.03,,0.2,750000.0,2497325.0,13.32,7.547,0.2,13.25,,,,
2012-12-19 00:00:00+00:00,158.5,178.91,1.92,19500.0,13.1,0.2,2.03,5053.1,0.2,750000.0,2497325.0,13.32,7.547,0.2,13.25,2.6,2.59,2.57,2.6
2012-12-20 00:00:00+00:00,158.8,179.25,1.92,19537.49,13.2,0.2,2.04,13843.4,0.2,750000.0,2497325.0,13.34,7.692,0.2,13.0,2.6,2.6,2.59,2.6
2012-12-21 00:00:00+00:00,157.9,178.22,1.93,19424.99,13.1,0.2,2.02,3735.3,0.2,750000.0,2497325.0,13.27,7.692,0.2,13.0,2.59,2.58,2.59,2.6
2012-12-24 00:00:00+00:00,155.8,175.81,1.96,19162.49,12.9,0.2,2.0,10239.0,0.2,750000.0,2497325.0,13.09,7.692,0.2,13.0,2.56,2.55,2.54,2.59
2012-12-25 00:00:00+00:00,154.9,174.78,1.97,19049.99,12.8,0.2,1.99,3193.6,0.2,750000.0,2497325.0,13.01,7.692,0.2,13.0,2.54,2.53,2.54,2.56
2012-12-26 00:00:00+00:00,151.8,171.27,2.01,18667.5,12.6,0.2,1.95,10584.5,0.2,750000.0,2497325.0,12.75,7.692,0.2,13.0,2.49,2.49,2.46,2.54
2012-12-27 00:00:00+00:00,150.0,169.28,2.03,18449.99,12.4,0.2,1.92,3464.3,0.2,750000.0,2497325.0,12.6,7.692,0.2,13.0,2.46,2.45,2.45,2.49
2012-12-28 00:00:00+00:00,149.8,169.07,2.04,18427.49,12.4,0.2,1.92,2664.0,0.2,750000.0,2497325.0,12.59,7.692,0.2,13.0,2.46,2.46,2.45,2.47
2012-12-31 00:00:00+00:00,151.2,170.58,2.02,18592.49,12.5,0.2,1.94,3350.2,0.2,750000.0,2497325.0,12.7,7.692,0.2,13.0,2.48,2.46,2.44,2.48
2013-01-01 00:00:00+00:00,151.2,170.58,2.02,18592.49,12.5,0.2,1.93,,0.2,750000.0,2675008.0,11.0,7.692,0.2,13.0,,,,
2013-01-02 00:00:00+00:00,156.1,176.16,1.95,19199.99,12.9,0.2,1.99,4058.4,0.2,750000.0,2675008.0,11.36,7.692,0.2,13.0,2.57,2.56,2.47,2.57
2013-01-03 00:00:00+00:00,159.1,179.6,1.92,19574.99,13.2,0.2,2.03,6679.6,0.2,750000.0,2675008.0,11.58,7.692,0.2,13.0,2.62,2.61,2.56,2.63
2013-01-04 00:00:00+00:00,159.8,180.29,1.91,19650.0,13.2,0.2,2.04,5264.3,0.2,750000.0,2675008.0,11.62,7.692,0.2,13.0,2.62,2.61,2.6,2.63
2013-01-07 00:00:00+00:00,159.8,180.29,1.91,19650.0,13.2,0.2,2.04,5656.3,0.2,750000.0,2675008.0,11.62,7.692,0.2,13.0,2.63,2.62,2.61,2.65
2013-01-08 00:00:00+00:00,159.8,180.29,1.91,19650.0,13.2,0.2,2.04,3390.5,0.2,750000.0,2675008.0,11.62,7.692,0.2,13.0,2.62,2.61,2.6,2.64
2013-01-09 00:00:00+00:00,157.9,178.22,1.93,19424.99,13.1,0.2,2.01,6202.6,0.2,750000.0,2675008.0,11.49,7.692,0.2,13.0,2.59,2.59,2.59,2.61
2013-01-10 00:00:00+00:00,157.6,177.88,1.93,19387.49,13.1,0.2,2.01,3212.3,0.2,750000.0,2675008.0,11.47,7.692,0.2,13.0,2.59,2.58,2.57,2.6
2013-01-11 00:00:00+00:00,156.4,176.5,1.95,19237.49,13.0,0.2,1.99,2469.3,0.2,750000.0,2675008.0,11.38,7.692,0.2,13.0,2.58,2.56,2.56,2.6
2013-01-14 00:00:00+00:00,156.1,176.16,1.95,19199.99,12.9,0.2,1.99,5102.9,0.2,750000.0,2675008.0,11.36,7.692,0.2,13.0,2.56,2.55,2.55,2.59
2013-01-15 00:00:00+00:00,153.0,172.72,1.99,18824.99,12.7,0.2,1.95,5393.7,0.2,750000.0,2675008.0,11.13,7.692,0.2,13.0,2.51,2.51,2.49,2.55
2013-01-16 00:00:00+00:00,153.0,172.72,1.99,18824.99,12.7,0.2,1.95,4380.9,0.2,750000.0,2675008.0,11.13,7.692,0.2,13.0,2.51,2.5,2.5,2.54
2013-01-17 00:00:00+00:00,154.0,173.75,1.98,18937.5,12.8,0.2,1.96,1892.0,0.2,750000.0,2675008.0,11.2,7.968,0.2,12.55,2.52,2.51,2.5,2.52
2013-01-18 00:00:00+00:00,153.0,172.72,1.99,18824.99,12.7,0.2,1.95,4588.4,0.2,750000.0,2675008.0,11.13,7.968,0.2,12.55,2.51,2.51,2.51,2.52
2013-01-21 00:00:00+00:00,152.0,171.48,2.01,18690.0,12.6,0.2,1.94,5894.8,0.2,750000.0,2675008.0,11.05,7.968,0.2,12.55,2.49,2.49,2.48,2.51
2013-01-22 00:00:00+00:00,152.7,172.37,2.0,18787.49,12.7,0.2,1.95,2762.1,0.2,750000.0,2675008.0,11.11,7.968,0.2,12.55,2.51,2.5,2.49,2.53
2013-01-23 00:00:00+00:00,153.7,173.41,1.98,18900.0,12.7,0.2,1.96,2855.3,0.2,750000.0,2675008.0,11.18,7.968,0.2,12.55,2.52,2.52,2.51,2.53
2013-01-24 00:00:00+00:00,156.7,176.85,1.95,19274.99,13.0,0.2,2.0,6035.9,0.2,750000.0,2675008.0,11.4,7.968,0.2,12.55,2.57,2.56,2.51,2.57
2013-01-25 00:00:00+00:00,154.3,174.09,1.98,18974.99,12.8,0.2,1.97,2597.8,0.2,750000.0,2675008.0,11.22,7.968,0.2,12.55,2.53,2.52,2.53,2.58
2013-01-28 00:00:00+00:00,155.2,175.13,3.93,19087.49,12.7,0.2,1.98,7446.4,0.2,750000.0,2675008.0,11.29,7.968,0.2,12.55,2.54,2.52,2.45,2.54
2013-01-29 00:00:00+00:00,155.2,175.13,3.93,19087.49,12.7,0.2,1.98,4454.2,0.2,750000.0,2675008.0,11.29,7.968,0.2,12.55,2.54,2.53,2.51,2.55
2013-01-30 00:00:00+00:00,156.1,176.16,3.91,19199.99,12.8,0.2,1.99,4540.6,0.2,750000.0,2675008.0,11.36,7.968,0.2,12.55,2.56,2.56,2.52,2.56
2013-01-31 00:00:00+00:00,157.3,177.53,3.88,19349.99,12.9,0.2,2.01,3561.9,0.2,750000.0,2675008.0,11.44,7.968,0.2,12.55,2.58,2.58,2.54,2.58
2013-02-01 00:00:00+00:00,158.2,178.57,3.85,19462.5,12.9,0.2,2.02,4272.5,0.2,750000.0,2675008.0,11.51,7.968,0.2,12.55,2.59,2.58,2.57,2.6
2013-02-04 00:00:00+00:00,158.5,178.91,3.85,19500.0,13.0,0.2,2.02,4696.2,0.2,750000.0,2675008.0,11.53,7.968,0.2,12.55,2.6,2.59,2.58,2.6
2013-02-05 00:00:00+00:00,157.9,178.22,3.86,19424.99,12.9,0.2,2.01,4708.6,0.2,750000.0,2675008.0,11.49,7.968,0.2,12.55,2.59,2.58,2.57,2.6
2013-02-06 00:00:00+00:00,157.3,177.53,3.88,19349.99,12.9,0.2,2.01,3492.2,0.2,750000.0,2675008.0,11.44,7.968,0.2,12.55,2.58,2.56,2.56,2.58
2013-02-07 00:00:00+00:00,156.1,176.16,3.91,19199.99,12.8,0.2,1.99,1297.3,0.2,750000.0,2675008.0,11.36,7.968,0.2,12.55,2.56,2.56,2.55,2.57
2013-02-08 00:00:00+00:00,156.4,176.5,3.9,19237.49,12.8,0.2,1.99,2632.3,0.2,750000.0,2675008.0,11.38,7.968,0.2,12.55,2.57,2.55,2.55,2.57
2013-02-11 00:00:00+00:00,156.4,176.5,3.9,19237.49,12.8,0.2,1.99,5523.6,0.2,750000.0,2675008.0,11.38,7.968,0.2,12.55,2.57,2.56,2.55,2.57
2013-02-12 00:00:00+00:00,156.4,176.5,3.9,19237.49,12.8,0.2,1.99,,0.2,750000.0,2675008.0,11.38,7.968,0.2,12.55,,,,
2013-02-13 00:00:00+00:00,157.9,178.22,3.86,19424.99,12.9,0.2,2.01,4129.3,0.2,750000.0,2675008.0,11.49,7.968,0.2,12.55,2.59,2.58,2.55,2.59
2013-02-14 00:00:00+00:00,157.9,178.22,3.86,19424.99,12.9,0.2,2.01,3044.3,0.2,750000.0,2675008.0,11.49,7.782,0.2,12.85,2.59,2.58,2.57,2.6
2013-02-15 00:00:00+00:00,157.9,178.22,3.86,19424.99,12.9,0.2,2.01,6683.1,0.2,750000.0,2675008.0,11.49,7.782,0.2,12.85,2.59,2.59,2.57,2.59
2013-02-18 00:00:00+00:00,157.9,178.22,3.86,19424.99,12.9,0.2,2.01,,0.2,750000.0,2675008.0,11.49,7.782,0.2,12.85,2.6,2.57,,
2013-02-19 00:00:00+00:00,151.9,178.29,4.01,18682.49,12.4,0.2,1.94,8454.6,0.2,750000.0,2675008.0,11.05,7.782,0.2,12.85,2.5,2.49,2.48,2.52
2013-02-20 00:00:00+00:00,151.3,177.58,4.03,18607.49,12.4,0.2,1.93,7161.6,0.2,750000.0,2675008.0,11.01,7.782,0.2,12.85,2.48,2.48,2.47,2.49
2013-02-21 00:00:00+00:00,147.6,173.21,4.13,18149.99,12.1,0.2,1.88,12550.9,0.2,750000.0,2675008.0,10.74,7.782,0.2,12.85,2.43,2.42,2.41,2.49
2013-02-22 00:00:00+00:00,147.5,173.14,4.13,18142.49,12.1,0.2,1.88,5070.7,0.2,750000.0,2675008.0,10.73,7.782,0.2,12.85,2.42,2.42,2.41,2.45
2013-02-25 00:00:00+00:00,147.5,173.14,4.13,18142.49,12.1,0.2,1.88,,0.2,750000.0,2675008.0,10.73,7.782,0.2,12.85,2.45,2.42,,
2013-02-26 00:00:00+00:00,148.0,173.78,4.12,18210.0,12.1,0.2,1.89,7610.3,0.2,750000.0,2675008.0,10.77,7.782,0.2,12.85,2.43,2.42,2.42,2.44
2013-02-27 00:00:00+00:00,147.8,173.5,4.13,18179.99,12.1,0.2,1.88,5993.8,0.2,750000.0,2675008.0,10.75,7.782,0.2,12.85,2.42,2.41,2.4,2.44
2013-02-28 00:00:00+00:00,147.1,172.64,4.15,18089.99,12.0,0.2,1.88,3105.0,0.2,750000.0,2675008.0,10.7,7.782,0.2,12.85,2.42,2.41,2.4,2.43
2013-03-01 00:00:00+00:00,147.1,172.64,4.15,18089.99,12.0,0.2,1.88,,0.2,750000.0,2675008.0,10.7,7.782,0.2,12.85,,,,
2013-03-04 00:00:00+00:00,147.6,173.21,4.13,18149.99,12.1,0.2,1.88,6555.5,0.2,750000.0,2675008.0,10.74,7.782,0.2,12.85,2.42,2.41,2.4,2.42
2013-03-05 00:00:00+00:00,147.1,172.64,4.15,18089.99,12.0,0.2,1.88,1935.9,0.2,750000.0,2675008.0,10.7,7.782,0.2,12.85,2.41,2.41,2.4,2.42
2013-03-06 00:00:00+00:00,148.4,174.21,4.11,18255.0,12.1,0.2,1.89,2815.3,0.2,750000.0,2675008.0,10.8,7.782,0.2,12.85,2.43,2.43,2.41,2.43
2013-03-07 00:00:00+00:00,148.4,174.14,4.11,18247.48,12.1,0.2,1.89,1441.2,0.2,750000.0,2675008.0,10.79,7.782,0.2,12.85,2.44,2.43,2.41,2.44
2013-03-08 00:00:00+00:00,148.7,174.5,4.1,18284.99,12.2,0.2,1.9,2972.0,0.2,750000.0,2675008.0,10.81,7.782,0.2,12.85,2.44,2.44,2.42,2.44
2013-03-11 00:00:00+00:00,149.3,175.21,4.08,18359.99,12.2,0.2,1.9,6121.1,0.2,750000.0,2675008.0,10.86,7.782,0.2,12.85,2.45,2.44,2.42,2.45
2013-03-12 00:00:00+00:00,150.3,176.43,4.06,18487.49,12.3,0.2,1.92,5990.8,0.2,750000.0,2675008.0,10.93,7.782,0.2,12.85,2.46,2.45,2.43,2.46
2013-03-13 00:00:00+00:00,149.6,175.64,4.07,18404.99,12.2,0.2,1.91,3106.7,0.2,750000.0,2675008.0,10.89,7.782,0.2,12.85,2.46,2.45,2.45,2.47
2013-03-14 00:00:00+00:00,150.8,177.0,4.04,18547.49,12.3,0.2,1.92,5902.1,0.2,750000.0,2675008.0,10.97,8.13,0.2,12.3,2.47,2.46,2.43,2.47
2013-03-15 00:00:00+00:00,150.6,176.79,4.05,18525.0,12.3,0.2,1.92,3641.8,0.2,750000.0,2675008.0,10.96,8.13,0.2,12.3,2.47,2.47,2.46,2.48
2013-03-18 00:00:00+00:00,150.9,177.15,4.04,18562.5,12.3,0.2,1.92,4094.3,0.2,750000.0,2675008.0,10.98,8.13,0.2,12.3,2.47,2.47,2.46,2.48
2013-03-19 00:00:00+00:00,151.3,177.65,4.03,18614.99,12.4,0.2,1.93,4969.7,0.2,750000.0,2675008.0,11.01,8.13,0.2,12.3,2.49,2.48,2.46,2.49
2013-03-20 00:00:00+00:00,152.1,178.58,4.01,18712.5,12.4,0.2,1.94,3587.2,0.2,750000.0,2675008.0,11.07,8.13,0.2,12.3,2.5,2.49,2.47,2.49
2013-03-21 00:00:00+00:00,152.4,178.94,4.0,18750.0,12.5,0.2,1.94,3720.7,0.2,750000.0,2675008.0,11.09,8.13,0.2,12.3,2.5,2.5,2.48,2.5
2013-03-22 00:00:00+00:00,152.3,178.72,4.0,18727.48,12.4,0.2,1.94,3036.8,0.2,750000.0,2675008.0,11.08,8.13,0.2,12.3,2.5,2.5,2.48,2.5
2013-03-25 00:00:00+00:00,152.4,178.86,4.0,18742.49,12.5,0.2,1.94,6179.1,0.2,750000.0,2675008.0,11.09,8.13,0.2,12.3,2.5,2.5,2.49,2.5
2013-03-26 00:00:00+00:00,152.3,178.72,4.0,18727.48,12.4,0.2,1.94,3051.2,0.2,750000.0,2675008.0,11.08,8.13,0.2,12.3,2.5,2.5,2.49,2.5
2013-03-27 00:00:00+00:00,152.1,178.58,4.01,18712.5,12.4,0.2,1.94,1978.5,0.2,750000.0,2675008.0,11.07,8.13,0.2,12.3,2.49,2.49,2.48,2.5
2013-03-28 00:00:00+00:00,151.8,178.15,4.02,18667.5,12.4,0.2,1.93,12309.7,0.2,750000.0,2675008.0,11.04,8.13,0.2,12.3,2.49,2.49,2.48,2.49
2013-03-29 00:00:00+00:00,150.9,177.15,4.04,18562.5,12.3,0.2,1.92,1907.2,0.2,750000.0,2675008.0,10.98,8.13,0.2,12.3,2.47,2.47,2.46,2.48
2013-04-01 00:00:00+00:00,150.2,176.29,4.06,18472.49,12.3,0.2,1.91,3194.4,0.2,750000.0,2675008.0,10.93,8.13,0.2,12.3,2.46,2.46,2.46,2.47
2013-04-02 00:00:00+00:00,150.3,176.43,4.06,18487.49,12.3,0.2,1.92,2772.3,0.2,750000.0,2675008.0,10.93,8.13,0.2,12.3,2.46,2.46,2.46,2.47
2013-04-03 00:00:00+00:00,151.8,178.22,4.02,18674.99,12.4,0.2,1.94,1023.7,0.2,750000.0,2675008.0,11.05,8.13,0.2,12.3,2.49,2.47,2.45,2.49
2013-04-04 00:00:00+00:00,151.6,178.01,4.02,18652.49,12.4,0.2,1.93,786.1,0.2,750000.0,2675008.0,11.03,8.13,0.2,12.3,2.49,2.48,2.47,2.49
2013-04-05 00:00:00+00:00,150.2,176.29,4.06,18472.49,12.3,0.2,1.91,1137.3,0.2,750000.0,2675008.0,10.93,8.13,0.2,12.3,2.46,2.46,2.46,2.48
2013-04-08 00:00:00+00:00,151.5,177.86,4.02,18637.49,12.4,0.2,1.93,1418.9,0.2,750000.0,2675008.0,11.02,8.13,0.2,12.3,2.48,2.48,2.46,2.49
2013-04-09 00:00:00+00:00,150.1,176.14,4.06,18457.48,12.3,0.2,1.91,1864.0,0.2,750000.0,2675008.0,10.92,8.13,0.2,12.3,2.46,2.46,2.45,2.48
2013-04-10 00:00:00+00:00,150.0,176.07,4.07,18449.99,12.3,0.2,1.91,2707.3,0.2,750000.0,2675008.0,10.91,8.13,0.2,12.3,2.46,2.46,2.46,2.47
2013-04-11 00:00:00+00:00,150.1,176.14,4.06,18457.48,12.3,0.2,1.91,1079.4,0.2,750000.0,2675008.0,10.92,8.13,0.2,12.3,2.46,2.46,2.46,2.48
2013-04-12 00:00:00+00:00,149.8,175.79,4.07,18420.0,12.2,0.2,1.91,1066.2,0.2,750000.0,2675008.0,10.89,8.13,0.2,12.3,2.46,2.46,2.45,2.47
2013-04-15 00:00:00+00:00,149.1,175.07,4.09,18344.99,12.2,0.2,1.9,2680.9,0.2,750000.0,2675008.0,10.85,8.13,0.2,12.3,2.45,2.45,2.44,2.45
2013-04-16 00:00:00+00:00,149.5,175.43,4.08,18382.49,12.2,0.2,1.91,2905.4,0.2,750000.0,2675008.0,10.87,8.13,0.2,12.3,2.46,2.45,2.45,2.47
2013-04-17 00:00:00+00:00,148.8,174.64,4.1,18299.99,12.2,0.2,1.9,3025.1,0.2,750000.0,2675008.0,10.82,8.13,0.2,12.3,2.44,2.44,2.43,2.46
2013-04-18 00:00:00+00:00,149.6,175.57,4.08,18397.5,12.2,0.2,1.91,1094.4,0.2,750000.0,2675008.0,10.88,8.163,0.2,12.25,2.46,2.45,2.43,2.46
2013-04-19 00:00:00+00:00,149.7,175.71,4.07,18412.49,12.2,0.2,1.91,810.8,0.2,750000.0,2675008.0,10.89,8.163,0.2,12.25,2.46,2.45,2.43,2.46
2013-04-22 00:00:00+00:00,150.4,176.57,4.05,18502.5,12.3,0.2,1.92,1444.2,0.2,750000.0,2675008.0,10.94,8.163,0.2,12.25,2.47,2.46,2.45,2.47
2013-04-23 00:00:00+00:00,151.8,178.22,4.02,18674.99,12.0,0.21,1.94,6944.3,0.2,750000.0,2675008.0,11.05,8.163,0.2,12.25,2.49,2.49,2.46,2.49
2013-04-24 00:00:00+00:00,151.8,178.22,4.02,18674.99,12.0,0.21,1.94,2958.8,0.2,750000.0,2675008.0,11.05,8.163,0.2,12.25,2.49,2.49,2.48,2.49
2013-04-25 00:00:00+00:00,151.2,177.5,4.03,18599.99,12.0,0.21,1.93,2309.4,0.2,750000.0,2675008.0,11.0,8.163,0.2,12.25,2.48,2.48,2.47,2.49
2013-04-26 00:00:00+00:00,151.6,178.01,4.02,18652.49,12.0,0.21,1.93,5660.5,0.2,750000.0,2675008.0,11.03,8.163,0.2,12.25,2.49,2.49,2.47,2.49
2013-04-29 00:00:00+00:00,151.8,178.22,4.02,18674.99,12.0,0.21,1.94,6076.1,0.2,750000.0,2675008.0,11.05,8.163,0.2,12.25,2.49,2.49,2.48,2.49
2013-04-30 00:00:00+00:00,152.1,178.58,4.01,18712.5,12.0,0.21,1.94,3202.7,0.2,750000.0,2675008.0,11.07,8.163,0.2,12.25,2.49,2.48,2.47,2.49
2013-05-01 00:00:00+00:00,152.1,178.58,4.01,18712.5,12.0,0.21,1.94,1820.5,0.2,750000.0,2675008.0,11.07,8.163,0.2,12.25,2.49,2.49,2.48,2.49
2013-05-02 00:00:00+00:00,153.0,179.65,3.98,18824.99,12.1,0.21,1.95,3540.8,0.2,750000.0,2675008.0,11.13,8.163,0.2,12.25,2.51,2.5,2.48,2.51
2013-05-03 00:00:00+00:00,153.0,179.65,3.98,18824.99,12.1,0.21,1.95,4827.9,0.2,750000.0,2675008.0,11.13,8.163,0.2,12.25,2.51,2.5,2.49,2.51
2013-05-06 00:00:00+00:00,153.0,179.65,3.98,18824.99,12.1,0.21,1.95,3098.3,0.2,750000.0,2675008.0,11.13,8.163,0.2,12.25,2.51,2.5,2.49,2.51
2013-05-07 00:00:00+00:00,154.0,180.73,3.96,18937.5,12.2,0.21,1.96,7228.4,0.2,750000.0,2675008.0,11.2,8.163,0.2,12.25,2.53,2.52,2.5,2.53
2013-05-08 00:00:00+00:00,154.0,180.73,3.96,18937.5,12.2,0.21,1.96,6752.6,0.2,750000.0,2675008.0,11.2,8.163,0.2,12.25,2.53,2.52,2.51,2.53
2013-05-09 00:00:00+00:00,154.3,181.08,3.95,18974.99,12.2,0.21,1.97,6859.1,0.2,750000.0,2675008.0,11.22,8.163,0.2,12.25,2.53,2.52,2.51,2.53
2013-05-10 00:00:00+00:00,155.2,182.16,3.93,19087.49,12.3,0.21,1.98,6808.3,0.2,750000.0,2675008.0,11.29,8.163,0.2,12.25,2.55,2.54,2.51,2.54
2013-05-13 00:00:00+00:00,156.1,183.23,3.91,19199.99,12.3,0.21,1.99,7386.7,0.2,750000.0,2675008.0,11.36,8.163,0.2,12.25,2.56,2.55,2.54,2.56
2013-05-14 00:00:00+00:00,156.4,183.59,3.9,19237.49,12.4,0.21,1.99,6759.2,0.2,750000.0,2675008.0,11.38,8.163,0.2,12.25,2.57,2.56,2.55,2.57
2013-05-15 00:00:00+00:00,157.0,184.3,3.88,19312.5,12.4,0.21,2.0,7608.7,0.2,750000.0,2675008.0,11.42,8.163,0.2,12.25,2.57,2.56,2.56,2.58
2013-05-16 00:00:00+00:00,156.7,183.95,3.89,19274.99,12.4,0.21,2.0,2758.8,0.2,750000.0,2675008.0,11.4,7.782,0.2,12.85,2.57,2.57,2.56,2.57
2013-05-17 00:00:00+00:00,160.4,188.24,3.8,19724.99,12.7,0.21,2.04,7801.1,0.2,750000.0,2675008.0,11.67,7.782,0.2,12.85,2.63,2.62,2.56,2.63
2013-05-20 00:00:00+00:00,162.8,191.1,3.75,20024.99,12.9,0.21,2.08,8041.1,0.2,750000.0,2675008.0,11.84,7.782,0.2,12.85,2.67,2.66,2.62,2.67
2013-05-21 00:00:00+00:00,161.6,189.67,3.77,19875.0,12.8,0.21,2.06,9536.6,0.2,750000.0,2675008.0,11.76,7.782,0.2,12.85,2.65,2.64,2.64,2.66
2013-05-22 00:00:00+00:00,161.9,190.03,3.77,19912.49,12.8,0.21,2.06,4229.7,0.2,750000.0,2675008.0,11.78,7.782,0.2,12.85,2.66,2.65,2.63,2.66
2013-05-23 00:00:00+00:00,161.6,189.67,3.77,19875.0,12.8,0.21,2.06,3705.9,0.2,750000.0,2675008.0,11.76,7.782,0.2,12.85,2.65,2.65,2.64,2.65
2013-05-24 00:00:00+00:00,162.2,190.39,3.76,19949.99,12.8,0.21,2.07,3973.8,0.2,750000.0,2675008.0,11.8,7.782,0.2,12.85,2.66,2.66,2.63,2.67
2013-05-27 00:00:00+00:00,161.9,190.03,3.77,19912.49,12.8,0.21,2.06,5211.4,0.2,750000.0,2675008.0,11.78,7.782,0.2,12.85,2.66,2.65,2.65,2.67
2013-05-28 00:00:00+00:00,162.5,190.75,3.75,19987.49,12.8,0.21,2.07,11012.7,0.2,750000.0,2675008.0,11.82,7.782,0.2,12.85,2.67,2.66,2.65,2.67
2013-05-29 00:00:00+00:00,163.1,191.46,3.74,20062.5,12.9,0.21,2.08,11082.8,0.2,750000.0,2675008.0,11.87,7.782,0.2,12.85,2.67,2.67,2.65,2.68
2013-05-30 00:00:00+00:00,166.2,195.04,3.67,20437.5,13.1,0.21,2.12,14109.6,0.2,750000.0,2675008.0,12.09,7.782,0.2,12.85,2.72,2.71,2.66,2.72
2013-05-31 00:00:00+00:00,165.2,193.97,3.69,20324.99,13.1,0.21,2.11,5215.9,0.2,750000.0,2675008.0,12.02,7.782,0.2,12.85,2.71,2.7,2.69,2.73
2013-06-03 00:00:00+00:00,165.5,194.32,3.68,20362.49,13.1,0.21,2.11,5370.8,0.2,750000.0,2675008.0,12.04,7.782,0.2,12.85,2.72,2.71,2.69,2.72
2013-06-04 00:00:00+00:00,166.5,195.4,3.66,20474.99,13.2,0.21,2.12,2854.1,0.2,750000.0,2675008.0,12.11,7.782,0.2,12.85,2.73,2.71,2.7,2.73
2013-06-05 00:00:00+00:00,166.8,195.76,3.66,20512.49,13.2,0.21,2.13,4202.5,0.2,750000.0,2675008.0,12.13,7.782,0.2,12.85,2.73,2.71,2.7,2.73
2013-06-06 00:00:00+00:00,165.9,194.68,3.68,20400.0,13.1,0.21,2.11,8578.3,0.2,750000.0,2675008.0,12.07,7.782,0.2,12.85,2.73,2.72,2.71,2.73
2013-06-07 00:00:00+00:00,167.4,196.47,3.64,20587.5,13.2,0.21,2.13,14036.0,0.2,750000.0,2675008.0,12.18,7.782,0.2,12.85,2.74,2.73,2.71,2.77
2013-06-10 00:00:00+00:00,168.9,198.26,3.61,20775.0,13.3,0.21,2.15,7662.3,0.2,750000.0,2675008.0,12.29,7.782,0.2,12.85,2.77,2.75,2.73,2.77
2013-06-11 00:00:00+00:00,168.3,197.55,3.62,20699.99,13.3,0.21,2.15,3762.6,0.2,750000.0,2675008.0,12.24,7.782,0.2,12.85,2.76,2.75,2.74,2.77
2013-06-12 00:00:00+00:00,169.2,198.62,3.6,20812.5,13.4,0.21,2.16,6000.1,0.2,750000.0,2675008.0,12.31,7.782,0.2,12.85,2.77,2.76,2.75,2.78
2013-06-13 00:00:00+00:00,169.8,199.33,3.59,20887.49,13.4,0.21,2.16,7180.2,0.2,750000.0,2675008.0,12.35,7.782,0.2,12.85,2.79,2.78,2.76,2.8
2013-06-14 00:00:00+00:00,166.8,195.76,3.66,20512.49,13.2,0.21,2.13,9186.8,0.2,750000.0,2675008.0,12.13,7.782,0.2,12.85,2.73,2.73,2.73,2.76
2013-06-17 00:00:00+00:00,166.5,195.4,3.66,20474.99,13.2,0.21,2.12,9030.3,0.2,750000.0,2675008.0,12.11,7.782,0.2,12.85,2.74,2.73,2.73,2.75
2013-06-18 00:00:00+00:00,166.8,195.76,3.66,20512.49,13.2,0.21,2.13,5492.1,0.2,750000.0,2675008.0,12.13,7.782,0.2,12.85,2.73,2.73,2.73,2.74
2013-06-19 00:00:00+00:00,165.9,194.68,3.68,20400.0,13.1,0.21,2.11,4693.6,0.2,750000.0,2675008.0,12.07,7.782,0.2,12.85,2.74,2.72,2.72,2.75
2013-06-20 00:00:00+00:00,166.5,195.4,3.66,20474.99,13.2,0.21,2.12,16154.1,0.2,750000.0,2675008.0,12.11,7.299,0.2,13.7,2.73,2.73,2.71,2.73
2013-06-21 00:00:00+00:00,167.4,196.47,3.64,20587.5,13.2,0.21,2.13,14804.1,0.2,750000.0,2675008.0,12.18,7.299,0.2,13.7,2.75,2.74,2.7,2.76
2013-06-24 00:00:00+00:00,166.8,195.76,3.66,20512.49,13.2,0.21,2.13,9101.5,0.2,750000.0,2675008.0,12.13,7.299,0.2,13.7,2.74,2.73,2.72,2.75
2013-06-25 00:00:00+00:00,166.8,195.76,3.66,20512.49,13.2,0.21,2.13,,0.2,750000.0,2675008.0,12.13,7.299,0.2,13.7,,,,
2013-06-26 00:00:00+00:00,168.9,198.26,3.61,20775.0,13.3,0.21,2.15,10385.2,0.2,750000.0,2675008.0,12.29,7.299,0.2,13.7,2.77,2.77,2.73,2.77
2013-06-27 00:00:00+00:00,168.9,198.26,3.61,20775.0,13.3,0.21,2.15,11381.9,0.2,750000.0,2675008.0,12.29,7.299,0.2,13.7,2.77,2.76,2.75,2.77
2013-06-28 00:00:00+00:00,168.3,197.55,3.62,20699.99,13.3,0.21,2.15,8555.5,0.2,750000.0,2675008.0,12.24,7.299,0.2,13.7,2.76,2.75,2.74,2.77
2013-07-01 00:00:00+00:00,168.6,197.9,3.62,20737.49,13.3,0.21,2.15,3361.4,0.2,750000.0,2675008.0,12.27,7.299,0.2,13.7,2.77,2.76,2.74,2.77
2013-07-02 00:00:00+00:00,168.9,198.26,3.61,20775.0,13.3,0.21,2.15,5042.8,0.2,750000.0,2675008.0,12.29,7.299,0.2,13.7,2.77,2.77,2.75,2.78
2013-07-03 00:00:00+00:00,168.9,198.26,3.61,20775.0,13.3,0.21,2.15,2139.3,0.2,750000.0,2675008.0,12.29,7.299,0.2,13.7,2.78,2.77,2.76,2.78
2013-07-04 00:00:00+00:00,169.2,198.62,3.6,20812.5,13.4,0.21,2.16,2906.1,0.2,750000.0,2675008.0,12.31,7.299,0.2,13.7,2.78,2.77,2.75,2.78
2013-07-05 00:00:00+00:00,169.2,198.62,3.6,20812.5,13.4,0.21,2.16,3822.8,0.2,750000.0,2675008.0,12.31,7.299,0.2,13.7,2.78,2.77,2.75,2.78
2013-07-08 00:00:00+00:00,168.0,197.19,3.63,20662.49,13.3,0.21,2.14,3073.8,0.2,750000.0,2675008.0,12.22,7.299,0.2,13.7,2.76,2.75,2.75,2.77
2013-07-09 00:00:00+00:00,168.3,197.55,3.62,20699.99,13.3,0.21,2.15,3075.9,0.2,750000.0,2675008.0,12.24,7.299,0.2,13.7,2.76,2.76,2.74,2.76
2013-07-10 00:00:00+00:00,168.3,197.55,3.62,20699.99,13.3,0.21,2.15,2654.6,0.2,750000.0,2675008.0,12.24,7.299,0.2,13.7,2.76,2.76,2.74,2.76
2013-07-11 00:00:00+00:00,169.2,198.62,3.6,20812.5,13.4,0.21,2.16,4005.2,0.2,750000.0,2675008.0,12.31,7.299,0.2,13.7,2.78,2.77,2.75,2.78
2013-07-12 00:00:00+00:00,169.5,198.98,3.6,20849.99,13.4,0.21,2.16,2081.7,0.2,750000.0,2675008.0,12.33,7.299,0.2,13.7,2.78,2.78,2.76,2.78
2013-07-15 00:00:00+00:00,169.2,198.62,3.6,20812.5,13.4,0.21,2.16,1235.4,0.2,750000.0,2675008.0,12.31,7.299,0.2,13.7,2.78,2.77,2.77,2.79
2013-07-16 00:00:00+00:00,168.9,198.26,3.61,20775.0,13.3,0.21,2.15,1955.8,0.2,750000.0,2675008.0,12.29,7.299,0.2,13.7,2.77,2.77,2.76,2.78
2013-07-17 00:00:00+00:00,168.6,197.9,3.62,20737.49,13.3,0.21,2.15,1589.8,0.2,750000.0,2675008.0,12.27,7.299,0.2,13.7,2.77,2.76,2.75,2.77
2013-07-18 00:00:00+00:00,169.5,198.98,3.6,20849.99,13.4,0.21,2.16,2447.9,0.2,750000.0,2675008.0,12.33,7.22,0.2,13.85,2.78,2.76,2.75,2.78
2013-07-19 00:00:00+00:00,168.3,197.55,3.62,20699.99,13.3,0.21,2.15,4202.9,0.2,750000.0,2675008.0,12.24,7.22,0.2,13.85,2.77,2.76,2.76,2.78
2013-07-22 00:00:00+00:00,169.2,198.62,3.6,20812.5,13.4,0.21,2.16,1672.6,0.2,750000.0,2675008.0,12.31,7.22,0.2,13.85,2.78,2.77,2.76,2.78
2013-07-23 00:00:00+00:00,172.6,202.56,3.53,21224.99,13.3,0.21,2.2,16401.3,0.2,750000.0,2675008.0,12.55,7.22,0.2,13.85,2.83,2.82,2.77,2.85
2013-07-24 00:00:00+00:00,171.0,200.77,3.57,21037.49,13.2,0.21,2.18,3416.6,0.2,750000.0,2675008.0,12.44,7.22,0.2,13.85,2.81,2.8,2.8,2.83
2013-07-25 00:00:00+00:00,171.3,201.12,3.56,21074.99,13.2,0.21,2.18,4814.7,0.2,750000.0,2675008.0,12.47,7.22,0.2,13.85,2.81,2.8,2.79,2.82
2013-07-26 00:00:00+00:00,170.4,200.05,3.58,20962.49,13.1,0.21,2.17,3273.8,0.2,750000.0,2675008.0,12.4,7.22,0.2,13.85,2.8,2.79,2.78,2.8
2013-07-29 00:00:00+00:00,170.4,200.05,3.58,20962.49,13.1,0.21,2.17,3390.9,0.2,750000.0,2675008.0,12.4,7.22,0.2,13.85,2.79,2.78,2.77,2.8
2013-07-30 00:00:00+00:00,171.6,201.48,3.55,21112.49,13.2,0.21,2.19,4215.0,0.2,750000.0,2675008.0,12.49,7.22,0.2,13.85,2.82,2.81,2.78,2.83
2013-07-31 00:00:00+00:00,171.3,201.12,3.56,21074.99,13.2,0.21,2.18,5383.6,0.2,750000.0,2675008.0,12.47,7.22,0.2,13.85,2.83,2.81,2.8,2.84
2013-08-01 00:00:00+00:00,172.3,202.2,3.54,21187.5,13.3,0.21,2.2,3163.0,0.2,750000.0,2675008.0,12.53,7.22,0.2,13.85,2.82,2.81,2.81,2.85
2013-08-02 00:00:00+00:00,175.6,206.13,3.47,21599.99,13.5,0.21,2.24,6140.2,0.2,750000.0,2675008.0,12.78,7.22,0.2,13.85,2.89,2.88,2.81,2.88
2013-08-05 00:00:00+00:00,176.2,206.85,3.46,21674.99,13.6,0.21,2.25,5415.1,0.2,750000.0,2675008.0,12.82,7.22,0.2,13.85,2.89,2.88,2.86,2.89
2013-08-06 00:00:00+00:00,179.3,210.43,3.4,22049.99,13.8,0.21,2.29,7769.0,0.2,750000.0,2675008.0,13.04,7.22,0.2,13.85,2.94,2.94,2.86,2.94
2013-08-07 00:00:00+00:00,182.9,214.72,3.33,22500.0,14.1,0.21,2.33,16058.1,0.2,750000.0,2675008.0,13.31,7.22,0.2,13.85,3.0,2.99,2.93,3.02
2013-08-08 00:00:00+00:00,182.9,214.72,3.33,22500.0,14.1,0.21,2.33,,0.2,750000.0,2675008.0,13.31,7.22,0.2,13.85,,,,
2013-08-09 00:00:00+00:00,182.9,214.72,3.33,22500.0,14.1,0.21,2.33,,0.2,750000.0,2675008.0,13.31,7.22,0.2,13.85,,,,
2013-08-12 00:00:00+00:00,182.9,214.72,3.33,22500.0,14.1,0.21,2.33,,0.2,750000.0,2675008.0,13.31,7.22,0.2,13.85,,,,
2013-08-13 00:00:00+00:00,183.2,215.08,3.33,22537.49,14.1,0.21,2.34,8220.4,0.2,750000.0,2675008.0,13.33,7.22,0.2,13.85,3.01,3.0,3.0,3.04
2013-08-14 00:00:00+00:00,184.5,216.51,3.31,22687.5,14.2,0.21,2.35,5298.6,0.2,750000.0,2675008.0,13.42,7.22,0.2,13.85,3.02,3.02,3.0,3.03
2013-08-15 00:00:00+00:00,181.4,212.93,3.36,22312.5,14.0,0.21,2.31,4144.0,0.2,750000.0,2675008.0,13.2,6.667,0.2,15.0,2.98,2.97,2.95,3.02
2013-08-16 00:00:00+00:00,183.5,215.44,3.32,22574.99,14.1,0.21,2.34,8350.5,0.2,750000.0,2675008.0,13.35,6.667,0.2,15.0,3.01,3.01,2.96,3.01
2013-08-19 00:00:00+00:00,184.1,216.15,3.31,22650.0,14.2,0.21,2.35,7573.4,0.2,750000.0,2675008.0,13.4,6.667,0.2,15.0,3.02,3.01,3.0,3.02
2013-08-20 00:00:00+00:00,182.9,214.72,3.33,22500.0,14.1,0.21,2.33,4743.5,0.2,750000.0,2675008.0,13.31,6.667,0.2,15.0,3.01,3.0,3.0,3.02
2013-08-21 00:00:00+00:00,182.3,214.01,3.34,22424.99,14.0,0.21,2.32,2550.4,0.2,750000.0,2675008.0,13.26,6.667,0.2,15.0,2.99,2.99,2.98,3.01
2013-08-22 00:00:00+00:00,183.2,215.08,3.33,22537.49,14.1,0.21,2.34,3583.2,0.2,750000.0,2675008.0,13.33,6.667,0.2,15.0,3.0,2.99,2.98,3.0
2013-08-23 00:00:00+00:00,182.9,214.72,3.33,22500.0,14.1,0.21,2.33,1673.7,0.2,750000.0,2675008.0,13.31,6.667,0.2,15.0,3.0,2.99,2.98,3.0
2013-08-26 00:00:00+00:00,179.3,210.43,3.4,22049.99,13.8,0.21,2.29,11408.5,0.2,750000.0,2675008.0,13.04,6.667,0.2,15.0,2.94,2.93,2.91,2.99
2013-08-27 00:00:00+00:00,177.7,208.64,3.43,21862.49,13.7,0.21,2.27,7593.5,0.2,750000.0,2675008.0,12.93,6.667,0.2,15.0,2.91,2.91,2.89,2.95
2013-08-28 00:00:00+00:00,173.2,203.27,3.52,21299.99,13.3,0.21,2.21,12046.2,0.2,750000.0,2675008.0,12.6,6.667,0.2,15.0,2.84,2.84,2.8,2.88
2013-08-29 00:00:00+00:00,176.2,206.85,3.46,21674.99,13.6,0.21,2.25,9985.7,0.2,750000.0,2675008.0,12.82,6.667,0.2,15.0,2.89,2.88,2.81,2.89
2013-08-30 00:00:00+00:00,176.8,207.57,3.45,21750.0,13.6,0.21,2.25,4792.8,0.2,750000.0,2675008.0,12.86,6.667,0.2,15.0,2.9,2.89,2.89,2.92
2013-09-02 00:00:00+00:00,176.2,206.85,3.46,21674.99,13.6,0.21,2.25,3594.3,0.2,750000.0,2675008.0,12.82,6.667,0.2,15.0,2.89,2.89,2.87,2.9
2013-09-03 00:00:00+00:00,174.7,205.06,3.49,21487.49,13.5,0.21,2.23,5881.8,0.2,750000.0,2675008.0,12.71,6.667,0.2,15.0,2.88,2.86,2.86,2.91
2013-09-04 00:00:00+00:00,172.3,202.2,3.54,21187.5,13.3,0.21,2.2,6133.7,0.2,750000.0,2675008.0,12.53,6.667,0.2,15.0,2.83,2.82,2.81,2.88
2013-09-05 00:00:00+00:00,171.0,200.77,3.57,21037.49,13.2,0.21,2.18,8789.8,0.2,750000.0,2675008.0,12.44,6.667,0.2,15.0,2.81,2.8,2.77,2.83
2013-09-06 00:00:00+00:00,171.3,201.12,3.56,21074.99,13.2,0.21,2.18,4354.3,0.2,750000.0,2675008.0,12.47,6.667,0.2,15.0,2.83,2.81,2.81,2.84
2013-09-09 00:00:00+00:00,168.9,198.26,3.61,20775.0,13.0,0.21,2.15,5868.7,0.2,750000.0,2675008.0,12.29,6.667,0.2,15.0,2.77,2.76,2.77,2.82
2013-09-10 00:00:00+00:00,176.8,207.57,3.45,21750.0,13.6,0.21,2.25,14017.9,0.2,750000.0,2675008.0,12.86,6.667,0.2,15.0,2.9,2.89,2.83,2.93
2013-09-11 00:00:00+00:00,177.4,208.28,3.44,21824.99,13.7,0.21,2.26,4519.1,0.2,750000.0,2675008.0,12.91,6.667,0.2,15.0,2.91,2.9,2.89,2.92
2013-09-12 00:00:00+00:00,178.0,209.0,3.42,21900.0,13.7,0.21,2.27,8548.1,0.2,750000.0,2675008.0,12.95,6.667,0.2,15.0,2.92,2.92,2.89,2.94
2013-09-13 00:00:00+00:00,180.2,211.5,3.38,22162.49,13.9,0.21,2.3,9167.7,0.2,750000.0,2675008.0,13.11,6.667,0.2,15.0,2.96,2.95,2.92,2.97
2013-09-16 00:00:00+00:00,179.6,210.79,3.4,22087.49,13.8,0.21,2.29,5325.0,0.2,750000.0,2675008.0,13.06,6.667,0.2,15.0,2.96,2.94,2.93,2.97
2013-09-17 00:00:00+00:00,179.9,211.14,3.39,22125.0,13.8,0.21,2.29,3995.1,0.2,750000.0,2675008.0,13.09,6.667,0.2,15.0,2.96,2.95,2.94,2.97
2013-09-18 00:00:00+00:00,180.2,211.5,3.38,22162.49,13.9,0.21,2.3,2830.0,0.2,750000.0,2675008.0,13.11,6.667,0.2,15.0,2.96,2.95,2.94,2.96
2013-09-19 00:00:00+00:00,181.1,212.58,3.37,22274.99,13.9,0.21,2.31,4360.5,0.2,750000.0,2675008.0,13.17,6.78,0.2,14.75,2.97,2.96,2.95,2.97
2013-09-20 00:00:00+00:00,179.9,211.14,3.39,22125.0,13.8,0.21,2.29,2154.2,0.2,750000.0,2675008.0,13.09,6.78,0.2,14.75,2.96,2.95,2.94,2.96
2013-09-23 00:00:00+00:00,180.8,212.22,3.37,22237.49,13.9,0.21,2.3,1920.3,0.2,750000.0,2675008.0,13.15,6.78,0.2,14.75,2.96,2.95,2.94,2.96
2013-09-24 00:00:00+00:00,178.4,209.35,3.42,21937.5,13.7,0.21,2.27,8020.8,0.2,750000.0,2675008.0,12.98,6.78,0.2,14.75,2.94,2.92,2.92,2.96
2013-09-25 00:00:00+00:00,176.8,207.57,3.45,21750.0,13.6,0.21,2.25,12511.0,0.2,750000.0,2675008.0,12.86,6.78,0.2,14.75,2.9,2.89,2.89,2.93
2013-09-26 00:00:00+00:00,175.0,205.42,3.48,21525.0,13.5,0.21,2.23,7546.6,0.2,750000.0,2675008.0,12.73,6.78,0.2,14.75,2.87,2.85,2.85,2.93
2013-09-27 00:00:00+00:00,175.0,205.42,3.48,21525.0,13.5,0.21,2.23,16120.7,0.2,750000.0,2675008.0,12.73,6.78,0.2,14.75,2.88,2.87,2.84,2.9
2013-09-30 00:00:00+00:00,175.3,205.78,3.48,21562.5,13.5,0.21,2.23,44036.4,0.2,750000.0,2675008.0,12.75,6.78,0.2,14.75,2.88,2.87,2.86,2.91
2013-10-01 00:00:00+00:00,175.3,205.78,3.48,21562.5,13.5,0.21,2.23,4752.9,0.2,750000.0,2675008.0,12.75,6.78,0.2,14.75,2.88,2.88,2.86,2.88
2013-10-02 00:00:00+00:00,177.1,207.92,3.44,21787.49,13.6,0.21,2.26,3748.2,0.2,750000.0,2675008.0,12.89,6.78,0.2,14.75,2.9,2.9,2.87,2.9
2013-10-03 00:00:00+00:00,177.7,208.64,3.43,21862.49,13.7,0.21,2.27,4382.6,0.2,750000.0,2675008.0,12.93,6.78,0.2,14.75,2.91,2.9,2.88,2.91
2013-10-04 00:00:00+00:00,176.8,207.57,3.45,21750.0,13.6,0.21,2.25,2818.2,0.2,750000.0,2675008.0,12.86,6.78,0.2,14.75,2.91,2.9,2.9,2.92
2013-10-07 00:00:00+00:00,176.8,207.57,3.45,21750.0,13.6,0.21,2.25,3353.4,0.2,750000.0,2675008.0,12.86,6.78,0.2,14.75,2.91,2.9,2.89,2.92
2013-10-08 00:00:00+00:00,176.8,207.57,3.45,21750.0,13.6,0.21,2.25,2521.2,0.2,750000.0,2675008.0,12.86,6.78,0.2,14.75,2.91,2.9,2.89,2.91
2013-10-09 00:00:00+00:00,177.1,207.92,3.44,21787.49,13.6,0.21,2.26,1628.1,0.2,750000.0,2675008.0,12.89,6.78,0.2,14.75,2.92,2.9,2.9,2.92
2013-10-10 00:00:00+00:00,177.4,208.28,3.44,21824.99,13.7,0.21,2.26,2216.9,0.2,750000.0,2675008.0,12.91,6.78,0.2,14.75,2.91,2.91,2.89,2.91
2013-10-11 00:00:00+00:00,177.4,208.28,3.44,21824.99,13.7,0.21,2.26,,0.2,750000.0,2675008.0,12.91,6.78,0.2,14.75,,,,
2013-10-14 00:00:00+00:00,177.4,208.28,3.44,21824.99,13.7,0.21,2.26,,0.2,750000.0,2675008.0,12.91,6.78,0.2,14.75,,,,
2013-10-15 00:00:00+00:00,177.4,208.28,3.44,21824.99,13.7,0.21,2.26,,0.2,750000.0,2675008.0,12.91,6.78,0.2,14.75,,,,
2013-10-16 00:00:00+00:00,177.4,208.28,3.44,21824.99,13.7,0.21,2.26,,0.2,750000.0,2675008.0,12.91,6.78,0.2,14.75,,,,
2013-10-17 00:00:00+00:00,177.4,208.28,3.44,21824.99,13.7,0.21,2.26,,0.2,750000.0,2675008.0,12.91,6.873,0.2,14.55,,,,
2013-10-18 00:00:00+00:00,178.4,209.35,3.42,21937.5,13.7,0.21,2.27,2751.1,0.2,750000.0,2675008.0,12.98,6.873,0.2,14.55,2.93,2.92,2.91,2.93
2013-10-21 00:00:00+00:00,177.7,208.64,3.43,21862.49,13.7,0.21,2.27,2638.7,0.2,750000.0,2675008.0,12.93,6.873,0.2,14.55,2.92,2.91,2.91,2.92
2013-10-22 00:00:00+00:00,178.4,209.35,3.42,21937.5,13.7,0.21,2.27,3181.7,0.2,750000.0,2675008.0,12.98,6.873,0.2,14.55,2.93,2.92,2.91,2.93
2013-10-23 00:00:00+00:00,179.9,211.14,3.39,22125.0,13.8,0.21,2.29,5482.8,0.2,750000.0,2675008.0,13.09,6.873,0.2,14.55,2.95,2.95,2.91,2.95
2013-10-24 00:00:00+00:00,179.0,210.07,3.41,22012.49,13.8,0.21,2.28,3613.3,0.2,750000.0,2675008.0,13.02,6.873,0.2,14.55,2.93,2.92,2.92,2.95
2013-10-25 00:00:00+00:00,178.0,209.0,3.42,21900.0,13.7,0.21,2.27,1831.8,0.2,750000.0,2675008.0,12.95,6.873,0.2,14.55,2.93,2.92,2.91,2.95
2013-10-28 00:00:00+00:00,178.0,209.0,3.42,21900.0,13.7,0.21,2.27,3556.3,0.2,750000.0,2675008.0,12.95,6.873,0.2,14.55,2.93,2.92,2.9,2.94
2013-10-29 00:00:00+00:00,179.0,210.07,3.41,22012.49,13.2,0.22,2.28,3297.6,0.2,750000.0,2675008.0,13.02,6.873,0.2,14.55,2.93,2.93,2.91,2.95
2013-10-30 00:00:00+00:00,178.4,209.35,3.42,21937.5,13.1,0.22,2.27,2269.5,0.2,750000.0,2675008.0,12.98,6.873,0.2,14.55,2.92,2.92,2.91,2.94
2013-10-31 00:00:00+00:00,179.0,210.07,3.41,22012.49,13.2,0.22,2.28,3218.8,0.2,750000.0,2675008.0,13.02,6.873,0.2,14.55,2.94,2.93,2.91,2.93
2013-11-01 00:00:00+00:00,179.3,210.43,3.4,22049.99,13.2,0.22,2.29,6468.4,0.2,750000.0,2675008.0,13.04,6.873,0.2,14.55,2.94,2.94,2.93,2.95
2013-11-04 00:00:00+00:00,181.7,213.29,3.36,22349.99,13.4,0.22,2.32,12529.2,0.2,750000.0,2675008.0,13.22,6.873,0.2,14.55,2.98,2.97,2.93,2.98
2013-11-05 00:00:00+00:00,181.7,213.29,3.36,22349.99,13.4,0.22,2.32,8314.1,0.2,750000.0,2675008.0,13.22,6.873,0.2,14.55,2.99,2.98,2.98,3.0
2013-11-06 00:00:00+00:00,182.3,214.01,3.34,22424.99,13.4,0.22,2.32,8858.8,0.2,750000.0,2675008.0,13.26,6.873,0.2,14.55,2.99,2.98,2.97,3.01
2013-11-07 00:00:00+00:00,183.2,215.08,3.33,22537.49,13.5,0.22,2.34,14378.1,0.2,750000.0,2675008.0,13.33,6.873,0.2,14.55,3.0,3.0,2.98,3.0
2013-11-08 00:00:00+00:00,184.1,216.15,3.31,22650.0,13.6,0.22,2.35,7889.7,0.2,750000.0,2675008.0,13.4,6.873,0.2,14.55,3.02,3.01,2.99,3.02
2013-11-11 00:00:00+00:00,188.1,220.81,3.24,23137.49,13.8,0.22,2.4,12669.4,0.2,750000.0,2675008.0,13.68,6.873,0.2,14.55,3.09,3.08,3.0,3.09
2013-11-12 00:00:00+00:00,189.3,222.24,3.22,23287.49,13.9,0.22,2.41,19879.0,0.2,750000.0,2675008.0,13.77,6.873,0.2,14.55,3.1,3.1,3.08,3.13
2013-11-13 00:00:00+00:00,190.9,224.03,3.19,23474.99,14.0,0.22,2.43,11151.8,0.2,750000.0,2675008.0,13.88,6.873,0.2,14.55,3.13,3.13,3.1,3.14
2013-11-14 00:00:00+00:00,193.0,226.53,3.16,23737.49,14.2,0.22,2.46,8434.3,0.2,750000.0,2675008.0,14.04,6.452,0.2,15.5,3.16,3.16,3.13,3.18
2013-11-15 00:00:00+00:00,196.6,230.83,3.1,24187.5,14.5,0.22,2.51,20632.5,0.2,750000.0,2675008.0,14.31,6.452,0.2,15.5,3.22,3.22,3.17,3.26
2013-11-18 00:00:00+00:00,197.3,231.54,3.09,24262.49,14.5,0.22,2.51,14328.7,0.2,750000.0,2675008.0,14.35,6.452,0.2,15.5,3.23,3.23,3.2,3.23
2013-11-19 00:00:00+00:00,197.3,231.54,3.09,24262.49,14.5,0.22,2.51,4968.3,0.2,750000.0,2675008.0,14.35,6.452,0.2,15.5,3.28,3.27,,
2013-11-20 00:00:00+00:00,196.6,230.83,3.1,24187.5,14.5,0.22,2.51,12353.1,0.2,750000.0,2675008.0,14.31,6.452,0.2,15.5,3.22,3.22,3.21,3.27
2013-11-21 00:00:00+00:00,195.1,229.04,3.12,24000.0,14.4,0.22,2.49,6412.7,0.2,750000.0,2675008.0,14.2,6.452,0.2,15.5,3.21,3.2,3.2,3.24
2013-11-22 00:00:00+00:00,196.6,230.83,3.1,24187.5,14.5,0.22,2.51,3769.1,0.2,750000.0,2675008.0,14.31,6.452,0.2,15.5,3.23,3.22,3.2,3.24
2013-11-25 00:00:00+00:00,199.4,234.05,3.06,24525.0,14.7,0.22,2.54,8029.4,0.2,750000.0,2675008.0,14.51,6.452,0.2,15.5,3.28,3.27,3.21,3.28
2013-11-26 00:00:00+00:00,198.2,232.62,3.08,24375.0,14.6,0.22,2.53,4612.8,0.2,750000.0,2675008.0,14.42,6.452,0.2,15.5,3.25,3.25,3.25,3.29
2013-11-27 00:00:00+00:00,199.4,234.05,3.06,24525.0,14.7,0.22,2.54,6039.1,0.2,750000.0,2675008.0,14.51,6.452,0.2,15.5,3.27,3.27,3.24,3.29
2013-11-28 00:00:00+00:00,201.2,236.2,3.03,24750.0,14.8,0.22,2.57,25421.2,0.2,750000.0,2675008.0,14.64,6.452,0.2,15.5,3.3,3.3,3.27,3.35
2013-11-29 00:00:00+00:00,202.7,237.98,3.01,24937.5,14.9,0.22,2.58,8401.1,0.2,750000.0,2675008.0,14.75,6.452,0.2,15.5,3.33,3.32,3.3,3.34
2013-12-02 00:00:00+00:00,202.4,237.63,3.01,24900.0,14.9,0.22,2.58,6732.7,0.2,750000.0,2675008.0,14.73,6.452,0.2,15.5,3.32,3.32,3.29,3.33
2013-12-03 00:00:00+00:00,203.0,238.34,3.0,24974.99,14.9,0.22,2.59,4557.7,0.2,750000.0,2675008.0,14.77,6.452,0.2,15.5,3.33,3.33,3.3,3.33
2013-12-04 00:00:00+00:00,205.2,240.85,2.97,25237.49,15.1,0.22,2.62,9803.4,0.2,750000.0,2675008.0,14.93,6.452,0.2,15.5,3.37,3.36,3.3,3.37
2013-12-05 00:00:00+00:00,207.6,243.71,2.94,25537.49,15.3,0.22,2.65,15659.1,0.2,750000.0,2675008.0,15.1,6.452,0.2,15.5,3.41,3.4,3.35,3.41
2013-12-06 00:00:00+00:00,209.1,245.5,2.92,25724.99,15.4,0.22,2.67,8299.2,0.2,750000.0,2675008.0,15.22,6.452,0.2,15.5,3.43,3.43,3.4,3.44
2013-12-09 00:00:00+00:00,208.2,244.43,2.93,25612.49,15.3,0.22,2.65,27164.6,0.2,750000.0,2675008.0,15.15,6.452,0.2,15.5,3.42,3.41,3.41,3.5
2013-12-10 00:00:00+00:00,206.1,241.92,2.96,25349.99,15.2,0.22,2.63,12701.7,0.2,750000.0,2675008.0,14.99,6.452,0.2,15.5,3.38,3.38,3.37,3.42
2013-12-11 00:00:00+00:00,204.3,239.77,2.99,25125.0,15.0,0.22,2.6,6504.3,0.2,750000.0,2675008.0,14.86,6.452,0.2,15.5,3.36,3.35,3.35,3.4
2013-12-12 00:00:00+00:00,205.5,241.21,2.97,25274.99,15.1,0.22,2.62,5550.6,0.2,750000.0,2675008.0,14.95,6.452,0.2,15.5,3.38,3.37,3.35,3.39
2013-12-13 00:00:00+00:00,206.7,242.64,2.95,25424.99,15.2,0.22,2.64,11547.4,0.2,750000.0,2675008.0,15.04,6.452,0.2,15.5,3.39,3.39,3.38,3.43
2013-12-16 00:00:00+00:00,205.8,241.56,2.96,25312.5,15.1,0.22,2.62,6301.1,0.2,750000.0,2675008.0,14.97,6.452,0.2,15.5,3.38,3.38,3.35,3.38
2013-12-17 00:00:00+00:00,205.5,241.21,2.97,25274.99,15.1,0.22,2.62,3884.8,0.2,750000.0,2675008.0,14.95,6.452,0.2,15.5,3.38,3.38,3.36,3.38
2013-12-18 00:00:00+00:00,205.5,241.21,2.97,25274.99,15.1,0.22,2.62,,0.2,750000.0,2675008.0,14.95,6.452,0.2,15.5,,,,
2013-12-19 00:00:00+00:00,205.5,241.21,2.97,25274.99,15.1,0.22,2.62,,0.2,750000.0,2675008.0,14.95,5.935,0.2,16.85,,,,
2013-12-20 00:00:00+00:00,203.0,238.34,3.0,24974.99,14.9,0.22,2.59,9043.5,0.2,750000.0,2675008.0,14.77,5.935,0.2,16.85,3.33,3.33,3.31,3.38
2013-12-23 00:00:00+00:00,200.9,235.84,3.03,24712.5,14.8,0.22,2.56,15037.4,0.2,750000.0,2675008.0,14.62,5.935,0.2,16.85,3.3,3.29,3.26,3.31
2013-12-24 00:00:00+00:00,200.3,235.12,3.04,24637.49,14.7,0.22,2.55,17857.3,0.2,750000.0,2675008.0,14.57,5.935,0.2,16.85,3.29,3.28,3.28,3.35
2013-12-25 00:00:00+00:00,198.2,232.62,3.08,24375.0,14.6,0.22,2.53,25892.8,0.2,750000.0,2675008.0,14.42,5.935,0.2,16.85,3.25,3.25,3.25,3.31
2013-12-26 00:00:00+00:00,194.8,228.68,3.13,23962.49,14.3,0.22,2.48,16019.3,0.2,750000.0,2675008.0,14.17,5.935,0.2,16.85,3.2,3.19,3.19,3.26
2013-12-27 00:00:00+00:00,192.4,225.82,3.17,23662.49,14.2,0.22,2.45,9542.3,0.2,750000.0,2675008.0,14.0,5.935,0.2,16.85,3.18,3.15,3.15,3.22
2013-12-30 00:00:00+00:00,191.2,224.39,3.19,23512.49,14.1,0.22,2.44,17482.1,0.2,750000.0,2675008.0,13.91,5.935,0.2,16.85,3.13,3.13,3.13,3.19
2013-12-31 00:00:00+00:00,190.9,224.03,3.19,23474.99,14.0,0.22,2.43,11614.7,0.2,750000.0,2675008.0,13.88,5.935,0.2,16.85,3.14,3.13,3.11,3.14
2014-01-01 00:00:00+00:00,190.9,224.03,3.19,23474.99,14.0,0.22,2.27,,0.2,750000.0,2883385.0,8.63,5.935,0.2,16.85,,,,
2014-01-02 00:00:00+00:00,198.5,232.97,3.07,24412.49,14.6,0.22,2.36,8754.0,0.2,750000.0,2883385.0,8.98,5.935,0.2,16.85,3.26,3.25,3.13,3.27
2014-01-03 00:00:00+00:00,205.2,240.85,2.97,25237.49,15.1,0.22,2.44,10671.8,0.2,750000.0,2883385.0,9.28,5.935,0.2,16.85,3.37,3.36,3.26,3.36
2014-01-06 00:00:00+00:00,204.0,239.42,2.99,25087.49,15.0,0.22,2.43,14274.8,0.2,750000.0,2883385.0,9.22,5.935,0.2,16.85,3.36,3.34,3.34,3.4
2014-01-07 00:00:00+00:00,205.2,240.85,2.97,25237.49,15.1,0.22,2.44,4554.3,0.2,750000.0,2883385.0,9.28,5.935,0.2,16.85,3.36,3.35,3.31,3.38
2014-01-08 00:00:00+00:00,205.5,241.21,2.97,25274.99,15.1,0.22,2.44,4830.0,0.2,750000.0,2883385.0,9.29,5.935,0.2,16.85,3.37,3.36,3.35,3.38
2014-01-09 00:00:00+00:00,203.7,239.06,2.99,25049.99,15.0,0.22,2.42,10493.6,0.2,750000.0,2883385.0,9.21,5.935,0.2,16.85,3.34,3.33,3.32,3.38
2014-01-10 00:00:00+00:00,205.8,241.56,2.96,25312.5,15.1,0.22,2.45,5350.1,0.2,750000.0,2883385.0,9.31,5.935,0.2,16.85,3.38,3.37,3.33,3.38
2014-01-13 00:00:00+00:00,212.2,249.08,2.87,26099.99,15.6,0.22,2.52,23429.2,0.2,750000.0,2883385.0,9.6,5.935,0.2,16.85,3.48,3.46,3.36,3.48
2014-01-14 00:00:00+00:00,212.2,249.08,2.87,26099.99,15.6,0.22,2.52,10931.8,0.2,750000.0,2883385.0,9.6,5.935,0.2,16.85,3.48,3.48,3.45,3.51
2014-01-15 00:00:00+00:00,212.2,249.08,2.87,26099.99,15.6,0.22,2.52,13327.5,0.2,750000.0,2883385.0,9.6,5.935,0.2,16.85,3.5,3.48,3.44,3.5
2014-01-16 00:00:00+00:00,214.3,251.58,2.84,26362.49,15.8,0.22,2.55,16807.7,0.208,750000.0,2883385.0,9.69,5.987,0.21,16.7,3.52,3.51,3.48,3.53
2014-01-17 00:00:00+00:00,214.3,251.58,2.84,26362.49,15.8,0.22,2.55,6972.7,0.208,750000.0,2883385.0,9.69,5.987,0.21,16.7,3.52,3.51,3.5,3.54
2014-01-20 00:00:00+00:00,213.4,250.51,2.86,26250.0,15.7,0.22,2.54,8180.3,0.208,750000.0,2883385.0,9.65,5.987,0.21,16.7,3.5,3.49,3.48,3.52
2014-01-21 00:00:00+00:00,213.7,250.87,2.85,26287.49,15.7,0.22,2.54,4891.9,0.208,750000.0,2883385.0,9.66,5.987,0.21,16.7,3.5,3.5,3.49,3.52
2014-01-22 00:00:00+00:00,213.4,250.51,2.86,26250.0,15.7,0.22,2.54,3058.7,0.208,750000.0,2883385.0,9.65,5.987,0.21,16.7,3.51,3.5,3.49,3.51
2014-01-23 00:00:00+00:00,213.7,250.87,2.85,26287.49,15.7,0.22,2.54,4242.3,0.208,750000.0,2883385.0,9.66,5.987,0.21,16.7,3.51,3.5,3.49,3.51
2014-01-24 00:00:00+00:00,212.2,249.08,2.87,26099.99,15.6,0.22,2.52,4761.6,0.208,750000.0,2883385.0,9.6,5.987,0.21,16.7,3.48,3.47,3.47,3.5
2014-01-27 00:00:00+00:00,210.1,246.57,2.9,25837.5,15.5,0.22,2.5,7355.5,0.208,750000.0,2883385.0,9.5,5.987,0.21,16.7,3.44,3.43,3.41,3.5
2014-01-28 00:00:00+00:00,209.5,245.86,4.37,25762.49,15.1,0.23,2.49,10071.8,0.208,750000.0,2883385.0,9.47,5.987,0.21,16.7,3.45,3.43,3.41,3.47
2014-01-29 00:00:00+00:00,211.6,248.36,4.32,26024.99,15.3,0.23,2.52,5223.3,0.208,750000.0,2883385.0,9.57,5.987,0.21,16.7,3.47,3.47,3.43,3.47
2014-01-30 00:00:00+00:00,211.6,248.36,4.32,26024.99,15.3,0.23,2.52,3449.0,0.208,750000.0,2883385.0,9.57,5.987,0.21,16.7,3.47,3.46,3.44,3.47
2014-01-31 00:00:00+00:00,211.6,248.36,4.32,26024.99,15.3,0.23,2.52,3387.8,0.208,750000.0,2883385.0,9.57,5.987,0.21,16.7,3.47,3.46,3.45,3.47
2014-02-03 00:00:00+00:00,214.0,251.23,4.27,26324.99,15.5,0.23,2.54,8078.3,0.208,750000.0,2883385.0,9.68,5.987,0.21,16.7,3.51,3.5,3.45,3.51
2014-02-04 00:00:00+00:00,213.1,250.15,4.29,26212.49,15.4,0.23,2.53,9476.8,0.208,750000.0,2883385.0,9.64,5.987,0.21,16.7,3.5,3.49,3.48,3.51
2014-02-05 00:00:00+00:00,214.0,251.23,4.27,26324.99,15.5,0.23,2.54,7147.3,0.208,750000.0,2883385.0,9.68,5.987,0.21,16.7,3.52,3.51,3.49,3.52
2014-02-06 00:00:00+00:00,221.6,260.17,4.13,27262.49,16.0,0.23,2.64,29633.0,0.208,750000.0,2883385.0,10.02,5.987,0.21,16.7,3.64,3.63,3.5,3.65
2014-02-07 00:00:00+00:00,231.1,271.27,3.96,28424.99,16.7,0.23,2.75,27906.8,0.208,750000.0,2883385.0,10.45,5.987,0.21,16.7,3.79,3.78,3.62,3.8
2014-02-10 00:00:00+00:00,237.2,278.42,3.86,29174.99,17.1,0.23,2.82,24905.5,0.208,750000.0,2883385.0,10.73,5.987,0.21,16.7,3.89,3.88,3.79,3.91
2014-02-11 00:00:00+00:00,237.2,278.42,3.86,29174.99,17.1,0.23,2.82,,0.208,750000.0,2883385.0,10.73,5.987,0.21,16.7,,,,
2014-02-12 00:00:00+00:00,243.6,285.94,3.75,29962.49,17.6,0.23,2.9,18588.4,0.208,750000.0,2883385.0,11.02,5.987,0.21,16.7,4.0,3.99,3.91,4.0
2014-02-13 00:00:00+00:00,244.2,286.66,3.75,30037.49,17.6,0.23,2.9,20872.5,0.208,750000.0,2883385.0,11.04,5.987,0.21,16.7,4.01,4.0,3.97,4.06
2014-02-14 00:00:00+00:00,241.8,283.79,3.78,29737.49,17.5,0.23,2.87,9819.0,0.208,750000.0,2883385.0,10.93,5.987,0.21,16.7,3.96,3.96,3.91,4.01
2014-02-17 00:00:00+00:00,237.8,279.14,3.85,29250.0,17.2,0.23,2.83,9045.6,0.208,750000.0,2883385.0,10.75,5.987,0.21,16.7,3.9,3.9,3.89,3.98
2014-02-18 00:00:00+00:00,234.5,275.2,3.9,28837.5,16.9,0.23,2.79,8556.0,0.208,750000.0,2883385.0,10.6,5.987,0.21,16.7,3.85,3.84,3.8,3.9
2014-02-19 00:00:00+00:00,238.1,279.5,3.84,29287.49,17.2,0.23,2.83,12191.7,0.208,750000.0,2883385.0,10.77,5.987,0.21,16.7,3.91,3.9,3.79,3.93
2014-02-20 00:00:00+00:00,238.1,279.5,3.84,29287.49,17.2,0.23,2.83,9141.3,0.217,750000.0,2883385.0,10.77,5.628,0.22,17.77,3.91,3.9,3.89,3.95
2014-02-21 00:00:00+00:00,239.9,281.64,3.81,29512.49,17.3,0.23,2.85,5207.3,0.217,750000.0,2883385.0,10.85,5.628,0.22,17.77,3.93,3.93,3.89,3.96
2014-02-24 00:00:00+00:00,238.1,279.5,3.84,29287.49,17.2,0.23,2.83,9671.5,0.217,750000.0,2883385.0,10.77,5.628,0.22,17.77,3.9,3.9,3.82,3.92
2014-02-25 00:00:00+00:00,237.5,278.78,3.85,29212.49,17.2,0.23,2.82,6367.8,0.217,750000.0,2883385.0,10.74,5.628,0.22,17.77,3.9,3.89,3.85,3.91
2014-02-26 00:00:00+00:00,238.7,280.21,3.83,29362.49,17.2,0.23,2.84,4359.8,0.217,750000.0,2883385.0,10.8,5.628,0.22,17.77,3.92,3.91,3.81,3.92
2014-02-27 00:00:00+00:00,237.5,278.78,3.85,29212.49,17.2,0.23,2.82,10309.2,0.217,750000.0,2883385.0,10.74,5.628,0.22,17.77,3.91,3.89,3.89,3.93
2014-02-28 00:00:00+00:00,237.5,278.78,3.85,29212.49,17.2,0.23,2.82,,0.217,750000.0,2883385.0,10.74,5.628,0.22,17.77,,,,
2014-03-03 00:00:00+00:00,237.5,278.78,3.85,29212.49,17.2,0.23,2.82,,0.217,750000.0,2883385.0,10.74,5.628,0.22,17.77,3.95,3.83,,
2014-03-04 00:00:00+00:00,227.4,277.71,4.02,27974.99,16.4,0.23,2.7,10249.9,0.217,750000.0,2883385.0,10.29,5.628,0.22,17.77,3.73,3.72,3.55,3.79
2014-03-05 00:00:00+00:00,226.8,276.96,4.03,27900.0,16.4,0.23,2.7,30972.3,0.217,750000.0,2883385.0,10.26,5.628,0.22,17.77,3.78,3.72,3.55,3.98
2014-03-06 00:00:00+00:00,235.4,287.39,3.89,28949.99,17.0,0.23,2.8,12431.2,0.217,750000.0,2883385.0,10.64,5.628,0.22,17.77,3.86,3.85,3.79,3.92
2014-03-07 00:00:00+00:00,235.4,287.39,3.89,28949.99,17.0,0.23,2.8,10615.5,0.217,750000.0,2883385.0,10.64,5.628,0.22,17.77,3.86,3.86,3.83,3.89
2014-03-10 00:00:00+00:00,236.0,288.13,3.88,29024.99,17.1,0.23,2.81,7400.7,0.217,750000.0,2883385.0,10.67,5.628,0.22,17.77,3.88,3.87,3.86,3.89
2014-03-11 00:00:00+00:00,236.0,288.13,3.88,29024.99,17.1,0.23,2.81,6876.5,0.217,750000.0,2883385.0,10.67,5.628,0.22,17.77,3.87,3.85,3.84,3.87
2014-03-12 00:00:00+00:00,234.1,285.9,3.91,28799.99,16.9,0.23,2.78,5525.6,0.217,750000.0,2883385.0,10.59,5.628,0.22,17.77,3.84,3.84,3.82,3.86
2014-03-13 00:00:00+00:00,232.9,284.41,3.93,28650.0,16.8,0.23,2.77,4337.5,0.217,750000.0,2883385.0,10.53,5.628,0.22,17.77,3.82,3.82,3.8,3.84
2014-03-14 00:00:00+00:00,232.6,284.04,3.93,28612.49,16.8,0.23,2.77,4438.6,0.217,750000.0,2883385.0,10.52,5.628,0.22,17.77,3.81,3.81,3.79,3.83
2014-03-17 00:00:00+00:00,231.1,282.18,3.96,28424.99,16.7,0.23,2.75,4518.7,0.217,750000.0,2883385.0,10.45,5.628,0.22,17.77,3.8,3.79,3.79,3.82
2014-03-18 00:00:00+00:00,229.3,279.94,3.99,28199.99,16.6,0.23,2.73,4403.8,0.217,750000.0,2883385.0,10.37,5.628,0.22,17.77,3.78,3.76,3.75,3.81
2014-03-19 00:00:00+00:00,234.5,286.27,3.9,28837.5,16.9,0.23,2.79,18367.3,0.217,750000.0,2883385.0,10.6,5.628,0.22,17.77,3.84,3.84,3.75,3.93
2014-03-20 00:00:00+00:00,234.8,286.64,3.9,28875.0,17.0,0.23,2.79,4212.8,0.225,750000.0,2883385.0,10.62,5.984,0.23,16.71,3.85,3.83,3.82,3.86
2014-03-21 00:00:00+00:00,235.1,287.01,3.89,28912.49,17.0,0.23,2.8,5195.2,0.225,750000.0,2883385.0,10.63,5.984,0.23,16.71,3.86,3.85,3.84,3.87
2014-03-24 00:00:00+00:00,234.8,286.64,3.9,28875.0,17.0,0.23,2.79,3554.9,0.225,750000.0,2883385.0,10.62,5.984,0.23,16.71,3.85,3.85,3.81,3.86
2014-03-25 00:00:00+00:00,234.8,286.64,3.9,28875.0,17.0,0.23,2.79,4339.1,0.225,750000.0,2883385.0,10.62,5.984,0.23,16.71,3.85,3.84,3.81,3.85
2014-03-26 00:00:00+00:00,235.1,287.01,3.89,28912.49,17.0,0.23,2.8,4510.4,0.225,750000.0,2883385.0,10.63,5.984,0.23,16.71,3.85,3.84,3.81,3.85
2014-03-27 00:00:00+00:00,235.4,287.39,3.89,28949.99,17.0,0.23,2.8,5862.2,0.225,750000.0,2883385.0,10.64,5.984,0.23,16.71,3.86,3.85,3.82,3.86
2014-03-28 00:00:00+00:00,240.2,293.34,3.81,29549.99,17.4,0.23,2.86,10101.5,0.225,750000.0,2883385.0,10.86,5.984,0.23,16.71,3.94,3.94,3.85,3.94
2014-03-31 00:00:00+00:00,242.1,295.58,3.78,29775.0,17.5,0.23,2.88,19326.3,0.225,750000.0,2883385.0,10.95,5.984,0.23,16.71,3.98,3.97,3.95,4.02
2014-04-01 00:00:00+00:00,250.3,305.63,3.65,30787.49,18.1,0.23,2.98,17034.8,0.225,750000.0,2883385.0,11.32,5.984,0.23,16.71,4.11,4.1,3.98,4.11
2014-04-02 00:00:00+00:00,251.2,306.74,3.64,30900.0,18.2,0.23,2.99,6750.7,0.225,750000.0,2883385.0,11.36,5.984,0.23,16.71,4.12,4.08,4.08,4.14
2014-04-03 00:00:00+00:00,252.1,307.86,3.63,31012.49,18.2,0.23,3.0,6237.1,0.225,750000.0,2883385.0,11.4,5.984,0.23,16.71,4.13,4.13,4.07,4.13
2014-04-04 00:00:00+00:00,258.5,315.68,3.54,31799.99,18.7,0.23,3.07,14663.2,0.225,750000.0,2883385.0,11.69,5.984,0.23,16.71,4.24,4.23,4.1,4.24
2014-04-07 00:00:00+00:00,265.2,323.87,3.45,32625.0,19.2,0.23,3.15,14522.4,0.225,750000.0,2883385.0,11.99,5.984,0.23,16.71,4.36,4.35,4.23,4.35
2014-04-08 00:00:00+00:00,263.1,321.26,3.48,32362.49,19.0,0.23,3.13,17497.0,0.225,750000.0,2883385.0,11.9,5.984,0.23,16.71,4.31,4.3,4.18,4.41
2014-04-09 00:00:00+00:00,267.4,326.47,3.42,32887.49,19.3,0.23,3.18,14189.5,0.225,750000.0,2883385.0,12.09,5.984,0.23,16.71,4.38,4.35,4.3,4.4
2014-04-10 00:00:00+00:00,267.1,326.1,3.42,32849.99,19.3,0.23,3.18,9387.4,0.225,750000.0,2883385.0,12.08,5.984,0.23,16.71,4.39,4.38,4.35,4.41
2014-04-11 00:00:00+00:00,264.0,322.38,3.46,32474.99,19.1,0.23,3.14,12709.6,0.225,750000.0,2883385.0,11.94,5.984,0.23,16.71,4.33,4.31,4.29,4.38
2014-04-14 00:00:00+00:00,263.1,321.26,3.48,32362.49,19.0,0.23,3.13,9916.1,0.225,750000.0,2883385.0,11.9,5.984,0.23,16.71,4.32,4.31,4.29,4.33
2014-04-15 00:00:00+00:00,263.7,322.01,3.47,32437.5,19.1,0.23,3.14,5476.2,0.225,750000.0,2883385.0,11.93,5.984,0.23,16.71,4.33,4.32,4.3,4.33
2014-04-16 00:00:00+00:00,272.0,332.06,3.36,33449.99,19.7,0.23,3.23,23306.4,0.225,750000.0,2883385.0,12.3,5.984,0.23,16.71,4.46,4.46,4.32,4.46
2014-04-17 00:00:00+00:00,287.8,351.42,3.18,35400.0,20.8,0.23,3.42,29788.4,0.233,750000.0,2883385.0,13.01,5.389,0.23,18.56,4.72,4.72,4.5,4.85
2014-04-18 00:00:00+00:00,295.7,361.1,3.09,36375.0,21.4,0.23,3.52,18304.6,0.233,750000.0,2883385.0,13.37,5.389,0.23,18.56,4.85,4.85,4.74,4.85
2014-04-21 00:00:00+00:00,311.0,379.71,2.94,38250.0,22.5,0.23,3.7,27980.1,0.233,750000.0,2883385.0,14.06,5.389,0.23,18.56,5.1,5.09,4.85,5.18
2014-04-22 00:00:00+00:00,304.6,371.89,3.0,37462.5,22.0,0.23,3.62,31857.0,0.233,750000.0,2883385.0,13.77,5.389,0.23,18.56,5.0,4.99,4.94,5.16
2014-04-23 00:00:00+00:00,303.4,370.4,3.02,37312.5,21.9,0.23,3.61,15459.5,0.233,750000.0,2883385.0,13.72,5.389,0.23,18.56,4.97,4.95,4.9,4.97
2014-04-24 00:00:00+00:00,296.6,362.21,3.08,36487.49,21.0,0.23,3.53,14090.1,0.233,750000.0,2883385.0,13.41,5.389,0.23,18.56,4.86,4.84,4.8,4.97
2014-04-25 00:00:00+00:00,293.9,358.86,3.11,36149.99,20.8,0.23,3.49,9810.3,0.233,750000.0,2883385.0,13.29,5.389,0.23,18.56,4.82,4.82,4.79,4.89
2014-04-28 00:00:00+00:00,291.5,355.88,3.14,35849.99,20.7,0.23,3.47,8560.8,0.233,750000.0,2883385.0,13.18,5.389,0.23,18.56,4.78,4.77,4.75,4.81
2014-04-29 00:00:00+00:00,289.0,352.91,3.16,35549.99,20.5,0.23,3.44,8990.5,0.233,750000.0,2883385.0,13.07,5.389,0.23,18.56,4.74,4.7,4.7,4.79
2014-04-30 00:00:00+00:00,294.5,359.61,3.11,36224.99,20.9,0.23,3.5,18396.1,0.233,750000.0,2883385.0,13.32,5.389,0.23,18.56,4.83,4.82,4.67,4.89
2014-05-01 00:00:00+00:00,289.3,353.28,3.16,35587.5,20.5,0.23,3.44,12469.2,0.233,750000.0,2883385.0,13.08,5.389,0.23,18.56,4.77,4.74,4.74,4.89
2014-05-02 00:00:00+00:00,293.6,358.49,3.12,36112.49,20.8,0.23,3.49,11694.8,0.233,750000.0,2883385.0,13.28,5.389,0.23,18.56,4.81,4.8,4.74,4.83
2014-05-05 00:00:00+00:00,293.6,358.49,3.12,36112.49,20.8,0.23,3.49,11156.9,0.233,750000.0,2883385.0,13.28,5.389,0.23,18.56,4.83,4.81,4.8,4.85
2014-05-06 00:00:00+00:00,293.0,357.74,3.12,36037.49,20.8,0.23,3.48,10126.6,0.233,750000.0,2883385.0,13.25,5.389,0.23,18.56,4.81,4.8,4.76,4.82
2014-05-07 00:00:00+00:00,292.7,357.37,3.13,36000.0,20.8,0.23,3.48,4535.9,0.233,750000.0,2883385.0,13.24,5.389,0.23,18.56,4.8,4.78,4.76,4.82
2014-05-08 00:00:00+00:00,298.2,364.07,3.07,36674.99,21.1,0.23,3.55,8848.9,0.233,750000.0,2883385.0,13.48,5.389,0.23,18.56,4.89,4.85,4.78,4.89
2014-05-09 00:00:00+00:00,300.9,367.42,3.04,37012.49,21.3,0.23,3.58,16016.5,0.233,750000.0,2883385.0,13.61,5.389,0.23,18.56,4.94,4.93,4.85,4.96
2014-05-12 00:00:00+00:00,304.9,372.26,3.0,37500.0,21.6,0.23,3.63,19221.5,0.233,750000.0,2883385.0,13.79,5.389,0.23,18.56,5.01,5.0,4.9,5.04
2014-05-13 00:00:00+00:00,306.7,374.5,2.98,37724.99,21.7,0.23,3.65,12580.2,0.233,750000.0,2883385.0,13.87,5.389,0.23,18.56,5.03,4.99,4.97,5.1
2014-05-14 00:00:00+00:00,304.9,372.26,3.0,37500.0,21.6,0.23,3.63,17684.9,0.233,750000.0,2883385.0,13.79,5.389,0.23,18.56,5.0,4.99,4.94,5.03
2014-05-15 00:00:00+00:00,309.8,378.22,2.95,38099.99,22.0,0.23,3.68,25922.2,0.242,750000.0,2883385.0,14.01,4.805,0.24,20.81,5.08,5.05,4.97,5.1
2014-05-16 00:00:00+00:00,307.9,375.99,2.97,37875.0,21.8,0.23,3.66,10120.2,0.242,750000.0,2883385.0,13.92,4.805,0.24,20.81,5.05,5.03,5.03,5.13
2014-05-19 00:00:00+00:00,301.8,368.54,3.03,37125.0,21.4,0.23,3.59,16850.7,0.242,750000.0,2883385.0,13.65,4.805,0.24,20.81,4.95,4.94,4.94,5.07
2014-05-20 00:00:00+00:00,304.3,371.52,3.01,37424.99,21.6,0.23,3.62,15369.0,0.242,750000.0,2883385.0,13.76,4.805,0.24,20.81,4.99,4.96,4.89,5.01
2014-05-21 00:00:00+00:00,306.1,373.75,2.99,37650.0,21.7,0.23,3.64,18486.7,0.242,750000.0,2883385.0,13.84,4.805,0.24,20.81,5.06,5.02,4.95,5.08
2014-05-22 00:00:00+00:00,317.7,387.9,2.88,39074.99,22.5,0.23,3.78,31387.0,0.242,750000.0,2883385.0,14.37,4.805,0.24,20.81,5.22,5.21,5.07,5.23
2014-05-23 00:00:00+00:00,349.4,426.61,2.62,42974.98,24.8,0.23,4.15,52268.5,0.242,750000.0,2883385.0,15.8,4.805,0.24,20.81,,,5.26,5.73
2014-05-26 00:00:00+00:00,357.3,436.29,2.56,43949.96,25.3,0.23,4.25,78309.9,0.242,750000.0,2883385.0,16.16,4.805,0.24,20.81,5.86,5.81,5.73,5.99
2014-05-27 00:00:00+00:00,368.9,450.44,2.48,45375.0,26.2,0.23,4.39,49894.3,0.242,750000.0,2883385.0,16.68,4.805,0.24,20.81,6.05,6.04,5.9,6.05
2014-05-28 00:00:00+00:00,364.0,444.48,2.51,44774.97,25.8,0.23,4.33,30244.6,0.242,750000.0,2883385.0,16.46,4.805,0.24,20.81,5.98,5.97,5.87,6.07
2014-05-29 00:00:00+00:00,400.0,488.41,2.29,49199.96,28.4,0.23,4.76,167603.7,0.242,750000.0,2883385.0,18.09,4.805,0.24,20.81,,6.56,6.0,6.56
2014-05-30 00:00:00+00:00,390.2,476.5,2.34,48000.0,27.7,0.23,4.64,63473.5,0.242,750000.0,2883385.0,17.65,4.805,0.24,20.81,6.4,6.39,6.31,6.7
2014-06-02 00:00:00+00:00,375.0,457.88,2.44,46124.97,26.6,0.23,4.46,81801.1,0.242,750000.0,2883385.0,16.96,4.805,0.24,20.81,6.15,6.13,5.99,6.43
2014-06-03 00:00:00+00:00,362.2,442.25,2.53,44549.98,25.7,0.23,4.31,52592.3,0.242,750000.0,2883385.0,16.38,4.805,0.24,20.81,5.94,5.91,5.72,6.15
2014-06-04 00:00:00+00:00,356.7,435.55,2.56,43874.96,25.3,0.23,4.24,24210.9,0.242,750000.0,2883385.0,16.13,4.805,0.24,20.81,5.87,5.85,5.7,5.95
2014-06-05 00:00:00+00:00,362.8,442.99,2.52,44624.98,25.7,0.23,4.31,20658.9,0.242,750000.0,2883385.0,16.41,4.805,0.24,20.81,5.95,5.92,5.85,5.98
2014-06-06 00:00:00+00:00,353.0,431.08,2.59,43424.97,25.0,0.23,4.2,21376.8,0.242,750000.0,2883385.0,15.97,4.805,0.24,20.81,5.79,5.78,5.79,6.05
2014-06-09 00:00:00+00:00,335.4,409.49,2.73,41250.0,23.8,0.23,3.99,45648.0,0.242,750000.0,2883385.0,15.17,4.805,0.24,20.81,5.51,5.5,5.48,5.81
2014-06-10 00:00:00+00:00,328.0,400.55,2.79,40349.99,23.3,0.23,3.9,29120.3,0.242,750000.0,2883385.0,14.83,4.805,0.24,20.81,5.38,5.3,5.18,5.52
2014-06-11 00:00:00+00:00,323.2,394.6,2.83,39750.0,22.9,0.23,3.84,28758.8,0.242,750000.0,2883385.0,14.61,4.805,0.24,20.81,5.3,5.29,5.22,5.5
2014-06-12 00:00:00+00:00,328.7,401.3,2.78,40424.99,23.3,0.23,3.91,22479.9,0.242,750000.0,2883385.0,14.86,4.805,0.24,20.81,5.4,5.39,5.29,5.4
2014-06-13 00:00:00+00:00,324.4,396.09,2.82,39900.0,23.0,0.23,3.86,12628.0,0.242,750000.0,2883385.0,14.67,4.805,0.24,20.81,5.34,5.32,5.3,5.41
2014-06-16 00:00:00+00:00,315.2,384.92,2.9,38775.0,22.4,0.23,3.75,21966.5,0.242,750000.0,2883385.0,14.26,4.805,0.24,20.81,5.18,5.17,5.11,5.31
2014-06-17 00:00:00+00:00,318.9,389.39,2.87,39224.99,22.6,0.23,3.79,33995.2,0.242,750000.0,2883385.0,14.42,4.805,0.24,20.81,5.27,5.23,5.0,5.33
2014-06-18 00:00:00+00:00,318.3,388.64,2.87,39149.99,22.6,0.23,3.78,15619.6,0.242,750000.0,2883385.0,14.39,4.805,0.24,20.81,5.23,5.22,5.16,5.34
2014-06-19 00:00:00+00:00,312.2,381.2,2.93,38400.0,22.1,0.23,3.71,11992.0,0.25,750000.0,2883385.0,14.12,4.78,0.25,20.92,5.18,5.12,5.12,5.26
2014-06-20 00:00:00+00:00,307.9,375.99,2.97,37875.0,21.8,0.23,3.66,12660.0,0.25,750000.0,2883385.0,13.92,4.78,0.25,20.92,5.05,5.04,5.03,5.13
2014-06-23 00:00:00+00:00,301.8,368.54,3.03,37125.0,21.4,0.23,3.59,12449.4,0.25,750000.0,2883385.0,13.65,4.78,0.25,20.92,4.97,4.95,4.94,5.05
2014-06-24 00:00:00+00:00,307.3,375.24,2.98,37799.99,21.8,0.23,3.65,12980.9,0.25,750000.0,2883385.0,13.9,4.78,0.25,20.92,5.04,5.02,4.95,5.05
2014-06-25 00:00:00+00:00,307.3,375.24,2.98,37799.99,21.8,0.23,3.65,21995.0,0.25,750000.0,2883385.0,13.9,4.78,0.25,20.92,5.05,5.04,5.01,5.16
2014-06-26 00:00:00+00:00,292.7,357.37,3.13,36000.0,20.8,0.23,3.48,15814.9,0.25,750000.0,2883385.0,13.24,4.78,0.25,20.92,4.8,4.77,4.8,5.1
2014-06-27 00:00:00+00:00,283.5,346.2,3.23,34875.0,20.1,0.23,3.37,14935.8,0.25,750000.0,2883385.0,12.82,4.78,0.25,20.92,4.65,4.64,4.53,4.8
2014-06-30 00:00:00+00:00,277.4,338.76,3.3,34125.0,19.7,0.23,3.3,15109.7,0.25,750000.0,2883385.0,12.55,4.78,0.25,20.92,4.55,4.52,4.48,4.72
2014-07-01 00:00:00+00:00,304.9,372.26,3.0,37500.0,21.6,0.23,3.63,33944.4,0.25,750000.0,2883385.0,13.79,4.78,0.25,20.92,,5.0,4.48,5.0
2014-07-02 00:00:00+00:00,314.0,383.43,2.91,38625.0,22.3,0.23,3.73,33377.7,0.25,750000.0,2883385.0,14.2,4.78,0.25,20.92,5.15,5.14,5.05,5.28
2014-07-03 00:00:00+00:00,306.7,374.5,2.98,37724.99,21.7,0.23,3.65,23941.5,0.25,750000.0,2883385.0,13.87,4.78,0.25,20.92,5.03,5.0,4.97,5.2
2014-07-04 00:00:00+00:00,304.9,372.26,3.0,37500.0,21.6,0.23,3.63,7842.4,0.25,750000.0,2883385.0,13.79,4.78,0.25,20.92,5.0,4.99,4.95,5.07
2014-07-07 00:00:00+00:00,306.1,373.75,2.99,37650.0,21.7,0.23,3.64,7320.5,0.25,750000.0,2883385.0,13.84,4.78,0.25,20.92,5.02,4.97,4.92,5.02
2014-07-08 00:00:00+00:00,317.1,387.15,2.88,39000.0,22.5,0.23,3.77,23162.9,0.25,750000.0,2883385.0,14.34,4.78,0.25,20.92,5.23,5.2,5.0,5.27
2014-07-09 00:00:00+00:00,322.0,393.11,2.84,39599.99,22.8,0.23,3.83,16942.4,0.25,750000.0,2883385.0,14.56,4.78,0.25,20.92,5.29,5.28,5.2,5.31
2014-07-10 00:00:00+00:00,336.0,410.23,2.72,41324.99,23.8,0.23,4.0,33123.5,0.25,750000.0,2883385.0,15.19,4.78,0.25,20.92,5.52,5.51,5.27,5.58
2014-07-11 00:00:00+00:00,332.9,406.51,2.75,40949.99,23.6,0.23,3.96,20598.5,0.25,750000.0,2883385.0,15.06,4.78,0.25,20.92,5.46,5.45,5.46,5.65
2014-07-14 00:00:00+00:00,332.3,405.77,2.75,40875.0,23.6,0.23,3.95,20053.1,0.25,750000.0,2883385.0,15.03,4.78,0.25,20.92,5.47,5.45,5.36,5.62
2014-07-15 00:00:00+00:00,332.3,405.77,2.75,40875.0,23.6,0.23,3.95,,0.25,750000.0,2883385.0,15.03,4.78,0.25,20.92,5.54,5.4,,
2014-07-16 00:00:00+00:00,336.0,410.23,2.72,41324.99,23.8,0.23,4.0,22501.4,0.25,750000.0,2883385.0,15.19,4.78,0.25,20.92,5.53,5.51,5.49,5.61
2014-07-17 00:00:00+00:00,336.6,410.98,2.72,41400.0,23.9,0.23,4.0,14530.9,0.258,750000.0,2883385.0,15.22,4.74,0.26,21.1,5.55,5.52,5.5,5.63
2014-07-18 00:00:00+00:00,334.1,408.0,2.74,41099.99,23.7,0.23,3.97,11326.1,0.258,750000.0,2883385.0,15.11,4.74,0.26,21.1,5.49,5.48,5.45,5.6
2014-07-21 00:00:00+00:00,335.4,409.49,2.73,41250.0,23.8,0.23,3.99,4792.2,0.258,750000.0,2883385.0,15.17,4.74,0.26,21.1,5.52,5.5,5.43,5.55
2014-07-22 00:00:00+00:00,342.1,417.68,2.67,42074.99,23.6,0.24,4.07,14662.6,0.258,750000.0,2883385.0,15.47,4.74,0.26,21.1,5.62,5.61,5.45,5.61
2014-07-23 00:00:00+00:00,342.7,418.42,2.67,42149.99,23.6,0.24,4.07,17998.2,0.258,750000.0,2883385.0,15.5,4.74,0.26,21.1,5.65,5.62,5.54,5.74
2014-07-24 00:00:00+00:00,326.8,399.07,2.8,40199.99,22.5,0.24,3.89,18232.0,0.258,750000.0,2883385.0,14.78,4.74,0.26,21.1,5.38,5.36,5.33,5.62
2014-07-25 00:00:00+00:00,324.4,396.09,2.82,39900.0,22.3,0.24,3.86,9906.3,0.258,750000.0,2883385.0,14.67,4.74,0.26,21.1,5.32,5.31,5.25,5.4
2014-07-28 00:00:00+00:00,324.4,396.09,2.82,39900.0,22.3,0.24,3.86,,0.258,750000.0,2883385.0,14.67,4.74,0.26,21.1,,,,
2014-07-29 00:00:00+00:00,324.4,396.09,2.82,39900.0,22.3,0.24,3.86,,0.258,750000.0,2883385.0,14.67,4.74,0.26,21.1,,,,
2014-07-30 00:00:00+00:00,324.4,396.09,2.82,39900.0,22.3,0.24,3.86,,0.258,750000.0,2883385.0,14.67,4.74,0.26,21.1,,,,
2014-07-31 00:00:00+00:00,324.4,396.09,2.82,39900.0,22.3,0.24,3.86,,0.258,750000.0,2883385.0,14.67,4.74,0.26,21.1,,,,
2014-08-01 00:00:00+00:00,322.0,393.11,2.84,39599.99,22.2,0.24,3.83,7009.6,0.258,750000.0,2883385.0,14.56,4.74,0.26,21.1,5.32,5.28,5.28,5.4
2014-08-04 00:00:00+00:00,325.0,396.83,2.81,39974.99,22.4,0.24,3.86,10248.0,0.258,750000.0,2883385.0,14.7,4.74,0.26,21.1,5.33,5.29,5.28,5.38
2014-08-05 00:00:00+00:00,330.5,403.53,2.77,40650.0,22.8,0.24,3.93,9304.2,0.258,750000.0,2883385.0,14.95,4.74,0.26,21.1,5.42,5.4,5.3,5.42
2014-08-06 00:00:00+00:00,331.1,404.28,2.76,40724.99,22.8,0.24,3.94,6793.1,0.258,750000.0,2883385.0,14.97,4.74,0.26,21.1,5.43,5.38,5.35,5.44
2014-08-07 00:00:00+00:00,328.0,400.55,2.79,40349.99,22.6,0.24,3.9,6652.2,0.258,750000.0,2883385.0,14.83,4.74,0.26,21.1,5.38,5.37,5.35,5.43
2014-08-08 00:00:00+00:00,328.7,401.3,2.78,40424.99,22.6,0.24,3.91,8135.2,0.258,750000.0,2883385.0,14.86,4.74,0.26,21.1,5.39,5.38,5.32,5.4
2014-08-11 00:00:00+00:00,329.3,402.04,2.78,40500.0,22.7,0.24,3.92,7523.9,0.258,750000.0,2883385.0,14.89,4.74,0.26,21.1,5.4,5.38,5.34,5.4
2014-08-12 00:00:00+00:00,332.3,405.77,2.75,40875.0,22.9,0.24,3.95,13909.1,0.258,750000.0,2883385.0,15.03,4.74,0.26,21.1,5.46,5.45,5.38,5.5
2014-08-13 00:00:00+00:00,344.5,420.66,2.65,42375.0,23.7,0.24,4.1,21375.6,0.258,750000.0,2883385.0,15.58,4.74,0.26,21.1,5.65,5.62,5.45,5.65
2014-08-14 00:00:00+00:00,338.4,413.21,2.7,41625.0,23.3,0.24,4.02,10335.0,0.267,750000.0,2883385.0,15.3,4.893,0.27,20.44,5.55,5.52,5.51,5.69
2014-08-15 00:00:00+00:00,334.1,408.0,2.74,41099.99,23.0,0.24,3.97,6821.4,0.267,750000.0,2883385.0,15.11,4.893,0.27,20.44,5.48,5.47,5.43,5.54
2014-08-18 00:00:00+00:00,341.5,416.93,2.68,42000.0,23.5,0.24,4.06,13564.4,0.267,750000.0,2883385.0,15.44,4.893,0.27,20.44,5.61,5.6,5.47,5.61
2014-08-19 00:00:00+00:00,340.2,415.45,2.69,41849.99,23.4,0.24,4.05,8279.1,0.267,750000.0,2883385.0,15.39,4.893,0.27,20.44,5.58,5.57,5.58,5.67
2014-08-20 00:00:00+00:00,346.3,422.89,2.64,42599.99,23.9,0.24,4.12,18134.0,0.267,750000.0,2883385.0,15.66,4.893,0.27,20.44,5.69,5.68,5.53,5.7
2014-08-21 00:00:00+00:00,350.0,427.36,2.61,43049.98,24.1,0.24,4.16,20946.3,0.267,750000.0,2883385.0,15.83,4.893,0.27,20.44,5.77,5.74,5.65,5.82
2014-08-22 00:00:00+00:00,344.5,420.66,2.65,42375.0,23.7,0.24,4.1,10448.6,0.267,750000.0,2883385.0,15.58,4.893,0.27,20.44,5.69,5.65,5.65,5.8
2014-08-25 00:00:00+00:00,350.6,428.1,2.61,43124.98,24.2,0.24,4.17,14508.1,0.267,750000.0,2883385.0,15.86,4.893,0.27,20.44,5.8,5.75,5.62,5.83
2014-08-26 00:00:00+00:00,351.8,429.59,2.6,43274.98,24.2,0.24,4.18,9294.3,0.267,750000.0,2883385.0,15.91,4.893,0.27,20.44,5.77,5.75,5.7,5.81
2014-08-27 00:00:00+00:00,343.9,419.91,2.66,42299.99,23.7,0.24,4.09,12847.1,0.267,750000.0,2883385.0,15.55,4.893,0.27,20.44,5.64,5.63,5.62,5.8
2014-08-28 00:00:00+00:00,317.1,387.15,2.88,39000.0,21.8,0.24,3.77,23849.9,0.267,750000.0,2883385.0,14.34,4.893,0.27,20.44,5.56,5.2,5.2,5.67
2014-08-29 00:00:00+00:00,337.2,411.72,2.71,41474.99,23.2,0.24,4.01,19386.4,0.267,750000.0,2883385.0,15.25,4.893,0.27,20.44,5.54,5.53,5.47,5.67
2014-09-01 00:00:00+00:00,347.0,423.64,2.64,42674.99,23.9,0.24,4.13,10876.3,0.267,750000.0,2883385.0,15.69,4.893,0.27,20.44,5.69,5.59,5.51,5.69
2014-09-02 00:00:00+00:00,343.3,419.17,2.66,42224.99,23.6,0.24,4.08,10445.7,0.267,750000.0,2883385.0,15.52,4.893,0.27,20.44,5.66,5.63,5.63,5.71
2014-09-03 00:00:00+00:00,342.1,417.68,2.67,42074.99,23.6,0.24,4.07,8520.2,0.267,750000.0,2883385.0,15.47,4.893,0.27,20.44,5.61,5.59,5.59,5.65
2014-09-04 00:00:00+00:00,343.3,419.17,2.66,42224.99,23.6,0.24,4.08,15628.8,0.267,750000.0,2883385.0,15.52,4.893,0.27,20.44,5.63,5.62,5.61,5.72
2014-09-05 00:00:00+00:00,343.3,419.17,2.66,42224.99,23.6,0.24,4.08,8903.9,0.267,750000.0,2883385.0,15.52,4.893,0.27,20.44,5.63,5.62,5.59,5.69
2014-09-08 00:00:00+00:00,342.7,418.42,2.67,42149.99,23.6,0.24,4.07,10910.4,0.267,750000.0,2883385.0,15.5,4.893,0.27,20.44,5.62,5.61,5.6,5.67
2014-09-09 00:00:00+00:00,342.7,418.42,2.67,42149.99,23.6,0.24,4.07,7456.8,0.267,750000.0,2883385.0,15.5,4.893,0.27,20.44,5.62,5.61,5.62,5.67
2014-09-10 00:00:00+00:00,342.1,417.68,2.67,42074.99,23.6,0.24,4.07,6620.2,0.267,750000.0,2883385.0,15.47,4.893,0.27,20.44,5.61,5.6,5.6,5.67
2014-09-11 00:00:00+00:00,343.3,419.17,2.66,42224.99,23.6,0.24,4.08,6656.9,0.267,750000.0,2883385.0,15.52,4.893,0.27,20.44,5.63,5.6,5.58,5.63
2014-09-12 00:00:00+00:00,344.5,420.66,2.65,42375.0,23.7,0.24,4.1,4949.1,0.267,750000.0,2883385.0,15.58,4.893,0.27,20.44,5.65,5.63,5.6,5.67
2014-09-15 00:00:00+00:00,343.3,419.17,2.66,42224.99,23.6,0.24,4.08,4167.2,0.267,750000.0,2883385.0,15.52,4.893,0.27,20.44,5.64,5.63,5.62,5.66
2014-09-16 00:00:00+00:00,345.1,421.4,2.65,42449.99,23.8,0.24,4.1,18828.7,0.267,750000.0,2883385.0,15.61,4.893,0.27,20.44,5.66,5.65,5.65,5.73
2014-09-17 00:00:00+00:00,344.5,420.66,2.65,42375.0,23.7,0.24,4.1,4961.5,0.267,750000.0,2883385.0,15.58,4.893,0.27,20.44,5.66,5.65,5.64,5.71
2014-09-18 00:00:00+00:00,350.0,427.36,2.61,43049.98,24.1,0.24,4.16,10915.1,0.275,750000.0,2883385.0,15.83,4.859,0.28,20.58,5.74,5.68,5.62,5.74
2014-09-19 00:00:00+00:00,344.5,420.66,2.65,42375.0,23.7,0.24,4.1,9405.4,0.275,750000.0,2883385.0,15.58,4.859,0.28,20.58,5.65,5.64,5.64,5.73
2014-09-22 00:00:00+00:00,344.5,420.66,2.65,42375.0,23.7,0.24,4.1,7816.4,0.275,750000.0,2883385.0,15.58,4.859,0.28,20.58,5.67,5.65,5.64,5.69
2014-09-23 00:00:00+00:00,342.1,417.68,2.67,42074.99,23.6,0.24,4.07,10348.1,0.275,750000.0,2883385.0,15.47,4.859,0.28,20.58,5.65,5.61,5.59,5.67
2014-09-24 00:00:00+00:00,342.1,417.68,2.67,42074.99,23.6,0.24,4.07,10532.5,0.275,750000.0,2883385.0,15.47,4.859,0.28,20.58,5.61,5.6,5.57,5.65
2014-09-25 00:00:00+00:00,340.9,416.19,2.68,41924.99,23.5,0.24,4.05,5464.8,0.275,750000.0,2883385.0,15.41,4.859,0.28,20.58,5.59,5.56,5.56,5.6
2014-09-26 00:00:00+00:00,337.8,412.47,2.71,41549.99,23.3,0.24,4.02,4751.1,0.275,750000.0,2883385.0,15.28,4.859,0.28,20.58,5.55,5.54,5.53,5.59
2014-09-29 00:00:00+00:00,339.0,413.96,2.7,41699.99,23.4,0.24,4.03,10550.4,0.275,750000.0,2883385.0,15.33,4.859,0.28,20.58,5.59,5.56,5.52,5.6
2014-09-30 00:00:00+00:00,339.6,414.7,2.69,41775.0,23.4,0.24,4.04,10142.4,0.275,750000.0,2883385.0,15.36,4.859,0.28,20.58,5.6,5.57,5.56,5.6
2014-10-01 00:00:00+00:00,339.0,413.96,2.7,41699.99,23.4,0.24,4.03,9800.8,0.275,750000.0,2883385.0,15.33,4.859,0.28,20.58,5.56,5.52,5.51,5.6
2014-10-02 00:00:00+00:00,340.2,415.45,2.69,41849.99,23.4,0.24,4.05,4508.8,0.275,750000.0,2883385.0,15.39,4.859,0.28,20.58,5.59,5.58,5.52,5.58
2014-10-03 00:00:00+00:00,340.2,415.45,2.69,41849.99,23.4,0.24,4.05,,0.275,750000.0,2883385.0,15.39,4.859,0.28,20.58,,,,
2014-10-06 00:00:00+00:00,340.2,415.45,2.69,41849.99,23.4,0.24,4.05,,0.275,750000.0,2883385.0,15.39,4.859,0.28,20.58,,,,
2014-10-07 00:00:00+00:00,340.2,415.45,2.69,41849.99,23.4,0.24,4.05,,0.275,750000.0,2883385.0,15.39,4.859,0.28,20.58,,,,
2014-10-08 00:00:00+00:00,340.2,415.45,2.69,41849.99,23.4,0.24,4.05,,0.275,750000.0,2883385.0,15.39,4.859,0.28,20.58,,,,
2014-10-09 00:00:00+00:00,340.2,415.45,2.69,41849.99,23.4,0.24,4.05,,0.275,750000.0,2883385.0,15.39,4.859,0.28,20.58,,,,
2014-10-10 00:00:00+00:00,324.4,396.09,2.82,39900.0,22.3,0.24,3.86,18612.1,0.275,750000.0,2883385.0,14.67,4.859,0.28,20.58,5.32,5.31,5.28,5.53
2014-10-13 00:00:00+00:00,323.8,395.34,2.82,39824.99,22.3,0.24,3.85,11369.4,0.275,750000.0,2883385.0,14.64,4.859,0.28,20.58,5.33,5.31,5.25,5.35
2014-10-14 00:00:00+00:00,325.6,397.58,2.81,40049.99,22.4,0.24,3.87,7205.9,0.275,750000.0,2883385.0,14.72,4.859,0.28,20.58,5.34,5.32,5.25,5.34
2014-10-15 00:00:00+00:00,322.6,393.85,2.84,39674.99,22.2,0.24,3.84,9469.0,0.275,750000.0,2883385.0,14.59,4.859,0.28,20.58,5.3,5.29,5.26,5.35
2014-10-16 00:00:00+00:00,312.8,381.94,2.92,38474.99,21.5,0.24,3.72,12792.1,0.283,750000.0,2883385.0,14.15,5.306,0.28,18.85,5.14,5.13,5.06,5.26
2014-10-17 00:00:00+00:00,318.9,389.39,2.87,39224.99,22.0,0.24,3.79,12257.6,0.283,750000.0,2883385.0,14.42,5.306,0.28,18.85,5.25,5.23,5.2,5.3
2014-10-20 00:00:00+00:00,306.1,373.75,2.99,37650.0,21.1,0.24,3.64,13192.8,0.283,750000.0,2883385.0,13.84,5.306,0.28,18.85,5.05,5.02,5.02,5.29
2014-10-21 00:00:00+00:00,312.2,381.2,2.93,38400.0,20.4,0.25,3.71,11207.3,0.283,750000.0,2883385.0,14.12,5.306,0.28,18.85,5.14,5.12,4.9,5.13
2014-10-22 00:00:00+00:00,321.3,392.37,2.85,39525.0,21.0,0.25,3.82,18379.1,0.283,750000.0,2883385.0,14.53,5.306,0.28,18.85,5.27,5.26,5.13,5.31
2014-10-23 00:00:00+00:00,323.2,394.6,2.83,39750.0,21.2,0.25,3.84,8262.7,0.283,750000.0,2883385.0,14.61,5.306,0.28,18.85,5.31,5.3,5.21,5.3
2014-10-24 00:00:00+00:00,322.6,393.85,2.84,39674.99,21.1,0.25,3.84,4311.2,0.283,750000.0,2883385.0,14.59,5.306,0.28,18.85,5.29,5.28,5.26,5.36
2014-10-27 00:00:00+00:00,317.1,387.15,2.88,39000.0,20.8,0.25,3.77,5123.6,0.283,750000.0,2883385.0,14.34,5.306,0.28,18.85,5.2,5.19,5.17,5.3
2014-10-28 00:00:00+00:00,315.9,385.66,2.9,38849.99,20.7,0.25,3.76,7279.5,0.283,750000.0,2883385.0,14.28,5.306,0.28,18.85,5.2,5.18,5.15,5.26
2014-10-29 00:00:00+00:00,320.1,390.88,2.86,39375.0,21.0,0.25,3.81,6185.2,0.283,750000.0,2883385.0,14.48,5.306,0.28,18.85,5.25,5.22,5.18,5.25
2014-10-30 00:00:00+00:00,311.0,379.71,2.94,38250.0,20.4,0.25,3.7,22046.3,0.283,750000.0,2883385.0,14.06,5.306,0.28,18.85,5.13,5.1,5.1,5.3
2014-10-31 00:00:00+00:00,312.8,381.94,2.92,38474.99,20.5,0.25,3.72,7715.0,0.283,750000.0,2883385.0,14.15,5.306,0.28,18.85,5.15,5.13,5.13,5.22
2014-11-03 00:00:00+00:00,315.2,384.92,2.9,38775.0,20.6,0.25,3.75,10006.9,0.283,750000.0,2883385.0,14.26,5.306,0.28,18.85,5.17,5.15,5.06,5.17
2014-11-04 00:00:00+00:00,314.0,383.43,2.91,38625.0,20.6,0.25,3.73,3857.9,0.283,750000.0,2883385.0,14.2,5.306,0.28,18.85,5.15,5.14,5.11,5.17
2014-11-05 00:00:00+00:00,306.7,374.5,2.98,37724.99,20.1,0.25,3.65,7477.2,0.283,750000.0,2883385.0,13.87,5.306,0.28,18.85,5.03,5.02,5.03,5.15
2014-11-06 00:00:00+00:00,306.1,373.75,2.99,37650.0,20.0,0.25,3.64,6451.1,0.283,750000.0,2883385.0,13.84,5.306,0.28,18.85,5.02,5.01,5.01,5.09
2014-11-07 00:00:00+00:00,306.7,374.5,2.98,37725.0,20.1,0.25,3.65,9119.0,0.283,750000.0,2883385.0,13.87,5.306,0.28,18.85,5.03,5.02,4.98,5.05
2014-11-10 00:00:00+00:00,307.3,375.24,2.98,37799.99,20.1,0.25,3.65,5068.3,0.283,750000.0,2883385.0,13.9,5.306,0.28,18.85,5.04,5.02,5.01,5.04
2014-11-11 00:00:00+00:00,306.1,373.75,2.99,37650.0,20.0,0.25,3.64,6279.1,0.283,750000.0,2883385.0,13.84,5.306,0.28,18.85,5.04,5.02,5.01,5.07
2014-11-12 00:00:00+00:00,306.1,373.75,2.99,37650.0,20.0,0.25,3.64,6271.4,0.283,750000.0,2883385.0,13.84,5.306,0.28,18.85,5.04,5.02,4.99,5.05
2014-11-13 00:00:00+00:00,304.9,372.26,3.0,37500.0,20.0,0.25,3.63,5426.6,0.283,750000.0,2883385.0,13.79,5.306,0.28,18.85,5.04,5.0,5.0,5.05
2014-11-14 00:00:00+00:00,304.6,371.89,3.0,37462.5,19.9,0.25,3.62,3987.6,0.283,750000.0,2883385.0,13.77,5.306,0.28,18.85,4.99,4.97,4.95,5.04
2014-11-17 00:00:00+00:00,303.4,370.4,3.02,37312.5,19.9,0.25,3.61,8555.5,0.283,750000.0,2883385.0,13.72,5.306,0.28,18.85,4.97,4.97,4.96,5.03
2014-11-18 00:00:00+00:00,304.9,372.26,3.0,37500.0,20.0,0.25,3.63,7785.6,0.283,750000.0,2883385.0,13.79,5.306,0.28,18.85,5.0,4.99,4.97,5.03
2014-11-19 00:00:00+00:00,313.4,382.69,2.92,38549.99,20.5,0.25,3.73,17242.6,0.283,750000.0,2883385.0,14.17,5.306,0.28,18.85,5.14,5.08,4.99,5.15
2014-11-20 00:00:00+00:00,309.8,378.22,2.95,38100.0,20.3,0.25,3.68,6676.5,0.292,750000.0,2883385.0,14.01,5.833,0.29,17.14,5.08,5.06,5.04,5.16
2014-11-21 00:00:00+00:00,304.9,372.26,3.0,37500.0,20.0,0.25,3.63,11138.0,0.292,750000.0,2883385.0,13.79,5.833,0.29,17.14,5.0,4.99,4.99,5.08
2014-11-24 00:00:00+00:00,307.3,375.24,2.98,37799.99,20.1,0.25,3.65,10981.1,0.292,750000.0,2883385.0,13.9,5.833,0.29,17.14,5.04,4.94,4.9,5.04
2014-11-25 00:00:00+00:00,298.8,364.82,3.06,36750.0,19.6,0.25,3.55,20051.9,0.292,750000.0,2883385.0,13.51,5.833,0.29,17.14,5.0,4.9,4.9,5.04
2014-11-26 00:00:00+00:00,304.0,371.15,3.01,37387.5,19.9,0.25,3.61,8710.3,0.292,750000.0,2883385.0,13.75,5.833,0.29,17.14,4.98,4.95,4.91,4.98
2014-11-27 00:00:00+00:00,294.2,359.23,3.11,36187.5,19.3,0.25,3.5,17057.5,0.292,750000.0,2883385.0,13.3,5.833,0.29,17.14,4.82,4.79,4.74,4.93
2014-11-28 00:00:00+00:00,280.2,342.11,3.26,34462.5,18.3,0.25,3.33,18090.1,0.292,750000.0,2883385.0,12.67,5.833,0.29,17.14,4.59,4.58,4.48,4.65
2014-12-01 00:00:00+00:00,279.9,341.74,3.27,34424.99,18.3,0.25,3.33,10882.7,0.292,750000.0,2883385.0,12.66,5.833,0.29,17.14,4.6,4.59,4.51,4.63
2014-12-02 00:00:00+00:00,279.3,340.99,3.28,34350.0,18.3,0.25,3.32,18907.9,0.292,750000.0,2883385.0,12.63,5.833,0.29,17.14,4.58,4.58,4.5,4.73
2014-12-03 00:00:00+00:00,277.1,338.39,3.3,34087.49,18.1,0.25,3.3,9228.7,0.292,750000.0,2883385.0,12.53,5.833,0.29,17.14,4.54,4.54,4.5,4.59
2014-12-04 00:00:00+00:00,281.7,343.97,3.25,34650.0,18.4,0.25,3.35,10162.8,0.292,750000.0,2883385.0,12.74,5.833,0.29,17.14,4.65,4.62,4.52,4.66
2014-12-05 00:00:00+00:00,283.5,346.2,3.23,34875.0,18.6,0.25,3.37,5288.4,0.292,750000.0,2883385.0,12.82,5.833,0.29,17.14,4.66,4.63,4.59,4.68
2014-12-08 00:00:00+00:00,282.0,344.34,3.24,34687.5,18.5,0.25,3.35,3290.6,0.292,750000.0,2883385.0,12.75,5.833,0.29,17.14,4.63,4.62,4.6,4.66
2014-12-09 00:00:00+00:00,277.1,338.39,3.3,34087.49,18.1,0.25,3.3,8345.5,0.292,750000.0,2883385.0,12.53,5.833,0.29,17.14,4.54,4.53,4.5,4.6
2014-12-10 00:00:00+00:00,277.1,338.39,3.3,34087.49,18.1,0.25,3.3,6113.8,0.292,750000.0,2883385.0,12.53,5.833,0.29,17.14,4.54,4.53,4.49,4.56
2014-12-11 00:00:00+00:00,264.6,323.12,3.46,32549.99,17.3,0.25,3.15,10586.8,0.292,750000.0,2883385.0,11.97,5.833,0.29,17.14,4.36,4.34,4.26,4.5
2014-12-12 00:00:00+00:00,243.9,297.81,3.75,30000.0,16.0,0.25,2.9,26603.3,0.292,750000.0,2883385.0,11.03,5.833,0.29,17.14,4.01,4.0,3.91,4.2
2014-12-15 00:00:00+00:00,253.7,309.72,3.61,31200.0,16.6,0.25,3.02,21371.0,0.292,750000.0,2883385.0,11.47,5.833,0.29,17.14,4.2,4.16,4.01,4.24
2014-12-16 00:00:00+00:00,253.7,309.72,3.61,31200.0,16.6,0.25,3.02,15319.4,0.292,750000.0,2883385.0,11.47,5.833,0.29,17.14,4.2,4.16,3.98,4.2
2014-12-17 00:00:00+00:00,254.3,310.47,3.6,31274.99,16.7,0.25,3.02,9808.4,0.292,750000.0,2883385.0,11.5,5.833,0.29,17.14,4.21,4.17,4.11,4.25
2014-12-18 00:00:00+00:00,254.3,310.47,3.6,31274.99,16.7,0.25,3.02,,0.3,750000.0,2883385.0,11.5,7.212,0.3,13.87,,,,
2014-12-19 00:00:00+00:00,279.6,341.37,3.27,34387.5,18.3,0.25,3.32,16346.5,0.3,750000.0,2883385.0,12.64,7.212,0.3,13.87,,,4.57,4.58
2014-12-22 00:00:00+00:00,292.7,357.37,3.13,36000.0,19.2,0.25,3.48,13303.3,0.3,750000.0,2883385.0,13.24,7.212,0.3,13.87,4.8,4.75,4.51,4.8
2014-12-23 00:00:00+00:00,283.5,346.2,3.23,34875.0,18.6,0.25,3.37,9035.1,0.3,750000.0,2883385.0,12.82,7.212,0.3,13.87,4.66,4.65,4.6,4.76
2014-12-24 00:00:00+00:00,284.8,347.69,3.21,35024.99,18.6,0.25,3.39,3946.4,0.3,750000.0,2883385.0,12.88,7.212,0.3,13.87,4.67,4.67,4.65,4.74
2014-12-25 00:00:00+00:00,285.7,348.81,3.2,35137.5,18.7,0.25,3.4,4981.6,0.3,750000.0,2883385.0,12.92,7.212,0.3,13.87,4.68,4.68,4.61,4.71
2014-12-26 00:00:00+00:00,286.3,349.55,3.19,35212.49,18.7,0.25,3.4,10817.8,0.3,750000.0,2883385.0,12.95,7.212,0.3,13.87,4.69,4.69,4.67,4.74
2014-12-29 00:00:00+00:00,283.5,346.2,3.23,34875.0,18.6,0.25,3.37,7553.8,0.3,750000.0,2883385.0,12.82,7.212,0.3,13.87,4.65,4.62,4.61,4.7
2014-12-30 00:00:00+00:00,272.9,333.18,3.35,33562.5,17.9,0.25,3.24,15261.7,0.3,750000.0,2883385.0,12.34,7.212,0.3,13.87,4.47,4.46,4.45,4.6
2014-12-31 00:00:00+00:00,269.5,329.08,3.39,33149.99,17.6,0.25,3.2,15922.4,0.3,750000.0,2883385.0,12.19,7.212,0.3,13.87,4.42,4.42,4.4,4.55
2015-01-01 00:00:00+00:00,269.5,329.08,3.39,33149.99,17.6,0.25,3.04,,0.3,750000.0,3096418.0,17.69,7.212,0.3,13.87,,,,
2015-01-02 00:00:00+00:00,264.3,322.75,3.46,32512.5,17.3,0.25,2.98,3539.4,0.3,750000.0,3096418.0,17.35,7.212,0.3,13.87,4.33,4.33,4.28,4.44
2015-01-05 00:00:00+00:00,254.3,310.47,3.6,31274.99,16.7,0.25,2.87,7543.9,0.3,750000.0,3096418.0,16.69,7.212,0.3,13.87,4.19,4.17,4.11,4.3
2015-01-06 00:00:00+00:00,248.5,303.39,3.68,30562.5,16.3,0.25,2.8,10467.9,0.3,750000.0,3096418.0,16.31,7.212,0.3,13.87,4.08,4.07,3.96,4.11
2015-01-07 00:00:00+00:00,253.7,309.72,3.61,31200.0,16.6,0.25,2.86,6770.0,0.3,750000.0,3096418.0,16.65,7.212,0.3,13.87,4.2,4.16,4.06,4.2
2015-01-08 00:00:00+00:00,267.7,326.85,3.42,32924.99,17.5,0.25,3.02,6840.0,0.3,750000.0,3096418.0,17.57,7.212,0.3,13.87,4.4,4.39,4.21,4.44
2015-01-09 00:00:00+00:00,263.7,322.01,3.47,32437.5,17.3,0.25,2.97,2286.5,0.3,750000.0,3096418.0,17.31,7.212,0.3,13.87,4.34,4.32,4.3,4.41
2015-01-12 00:00:00+00:00,263.7,322.01,3.47,32437.5,17.3,0.25,2.97,3945.6,0.3,750000.0,3096418.0,17.31,7.212,0.3,13.87,4.33,4.32,4.3,4.36
2015-01-13 00:00:00+00:00,268.3,327.59,3.41,33000.0,17.6,0.25,3.03,8588.1,0.3,750000.0,3096418.0,17.61,7.212,0.3,13.87,4.41,4.4,4.17,4.42
2015-01-14 00:00:00+00:00,273.2,333.55,3.35,33600.0,17.9,0.25,3.08,11313.0,0.3,750000.0,3096418.0,17.93,7.212,0.3,13.87,4.5,4.48,4.34,4.57
2015-01-15 00:00:00+00:00,271.6,331.69,3.37,33412.5,17.8,0.25,3.06,5995.4,0.3,750000.0,3096418.0,17.83,6.818,0.3,14.67,4.51,4.45,4.45,4.6
2015-01-16 00:00:00+00:00,275.3,336.15,3.32,33862.49,18.0,0.25,3.1,3865.9,0.3,750000.0,3096418.0,18.07,6.818,0.3,14.67,4.52,4.51,4.49,4.57
2015-01-19 00:00:00+00:00,274.4,335.04,3.33,33750.0,18.0,0.25,3.09,3663.9,0.3,750000.0,3096418.0,18.01,6.818,0.3,14.67,4.53,4.5,4.47,4.58
2015-01-20 00:00:00+00:00,269.5,329.08,3.39,33149.99,17.6,0.25,3.04,5953.5,0.3,750000.0,3096418.0,17.69,6.818,0.3,14.67,4.46,4.42,4.42,4.5
2015-01-21 00:00:00+00:00,271.0,330.94,3.37,33337.5,17.7,0.25,3.06,4021.6,0.3,750000.0,3096418.0,17.79,6.818,0.3,14.67,4.44,4.41,4.38,4.51
2015-01-22 00:00:00+00:00,267.7,326.85,3.42,32924.99,17.5,0.25,3.02,3121.9,0.3,750000.0,3096418.0,17.57,6.818,0.3,14.67,4.41,4.39,4.39,4.44
2015-01-23 00:00:00+00:00,271.3,331.31,3.37,33375.0,17.8,0.25,3.06,2689.1,0.3,750000.0,3096418.0,17.81,6.818,0.3,14.67,4.45,4.43,4.38,4.45
2015-01-26 00:00:00+00:00,268.3,327.59,3.41,33000.0,17.6,0.25,3.03,4623.4,0.3,750000.0,3096418.0,17.61,6.818,0.3,14.67,4.4,4.36,4.35,4.46
2015-01-27 00:00:00+00:00,271.0,330.94,3.94,33337.5,16.7,0.27,3.06,4649.2,0.3,750000.0,3096418.0,17.79,6.818,0.3,14.67,4.44,4.41,4.35,4.45
2015-01-28 00:00:00+00:00,274.4,335.04,3.89,33750.0,16.9,0.27,3.09,5973.4,0.3,750000.0,3096418.0,18.01,6.818,0.3,14.67,4.51,4.5,4.41,4.52
2015-01-29 00:00:00+00:00,273.2,333.55,3.91,33600.0,16.8,0.27,3.08,4017.9,0.3,750000.0,3096418.0,17.93,6.818,0.3,14.67,4.49,4.48,4.47,4.52
2015-01-30 00:00:00+00:00,280.5,342.48,3.8,34500.0,17.2,0.27,3.16,5047.5,0.3,750000.0,3096418.0,18.41,6.818,0.3,14.67,4.61,4.6,4.55,4.62
2015-02-02 00:00:00+00:00,291.5,355.88,3.66,35850.0,17.9,0.27,3.29,11190.1,0.3,750000.0,3096418.0,19.13,6.818,0.3,14.67,4.78,4.77,4.6,4.78
2015-02-03 00:00:00+00:00,298.8,364.82,3.57,36750.0,18.4,0.27,3.37,9901.7,0.3,750000.0,3096418.0,19.61,6.818,0.3,14.67,4.9,4.89,4.81,4.92
2015-02-04 00:00:00+00:00,300.6,367.05,3.55,36975.0,18.5,0.27,3.39,5449.9,0.3,750000.0,3096418.0,19.73,6.818,0.3,14.67,4.93,4.89,4.87,4.97
2015-02-05 00:00:00+00:00,311.0,379.71,3.43,38250.0,19.1,0.27,3.51,14198.8,0.3,750000.0,3096418.0,20.41,6.818,0.3,14.67,5.1,5.06,4.81,5.1
2015-02-06 00:00:00+00:00,307.9,375.99,3.47,37875.0,18.9,0.27,3.47,8924.1,0.3,750000.0,3096418.0,20.21,6.818,0.3,14.67,5.05,5.04,5.02,5.17
2015-02-09 00:00:00+00:00,298.8,364.82,3.57,36750.0,18.4,0.27,3.37,9653.0,0.3,750000.0,3096418.0,19.61,6.818,0.3,14.67,4.99,4.9,4.9,5.09
2015-02-10 00:00:00+00:00,298.8,364.82,3.57,36750.0,18.4,0.27,3.37,,0.3,750000.0,3096418.0,19.61,6.818,0.3,14.67,,,,
2015-02-11 00:00:00+00:00,299.7,365.93,3.56,36862.49,18.4,0.27,3.38,6114.6,0.3,750000.0,3096418.0,19.67,6.818,0.3,14.67,4.91,4.87,4.8,4.93
2015-02-12 00:00:00+00:00,298.8,364.82,3.57,36750.0,18.4,0.27,3.37,3026.3,0.3,750000.0,3096418.0,19.61,6.818,0.3,14.67,4.9,4.88,4.84,4.91
2015-02-13 00:00:00+00:00,301.2,367.8,3.54,37049.99,18.5,0.27,3.4,3209.3,0.3,750000.0,3096418.0,19.77,6.818,0.3,14.67,4.94,4.91,4.91,4.99
2015-02-16 00:00:00+00:00,296.6,362.21,3.6,36487.49,18.2,0.27,3.35,1355.0,0.3,750000.0,3096418.0,19.47,6.818,0.3,14.67,4.9,4.86,4.83,4.96
2015-02-17 00:00:00+00:00,298.2,364.07,3.58,36674.99,18.3,0.27,3.36,3027.9,0.3,750000.0,3096418.0,19.57,6.818,0.3,14.67,4.89,4.86,4.83,4.89
2015-02-18 00:00:00+00:00,295.7,361.1,3.61,36375.0,18.2,0.27,3.33,3588.2,0.3,750000.0,3096418.0,19.41,6.818,0.3,14.67,4.86,4.85,4.83,4.89
2015-02-19 00:00:00+00:00,297.0,362.58,3.59,36525.0,18.2,0.27,3.35,2639.8,0.3,750000.0,3096418.0,19.49,6.135,0.3,16.3,4.87,4.86,4.84,4.88
2015-02-20 00:00:00+00:00,296.6,362.21,3.6,36487.49,18.2,0.27,3.35,1667.1,0.3,750000.0,3096418.0,19.47,6.135,0.3,16.3,4.86,4.85,4.85,4.88
2015-02-23 00:00:00+00:00,297.3,362.96,3.59,36562.5,18.3,0.27,3.35,3710.3,0.3,750000.0,3096418.0,19.51,6.135,0.3,16.3,4.88,4.87,4.85,4.9
2015-02-24 00:00:00+00:00,295.7,361.1,3.61,36375.0,18.2,0.27,3.33,3550.2,0.3,750000.0,3096418.0,19.41,6.135,0.3,16.3,4.87,4.85,4.85,4.9
2015-02-25 00:00:00+00:00,294.5,359.61,3.62,36225.0,18.1,0.27,3.32,5532.4,0.3,750000.0,3096418.0,19.33,6.135,0.3,16.3,4.83,4.83,4.83,4.91
2015-02-26 00:00:00+00:00,293.3,358.12,3.64,36075.0,18.0,0.27,3.31,9776.4,0.3,750000.0,3096418.0,19.25,6.135,0.3,16.3,4.84,4.81,4.8,4.91
2015-02-27 00:00:00+00:00,293.3,358.12,3.64,36075.0,18.0,0.27,3.31,,0.3,750000.0,3096418.0,19.25,6.135,0.3,16.3,,,,
2015-03-02 00:00:00+00:00,293.3,358.12,3.64,36075.0,18.0,0.27,3.31,,0.3,750000.0,3096418.0,19.25,6.135,0.3,16.3,4.9,4.8,,
2015-03-03 00:00:00+00:00,285.4,361.47,3.74,35100.0,17.5,0.27,3.22,6231.1,0.3,750000.0,3096418.0,18.73,6.135,0.3,16.3,4.68,4.65,4.63,4.7
2015-03-04 00:00:00+00:00,277.4,351.43,3.85,34125.0,17.0,0.27,3.13,2926.0,0.3,750000.0,3096418.0,18.21,6.135,0.3,16.3,4.61,4.55,4.55,4.69
2015-03-05 00:00:00+00:00,274.4,347.56,3.89,33750.0,16.9,0.27,3.09,7894.3,0.3,750000.0,3096418.0,18.01,6.135,0.3,16.3,4.52,4.5,4.5,4.57
2015-03-06 00:00:00+00:00,274.4,347.56,3.89,33750.0,16.9,0.27,3.09,,0.3,750000.0,3096418.0,18.01,6.135,0.3,16.3,4.58,4.47,,
2015-03-09 00:00:00+00:00,286.6,363.01,3.72,35250.0,17.6,0.27,3.23,8726.2,0.3,750000.0,3096418.0,18.81,6.135,0.3,16.3,4.71,4.7,4.51,4.72
2015-03-10 00:00:00+00:00,287.8,364.56,3.71,35400.0,17.7,0.27,3.25,5734.5,0.3,750000.0,3096418.0,18.89,6.135,0.3,16.3,4.73,4.72,4.68,4.77
2015-03-11 00:00:00+00:00,285.4,361.47,3.74,35100.0,17.5,0.27,3.22,6662.0,0.3,750000.0,3096418.0,18.73,6.135,0.3,16.3,4.69,4.68,4.68,4.73
2015-03-12 00:00:00+00:00,284.8,360.7,3.75,35024.99,17.5,0.27,3.21,3106.5,0.3,750000.0,3096418.0,18.69,6.135,0.3,16.3,4.7,4.67,4.66,4.74
2015-03-13 00:00:00+00:00,277.4,351.43,3.85,34125.0,17.0,0.27,3.13,4195.2,0.3,750000.0,3096418.0,18.21,6.135,0.3,16.3,4.58,4.55,4.54,4.69
2015-03-16 00:00:00+00:00,275.9,349.5,3.87,33937.5,17.0,0.27,3.11,4829.9,0.3,750000.0,3096418.0,18.11,6.135,0.3,16.3,4.54,4.52,4.5,4.56
2015-03-17 00:00:00+00:00,275.3,348.72,3.88,33862.49,16.9,0.27,3.1,3912.2,0.3,750000.0,3096418.0,18.07,6.135,0.3,16.3,4.55,4.51,4.51,4.59
2015-03-18 00:00:00+00:00,272.0,344.48,3.92,33450.0,16.7,0.27,3.07,6679.1,0.3,750000.0,3096418.0,17.85,6.135,0.3,16.3,4.48,4.46,4.46,4.53
2015-03-19 00:00:00+00:00,276.2,349.88,3.86,33975.0,17.0,0.27,3.11,9191.7,0.3,750000.0,3096418.0,18.13,6.637,0.3,15.07,4.56,4.53,4.48,4.57
2015-03-20 00:00:00+00:00,276.2,349.88,3.86,33975.0,17.0,0.27,3.11,2214.9,0.3,750000.0,3096418.0,18.13,6.637,0.3,15.07,4.53,4.51,4.49,4.57
2015-03-23 00:00:00+00:00,276.5,350.27,3.86,34012.5,17.0,0.27,3.12,2420.7,0.3,750000.0,3096418.0,18.15,6.637,0.3,15.07,4.53,4.51,4.5,4.54
2015-03-24 00:00:00+00:00,286.6,363.01,3.72,35250.0,17.6,0.27,3.23,4206.8,0.3,750000.0,3096418.0,18.81,6.637,0.3,15.07,4.7,4.6,4.51,4.7
2015-03-25 00:00:00+00:00,281.1,356.06,3.8,34575.0,17.3,0.27,3.17,2276.1,0.3,750000.0,3096418.0,18.45,6.637,0.3,15.07,4.61,4.6,4.61,4.68
2015-03-26 00:00:00+00:00,279.6,354.13,3.82,34387.5,17.2,0.27,3.15,6528.7,0.3,750000.0,3096418.0,18.35,6.637,0.3,15.07,4.58,4.52,4.45,4.6
2015-03-27 00:00:00+00:00,284.8,360.7,3.75,35024.99,17.5,0.27,3.21,9849.2,0.3,750000.0,3096418.0,18.69,6.637,0.3,15.07,4.7,4.67,4.53,4.72
2015-03-30 00:00:00+00:00,286.9,363.4,3.72,35287.5,17.6,0.27,3.24,5522.3,0.3,750000.0,3096418.0,18.83,6.637,0.3,15.07,4.73,4.7,4.7,4.73
2015-03-31 00:00:00+00:00,290.5,368.03,3.67,35737.49,17.8,0.27,3.28,8745.4,0.3,750000.0,3096418.0,19.07,6.637,0.3,15.07,4.76,4.73,4.65,4.77
2015-04-01 00:00:00+00:00,284.1,359.92,3.76,34950.0,17.5,0.27,3.2,3590.1,0.3,750000.0,3096418.0,18.65,6.637,0.3,15.07,4.7,4.66,4.66,4.76
2015-04-02 00:00:00+00:00,289.9,367.26,3.68,35662.5,17.8,0.27,3.27,7425.5,0.3,750000.0,3096418.0,19.03,6.637,0.3,15.07,4.78,4.75,4.66,4.8
2015-04-03 00:00:00+00:00,293.6,371.89,3.63,36112.49,18.0,0.27,3.31,4542.2,0.3,750000.0,3096418.0,19.27,6.637,0.3,15.07,4.81,4.79,4.75,4.81
2015-04-06 00:00:00+00:00,291.8,369.58,3.66,35887.5,17.9,0.27,3.29,2108.6,0.3,750000.0,3096418.0,19.15,6.637,0.3,15.07,4.79,4.78,4.78,4.83
2015-04-07 00:00:00+00:00,294.5,373.05,3.62,36225.0,18.1,0.27,3.32,3969.2,0.3,750000.0,3096418.0,19.33,6.637,0.3,15.07,4.84,4.83,4.79,4.85
2015-04-08 00:00:00+00:00,295.7,374.6,3.61,36375.0,18.2,0.27,3.33,2271.1,0.3,750000.0,3096418.0,19.41,6.637,0.3,15.07,4.85,4.84,4.82,4.86
2015-04-09 00:00:00+00:00,296.3,375.37,3.6,36450.0,18.2,0.27,3.34,3437.7,0.3,750000.0,3096418.0,19.45,6.637,0.3,15.07,4.86,4.83,4.81,4.87
2015-04-10 00:00:00+00:00,295.7,374.6,3.61,36375.0,18.2,0.27,3.33,1808.8,0.3,750000.0,3096418.0,19.41,6.637,0.3,15.07,4.86,4.85,4.84,4.89
2015-04-13 00:00:00+00:00,294.8,373.44,3.62,36262.5,18.1,0.27,3.32,3360.8,0.3,750000.0,3096418.0,19.35,6.637,0.3,15.07,4.83,4.8,4.77,4.83
2015-04-14 00:00:00+00:00,292.7,370.74,3.65,36000.0,18.0,0.27,3.3,1924.8,0.3,750000.0,3096418.0,19.21,6.637,0.3,15.07,4.82,4.8,4.76,4.83
2015-04-15 00:00:00+00:00,294.8,373.44,3.62,36262.5,18.1,0.27,3.32,3248.8,0.3,750000.0,3096418.0,19.35,6.637,0.3,15.07,4.83,4.8,4.77,4.83
2015-04-16 00:00:00+00:00,298.2,377.69,3.58,36674.99,18.3,0.27,3.36,3613.4,0.3,750000.0,3096418.0,19.57,6.25,0.3,16.0,4.89,4.84,4.83,4.89
2015-04-17 00:00:00+00:00,296.3,375.37,3.6,36450.0,18.2,0.27,3.34,1222.1,0.3,750000.0,3096418.0,19.45,6.25,0.3,16.0,4.86,4.85,4.84,4.88
2015-04-20 00:00:00+00:00,294.2,372.67,3.63,36187.5,18.1,0.27,3.32,2183.5,0.3,750000.0,3096418.0,19.31,6.25,0.3,16.0,4.82,4.82,4.8,4.85
2015-04-21 00:00:00+00:00,297.0,376.14,3.59,36525.0,17.6,0.28,3.35,3902.8,0.3,750000.0,3096418.0,19.49,6.25,0.3,16.0,4.87,4.86,4.85,4.91
2015-04-22 00:00:00+00:00,297.6,376.91,3.59,36600.0,17.6,0.28,3.36,5366.2,0.3,750000.0,3096418.0,19.53,6.25,0.3,16.0,4.88,4.86,4.86,4.9
2015-04-23 00:00:00+00:00,297.9,377.3,3.58,36637.5,17.6,0.28,3.36,4071.6,0.3,750000.0,3096418.0,19.55,6.25,0.3,16.0,4.88,4.86,4.8,4.88
2015-04-24 00:00:00+00:00,297.0,376.14,3.59,36525.0,17.6,0.28,3.35,1460.6,0.3,750000.0,3096418.0,19.49,6.25,0.3,16.0,4.88,4.87,4.85,4.9
2015-04-27 00:00:00+00:00,300.6,380.78,3.55,36975.0,17.8,0.28,3.39,10443.2,0.3,750000.0,3096418.0,19.73,6.25,0.3,16.0,4.94,4.93,4.86,4.96
2015-04-28 00:00:00+00:00,303.7,384.64,3.51,37350.0,18.0,0.28,3.42,4077.5,0.3,750000.0,3096418.0,19.93,6.25,0.3,16.0,4.98,4.95,4.93,4.99
2015-04-29 00:00:00+00:00,300.3,380.39,3.55,36937.5,17.8,0.28,3.39,5292.5,0.3,750000.0,3096418.0,19.71,6.25,0.3,16.0,4.92,4.92,4.92,4.98
2015-04-30 00:00:00+00:00,295.7,374.6,3.61,36375.0,17.5,0.28,3.33,4737.5,0.3,750000.0,3096418.0,19.41,6.25,0.3,16.0,4.88,4.85,4.85,4.93
2015-05-01 00:00:00+00:00,296.3,375.37,3.6,36450.0,17.5,0.28,3.34,2090.3,0.3,750000.0,3096418.0,19.45,6.25,0.3,16.0,4.88,4.86,4.84,4.89
2015-05-04 00:00:00+00:00,292.1,369.96,3.65,35924.99,17.3,0.28,3.29,6326.6,0.3,750000.0,3096418.0,19.17,6.25,0.3,16.0,4.82,4.79,4.79,4.88
2015-05-05 00:00:00+00:00,295.7,374.6,3.61,36375.0,17.5,0.28,3.33,2974.7,0.3,750000.0,3096418.0,19.41,6.25,0.3,16.0,4.85,4.83,4.77,4.85
2015-05-06 00:00:00+00:00,296.6,375.76,3.6,36487.49,17.5,0.28,3.35,6730.5,0.3,750000.0,3096418.0,19.47,6.25,0.3,16.0,4.88,4.86,4.81,4.88
2015-05-07 00:00:00+00:00,297.0,376.14,3.59,36525.0,17.6,0.28,3.35,5413.5,0.3,750000.0,3096418.0,19.49,6.25,0.3,16.0,4.87,4.85,4.84,4.9
2015-05-08 00:00:00+00:00,295.1,373.83,3.62,36299.99,17.4,0.28,3.33,2452.4,0.3,750000.0,3096418.0,19.37,6.25,0.3,16.0,4.86,4.84,4.8,4.86
2015-05-11 00:00:00+00:00,292.4,370.35,3.65,35962.49,17.3,0.28,3.3,14376.3,0.3,750000.0,3096418.0,19.19,6.25,0.3,16.0,4.81,4.79,4.79,4.85
2015-05-12 00:00:00+00:00,291.2,368.8,3.66,35812.5,17.2,0.28,3.28,6912.5,0.3,750000.0,3096418.0,19.11,6.25,0.3,16.0,4.77,4.77,4.77,4.81
2015-05-13 00:00:00+00:00,290.5,368.03,3.67,35737.49,17.2,0.28,3.28,10134.5,0.3,750000.0,3096418.0,19.07,6.25,0.3,16.0,4.77,4.76,4.76,4.79
2015-05-14 00:00:00+00:00,285.7,361.85,3.74,35137.5,16.9,0.28,3.22,27761.0,0.3,750000.0,3096418.0,18.75,6.276,0.3,15.93,4.7,4.68,4.68,4.78
2015-05-15 00:00:00+00:00,282.0,357.22,3.78,34687.5,16.7,0.28,3.18,13296.0,0.3,750000.0,3096418.0,18.51,6.276,0.3,15.93,4.63,4.63,4.63,4.69
2015-05-18 00:00:00+00:00,284.8,360.7,3.75,35024.99,16.8,0.28,3.21,9721.2,0.3,750000.0,3096418.0,18.69,6.276,0.3,15.93,4.67,4.66,4.63,4.68
2015-05-19 00:00:00+00:00,283.5,359.15,3.76,34875.0,16.8,0.28,3.2,8651.0,0.3,750000.0,3096418.0,18.61,6.276,0.3,15.93,4.65,4.64,4.63,4.7
2015-05-20 00:00:00+00:00,280.8,355.67,3.8,34537.5,16.6,0.28,3.17,9850.2,0.3,750000.0,3096418.0,18.43,6.276,0.3,15.93,4.61,4.6,4.6,4.68
2015-05-21 00:00:00+00:00,279.3,353.74,3.82,34350.0,16.5,0.28,3.15,13909.9,0.3,750000.0,3096418.0,18.33,6.276,0.3,15.93,4.59,4.58,4.58,4.63
2015-05-22 00:00:00+00:00,274.7,347.95,3.88,33787.5,16.2,0.28,3.1,9558.1,0.3,750000.0,3096418.0,18.03,6.276,0.3,15.93,4.52,4.5,4.5,4.59
2015-05-25 00:00:00+00:00,278.0,352.2,3.84,34200.0,16.4,0.28,3.14,5209.3,0.3,750000.0,3096418.0,18.25,6.276,0.3,15.93,4.57,4.56,4.5,4.58
2015-05-26 00:00:00+00:00,275.0,348.34,3.88,33825.0,16.3,0.28,3.1,8761.6,0.3,750000.0,3096418.0,18.05,6.276,0.3,15.93,4.57,4.51,4.51,4.61
2015-05-27 00:00:00+00:00,273.5,346.41,3.9,33637.5,16.2,0.28,3.08,10357.2,0.3,750000.0,3096418.0,17.95,6.276,0.3,15.93,4.49,4.48,4.47,4.55
2015-05-28 00:00:00+00:00,271.3,343.7,3.93,33375.0,16.0,0.28,3.06,15761.4,0.3,750000.0,3096418.0,17.81,6.276,0.3,15.93,4.55,4.45,4.45,4.61
2015-05-29 00:00:00+00:00,275.9,349.5,3.87,33937.5,16.3,0.28,3.11,4003.8,0.3,750000.0,3096418.0,18.11,6.276,0.3,15.93,4.54,4.52,4.49,4.56
2015-06-01 00:00:00+00:00,280.5,355.29,3.8,34500.0,16.6,0.28,3.16,9111.0,0.3,750000.0,3096418.0,18.41,6.276,0.3,15.93,4.6,4.6,4.52,4.61
2015-06-02 00:00:00+00:00,281.1,356.06,3.8,34575.0,16.6,0.28,3.17,10560.5,0.3,750000.0,3096418.0,18.45,6.276,0.3,15.93,4.64,4.61,4.6,4.67
2015-06-03 00:00:00+00:00,281.7,356.83,3.79,34650.0,16.7,0.28,3.18,14711.5,0.3,750000.0,3096418.0,18.49,6.276,0.3,15.93,4.62,4.57,4.46,4.63
2015-06-04 00:00:00+00:00,282.9,358.38,3.77,34799.99,16.7,0.28,3.19,17280.1,0.3,750000.0,3096418.0,18.57,6.276,0.3,15.93,4.64,4.61,4.55,4.65
2015-06-05 00:00:00+00:00,279.3,353.74,3.82,34350.0,16.5,0.28,3.15,6514.6,0.3,750000.0,3096418.0,18.33,6.276,0.3,15.93,4.58,4.57,4.54,4.64
2015-06-08 00:00:00+00:00,278.0,352.2,3.84,34200.0,16.4,0.28,3.14,2459.7,0.3,750000.0,3096418.0,18.25,6.276,0.3,15.93,4.56,4.55,4.52,4.58
2015-06-09 00:00:00+00:00,278.0,352.2,3.84,34200.0,16.4,0.28,3.14,1856.2,0.3,750000.0,3096418.0,18.25,6.276,0.3,15.93,4.59,4.56,4.52,4.61
2015-06-10 00:00:00+00:00,276.2,349.88,3.86,33975.0,16.3,0.28,3.11,5600.0,0.3,750000.0,3096418.0,18.13,6.276,0.3,15.93,4.53,4.52,4.52,4.59
2015-06-11 00:00:00+00:00,278.7,352.97,3.83,34274.99,16.5,0.28,3.14,1717.3,0.3,750000.0,3096418.0,18.29,6.276,0.3,15.93,4.57,4.52,4.52,4.57
2015-06-12 00:00:00+00:00,275.9,349.5,3.87,33937.5,16.3,0.28,3.11,1786.2,0.3,750000.0,3096418.0,18.11,6.276,0.3,15.93,4.55,4.52,4.52,4.56
2015-06-15 00:00:00+00:00,278.0,352.2,3.84,34200.0,16.4,0.28,3.14,935.0,0.3,750000.0,3096418.0,18.25,6.276,0.3,15.93,4.57,4.56,4.53,4.57
2015-06-16 00:00:00+00:00,277.4,351.43,3.85,34125.0,16.4,0.28,3.13,1185.1,0.3,750000.0,3096418.0,18.21,6.276,0.3,15.93,4.55,4.54,4.53,4.58
2015-06-17 00:00:00+00:00,277.1,351.04,3.85,34087.49,16.4,0.28,3.13,1159.5,0.3,750000.0,3096418.0,18.19,6.276,0.3,15.93,4.57,4.54,4.53,4.57
2015-06-18 00:00:00+00:00,276.5,350.27,3.86,34012.5,16.3,0.28,3.12,1355.1,0.3,750000.0,3096418.0,18.15,6.593,0.3,15.17,4.56,4.53,4.52,4.57
2015-06-19 00:00:00+00:00,277.7,351.81,3.84,34162.5,16.4,0.28,3.13,1006.5,0.3,750000.0,3096418.0,18.23,6.593,0.3,15.17,4.55,4.54,4.53,4.56
2015-06-22 00:00:00+00:00,282.9,358.38,3.77,34799.99,16.7,0.28,3.19,7180.7,0.3,750000.0,3096418.0,18.57,6.593,0.3,15.17,4.64,4.63,4.54,4.65
2015-06-23 00:00:00+00:00,283.8,359.54,3.76,34912.5,16.8,0.28,3.2,3366.6,0.3,750000.0,3096418.0,18.63,6.593,0.3,15.17,4.67,4.65,4.6,4.68
2015-06-24 00:00:00+00:00,285.4,361.47,3.74,35100.0,16.9,0.28,3.22,2035.0,0.3,750000.0,3096418.0,18.73,6.593,0.3,15.17,4.68,4.66,4.63,4.68
2015-06-25 00:00:00+00:00,285.4,361.47,3.74,35100.0,16.9,0.28,3.22,744.3,0.3,750000.0,3096418.0,18.73,6.593,0.3,15.17,4.68,4.66,4.64,4.68
2015-06-26 00:00:00+00:00,282.6,357.99,3.78,34762.5,16.7,0.28,3.19,1873.7,0.3,750000.0,3096418.0,18.55,6.593,0.3,15.17,4.63,4.62,4.61,4.66
2015-06-29 00:00:00+00:00,279.0,353.36,3.83,34312.5,16.5,0.28,3.15,1469.3,0.3,750000.0,3096418.0,18.31,6.593,0.3,15.17,4.57,4.57,4.57,4.63
2015-06-30 00:00:00+00:00,283.5,359.15,3.76,34875.0,16.8,0.28,3.2,7357.1,0.3,750000.0,3096418.0,18.61,6.593,0.3,15.17,4.65,4.59,4.52,4.65
2015-07-01 00:00:00+00:00,278.4,352.59,3.83,34237.49,16.5,0.28,3.14,4749.8,0.3,750000.0,3096418.0,18.27,6.593,0.3,15.17,4.6,4.56,4.56,4.65
2015-07-02 00:00:00+00:00,279.9,354.52,3.81,34424.99,16.5,0.28,3.16,5176.9,0.3,750000.0,3096418.0,18.37,6.593,0.3,15.17,4.59,4.57,4.54,4.59
2015-07-03 00:00:00+00:00,278.7,352.97,3.83,34274.99,16.5,0.28,3.14,674.0,0.3,750000.0,3096418.0,18.29,6.593,0.3,15.17,4.58,4.57,4.55,4.58
2015-07-06 00:00:00+00:00,277.7,351.81,3.84,34162.5,16.4,0.28,3.13,2167.2,0.3,750000.0,3096418.0,18.23,6.593,0.3,15.17,4.56,4.55,4.54,4.56
2015-07-07 00:00:00+00:00,277.1,351.04,3.85,34087.49,16.4,0.28,3.13,2390.8,0.3,750000.0,3096418.0,18.19,6.593,0.3,15.17,4.57,4.54,4.54,4.58
2015-07-08 00:00:00+00:00,274.4,347.56,3.89,33750.0,16.2,0.28,3.09,2297.3,0.3,750000.0,3096418.0,18.01,6.593,0.3,15.17,4.53,4.5,4.5,4.55
2015-07-09 00:00:00+00:00,278.7,352.97,3.83,34274.99,16.5,0.28,3.14,1290.3,0.3,750000.0,3096418.0,18.29,6.593,0.3,15.17,4.57,4.53,4.5,4.57
2015-07-10 00:00:00+00:00,277.4,351.43,3.85,34125.0,16.4,0.28,3.13,1125.0,0.3,750000.0,3096418.0,18.21,6.593,0.3,15.17,4.55,4.54,4.54,4.56
2015-07-13 00:00:00+00:00,278.0,352.2,3.84,34200.0,16.4,0.28,3.14,1362.3,0.3,750000.0,3096418.0,18.25,6.593,0.3,15.17,4.56,4.55,4.53,4.57
2015-07-14 00:00:00+00:00,278.0,352.2,3.84,34200.0,16.3,0.28,3.14,1288.5,0.3,750000.0,3096418.0,18.25,6.593,0.3,15.17,4.56,4.55,4.53,4.59
2015-07-15 00:00:00+00:00,279.3,353.74,3.82,34350.0,16.4,0.28,3.15,1592.3,0.3,750000.0,3096418.0,18.33,6.593,0.3,15.17,4.58,4.57,4.55,4.59
2015-07-16 00:00:00+00:00,279.9,354.52,3.81,34424.99,16.4,0.28,3.16,1189.3,0.3,750000.0,3096418.0,18.37,6.579,0.3,15.2,4.59,4.59,4.55,4.59
2015-07-17 00:00:00+00:00,279.9,354.52,3.81,34424.99,16.4,0.28,3.16,,0.3,750000.0,3096418.0,18.37,6.579,0.3,15.2,,,,
2015-07-20 00:00:00+00:00,279.9,354.52,3.81,34424.99,16.4,0.28,3.16,,0.3,750000.0,3096418.0,18.37,6.579,0.3,15.2,,,,
2015-07-21 00:00:00+00:00,279.9,354.52,3.81,34424.99,16.4,0.28,3.16,,0.3,750000.0,3096418.0,18.37,6.579,0.3,15.2,,,,
2015-07-22 00:00:00+00:00,278.7,352.97,3.83,34274.99,16.3,0.28,3.14,2092.0,0.3,750000.0,3096418.0,18.29,6.579,0.3,15.2,4.57,4.55,4.53,4.59
2015-07-23 00:00:00+00:00,278.0,352.2,3.84,34200.0,16.3,0.28,3.14,3243.8,0.3,750000.0,3096418.0,18.25,6.579,0.3,15.2,4.61,4.56,4.52,4.61
2015-07-24 00:00:00+00:00,278.0,352.2,3.84,34200.0,16.3,0.28,3.14,967.0,0.3,750000.0,3096418.0,18.25,6.579,0.3,15.2,4.57,4.56,4.56,4.58
2015-07-27 00:00:00+00:00,278.0,352.2,3.84,34200.0,16.3,0.28,3.14,1126.5,0.3,750000.0,3096418.0,18.25,6.579,0.3,15.2,4.57,4.56,4.55,4.59
2015-07-28 00:00:00+00:00,275.6,349.11,3.87,33900.0,16.2,0.28,3.11,3232.6,0.3,750000.0,3096418.0,18.09,6.579,0.3,15.2,4.53,4.52,4.52,4.57
2015-07-29 00:00:00+00:00,274.7,347.95,3.88,33787.5,16.1,0.28,3.1,3380.7,0.3,750000.0,3096418.0,18.03,6.579,0.3,15.2,4.51,4.5,4.49,4.54
2015-07-30 00:00:00+00:00,274.4,347.56,3.89,33750.0,16.1,0.28,3.09,4553.3,0.3,750000.0,3096418.0,18.01,6.579,0.3,15.2,4.5,4.49,4.49,4.54
2015-07-31 00:00:00+00:00,268.3,339.84,3.98,33000.0,15.7,0.28,3.03,7089.8,0.3,750000.0,3096418.0,17.61,6.579,0.3,15.2,4.41,4.4,4.38,4.48
2015-08-03 00:00:00+00:00,265.2,335.98,4.02,32625.0,15.6,0.28,2.99,11997.6,0.3,750000.0,3096418.0,17.41,6.579,0.3,15.2,4.35,4.33,4.3,4.39
2015-08-04 00:00:00+00:00,264.6,335.21,4.03,32549.99,15.5,0.28,2.98,7853.1,0.3,750000.0,3096418.0,17.37,6.579,0.3,15.2,4.34,4.33,4.29,4.35
2015-08-05 00:00:00+00:00,269.2,341.0,3.96,33112.49,15.8,0.28,3.04,5755.6,0.3,750000.0,3096418.0,17.67,6.579,0.3,15.2,4.41,4.38,4.31,4.42
2015-08-06 00:00:00+00:00,270.1,342.16,3.95,33225.0,15.8,0.28,3.05,4600.8,0.3,750000.0,3096418.0,17.73,6.579,0.3,15.2,4.43,4.4,4.37,4.43
2015-08-07 00:00:00+00:00,267.1,338.3,4.0,32850.0,15.7,0.28,3.01,5688.3,0.3,750000.0,3096418.0,17.53,6.579,0.3,15.2,4.4,4.38,4.38,4.45
2015-08-10 00:00:00+00:00,268.9,340.61,3.97,33075.0,15.8,0.28,3.03,5586.7,0.3,750000.0,3096418.0,17.65,6.579,0.3,15.2,4.41,4.41,4.35,4.44
2015-08-11 00:00:00+00:00,273.2,346.02,3.91,33600.0,16.0,0.28,3.08,6399.9,0.3,750000.0,3096418.0,17.93,6.579,0.3,15.2,4.49,4.48,4.43,4.52
2015-08-12 00:00:00+00:00,273.8,346.79,3.9,33674.99,16.1,0.28,3.09,6115.3,0.3,750000.0,3096418.0,17.97,6.579,0.3,15.2,4.49,4.45,4.43,4.49
2015-08-13 00:00:00+00:00,274.1,347.18,3.89,33712.5,16.1,0.28,3.09,4668.7,0.3,750000.0,3096418.0,17.99,6.579,0.3,15.2,4.49,4.46,4.45,4.5
2015-08-14 00:00:00+00:00,272.0,344.48,3.92,33450.0,16.0,0.28,3.07,2655.5,0.3,750000.0,3096418.0,17.85,6.579,0.3,15.2,4.46,4.45,4.45,4.51
2015-08-17 00:00:00+00:00,270.7,342.93,3.94,33299.99,15.9,0.28,3.05,2781.1,0.3,750000.0,3096418.0,17.77,6.579,0.3,15.2,4.44,4.43,4.41,4.47
2015-08-18 00:00:00+00:00,267.1,338.3,4.0,32850.0,15.7,0.28,3.01,4128.3,0.3,750000.0,3096418.0,17.53,6.579,0.3,15.2,4.4,4.38,4.38,4.46
2015-08-19 00:00:00+00:00,265.2,335.98,4.02,32625.0,15.6,0.28,2.99,5151.8,0.3,750000.0,3096418.0,17.41,6.579,0.3,15.2,4.35,4.33,4.31,4.37
2015-08-20 00:00:00+00:00,253.7,321.3,4.21,31200.0,14.9,0.28,2.86,7398.3,0.3,750000.0,3096418.0,16.65,6.849,0.3,14.6,4.18,4.16,4.15,4.3
2015-08-21 00:00:00+00:00,238.4,302.0,4.48,29325.0,14.0,0.28,2.69,6913.3,0.3,750000.0,3096418.0,15.65,6.849,0.3,14.6,3.93,3.91,3.9,4.1
2015-08-24 00:00:00+00:00,239.3,303.15,4.46,29437.5,14.0,0.28,2.7,10627.2,0.3,750000.0,3096418.0,15.71,6.849,0.3,14.6,3.92,3.91,3.72,4.06
2015-08-25 00:00:00+00:00,248.5,314.74,4.29,30562.5,14.6,0.28,2.8,11137.7,0.3,750000.0,3096418.0,16.31,6.849,0.3,14.6,4.07,4.0,3.9,4.07
2015-08-26 00:00:00+00:00,248.8,315.13,4.29,30600.0,14.6,0.28,2.81,8757.0,0.3,750000.0,3096418.0,16.33,6.849,0.3,14.6,4.08,4.06,3.98,4.14
2015-08-27 00:00:00+00:00,261.6,331.35,4.08,32174.99,15.3,0.28,2.95,8668.0,0.3,750000.0,3096418.0,17.17,6.849,0.3,14.6,4.29,4.26,4.13,4.29
2015-08-28 00:00:00+00:00,266.2,337.14,4.01,32737.49,15.6,0.28,3.0,6445.9,0.3,750000.0,3096418.0,17.47,6.849,0.3,14.6,4.36,4.33,4.33,4.4
2015-08-31 00:00:00+00:00,265.9,336.75,4.01,32700.0,15.6,0.28,3.0,8941.3,0.3,750000.0,3096418.0,17.45,6.849,0.3,14.6,4.37,4.36,4.26,4.36
2015-09-01 00:00:00+00:00,263.4,333.66,4.05,32400.0,15.5,0.28,2.97,4519.1,0.3,750000.0,3096418.0,17.29,6.849,0.3,14.6,4.32,4.3,4.3,4.35
2015-09-02 00:00:00+00:00,259.8,329.03,4.11,31950.0,15.2,0.28,2.93,6092.2,0.3,750000.0,3096418.0,17.05,6.849,0.3,14.6,4.26,4.25,4.2,4.28
2015-09-03 00:00:00+00:00,259.5,328.64,4.11,31912.5,15.2,0.28,2.93,1382.0,0.3,750000.0,3096418.0,17.03,6.849,0.3,14.6,4.27,4.25,4.23,4.3
2015-09-04 00:00:00+00:00,259.1,328.26,4.12,31875.0,15.2,0.28,2.92,3852.1,0.3,750000.0,3096418.0,17.01,6.849,0.3,14.6,4.28,4.25,4.17,4.25
2015-09-07 00:00:00+00:00,258.2,327.1,4.13,31762.5,15.1,0.28,2.91,3482.5,0.3,750000.0,3096418.0,16.95,6.849,0.3,14.6,4.23,4.22,4.2,4.28
2015-09-08 00:00:00+00:00,258.8,327.87,4.12,31837.5,15.2,0.28,2.92,3481.5,0.3,750000.0,3096418.0,16.99,6.849,0.3,14.6,4.26,4.24,4.2,4.27
2015-09-09 00:00:00+00:00,266.8,337.91,4.0,32812.5,15.6,0.28,3.01,8516.0,0.3,750000.0,3096418.0,17.51,6.849,0.3,14.6,4.38,4.38,4.28,4.39
2015-09-10 00:00:00+00:00,273.5,346.41,3.9,33637.5,16.0,0.28,3.08,11552.1,0.3,750000.0,3096418.0,17.95,6.849,0.3,14.6,4.48,4.47,4.33,4.48
2015-09-11 00:00:00+00:00,266.8,337.91,4.0,32812.5,15.6,0.28,3.01,6364.4,0.3,750000.0,3096418.0,17.51,6.849,0.3,14.6,4.38,4.38,4.38,4.55
2015-09-14 00:00:00+00:00,262.8,332.89,4.06,32325.0,15.4,0.28,2.96,6955.0,0.3,750000.0,3096418.0,17.25,6.849,0.3,14.6,4.31,4.3,4.29,4.38
2015-09-15 00:00:00+00:00,262.5,332.5,4.07,32287.5,15.4,0.28,2.96,6464.9,0.3,750000.0,3096418.0,17.23,6.849,0.3,14.6,4.31,4.3,4.25,4.32
2015-09-16 00:00:00+00:00,265.2,335.98,4.02,32625.0,15.6,0.28,2.99,7923.5,0.3,750000.0,3096418.0,17.41,6.849,0.3,14.6,4.35,4.32,4.3,4.35
2015-09-17 00:00:00+00:00,260.4,329.8,4.1,32024.99,15.3,0.28,2.94,8672.3,0.3,750000.0,3096418.0,17.09,6.977,0.3,14.33,4.31,4.27,4.27,4.37
2015-09-18 00:00:00+00:00,258.5,327.48,4.13,31799.99,15.2,0.28,2.92,8151.0,0.3,750000.0,3096418.0,16.97,6.977,0.3,14.33,4.25,4.24,4.24,4.31
2015-09-21 00:00:00+00:00,258.5,327.48,4.13,31799.99,15.2,0.28,2.92,2250.9,0.3,750000.0,3096418.0,16.97,6.977,0.3,14.33,4.24,4.23,4.22,4.26
2015-09-22 00:00:00+00:00,259.1,328.26,4.12,31875.0,15.2,0.28,2.92,3808.0,0.3,750000.0,3096418.0,17.01,6.977,0.3,14.33,4.27,4.25,4.23,4.28
2015-09-23 00:00:00+00:00,259.1,328.26,4.12,31875.0,15.2,0.28,2.92,,0.3,750000.0,3096418.0,17.01,6.977,0.3,14.33,,,,
2015-09-24 00:00:00+00:00,259.1,328.26,4.12,31875.0,15.2,0.28,2.92,,0.3,750000.0,3096418.0,17.01,6.977,0.3,14.33,,,,
2015-09-25 00:00:00+00:00,259.1,328.26,4.12,31875.0,15.2,0.28,2.92,,0.3,750000.0,3096418.0,17.01,6.977,0.3,14.33,,,,
2015-09-28 00:00:00+00:00,259.1,328.26,4.12,31875.0,15.2,0.28,2.92,,0.3,750000.0,3096418.0,17.01,6.977,0.3,14.33,,,,
2015-09-29 00:00:00+00:00,254.3,322.08,4.2,31274.99,14.9,0.28,2.87,3775.0,0.3,750000.0,3096418.0,16.69,6.977,0.3,14.33,4.22,4.17,4.17,4.3
2015-09-30 00:00:00+00:00,262.2,332.12,4.07,32250.0,15.4,0.28,2.96,7075.8,0.3,750000.0,3096418.0,17.21,6.977,0.3,14.33,4.3,4.26,4.18,4.3
2015-10-01 00:00:00+00:00,264.3,334.82,4.04,32512.5,15.5,0.28,2.98,1578.8,0.3,750000.0,3096418.0,17.35,6.977,0.3,14.33,4.33,4.3,4.26,4.33
2015-10-02 00:00:00+00:00,263.7,334.05,4.05,32437.5,15.5,0.28,2.97,1163.0,0.3,750000.0,3096418.0,17.31,6.977,0.3,14.33,4.32,4.32,4.3,4.34
2015-10-05 00:00:00+00:00,264.3,334.82,4.04,32512.5,15.5,0.28,2.98,962.0,0.3,750000.0,3096418.0,17.35,6.977,0.3,14.33,4.33,4.31,4.3,4.34
2015-10-06 00:00:00+00:00,265.2,335.98,4.02,32625.0,15.6,0.28,2.99,2456.7,0.3,750000.0,3096418.0,17.41,6.977,0.3,14.33,4.35,4.34,4.32,4.35
2015-10-07 00:00:00+00:00,268.0,339.46,3.98,32962.49,15.7,0.28,3.02,5131.2,0.3,750000.0,3096418.0,17.59,6.977,0.3,14.33,4.39,4.38,4.33,4.39
2015-10-08 00:00:00+00:00,267.7,339.07,3.99,32924.99,15.7,0.28,3.02,1691.0,0.3,750000.0,3096418.0,17.57,6.977,0.3,14.33,4.39,4.37,4.36,4.4
2015-10-09 00:00:00+00:00,270.4,342.54,3.95,33262.5,15.9,0.28,3.05,10521.8,0.3,750000.0,3096418.0,17.75,6.977,0.3,14.33,4.44,4.43,4.36,4.47
2015-10-12 00:00:00+00:00,270.7,342.93,3.94,33299.99,15.9,0.28,3.05,5348.1,0.3,750000.0,3096418.0,17.77,6.977,0.3,14.33,4.44,4.43,4.4,4.46
2015-10-13 00:00:00+00:00,270.7,342.93,3.94,33299.99,15.9,0.28,3.05,3824.9,0.3,750000.0,3096418.0,17.77,6.977,0.3,14.33,4.44,4.42,4.41,4.45
2015-10-14 00:00:00+00:00,269.5,341.39,3.96,33149.99,15.8,0.28,3.04,6029.7,0.3,750000.0,3096418.0,17.69,6.977,0.3,14.33,4.42,4.41,4.41,4.45
2015-10-15 00:00:00+00:00,268.0,339.46,3.98,32962.49,15.7,0.28,3.02,5092.1,0.3,750000.0,3096418.0,17.59,6.757,0.3,14.8,4.4,4.39,4.38,4.41
2015-10-16 00:00:00+00:00,267.7,339.07,3.99,32924.99,15.7,0.28,3.02,2461.0,0.3,750000.0,3096418.0,17.57,6.757,0.3,14.8,4.39,4.38,4.38,4.42
2015-10-19 00:00:00+00:00,268.3,339.84,3.98,33000.0,15.7,0.28,3.03,4036.7,0.3,750000.0,3096418.0,17.61,6.757,0.3,14.8,4.4,4.39,4.38,4.41
2015-10-20 00:00:00+00:00,268.0,339.46,3.98,32962.49,15.7,0.28,3.02,4264.4,0.3,750000.0,3096418.0,17.59,6.757,0.3,14.8,4.39,4.38,4.38,4.41
2015-10-21 00:00:00+00:00,266.5,337.52,4.0,32775.0,15.6,0.28,3.0,5855.5,0.3,750000.0,3096418.0,17.49,6.757,0.3,14.8,4.37,4.35,4.34,4.39
2015-10-22 00:00:00+00:00,264.6,335.21,4.03,32549.99,15.5,0.28,2.98,7117.5,0.3,750000.0,3096418.0,17.37,6.757,0.3,14.8,4.34,4.33,4.31,4.36
2015-10-23 00:00:00+00:00,265.2,335.98,4.02,32625.0,15.6,0.28,2.99,4156.2,0.3,750000.0,3096418.0,17.41,6.757,0.3,14.8,4.36,4.35,4.34,4.38
2015-10-26 00:00:00+00:00,266.5,337.52,4.0,32775.0,15.7,0.28,3.0,6419.7,0.3,750000.0,3096418.0,17.49,6.757,0.3,14.8,4.37,4.36,4.32,4.38
2015-10-27 00:00:00+00:00,266.5,337.52,4.0,32775.0,15.7,0.28,3.0,1812.7,0.3,750000.0,3096418.0,17.49,6.757,0.3,14.8,4.37,4.33,4.32,4.37
2015-10-28 00:00:00+00:00,265.2,335.98,4.02,32625.0,15.6,0.28,2.99,2763.8,0.3,750000.0,3096418.0,17.41,6.757,0.3,14.8,4.35,4.33,4.31,4.36
2015-10-29 00:00:00+00:00,263.4,333.66,4.05,32400.0,15.5,0.28,2.97,1777.3,0.3,750000.0,3096418.0,17.29,6.757,0.3,14.8,4.33,4.32,4.32,4.36
2015-10-30 00:00:00+00:00,260.1,329.41,4.1,31987.49,15.3,0.28,2.93,4860.6,0.3,750000.0,3096418.0,17.07,6.757,0.3,14.8,4.26,4.26,4.26,4.34
2015-11-02 00:00:00+00:00,258.5,327.48,4.13,31799.99,15.2,0.28,2.92,11688.0,0.3,750000.0,3096418.0,16.97,6.757,0.3,14.8,4.24,4.23,4.21,4.26
2015-11-03 00:00:00+00:00,258.5,327.48,4.13,31799.99,15.2,0.28,2.92,8647.7,0.3,750000.0,3096418.0,16.97,6.757,0.3,14.8,4.24,4.23,4.21,4.27
2015-11-04 00:00:00+00:00,260.7,330.19,4.09,32062.5,15.3,0.28,2.94,11634.7,0.3,750000.0,3096418.0,17.11,6.757,0.3,14.8,4.27,4.24,4.22,4.27
2015-11-05 00:00:00+00:00,258.2,327.1,4.13,31762.5,15.2,0.28,2.91,9912.3,0.3,750000.0,3096418.0,16.95,6.757,0.3,14.8,4.25,4.23,4.23,4.28
2015-11-06 00:00:00+00:00,253.0,320.53,4.22,31125.0,14.9,0.28,2.85,6164.5,0.3,750000.0,3096418.0,16.61,6.757,0.3,14.8,4.16,4.15,4.15,4.23
2015-11-09 00:00:00+00:00,252.4,319.76,4.23,31049.99,14.9,0.28,2.85,7465.3,0.3,750000.0,3096418.0,16.57,6.757,0.3,14.8,4.14,4.11,4.1,4.2
2015-11-10 00:00:00+00:00,247.0,312.81,4.32,30375.0,14.5,0.28,2.78,6937.6,0.3,750000.0,3096418.0,16.21,6.757,0.3,14.8,4.07,4.05,3.95,4.1
2015-11-11 00:00:00+00:00,243.9,308.95,4.37,30000.0,14.4,0.28,2.75,7718.0,0.3,750000.0,3096418.0,16.01,6.757,0.3,14.8,4.0,4.0,3.96,4.03
2015-11-12 00:00:00+00:00,242.4,307.02,4.4,29812.5,14.3,0.28,2.73,2872.9,0.3,750000.0,3096418.0,15.91,6.757,0.3,14.8,3.99,3.97,3.97,4.0
2015-11-13 00:00:00+00:00,243.6,308.56,4.38,29962.49,14.3,0.28,2.75,3448.4,0.3,750000.0,3096418.0,15.99,6.757,0.3,14.8,3.99,3.98,3.9,4.0
2015-11-16 00:00:00+00:00,240.9,305.08,4.43,29625.0,14.2,0.28,2.72,5048.8,0.3,750000.0,3096418.0,15.81,6.757,0.3,14.8,3.99,3.95,3.95,4.0
2015-11-17 00:00:00+00:00,242.1,306.63,4.41,29775.0,14.2,0.28,2.73,95074.7,0.3,750000.0,3096418.0,15.89,6.757,0.3,14.8,3.99,3.97,3.97,4.01
2015-11-18 00:00:00+00:00,240.9,305.08,4.43,29625.0,14.2,0.28,2.72,3804.1,0.3,750000.0,3096418.0,15.81,6.757,0.3,14.8,3.95,3.93,3.91,3.98
2015-11-19 00:00:00+00:00,240.9,305.08,4.43,29625.0,14.2,0.28,2.72,3920.6,0.3,750000.0,3096418.0,15.81,7.557,0.3,13.23,3.95,3.94,3.93,3.97
2015-11-20 00:00:00+00:00,241.5,305.86,4.42,29700.0,14.2,0.28,2.72,2686.2,0.3,750000.0,3096418.0,15.85,7.557,0.3,13.23,3.96,3.94,3.94,3.98
2015-11-23 00:00:00+00:00,237.8,301.22,4.49,29250.0,14.0,0.28,2.68,6290.8,0.3,750000.0,3096418.0,15.61,7.557,0.3,13.23,3.9,3.89,3.87,3.95
2015-11-24 00:00:00+00:00,235.7,298.52,4.53,28987.49,13.9,0.28,2.66,3939.4,0.3,750000.0,3096418.0,15.47,7.557,0.3,13.23,3.86,3.85,3.79,3.94
2015-11-25 00:00:00+00:00,231.7,293.5,4.61,28500.0,13.6,0.28,2.61,2123.5,0.3,750000.0,3096418.0,15.21,7.557,0.3,13.23,3.8,3.8,3.79,3.88
2015-11-26 00:00:00+00:00,231.1,292.73,4.62,28424.99,13.6,0.28,2.61,6696.7,0.3,750000.0,3096418.0,15.17,7.557,0.3,13.23,3.79,3.77,3.77,3.82
2015-11-27 00:00:00+00:00,231.4,293.11,4.61,28462.5,13.6,0.28,2.61,3411.7,0.3,750000.0,3096418.0,15.19,7.557,0.3,13.23,3.79,3.79,3.73,3.8
2015-11-30 00:00:00+00:00,217.7,275.73,4.9,26775.0,12.8,0.28,2.45,9799.1,0.3,750000.0,3096418.0,14.29,7.557,0.3,13.23,3.59,3.57,3.57,3.79
2015-12-01 00:00:00+00:00,231.1,292.73,4.62,28424.99,13.6,0.28,2.61,16148.6,0.3,750000.0,3096418.0,15.17,7.557,0.3,13.23,3.79,3.74,3.66,3.82
2015-12-02 00:00:00+00:00,229.3,290.41,4.65,28200.0,13.5,0.28,2.59,5810.6,0.3,750000.0,3096418.0,15.05,7.557,0.3,13.23,3.76,3.76,3.73,3.8
2015-12-03 00:00:00+00:00,229.3,290.41,4.65,28200.0,13.5,0.28,2.59,12097.9,0.3,750000.0,3096418.0,15.05,7.557,0.3,13.23,3.76,3.73,3.73,3.78
2015-12-04 00:00:00+00:00,230.2,291.57,4.64,28312.5,13.5,0.28,2.6,5758.3,0.3,750000.0,3096418.0,15.11,7.557,0.3,13.23,3.77,3.73,3.72,3.78
2015-12-07 00:00:00+00:00,231.1,292.73,4.62,28424.99,13.6,0.28,2.61,9528.8,0.3,750000.0,3096418.0,15.17,7.557,0.3,13.23,3.79,3.73,3.72,3.79
2015-12-08 00:00:00+00:00,220.4,279.21,4.84,27112.49,13.0,0.28,2.49,18724.0,0.3,750000.0,3096418.0,14.47,7.557,0.3,13.23,3.66,3.61,3.58,3.73
2015-12-09 00:00:00+00:00,222.9,282.3,4.79,27412.5,13.1,0.28,2.51,17733.9,0.3,750000.0,3096418.0,14.63,7.557,0.3,13.23,3.65,3.52,3.5,3.65
2015-12-10 00:00:00+00:00,221.3,280.37,4.82,27225.0,13.0,0.28,2.5,10675.3,0.3,750000.0,3096418.0,14.53,7.557,0.3,13.23,3.63,3.6,3.55,3.63
2015-12-11 00:00:00+00:00,207.3,262.6,5.15,25500.0,12.2,0.28,2.34,18344.2,0.3,750000.0,3096418.0,13.61,7.557,0.3,13.23,3.4,3.39,3.38,3.55
2015-12-14 00:00:00+00:00,207.6,262.99,5.14,25537.5,12.2,0.28,2.34,16546.5,0.3,750000.0,3096418.0,13.63,7.557,0.3,13.23,3.44,3.4,3.37,3.49
2015-12-15 00:00:00+00:00,208.5,264.15,5.12,25650.0,12.3,0.28,2.35,18562.9,0.3,750000.0,3096418.0,13.69,7.557,0.3,13.23,3.43,3.42,3.4,3.49
2015-12-16 00:00:00+00:00,211.9,268.4,5.04,26062.5,12.5,0.28,2.39,18991.5,0.3,750000.0,3096418.0,13.91,7.557,0.3,13.23,3.47,3.45,3.43,3.49
2015-12-17 00:00:00+00:00,213.4,270.33,5.0,26250.0,12.6,0.28,2.41,11192.6,0.3,750000.0,3096418.0,14.01,8.772,0.3,11.4,3.5,3.48,3.45,3.5
2015-12-18 00:00:00+00:00,213.4,270.33,5.0,26250.0,12.6,0.28,2.41,,0.3,750000.0,3096418.0,14.01,8.772,0.3,11.4,,,,
2015-12-21 00:00:00+00:00,214.0,271.1,4.99,26325.0,12.6,0.28,2.41,13094.4,0.3,750000.0,3096418.0,14.05,8.772,0.3,11.4,3.51,3.48,3.45,3.51
2015-12-22 00:00:00+00:00,225.0,285.0,4.74,27674.99,13.2,0.28,2.54,6492.7,0.3,750000.0,3096418.0,14.77,8.772,0.3,11.4,3.69,3.66,3.5,3.7
2015-12-23 00:00:00+00:00,227.4,288.09,4.69,27975.0,13.4,0.28,2.56,5652.8,0.3,750000.0,3096418.0,14.93,8.772,0.3,11.4,3.73,3.68,3.64,3.78
2015-12-24 00:00:00+00:00,226.8,287.32,4.7,27900.0,13.4,0.28,2.56,2338.5,0.3,750000.0,3096418.0,14.89,8.772,0.3,11.4,3.74,3.72,3.71,3.77
2015-12-25 00:00:00+00:00,225.6,285.78,4.73,27750.0,13.3,0.28,2.54,1897.8,0.3,750000.0,3096418.0,14.81,8.772,0.3,11.4,3.71,3.7,3.68,3.76
2015-12-28 00:00:00+00:00,225.6,285.78,4.73,27750.0,13.3,0.28,2.54,3419.9,0.3,750000.0,3096418.0,14.81,8.772,0.3,11.4,3.72,3.7,3.68,3.73
2015-12-29 00:00:00+00:00,225.0,285.0,4.74,27674.99,13.2,0.28,2.54,2240.6,0.3,750000.0,3096418.0,14.77,8.772,0.3,11.4,3.69,3.67,3.65,3.7
2015-12-30 00:00:00+00:00,225.9,286.16,4.72,27787.5,13.3,0.28,2.55,2310.2,0.3,750000.0,3096418.0,14.83,8.772,0.3,11.4,3.72,3.7,3.67,3.73
2015-12-31 00:00:00+00:00,229.3,290.41,4.65,28200.0,13.5,0.28,2.59,5269.3,0.3,750000.0,3096418.0,15.05,8.772,0.3,11.4,3.76,3.74,3.69,3.76
2016-01-01 00:00:00+00:00,225.3,285.39,4.74,27712.5,13.3,0.28,2.44,1794.2,0.3,750000.0,3611358.0,12.84,8.772,0.3,11.4,3.7,3.69,3.69,3.74
2016-01-04 00:00:00+00:00,217.7,275.73,4.9,26775.0,12.8,0.28,2.36,2176.6,0.3,750000.0,3611358.0,12.4,8.772,0.3,11.4,3.57,3.56,3.57,3.66
2016-01-05 00:00:00+00:00,213.7,270.71,4.99,26287.5,12.6,0.28,2.31,3093.0,0.3,750000.0,3611358.0,12.18,8.772,0.3,11.4,3.52,3.5,3.5,3.6
2016-01-06 00:00:00+00:00,217.4,275.35,4.91,26737.49,12.8,0.28,2.35,2134.1,0.3,750000.0,3611358.0,12.38,8.772,0.3,11.4,3.56,3.54,3.51,3.59
2016-01-07 00:00:00+00:00,213.4,270.33,5.0,26250.0,12.6,0.28,2.31,4626.6,0.3,750000.0,3611358.0,12.16,8.772,0.3,11.4,3.5,3.43,3.4,3.51
2016-01-08 00:00:00+00:00,210.4,266.47,5.07,25875.0,12.4,0.28,2.28,4144.3,0.3,750000.0,3611358.0,11.98,8.772,0.3,11.4,3.45,3.44,3.4,3.47
2016-01-11 00:00:00+00:00,213.4,270.33,5.0,26250.0,12.6,0.28,2.31,5422.8,0.3,750000.0,3611358.0,12.16,8.772,0.3,11.4,3.52,3.5,3.41,3.52
2016-01-12 00:00:00+00:00,211.0,267.24,5.06,25950.0,12.4,0.28,2.28,3329.8,0.3,750000.0,3611358.0,12.02,8.772,0.3,11.4,3.46,3.45,3.41,3.46
2016-01-13 00:00:00+00:00,204.6,259.13,5.22,25162.5,12.0,0.28,2.22,4707.8,0.3,750000.0,3611358.0,11.65,8.772,0.3,11.4,3.39,3.35,3.35,3.47
2016-01-14 00:00:00+00:00,199.4,252.56,5.35,24525.0,11.7,0.28,2.16,8674.5,0.3,750000.0,3611358.0,11.36,8.671,0.3,11.53,3.27,3.25,3.19,3.3
2016-01-15 00:00:00+00:00,180.5,228.62,5.91,22200.0,10.6,0.28,1.95,11691.0,0.3,750000.0,3611358.0,10.28,8.671,0.3,11.53,2.96,2.96,2.95,3.11
2016-01-18 00:00:00+00:00,184.8,234.03,5.78,22725.0,11.0,0.28,2.0,8074.1,0.3,750000.0,3611358.0,10.53,8.671,0.3,11.53,3.03,3.03,2.86,3.05
2016-01-19 00:00:00+00:00,202.7,256.81,5.26,24937.5,12.0,0.28,2.2,12141.8,0.3,750000.0,3611358.0,11.55,8.671,0.3,11.53,3.32,3.32,3.12,3.33
2016-01-20 00:00:00+00:00,195.1,247.16,5.47,24000.0,11.6,0.28,2.11,7752.9,0.3,750000.0,3611358.0,11.12,8.671,0.3,11.53,3.23,3.2,3.2,3.27
2016-01-21 00:00:00+00:00,189.9,240.59,5.62,23362.49,11.3,0.28,2.06,2579.5,0.3,750000.0,3611358.0,10.82,8.671,0.3,11.53,3.13,3.11,3.11,3.23
2016-01-22 00:00:00+00:00,200.9,254.49,5.31,24712.5,11.9,0.28,2.18,7856.9,0.3,750000.0,3611358.0,11.45,8.671,0.3,11.53,3.29,3.29,3.27,3.38
2016-01-25 00:00:00+00:00,198.2,251.02,5.38,24375.0,11.8,0.28,2.15,2230.2,0.3,750000.0,3611358.0,11.29,8.671,0.3,11.53,3.28,3.25,3.23,3.31
2016-01-26 00:00:00+00:00,199.4,252.56,5.35,24525.0,11.8,0.28,2.16,6669.0,0.3,750000.0,3611358.0,11.36,8.671,0.3,11.53,3.28,3.27,3.18,3.28
2016-01-27 00:00:00+00:00,202.1,256.04,5.28,24862.49,12.0,0.28,2.19,3793.6,0.3,750000.0,3611358.0,11.52,8.671,0.3,11.53,3.31,3.28,3.27,3.32
2016-01-28 00:00:00+00:00,205.8,260.67,5.19,25312.5,12.2,0.28,2.23,7115.8,0.3,750000.0,3611358.0,11.72,8.671,0.3,11.53,3.38,3.36,3.3,3.39
2016-01-29 00:00:00+00:00,207.3,262.6,5.15,25500.0,12.3,0.28,2.24,8346.5,0.3,750000.0,3611358.0,11.81,8.671,0.3,11.53,3.41,3.4,3.39,3.45
2016-02-01 00:00:00+00:00,207.6,262.99,5.14,25537.5,12.3,0.28,2.25,4735.6,0.3,750000.0,3611358.0,11.83,8.671,0.3,11.53,3.41,3.4,3.35,3.42
2016-02-02 00:00:00+00:00,207.6,262.99,5.14,25537.5,12.3,0.28,2.25,4897.2,0.3,750000.0,3611358.0,11.83,8.671,0.3,11.53,3.43,3.4,3.33,3.43
2016-02-03 00:00:00+00:00,206.4,261.45,5.17,25387.5,12.2,0.28,2.23,2725.1,0.3,750000.0,3611358.0,11.76,8.671,0.3,11.53,3.4,3.38,3.31,3.43
2016-02-04 00:00:00+00:00,212.8,269.56,5.01,26174.99,12.6,0.28,2.3,5524.1,0.3,750000.0,3611358.0,12.12,8.671,0.3,11.53,3.49,3.47,3.4,3.5
2016-02-05 00:00:00+00:00,210.4,266.47,5.07,25875.0,12.5,0.28,2.28,3835.5,0.3,750000.0,3611358.0,11.98,8.671,0.3,11.53,3.46,3.45,3.44,3.49
2016-02-08 00:00:00+00:00,211.0,267.24,5.06,25950.0,12.5,0.28,2.28,2767.8,0.3,750000.0,3611358.0,12.02,8.671,0.3,11.53,3.46,3.46,3.44,3.48
2016-02-09 00:00:00+00:00,211.0,267.24,5.06,25950.0,12.5,0.28,2.28,,0.3,750000.0,3611358.0,12.02,8.671,0.3,11.53,,,,
2016-02-10 00:00:00+00:00,207.0,262.22,5.15,25462.5,12.3,0.28,2.24,11110.4,0.3,750000.0,3611358.0,11.79,8.671,0.3,11.53,3.4,3.39,3.39,3.46
2016-02-11 00:00:00+00:00,206.4,261.45,5.17,25387.5,12.2,0.28,2.23,9602.5,0.3,750000.0,3611358.0,11.76,8.671,0.3,11.53,3.39,3.38,3.36,3.43
2016-02-12 00:00:00+00:00,207.0,262.22,5.15,25462.5,12.3,0.28,2.24,6213.4,0.3,750000.0,3611358.0,11.79,8.671,0.3,11.53,3.4,3.39,3.39,3.43
2016-02-15 00:00:00+00:00,211.0,267.24,5.06,25950.0,12.5,0.28,2.28,3218.2,0.3,750000.0,3611358.0,12.02,8.671,0.3,11.53,3.46,3.43,3.37,3.46
2016-02-16 00:00:00+00:00,217.4,275.35,4.91,26737.49,12.9,0.28,2.35,9702.2,0.3,750000.0,3611358.0,12.38,8.671,0.3,11.53,3.56,3.56,3.47,3.6
2016-02-17 00:00:00+00:00,215.9,273.42,4.94,26549.99,12.8,0.28,2.34,1971.8,0.3,750000.0,3611358.0,12.3,8.671,0.3,11.53,3.54,3.52,3.51,3.58
2016-02-18 00:00:00+00:00,228.4,289.25,4.67,28087.49,13.5,0.28,2.47,15525.7,0.3,750000.0,3611358.0,13.01,8.403,0.3,11.9,3.74,3.73,3.55,3.74
2016-02-19 00:00:00+00:00,224.7,284.62,4.75,27637.5,13.3,0.28,2.43,21080.3,0.3,750000.0,3611358.0,12.8,8.403,0.3,11.9,3.7,3.68,3.68,3.88
2016-02-22 00:00:00+00:00,225.0,285.0,4.74,27674.99,13.3,0.28,2.44,24407.7,0.3,750000.0,3611358.0,12.82,8.403,0.3,11.9,3.69,3.69,3.6,3.71
2016-02-23 00:00:00+00:00,225.0,285.0,4.74,27674.99,13.3,0.28,2.44,,0.3,750000.0,3611358.0,12.82,8.403,0.3,11.9,3.74,3.64,,
2016-02-24 00:00:00+00:00,215.9,286.93,4.94,26549.99,12.8,0.28,2.34,7094.9,0.3,750000.0,3611358.0,12.3,8.403,0.3,11.9,3.54,3.53,3.5,3.59
2016-02-25 00:00:00+00:00,215.2,286.12,4.96,26475.0,12.8,0.28,2.33,4505.6,0.3,750000.0,3611358.0,12.26,8.403,0.3,11.9,3.53,3.49,3.49,3.53
2016-02-26 00:00:00+00:00,214.3,284.91,4.98,26362.49,12.7,0.28,2.32,2711.8,0.3,750000.0,3611358.0,12.21,8.403,0.3,11.9,3.51,3.51,3.5,3.53
2016-02-29 00:00:00+00:00,207.9,276.4,5.13,25575.0,12.3,0.28,2.25,7509.3,0.3,750000.0,3611358.0,11.85,8.403,0.3,11.9,3.46,3.41,3.41,3.51
2016-03-01 00:00:00+00:00,211.9,281.67,5.04,26062.5,12.6,0.28,2.29,5347.5,0.3,750000.0,3611358.0,12.07,8.403,0.3,11.9,3.47,3.47,3.44,3.49
2016-03-02 00:00:00+00:00,213.7,284.1,4.99,26287.5,12.7,0.28,2.31,7567.7,0.3,750000.0,3611358.0,12.18,8.403,0.3,11.9,3.5,3.5,3.45,3.52
2016-03-03 00:00:00+00:00,215.5,286.53,4.95,26512.5,12.8,0.28,2.33,9779.6,0.3,750000.0,3611358.0,12.28,8.403,0.3,11.9,3.53,3.51,3.49,3.53
2016-03-04 00:00:00+00:00,215.5,286.53,4.95,26512.5,12.8,0.28,2.33,,0.3,750000.0,3611358.0,12.28,8.403,0.3,11.9,,,,
2016-03-07 00:00:00+00:00,218.3,290.18,4.89,26850.0,13.0,0.28,2.36,8696.4,0.3,750000.0,3611358.0,12.44,8.403,0.3,11.9,3.59,3.58,3.54,3.6
2016-03-08 00:00:00+00:00,220.4,293.01,4.84,27112.49,13.1,0.28,2.39,6398.6,0.3,750000.0,3611358.0,12.56,8.403,0.3,11.9,3.62,3.61,3.56,3.63
2016-03-09 00:00:00+00:00,221.0,293.82,4.83,27187.5,13.1,0.28,2.39,3961.8,0.3,750000.0,3611358.0,12.59,8.403,0.3,11.9,3.63,3.61,3.58,3.63
2016-03-10 00:00:00+00:00,219.5,291.8,4.86,27000.0,13.0,0.28,2.38,3524.6,0.3,750000.0,3611358.0,12.51,8.403,0.3,11.9,3.6,3.59,3.59,3.63
2016-03-11 00:00:00+00:00,219.2,291.39,4.87,26962.49,13.0,0.28,2.37,3685.2,0.3,750000.0,3611358.0,12.49,8.403,0.3,11.9,3.59,3.59,3.58,3.65
2016-03-14 00:00:00+00:00,218.6,290.58,4.88,26887.5,13.0,0.28,2.37,3873.1,0.3,750000.0,3611358.0,12.45,8.403,0.3,11.9,3.61,3.58,3.58,3.61
2016-03-15 00:00:00+00:00,215.9,286.93,4.94,26549.99,12.8,0.28,2.34,8853.0,0.3,750000.0,3611358.0,12.3,8.403,0.3,11.9,3.54,3.53,3.5,3.57
2016-03-16 00:00:00+00:00,218.9,290.99,4.87,26924.99,13.0,0.28,2.37,19489.6,0.3,750000.0,3611358.0,12.47,8.403,0.3,11.9,3.59,3.55,3.5,3.59
2016-03-17 00:00:00+00:00,219.2,291.39,4.87,26962.49,13.0,0.28,2.37,33842.0,0.3,750000.0,3611358.0,12.49,8.475,0.3,11.8,3.59,3.56,3.56,3.6
2016-03-18 00:00:00+00:00,222.0,295.04,4.81,27299.99,13.2,0.28,2.4,25970.5,0.3,750000.0,3611358.0,12.64,8.475,0.3,11.8,3.64,3.63,3.6,3.66
2016-03-21 00:00:00+00:00,221.6,294.63,4.81,27262.5,13.1,0.28,2.4,20108.7,0.3,750000.0,3611358.0,12.63,8.475,0.3,11.8,3.63,3.61,3.61,3.65
2016-03-22 00:00:00+00:00,220.1,292.61,4.85,27075.0,13.1,0.28,2.38,19311.0,0.3,750000.0,3611358.0,12.54,8.475,0.3,11.8,3.61,3.6,3.59,3.63
2016-03-23 00:00:00+00:00,218.3,290.18,4.89,26850.0,13.0,0.28,2.36,9763.9,0.3,750000.0,3611358.0,12.44,8.475,0.3,11.8,3.58,3.57,3.56,3.6
2016-03-24 00:00:00+00:00,217.7,289.37,4.9,26775.0,12.9,0.28,2.36,2966.4,0.3,750000.0,3611358.0,12.4,8.475,0.3,11.8,3.57,3.55,3.55,3.57
2016-03-25 00:00:00+00:00,217.4,288.96,4.91,26737.49,12.9,0.28,2.35,12619.1,0.3,750000.0,3611358.0,12.38,8.475,0.3,11.8,3.56,3.56,3.52,3.6
2016-03-28 00:00:00+00:00,216.2,287.34,4.94,26587.5,12.8,0.28,2.34,13052.7,0.3,750000.0,3611358.0,12.31,8.475,0.3,11.8,3.55,3.54,3.52,3.58
2016-03-29 00:00:00+00:00,217.1,288.56,4.92,26700.0,12.9,0.28,2.35,7318.0,0.3,750000.0,3611358.0,12.37,8.475,0.3,11.8,3.57,3.56,3.54,3.58
2016-03-30 00:00:00+00:00,218.3,290.18,4.89,26850.0,13.0,0.28,2.36,7782.7,0.3,750000.0,3611358.0,12.44,8.475,0.3,11.8,3.59,3.58,3.57,3.61
2016-03-31 00:00:00+00:00,217.7,289.37,4.9,26775.0,12.9,0.28,2.36,9802.7,0.3,750000.0,3611358.0,12.4,8.475,0.3,11.8,3.57,3.56,3.54,3.6
2016-04-01 00:00:00+00:00,215.9,286.93,4.94,26549.99,12.8,0.28,2.34,12926.1,0.3,750000.0,3611358.0,12.3,8.475,0.3,11.8,3.55,3.54,3.53,3.57
2016-04-04 00:00:00+00:00,215.2,286.12,4.96,26475.0,12.8,0.28,2.33,6092.6,0.3,750000.0,3611358.0,12.26,8.475,0.3,11.8,3.53,3.52,3.51,3.56
2016-04-05 00:00:00+00:00,207.6,275.99,5.14,25537.5,12.3,0.28,2.25,17899.7,0.3,750000.0,3611358.0,11.83,8.475,0.3,11.8,3.45,3.4,3.4,3.53
2016-04-06 00:00:00+00:00,210.1,279.23,5.08,25837.5,12.5,0.28,2.27,3830.3,0.3,750000.0,3611358.0,11.97,8.475,0.3,11.8,3.44,3.43,3.41,3.45
2016-04-07 00:00:00+00:00,209.8,278.83,5.09,25799.99,12.4,0.28,2.27,5860.2,0.3,750000.0,3611358.0,11.95,8.475,0.3,11.8,3.44,3.42,3.42,3.49
2016-04-08 00:00:00+00:00,211.0,280.45,5.06,25950.0,12.5,0.28,2.28,9913.9,0.3,750000.0,3611358.0,12.02,8.475,0.3,11.8,3.46,3.44,3.43,3.48
2016-04-11 00:00:00+00:00,211.3,280.85,5.05,25987.49,12.5,0.28,2.29,2457.8,0.3,750000.0,3611358.0,12.04,8.475,0.3,11.8,3.46,3.45,3.43,3.47
2016-04-12 00:00:00+00:00,213.4,283.69,5.0,26250.0,12.7,0.28,2.31,3610.6,0.3,750000.0,3611358.0,12.16,8.475,0.3,11.8,3.5,3.49,3.44,3.5
2016-04-13 00:00:00+00:00,213.1,283.29,5.01,26212.49,12.6,0.28,2.31,5796.5,0.3,750000.0,3611358.0,12.14,8.475,0.3,11.8,3.49,3.48,3.48,3.52
2016-04-14 00:00:00+00:00,213.4,283.69,5.0,26250.0,12.7,0.28,2.31,1198.2,0.3,750000.0,3611358.0,12.16,8.571,0.3,11.67,3.5,3.49,3.46,3.5
2016-04-15 00:00:00+00:00,212.5,282.48,5.02,26137.5,12.6,0.28,2.3,1132.7,0.3,750000.0,3611358.0,12.11,8.571,0.3,11.67,3.48,3.48,3.48,3.5
2016-04-18 00:00:00+00:00,212.5,282.48,5.02,26137.5,12.6,0.28,2.3,3774.3,0.3,750000.0,3611358.0,12.11,8.571,0.3,11.67,3.48,3.44,3.43,3.48
2016-04-19 00:00:00+00:00,211.9,281.67,5.04,26062.5,12.4,0.28,2.29,1812.6,0.3,750000.0,3611358.0,12.07,8.571,0.3,11.67,3.47,3.46,3.46,3.49
2016-04-20 00:00:00+00:00,213.1,283.29,5.01,26212.49,12.5,0.28,2.31,13744.2,0.3,750000.0,3611358.0,12.14,8.571,0.3,11.67,3.49,3.48,3.45,3.5
2016-04-21 00:00:00+00:00,212.2,282.07,5.03,26100.0,12.4,0.28,2.3,13492.5,0.3,750000.0,3611358.0,12.09,8.571,0.3,11.67,3.48,3.47,3.45,3.5
2016-04-22 00:00:00+00:00,211.6,281.26,5.04,26024.99,12.4,0.28,2.29,8069.5,0.3,750000.0,3611358.0,12.05,8.571,0.3,11.67,3.47,3.46,3.45,3.47
2016-04-25 00:00:00+00:00,207.3,275.59,5.15,25500.0,12.1,0.28,2.24,8565.1,0.3,750000.0,3611358.0,11.81,8.571,0.3,11.67,3.41,3.4,3.4,3.46
2016-04-26 00:00:00+00:00,206.7,274.78,5.16,25424.99,12.1,0.28,2.24,7009.3,0.3,750000.0,3611358.0,11.78,8.571,0.3,11.67,3.39,3.38,3.37,3.4
2016-04-27 00:00:00+00:00,208.8,277.61,5.11,25687.5,12.2,0.28,2.26,9659.7,0.3,750000.0,3611358.0,11.9,8.571,0.3,11.67,3.42,3.38,3.32,3.42
2016-04-28 00:00:00+00:00,208.5,277.21,5.12,25650.0,12.2,0.28,2.26,3141.8,0.3,750000.0,3611358.0,11.88,8.571,0.3,11.67,3.42,3.39,3.38,3.42
2016-04-29 00:00:00+00:00,206.4,274.37,5.17,25387.5,12.1,0.28,2.23,1358.3,0.3,750000.0,3611358.0,11.76,8.571,0.3,11.67,3.38,3.38,3.36,3.4
2016-05-02 00:00:00+00:00,204.6,271.94,5.22,25162.5,12.0,0.28,2.22,2206.9,0.3,750000.0,3611358.0,11.65,8.571,0.3,11.67,3.35,3.34,3.32,3.38
2016-05-03 00:00:00+00:00,202.7,269.51,5.26,24937.5,11.9,0.28,2.2,1586.0,0.3,750000.0,3611358.0,11.55,8.571,0.3,11.67,3.32,3.32,3.32,3.35
2016-05-04 00:00:00+00:00,200.9,267.08,5.31,24712.5,11.8,0.28,2.18,12202.4,0.3,750000.0,3611358.0,11.45,8.571,0.3,11.67,3.29,3.27,3.21,3.31
2016-05-05 00:00:00+00:00,200.6,266.67,5.32,24674.99,11.8,0.28,2.17,4194.7,0.3,750000.0,3611358.0,11.43,8.571,0.3,11.67,3.29,3.28,3.27,3.32
2016-05-06 00:00:00+00:00,199.7,265.45,5.34,24562.5,11.7,0.28,2.16,1128.0,0.3,750000.0,3611358.0,11.38,8.571,0.3,11.67,3.28,3.27,3.27,3.3
2016-05-09 00:00:00+00:00,203.4,270.32,5.25,25012.5,11.9,0.28,2.2,4155.8,0.3,750000.0,3611358.0,11.58,8.571,0.3,11.67,3.33,3.32,3.24,3.33
2016-05-10 00:00:00+00:00,205.8,273.56,5.19,25312.5,12.1,0.28,2.23,3048.0,0.3,750000.0,3611358.0,11.72,8.571,0.3,11.67,3.38,3.32,3.3,3.38
2016-05-11 00:00:00+00:00,207.0,275.18,5.15,25462.5,12.1,0.28,2.24,4973.9,0.3,750000.0,3611358.0,11.79,8.571,0.3,11.67,3.42,3.39,3.35,3.42
2016-05-12 00:00:00+00:00,206.7,274.78,5.16,25424.99,12.1,0.28,2.24,2494.6,0.3,750000.0,3611358.0,11.78,8.571,0.3,11.67,3.4,3.39,3.39,3.41
2016-05-13 00:00:00+00:00,206.4,274.37,5.17,25387.5,12.1,0.28,2.23,5894.5,0.3,750000.0,3611358.0,11.76,8.571,0.3,11.67,3.41,3.38,3.38,3.4
2016-05-16 00:00:00+00:00,207.3,275.59,5.15,25500.0,12.1,0.28,2.24,9250.0,0.3,750000.0,3611358.0,11.81,8.571,0.3,11.67,3.4,3.38,3.36,3.4
2016-05-17 00:00:00+00:00,207.9,276.4,5.13,25575.0,12.2,0.28,2.25,6974.9,0.3,750000.0,3611358.0,11.85,8.571,0.3,11.67,3.41,3.37,3.36,3.41
2016-05-18 00:00:00+00:00,208.5,277.21,5.12,25650.0,12.2,0.28,2.26,9161.9,0.3,750000.0,3611358.0,11.88,8.571,0.3,11.67,3.42,3.38,3.38,3.42
2016-05-19 00:00:00+00:00,202.4,269.1,5.27,24900.0,11.9,0.28,2.19,6506.7,0.3,750000.0,3611358.0,11.53,8.798,0.3,11.37,3.38,3.32,3.32,3.4
2016-05-20 00:00:00+00:00,201.2,267.48,5.3,24750.0,11.8,0.28,2.18,1984.0,0.3,750000.0,3611358.0,11.46,8.798,0.3,11.37,3.31,3.3,3.3,3.34
2016-05-23 00:00:00+00:00,202.7,269.51,5.26,24937.5,11.9,0.28,2.2,4583.2,0.3,750000.0,3611358.0,11.55,8.798,0.3,11.37,3.32,3.3,3.28,3.32
2016-05-24 00:00:00+00:00,200.0,265.86,5.34,24600.0,11.7,0.28,2.17,1979.9,0.3,750000.0,3611358.0,11.39,8.798,0.3,11.37,3.29,3.28,3.28,3.3
2016-05-25 00:00:00+00:00,201.5,267.89,5.3,24787.5,11.8,0.28,2.18,1806.6,0.3,750000.0,3611358.0,11.48,8.798,0.3,11.37,3.31,3.3,3.28,3.33
2016-05-26 00:00:00+00:00,201.5,267.89,5.3,24787.5,11.8,0.28,2.18,1482.6,0.3,750000.0,3611358.0,11.48,8.798,0.3,11.37,3.31,3.3,3.3,3.35
2016-05-27 00:00:00+00:00,201.8,268.29,5.29,24825.0,11.8,0.28,2.19,1508.6,0.3,750000.0,3611358.0,11.5,8.798,0.3,11.37,3.31,3.29,3.29,3.31
2016-05-30 00:00:00+00:00,199.4,265.05,5.35,24525.0,11.7,0.28,2.16,3583.9,0.3,750000.0,3611358.0,11.36,8.798,0.3,11.37,3.28,3.27,3.27,3.31
2016-05-31 00:00:00+00:00,200.3,266.27,5.33,24637.5,11.7,0.28,2.17,8736.6,0.3,750000.0,3611358.0,11.41,8.798,0.3,11.37,3.29,3.28,3.27,3.3
2016-06-01 00:00:00+00:00,200.3,266.27,5.33,24637.5,11.7,0.28,2.17,2492.6,0.3,750000.0,3611358.0,11.41,8.798,0.3,11.37,3.29,3.28,3.27,3.29
2016-06-02 00:00:00+00:00,199.7,265.45,5.34,24562.5,11.7,0.28,2.16,2437.1,0.3,750000.0,3611358.0,11.38,8.798,0.3,11.37,3.28,3.27,3.27,3.3
2016-06-03 00:00:00+00:00,200.9,267.08,5.31,24712.5,11.8,0.28,2.18,2914.1,0.3,750000.0,3611358.0,11.45,8.798,0.3,11.37,3.29,3.27,3.25,3.3
2016-06-06 00:00:00+00:00,203.4,270.32,5.25,25012.5,11.9,0.28,2.2,2254.0,0.3,750000.0,3611358.0,11.58,8.798,0.3,11.37,3.33,3.3,3.27,3.33
2016-06-07 00:00:00+00:00,208.5,277.21,5.12,25650.0,12.2,0.28,2.26,5481.0,0.3,750000.0,3611358.0,11.88,8.798,0.3,11.37,3.42,3.4,3.3,3.42
2016-06-08 00:00:00+00:00,209.1,278.02,5.1,25725.0,12.3,0.28,2.26,6424.6,0.3,750000.0,3611358.0,11.91,8.798,0.3,11.37,3.43,3.41,3.4,3.43
2016-06-09 00:00:00+00:00,206.1,273.97,5.18,25350.0,12.1,0.28,2.23,1968.8,0.3,750000.0,3611358.0,11.74,8.798,0.3,11.37,3.4,3.38,3.38,3.43
2016-06-10 00:00:00+00:00,206.1,273.97,5.18,25350.0,12.1,0.28,2.23,661.3,0.3,750000.0,3611358.0,11.74,8.798,0.3,11.37,3.39,3.38,3.37,3.4
2016-06-13 00:00:00+00:00,204.6,271.94,5.22,25162.5,12.0,0.28,2.22,1457.1,0.3,750000.0,3611358.0,11.65,8.798,0.3,11.37,3.38,3.35,3.35,3.39
2016-06-14 00:00:00+00:00,206.7,274.78,5.16,25424.99,12.1,0.28,2.24,643.2,0.3,750000.0,3611358.0,11.78,8.798,0.3,11.37,3.39,3.36,3.35,3.39
2016-06-15 00:00:00+00:00,205.2,272.75,5.2,25237.49,12.0,0.28,2.22,1824.8,0.3,750000.0,3611358.0,11.69,8.798,0.3,11.37,3.38,3.36,3.36,3.39
2016-06-16 00:00:00+00:00,204.9,272.34,5.21,25200.0,12.0,0.28,2.22,2155.9,0.3,750000.0,3611358.0,11.67,8.85,0.3,11.3,3.37,3.36,3.35,3.37
2016-06-17 00:00:00+00:00,204.9,272.34,5.21,25200.0,12.0,0.28,2.22,,0.3,750000.0,3611358.0,11.67,8.85,0.3,11.3,3.37,3.31,,
2016-06-20 00:00:00+00:00,204.6,271.94,5.22,25162.5,12.0,0.28,2.22,2296.4,0.3,750000.0,3611358.0,11.65,8.85,0.3,11.3,3.38,3.35,3.35,3.4
2016-06-21 00:00:00+00:00,207.3,275.59,5.15,25500.0,12.1,0.28,2.24,2610.0,0.3,750000.0,3611358.0,11.81,8.85,0.3,11.3,3.4,3.38,3.36,3.4
2016-06-22 00:00:00+00:00,207.6,275.99,5.14,25537.5,12.2,0.28,2.25,1383.9,0.3,750000.0,3611358.0,11.83,8.85,0.3,11.3,3.4,3.39,3.38,3.4
2016-06-23 00:00:00+00:00,207.6,275.99,5.14,25537.5,12.2,0.28,2.25,1513.7,0.3,750000.0,3611358.0,11.83,8.85,0.3,11.3,3.4,3.4,3.37,3.4
2016-06-24 00:00:00+00:00,207.6,275.99,5.14,25537.5,12.2,0.28,2.25,,0.3,750000.0,3611358.0,11.83,8.85,0.3,11.3,3.41,3.31,,
2016-06-27 00:00:00+00:00,206.7,274.78,5.16,25424.99,12.1,0.28,2.24,1666.4,0.3,750000.0,3611358.0,11.78,8.85,0.3,11.3,3.39,3.38,3.35,3.4
2016-06-28 00:00:00+00:00,208.5,277.21,5.12,25650.0,12.2,0.28,2.26,3034.9,0.3,750000.0,3611358.0,11.88,8.85,0.3,11.3,3.42,3.36,3.36,3.42
2016-06-29 00:00:00+00:00,207.3,275.59,5.15,25500.0,12.1,0.28,2.24,1021.3,0.3,750000.0,3611358.0,11.81,8.85,0.3,11.3,3.4,3.4,3.37,3.4
2016-06-30 00:00:00+00:00,207.3,275.59,5.15,25500.0,12.1,0.28,2.24,1637.5,0.3,750000.0,3611358.0,11.81,8.85,0.3,11.3,3.4,3.38,3.38,3.41
2016-07-01 00:00:00+00:00,208.8,277.61,5.11,25687.5,12.2,0.28,2.26,911.0,0.3,750000.0,3611358.0,11.9,8.85,0.3,11.3,3.42,3.4,3.38,3.42
2016-07-04 00:00:00+00:00,209.8,278.83,5.09,25799.99,12.3,0.28,2.27,504.7,0.3,750000.0,3611358.0,11.95,8.85,0.3,11.3,3.44,3.42,3.38,3.44
2016-07-05 00:00:00+00:00,207.9,276.4,5.13,25575.0,12.2,0.28,2.25,436.2,0.3,750000.0,3611358.0,11.85,8.85,0.3,11.3,3.42,3.41,3.41,3.43
2016-07-06 00:00:00+00:00,207.9,276.4,5.13,25575.0,12.2,0.28,2.25,,0.3,750000.0,3611358.0,11.85,8.85,0.3,11.3,,,,
2016-07-07 00:00:00+00:00,207.9,276.4,5.13,25575.0,12.2,0.28,2.25,,0.3,750000.0,3611358.0,11.85,8.85,0.3,11.3,,,,
2016-07-08 00:00:00+00:00,207.9,276.4,5.13,25575.0,12.2,0.28,2.25,,0.3,750000.0,3611358.0,11.85,8.85,0.3,11.3,,,,
2016-07-11 00:00:00+00:00,209.8,278.83,5.09,25799.99,12.3,0.28,2.27,2304.5,0.3,750000.0,3611358.0,11.95,8.85,0.3,11.3,3.44,3.42,3.41,3.44
2016-07-12 00:00:00+00:00,211.0,280.45,5.06,25950.0,12.4,0.28,2.28,2582.7,0.3,750000.0,3611358.0,12.02,8.85,0.3,11.3,3.46,3.42,3.4,3.46
2016-07-13 00:00:00+00:00,213.4,283.69,5.0,26250.0,12.5,0.28,2.31,3294.0,0.3,750000.0,3611358.0,12.16,8.85,0.3,11.3,3.5,3.46,3.43,3.5
2016-07-14 00:00:00+00:00,215.9,286.93,4.94,26549.99,12.6,0.28,2.34,3823.0,0.3,750000.0,3611358.0,12.3,8.671,0.3,11.53,3.54,3.52,3.47,3.54
2016-07-15 00:00:00+00:00,214.9,285.72,4.96,26437.5,12.6,0.28,2.33,2242.5,0.3,750000.0,3611358.0,12.24,8.671,0.3,11.53,3.52,3.52,3.5,3.53
2016-07-18 00:00:00+00:00,219.2,291.39,4.87,26962.49,12.7,0.28,2.37,5638.0,0.3,750000.0,3611358.0,12.49,8.671,0.3,11.53,3.59,3.56,3.5,3.59
2016-07-19 00:00:00+00:00,219.5,291.8,4.86,27000.0,12.7,0.28,2.38,4544.4,0.3,750000.0,3611358.0,12.51,8.671,0.3,11.53,3.6,3.59,3.57,3.61
2016-07-20 00:00:00+00:00,219.5,291.8,4.86,27000.0,12.7,0.28,2.38,3187.8,0.3,750000.0,3611358.0,12.51,8.671,0.3,11.53,3.6,3.59,3.56,3.6
2016-07-21 00:00:00+00:00,218.3,290.18,4.89,26850.0,12.6,0.28,2.36,13741.3,0.3,750000.0,3611358.0,12.44,8.671,0.3,11.53,3.58,3.57,3.57,3.6
2016-07-22 00:00:00+00:00,216.8,288.15,4.92,26662.5,12.5,0.28,2.35,7279.7,0.3,750000.0,3611358.0,12.35,8.671,0.3,11.53,3.57,3.55,3.55,3.58
2016-07-25 00:00:00+00:00,218.3,290.18,4.89,26850.0,12.6,0.28,2.36,8802.4,0.3,750000.0,3611358.0,12.44,8.671,0.3,11.53,3.58,3.56,3.56,3.58
2016-07-26 00:00:00+00:00,216.2,287.34,4.94,26587.5,12.5,0.28,2.34,1288.9,0.3,750000.0,3611358.0,12.31,8.671,0.3,11.53,3.55,3.54,3.54,3.57
2016-07-27 00:00:00+00:00,218.3,290.18,4.89,26850.0,12.6,0.28,2.36,4043.1,0.3,750000.0,3611358.0,12.44,8.671,0.3,11.53,3.58,3.55,3.53,3.58
2016-07-28 00:00:00+00:00,219.5,291.8,4.86,27000.0,12.7,0.28,2.38,3870.7,0.3,750000.0,3611358.0,12.51,8.671,0.3,11.53,3.6,3.54,3.51,3.6
2016-07-29 00:00:00+00:00,222.6,295.85,4.79,27375.0,12.9,0.28,2.41,8428.0,0.3,750000.0,3611358.0,12.68,8.671,0.3,11.53,3.66,3.65,3.56,3.66
2016-08-01 00:00:00+00:00,223.8,297.47,4.77,27525.0,12.9,0.28,2.42,6704.9,0.3,750000.0,3611358.0,12.75,8.671,0.3,11.53,3.67,3.66,3.64,3.69
2016-08-02 00:00:00+00:00,222.0,295.04,4.81,27299.99,12.8,0.28,2.4,2844.3,0.3,750000.0,3611358.0,12.64,8.671,0.3,11.53,3.66,3.64,3.64,3.67
2016-08-03 00:00:00+00:00,222.6,295.85,4.79,27375.0,12.9,0.28,2.41,3971.6,0.3,750000.0,3611358.0,12.68,8.671,0.3,11.53,3.65,3.63,3.63,3.65
2016-08-04 00:00:00+00:00,225.3,299.5,4.74,27712.5,13.0,0.28,2.44,2320.0,0.3,750000.0,3611358.0,12.84,8.671,0.3,11.53,3.69,3.67,3.63,3.69
2016-08-05 00:00:00+00:00,225.6,299.9,4.73,27750.0,13.1,0.28,2.44,5173.8,0.3,750000.0,3611358.0,12.85,8.671,0.3,11.53,3.7,3.69,3.6,3.72
2016-08-08 00:00:00+00:00,228.7,303.96,4.67,28125.0,13.2,0.28,2.48,5797.8,0.3,750000.0,3611358.0,13.03,8.671,0.3,11.53,3.75,3.73,3.68,3.75
2016-08-09 00:00:00+00:00,223.8,297.47,4.77,27525.0,12.9,0.28,2.42,14937.0,0.3,750000.0,3611358.0,12.75,8.671,0.3,11.53,3.77,3.67,3.67,3.8
2016-08-10 00:00:00+00:00,230.2,305.98,4.64,28312.5,13.3,0.28,2.49,7553.6,0.3,750000.0,3611358.0,13.11,8.671,0.3,11.53,3.77,3.76,3.7,3.79
2016-08-11 00:00:00+00:00,230.5,306.39,4.63,28350.0,13.3,0.28,2.5,3227.8,0.3,750000.0,3611358.0,13.13,8.671,0.3,11.53,3.78,3.76,3.75,3.79
2016-08-12 00:00:00+00:00,231.1,307.2,4.62,28424.99,13.4,0.28,2.5,5364.3,0.3,750000.0,3611358.0,13.17,8.671,0.3,11.53,3.79,3.78,3.76,3.8
2016-08-15 00:00:00+00:00,234.5,311.66,4.55,28837.5,13.6,0.28,2.54,9451.8,0.3,750000.0,3611358.0,13.36,8.671,0.3,11.53,3.84,3.83,3.77,3.84
2016-08-16 00:00:00+00:00,238.7,317.33,4.47,29362.49,13.8,0.28,2.58,13374.7,0.3,750000.0,3611358.0,13.6,8.671,0.3,11.53,3.91,3.9,3.84,3.92
2016-08-17 00:00:00+00:00,239.6,318.55,4.45,29475.0,13.9,0.28,2.59,8517.8,0.3,750000.0,3611358.0,13.65,8.671,0.3,11.53,3.93,3.91,3.86,3.94
2016-08-18 00:00:00+00:00,238.4,316.92,4.48,29325.0,13.8,0.28,2.58,5253.4,0.3,750000.0,3611358.0,13.58,7.653,0.3,13.07,3.91,3.9,3.89,3.92
2016-08-19 00:00:00+00:00,236.0,313.68,4.52,29024.99,13.7,0.28,2.56,735.2,0.3,750000.0,3611358.0,13.44,7.653,0.3,13.07,3.88,3.87,3.87,3.9
2016-08-22 00:00:00+00:00,235.1,312.47,4.54,28912.5,13.6,0.28,2.55,2967.4,0.3,750000.0,3611358.0,13.39,7.653,0.3,13.07,3.85,3.83,3.82,3.89
2016-08-23 00:00:00+00:00,232.6,309.22,4.59,28612.49,13.5,0.28,2.52,2780.9,0.3,750000.0,3611358.0,13.25,7.653,0.3,13.07,3.81,3.81,3.81,3.84
2016-08-24 00:00:00+00:00,233.5,310.44,4.57,28725.0,13.5,0.28,2.53,3478.2,0.3,750000.0,3611358.0,13.3,7.653,0.3,13.07,3.83,3.83,3.76,3.84
2016-08-25 00:00:00+00:00,231.7,308.01,4.61,28500.0,13.4,0.28,2.51,3451.3,0.3,750000.0,3611358.0,13.2,7.653,0.3,13.07,3.8,3.77,3.77,3.83
2016-08-26 00:00:00+00:00,232.0,308.41,4.6,28537.5,13.4,0.28,2.51,2797.3,0.3,750000.0,3611358.0,13.22,7.653,0.3,13.07,3.8,3.79,3.8,3.82
2016-08-29 00:00:00+00:00,233.2,310.03,4.58,28687.5,13.5,0.28,2.53,1890.0,0.3,750000.0,3611358.0,13.29,7.653,0.3,13.07,3.83,3.82,3.77,3.82
2016-08-30 00:00:00+00:00,237.5,315.71,4.49,29212.49,13.7,0.28,2.57,8507.7,0.3,750000.0,3611358.0,13.53,7.653,0.3,13.07,3.89,3.88,3.8,3.91
2016-08-31 00:00:00+00:00,231.7,308.01,4.61,28500.0,13.4,0.28,2.51,11737.7,0.3,750000.0,3611358.0,13.2,7.653,0.3,13.07,3.84,3.8,3.8,3.89
2016-09-01 00:00:00+00:00,226.2,300.71,4.72,27825.0,13.1,0.28,2.45,12764.7,0.3,750000.0,3611358.0,12.89,7.653,0.3,13.07,3.71,3.71,3.68,3.83
2016-09-02 00:00:00+00:00,227.4,302.33,4.69,27975.0,13.2,0.28,2.46,3569.0,0.3,750000.0,3611358.0,12.96,7.653,0.3,13.07,3.73,3.72,3.7,3.75
2016-09-05 00:00:00+00:00,226.8,301.52,4.7,27900.0,13.1,0.28,2.46,5160.8,0.3,750000.0,3611358.0,12.92,7.653,0.3,13.07,3.72,3.7,3.69,3.72
2016-09-06 00:00:00+00:00,222.6,295.85,4.79,27375.0,12.9,0.28,2.41,9443.4,0.3,750000.0,3611358.0,12.68,7.653,0.3,13.07,3.66,3.65,3.6,3.71
2016-09-07 00:00:00+00:00,216.5,287.74,4.93,26625.0,12.5,0.28,2.34,11344.1,0.3,750000.0,3611358.0,12.33,7.653,0.3,13.07,3.55,3.54,3.53,3.67
2016-09-08 00:00:00+00:00,216.2,287.34,4.94,26587.5,12.5,0.28,2.34,13924.9,0.3,750000.0,3611358.0,12.31,7.653,0.3,13.07,3.57,3.54,3.5,3.58
2016-09-09 00:00:00+00:00,216.2,287.34,4.94,26587.5,12.5,0.28,2.34,,0.3,750000.0,3611358.0,12.31,7.653,0.3,13.07,,,,
2016-09-12 00:00:00+00:00,216.2,287.34,4.94,26587.5,12.5,0.28,2.34,,0.3,750000.0,3611358.0,12.31,7.653,0.3,13.07,,,,
2016-09-13 00:00:00+00:00,216.2,287.34,4.94,26587.5,12.5,0.28,2.34,,0.3,750000.0,3611358.0,12.31,7.653,0.3,13.07,,,,
2016-09-14 00:00:00+00:00,216.2,287.34,4.94,26587.5,12.5,0.28,2.34,,0.3,750000.0,3611358.0,12.31,7.653,0.3,13.07,,,,
2016-09-15 00:00:00+00:00,216.2,287.34,4.94,26587.5,12.5,0.28,2.34,,0.3,750000.0,3611358.0,12.31,8.451,0.3,11.83,,,,
2016-09-16 00:00:00+00:00,217.7,289.37,4.9,26775.0,12.6,0.28,2.36,19995.2,0.3,750000.0,3611358.0,12.4,8.451,0.3,11.83,3.57,3.56,3.52,3.6
2016-09-19 00:00:00+00:00,206.7,274.78,5.16,25424.99,12.0,0.28,2.24,22284.7,0.3,750000.0,3611358.0,11.78,8.451,0.3,11.83,3.39,3.39,3.39,3.59
2016-09-20 00:00:00+00:00,210.7,280.04,5.07,25912.5,12.2,0.28,2.28,10900.2,0.3,750000.0,3611358.0,12.0,8.451,0.3,11.83,3.45,3.44,3.41,3.5
2016-09-21 00:00:00+00:00,210.4,279.64,5.07,25875.0,12.2,0.28,2.28,4419.9,0.3,750000.0,3611358.0,11.98,8.451,0.3,11.83,3.47,3.45,3.43,3.47
2016-09-22 00:00:00+00:00,214.9,285.72,4.96,26437.5,12.4,0.28,2.33,7469.2,0.3,750000.0,3611358.0,12.24,8.451,0.3,11.83,3.53,3.52,3.47,3.53
2016-09-23 00:00:00+00:00,216.5,287.74,4.93,26625.0,12.5,0.28,2.34,4233.4,0.3,750000.0,3611358.0,12.33,8.451,0.3,11.83,3.55,3.53,3.49,3.55
2016-09-26 00:00:00+00:00,218.3,290.18,4.89,26850.0,12.6,0.28,2.36,2795.9,0.3,750000.0,3611358.0,12.44,8.451,0.3,11.83,3.58,3.55,3.52,3.58
2016-09-27 00:00:00+00:00,217.7,289.37,4.9,26775.0,12.6,0.28,2.36,3713.7,0.3,750000.0,3611358.0,12.4,8.451,0.3,11.83,3.57,3.56,3.55,3.59
2016-09-28 00:00:00+00:00,216.8,288.15,4.92,26662.5,12.5,0.28,2.35,3297.4,0.3,750000.0,3611358.0,12.35,8.451,0.3,11.83,3.56,3.55,3.54,3.58
2016-09-29 00:00:00+00:00,216.5,287.74,4.93,26625.0,12.5,0.28,2.34,9662.8,0.3,750000.0,3611358.0,12.33,8.451,0.3,11.83,3.56,3.55,3.55,3.59
2016-09-30 00:00:00+00:00,214.6,285.31,4.97,26400.0,12.4,0.28,2.32,2698.8,0.3,750000.0,3611358.0,12.23,8.451,0.3,11.83,3.53,3.52,3.51,3.57
2016-10-03 00:00:00+00:00,212.8,282.88,5.01,26174.99,12.3,0.28,2.3,3790.4,0.3,750000.0,3611358.0,12.12,8.451,0.3,11.83,3.51,3.49,3.47,3.52
2016-10-04 00:00:00+00:00,215.9,286.93,4.94,26549.99,12.5,0.28,2.34,4858.5,0.3,750000.0,3611358.0,12.3,8.451,0.3,11.83,3.54,3.53,3.47,3.54
2016-10-05 00:00:00+00:00,214.9,285.72,4.96,26437.5,12.4,0.28,2.33,1870.6,0.3,750000.0,3611358.0,12.24,8.451,0.3,11.83,3.52,3.52,3.52,3.54
2016-10-06 00:00:00+00:00,214.0,284.5,4.99,26325.0,12.4,0.28,2.32,4063.2,0.3,750000.0,3611358.0,12.19,8.451,0.3,11.83,3.52,3.51,3.5,3.52
2016-10-07 00:00:00+00:00,214.6,285.31,4.97,26400.0,12.4,0.28,2.32,1856.7,0.3,750000.0,3611358.0,12.23,8.451,0.3,11.83,3.53,3.52,3.5,3.54
2016-10-10 00:00:00+00:00,215.9,286.93,4.94,26549.99,12.5,0.28,2.34,3353.5,0.3,750000.0,3611358.0,12.3,8.451,0.3,11.83,3.54,3.53,3.51,3.54
2016-10-11 00:00:00+00:00,215.9,286.93,4.94,26549.99,12.5,0.28,2.34,3597.3,0.3,750000.0,3611358.0,12.3,8.451,0.3,11.83,3.54,3.53,3.53,3.56
2016-10-12 00:00:00+00:00,215.2,286.12,4.96,26475.0,12.5,0.28,2.33,1017.4,0.3,750000.0,3611358.0,12.26,8.451,0.3,11.83,3.53,3.51,3.51,3.53
2016-10-13 00:00:00+00:00,214.9,285.72,4.96,26437.5,12.4,0.28,2.33,3119.4,0.3,750000.0,3611358.0,12.24,8.451,0.3,11.83,3.52,3.5,3.5,3.52
2016-10-14 00:00:00+00:00,212.5,282.48,5.02,26137.5,12.3,0.28,2.3,2143.8,0.3,750000.0,3611358.0,12.11,8.451,0.3,11.83,3.49,3.48,3.48,3.51
2016-10-17 00:00:00+00:00,213.4,283.69,5.0,26250.0,12.4,0.28,2.31,2778.5,0.3,750000.0,3611358.0,12.16,8.451,0.3,11.83,3.5,3.49,3.48,3.5
2016-10-18 00:00:00+00:00,213.1,283.29,5.01,26212.49,12.4,0.28,2.31,6230.1,0.3,750000.0,3611358.0,12.14,8.451,0.3,11.83,3.49,3.49,3.49,3.53
2016-10-19 00:00:00+00:00,213.1,283.29,5.01,26212.49,12.4,0.28,2.31,1616.4,0.3,750000.0,3611358.0,12.14,8.451,0.3,11.83,3.49,3.49,3.48,3.5
2016-10-20 00:00:00+00:00,213.4,283.69,5.0,26250.0,12.4,0.28,2.31,2801.4,0.3,750000.0,3611358.0,12.16,8.571,0.3,11.67,3.51,3.5,3.48,3.52
2016-10-21 00:00:00+00:00,213.4,283.69,5.0,26250.0,12.4,0.28,2.31,8170.5,0.3,750000.0,3611358.0,12.16,8.571,0.3,11.67,3.51,3.5,3.49,3.51
2016-10-24 00:00:00+00:00,213.4,283.69,5.0,26250.0,12.4,0.28,2.31,12089.1,0.3,750000.0,3611358.0,12.16,8.571,0.3,11.67,3.5,3.49,3.48,3.5
2016-10-25 00:00:00+00:00,214.3,284.91,4.98,26362.49,12.4,0.28,2.32,3417.4,0.3,750000.0,3611358.0,12.21,8.571,0.3,11.67,3.51,3.5,3.5,3.51
2016-10-26 00:00:00+00:00,213.4,283.69,5.0,26250.0,12.4,0.28,2.31,1680.4,0.3,750000.0,3611358.0,12.16,8.571,0.3,11.67,3.5,3.49,3.49,3.5
2016-10-27 00:00:00+00:00,214.3,284.91,4.98,26362.49,12.4,0.28,2.32,1667.1,0.3,750000.0,3611358.0,12.21,8.571,0.3,11.67,3.51,3.49,3.48,3.51
2016-10-28 00:00:00+00:00,209.1,278.02,5.1,25725.0,12.1,0.28,2.26,2919.4,0.3,750000.0,3611358.0,11.91,8.571,0.3,11.67,3.45,3.44,3.43,3.52
2016-10-31 00:00:00+00:00,211.0,280.45,5.06,25950.0,12.2,0.28,2.28,5039.6,0.3,750000.0,3611358.0,12.02,8.571,0.3,11.67,3.46,3.44,3.39,3.46
2016-11-01 00:00:00+00:00,208.8,277.61,5.11,25687.5,12.1,0.28,2.26,2690.9,0.3,750000.0,3611358.0,11.9,8.571,0.3,11.67,3.42,3.39,3.39,3.42
2016-11-02 00:00:00+00:00,207.6,275.99,5.14,25537.5,12.1,0.28,2.25,2709.6,0.3,750000.0,3611358.0,11.83,8.571,0.3,11.67,3.4,3.4,3.38,3.41
2016-11-03 00:00:00+00:00,204.0,271.13,5.23,25087.49,11.8,0.28,2.21,3387.1,0.3,750000.0,3611358.0,11.62,8.571,0.3,11.67,3.36,3.34,3.34,3.4
2016-11-04 00:00:00+00:00,205.5,273.15,5.19,25274.99,11.9,0.28,2.23,1880.7,0.3,750000.0,3611358.0,11.71,8.571,0.3,11.67,3.39,3.37,3.31,3.4
2016-11-07 00:00:00+00:00,207.3,275.59,5.15,25500.0,12.0,0.28,2.24,2708.3,0.3,750000.0,3611358.0,11.81,8.571,0.3,11.67,3.4,3.37,3.35,3.42
2016-11-08 00:00:00+00:00,207.9,276.4,5.13,25575.0,12.1,0.28,2.25,1752.4,0.3,750000.0,3611358.0,11.85,8.571,0.3,11.67,3.41,3.4,3.38,3.41
2016-11-09 00:00:00+00:00,207.0,275.18,5.15,25462.5,12.0,0.28,2.24,4176.2,0.3,750000.0,3611358.0,11.79,8.571,0.3,11.67,3.39,3.38,3.32,3.4
2016-11-10 00:00:00+00:00,205.5,273.15,5.19,25274.99,11.9,0.28,2.23,3572.6,0.3,750000.0,3611358.0,11.71,8.571,0.3,11.67,3.41,3.37,3.37,3.42
2016-11-11 00:00:00+00:00,206.1,273.97,5.18,25350.0,12.0,0.28,2.23,2051.9,0.3,750000.0,3611358.0,11.74,8.571,0.3,11.67,3.38,3.36,3.35,3.38
2016-11-14 00:00:00+00:00,201.8,268.29,5.29,24825.0,11.7,0.28,2.19,4159.4,0.3,750000.0,3611358.0,11.5,8.571,0.3,11.67,3.33,3.31,3.3,3.37
2016-11-15 00:00:00+00:00,203.0,269.91,5.26,24975.0,11.8,0.28,2.2,3094.4,0.3,750000.0,3611358.0,11.57,8.571,0.3,11.67,3.34,3.33,3.31,3.36
2016-11-16 00:00:00+00:00,203.7,270.72,5.24,25049.99,11.8,0.28,2.21,1854.4,0.3,750000.0,3611358.0,11.6,8.571,0.3,11.67,3.36,3.34,3.32,3.37
2016-11-17 00:00:00+00:00,204.3,271.53,5.22,25125.0,11.9,0.28,2.21,885.9,0.3,750000.0,3611358.0,11.64,9.009,0.3,11.1,3.36,3.35,3.35,3.38
2016-11-18 00:00:00+00:00,204.3,271.53,5.22,25125.0,11.9,0.28,2.21,649.7,0.3,750000.0,3611358.0,11.64,9.009,0.3,11.1,3.36,3.35,3.34,3.38
2016-11-21 00:00:00+00:00,204.0,271.13,5.23,25087.49,11.8,0.28,2.21,1564.7,0.3,750000.0,3611358.0,11.62,9.009,0.3,11.1,3.36,3.34,3.34,3.37
2016-11-22 00:00:00+00:00,205.5,273.15,5.19,25274.99,11.9,0.28,2.23,1713.1,0.3,750000.0,3611358.0,11.71,9.009,0.3,11.1,3.37,3.35,3.34,3.37
2016-11-23 00:00:00+00:00,205.5,273.15,5.19,25274.99,11.9,0.28,2.23,1405.3,0.3,750000.0,3611358.0,11.71,9.009,0.3,11.1,3.38,3.37,3.34,3.37
2016-11-24 00:00:00+00:00,204.6,271.94,5.22,25162.5,11.9,0.28,2.22,950.4,0.3,750000.0,3611358.0,11.65,9.009,0.3,11.1,3.37,3.35,3.35,3.38
2016-11-25 00:00:00+00:00,205.5,273.15,5.19,25274.99,11.9,0.28,2.23,1175.4,0.3,750000.0,3611358.0,11.71,9.009,0.3,11.1,3.37,3.35,3.34,3.37
2016-11-28 00:00:00+00:00,204.0,271.13,5.23,25087.49,11.8,0.28,2.21,1035.8,0.3,750000.0,3611358.0,11.62,9.009,0.3,11.1,3.35,3.34,3.34,3.36
2016-11-29 00:00:00+00:00,201.8,268.29,5.29,24825.0,11.7,0.28,2.19,1688.1,0.3,750000.0,3611358.0,11.5,9.009,0.3,11.1,3.35,3.31,3.31,3.36
2016-11-30 00:00:00+00:00,206.1,273.97,5.18,25350.0,12.0,0.28,2.23,6528.5,0.3,750000.0,3611358.0,11.74,9.009,0.3,11.1,3.38,3.36,3.31,3.38
2016-12-01 00:00:00+00:00,207.9,276.4,5.13,25575.0,12.1,0.28,2.25,2134.5,0.3,750000.0,3611358.0,11.85,9.009,0.3,11.1,3.43,3.41,3.4,3.45
2016-12-02 00:00:00+00:00,209.8,278.83,5.09,25799.99,12.2,0.28,2.27,1659.7,0.3,750000.0,3611358.0,11.95,9.009,0.3,11.1,3.44,3.42,3.4,3.46
2016-12-05 00:00:00+00:00,206.7,274.78,5.16,25424.99,12.0,0.28,2.24,5897.8,0.3,750000.0,3611358.0,11.78,9.009,0.3,11.1,3.4,3.39,3.38,3.44
2016-12-06 00:00:00+00:00,208.5,277.21,5.12,25650.0,12.1,0.28,2.26,2823.0,0.3,750000.0,3611358.0,11.88,9.009,0.3,11.1,3.42,3.42,3.38,3.42
2016-12-07 00:00:00+00:00,210.1,279.23,5.08,25837.5,12.2,0.28,2.27,2521.8,0.3,750000.0,3611358.0,11.97,9.009,0.3,11.1,3.44,3.44,3.41,3.45
2016-12-08 00:00:00+00:00,214.6,285.31,4.97,26400.0,12.5,0.28,2.32,11374.6,0.3,750000.0,3611358.0,12.23,9.009,0.3,11.1,3.52,3.49,3.43,3.52
2016-12-09 00:00:00+00:00,217.1,288.56,4.92,26700.0,12.6,0.28,2.35,4438.2,0.3,750000.0,3611358.0,12.37,9.009,0.3,11.1,3.56,3.56,3.5,3.58
2016-12-12 00:00:00+00:00,219.8,292.2,4.85,27037.5,12.8,0.28,2.38,7445.5,0.3,750000.0,3611358.0,12.52,9.009,0.3,11.1,3.61,3.6,3.56,3.61
2016-12-13 00:00:00+00:00,217.4,288.96,4.91,26737.49,12.6,0.28,2.35,5915.8,0.3,750000.0,3611358.0,12.38,9.009,0.3,11.1,3.56,3.55,3.51,3.6
2016-12-14 00:00:00+00:00,217.1,288.56,4.92,26700.0,12.6,0.28,2.35,2224.5,0.3,750000.0,3611358.0,12.37,9.009,0.3,11.1,3.56,3.56,3.54,3.56
2016-12-15 00:00:00+00:00,216.5,287.74,4.93,26625.0,12.6,0.28,2.34,6130.4,0.3,750000.0,3611358.0,12.33,8.403,0.3,11.9,3.56,3.55,3.52,3.56
2016-12-16 00:00:00+00:00,216.5,287.74,4.93,26625.0,12.6,0.28,2.34,,0.3,750000.0,3611358.0,12.33,8.403,0.3,11.9,,,,
2016-12-19 00:00:00+00:00,216.5,287.74,4.93,26625.0,12.6,0.28,2.34,2378.8,0.3,750000.0,3611358.0,12.33,8.403,0.3,11.9,3.56,3.55,3.53,3.56
2016-12-20 00:00:00+00:00,229.6,305.17,4.65,28237.49,13.3,0.28,2.49,28695.6,0.3,750000.0,3611358.0,13.08,8.403,0.3,11.9,3.81,3.76,3.66,3.82
2016-12-21 00:00:00+00:00,229.3,304.77,4.65,28200.0,13.3,0.28,2.48,22534.8,0.3,750000.0,3611358.0,13.06,8.403,0.3,11.9,3.78,3.76,3.76,3.86
2016-12-22 00:00:00+00:00,230.8,306.79,4.62,28387.5,13.4,0.28,2.5,6510.9,0.3,750000.0,3611358.0,13.15,8.403,0.3,11.9,3.79,3.78,3.74,3.79
2016-12-23 00:00:00+00:00,229.3,304.77,4.65,28200.0,13.3,0.28,2.48,1813.6,0.3,750000.0,3611358.0,13.06,8.403,0.3,11.9,3.76,3.76,3.75,3.78
2016-12-26 00:00:00+00:00,227.4,302.33,4.69,27975.0,13.2,0.28,2.46,2060.8,0.3,750000.0,3611358.0,12.96,8.403,0.3,11.9,3.73,3.73,3.72,3.75
2016-12-27 00:00:00+00:00,226.5,301.12,4.71,27862.49,13.1,0.28,2.45,3775.5,0.3,750000.0,3611358.0,12.9,8.403,0.3,11.9,3.72,3.71,3.69,3.72
2016-12-28 00:00:00+00:00,228.0,303.15,4.68,28049.99,13.2,0.28,2.47,6111.2,0.3,750000.0,3611358.0,12.99,8.403,0.3,11.9,3.78,3.74,3.7,3.78
2016-12-29 00:00:00+00:00,229.3,304.77,4.65,28200.0,13.3,0.28,2.48,3867.7,0.3,750000.0,3611358.0,13.06,8.403,0.3,11.9,3.76,3.75,3.74,3.78
2016-12-30 00:00:00+00:00,229.3,304.77,4.65,28200.0,13.3,0.28,2.48,,0.3,750000.0,3611358.0,13.06,8.403,0.3,11.9,,,,
2017-01-02 00:00:00+00:00,229.0,304.36,4.66,28162.5,13.3,0.28,2.41,2990.6,0.3,750000.0,4323007.0,13.11,8.403,0.3,11.9,3.75,3.75,3.71,3.75
2017-01-03 00:00:00+00:00,234.8,312.06,4.55,28875.0,13.6,0.28,2.47,5794.8,0.3,750000.0,4323007.0,13.44,8.403,0.3,11.9,3.85,3.81,3.73,3.85
2017-01-04 00:00:00+00:00,236.9,314.9,4.5,29137.5,13.7,0.28,2.49,5804.5,0.3,750000.0,4323007.0,13.57,8.403,0.3,11.9,3.88,3.85,3.83,3.88
2017-01-05 00:00:00+00:00,238.1,316.52,4.48,29287.5,13.8,0.28,2.51,6048.8,0.3,750000.0,4323007.0,13.64,8.403,0.3,11.9,3.9,3.9,3.84,3.91
2017-01-06 00:00:00+00:00,238.1,316.52,4.48,29287.5,13.8,0.28,2.51,3272.5,0.3,750000.0,4323007.0,13.64,8.403,0.3,11.9,3.91,3.9,3.88,3.92
2017-01-09 00:00:00+00:00,234.5,311.66,4.55,28837.5,13.6,0.28,2.47,4700.5,0.3,750000.0,4323007.0,13.43,8.403,0.3,11.9,3.87,3.84,3.83,3.91
2017-01-10 00:00:00+00:00,238.4,316.92,4.48,29325.0,13.8,0.28,2.51,4253.4,0.3,750000.0,4323007.0,13.65,8.403,0.3,11.9,3.91,3.9,3.84,3.91
2017-01-11 00:00:00+00:00,237.8,316.11,4.49,29250.0,13.8,0.28,2.5,1663.6,0.3,750000.0,4323007.0,13.62,8.403,0.3,11.9,3.9,3.89,3.88,3.9
2017-01-12 00:00:00+00:00,236.6,314.49,4.51,29100.0,13.7,0.28,2.49,1662.8,0.3,750000.0,4323007.0,13.55,8.403,0.3,11.9,3.88,3.86,3.86,3.9
2017-01-13 00:00:00+00:00,237.8,316.11,4.49,29250.0,13.8,0.28,2.5,2811.2,0.3,750000.0,4323007.0,13.62,8.403,0.3,11.9,3.9,3.89,3.87,3.9
2017-01-16 00:00:00+00:00,237.2,315.3,5.14,29174.99,13.8,0.28,2.5,5255.8,0.3,750000.0,4323007.0,13.58,8.403,0.3,11.9,3.9,3.89,3.88,3.91
2017-01-17 00:00:00+00:00,246.6,327.87,4.94,30337.5,14.6,0.28,2.6,13093.5,0.3,750000.0,4323007.0,14.12,8.403,0.3,11.9,4.04,4.04,3.93,4.07
2017-01-18 00:00:00+00:00,248.5,330.3,4.91,30562.5,14.7,0.28,2.62,5343.5,0.3,750000.0,4323007.0,14.23,8.403,0.3,11.9,4.07,4.06,4.03,4.1
2017-01-19 00:00:00+00:00,249.7,331.92,4.88,30712.5,14.8,0.28,2.63,2708.4,0.3,750000.0,4323007.0,14.3,7.407,0.3,13.5,4.09,4.08,4.04,4.09
2017-01-20 00:00:00+00:00,248.8,330.7,4.9,30600.0,14.7,0.28,2.62,2944.4,0.3,750000.0,4323007.0,14.25,7.407,0.3,13.5,4.08,4.07,4.05,4.09
2017-01-23 00:00:00+00:00,250.6,333.14,4.87,30825.0,14.9,0.28,2.64,4514.7,0.3,750000.0,4323007.0,14.35,7.407,0.3,13.5,4.11,4.11,4.07,4.12
2017-01-24 00:00:00+00:00,262.2,348.54,4.65,32250.0,15.5,0.28,2.76,10201.9,0.3,750000.0,4323007.0,15.02,7.407,0.3,13.5,4.3,4.26,4.1,4.3
2017-01-25 00:00:00+00:00,263.4,350.16,4.63,32400.0,15.6,0.28,2.77,7613.0,0.3,750000.0,4323007.0,15.08,7.407,0.3,13.5,4.32,4.3,4.27,4.33
2017-01-26 00:00:00+00:00,259.1,344.48,4.71,31875.0,15.4,0.28,2.73,4359.1,0.3,750000.0,4323007.0,14.84,7.407,0.3,13.5,4.26,4.25,4.25,4.32
2017-01-27 00:00:00+00:00,250.3,332.73,4.87,30787.5,14.8,0.28,2.64,2841.5,0.3,750000.0,4323007.0,14.33,7.407,0.3,13.5,4.11,4.1,4.1,4.29
2017-01-30 00:00:00+00:00,247.0,328.27,4.94,30375.0,14.6,0.28,2.6,3421.0,0.3,750000.0,4323007.0,14.14,7.407,0.3,13.5,4.06,4.05,4.05,4.15
2017-01-31 00:00:00+00:00,244.2,324.62,4.99,30037.5,14.5,0.28,2.57,3264.6,0.3,750000.0,4323007.0,13.98,7.407,0.3,13.5,4.03,4.0,4.0,4.08
2017-02-01 00:00:00+00:00,245.7,326.65,4.96,30225.0,14.6,0.28,2.59,1621.9,0.3,750000.0,4323007.0,14.07,7.407,0.3,13.5,4.03,4.02,4.01,4.06
2017-02-02 00:00:00+00:00,248.8,330.7,4.9,30600.0,14.7,0.28,2.62,6674.6,0.3,750000.0,4323007.0,14.25,7.407,0.3,13.5,4.08,4.07,3.95,4.08
2017-02-03 00:00:00+00:00,250.6,333.14,4.87,30825.0,14.9,0.28,2.64,1948.0,0.3,750000.0,4323007.0,14.35,7.407,0.3,13.5,4.12,4.11,4.03,4.11
2017-02-06 00:00:00+00:00,249.4,331.51,4.89,30674.99,14.8,0.28,2.63,2963.8,0.3,750000.0,4323007.0,14.28,7.407,0.3,13.5,4.09,4.06,4.06,4.14
2017-02-07 00:00:00+00:00,250.3,332.73,4.87,30787.5,14.8,0.28,2.64,3555.0,0.3,750000.0,4323007.0,14.33,7.407,0.3,13.5,4.1,4.1,4.07,4.1
2017-02-08 00:00:00+00:00,253.0,336.38,4.82,31125.0,15.0,0.28,2.66,15918.9,0.3,750000.0,4323007.0,14.49,7.407,0.3,13.5,4.16,4.15,4.0,4.15
2017-02-09 00:00:00+00:00,253.0,336.38,4.82,31125.0,15.0,0.28,2.66,3801.6,0.3,750000.0,4323007.0,14.49,7.407,0.3,13.5,4.15,4.15,4.13,4.19
2017-02-10 00:00:00+00:00,251.8,334.76,4.84,30975.0,14.9,0.28,2.65,2277.8,0.3,750000.0,4323007.0,14.42,7.407,0.3,13.5,4.13,4.12,4.08,4.17
2017-02-13 00:00:00+00:00,250.0,332.32,4.88,30750.0,14.8,0.28,2.63,4621.2,0.3,750000.0,4323007.0,14.32,7.407,0.3,13.5,4.1,4.08,4.05,4.11
2017-02-14 00:00:00+00:00,250.0,332.32,4.88,30750.0,14.8,0.28,2.63,,0.3,750000.0,4323007.0,14.32,7.407,0.3,13.5,,,,
2017-02-15 00:00:00+00:00,252.4,335.57,4.83,31049.99,15.0,0.28,2.66,4661.7,0.3,750000.0,4323007.0,14.46,7.407,0.3,13.5,4.14,4.1,4.07,4.16
2017-02-16 00:00:00+00:00,256.4,340.84,4.76,31537.5,15.2,0.28,2.7,7543.8,0.3,750000.0,4323007.0,14.68,7.317,0.3,13.67,4.2,4.2,4.14,4.2
2017-02-17 00:00:00+00:00,255.8,340.02,4.77,31462.5,15.2,0.28,2.69,3757.8,0.3,750000.0,4323007.0,14.65,7.317,0.3,13.67,4.19,4.17,4.17,4.2
2017-02-20 00:00:00+00:00,253.7,337.19,4.81,31200.0,15.0,0.28,2.67,3002.3,0.3,750000.0,4323007.0,14.53,7.317,0.3,13.67,4.16,4.15,4.14,4.19
2017-02-21 00:00:00+00:00,252.7,335.97,4.83,31087.49,15.0,0.28,2.66,2463.4,0.3,750000.0,4323007.0,14.47,7.317,0.3,13.67,4.14,4.13,4.11,4.14
2017-02-22 00:00:00+00:00,253.7,337.19,4.81,31200.0,15.0,0.28,2.67,4153.7,0.3,750000.0,4323007.0,14.53,7.317,0.3,13.67,4.16,4.14,4.13,4.16
2017-02-23 00:00:00+00:00,250.6,333.14,4.87,30825.0,14.9,0.28,2.64,3401.5,0.3,750000.0,4323007.0,14.35,7.317,0.3,13.67,4.11,4.1,4.11,4.15
2017-02-24 00:00:00+00:00,252.7,335.97,4.83,31087.49,15.0,0.28,2.66,4940.3,0.3,750000.0,4323007.0,14.47,7.317,0.3,13.67,4.14,4.13,4.1,4.16
2017-02-27 00:00:00+00:00,252.1,335.16,4.84,31012.5,14.9,0.28,2.65,2884.8,0.3,750000.0,4323007.0,14.44,7.317,0.3,13.67,4.13,4.12,4.1,4.15
2017-02-28 00:00:00+00:00,244.5,325.03,4.99,30075.0,14.5,0.28,2.57,8624.9,0.3,750000.0,4323007.0,14.0,7.317,0.3,13.67,4.08,4.01,4.01,4.13
2017-03-01 00:00:00+00:00,248.8,330.7,4.9,30600.0,14.7,0.28,2.62,3366.7,0.3,750000.0,4323007.0,14.25,7.317,0.3,13.67,4.08,4.08,4.02,4.08
2017-03-02 00:00:00+00:00,248.5,330.3,4.91,30562.5,14.7,0.28,2.62,2026.3,0.3,750000.0,4323007.0,14.23,7.317,0.3,13.67,4.07,4.05,4.04,4.1
2017-03-03 00:00:00+00:00,248.5,330.3,4.91,30562.5,14.7,0.28,2.62,,0.3,750000.0,4323007.0,14.23,7.317,0.3,13.67,,,,
2017-03-06 00:00:00+00:00,246.3,327.46,4.95,30299.99,14.6,0.28,2.59,3035.4,0.3,750000.0,4323007.0,14.11,7.317,0.3,13.67,4.04,4.02,4.02,4.1
2017-03-07 00:00:00+00:00,243.9,324.22,5.0,30000.0,14.5,0.28,2.57,9956.7,0.3,750000.0,4323007.0,13.97,7.317,0.3,13.67,4.04,4.0,3.95,4.07
2017-03-08 00:00:00+00:00,245.1,325.84,4.98,30149.99,14.5,0.28,2.58,7534.5,0.3,750000.0,4323007.0,14.04,7.317,0.3,13.67,4.03,4.02,4.0,4.15
2017-03-09 00:00:00+00:00,248.2,329.89,4.91,30525.0,14.7,0.28,2.61,3576.8,0.3,750000.0,4323007.0,14.21,7.317,0.3,13.67,4.07,4.06,4.01,4.1
2017-03-10 00:00:00+00:00,251.2,333.95,4.85,30900.0,14.9,0.28,2.64,5333.9,0.3,750000.0,4323007.0,14.39,7.317,0.3,13.67,4.13,4.12,4.06,4.13
2017-03-13 00:00:00+00:00,253.4,336.78,4.81,31162.5,15.0,0.28,2.67,8510.5,0.3,750000.0,4323007.0,14.51,7.317,0.3,13.67,4.16,4.15,4.06,4.17
2017-03-14 00:00:00+00:00,249.7,331.92,4.88,30712.5,14.8,0.28,2.63,5950.0,0.3,750000.0,4323007.0,14.3,7.317,0.3,13.67,4.09,4.05,4.02,4.15
2017-03-15 00:00:00+00:00,250.0,332.32,4.88,30750.0,14.8,0.28,2.63,12918.5,0.3,750000.0,4323007.0,14.32,7.317,0.3,13.67,4.1,4.1,4.05,4.14
2017-03-16 00:00:00+00:00,255.2,339.21,4.78,31387.5,15.1,0.28,2.69,46026.6,0.3,750000.0,4323007.0,14.61,7.317,0.3,13.67,4.19,4.18,4.1,4.2
2017-03-17 00:00:00+00:00,253.0,336.38,4.82,31125.0,15.0,0.28,2.66,7018.3,0.3,750000.0,4323007.0,14.49,7.317,0.3,13.67,4.15,4.14,4.08,4.18
2017-03-20 00:00:00+00:00,253.7,337.19,4.81,31200.0,15.0,0.28,2.67,2810.9,0.3,750000.0,4323007.0,14.53,7.317,0.3,13.67,4.17,4.16,4.14,4.17
2017-03-21 00:00:00+00:00,259.8,345.29,4.69,31950.0,15.4,0.28,2.73,14305.3,0.3,750000.0,4323007.0,14.88,7.317,0.3,13.67,4.26,4.23,4.15,4.26
2017-03-22 00:00:00+00:00,259.1,344.48,4.71,31875.0,15.4,0.28,2.73,6508.7,0.3,750000.0,4323007.0,14.84,7.317,0.3,13.67,4.26,4.25,4.2,4.25
2017-03-23 00:00:00+00:00,266.5,354.21,4.58,32775.0,15.8,0.28,2.81,17035.0,0.3,750000.0,4323007.0,15.26,7.317,0.3,13.67,4.38,4.37,4.22,4.37
2017-03-24 00:00:00+00:00,267.7,355.83,4.56,32924.99,15.9,0.28,2.82,12796.9,0.3,750000.0,4323007.0,15.33,7.317,0.3,13.67,4.39,4.36,4.35,4.42
2017-03-27 00:00:00+00:00,265.5,352.99,4.59,32662.5,15.7,0.28,2.8,10201.5,0.3,750000.0,4323007.0,15.21,7.317,0.3,13.67,4.35,4.35,4.3,4.38
2017-03-28 00:00:00+00:00,262.8,349.35,4.64,32325.0,15.6,0.28,2.77,4581.0,0.3,750000.0,4323007.0,15.05,7.317,0.3,13.67,4.31,4.3,4.27,4.33
2017-03-29 00:00:00+00:00,259.1,344.48,4.71,31875.0,15.4,0.28,2.73,4445.3,0.3,750000.0,4323007.0,14.84,7.317,0.3,13.67,4.27,4.25,4.25,4.31
2017-03-30 00:00:00+00:00,257.0,341.65,4.74,31612.49,15.2,0.28,2.71,8409.6,0.3,750000.0,4323007.0,14.72,7.317,0.3,13.67,4.23,4.21,4.2,4.27
2017-03-31 00:00:00+00:00,257.0,341.65,4.74,31612.49,15.2,0.28,2.71,,0.3,750000.0,4323007.0,14.72,7.317,0.3,13.67,4.23,4.21,,
2017-04-03 00:00:00+00:00,249.4,347.73,4.89,30674.99,14.8,0.28,2.63,21173.6,0.3,750000.0,4323007.0,14.28,7.317,0.3,13.67,4.09,4.05,4.0,4.09
2017-04-04 00:00:00+00:00,257.3,358.78,4.74,31650.0,15.3,0.28,2.71,20687.2,0.3,750000.0,4323007.0,14.74,7.317,0.3,13.67,4.23,4.22,4.06,4.28
2017-04-05 00:00:00+00:00,260.4,363.03,4.68,32024.99,15.4,0.28,2.74,7083.1,0.3,750000.0,4323007.0,14.91,7.317,0.3,13.67,4.27,4.25,4.23,4.27
2017-04-06 00:00:00+00:00,259.5,361.75,4.7,31912.5,15.4,0.28,2.73,7040.6,0.3,750000.0,4323007.0,14.86,7.317,0.3,13.67,4.25,4.25,4.22,4.27
2017-04-07 00:00:00+00:00,263.4,367.28,4.63,32400.0,15.6,0.28,2.77,9551.9,0.3,750000.0,4323007.0,15.08,7.317,0.3,13.67,4.32,4.32,4.25,4.32
2017-04-10 00:00:00+00:00,261.0,363.88,4.67,32100.0,15.5,0.28,2.75,6945.4,0.3,750000.0,4323007.0,14.95,7.317,0.3,13.67,4.28,4.26,4.25,4.36
2017-04-11 00:00:00+00:00,261.0,363.88,4.67,32100.0,15.5,0.28,2.75,7648.1,0.3,750000.0,4323007.0,14.95,7.317,0.3,13.67,4.28,4.28,4.22,4.28
2017-04-12 00:00:00+00:00,262.2,365.58,4.65,32250.0,15.5,0.28,2.76,7404.6,0.3,750000.0,4323007.0,15.02,7.317,0.3,13.67,4.3,4.29,4.25,4.32
2017-04-13 00:00:00+00:00,259.1,361.33,4.71,31875.0,15.4,0.28,2.73,1048.0,0.3,750000.0,4323007.0,14.84,7.317,0.3,13.67,4.29,4.25,4.25,4.3
2017-04-14 00:00:00+00:00,259.8,362.18,4.69,31950.0,15.4,0.28,2.73,1983.5,0.3,750000.0,4323007.0,14.88,7.317,0.3,13.67,4.26,4.26,4.23,4.26
2017-04-17 00:00:00+00:00,257.6,359.2,4.73,31687.5,15.3,0.28,2.71,911.0,0.3,750000.0,4323007.0,14.75,7.317,0.3,13.67,4.24,4.22,4.22,4.25
2017-04-18 00:00:00+00:00,257.6,359.2,4.73,31687.5,15.3,0.28,2.71,2850.5,0.3,750000.0,4323007.0,14.75,7.317,0.3,13.67,4.25,4.22,4.22,4.25
2017-04-19 00:00:00+00:00,259.1,361.33,4.71,31875.0,15.4,0.28,2.73,1324.1,0.3,750000.0,4323007.0,14.84,7.317,0.3,13.67,4.25,4.24,4.22,4.25
2017-04-20 00:00:00+00:00,255.5,356.23,4.77,31424.99,15.1,0.28,2.69,4246.3,0.3,750000.0,4323007.0,14.63,7.092,0.3,14.1,4.19,4.18,4.15,4.25
2017-04-21 00:00:00+00:00,255.2,355.8,4.78,31387.5,15.1,0.28,2.69,1958.4,0.3,750000.0,4323007.0,14.61,7.092,0.3,14.1,4.22,4.18,4.18,4.22
2017-04-24 00:00:00+00:00,255.2,355.8,4.78,31387.5,15.1,0.28,2.69,1162.3,0.3,750000.0,4323007.0,14.61,7.092,0.3,14.1,4.18,4.18,4.17,4.22
2017-04-25 00:00:00+00:00,256.1,357.08,4.76,31500.0,15.4,0.27,2.7,5725.3,0.3,750000.0,4323007.0,14.67,7.092,0.3,14.1,4.2,4.16,4.13,4.2
2017-04-26 00:00:00+00:00,255.2,355.8,4.78,31387.5,15.4,0.27,2.69,5102.5,0.3,750000.0,4323007.0,14.61,7.092,0.3,14.1,4.18,4.15,4.15,4.22
2017-04-27 00:00:00+00:00,255.2,355.8,4.78,31387.5,15.4,0.27,2.69,3565.3,0.3,750000.0,4323007.0,14.61,7.092,0.3,14.1,4.18,4.16,4.14,4.2
2017-04-28 00:00:00+00:00,254.9,355.38,4.78,31350.0,15.3,0.27,2.68,538.3,0.3,750000.0,4323007.0,14.6,7.092,0.3,14.1,4.18,4.16,4.15,4.19
2017-05-01 00:00:00+00:00,255.2,355.8,4.78,31387.5,15.4,0.27,2.69,2172.0,0.3,750000.0,4323007.0,14.61,7.092,0.3,14.1,4.19,4.18,4.14,4.2
2017-05-02 00:00:00+00:00,255.2,355.8,4.78,31387.5,15.4,0.27,2.69,3886.9,0.3,750000.0,4323007.0,14.61,7.092,0.3,14.1,4.19,4.17,4.14,4.19
2017-05-03 00:00:00+00:00,255.8,356.65,4.77,31462.5,15.4,0.27,2.69,5649.8,0.3,750000.0,4323007.0,14.65,7.092,0.3,14.1,4.2,4.19,4.16,4.2
2017-05-04 00:00:00+00:00,255.8,356.65,4.77,31462.5,15.4,0.27,2.69,2737.1,0.3,750000.0,4323007.0,14.65,7.092,0.3,14.1,4.2,4.19,4.16,4.2
2017-05-05 00:00:00+00:00,253.0,352.83,4.82,31125.0,15.2,0.27,2.66,1137.1,0.3,750000.0,4323007.0,14.49,7.092,0.3,14.1,4.15,4.15,4.14,4.18
2017-05-08 00:00:00+00:00,252.4,351.98,4.83,31049.99,15.2,0.27,2.66,1782.4,0.3,750000.0,4323007.0,14.46,7.092,0.3,14.1,4.14,4.14,4.12,4.16
2017-05-09 00:00:00+00:00,255.2,355.8,4.78,31387.5,15.4,0.27,2.69,2082.1,0.3,750000.0,4323007.0,14.61,7.092,0.3,14.1,4.18,4.17,4.14,4.18
2017-05-10 00:00:00+00:00,257.6,359.2,4.73,31687.5,15.5,0.27,2.71,3073.7,0.3,750000.0,4323007.0,14.75,7.092,0.3,14.1,4.23,4.22,4.15,4.22
2017-05-11 00:00:00+00:00,260.7,363.45,4.68,32062.5,15.7,0.27,2.74,3059.5,0.3,750000.0,4323007.0,14.93,7.092,0.3,14.1,4.27,4.27,4.22,4.29
2017-05-12 00:00:00+00:00,259.1,361.33,4.71,31875.0,15.6,0.27,2.73,1373.5,0.3,750000.0,4323007.0,14.84,7.092,0.3,14.1,4.27,4.25,4.23,4.28
2017-05-15 00:00:00+00:00,259.1,361.33,4.71,31875.0,15.6,0.27,2.73,1085.6,0.3,750000.0,4323007.0,14.84,7.092,0.3,14.1,4.25,4.23,4.23,4.25
2017-05-16 00:00:00+00:00,261.6,364.73,4.66,32174.99,15.7,0.27,2.75,3456.5,0.3,750000.0,4323007.0,14.98,7.092,0.3,14.1,4.29,4.29,4.23,4.29
2017-05-17 00:00:00+00:00,262.8,366.43,4.64,32325.0,15.8,0.27,2.77,4627.7,0.3,750000.0,4323007.0,15.05,7.092,0.3,14.1,4.31,4.31,4.25,4.31
2017-05-18 00:00:00+00:00,263.7,367.7,4.62,32437.5,15.9,0.27,2.78,5119.0,0.3,750000.0,4323007.0,15.1,6.993,0.3,14.3,4.32,4.32,4.3,4.32
2017-05-19 00:00:00+00:00,264.6,368.98,4.61,32549.99,15.9,0.27,2.79,3011.0,0.3,750000.0,4323007.0,15.15,6.993,0.3,14.3,4.34,4.33,4.31,4.34
2017-05-22 00:00:00+00:00,268.9,374.93,4.54,33075.0,16.2,0.27,2.83,14951.8,0.3,750000.0,4323007.0,15.4,6.993,0.3,14.3,4.43,4.41,4.32,4.44
2017-05-23 00:00:00+00:00,269.5,375.78,4.52,33149.99,16.2,0.27,2.84,7628.1,0.3,750000.0,4323007.0,15.43,6.993,0.3,14.3,4.42,4.41,4.38,4.44
2017-05-24 00:00:00+00:00,265.9,370.68,4.59,32700.0,16.0,0.27,2.8,2475.8,0.3,750000.0,4323007.0,15.22,6.993,0.3,14.3,4.38,4.36,4.34,4.41
2017-05-25 00:00:00+00:00,271.0,377.91,4.5,33337.5,16.3,0.27,2.85,9244.1,0.3,750000.0,4323007.0,15.52,6.993,0.3,14.3,4.44,4.38,4.32,4.44
2017-05-26 00:00:00+00:00,273.8,381.73,4.45,33674.99,16.5,0.27,2.88,5905.6,0.3,750000.0,4323007.0,15.68,6.993,0.3,14.3,4.49,4.45,4.39,4.49
2017-05-29 00:00:00+00:00,276.2,385.13,4.42,33975.0,16.6,0.27,2.91,5817.3,0.3,750000.0,4323007.0,15.82,6.993,0.3,14.3,4.53,4.5,4.46,4.53
2017-05-30 00:00:00+00:00,276.2,385.13,4.42,33975.0,16.6,0.27,2.91,5647.9,0.3,750000.0,4323007.0,15.82,6.993,0.3,14.3,4.53,4.5,4.45,4.54
2017-05-31 00:00:00+00:00,270.1,376.63,4.51,33225.0,16.3,0.27,2.84,9150.4,0.3,750000.0,4323007.0,15.47,6.993,0.3,14.3,4.49,4.43,4.43,4.53
2017-06-01 00:00:00+00:00,273.5,381.31,4.46,33637.5,16.5,0.27,2.88,4716.6,0.3,750000.0,4323007.0,15.66,6.993,0.3,14.3,4.49,4.48,4.42,4.49
2017-06-02 00:00:00+00:00,274.1,382.16,4.45,33712.5,16.5,0.27,2.89,2872.5,0.3,750000.0,4323007.0,15.7,6.993,0.3,14.3,4.49,4.48,4.42,4.49
2017-06-05 00:00:00+00:00,247.0,344.32,4.94,30375.0,14.9,0.27,2.6,21230.5,0.3,750000.0,4323007.0,14.14,6.993,0.3,14.3,,,4.05,4.17
2017-06-06 00:00:00+00:00,243.9,340.07,5.0,30000.0,14.7,0.27,2.57,30252.4,0.3,750000.0,4323007.0,13.97,6.993,0.3,14.3,4.02,4.0,3.86,4.45
2017-06-07 00:00:00+00:00,237.8,331.57,5.13,29250.0,14.3,0.27,2.5,11232.1,0.3,750000.0,4323007.0,13.62,6.993,0.3,14.3,3.9,3.89,3.86,4.05
2017-06-08 00:00:00+00:00,250.0,348.58,4.88,30750.0,15.0,0.27,2.63,12685.2,0.3,750000.0,4323007.0,14.32,6.993,0.3,14.3,4.11,4.1,3.97,4.1
2017-06-09 00:00:00+00:00,239.9,334.55,5.08,29512.5,14.4,0.27,2.53,9821.7,0.3,750000.0,4323007.0,13.74,6.993,0.3,14.3,3.93,3.92,3.9,4.03
2017-06-12 00:00:00+00:00,242.1,337.52,5.04,29775.0,14.6,0.27,2.55,8849.4,0.3,750000.0,4323007.0,13.86,6.993,0.3,14.3,3.97,3.95,3.9,3.97
2017-06-13 00:00:00+00:00,241.5,336.67,5.05,29700.0,14.5,0.27,2.54,4146.0,0.3,750000.0,4323007.0,13.83,6.993,0.3,14.3,3.96,3.94,3.92,4.01
2017-06-14 00:00:00+00:00,243.6,339.65,5.01,29962.49,14.7,0.27,2.56,4994.1,0.3,750000.0,4323007.0,13.95,6.993,0.3,14.3,3.99,3.99,3.96,3.99
2017-06-15 00:00:00+00:00,241.5,336.67,5.05,29700.0,14.5,0.27,2.54,15019.5,0.3,750000.0,4323007.0,13.83,7.576,0.3,13.2,3.99,3.96,3.96,4.05
2017-06-16 00:00:00+00:00,242.4,337.95,5.03,29812.5,14.6,0.27,2.55,4506.3,0.3,750000.0,4323007.0,13.88,7.576,0.3,13.2,3.99,3.97,3.96,4.0
2017-06-19 00:00:00+00:00,243.3,339.22,5.01,29924.99,14.6,0.27,2.56,1774.4,0.3,750000.0,4323007.0,13.93,7.576,0.3,13.2,3.99,3.97,3.96,3.99
2017-06-20 00:00:00+00:00,238.7,332.85,5.11,29362.49,14.4,0.27,2.51,4599.0,0.3,750000.0,4323007.0,13.67,7.576,0.3,13.2,3.93,3.91,3.91,3.99
2017-06-21 00:00:00+00:00,233.8,326.05,5.22,28762.5,14.1,0.27,2.46,4924.0,0.3,750000.0,4323007.0,13.39,7.576,0.3,13.2,3.84,3.83,3.8,3.93
2017-06-22 00:00:00+00:00,240.9,335.82,5.06,29625.0,14.5,0.27,2.54,5362.0,0.3,750000.0,4323007.0,13.79,7.576,0.3,13.2,3.95,3.95,3.85,3.97
2017-06-23 00:00:00+00:00,240.9,335.82,5.06,29625.0,14.5,0.27,2.54,,0.3,750000.0,4323007.0,13.79,7.576,0.3,13.2,,,,
2017-06-26 00:00:00+00:00,240.9,335.82,5.06,29625.0,14.5,0.27,2.54,,0.3,750000.0,4323007.0,13.79,7.576,0.3,13.2,,,,
2017-06-27 00:00:00+00:00,240.9,335.82,5.06,29625.0,14.5,0.27,2.54,,0.3,750000.0,4323007.0,13.79,7.576,0.3,13.2,,,,
2017-06-28 00:00:00+00:00,240.9,335.82,5.06,29625.0,14.5,0.27,2.54,,0.3,750000.0,4323007.0,13.79,7.576,0.3,13.2,,,,
2017-06-29 00:00:00+00:00,240.9,335.82,5.06,29625.0,14.5,0.27,2.54,,0.3,750000.0,4323007.0,13.79,7.576,0.3,13.2,,,,
2017-06-30 00:00:00+00:00,235.4,328.17,5.18,28950.0,14.2,0.27,2.48,8226.1,0.3,750000.0,4323007.0,13.48,7.576,0.3,13.2,3.86,3.77,3.77,3.95
2017-07-03 00:00:00+00:00,237.8,331.57,5.13,29250.0,14.3,0.27,2.5,5640.9,0.3,750000.0,4323007.0,13.62,7.576,0.3,13.2,3.9,3.87,3.8,3.95
2017-07-04 00:00:00+00:00,239.6,334.12,5.09,29475.0,14.4,0.27,2.52,4348.6,0.3,750000.0,4323007.0,13.72,7.576,0.3,13.2,3.93,3.92,3.9,4.05
2017-07-05 00:00:00+00:00,242.1,337.52,5.04,29775.0,14.6,0.27,2.55,2112.8,0.3,750000.0,4323007.0,13.86,7.576,0.3,13.2,3.97,3.95,3.88,3.97
2017-07-06 00:00:00+00:00,242.1,337.52,5.04,29775.0,14.6,0.27,2.55,1662.7,0.3,750000.0,4323007.0,13.86,7.576,0.3,13.2,3.97,3.94,3.93,3.98
2017-07-07 00:00:00+00:00,241.2,336.25,5.06,29662.5,14.5,0.27,2.54,714.0,0.3,750000.0,4323007.0,13.81,7.576,0.3,13.2,3.98,3.95,3.93,3.98
2017-07-10 00:00:00+00:00,243.0,338.8,5.02,29887.5,14.6,0.27,2.56,4583.2,0.3,750000.0,4323007.0,13.92,7.576,0.3,13.2,4.0,3.98,3.95,4.02
2017-07-11 00:00:00+00:00,243.9,340.07,5.0,30000.0,14.7,0.27,2.57,2225.8,0.3,750000.0,4323007.0,13.97,7.576,0.3,13.2,4.0,3.99,3.98,4.02
2017-07-12 00:00:00+00:00,254.6,354.95,4.79,31312.5,15.3,0.27,2.68,12013.1,0.3,750000.0,4323007.0,14.58,7.576,0.3,13.2,4.17,4.17,4.0,4.17
2017-07-13 00:00:00+00:00,256.7,357.93,4.75,31575.0,15.4,0.27,2.7,10700.7,0.3,750000.0,4323007.0,14.7,7.576,0.3,13.2,4.21,4.19,4.13,4.28
2017-07-14 00:00:00+00:00,253.0,352.83,4.82,31125.0,15.2,0.27,2.66,3692.2,0.3,750000.0,4323007.0,14.49,7.576,0.3,13.2,4.16,4.15,4.15,4.22
2017-07-17 00:00:00+00:00,256.7,357.93,4.75,31575.0,15.4,0.27,2.7,3121.7,0.3,750000.0,4323007.0,14.7,7.576,0.3,13.2,4.21,4.17,4.14,4.21
2017-07-18 00:00:00+00:00,253.0,352.83,4.82,31125.0,15.2,0.27,2.66,1760.3,0.3,750000.0,4323007.0,14.49,7.576,0.3,13.2,4.15,4.14,4.15,4.19
2017-07-19 00:00:00+00:00,255.5,356.23,4.77,31424.99,15.4,0.27,2.69,3451.5,0.3,750000.0,4323007.0,14.63,7.576,0.3,13.2,4.19,4.18,4.14,4.19
2017-07-20 00:00:00+00:00,256.1,357.08,4.76,31500.0,15.4,0.27,2.7,3034.1,0.3,750000.0,4323007.0,14.67,7.229,0.3,13.83,4.2,4.2,4.19,4.24
2017-07-21 00:00:00+00:00,253.7,353.68,4.81,31200.0,15.3,0.27,2.67,1617.1,0.3,750000.0,4323007.0,14.53,7.229,0.3,13.83,4.18,4.16,4.16,4.19
2017-07-24 00:00:00+00:00,256.1,357.08,4.76,31500.0,15.4,0.27,2.7,2565.9,0.3,750000.0,4323007.0,14.67,7.229,0.3,13.83,4.2,4.18,4.16,4.2
2017-07-25 00:00:00+00:00,254.6,354.95,4.79,31312.5,15.3,0.27,2.68,2899.4,0.3,750000.0,4323007.0,14.58,7.229,0.3,13.83,4.17,4.16,4.16,4.19
2017-07-26 00:00:00+00:00,255.8,356.65,4.77,31462.5,15.4,0.27,2.69,2669.9,0.3,750000.0,4323007.0,14.65,7.229,0.3,13.83,4.19,4.18,4.16,4.19
2017-07-27 00:00:00+00:00,254.6,354.95,4.79,31312.5,15.3,0.27,2.68,1980.7,0.3,750000.0,4323007.0,14.58,7.229,0.3,13.83,4.18,4.17,4.17,4.19
2017-07-28 00:00:00+00:00,250.9,349.85,4.86,30862.49,15.1,0.27,2.64,2287.4,0.3,750000.0,4323007.0,14.37,7.229,0.3,13.83,4.13,4.11,4.11,4.17
2017-07-31 00:00:00+00:00,254.9,355.38,4.78,31350.0,15.3,0.27,2.68,4625.7,0.3,750000.0,4323007.0,14.6,7.229,0.3,13.83,4.18,4.15,4.1,4.18
2017-08-01 00:00:00+00:00,250.9,349.85,4.86,30862.49,15.1,0.27,2.64,4144.6,0.3,750000.0,4323007.0,14.37,7.229,0.3,13.83,4.11,4.11,4.07,4.15
2017-08-02 00:00:00+00:00,251.5,350.7,4.85,30937.5,15.1,0.27,2.65,2180.9,0.3,750000.0,4323007.0,14.4,7.229,0.3,13.83,4.13,4.09,4.09,4.13
2017-08-03 00:00:00+00:00,251.5,350.7,4.85,30937.5,15.1,0.27,2.65,2030.2,0.3,750000.0,4323007.0,14.4,7.229,0.3,13.83,4.13,4.1,4.1,4.13
2017-08-04 00:00:00+00:00,250.9,349.85,4.86,30862.49,15.1,0.27,2.64,618.7,0.3,750000.0,4323007.0,14.37,7.229,0.3,13.83,4.11,4.11,4.1,4.14
2017-08-07 00:00:00+00:00,252.4,351.98,4.83,31049.99,15.2,0.27,2.66,2725.5,0.3,750000.0,4323007.0,14.46,7.229,0.3,13.83,4.14,4.13,4.11,4.17
2017-08-08 00:00:00+00:00,252.7,352.4,4.83,31087.49,15.2,0.27,2.66,1545.0,0.3,750000.0,4323007.0,14.47,7.229,0.3,13.83,4.14,4.11,4.1,4.17
2017-08-09 00:00:00+00:00,252.4,351.98,4.83,31049.99,15.2,0.27,2.66,1387.0,0.3,750000.0,4323007.0,14.46,7.229,0.3,13.83,4.14,4.13,4.1,4.14
2017-08-10 00:00:00+00:00,250.6,349.43,4.87,30825.0,15.1,0.27,2.64,3261.9,0.3,750000.0,4323007.0,14.35,7.229,0.3,13.83,4.11,4.11,4.09,4.14
2017-08-11 00:00:00+00:00,251.2,350.28,4.85,30900.0,15.1,0.27,2.64,1432.2,0.3,750000.0,4323007.0,14.39,7.229,0.3,13.83,4.12,4.1,4.07,4.14
2017-08-14 00:00:00+00:00,250.0,348.58,4.88,30750.0,15.0,0.27,2.63,1214.9,0.3,750000.0,4323007.0,14.32,7.229,0.3,13.83,4.11,4.1,4.06,4.12
2017-08-15 00:00:00+00:00,247.0,344.32,4.94,30375.0,14.9,0.27,2.6,2044.7,0.3,750000.0,4323007.0,14.14,7.229,0.3,13.83,4.05,4.05,4.02,4.1
2017-08-16 00:00:00+00:00,244.2,340.5,4.99,30037.5,14.7,0.27,2.57,3369.8,0.3,750000.0,4323007.0,13.98,7.229,0.3,13.83,4.02,4.0,4.0,4.05
2017-08-17 00:00:00+00:00,244.8,341.35,4.98,30112.49,14.7,0.27,2.58,2080.7,0.3,750000.0,4323007.0,14.02,7.407,0.3,13.5,4.01,4.0,4.0,4.04
2017-08-18 00:00:00+00:00,246.0,343.05,4.96,30262.5,14.8,0.27,2.59,985.6,0.3,750000.0,4323007.0,14.09,7.407,0.3,13.5,4.03,4.03,4.0,4.03
2017-08-21 00:00:00+00:00,244.8,341.35,4.98,30112.49,14.7,0.27,2.58,821.2,0.3,750000.0,4323007.0,14.02,7.407,0.3,13.5,4.01,4.01,4.0,4.04
2017-08-22 00:00:00+00:00,244.5,340.92,4.99,30075.0,14.7,0.27,2.57,930.9,0.3,750000.0,4323007.0,14.0,7.407,0.3,13.5,4.01,4.0,3.97,4.02
2017-08-23 00:00:00+00:00,243.6,339.65,5.01,29962.49,14.7,0.27,2.56,1118.5,0.3,750000.0,4323007.0,13.95,7.407,0.3,13.5,4.0,3.99,3.97,4.0
2017-08-24 00:00:00+00:00,240.5,335.4,5.07,29587.5,14.5,0.27,2.53,2738.8,0.3,750000.0,4323007.0,13.78,7.407,0.3,13.5,3.95,3.94,3.94,4.0
2017-08-25 00:00:00+00:00,238.4,332.42,5.12,29325.0,14.3,0.27,2.51,1111.8,0.3,750000.0,4323007.0,13.65,7.407,0.3,13.5,3.93,3.91,3.89,3.94
2017-08-28 00:00:00+00:00,238.3,332.25,5.12,29310.0,14.3,0.27,2.51,6422.3,0.3,750000.0,4323007.0,13.65,7.407,0.3,13.5,3.91,3.89,3.85,3.92
2017-08-29 00:00:00+00:00,236.6,329.87,5.15,29100.0,14.2,0.27,2.49,948.9,0.3,750000.0,4323007.0,13.55,7.407,0.3,13.5,3.89,3.88,3.85,3.9
2017-08-30 00:00:00+00:00,232.6,324.35,5.24,28612.49,14.0,0.27,2.45,3100.8,0.3,750000.0,4323007.0,13.32,7.407,0.3,13.5,3.84,3.81,3.81,3.89
2017-08-31 00:00:00+00:00,232.6,324.35,5.24,28612.49,14.0,0.27,2.45,,0.3,750000.0,4323007.0,13.32,7.407,0.3,13.5,,,,
2017-09-01 00:00:00+00:00,232.6,324.35,5.24,28612.49,14.0,0.27,2.45,,0.3,750000.0,4323007.0,13.32,7.407,0.3,13.5,,,,
2017-09-04 00:00:00+00:00,232.6,324.35,5.24,28612.49,14.0,0.27,2.45,,0.3,750000.0,4323007.0,13.32,7.407,0.3,13.5,,,,
2017-09-05 00:00:00+00:00,232.6,324.35,5.24,28612.49,14.0,0.27,2.45,,0.3,750000.0,4323007.0,13.32,7.407,0.3,13.5,,,,
2017-09-06 00:00:00+00:00,229.5,319.92,5.31,28222.5,13.8,0.27,2.42,5822.5,0.3,750000.0,4323007.0,13.14,7.407,0.3,13.5,3.76,3.74,3.74,3.85
2017-09-07 00:00:00+00:00,226.8,316.27,5.38,27900.0,13.6,0.27,2.39,4143.1,0.3,750000.0,4323007.0,12.99,7.407,0.3,13.5,3.72,3.72,3.7,3.77
2017-09-08 00:00:00+00:00,226.8,316.18,5.38,27892.5,13.6,0.27,2.39,1948.8,0.3,750000.0,4323007.0,12.99,7.407,0.3,13.5,3.72,3.72,3.71,3.75
2017-09-11 00:00:00+00:00,222.0,309.47,5.49,27299.99,13.4,0.27,2.34,8687.2,0.3,750000.0,4323007.0,12.71,7.407,0.3,13.5,3.66,3.64,3.64,3.74
2017-09-12 00:00:00+00:00,221.9,309.38,5.5,27292.5,13.4,0.27,2.34,5309.3,0.3,750000.0,4323007.0,12.71,7.407,0.3,13.5,3.64,3.61,3.57,3.65
2017-09-13 00:00:00+00:00,224.4,312.87,5.43,27600.0,13.5,0.27,2.36,4122.7,0.3,750000.0,4323007.0,12.85,7.407,0.3,13.5,3.68,3.66,3.61,3.75
2017-09-14 00:00:00+00:00,225.5,314.48,5.41,27742.5,13.6,0.27,2.37,6924.0,0.3,750000.0,4323007.0,12.92,8.242,0.3,12.13,3.7,3.65,3.63,3.7
2017-09-15 00:00:00+00:00,223.8,312.02,5.45,27525.0,13.5,0.27,2.36,1468.5,0.3,750000.0,4323007.0,12.82,8.242,0.3,12.13,3.67,3.63,3.62,3.69
2017-09-18 00:00:00+00:00,222.0,309.47,5.49,27299.99,13.4,0.27,2.34,1825.6,0.3,750000.0,4323007.0,12.71,8.242,0.3,12.13,3.64,3.63,3.63,3.67
2017-09-19 00:00:00+00:00,223.8,312.02,5.45,27525.0,13.5,0.27,2.36,2382.6,0.3,750000.0,4323007.0,12.82,8.242,0.3,12.13,3.68,3.67,3.6,3.68
2017-09-20 00:00:00+00:00,225.6,314.57,5.41,27750.0,13.6,0.27,2.38,1698.0,0.3,750000.0,4323007.0,12.92,8.242,0.3,12.13,3.7,3.7,3.65,3.7
2017-09-21 00:00:00+00:00,224.5,312.95,5.43,27607.49,13.5,0.27,2.36,1216.8,0.3,750000.0,4323007.0,12.85,8.242,0.3,12.13,3.73,3.68,3.66,3.73
2017-09-22 00:00:00+00:00,229.9,320.6,5.3,28282.5,13.8,0.27,2.42,5214.2,0.3,750000.0,4323007.0,13.17,8.242,0.3,12.13,3.79,3.77,3.7,3.83
2017-09-25 00:00:00+00:00,234.8,327.41,5.19,28882.49,14.1,0.27,2.47,4914.7,0.3,750000.0,4323007.0,13.45,8.242,0.3,12.13,3.85,3.85,3.79,3.88
2017-09-26 00:00:00+00:00,236.6,329.96,5.15,29107.5,14.2,0.27,2.49,5999.2,0.3,750000.0,4323007.0,13.55,8.242,0.3,12.13,3.89,3.88,3.85,3.92
2017-09-27 00:00:00+00:00,230.5,321.45,5.29,28357.5,13.9,0.27,2.43,3579.5,0.3,750000.0,4323007.0,13.2,8.242,0.3,12.13,3.8,3.78,3.78,3.93
2017-09-28 00:00:00+00:00,226.3,315.59,5.39,27839.99,13.6,0.27,2.38,1727.0,0.3,750000.0,4323007.0,12.96,8.242,0.3,12.13,3.71,3.71,3.71,3.8
2017-09-29 00:00:00+00:00,223.4,311.51,5.46,27480.0,13.4,0.27,2.35,1800.6,0.3,750000.0,4323007.0,12.79,8.242,0.3,12.13,3.66,3.66,3.65,3.7
2017-10-02 00:00:00+00:00,226.8,316.27,5.38,27900.0,13.6,0.27,2.39,3906.8,0.3,750000.0,4323007.0,12.99,8.242,0.3,12.13,3.74,3.72,3.65,3.74
2017-10-03 00:00:00+00:00,223.8,312.02,5.45,27525.0,13.5,0.27,2.36,2429.2,0.3,750000.0,4323007.0,12.82,8.242,0.3,12.13,3.68,3.67,3.67,3.75
2017-10-04 00:00:00+00:00,221.6,309.04,5.5,27262.5,13.3,0.27,2.33,2602.6,0.3,750000.0,4323007.0,12.69,8.242,0.3,12.13,3.64,3.63,3.63,3.67
2017-10-05 00:00:00+00:00,218.4,304.54,5.58,26865.0,13.1,0.27,2.3,2764.7,0.3,750000.0,4323007.0,12.51,8.242,0.3,12.13,3.61,3.58,3.58,3.65
2017-10-06 00:00:00+00:00,218.6,304.79,5.58,26887.5,13.2,0.27,2.3,5165.7,0.3,750000.0,4323007.0,12.52,8.242,0.3,12.13,3.58,3.56,3.52,3.6
2017-10-09 00:00:00+00:00,220.1,306.92,5.54,27075.0,13.2,0.27,2.32,3587.6,0.3,750000.0,4323007.0,12.61,8.242,0.3,12.13,3.62,3.61,3.55,3.64
2017-10-10 00:00:00+00:00,221.6,309.04,5.5,27262.5,13.3,0.27,2.33,1324.2,0.3,750000.0,4323007.0,12.69,8.242,0.3,12.13,3.63,3.63,3.57,3.64
2017-10-11 00:00:00+00:00,221.0,308.19,5.52,27187.5,13.3,0.27,2.33,2408.3,0.3,750000.0,4323007.0,12.66,8.242,0.3,12.13,3.63,3.6,3.58,3.63
2017-10-12 00:00:00+00:00,220.7,307.77,5.52,27149.99,13.3,0.27,2.32,2681.5,0.3,750000.0,4323007.0,12.64,8.242,0.3,12.13,3.62,3.6,3.59,3.62
2017-10-13 00:00:00+00:00,221.6,309.04,5.5,27262.5,13.3,0.27,2.33,2108.1,0.3,750000.0,4323007.0,12.69,8.242,0.3,12.13,3.63,3.63,3.6,3.66
2017-10-16 00:00:00+00:00,218.8,305.05,5.57,26910.0,13.2,0.27,2.3,3562.8,0.3,750000.0,4323007.0,12.53,8.242,0.3,12.13,3.59,3.59,3.58,3.63
2017-10-17 00:00:00+00:00,218.8,305.13,5.57,26917.5,13.0,0.28,2.3,5828.0,0.3,750000.0,4323007.0,12.53,8.242,0.3,12.13,3.59,3.59,3.57,3.6
2017-10-18 00:00:00+00:00,215.6,300.63,5.66,26520.0,12.8,0.28,2.27,2413.1,0.3,750000.0,4323007.0,12.35,8.242,0.3,12.13,3.55,3.54,3.52,3.59
2017-10-19 00:00:00+00:00,217.6,303.43,5.6,26767.5,12.9,0.28,2.29,1268.3,0.3,750000.0,4323007.0,12.46,8.357,0.3,11.97,3.57,3.55,3.54,3.58
2017-10-20 00:00:00+00:00,216.5,301.82,5.63,26625.0,12.8,0.28,2.28,1001.4,0.3,750000.0,4323007.0,12.4,8.357,0.3,11.97,3.56,3.55,3.55,3.57
2017-10-23 00:00:00+00:00,215.9,300.97,5.65,26549.99,12.8,0.28,2.27,2047.9,0.3,750000.0,4323007.0,12.36,8.357,0.3,11.97,3.55,3.54,3.52,3.55
2017-10-24 00:00:00+00:00,216.4,301.73,5.64,26617.5,12.8,0.28,2.28,1757.9,0.3,750000.0,4323007.0,12.39,8.357,0.3,11.97,3.55,3.54,3.52,3.56
2017-10-25 00:00:00+00:00,216.2,301.39,5.64,26587.5,12.8,0.28,2.28,2240.8,0.3,750000.0,4323007.0,12.38,8.357,0.3,11.97,3.54,3.52,3.52,3.55
2017-10-26 00:00:00+00:00,214.6,299.26,5.68,26400.0,12.7,0.28,2.26,1029.5,0.3,750000.0,4323007.0,12.29,8.357,0.3,11.97,3.54,3.52,3.52,3.54
2017-10-27 00:00:00+00:00,216.5,301.82,5.63,26625.0,12.8,0.28,2.28,952.6,0.3,750000.0,4323007.0,12.4,8.357,0.3,11.97,3.55,3.52,3.51,3.56
2017-10-30 00:00:00+00:00,222.0,309.47,5.49,27299.99,13.1,0.28,2.34,2383.0,0.3,750000.0,4323007.0,12.71,8.357,0.3,11.97,3.64,3.54,3.52,3.64
2017-10-31 00:00:00+00:00,217.9,303.86,5.6,26805.0,12.9,0.28,2.29,2785.4,0.3,750000.0,4323007.0,12.48,8.357,0.3,11.97,3.57,3.57,3.57,3.64
2017-11-01 00:00:00+00:00,217.1,302.67,5.62,26700.0,12.9,0.28,2.29,397.7,0.3,750000.0,4323007.0,12.43,8.357,0.3,11.97,3.57,3.56,3.56,3.6
2017-11-02 00:00:00+00:00,214.8,299.52,5.68,26422.49,12.7,0.28,2.26,1403.7,0.3,750000.0,4323007.0,12.3,8.357,0.3,11.97,3.57,3.52,3.52,3.59
2017-11-03 00:00:00+00:00,216.2,301.39,5.64,26587.5,12.8,0.28,2.28,2430.6,0.3,750000.0,4323007.0,12.38,8.357,0.3,11.97,3.56,3.54,3.49,3.55
2017-11-06 00:00:00+00:00,216.5,301.82,5.63,26625.0,12.8,0.28,2.28,2129.6,0.3,750000.0,4323007.0,12.4,8.357,0.3,11.97,3.57,3.55,3.5,3.58
2017-11-07 00:00:00+00:00,212.1,295.78,5.75,26092.49,12.6,0.28,2.23,5466.6,0.3,750000.0,4323007.0,12.15,8.357,0.3,11.97,3.48,3.45,3.4,3.54
2017-11-08 00:00:00+00:00,213.0,297.05,5.72,26205.0,12.6,0.28,2.24,2922.5,0.3,750000.0,4323007.0,12.2,8.357,0.3,11.97,3.49,3.44,3.42,3.49
2017-11-09 00:00:00+00:00,213.4,297.56,5.71,26250.0,12.6,0.28,2.25,3217.7,0.3,750000.0,4323007.0,12.22,8.357,0.3,11.97,3.51,3.5,3.45,3.52
2017-11-10 00:00:00+00:00,213.4,297.56,5.71,26250.0,12.6,0.28,2.25,1506.2,0.3,750000.0,4323007.0,12.22,8.357,0.3,11.97,3.5,3.48,3.46,3.53
2017-11-13 00:00:00+00:00,213.4,297.56,5.71,26250.0,12.6,0.28,2.25,2324.8,0.3,750000.0,4323007.0,12.22,8.357,0.3,11.97,3.5,3.46,3.46,3.5
2017-11-14 00:00:00+00:00,211.9,295.44,5.76,26062.5,12.5,0.28,2.23,6789.1,0.3,750000.0,4323007.0,12.13,8.357,0.3,11.97,3.47,3.45,3.42,3.49
2017-11-15 00:00:00+00:00,209.8,292.46,5.81,25799.99,12.4,0.28,2.21,4005.9,0.3,750000.0,4323007.0,12.01,8.357,0.3,11.97,3.47,3.44,3.44,3.52
2017-11-16 00:00:00+00:00,210.3,293.23,5.8,25867.5,12.5,0.28,2.21,4801.7,0.3,750000.0,4323007.0,12.04,8.621,0.3,11.6,3.45,3.43,3.39,3.47
2017-11-17 00:00:00+00:00,210.4,293.31,5.8,25875.0,12.5,0.28,2.21,1214.3,0.3,750000.0,4323007.0,12.05,8.621,0.3,11.6,3.45,3.41,3.4,3.46
2017-11-20 00:00:00+00:00,208.8,291.19,5.84,25687.5,12.4,0.28,2.2,3361.1,0.3,750000.0,4323007.0,11.96,8.621,0.3,11.6,3.42,3.41,3.4,3.44
2017-11-21 00:00:00+00:00,207.0,288.64,5.89,25462.5,12.3,0.28,2.18,3466.2,0.3,750000.0,4323007.0,11.85,8.621,0.3,11.6,3.39,3.34,3.33,3.43
2017-11-22 00:00:00+00:00,207.3,289.06,5.88,25500.0,12.3,0.28,2.18,2463.4,0.3,750000.0,4323007.0,11.87,8.621,0.3,11.6,3.4,3.4,3.34,3.44
2017-11-23 00:00:00+00:00,206.6,288.13,5.9,25417.5,12.2,0.28,2.18,1936.1,0.3,750000.0,4323007.0,11.83,8.621,0.3,11.6,3.39,3.38,3.38,3.42
2017-11-24 00:00:00+00:00,207.3,289.06,5.88,25500.0,12.3,0.28,2.18,2506.0,0.3,750000.0,4323007.0,11.87,8.621,0.3,11.6,3.4,3.39,3.38,3.42
2017-11-27 00:00:00+00:00,207.9,289.91,5.87,25575.0,12.3,0.28,2.19,3063.4,0.3,750000.0,4323007.0,11.91,8.621,0.3,11.6,3.41,3.41,3.4,3.43
2017-11-28 00:00:00+00:00,207.3,289.06,5.88,25500.0,12.3,0.28,2.18,2872.5,0.3,750000.0,4323007.0,11.87,8.621,0.3,11.6,3.4,3.36,3.36,3.41
2017-11-29 00:00:00+00:00,207.8,289.74,5.87,25560.0,12.3,0.28,2.19,2637.0,0.3,750000.0,4323007.0,11.9,8.621,0.3,11.6,3.41,3.4,3.37,3.41
2017-11-30 00:00:00+00:00,207.0,288.64,5.89,25462.5,12.3,0.28,2.18,7764.2,0.3,750000.0,4323007.0,11.85,8.621,0.3,11.6,3.39,3.37,3.35,3.42
2017-12-01 00:00:00+00:00,208.5,290.68,5.85,25642.5,12.3,0.28,2.19,1371.3,0.3,750000.0,4323007.0,11.94,8.621,0.3,11.6,3.42,3.42,3.39,3.42
2017-12-04 00:00:00+00:00,214.4,298.92,5.69,26370.0,12.7,0.28,2.26,10100.3,0.3,750000.0,4323007.0,12.28,8.621,0.3,11.6,3.52,3.5,3.41,3.53
2017-12-05 00:00:00+00:00,212.6,296.46,5.74,26152.49,12.6,0.28,2.24,7164.0,0.3,750000.0,4323007.0,12.18,8.621,0.3,11.6,3.49,3.45,3.45,3.57
2017-12-06 00:00:00+00:00,209.8,292.46,5.81,25799.99,12.4,0.28,2.21,3911.2,0.3,750000.0,4323007.0,12.01,8.621,0.3,11.6,3.45,3.44,3.38,3.5
2017-12-07 00:00:00+00:00,207.4,289.15,5.88,25507.49,12.3,0.28,2.18,2828.0,0.3,750000.0,4323007.0,11.88,8.621,0.3,11.6,3.46,3.4,3.39,3.49
2017-12-08 00:00:00+00:00,208.6,290.85,5.85,25657.5,12.4,0.28,2.2,3260.2,0.3,750000.0,4323007.0,11.95,8.621,0.3,11.6,3.45,3.43,3.4,3.49
2017-12-11 00:00:00+00:00,213.4,297.56,5.71,26250.0,12.6,0.28,2.25,7820.7,0.3,750000.0,4323007.0,12.22,8.621,0.3,11.6,3.5,3.48,3.43,3.5
2017-12-12 00:00:00+00:00,215.9,300.97,5.65,26549.99,12.8,0.28,2.27,2673.9,0.3,750000.0,4323007.0,12.36,8.621,0.3,11.6,3.54,3.52,3.48,3.54
2017-12-13 00:00:00+00:00,222.0,309.47,5.49,27299.99,13.1,0.28,2.34,8333.4,0.3,750000.0,4323007.0,12.71,8.621,0.3,11.6,3.64,3.64,3.52,3.64
2017-12-14 00:00:00+00:00,219.6,306.24,5.55,27015.0,13.0,0.28,2.31,9092.5,0.3,750000.0,4323007.0,12.58,8.475,0.3,11.8,3.64,3.6,3.6,3.65
2017-12-15 00:00:00+00:00,219.6,306.24,5.55,27015.0,13.0,0.28,2.31,,0.3,750000.0,4323007.0,12.58,8.475,0.3,11.8,,,,
2017-12-18 00:00:00+00:00,219.6,306.24,5.55,27015.0,13.0,0.28,2.31,,0.3,750000.0,4323007.0,12.58,8.475,0.3,11.8,,,,
2017-12-19 00:00:00+00:00,227.1,316.61,5.37,27930.0,13.4,0.28,2.39,5796.4,0.3,750000.0,4323007.0,13.0,8.475,0.3,11.8,3.72,3.71,3.61,3.73
2017-12-20 00:00:00+00:00,229.9,320.6,5.3,28282.5,13.6,0.28,2.42,6327.5,0.3,750000.0,4323007.0,13.17,8.475,0.3,11.8,3.78,3.77,3.69,3.8
2017-12-21 00:00:00+00:00,232.1,323.67,5.25,28552.5,13.7,0.28,2.44,2845.9,0.3,750000.0,4323007.0,13.29,8.475,0.3,11.8,3.81,3.8,3.76,3.82
2017-12-22 00:00:00+00:00,231.0,322.05,5.28,28410.0,13.7,0.28,2.43,2443.2,0.3,750000.0,4323007.0,13.23,8.475,0.3,11.8,3.79,3.77,3.75,3.82
2017-12-25 00:00:00+00:00,228.4,318.39,5.34,28087.49,13.5,0.28,2.4,1163.4,0.3,750000.0,4323007.0,13.08,8.475,0.3,11.8,3.74,3.74,3.73,3.79
2017-12-26 00:00:00+00:00,225.1,313.89,5.42,27690.0,13.3,0.28,2.37,2179.8,0.3,750000.0,4323007.0,12.89,8.475,0.3,11.8,3.69,3.69,3.69,3.75
2017-12-27 00:00:00+00:00,226.2,315.33,5.39,27817.49,13.4,0.28,2.38,5120.0,0.3,750000.0,4323007.0,12.95,8.475,0.3,11.8,3.71,3.71,3.69,3.71
2017-12-28 00:00:00+00:00,226.2,315.42,5.39,27825.0,13.4,0.28,2.38,5635.5,0.3,750000.0,4323007.0,12.95,8.475,0.3,11.8,3.72,3.71,3.7,3.74
2017-12-29 00:00:00+00:00,230.2,320.94,5.3,28312.5,13.6,0.28,2.42,5199.4,0.3,750000.0,4323007.0,13.18,8.475,0.3,11.8,3.77,3.77,3.71,3.8
2018-01-01 00:00:00+00:00,230.2,320.94,5.3,28312.5,13.6,0.28,2.42,,0.3,750000.0,4855970.0,13.44,8.475,0.3,11.8,,,,
2018-01-02 00:00:00+00:00,235.7,328.68,5.17,28995.0,14.0,0.28,2.48,10347.6,0.3,750000.0,4855970.0,13.76,8.475,0.3,11.8,3.9,3.87,3.75,3.95
2018-01-03 00:00:00+00:00,235.4,328.26,5.18,28957.5,13.9,0.28,2.47,2161.6,0.3,750000.0,4855970.0,13.74,8.475,0.3,11.8,3.88,3.86,3.86,3.91
2018-01-04 00:00:00+00:00,237.4,330.98,5.14,29197.49,14.1,0.28,2.49,5107.9,0.3,750000.0,4855970.0,13.86,8.475,0.3,11.8,3.9,3.89,3.88,3.92
2018-01-05 00:00:00+00:00,247.6,345.17,4.93,30450.0,14.7,0.28,2.6,6650.1,0.3,750000.0,4855970.0,14.45,8.475,0.3,11.8,4.06,4.06,3.89,4.06
2018-01-08 00:00:00+00:00,255.5,356.23,4.77,31424.99,15.1,0.28,2.69,9521.0,0.3,750000.0,4855970.0,14.91,8.475,0.3,11.8,4.19,4.19,4.06,4.19
2018-01-09 00:00:00+00:00,254.9,355.38,4.78,31350.0,15.1,0.28,2.68,8947.4,0.3,750000.0,4855970.0,14.88,8.475,0.3,11.8,4.18,4.18,4.08,4.2
2018-01-10 00:00:00+00:00,257.3,358.78,4.74,31650.0,15.2,0.28,2.7,7898.7,0.3,750000.0,4855970.0,15.02,8.475,0.3,11.8,4.22,4.22,4.13,4.28
2018-01-11 00:00:00+00:00,259.1,361.24,4.71,31867.5,15.3,0.28,2.72,4104.8,0.3,750000.0,4855970.0,15.12,8.475,0.3,11.8,4.25,4.22,4.2,4.25
2018-01-12 00:00:00+00:00,256.3,357.33,4.76,31522.5,15.2,0.28,2.69,2674.4,0.3,750000.0,4855970.0,14.96,8.475,0.3,11.8,4.23,4.2,4.2,4.27
2018-01-15 00:00:00+00:00,243.8,339.99,5.0,29992.5,14.4,0.28,2.56,14412.5,0.3,750000.0,4855970.0,14.23,8.475,0.3,11.8,4.0,4.0,4.0,4.25
2018-01-16 00:00:00+00:00,256.8,358.1,4.75,31589.99,15.2,0.28,2.7,9979.6,0.3,750000.0,4855970.0,14.99,8.475,0.3,11.8,4.21,4.2,4.05,4.22
2018-01-17 00:00:00+00:00,250.0,348.58,4.88,30750.0,15.2,0.27,2.63,8597.6,0.3,750000.0,4855970.0,14.59,8.475,0.3,11.8,4.1,4.09,4.05,4.23
2018-01-18 00:00:00+00:00,251.5,350.7,4.85,30937.5,15.3,0.27,2.64,3615.1,0.3,750000.0,4855970.0,14.68,7.126,0.3,14.03,4.13,4.09,4.06,4.13
2018-01-19 00:00:00+00:00,248.8,346.96,4.9,30607.49,15.1,0.27,2.62,1743.5,0.3,750000.0,4855970.0,14.53,7.126,0.3,14.03,4.1,4.08,4.05,4.14
2018-01-22 00:00:00+00:00,249.9,348.49,4.88,30742.5,15.2,0.27,2.63,2146.2,0.3,750000.0,4855970.0,14.59,7.126,0.3,14.03,4.1,4.08,4.05,4.11
2018-01-23 00:00:00+00:00,249.4,347.73,4.89,30674.99,15.1,0.27,2.62,3127.0,0.3,750000.0,4855970.0,14.56,7.126,0.3,14.03,4.09,4.08,4.06,4.11
2018-01-24 00:00:00+00:00,251.8,351.13,4.84,30975.0,15.3,0.27,2.65,5831.6,0.3,750000.0,4855970.0,14.7,7.126,0.3,14.03,4.13,4.11,4.08,4.13
2018-01-25 00:00:00+00:00,255.7,356.57,4.77,31455.0,15.5,0.27,2.69,4992.7,0.3,750000.0,4855970.0,14.93,7.126,0.3,14.03,4.19,4.18,4.11,4.2
2018-01-26 00:00:00+00:00,255.4,356.06,4.78,31410.0,15.5,0.27,2.68,1308.1,0.3,750000.0,4855970.0,14.91,7.126,0.3,14.03,4.19,4.17,4.15,4.2
2018-01-29 00:00:00+00:00,254.9,355.38,4.78,31350.0,15.5,0.27,2.68,3133.3,0.3,750000.0,4855970.0,14.88,7.126,0.3,14.03,4.18,4.13,4.14,4.18
2018-01-30 00:00:00+00:00,249.3,347.64,4.89,30667.5,15.1,0.27,2.62,3624.7,0.3,750000.0,4855970.0,14.55,7.126,0.3,14.03,4.09,4.08,4.08,4.2
2018-01-31 00:00:00+00:00,246.3,343.47,4.95,30299.99,14.9,0.27,2.59,6420.8,0.3,750000.0,4855970.0,14.38,7.126,0.3,14.03,4.05,4.04,3.99,4.06
2018-02-01 00:00:00+00:00,245.4,342.2,4.97,30187.5,14.9,0.27,2.58,3785.2,0.3,750000.0,4855970.0,14.33,7.126,0.3,14.03,4.02,4.02,4.01,4.1
2018-02-02 00:00:00+00:00,239.5,333.87,5.09,29452.5,14.5,0.27,2.52,4330.6,0.3,750000.0,4855970.0,13.98,7.126,0.3,14.03,3.95,3.93,3.92,4.01
2018-02-05 00:00:00+00:00,239.3,333.7,5.1,29437.5,14.5,0.27,2.52,9109.1,0.3,750000.0,4855970.0,13.97,7.126,0.3,14.03,3.92,3.91,3.9,3.94
2018-02-06 00:00:00+00:00,234.8,327.41,5.19,28882.49,14.2,0.27,2.47,8126.4,0.3,750000.0,4855970.0,13.71,7.126,0.3,14.03,3.9,3.85,3.8,3.9
2018-02-07 00:00:00+00:00,240.8,335.74,5.06,29617.5,14.6,0.27,2.53,4426.8,0.3,750000.0,4855970.0,14.06,7.126,0.3,14.03,3.95,3.9,3.88,3.95
2018-02-08 00:00:00+00:00,242.0,337.44,5.04,29767.5,14.7,0.27,2.54,2498.4,0.3,750000.0,4855970.0,14.13,7.126,0.3,14.03,3.99,3.97,3.91,3.99
2018-02-09 00:00:00+00:00,249.4,347.73,4.89,30674.99,15.1,0.27,2.62,5556.5,0.3,750000.0,4855970.0,14.56,7.126,0.3,14.03,4.09,4.06,3.92,4.09
2018-02-12 00:00:00+00:00,250.1,348.66,4.88,30757.49,15.2,0.27,2.63,4055.5,0.3,750000.0,4855970.0,14.6,7.126,0.3,14.03,4.13,4.1,4.04,4.13
2018-02-13 00:00:00+00:00,250.1,348.66,4.88,30757.49,15.2,0.27,2.63,,0.3,750000.0,4855970.0,14.6,7.126,0.3,14.03,,,,
2018-02-14 00:00:00+00:00,255.7,356.57,4.77,31455.0,15.5,0.27,2.69,3315.5,0.3,750000.0,4855970.0,14.93,7.126,0.3,14.03,4.19,4.17,4.1,4.19
2018-02-15 00:00:00+00:00,254.5,354.87,4.79,31305.0,15.4,0.27,2.68,1985.9,0.3,750000.0,4855970.0,14.86,7.317,0.3,13.67,4.17,4.17,4.12,4.18
2018-02-16 00:00:00+00:00,251.6,350.79,4.85,30944.99,15.3,0.27,2.64,1242.1,0.3,750000.0,4855970.0,14.69,7.317,0.3,13.67,4.15,4.13,4.13,4.19
2018-02-19 00:00:00+00:00,254.4,354.7,4.79,31290.0,15.4,0.27,2.67,2283.0,0.3,750000.0,4855970.0,14.85,7.317,0.3,13.67,4.17,4.16,4.12,4.17
2018-02-20 00:00:00+00:00,253.0,352.83,4.82,31125.0,15.3,0.27,2.66,1664.7,0.3,750000.0,4855970.0,14.77,7.317,0.3,13.67,4.15,4.14,4.14,4.16
2018-02-21 00:00:00+00:00,253.6,353.59,4.81,31192.5,15.4,0.27,2.67,2618.2,0.3,750000.0,4855970.0,14.8,7.317,0.3,13.67,4.16,4.15,4.11,4.16
2018-02-22 00:00:00+00:00,253.0,352.74,4.82,31117.5,15.3,0.27,2.66,3460.8,0.3,750000.0,4855970.0,14.77,7.317,0.3,13.67,4.16,4.15,4.13,4.16
2018-02-23 00:00:00+00:00,251.8,351.04,4.84,30967.49,15.3,0.27,2.65,1042.2,0.3,750000.0,4855970.0,14.7,7.317,0.3,13.67,4.13,4.13,4.11,4.15
2018-02-26 00:00:00+00:00,249.1,347.3,4.9,30637.5,15.1,0.27,2.62,5240.9,0.3,750000.0,4855970.0,14.54,7.317,0.3,13.67,4.08,4.08,4.08,4.15
2018-02-27 00:00:00+00:00,246.0,343.05,4.96,30262.5,14.9,0.27,2.59,8165.3,0.3,750000.0,4855970.0,14.36,7.317,0.3,13.67,4.03,4.01,4.01,4.08
2018-02-28 00:00:00+00:00,229.3,336.67,5.32,28200.0,13.9,0.27,2.41,7378.7,0.3,750000.0,4855970.0,13.38,7.317,0.3,13.67,3.79,3.76,3.76,3.85
2018-03-01 00:00:00+00:00,229.0,336.23,5.33,28162.5,13.9,0.27,2.41,3662.4,0.3,750000.0,4855970.0,13.36,7.317,0.3,13.67,3.75,3.75,3.72,3.8
2018-03-02 00:00:00+00:00,229.0,336.23,5.33,28162.5,13.9,0.27,2.41,,0.3,750000.0,4855970.0,13.36,7.317,0.3,13.67,,,,
2018-03-05 00:00:00+00:00,220.8,324.23,5.52,27157.5,13.4,0.27,2.32,7665.8,0.3,750000.0,4855970.0,12.89,7.317,0.3,13.67,3.71,3.62,3.62,3.77
2018-03-06 00:00:00+00:00,222.0,325.93,5.49,27299.99,13.5,0.27,2.33,2944.6,0.3,750000.0,4855970.0,12.96,7.317,0.3,13.67,3.66,3.64,3.64,3.7
2018-03-07 00:00:00+00:00,220.7,324.05,5.53,27142.5,13.4,0.27,2.32,2421.2,0.3,750000.0,4855970.0,12.88,7.317,0.3,13.67,3.64,3.62,3.62,3.66
2018-03-08 00:00:00+00:00,221.0,324.58,5.52,27187.5,13.4,0.27,2.32,2712.5,0.3,750000.0,4855970.0,12.9,7.317,0.3,13.67,3.63,3.63,3.61,3.7
2018-03-09 00:00:00+00:00,218.9,321.45,5.57,26924.99,13.3,0.27,2.3,2611.9,0.3,750000.0,4855970.0,12.78,7.317,0.3,13.67,3.59,3.58,3.52,3.66
2018-03-12 00:00:00+00:00,228.2,335.06,5.34,28065.0,13.8,0.27,2.4,9222.1,0.3,750000.0,4855970.0,13.32,7.317,0.3,13.67,3.74,3.7,3.55,3.74
2018-03-13 00:00:00+00:00,223.5,328.17,5.46,27487.49,13.6,0.27,2.35,7169.2,0.3,750000.0,4855970.0,13.04,7.317,0.3,13.67,3.66,3.66,3.66,3.79
2018-03-14 00:00:00+00:00,220.9,324.32,5.52,27165.0,13.4,0.27,2.32,6142.3,0.3,750000.0,4855970.0,12.89,7.317,0.3,13.67,3.62,3.62,3.59,3.66
2018-03-15 00:00:00+00:00,225.6,331.3,5.41,27750.0,13.7,0.27,2.37,11035.6,0.3,750000.0,4855970.0,13.17,8.174,0.3,12.23,3.7,3.65,3.6,3.7
2018-03-16 00:00:00+00:00,222.0,326.02,5.49,27307.5,13.5,0.27,2.33,2539.4,0.3,750000.0,4855970.0,12.96,8.174,0.3,12.23,3.65,3.64,3.64,3.68
2018-03-19 00:00:00+00:00,221.3,325.03,5.51,27225.0,13.4,0.27,2.33,4885.0,0.3,750000.0,4855970.0,12.92,8.174,0.3,12.23,3.64,3.63,3.63,3.66
2018-03-20 00:00:00+00:00,224.1,329.06,5.44,27562.5,13.6,0.27,2.36,8821.0,0.3,750000.0,4855970.0,13.08,8.174,0.3,12.23,3.68,3.67,3.63,3.7
2018-03-21 00:00:00+00:00,224.0,328.97,5.44,27555.0,13.6,0.27,2.35,3744.8,0.3,750000.0,4855970.0,13.08,8.174,0.3,12.23,3.67,3.67,3.65,3.68
2018-03-22 00:00:00+00:00,220.9,324.32,5.52,27165.0,13.4,0.27,2.32,6107.8,0.3,750000.0,4855970.0,12.89,8.174,0.3,12.23,3.64,3.62,3.62,3.68
2018-03-23 00:00:00+00:00,219.9,322.97,5.54,27052.5,13.3,0.27,2.31,1450.8,0.3,750000.0,4855970.0,12.84,8.174,0.3,12.23,3.61,3.6,3.59,3.64
2018-03-26 00:00:00+00:00,218.0,320.11,5.59,26812.5,13.2,0.27,2.29,5158.4,0.3,750000.0,4855970.0,12.72,8.174,0.3,12.23,3.58,3.57,3.57,3.61
2018-03-27 00:00:00+00:00,216.8,318.41,5.62,26670.0,13.2,0.27,2.28,9532.9,0.3,750000.0,4855970.0,12.66,8.174,0.3,12.23,3.59,3.56,3.56,3.62
2018-03-28 00:00:00+00:00,215.9,316.97,5.65,26549.99,13.1,0.27,2.27,2612.6,0.3,750000.0,4855970.0,12.6,8.174,0.3,12.23,3.55,3.54,3.53,3.58
2018-03-29 00:00:00+00:00,215.5,316.44,5.66,26504.99,13.1,0.27,2.26,4878.3,0.3,750000.0,4855970.0,12.58,8.174,0.3,12.23,3.54,3.53,3.53,3.58
2018-03-30 00:00:00+00:00,216.8,318.32,5.63,26662.5,13.1,0.27,2.28,2848.3,0.3,750000.0,4855970.0,12.65,8.174,0.3,12.23,3.57,3.55,3.54,3.6
2018-04-02 00:00:00+00:00,219.7,322.61,5.55,27022.5,13.3,0.27,2.31,4347.6,0.3,750000.0,4855970.0,12.82,8.174,0.3,12.23,3.6,3.6,3.54,3.6
2018-04-03 00:00:00+00:00,220.1,323.24,5.54,27075.0,13.4,0.27,2.31,3366.6,0.3,750000.0,4855970.0,12.85,8.174,0.3,12.23,3.61,3.58,3.57,3.61
2018-04-04 00:00:00+00:00,219.5,322.26,5.56,26992.5,13.3,0.27,2.31,888.6,0.3,750000.0,4855970.0,12.81,8.174,0.3,12.23,3.6,3.58,3.57,3.6
2018-04-05 00:00:00+00:00,224.3,329.33,5.44,27585.0,13.6,0.27,2.36,4081.0,0.3,750000.0,4855970.0,13.09,8.174,0.3,12.23,3.68,3.66,3.58,3.68
2018-04-06 00:00:00+00:00,222.0,325.93,5.49,27299.99,13.5,0.27,2.33,1074.0,0.3,750000.0,4855970.0,12.96,8.174,0.3,12.23,3.66,3.64,3.63,3.67
2018-04-09 00:00:00+00:00,223.8,328.61,5.45,27525.0,13.6,0.27,2.35,2045.9,0.3,750000.0,4855970.0,13.06,8.174,0.3,12.23,3.67,3.66,3.64,3.68
2018-04-10 00:00:00+00:00,221.5,325.21,5.51,27240.0,13.4,0.27,2.33,5341.7,0.3,750000.0,4855970.0,12.93,8.174,0.3,12.23,3.64,3.63,3.63,3.68
2018-04-11 00:00:00+00:00,221.0,324.58,5.52,27187.5,13.4,0.27,2.32,1963.9,0.3,750000.0,4855970.0,12.9,8.174,0.3,12.23,3.63,3.61,3.61,3.67
2018-04-12 00:00:00+00:00,218.3,320.56,5.59,26850.0,13.2,0.27,2.29,5130.5,0.3,750000.0,4855970.0,12.74,8.174,0.3,12.23,3.59,3.58,3.57,3.63
2018-04-13 00:00:00+00:00,218.9,321.45,5.57,26924.99,13.3,0.27,2.3,2596.8,0.3,750000.0,4855970.0,12.78,8.174,0.3,12.23,3.59,3.59,3.58,3.63
2018-04-16 00:00:00+00:00,223.1,327.63,5.47,27442.49,13.5,0.27,2.34,2521.2,0.3,750000.0,4855970.0,13.02,8.174,0.3,12.23,3.68,3.66,3.59,3.68
2018-04-17 00:00:00+00:00,221.3,325.03,5.51,27225.0,13.3,0.27,2.33,2481.4,0.3,750000.0,4855970.0,12.92,8.174,0.3,12.23,3.63,3.61,3.61,3.66
2018-04-18 00:00:00+00:00,222.0,325.93,5.49,27299.99,13.3,0.27,2.33,3240.0,0.3,750000.0,4855970.0,12.96,8.174,0.3,12.23,3.64,3.62,3.61,3.67
2018-04-19 00:00:00+00:00,222.4,326.64,5.48,27359.99,13.4,0.27,2.34,4718.2,0.3,750000.0,4855970.0,12.98,8.264,0.3,12.1,3.65,3.63,3.62,3.66
2018-04-20 00:00:00+00:00,221.5,325.21,5.51,27240.0,13.3,0.27,2.33,1058.3,0.3,750000.0,4855970.0,12.93,8.264,0.3,12.1,3.64,3.63,3.63,3.64
2018-04-23 00:00:00+00:00,217.6,319.57,5.6,26767.5,13.1,0.27,2.29,7798.3,0.3,750000.0,4855970.0,12.7,8.264,0.3,12.1,3.59,3.57,3.57,3.66
2018-04-24 00:00:00+00:00,216.5,317.96,5.63,26632.49,13.0,0.27,2.28,7546.3,0.3,750000.0,4855970.0,12.64,8.264,0.3,12.1,3.56,3.55,3.55,3.59
2018-04-25 00:00:00+00:00,217.7,319.75,5.6,26782.5,13.1,0.27,2.29,3568.6,0.3,750000.0,4855970.0,12.71,8.264,0.3,12.1,3.57,3.57,3.55,3.58
2018-04-26 00:00:00+00:00,219.5,322.35,5.56,27000.0,13.2,0.27,2.31,2335.5,0.3,750000.0,4855970.0,12.81,8.264,0.3,12.1,3.6,3.58,3.56,3.6
2018-04-27 00:00:00+00:00,218.0,320.11,5.59,26812.5,13.1,0.27,2.29,2859.7,0.3,750000.0,4855970.0,12.72,8.264,0.3,12.1,3.57,3.57,3.56,3.6
2018-04-30 00:00:00+00:00,217.0,318.59,5.62,26685.0,13.0,0.27,2.28,4392.4,0.3,750000.0,4855970.0,12.66,8.264,0.3,12.1,3.56,3.55,3.54,3.57
2018-05-01 00:00:00+00:00,213.4,313.39,5.71,26250.0,12.8,0.27,2.24,5867.1,0.3,750000.0,4855970.0,12.46,8.264,0.3,12.1,3.51,3.5,3.5,3.56
2018-05-02 00:00:00+00:00,212.2,311.6,5.75,26100.0,12.7,0.27,2.23,2604.7,0.3,750000.0,4855970.0,12.39,8.264,0.3,12.1,3.49,3.48,3.47,3.53
2018-05-03 00:00:00+00:00,208.6,306.32,5.85,25657.5,12.5,0.27,2.19,3641.2,0.3,750000.0,4855970.0,12.18,8.264,0.3,12.1,3.43,3.42,3.42,3.48
2018-05-04 00:00:00+00:00,212.9,312.59,5.73,26182.5,12.8,0.27,2.24,3198.0,0.3,750000.0,4855970.0,12.43,8.264,0.3,12.1,3.5,3.49,3.42,3.5
2018-05-07 00:00:00+00:00,213.4,313.39,5.71,26250.0,12.8,0.27,2.24,3683.8,0.3,750000.0,4855970.0,12.46,8.264,0.3,12.1,3.51,3.5,3.47,3.51
2018-05-08 00:00:00+00:00,210.1,308.47,5.81,25837.5,12.6,0.27,2.21,2121.6,0.3,750000.0,4855970.0,12.26,8.264,0.3,12.1,3.47,3.44,3.44,3.5
2018-05-09 00:00:00+00:00,209.3,307.39,5.83,25747.5,12.6,0.27,2.2,2474.4,0.3,750000.0,4855970.0,12.22,8.264,0.3,12.1,3.45,3.43,3.43,3.46
2018-05-10 00:00:00+00:00,208.5,306.23,5.85,25650.0,12.5,0.27,2.19,2205.3,0.3,750000.0,4855970.0,12.17,8.264,0.3,12.1,3.45,3.42,3.42,3.46
2018-05-11 00:00:00+00:00,208.8,306.59,5.84,25680.0,12.5,0.27,2.19,3136.9,0.3,750000.0,4855970.0,12.19,8.264,0.3,12.1,3.42,3.42,3.41,3.44
2018-05-14 00:00:00+00:00,209.1,307.12,5.83,25725.0,12.6,0.27,2.2,3757.7,0.3,750000.0,4855970.0,12.21,8.264,0.3,12.1,3.43,3.42,3.42,3.44
2018-05-15 00:00:00+00:00,209.1,307.12,5.83,25725.0,12.6,0.27,2.2,4735.8,0.3,750000.0,4855970.0,12.21,8.264,0.3,12.1,3.43,3.43,3.42,3.46
2018-05-16 00:00:00+00:00,208.0,305.51,5.86,25589.99,12.5,0.27,2.19,1481.1,0.3,750000.0,4855970.0,12.14,8.264,0.3,12.1,3.41,3.41,3.41,3.43
2018-05-17 00:00:00+00:00,203.4,298.62,6.0,25012.5,12.2,0.27,2.14,3019.9,0.3,750000.0,4855970.0,11.87,8.746,0.3,11.43,3.39,3.33,3.33,3.42
2018-05-18 00:00:00+00:00,203.6,298.98,5.99,25042.5,12.2,0.27,2.14,3824.4,0.3,750000.0,4855970.0,11.88,8.746,0.3,11.43,3.34,3.34,3.31,3.36
2018-05-21 00:00:00+00:00,203.8,299.33,5.98,25072.49,12.2,0.27,2.14,3853.5,0.3,750000.0,4855970.0,11.9,8.746,0.3,11.43,3.34,3.34,3.32,3.36
2018-05-22 00:00:00+00:00,207.3,304.44,5.88,25500.0,12.4,0.27,2.18,7577.5,0.3,750000.0,4855970.0,12.1,8.746,0.3,11.43,3.4,3.4,3.34,3.4
2018-05-23 00:00:00+00:00,207.4,304.53,5.88,25507.49,12.4,0.27,2.18,5151.3,0.3,750000.0,4855970.0,12.1,8.746,0.3,11.43,3.42,3.4,3.39,3.43
2018-05-24 00:00:00+00:00,206.6,303.36,5.9,25410.0,12.4,0.27,2.17,3829.3,0.3,750000.0,4855970.0,12.06,8.746,0.3,11.43,3.39,3.39,3.38,3.4
2018-05-25 00:00:00+00:00,206.3,302.92,5.91,25372.5,12.4,0.27,2.17,3395.1,0.3,750000.0,4855970.0,12.04,8.746,0.3,11.43,3.4,3.38,3.38,3.4
2018-05-28 00:00:00+00:00,206.8,303.72,5.9,25440.0,12.4,0.27,2.17,3832.5,0.3,750000.0,4855970.0,12.07,8.746,0.3,11.43,3.4,3.39,3.38,3.41
2018-05-29 00:00:00+00:00,207.3,304.44,5.88,25500.0,12.4,0.27,2.18,5209.5,0.3,750000.0,4855970.0,12.1,8.746,0.3,11.43,3.4,3.39,3.34,3.41
2018-05-30 00:00:00+00:00,204.3,299.96,5.97,25125.0,12.3,0.27,2.15,3771.8,0.3,750000.0,4855970.0,11.92,8.746,0.3,11.43,3.37,3.35,3.35,3.4
2018-05-31 00:00:00+00:00,204.1,299.69,5.98,25102.5,12.3,0.27,2.15,26412.4,0.3,750000.0,4855970.0,11.91,8.746,0.3,11.43,3.35,3.35,3.3,3.39
2018-06-01 00:00:00+00:00,206.0,302.47,5.92,25335.0,12.4,0.27,2.16,11982.2,0.3,750000.0,4855970.0,12.02,8.746,0.3,11.43,3.38,3.36,3.34,3.39
2018-06-04 00:00:00+00:00,208.8,306.68,5.84,25687.5,12.5,0.27,2.2,6972.7,0.3,750000.0,4855970.0,12.19,8.746,0.3,11.43,3.43,3.42,3.36,3.42
2018-06-05 00:00:00+00:00,214.1,314.38,5.7,26332.5,12.9,0.27,2.25,16492.9,0.3,750000.0,4855970.0,12.5,8.746,0.3,11.43,3.54,3.51,3.4,3.55
2018-06-06 00:00:00+00:00,214.8,315.36,5.68,26415.0,12.9,0.27,2.26,5758.9,0.3,750000.0,4855970.0,12.54,8.746,0.3,11.43,3.52,3.51,3.51,3.56
2018-06-07 00:00:00+00:00,213.5,313.48,5.71,26257.49,12.8,0.27,2.24,6814.3,0.3,750000.0,4855970.0,12.46,8.746,0.3,11.43,3.52,3.5,3.5,3.55
2018-06-08 00:00:00+00:00,211.5,310.62,5.77,26017.5,12.7,0.27,2.22,3730.2,0.3,750000.0,4855970.0,12.35,8.746,0.3,11.43,3.47,3.47,3.44,3.5
2018-06-11 00:00:00+00:00,211.0,309.81,5.78,25950.0,12.7,0.27,2.22,3268.9,0.3,750000.0,4855970.0,12.31,8.746,0.3,11.43,3.46,3.46,3.45,3.5
2018-06-12 00:00:00+00:00,209.8,308.02,5.81,25799.99,12.6,0.27,2.2,4786.9,0.3,750000.0,4855970.0,12.24,8.746,0.3,11.43,3.44,3.44,3.43,3.49
2018-06-13 00:00:00+00:00,207.3,304.44,5.88,25500.0,12.4,0.27,2.18,8058.8,0.3,750000.0,4855970.0,12.1,8.746,0.3,11.43,3.4,3.4,3.4,3.45
2018-06-14 00:00:00+00:00,210.4,308.92,5.8,25875.0,12.6,0.27,2.21,16588.6,0.3,750000.0,4855970.0,12.28,8.721,0.3,11.47,3.45,3.4,3.38,3.45
2018-06-15 00:00:00+00:00,210.4,308.92,5.8,25875.0,12.6,0.27,2.21,,0.3,750000.0,4855970.0,12.28,8.721,0.3,11.47,,,,
2018-06-18 00:00:00+00:00,210.4,308.92,5.8,25875.0,12.6,0.27,2.21,,0.3,750000.0,4855970.0,12.28,8.721,0.3,11.47,,,,
2018-06-19 00:00:00+00:00,210.4,308.92,5.8,25875.0,12.6,0.27,2.21,,0.3,750000.0,4855970.0,12.28,8.721,0.3,11.47,,,,
2018-06-20 00:00:00+00:00,207.3,304.44,5.88,25500.0,12.4,0.27,2.18,11965.8,0.3,750000.0,4855970.0,12.1,8.721,0.3,11.47,3.42,3.4,3.37,3.42
2018-06-21 00:00:00+00:00,211.3,310.26,5.77,25987.49,12.7,0.27,2.22,5086.4,0.3,750000.0,4855970.0,12.33,8.721,0.3,11.47,3.47,3.46,3.38,3.47
2018-06-22 00:00:00+00:00,211.6,310.71,5.76,26024.99,12.7,0.27,2.22,2261.0,0.3,750000.0,4855970.0,12.35,8.721,0.3,11.47,3.47,3.47,3.44,3.47
2018-06-25 00:00:00+00:00,211.6,310.71,5.76,26024.99,12.7,0.27,2.22,4219.4,0.3,750000.0,4855970.0,12.35,8.721,0.3,11.47,3.48,3.47,3.45,3.49
2018-06-26 00:00:00+00:00,212.2,311.6,5.75,26100.0,12.7,0.27,2.23,2871.0,0.3,750000.0,4855970.0,12.39,8.721,0.3,11.47,3.48,3.48,3.46,3.5
2018-06-27 00:00:00+00:00,212.5,312.05,5.74,26137.5,12.8,0.27,2.23,3468.3,0.3,750000.0,4855970.0,12.4,8.721,0.3,11.47,3.49,3.48,3.45,3.5
2018-06-28 00:00:00+00:00,213.0,312.77,5.73,26197.49,12.8,0.27,2.24,5531.9,0.3,750000.0,4855970.0,12.43,8.721,0.3,11.47,3.49,3.48,3.47,3.5
2018-06-29 00:00:00+00:00,214.3,314.74,5.69,26362.49,12.9,0.27,2.25,5270.3,0.3,750000.0,4855970.0,12.51,8.721,0.3,11.47,3.52,3.51,3.47,3.52
2018-07-02 00:00:00+00:00,215.2,316.08,5.67,26475.0,12.9,0.27,2.26,15958.3,0.3,750000.0,4855970.0,12.56,8.721,0.3,11.47,3.53,3.53,3.48,3.55
2018-07-03 00:00:00+00:00,215.5,316.53,5.66,26512.5,12.9,0.27,2.27,10083.4,0.3,750000.0,4855970.0,12.58,8.721,0.3,11.47,3.54,3.53,3.51,3.54
2018-07-04 00:00:00+00:00,216.5,317.87,5.63,26625.0,13.0,0.27,2.28,5070.9,0.3,750000.0,4855970.0,12.64,8.721,0.3,11.47,3.56,3.55,3.53,3.57
2018-07-05 00:00:00+00:00,218.2,320.47,5.59,26842.49,13.1,0.27,2.29,9262.3,0.3,750000.0,4855970.0,12.74,8.721,0.3,11.47,3.58,3.56,3.52,3.58
2018-07-06 00:00:00+00:00,218.7,321.09,5.58,26895.0,13.1,0.27,2.3,3872.5,0.3,750000.0,4855970.0,12.76,8.721,0.3,11.47,3.6,3.59,3.57,3.62
2018-07-09 00:00:00+00:00,218.0,320.11,5.59,26812.5,13.1,0.27,2.29,3978.1,0.3,750000.0,4855970.0,12.72,8.721,0.3,11.47,3.57,3.57,3.55,3.62
2018-07-10 00:00:00+00:00,218.9,321.45,5.57,26924.99,13.1,0.27,2.3,4555.4,0.3,750000.0,4855970.0,12.78,8.721,0.3,11.47,3.59,3.56,3.55,3.6
2018-07-11 00:00:00+00:00,218.2,320.38,5.59,26835.0,13.1,0.27,2.29,2198.3,0.3,750000.0,4855970.0,12.73,8.721,0.3,11.47,3.59,3.58,3.56,3.61
2018-07-12 00:00:00+00:00,218.4,320.65,5.59,26857.5,13.1,0.27,2.29,3649.7,0.3,750000.0,4855970.0,12.75,8.721,0.3,11.47,3.6,3.58,3.56,3.61
2018-07-13 00:00:00+00:00,219.2,321.9,5.56,26962.49,13.2,0.27,2.3,3156.5,0.3,750000.0,4855970.0,12.8,8.721,0.3,11.47,3.59,3.59,3.57,3.6
2018-07-16 00:00:00+00:00,218.8,321.27,5.57,26910.0,13.0,0.28,2.3,1603.6,0.3,750000.0,4855970.0,12.77,8.721,0.3,11.47,3.59,3.58,3.57,3.6
2018-07-17 00:00:00+00:00,221.6,325.48,5.5,27262.5,13.1,0.28,2.33,5482.6,0.3,750000.0,4855970.0,12.94,8.721,0.3,11.47,3.64,3.63,3.56,3.64
2018-07-18 00:00:00+00:00,222.0,325.93,5.49,27299.99,13.2,0.28,2.33,3313.9,0.3,750000.0,4855970.0,12.96,8.721,0.3,11.47,3.64,3.64,3.62,3.64
2018-07-19 00:00:00+00:00,222.0,325.93,5.49,27299.99,13.2,0.28,2.33,3814.7,0.3,750000.0,4855970.0,12.96,8.264,0.3,12.1,3.65,3.64,3.62,3.65
2018-07-20 00:00:00+00:00,220.7,324.14,5.52,27149.99,13.1,0.28,2.32,1817.8,0.3,750000.0,4855970.0,12.88,8.264,0.3,12.1,3.62,3.62,3.59,3.63
2018-07-23 00:00:00+00:00,223.4,327.99,5.46,27472.5,13.2,0.28,2.35,5241.0,0.3,750000.0,4855970.0,13.04,8.264,0.3,12.1,3.66,3.64,3.6,3.66
2018-07-24 00:00:00+00:00,227.6,334.26,5.36,27997.5,13.5,0.28,2.39,8768.5,0.3,750000.0,4855970.0,13.29,8.264,0.3,12.1,3.73,3.73,3.66,3.74
2018-07-25 00:00:00+00:00,229.8,337.48,5.31,28267.5,13.6,0.28,2.42,3317.2,0.3,750000.0,4855970.0,13.41,8.264,0.3,12.1,3.77,3.75,3.71,3.77
2018-07-26 00:00:00+00:00,231.0,339.27,5.28,28417.5,13.7,0.28,2.43,3011.5,0.3,750000.0,4855970.0,13.49,8.264,0.3,12.1,3.79,3.77,3.73,3.79
2018-07-27 00:00:00+00:00,233.5,342.85,5.22,28717.49,13.8,0.28,2.45,2434.9,0.3,750000.0,4855970.0,13.63,8.264,0.3,12.1,3.83,3.81,3.76,3.83
2018-07-30 00:00:00+00:00,233.5,342.94,5.22,28725.0,13.8,0.28,2.45,3074.1,0.3,750000.0,4855970.0,13.63,8.264,0.3,12.1,3.83,3.8,3.71,3.84
2018-07-31 00:00:00+00:00,236.3,346.97,5.16,29062.5,14.0,0.28,2.48,4798.9,0.3,750000.0,4855970.0,13.79,8.264,0.3,12.1,3.88,3.84,3.79,3.88
2018-08-01 00:00:00+00:00,239.0,351.0,5.1,29400.0,14.2,0.28,2.51,5989.1,0.3,750000.0,4855970.0,13.95,8.264,0.3,12.1,3.92,3.89,3.8,3.93
2018-08-02 00:00:00+00:00,237.8,349.21,5.13,29250.0,14.1,0.28,2.5,2101.1,0.3,750000.0,4855970.0,13.88,8.264,0.3,12.1,3.9,3.88,3.87,3.94
2018-08-03 00:00:00+00:00,234.8,344.73,5.19,28875.0,13.9,0.28,2.47,774.8,0.3,750000.0,4855970.0,13.7,8.264,0.3,12.1,3.85,3.85,3.85,3.86
2018-08-06 00:00:00+00:00,239.9,352.34,5.08,29512.5,14.2,0.28,2.52,1902.4,0.3,750000.0,4855970.0,14.01,8.264,0.3,12.1,3.93,3.9,3.83,3.93
2018-08-07 00:00:00+00:00,238.3,349.92,5.12,29310.0,14.1,0.28,2.5,4172.7,0.3,750000.0,4855970.0,13.91,8.264,0.3,12.1,3.91,3.9,3.89,3.92
2018-08-08 00:00:00+00:00,236.2,346.88,5.16,29055.0,14.0,0.28,2.48,1572.5,0.3,750000.0,4855970.0,13.79,8.264,0.3,12.1,3.87,3.84,3.8,3.91
2018-08-09 00:00:00+00:00,234.7,344.64,5.2,28867.5,13.9,0.28,2.47,944.6,0.3,750000.0,4855970.0,13.7,8.264,0.3,12.1,3.85,3.84,3.83,3.88
2018-08-10 00:00:00+00:00,228.7,335.87,5.33,28132.49,13.6,0.28,2.4,1119.3,0.3,750000.0,4855970.0,13.35,8.264,0.3,12.1,3.75,3.75,3.75,3.85
2018-08-13 00:00:00+00:00,225.6,331.3,5.41,27750.0,13.4,0.28,2.37,762.3,0.3,750000.0,4855970.0,13.17,8.264,0.3,12.1,3.71,3.7,3.7,3.75
2018-08-14 00:00:00+00:00,230.4,338.28,5.29,28335.0,13.7,0.28,2.42,1888.4,0.3,750000.0,4855970.0,13.45,8.264,0.3,12.1,3.78,3.76,3.65,3.79
2018-08-15 00:00:00+00:00,225.7,331.48,5.4,27765.0,13.4,0.28,2.37,497.6,0.3,750000.0,4855970.0,13.18,8.264,0.3,12.1,3.72,3.7,3.7,3.77
2018-08-16 00:00:00+00:00,224.0,328.97,5.44,27555.0,13.3,0.28,2.35,2570.3,0.3,750000.0,4855970.0,13.08,7.937,0.3,12.6,3.67,3.66,3.65,3.7
2018-08-17 00:00:00+00:00,224.0,328.97,5.44,27555.0,13.3,0.28,2.35,,0.3,750000.0,4855970.0,13.08,7.937,0.3,12.6,,,,
2018-08-20 00:00:00+00:00,224.0,328.97,5.44,27555.0,13.3,0.28,2.35,,0.3,750000.0,4855970.0,13.08,7.937,0.3,12.6,,,,
2018-08-21 00:00:00+00:00,224.0,328.97,5.44,27555.0,13.3,0.28,2.35,,0.3,750000.0,4855970.0,13.08,7.937,0.3,12.6,,,,
2018-08-22 00:00:00+00:00,224.0,328.97,5.44,27555.0,13.3,0.28,2.35,,0.3,750000.0,4855970.0,13.08,7.937,0.3,12.6,,,,
2018-08-23 00:00:00+00:00,224.0,328.97,5.44,27555.0,13.3,0.28,2.35,,0.3,750000.0,4855970.0,13.08,7.937,0.3,12.6,,,,
2018-08-24 00:00:00+00:00,222.6,326.91,5.48,27382.49,13.2,0.28,2.34,2480.5,0.3,750000.0,4855970.0,12.99,7.937,0.3,12.6,3.66,3.65,3.6,3.7
2018-08-27 00:00:00+00:00,226.8,333.09,5.38,27900.0,13.5,0.28,2.38,4045.6,0.3,750000.0,4855970.0,13.24,7.937,0.3,12.6,3.72,3.72,3.6,3.73
2018-08-28 00:00:00+00:00,231.6,340.08,5.27,28484.99,13.7,0.28,2.43,2575.1,0.3,750000.0,4855970.0,13.52,7.937,0.3,12.6,3.8,3.8,3.71,3.8
2018-08-29 00:00:00+00:00,229.8,337.48,5.31,28267.5,13.6,0.28,2.42,3677.4,0.3,750000.0,4855970.0,13.41,7.937,0.3,12.6,3.77,3.75,3.74,3.8
2018-08-30 00:00:00+00:00,229.9,337.57,5.31,28274.99,13.6,0.28,2.42,2557.1,0.3,750000.0,4855970.0,13.42,7.937,0.3,12.6,3.77,3.76,3.72,3.78
2018-08-31 00:00:00+00:00,229.3,336.76,5.32,28207.5,13.6,0.28,2.41,427.0,0.3,750000.0,4855970.0,13.39,7.937,0.3,12.6,3.77,3.76,3.72,3.77
2018-09-03 00:00:00+00:00,227.7,334.43,5.35,28012.5,13.5,0.28,2.39,1084.8,0.3,750000.0,4855970.0,13.29,7.937,0.3,12.6,3.75,3.73,3.71,3.75
2018-09-04 00:00:00+00:00,228.4,335.33,5.34,28087.49,13.5,0.28,2.4,874.4,0.3,750000.0,4855970.0,13.33,7.937,0.3,12.6,3.74,3.71,3.7,3.75
2018-09-05 00:00:00+00:00,225.6,331.3,5.41,27750.0,13.4,0.28,2.37,1923.4,0.3,750000.0,4855970.0,13.17,7.937,0.3,12.6,3.74,3.7,3.7,3.74
2018-09-06 00:00:00+00:00,226.0,331.84,5.4,27795.0,13.4,0.28,2.38,764.7,0.3,750000.0,4855970.0,13.19,7.937,0.3,12.6,3.72,3.71,3.7,3.73
2018-09-07 00:00:00+00:00,226.2,332.2,5.39,27825.0,13.4,0.28,2.38,639.7,0.3,750000.0,4855970.0,13.2,7.937,0.3,12.6,3.72,3.71,3.7,3.73
2018-09-10 00:00:00+00:00,227.7,334.43,5.35,28012.5,13.5,0.28,2.39,2938.9,0.3,750000.0,4855970.0,13.29,7.937,0.3,12.6,3.74,3.73,3.7,3.75
2018-09-11 00:00:00+00:00,231.7,340.25,5.26,28500.0,13.7,0.28,2.44,4365.8,0.3,750000.0,4855970.0,13.53,7.937,0.3,12.6,3.81,3.8,3.7,3.8
2018-09-12 00:00:00+00:00,234.8,344.73,5.19,28875.0,13.9,0.28,2.47,4807.6,0.3,750000.0,4855970.0,13.7,7.937,0.3,12.6,3.86,3.85,3.8,3.87
2018-09-13 00:00:00+00:00,235.4,345.63,5.18,28950.0,14.0,0.28,2.47,4045.4,0.3,750000.0,4855970.0,13.74,7.937,0.3,12.6,3.86,3.86,3.85,3.87
2018-09-14 00:00:00+00:00,234.9,344.91,5.19,28890.0,13.9,0.28,2.47,6260.5,0.3,750000.0,4855970.0,13.71,7.937,0.3,12.6,3.85,3.85,3.83,3.85
2018-09-17 00:00:00+00:00,231.7,340.25,5.26,28500.0,13.7,0.28,2.44,2847.9,0.3,750000.0,4855970.0,13.53,7.937,0.3,12.6,3.81,3.8,3.8,3.85
2018-09-18 00:00:00+00:00,234.0,343.66,5.21,28785.0,13.9,0.28,2.46,2746.4,0.3,750000.0,4855970.0,13.66,7.937,0.3,12.6,3.84,3.8,3.76,3.84
2018-09-19 00:00:00+00:00,232.1,340.79,5.25,28544.99,13.8,0.28,2.44,1458.9,0.3,750000.0,4855970.0,13.55,7.937,0.3,12.6,3.82,3.81,3.8,3.84
2018-09-20 00:00:00+00:00,227.4,333.99,5.36,27975.0,13.5,0.28,2.39,5408.2,0.3,750000.0,4855970.0,13.28,7.813,0.3,12.8,3.8,3.73,3.73,3.83
2018-09-21 00:00:00+00:00,227.9,334.7,5.35,28035.0,13.5,0.28,2.4,2749.4,0.3,750000.0,4855970.0,13.3,7.813,0.3,12.8,3.74,3.74,3.72,3.8
2018-09-24 00:00:00+00:00,228.6,335.69,5.33,28117.5,13.6,0.28,2.4,2071.3,0.3,750000.0,4855970.0,13.34,7.813,0.3,12.8,3.75,3.73,3.71,3.76
2018-09-25 00:00:00+00:00,227.6,334.17,5.36,27990.0,13.5,0.28,2.39,1449.2,0.3,750000.0,4855970.0,13.28,7.813,0.3,12.8,3.73,3.73,3.73,3.74
2018-09-26 00:00:00+00:00,229.2,336.58,5.32,28192.5,13.6,0.28,2.41,3003.8,0.3,750000.0,4855970.0,13.38,7.813,0.3,12.8,3.76,3.74,3.72,3.76
2018-09-27 00:00:00+00:00,228.7,335.78,5.33,28125.0,13.6,0.28,2.4,3859.4,0.3,750000.0,4855970.0,13.35,7.813,0.3,12.8,3.75,3.74,3.73,3.77
2018-09-28 00:00:00+00:00,226.9,333.18,5.37,27907.5,13.5,0.28,2.38,4989.6,0.3,750000.0,4855970.0,13.24,7.813,0.3,12.8,3.76,3.72,3.72,3.78
2018-10-01 00:00:00+00:00,225.9,331.75,5.4,27787.5,13.4,0.28,2.37,2820.6,0.3,750000.0,4855970.0,13.19,7.813,0.3,12.8,3.73,3.7,3.7,3.75
2018-10-02 00:00:00+00:00,226.0,331.84,5.4,27795.0,13.4,0.28,2.38,694.5,0.3,750000.0,4855970.0,13.19,7.813,0.3,12.8,3.72,3.71,3.7,3.73
2018-10-03 00:00:00+00:00,228.7,335.78,5.33,28125.0,13.6,0.28,2.4,1056.5,0.3,750000.0,4855970.0,13.35,7.813,0.3,12.8,3.75,3.74,3.7,3.75
2018-10-04 00:00:00+00:00,228.5,335.6,5.34,28109.99,13.6,0.28,2.4,1050.5,0.3,750000.0,4855970.0,13.34,7.813,0.3,12.8,3.75,3.72,3.71,3.76
2018-10-05 00:00:00+00:00,228.2,335.06,5.34,28065.0,13.5,0.28,2.4,507.8,0.3,750000.0,4855970.0,13.32,7.813,0.3,12.8,3.74,3.73,3.72,3.75
2018-10-08 00:00:00+00:00,226.5,332.64,5.38,27862.49,13.4,0.28,2.38,1451.6,0.3,750000.0,4855970.0,13.22,7.813,0.3,12.8,3.74,3.71,3.71,3.74
2018-10-09 00:00:00+00:00,227.3,333.72,5.37,27952.5,13.5,0.28,2.39,841.0,0.3,750000.0,4855970.0,13.27,7.813,0.3,12.8,3.73,3.73,3.71,3.75
2018-10-10 00:00:00+00:00,229.6,337.21,5.31,28245.0,13.6,0.28,2.41,2159.8,0.3,750000.0,4855970.0,13.4,7.813,0.3,12.8,3.77,3.76,3.73,3.79
2018-10-11 00:00:00+00:00,227.3,333.72,5.37,27952.5,13.5,0.28,2.39,2982.7,0.3,750000.0,4855970.0,13.27,7.813,0.3,12.8,3.75,3.73,3.72,3.77
2018-10-12 00:00:00+00:00,226.8,333.09,5.38,27900.0,13.5,0.28,2.38,1625.4,0.3,750000.0,4855970.0,13.24,7.813,0.3,12.8,3.72,3.72,3.7,3.76
2018-10-15 00:00:00+00:00,225.6,331.3,5.41,27750.0,13.2,0.28,2.37,2562.0,0.3,750000.0,4855970.0,13.17,7.813,0.3,12.8,3.73,3.7,3.7,3.73
2018-10-16 00:00:00+00:00,229.9,337.57,5.31,28274.99,13.5,0.28,2.42,1990.2,0.3,750000.0,4855970.0,13.42,7.813,0.3,12.8,3.77,3.74,3.71,3.77
2018-10-17 00:00:00+00:00,229.0,336.23,5.33,28162.5,13.4,0.28,2.41,3282.7,0.3,750000.0,4855970.0,13.36,7.813,0.3,12.8,3.75,3.73,3.73,3.78
2018-10-18 00:00:00+00:00,228.7,335.78,5.33,28125.0,13.4,0.28,2.4,1535.6,0.3,750000.0,4855970.0,13.35,7.958,0.3,12.57,3.75,3.73,3.73,3.75
2018-10-19 00:00:00+00:00,227.4,333.99,5.36,27975.0,13.3,0.28,2.39,3259.5,0.3,750000.0,4855970.0,13.28,7.958,0.3,12.57,3.75,3.73,3.72,3.75
2018-10-22 00:00:00+00:00,229.9,337.57,5.31,28274.99,13.5,0.28,2.42,3519.3,0.3,750000.0,4855970.0,13.42,7.958,0.3,12.57,3.77,3.75,3.72,3.77
2018-10-23 00:00:00+00:00,228.7,335.78,5.33,28125.0,13.4,0.28,2.4,1514.8,0.3,750000.0,4855970.0,13.35,7.958,0.3,12.57,3.76,3.75,3.73,3.77
2018-10-24 00:00:00+00:00,226.3,332.29,5.39,27832.5,13.3,0.28,2.38,2568.6,0.3,750000.0,4855970.0,13.21,7.958,0.3,12.57,3.74,3.71,3.71,3.78
2018-10-25 00:00:00+00:00,228.4,335.33,5.34,28087.49,13.4,0.28,2.4,2242.2,0.3,750000.0,4855970.0,13.33,7.958,0.3,12.57,3.74,3.73,3.71,3.74
2018-10-26 00:00:00+00:00,228.9,336.14,5.33,28154.99,13.4,0.28,2.41,649.7,0.3,750000.0,4855970.0,13.36,7.958,0.3,12.57,3.75,3.73,3.71,3.77
2018-10-29 00:00:00+00:00,231.1,339.36,5.28,28424.99,13.5,0.28,2.43,3449.1,0.3,750000.0,4855970.0,13.49,7.958,0.3,12.57,3.79,3.75,3.72,3.79
2018-10-30 00:00:00+00:00,230.7,338.82,5.29,28380.0,13.5,0.28,2.43,4803.2,0.3,750000.0,4855970.0,13.47,7.958,0.3,12.57,3.78,3.78,3.75,3.81
2018-10-31 00:00:00+00:00,231.6,340.17,5.26,28492.5,13.6,0.28,2.43,3320.3,0.3,750000.0,4855970.0,13.52,7.958,0.3,12.57,3.8,3.77,3.75,3.8
2018-11-01 00:00:00+00:00,230.1,337.84,5.3,28297.49,13.5,0.28,2.42,1945.0,0.3,750000.0,4855970.0,13.43,7.958,0.3,12.57,3.79,3.77,3.76,3.8
2018-11-02 00:00:00+00:00,231.3,339.72,5.27,28455.0,13.6,0.28,2.43,2034.9,0.3,750000.0,4855970.0,13.5,7.958,0.3,12.57,3.79,3.78,3.77,3.83
2018-11-05 00:00:00+00:00,232.8,341.87,5.24,28634.99,13.6,0.28,2.45,5662.1,0.3,750000.0,4855970.0,13.59,7.958,0.3,12.57,3.82,3.78,3.77,3.82
2018-11-06 00:00:00+00:00,234.1,343.75,5.21,28792.5,13.7,0.28,2.46,2414.8,0.3,750000.0,4855970.0,13.66,7.958,0.3,12.57,3.84,3.81,3.8,3.85
2018-11-07 00:00:00+00:00,233.8,343.39,5.22,28762.5,13.7,0.28,2.46,2920.7,0.3,750000.0,4855970.0,13.65,7.958,0.3,12.57,3.83,3.81,3.8,3.85
2018-11-08 00:00:00+00:00,236.8,347.78,5.15,29130.0,13.9,0.28,2.49,2857.5,0.3,750000.0,4855970.0,13.82,7.958,0.3,12.57,3.88,3.84,3.81,3.88
2018-11-09 00:00:00+00:00,238.7,350.55,5.11,29362.49,14.0,0.28,2.51,2323.2,0.3,750000.0,4855970.0,13.93,7.958,0.3,12.57,3.91,3.9,3.85,3.93
2018-11-12 00:00:00+00:00,239.4,351.54,5.09,29444.99,14.0,0.28,2.52,2033.6,0.3,750000.0,4855970.0,13.97,7.958,0.3,12.57,3.93,3.92,3.9,3.94
2018-11-13 00:00:00+00:00,233.5,342.94,5.22,28725.0,13.7,0.28,2.45,5667.7,0.3,750000.0,4855970.0,13.63,7.958,0.3,12.57,3.84,3.83,3.83,3.92
2018-11-14 00:00:00+00:00,231.8,340.43,5.26,28515.0,13.6,0.28,2.44,3912.1,0.3,750000.0,4855970.0,13.53,7.958,0.3,12.57,3.8,3.78,3.76,3.83
2018-11-15 00:00:00+00:00,234.1,343.75,5.21,28792.5,13.7,0.28,2.46,2602.3,0.3,750000.0,4855970.0,13.66,7.833,0.3,12.77,3.84,3.82,3.78,3.84
2018-11-16 00:00:00+00:00,236.0,346.52,5.17,29024.99,13.8,0.28,2.48,2323.3,0.3,750000.0,4855970.0,13.77,7.833,0.3,12.77,3.87,3.85,3.84,3.88
2018-11-19 00:00:00+00:00,237.5,348.76,5.13,29212.49,13.9,0.28,2.5,3404.9,0.3,750000.0,4855970.0,13.86,7.833,0.3,12.77,3.89,3.87,3.85,3.9
2018-11-20 00:00:00+00:00,237.8,349.21,5.13,29250.0,13.9,0.28,2.5,4009.9,0.3,750000.0,4855970.0,13.88,7.833,0.3,12.77,3.9,3.88,3.86,3.93
2018-11-21 00:00:00+00:00,240.1,352.61,5.08,29535.0,14.1,0.28,2.52,3971.7,0.3,750000.0,4855970.0,14.02,7.833,0.3,12.77,3.94,3.88,3.87,3.94
2018-11-22 00:00:00+00:00,242.3,355.83,5.03,29805.0,14.2,0.28,2.55,3914.9,0.3,750000.0,4855970.0,14.14,7.833,0.3,12.77,3.97,3.96,3.91,3.99
2018-11-23 00:00:00+00:00,240.9,353.69,5.06,29625.0,14.1,0.28,2.53,2344.7,0.3,750000.0,4855970.0,14.06,7.833,0.3,12.77,3.95,3.94,3.94,3.99
2018-11-26 00:00:00+00:00,243.7,357.89,5.0,29977.5,14.3,0.28,2.56,8970.3,0.3,750000.0,4855970.0,14.23,7.833,0.3,12.77,4.0,3.98,3.95,4.0
2018-11-27 00:00:00+00:00,245.7,360.85,4.96,30225.0,14.4,0.28,2.58,7331.2,0.3,750000.0,4855970.0,14.34,7.833,0.3,12.77,4.03,4.01,3.98,4.04
2018-11-28 00:00:00+00:00,244.5,358.97,4.99,30067.5,14.3,0.28,2.57,4852.9,0.3,750000.0,4855970.0,14.27,7.833,0.3,12.77,4.01,4.01,4.0,4.04
2018-11-29 00:00:00+00:00,244.5,358.97,4.99,30067.5,14.3,0.28,2.57,26662.1,0.3,750000.0,4855970.0,14.27,7.833,0.3,12.77,4.01,3.98,3.97,4.04
2018-11-30 00:00:00+00:00,241.8,355.12,5.04,29745.0,14.2,0.28,2.54,472.1,0.3,750000.0,4855970.0,14.12,7.833,0.3,12.77,3.97,3.96,3.94,3.99
2018-12-03 00:00:00+00:00,243.2,357.18,5.01,29917.5,14.3,0.28,2.56,4023.2,0.3,750000.0,4855970.0,14.2,7.833,0.3,12.77,3.99,3.99,3.91,4.01
2018-12-04 00:00:00+00:00,256.0,375.89,4.76,31484.99,15.0,0.28,2.69,9693.1,0.3,750000.0,4855970.0,14.94,7.833,0.3,12.77,4.2,4.16,3.97,4.2
2018-12-05 00:00:00+00:00,259.7,381.35,4.7,31942.49,15.2,0.28,2.73,8813.8,0.3,750000.0,4855970.0,15.16,7.833,0.3,12.77,4.26,4.21,4.15,4.26
2018-12-06 00:00:00+00:00,259.0,380.37,4.71,31860.0,15.2,0.28,2.72,3064.2,0.3,750000.0,4855970.0,15.12,7.833,0.3,12.77,4.25,4.22,4.16,4.26
2018-12-07 00:00:00+00:00,257.4,377.95,4.74,31657.5,15.1,0.28,2.71,1098.9,0.3,750000.0,4855970.0,15.02,7.833,0.3,12.77,4.25,4.22,4.2,4.26
2018-12-10 00:00:00+00:00,256.1,376.07,4.76,31500.0,15.0,0.28,2.69,2452.8,0.3,750000.0,4855970.0,14.95,7.833,0.3,12.77,4.2,4.19,4.19,4.22
2018-12-11 00:00:00+00:00,253.0,371.59,4.82,31125.0,14.8,0.28,2.66,3415.1,0.3,750000.0,4855970.0,14.77,7.833,0.3,12.77,4.17,4.15,4.11,4.18
2018-12-12 00:00:00+00:00,254.8,374.19,4.79,31342.49,14.9,0.28,2.68,3097.1,0.3,750000.0,4855970.0,14.87,7.833,0.3,12.77,4.18,4.13,4.1,4.18
2018-12-13 00:00:00+00:00,254.6,373.83,4.79,31312.5,14.9,0.28,2.68,4188.0,0.3,750000.0,4855970.0,14.86,7.833,0.3,12.77,4.17,4.12,4.12,4.17
2018-12-14 00:00:00+00:00,256.7,376.97,4.75,31575.0,15.0,0.28,2.7,3534.4,0.3,750000.0,4855970.0,14.98,7.833,0.3,12.77,4.22,4.21,4.12,4.21
2018-12-17 00:00:00+00:00,256.1,376.07,4.76,31500.0,15.0,0.28,2.69,3622.4,0.3,750000.0,4855970.0,14.95,7.833,0.3,12.77,4.2,4.19,4.16,4.23
2018-12-18 00:00:00+00:00,256.1,376.07,4.76,31500.0,15.0,0.28,2.69,,0.3,750000.0,4855970.0,14.95,7.833,0.3,12.77,,,,
2018-12-19 00:00:00+00:00,256.1,376.07,4.76,31500.0,15.0,0.28,2.69,3153.7,0.3,750000.0,4855970.0,14.95,7.833,0.3,12.77,4.2,4.18,4.14,4.21
2018-12-20 00:00:00+00:00,251.2,368.91,4.85,30900.0,14.7,0.28,2.64,8492.0,0.3,750000.0,4855970.0,14.66,7.143,0.3,14.0,4.15,4.12,4.1,4.19
2018-12-21 00:00:00+00:00,250.6,368.01,4.87,30825.0,14.7,0.28,2.63,927.7,0.3,750000.0,4855970.0,14.63,7.143,0.3,14.0,4.11,4.1,4.1,4.12
2018-12-24 00:00:00+00:00,255.4,375.09,4.77,31417.5,15.0,0.28,2.68,2032.2,0.3,750000.0,4855970.0,14.91,7.143,0.3,14.0,4.19,4.1,4.08,4.19
2018-12-25 00:00:00+00:00,248.8,365.33,4.9,30600.0,14.6,0.28,2.61,1244.4,0.3,750000.0,4855970.0,14.52,7.143,0.3,14.0,4.1,4.08,4.08,4.13
2018-12-26 00:00:00+00:00,248.4,364.7,4.91,30547.49,14.6,0.28,2.61,864.4,0.3,750000.0,4855970.0,14.5,7.143,0.3,14.0,4.08,4.07,4.05,4.09
2018-12-27 00:00:00+00:00,251.6,369.53,4.85,30952.5,14.8,0.28,2.64,1880.9,0.3,750000.0,4855970.0,14.69,7.143,0.3,14.0,4.13,4.12,4.09,4.13
2018-12-28 00:00:00+00:00,251.8,369.8,4.84,30975.0,14.8,0.28,2.65,621.3,0.3,750000.0,4855970.0,14.7,7.143,0.3,14.0,4.13,4.13,4.1,4.17
2018-12-31 00:00:00+00:00,254.1,373.21,4.8,31259.99,14.9,0.28,2.67,1897.4,0.3,750000.0,4855970.0,14.83,7.143,0.3,14.0,4.17,4.13,4.1,4.17
2019-01-01 00:00:00+00:00,254.1,373.21,4.8,31259.99,14.9,0.28,2.55,,0.3,750000.0,5204278.0,14.02,7.143,0.3,14.0,,,,
2019-01-02 00:00:00+00:00,255.5,375.18,4.77,31424.99,15.0,0.28,2.56,1670.0,0.3,750000.0,5204278.0,14.09,7.143,0.3,14.0,4.19,4.16,4.13,4.19
2019-01-03 00:00:00+00:00,255.8,375.62,4.77,31462.5,15.0,0.28,2.56,2901.9,0.3,750000.0,5204278.0,14.11,7.143,0.3,14.0,4.19,4.19,4.15,4.2
2019-01-04 00:00:00+00:00,254.5,373.74,4.79,31305.0,14.9,0.28,2.55,974.0,0.3,750000.0,5204278.0,14.04,7.143,0.3,14.0,4.19,4.17,4.17,4.2
2019-01-07 00:00:00+00:00,255.9,375.71,4.77,31470.0,15.0,0.28,2.56,2221.6,0.3,750000.0,5204278.0,14.11,7.143,0.3,14.0,4.2,4.18,4.17,4.2
2019-01-08 00:00:00+00:00,254.2,373.29,4.8,31267.5,14.9,0.28,2.55,2740.9,0.3,750000.0,5204278.0,14.02,7.143,0.3,14.0,4.17,4.15,4.15,4.19
2019-01-09 00:00:00+00:00,253.0,371.59,4.82,31125.0,14.8,0.28,2.53,3157.3,0.3,750000.0,5204278.0,13.96,7.143,0.3,14.0,4.15,4.15,4.13,4.18
2019-01-10 00:00:00+00:00,255.5,375.18,4.77,31424.99,15.0,0.28,2.56,3103.1,0.3,750000.0,5204278.0,14.09,7.143,0.3,14.0,4.19,4.18,4.15,4.19
2019-01-11 00:00:00+00:00,255.5,375.18,4.77,31424.99,15.0,0.28,2.56,5863.3,0.3,750000.0,5204278.0,14.09,7.143,0.3,14.0,4.19,4.18,4.17,4.23
2019-01-14 00:00:00+00:00,255.8,375.62,4.77,31462.5,15.0,0.28,2.56,3773.3,0.3,750000.0,5204278.0,14.11,7.143,0.3,14.0,4.19,4.19,4.17,4.19
2019-01-15 00:00:00+00:00,255.7,375.53,4.77,31455.0,15.0,0.28,2.56,3369.7,0.3,750000.0,5204278.0,14.1,7.143,0.3,14.0,4.19,4.19,4.18,4.2
2019-01-16 00:00:00+00:00,255.5,375.18,4.77,31424.99,15.0,0.28,2.56,6815.7,0.3,750000.0,5204278.0,14.09,7.143,0.3,14.0,4.19,4.18,4.16,4.19
2019-01-17 00:00:00+00:00,253.7,372.58,4.81,31207.5,14.9,0.28,2.54,4968.7,0.3,750000.0,5204278.0,13.99,7.16,0.3,13.97,4.16,4.16,4.15,4.19
2019-01-18 00:00:00+00:00,254.5,373.74,4.79,31305.0,14.9,0.28,2.55,2264.6,0.3,750000.0,5204278.0,14.04,7.16,0.3,13.97,4.17,4.17,4.15,4.2
2019-01-21 00:00:00+00:00,254.8,374.19,4.79,31342.49,14.9,0.28,2.55,6514.0,0.3,750000.0,5204278.0,14.05,7.16,0.3,13.97,4.18,4.15,4.15,4.18
2019-01-22 00:00:00+00:00,251.2,368.91,4.85,30900.0,14.5,0.28,2.52,6418.9,0.3,750000.0,5204278.0,13.86,7.16,0.3,13.97,4.12,4.1,4.1,4.19
2019-01-23 00:00:00+00:00,250.0,367.12,4.88,30750.0,14.4,0.28,2.5,2019.6,0.3,750000.0,5204278.0,13.79,7.16,0.3,13.97,4.1,4.09,4.06,4.1
2019-01-24 00:00:00+00:00,248.2,364.43,4.91,30525.0,14.3,0.28,2.49,3940.0,0.3,750000.0,5204278.0,13.69,7.16,0.3,13.97,4.07,4.07,4.06,4.1
2019-01-25 00:00:00+00:00,247.0,362.64,4.94,30375.0,14.3,0.28,2.47,1589.3,0.3,750000.0,5204278.0,13.62,7.16,0.3,13.97,4.05,4.04,4.05,4.08
2019-01-28 00:00:00+00:00,249.1,365.77,4.9,30637.5,14.4,0.28,2.49,3009.7,0.3,750000.0,5204278.0,13.74,7.16,0.3,13.97,4.08,4.04,4.0,4.08
2019-01-29 00:00:00+00:00,247.0,362.64,4.94,30375.0,14.3,0.28,2.47,7171.6,0.3,750000.0,5204278.0,13.62,7.16,0.3,13.97,4.05,4.05,4.0,4.07
2019-01-30 00:00:00+00:00,247.0,362.64,4.94,30375.0,14.3,0.28,2.47,1874.3,0.3,750000.0,5204278.0,13.62,7.16,0.3,13.97,4.05,4.02,4.01,4.06
2019-01-31 00:00:00+00:00,248.8,365.33,4.9,30600.0,14.4,0.28,2.49,6025.9,0.3,750000.0,5204278.0,13.72,7.16,0.3,13.97,4.08,4.07,4.02,4.09
2019-02-01 00:00:00+00:00,249.4,366.22,4.89,30674.99,14.4,0.28,2.5,2709.2,0.3,750000.0,5204278.0,13.75,7.16,0.3,13.97,4.09,4.07,4.06,4.1
2019-02-04 00:00:00+00:00,249.4,366.22,4.89,30674.99,14.4,0.28,2.5,2176.4,0.3,750000.0,5204278.0,13.75,7.16,0.3,13.97,4.09,4.08,4.06,4.1
2019-02-05 00:00:00+00:00,248.5,364.88,4.91,30562.5,14.3,0.28,2.49,2450.1,0.3,750000.0,5204278.0,13.7,7.16,0.3,13.97,4.08,4.07,4.05,4.08
2019-02-06 00:00:00+00:00,246.3,361.74,4.95,30299.99,14.2,0.28,2.47,3938.1,0.3,750000.0,5204278.0,13.59,7.16,0.3,13.97,4.04,4.02,4.01,4.08
2019-02-07 00:00:00+00:00,244.0,358.25,5.0,30007.49,14.1,0.28,2.44,1046.1,0.3,750000.0,5204278.0,13.46,7.16,0.3,13.97,4.04,4.0,4.0,4.05
2019-02-08 00:00:00+00:00,243.0,356.82,5.02,29887.5,14.0,0.28,2.43,935.6,0.3,750000.0,5204278.0,13.4,7.16,0.3,13.97,3.99,3.98,3.96,4.02
2019-02-11 00:00:00+00:00,241.5,354.58,5.05,29700.0,13.9,0.28,2.42,1777.0,0.3,750000.0,5204278.0,13.32,7.16,0.3,13.97,3.98,3.96,3.95,4.0
2019-02-12 00:00:00+00:00,241.5,354.58,5.05,29700.0,13.9,0.28,2.42,,0.3,750000.0,5204278.0,13.32,7.16,0.3,13.97,,,,
2019-02-13 00:00:00+00:00,234.8,344.73,5.19,28875.0,13.6,0.28,2.35,5068.4,0.3,750000.0,5204278.0,12.95,7.16,0.3,13.97,3.92,3.85,3.85,4.0
2019-02-14 00:00:00+00:00,231.0,339.27,5.28,28417.5,13.3,0.28,2.31,4660.4,0.3,750000.0,5204278.0,12.74,7.576,0.3,13.2,3.83,3.79,3.77,3.88
2019-02-15 00:00:00+00:00,234.5,344.28,5.2,28837.5,13.5,0.28,2.35,2826.9,0.3,750000.0,5204278.0,12.93,7.576,0.3,13.2,3.85,3.84,3.79,3.85
2019-02-18 00:00:00+00:00,236.6,347.42,5.15,29100.0,13.7,0.28,2.37,2706.2,0.3,750000.0,5204278.0,13.05,7.576,0.3,13.2,3.88,3.86,3.81,3.9
2019-02-19 00:00:00+00:00,234.1,343.84,5.21,28799.99,13.5,0.28,2.34,3348.6,0.3,750000.0,5204278.0,12.91,7.576,0.3,13.2,3.86,3.84,3.83,3.88
2019-02-20 00:00:00+00:00,236.6,347.42,5.15,29100.0,13.7,0.28,2.37,4017.7,0.3,750000.0,5204278.0,13.05,7.576,0.3,13.2,3.88,3.87,3.84,3.88
2019-02-21 00:00:00+00:00,237.8,349.21,5.13,29250.0,13.7,0.28,2.38,4766.0,0.3,750000.0,5204278.0,13.12,7.576,0.3,13.2,3.9,3.87,3.85,3.9
2019-02-22 00:00:00+00:00,243.8,358.07,5.0,29992.5,14.1,0.28,2.44,4632.6,0.3,750000.0,5204278.0,13.45,7.576,0.3,13.2,4.0,3.98,3.88,4.0
2019-02-25 00:00:00+00:00,240.9,353.69,5.06,29625.0,13.9,0.28,2.41,5666.1,0.3,750000.0,5204278.0,13.28,7.576,0.3,13.2,3.96,3.95,3.92,3.98
2019-02-26 00:00:00+00:00,229.3,354.58,5.32,28200.0,13.2,0.28,2.3,6085.2,0.3,750000.0,5204278.0,12.65,7.576,0.3,13.2,3.76,3.76,3.71,3.81
2019-02-27 00:00:00+00:00,226.8,350.81,5.38,27900.0,13.1,0.28,2.27,3436.1,0.3,750000.0,5204278.0,12.51,7.576,0.3,13.2,3.72,3.71,3.7,3.75
2019-02-28 00:00:00+00:00,225.0,347.98,5.42,27674.99,13.0,0.28,2.25,4664.9,0.3,750000.0,5204278.0,12.41,7.576,0.3,13.2,3.73,3.69,3.69,3.74
2019-03-01 00:00:00+00:00,225.0,347.98,5.42,27674.99,13.0,0.28,2.25,,0.3,750000.0,5204278.0,12.41,7.576,0.3,13.2,,,,
2019-03-04 00:00:00+00:00,225.5,348.83,5.41,27742.5,13.0,0.28,2.26,4046.5,0.3,750000.0,5204278.0,12.44,7.576,0.3,13.2,3.71,3.7,3.7,3.72
2019-03-05 00:00:00+00:00,223.2,345.15,5.46,27450.0,12.9,0.28,2.23,1913.6,0.3,750000.0,5204278.0,12.31,7.576,0.3,13.2,3.68,3.66,3.66,3.7
2019-03-06 00:00:00+00:00,221.9,343.17,5.5,27292.5,12.8,0.28,2.22,2031.0,0.3,750000.0,5204278.0,12.24,7.576,0.3,13.2,3.64,3.61,3.6,3.67
2019-03-07 00:00:00+00:00,220.1,340.44,5.54,27075.0,12.7,0.28,2.2,1948.4,0.3,750000.0,5204278.0,12.14,7.576,0.3,13.2,3.61,3.59,3.59,3.63
2019-03-08 00:00:00+00:00,222.0,343.26,5.49,27299.99,12.8,0.28,2.22,3386.4,0.3,750000.0,5204278.0,12.24,7.576,0.3,13.2,3.64,3.61,3.56,3.64
2019-03-11 00:00:00+00:00,222.3,343.74,5.49,27337.5,12.8,0.28,2.23,1314.6,0.3,750000.0,5204278.0,12.26,7.576,0.3,13.2,3.64,3.64,3.61,3.69
2019-03-12 00:00:00+00:00,219.6,339.59,5.55,27007.49,12.7,0.28,2.2,1947.7,0.3,750000.0,5204278.0,12.11,7.576,0.3,13.2,3.63,3.6,3.6,3.65
2019-03-13 00:00:00+00:00,219.6,339.68,5.55,27015.0,12.7,0.28,2.2,1629.6,0.3,750000.0,5204278.0,12.11,7.576,0.3,13.2,3.6,3.6,3.58,3.61
2019-03-14 00:00:00+00:00,227.4,351.75,5.36,27975.0,13.1,0.28,2.28,6222.9,0.3,750000.0,5204278.0,12.54,8.333,0.3,12.0,3.73,3.67,3.58,3.73
2019-03-15 00:00:00+00:00,222.4,343.92,5.48,27352.5,12.8,0.28,2.23,1797.6,0.3,750000.0,5204278.0,12.27,8.333,0.3,12.0,3.65,3.65,3.64,3.7
2019-03-18 00:00:00+00:00,223.4,345.53,5.46,27480.0,12.9,0.28,2.24,2742.0,0.3,750000.0,5204278.0,12.32,8.333,0.3,12.0,3.66,3.65,3.64,3.68
2019-03-19 00:00:00+00:00,224.0,346.38,5.45,27547.49,12.9,0.28,2.24,2386.6,0.3,750000.0,5204278.0,12.35,8.333,0.3,12.0,3.7,3.67,3.65,3.72
2019-03-20 00:00:00+00:00,225.5,348.73,5.41,27735.0,13.0,0.28,2.26,3249.4,0.3,750000.0,5204278.0,12.44,8.333,0.3,12.0,3.7,3.68,3.67,3.71
2019-03-21 00:00:00+00:00,226.6,350.43,5.38,27870.0,13.1,0.28,2.27,1403.8,0.3,750000.0,5204278.0,12.5,8.333,0.3,12.0,3.72,3.71,3.68,3.72
2019-03-22 00:00:00+00:00,225.0,347.98,5.42,27674.99,13.0,0.28,2.25,933.5,0.3,750000.0,5204278.0,12.41,8.333,0.3,12.0,3.7,3.69,3.68,3.73
2019-03-25 00:00:00+00:00,224.9,347.79,5.42,27660.0,13.0,0.28,2.25,2402.9,0.3,750000.0,5204278.0,12.4,8.333,0.3,12.0,3.69,3.67,3.66,3.7
2019-03-26 00:00:00+00:00,223.5,345.72,5.46,27495.0,12.9,0.28,2.24,1604.7,0.3,750000.0,5204278.0,12.33,8.333,0.3,12.0,3.68,3.67,3.66,3.68
2019-03-27 00:00:00+00:00,224.4,347.04,5.43,27600.0,13.0,0.28,2.25,2410.1,0.3,750000.0,5204278.0,12.38,8.333,0.3,12.0,3.69,3.68,3.66,3.7
2019-03-28 00:00:00+00:00,224.1,346.57,5.44,27562.5,12.9,0.28,2.24,3043.8,0.3,750000.0,5204278.0,12.36,8.333,0.3,12.0,3.67,3.67,3.66,3.7
2019-03-29 00:00:00+00:00,220.1,340.44,5.54,27075.0,12.7,0.28,2.2,4622.8,0.3,750000.0,5204278.0,12.14,8.333,0.3,12.0,3.64,3.61,3.61,3.7
2019-04-01 00:00:00+00:00,219.9,340.15,5.54,27052.5,12.7,0.28,2.2,5546.4,0.3,750000.0,5204278.0,12.13,8.333,0.3,12.0,3.62,3.61,3.59,3.63
2019-04-02 00:00:00+00:00,221.3,342.32,5.51,27225.0,12.8,0.28,2.22,3701.8,0.3,750000.0,5204278.0,12.21,8.333,0.3,12.0,3.63,3.62,3.59,3.65
2019-04-03 00:00:00+00:00,219.3,339.21,5.56,26977.5,12.7,0.28,2.2,2587.9,0.3,750000.0,5204278.0,12.1,8.333,0.3,12.0,3.6,3.6,3.6,3.61
2019-04-04 00:00:00+00:00,218.9,338.55,5.57,26924.99,12.6,0.28,2.19,2663.2,0.3,750000.0,5204278.0,12.07,8.333,0.3,12.0,3.59,3.59,3.59,3.6
2019-04-05 00:00:00+00:00,218.8,338.46,5.57,26917.5,12.6,0.28,2.19,1593.7,0.3,750000.0,5204278.0,12.07,8.333,0.3,12.0,3.59,3.59,3.59,3.6
2019-04-08 00:00:00+00:00,220.1,340.44,5.54,27075.0,12.7,0.28,2.2,5052.2,0.3,750000.0,5204278.0,12.14,8.333,0.3,12.0,3.61,3.6,3.58,3.61
2019-04-09 00:00:00+00:00,219.5,339.49,5.56,27000.0,12.7,0.28,2.2,1652.1,0.3,750000.0,5204278.0,12.11,8.333,0.3,12.0,3.6,3.58,3.58,3.62
2019-04-10 00:00:00+00:00,220.7,341.28,5.53,27142.5,12.7,0.28,2.21,2384.5,0.3,750000.0,5204278.0,12.17,8.333,0.3,12.0,3.62,3.6,3.59,3.62
2019-04-11 00:00:00+00:00,221.8,342.98,5.5,27277.5,12.8,0.28,2.22,1839.5,0.3,750000.0,5204278.0,12.23,8.333,0.3,12.0,3.64,3.62,3.61,3.64
2019-04-12 00:00:00+00:00,220.7,341.38,5.52,27149.99,12.7,0.28,2.21,1910.2,0.3,750000.0,5204278.0,12.17,8.333,0.3,12.0,3.63,3.62,3.6,3.63
2019-04-15 00:00:00+00:00,219.5,339.49,5.56,27000.0,12.7,0.28,2.2,2483.4,0.3,750000.0,5204278.0,12.11,8.333,0.3,12.0,3.6,3.6,3.6,3.64
2019-04-16 00:00:00+00:00,221.0,341.85,5.52,27187.5,12.8,0.28,2.21,1080.0,0.3,750000.0,5204278.0,12.19,8.333,0.3,12.0,3.63,3.61,3.6,3.63
2019-04-17 00:00:00+00:00,222.0,343.26,5.49,27299.99,12.8,0.28,2.22,3497.0,0.3,750000.0,5204278.0,12.24,8.333,0.3,12.0,3.64,3.63,3.62,3.64
2019-04-18 00:00:00+00:00,222.4,344.02,5.48,27359.99,12.8,0.29,2.23,1419.0,0.3,750000.0,5204278.0,12.27,8.264,0.3,12.1,3.65,3.63,3.62,3.65
2019-04-19 00:00:00+00:00,221.6,342.79,5.5,27262.5,12.7,0.29,2.22,3231.3,0.3,750000.0,5204278.0,12.22,8.264,0.3,12.1,3.63,3.63,3.63,3.65
2019-04-22 00:00:00+00:00,223.2,345.15,5.46,27450.0,12.8,0.29,2.23,3914.0,0.3,750000.0,5204278.0,12.31,8.264,0.3,12.1,3.66,3.65,3.62,3.67
2019-04-23 00:00:00+00:00,222.2,343.64,5.49,27330.0,12.8,0.29,2.23,2127.9,0.3,750000.0,5204278.0,12.25,8.264,0.3,12.1,3.64,3.64,3.63,3.66
2019-04-24 00:00:00+00:00,221.3,342.32,5.51,27225.0,12.7,0.29,2.22,5502.6,0.3,750000.0,5204278.0,12.21,8.264,0.3,12.1,3.64,3.63,3.62,3.64
2019-04-25 00:00:00+00:00,222.0,343.26,5.49,27299.99,12.7,0.29,2.22,2128.6,0.3,750000.0,5204278.0,12.24,8.264,0.3,12.1,3.64,3.62,3.61,3.64
2019-04-26 00:00:00+00:00,220.4,340.91,5.53,27112.49,12.6,0.29,2.21,2493.7,0.3,750000.0,5204278.0,12.16,8.264,0.3,12.1,3.61,3.61,3.6,3.63
2019-04-29 00:00:00+00:00,221.3,342.23,5.51,27217.49,12.7,0.29,2.22,3627.0,0.3,750000.0,5204278.0,12.2,8.264,0.3,12.1,3.63,3.61,3.61,3.65
2019-04-30 00:00:00+00:00,221.3,342.32,5.51,27225.0,12.7,0.29,2.22,5157.4,0.3,750000.0,5204278.0,12.21,8.264,0.3,12.1,3.63,3.62,3.61,3.64
2019-05-01 00:00:00+00:00,221.3,342.32,5.51,27225.0,12.7,0.29,2.22,1030.8,0.3,750000.0,5204278.0,12.21,8.264,0.3,12.1,3.63,3.63,3.61,3.63
2019-05-02 00:00:00+00:00,221.8,343.08,5.5,27285.0,12.7,0.29,2.22,3962.6,0.3,750000.0,5204278.0,12.23,8.264,0.3,12.1,3.64,3.63,3.63,3.65
2019-05-03 00:00:00+00:00,219.6,339.68,5.55,27015.0,12.6,0.29,2.2,2574.1,0.3,750000.0,5204278.0,12.11,8.264,0.3,12.1,3.61,3.6,3.6,3.64
2019-05-06 00:00:00+00:00,219.3,339.12,5.56,26970.0,12.6,0.29,2.2,3248.8,0.3,750000.0,5204278.0,12.09,8.264,0.3,12.1,3.61,3.6,3.59,3.62
2019-05-07 00:00:00+00:00,218.9,338.55,5.57,26924.99,12.6,0.29,2.19,1389.7,0.3,750000.0,5204278.0,12.07,8.264,0.3,12.1,3.6,3.59,3.59,3.61
2019-05-08 00:00:00+00:00,217.2,335.91,5.61,26714.99,12.5,0.29,2.17,3542.1,0.3,750000.0,5204278.0,11.98,8.264,0.3,12.1,3.58,3.56,3.56,3.6
2019-05-09 00:00:00+00:00,216.5,334.78,5.63,26625.0,12.4,0.29,2.17,3897.1,0.3,750000.0,5204278.0,11.94,8.264,0.3,12.1,3.57,3.55,3.55,3.6
2019-05-10 00:00:00+00:00,213.6,330.34,5.71,26272.5,12.3,0.29,2.14,2610.1,0.3,750000.0,5204278.0,11.78,8.264,0.3,12.1,3.55,3.5,3.46,3.55
2019-05-13 00:00:00+00:00,207.0,320.16,5.89,25462.5,11.9,0.29,2.07,4986.9,0.3,750000.0,5204278.0,11.42,8.264,0.3,12.1,3.4,3.39,3.39,3.51
2019-05-14 00:00:00+00:00,207.7,321.2,5.87,25544.99,11.9,0.29,2.08,6850.2,0.3,750000.0,5204278.0,11.45,8.264,0.3,12.1,3.41,3.41,3.37,3.46
2019-05-15 00:00:00+00:00,209.5,324.03,5.82,25770.0,12.0,0.29,2.1,5118.7,0.3,750000.0,5204278.0,11.56,8.264,0.3,12.1,3.45,3.44,3.41,3.49
2019-05-16 00:00:00+00:00,211.0,326.29,5.78,25950.0,12.1,0.29,2.11,5251.3,0.3,750000.0,5204278.0,11.64,8.798,0.3,11.37,3.48,3.46,3.43,3.49
2019-05-17 00:00:00+00:00,211.0,326.29,5.78,25950.0,12.1,0.29,2.11,1478.6,0.3,750000.0,5204278.0,11.64,8.798,0.3,11.37,3.46,3.45,3.45,3.48
2019-05-20 00:00:00+00:00,210.4,325.35,5.8,25875.0,12.1,0.29,2.11,2845.7,0.3,750000.0,5204278.0,11.6,8.798,0.3,11.37,3.46,3.45,3.45,3.48
2019-05-21 00:00:00+00:00,207.3,320.63,5.88,25500.0,11.9,0.29,2.08,4332.4,0.3,750000.0,5204278.0,11.43,8.798,0.3,11.37,3.42,3.4,3.4,3.46
2019-05-22 00:00:00+00:00,208.8,322.99,5.84,25687.5,12.0,0.29,2.09,1990.9,0.3,750000.0,5204278.0,11.52,8.798,0.3,11.37,3.43,3.42,3.4,3.45
2019-05-23 00:00:00+00:00,208.5,322.52,5.85,25650.0,12.0,0.29,2.09,3654.0,0.3,750000.0,5204278.0,11.5,8.798,0.3,11.37,3.42,3.42,3.4,3.42
2019-05-24 00:00:00+00:00,207.9,321.57,5.87,25575.0,11.9,0.29,2.08,753.4,0.3,750000.0,5204278.0,11.47,8.798,0.3,11.37,3.41,3.41,3.4,3.42
2019-05-27 00:00:00+00:00,207.9,321.57,5.87,25575.0,11.9,0.29,2.08,41148.9,0.3,750000.0,5204278.0,11.47,8.798,0.3,11.37,3.41,3.41,3.4,3.42
2019-05-28 00:00:00+00:00,207.9,321.57,5.87,25575.0,11.9,0.29,2.08,17778.1,0.3,750000.0,5204278.0,11.47,8.798,0.3,11.37,3.43,3.41,3.41,3.45
2019-05-29 00:00:00+00:00,211.6,327.23,5.76,26024.99,12.1,0.29,2.12,5708.1,0.3,750000.0,5204278.0,11.67,8.798,0.3,11.37,3.47,3.47,3.43,3.47
2019-05-30 00:00:00+00:00,220.7,341.38,5.52,27149.99,12.7,0.29,2.21,8935.0,0.3,750000.0,5204278.0,12.17,8.798,0.3,11.37,3.62,3.62,3.45,3.63
2019-05-31 00:00:00+00:00,219.4,339.3,5.56,26984.99,12.6,0.29,2.2,1235.3,0.3,750000.0,5204278.0,12.1,8.798,0.3,11.37,3.6,3.6,3.51,3.6
2019-06-03 00:00:00+00:00,225.6,348.92,5.41,27750.0,12.9,0.29,2.26,5963.8,0.3,750000.0,5204278.0,12.44,8.798,0.3,11.37,3.7,3.67,3.54,3.7
2019-06-04 00:00:00+00:00,225.6,348.92,5.41,27750.0,12.9,0.29,2.26,,0.3,750000.0,5204278.0,12.44,8.798,0.3,11.37,,,,
2019-06-05 00:00:00+00:00,225.6,348.92,5.41,27750.0,12.9,0.29,2.26,,0.3,750000.0,5204278.0,12.44,8.798,0.3,11.37,,,,
2019-06-06 00:00:00+00:00,225.6,348.92,5.41,27750.0,12.9,0.29,2.26,,0.3,750000.0,5204278.0,12.44,8.798,0.3,11.37,,,,
2019-06-07 00:00:00+00:00,226.2,349.87,5.39,27825.0,13.0,0.29,2.27,3839.5,0.3,750000.0,5204278.0,12.48,8.798,0.3,11.37,3.72,3.71,3.65,3.77
2019-06-10 00:00:00+00:00,229.9,355.52,5.31,28274.99,13.2,0.29,2.3,6582.0,0.3,750000.0,5204278.0,12.68,8.798,0.3,11.37,3.77,3.76,3.7,3.79
2019-06-11 00:00:00+00:00,229.8,355.34,5.31,28259.99,13.2,0.29,2.3,6656.1,0.3,750000.0,5204278.0,12.67,8.798,0.3,11.37,3.79,3.77,3.75,3.8
2019-06-12 00:00:00+00:00,228.0,352.69,5.35,28049.99,13.1,0.29,2.28,6086.0,0.3,750000.0,5204278.0,12.58,8.798,0.3,11.37,3.75,3.74,3.72,3.78
2019-06-13 00:00:00+00:00,222.6,344.21,5.48,27375.0,12.8,0.29,2.23,5639.8,0.3,750000.0,5204278.0,12.28,8.798,0.3,11.37,3.67,3.65,3.65,3.75
2019-06-14 00:00:00+00:00,220.7,341.38,5.52,27149.99,12.7,0.29,2.21,1464.4,0.3,750000.0,5204278.0,12.17,8.798,0.3,11.37,3.63,3.62,3.61,3.67
2019-06-17 00:00:00+00:00,221.3,342.32,5.51,27224.99,12.7,0.29,2.22,5167.2,0.3,7499998.0,5204278.0,12.21,8.798,0.3,11.37,3.63,3.61,3.61,3.74
2019-06-18 00:00:00+00:00,219.5,339.49,5.56,27000.0,12.6,0.29,2.2,1701.9,0.3,7499998.0,5204278.0,12.11,8.798,0.3,11.37,3.63,3.6,3.6,3.65
2019-06-19 00:00:00+00:00,225.0,347.98,5.42,27674.99,12.9,0.29,2.25,4734.0,0.3,7499998.0,5204278.0,12.41,8.798,0.3,11.37,3.7,3.69,3.6,3.72
2019-06-20 00:00:00+00:00,229.9,355.52,5.31,28275.0,13.2,0.29,2.3,10598.7,0.3,7499998.0,5204278.0,12.68,8.333,0.3,12.0,3.77,3.76,3.68,3.77
2019-06-21 00:00:00+00:00,229.3,354.58,5.32,28199.99,13.2,0.29,2.3,1480.8,0.3,7499998.0,5204278.0,12.65,8.333,0.3,12.0,3.76,3.74,3.73,3.77
2019-06-24 00:00:00+00:00,230.5,356.47,5.29,28349.99,13.2,0.29,2.31,3533.0,0.3,7499998.0,5204278.0,12.71,8.333,0.3,12.0,3.78,3.75,3.73,3.79
2019-06-25 00:00:00+00:00,231.1,357.41,5.28,28424.99,13.3,0.29,2.31,4438.9,0.3,7499998.0,5204278.0,12.75,8.333,0.3,12.0,3.79,3.76,3.74,3.8
2019-06-26 00:00:00+00:00,231.7,358.35,5.26,28500.0,13.3,0.29,2.32,3487.9,0.3,7499998.0,5204278.0,12.78,8.333,0.3,12.0,3.8,3.78,3.76,3.8
2019-06-27 00:00:00+00:00,232.3,359.3,5.25,28575.0,13.3,0.29,2.33,2587.0,0.3,7499998.0,5204278.0,12.81,8.333,0.3,12.0,3.81,3.8,3.78,3.82
2019-06-28 00:00:00+00:00,232.9,360.24,5.24,28649.99,13.4,0.29,2.33,2733.2,0.3,7499998.0,5204278.0,12.85,8.333,0.3,12.0,3.82,3.81,3.76,3.82
2019-07-01 00:00:00+00:00,234.8,363.07,5.19,28875.0,13.5,0.29,2.35,3582.4,0.3,7499998.0,5204278.0,12.95,8.333,0.3,12.0,3.85,3.84,3.81,3.88
2019-07-02 00:00:00+00:00,235.4,364.01,5.18,28949.99,13.5,0.29,2.36,2852.0,0.3,7499998.0,5204278.0,12.98,8.333,0.3,12.0,3.86,3.85,3.84,3.87
2019-07-03 00:00:00+00:00,234.1,362.13,5.21,28799.99,13.4,0.29,2.34,1103.7,0.3,7499998.0,5204278.0,12.91,8.333,0.3,12.0,3.84,3.82,3.81,3.87
2019-07-04 00:00:00+00:00,232.9,360.24,5.24,28649.99,13.4,0.29,2.33,1376.5,0.3,7499998.0,5204278.0,12.85,8.333,0.3,12.0,3.84,3.82,3.81,3.85
2019-07-05 00:00:00+00:00,231.1,357.41,5.28,28424.99,13.3,0.29,2.31,966.6,0.3,7499998.0,5204278.0,12.75,8.333,0.3,12.0,3.8,3.79,3.77,3.83
2019-07-08 00:00:00+00:00,229.9,355.52,5.31,28275.0,13.2,0.29,2.3,1523.6,0.3,7499998.0,5204278.0,12.68,8.333,0.3,12.0,3.77,3.76,3.75,3.79
2019-07-09 00:00:00+00:00,231.7,358.35,5.26,28500.0,13.3,0.29,2.32,901.3,0.3,7499998.0,5204278.0,12.78,8.333,0.3,12.0,3.8,3.76,3.75,3.8
2019-07-10 00:00:00+00:00,232.9,360.24,5.24,28649.99,13.4,0.29,2.33,1989.3,0.3,7499998.0,5204278.0,12.85,8.333,0.3,12.0,3.82,3.8,3.77,3.82
2019-07-11 00:00:00+00:00,232.9,360.24,5.24,28649.99,13.4,0.29,2.33,2467.3,0.3,7499998.0,5204278.0,12.85,8.333,0.3,12.0,3.82,3.81,3.78,3.82
2019-07-12 00:00:00+00:00,232.9,360.24,5.24,28649.99,13.4,0.29,2.33,552.7,0.3,7499998.0,5204278.0,12.85,8.333,0.3,12.0,3.82,3.81,3.8,3.82
2019-07-15 00:00:00+00:00,232.3,359.3,5.25,28575.0,13.3,0.29,2.33,2727.2,0.3,7499998.0,5204278.0,12.81,8.333,0.3,12.0,3.84,3.81,3.8,3.86
2019-07-16 00:00:00+00:00,233.5,361.18,5.22,28724.99,13.4,0.29,2.34,1351.0,0.3,7499998.0,5204278.0,12.88,8.333,0.3,12.0,3.83,3.82,3.81,3.85
2019-07-17 00:00:00+00:00,234.8,363.07,5.19,28875.0,13.5,0.29,2.35,2184.5,0.3,7499998.0,5204278.0,12.95,8.333,0.3,12.0,3.85,3.83,3.82,3.85
2019-07-18 00:00:00+00:00,232.9,360.24,5.24,28649.99,13.4,0.29,2.33,959.6,0.3,7499998.0,5204278.0,12.85,7.833,0.3,12.77,3.83,3.82,3.81,3.85
2019-07-19 00:00:00+00:00,232.9,360.24,5.24,28649.99,13.4,0.29,2.33,1614.7,0.3,7499998.0,5204278.0,12.85,7.833,0.3,12.77,3.82,3.81,3.78,3.83
2019-07-22 00:00:00+00:00,234.8,363.07,5.19,28875.0,13.5,0.29,2.35,1824.3,0.3,7499998.0,5204278.0,12.95,7.833,0.3,12.77,3.85,3.83,3.8,3.85
2019-07-23 00:00:00+00:00,236.6,365.9,5.15,29099.99,13.6,0.29,2.37,2150.4,0.3,7499998.0,5204278.0,13.05,7.833,0.3,12.77,3.89,3.88,3.81,3.88
2019-07-24 00:00:00+00:00,237.8,367.78,5.13,29249.99,13.6,0.29,2.38,4035.8,0.3,7499998.0,5204278.0,13.12,7.833,0.3,12.77,3.9,3.89,3.85,3.92
2019-07-25 00:00:00+00:00,239.6,370.61,5.09,29474.99,13.8,0.29,2.4,3625.1,0.3,7499998.0,5204278.0,13.22,7.833,0.3,12.77,3.93,3.92,3.9,3.93
2019-07-26 00:00:00+00:00,237.8,367.78,5.13,29249.99,13.6,0.29,2.38,737.5,0.3,7499998.0,5204278.0,13.12,7.833,0.3,12.77,3.9,3.89,3.86,3.92
2019-07-29 00:00:00+00:00,237.8,367.78,5.13,29249.99,13.7,0.29,2.38,1997.2,0.3,7499998.0,5204278.0,13.12,7.833,0.3,12.77,3.9,3.87,3.85,3.9
2019-07-30 00:00:00+00:00,236.6,365.9,5.15,29099.99,13.6,0.29,2.37,1252.6,0.3,7499998.0,5204278.0,13.05,7.833,0.3,12.77,3.88,3.87,3.85,3.89
2019-07-31 00:00:00+00:00,233.5,361.18,5.22,28724.99,13.4,0.29,2.34,2563.5,0.3,7499998.0,5204278.0,12.88,7.833,0.3,12.77,3.87,3.83,3.83,3.88
2019-08-01 00:00:00+00:00,231.7,358.35,5.26,28500.0,13.3,0.29,2.32,3488.7,0.3,7499998.0,5204278.0,12.78,7.833,0.3,12.77,3.82,3.8,3.78,3.84
2019-08-02 00:00:00+00:00,229.9,355.52,5.31,28275.0,13.2,0.29,2.3,884.3,0.3,7499998.0,5204278.0,12.68,7.833,0.3,12.77,3.79,3.77,3.71,3.8
2019-08-05 00:00:00+00:00,216.5,334.78,5.63,26624.99,12.4,0.29,2.17,5276.9,0.3,7499998.0,5204278.0,11.94,7.833,0.3,12.77,3.58,3.55,3.55,3.77
2019-08-06 00:00:00+00:00,213.4,330.06,5.71,26249.99,12.3,0.29,2.14,9971.7,0.3,7499998.0,5204278.0,11.77,7.833,0.3,12.77,3.57,3.5,3.5,3.67
2019-08-07 00:00:00+00:00,215.9,333.83,5.65,26549.99,12.4,0.29,2.16,2853.9,0.3,7499998.0,5204278.0,11.91,7.833,0.3,12.77,3.58,3.54,3.52,3.59
2019-08-08 00:00:00+00:00,219.5,339.49,5.56,27000.0,12.6,0.29,2.2,3718.0,0.3,7499998.0,5204278.0,12.11,7.833,0.3,12.77,3.63,3.6,3.56,3.65
2019-08-09 00:00:00+00:00,219.5,339.49,5.56,27000.0,12.6,0.29,2.2,,0.3,7499998.0,5204278.0,12.11,7.833,0.3,12.77,,,,
2019-08-12 00:00:00+00:00,219.5,339.49,5.56,27000.0,12.6,0.29,2.2,,0.3,7499998.0,5204278.0,12.11,7.833,0.3,12.77,,,,
2019-08-13 00:00:00+00:00,219.5,339.49,5.56,27000.0,12.6,0.29,2.2,,0.3,7499998.0,5204278.0,12.11,7.833,0.3,12.77,,,,
2019-08-14 00:00:00+00:00,213.4,330.06,5.71,26249.99,12.3,0.29,2.14,3787.2,0.3,7499998.0,5204278.0,11.77,7.833,0.3,12.77,3.5,3.49,3.46,3.64
2019-08-15 00:00:00+00:00,212.2,328.18,5.75,26099.99,12.2,0.29,2.12,2851.3,0.3,7499998.0,5204278.0,11.7,8.333,0.3,12.0,3.49,3.48,3.41,3.51
2019-08-16 00:00:00+00:00,217.7,336.66,5.6,26774.99,12.5,0.29,2.18,1548.7,0.3,7499998.0,5204278.0,12.01,8.333,0.3,12.0,3.57,3.55,3.49,3.58
2019-08-19 00:00:00+00:00,218.3,337.61,5.59,26849.99,12.5,0.29,2.19,3156.2,0.3,7499998.0,5204278.0,12.04,8.333,0.3,12.0,3.59,3.58,3.51,3.58
2019-08-20 00:00:00+00:00,217.1,335.72,5.62,26700.0,12.5,0.29,2.17,2374.7,0.3,7499998.0,5204278.0,11.97,8.333,0.3,12.0,3.58,3.56,3.52,3.6
2019-08-21 00:00:00+00:00,216.5,334.78,5.63,26624.99,12.4,0.29,2.17,2704.9,0.3,7499998.0,5204278.0,11.94,8.333,0.3,12.0,3.58,3.55,3.53,3.59
2019-08-22 00:00:00+00:00,213.4,330.06,5.71,26249.99,12.3,0.29,2.14,6549.1,0.3,7499998.0,5204278.0,11.77,8.333,0.3,12.0,3.53,3.5,3.44,3.56
2019-08-23 00:00:00+00:00,213.4,330.06,5.71,26249.99,12.3,0.29,2.14,2624.7,0.3,7499998.0,5204278.0,11.77,8.333,0.3,12.0,3.5,3.49,3.44,3.5
2019-08-26 00:00:00+00:00,212.8,329.12,5.73,26174.99,12.2,0.29,2.13,9458.3,0.3,7499998.0,5204278.0,11.74,8.333,0.3,12.0,3.49,3.48,3.46,3.5
2019-08-27 00:00:00+00:00,217.1,335.72,5.62,26700.0,12.5,0.29,2.17,10463.3,0.3,7499998.0,5204278.0,11.97,8.333,0.3,12.0,3.56,3.55,3.47,3.56
2019-08-28 00:00:00+00:00,216.5,334.78,5.63,26624.99,12.4,0.29,2.17,3286.6,0.3,7499998.0,5204278.0,11.94,8.333,0.3,12.0,3.57,3.55,3.51,3.57
2019-08-29 00:00:00+00:00,221.3,342.32,5.51,27224.99,12.7,0.29,2.22,10457.8,0.3,7499998.0,5204278.0,12.21,8.333,0.3,12.0,3.63,3.61,3.54,3.64
2019-08-30 00:00:00+00:00,220.7,341.38,5.52,27149.99,12.7,0.29,2.21,2906.0,0.3,7499998.0,5204278.0,12.17,8.333,0.3,12.0,3.64,3.62,3.61,3.65
2019-09-02 00:00:00+00:00,222.6,344.21,5.48,27374.99,12.8,0.29,2.23,2592.1,0.3,7499998.0,5204278.0,12.28,8.333,0.3,12.0,3.65,3.64,3.6,3.66
2019-09-03 00:00:00+00:00,221.3,342.32,5.51,27224.99,12.7,0.29,2.22,6183.8,0.3,7499998.0,5204278.0,12.21,8.333,0.3,12.0,3.65,3.62,3.63,3.68
2019-09-04 00:00:00+00:00,217.7,336.66,5.6,26774.99,12.5,0.29,2.18,5794.8,0.3,7499998.0,5204278.0,12.01,8.333,0.3,12.0,3.57,3.56,3.56,3.64
2019-09-05 00:00:00+00:00,215.2,332.89,5.67,26474.99,12.4,0.29,2.16,9486.0,0.3,7499998.0,5204278.0,11.87,8.333,0.3,12.0,3.55,3.53,3.53,3.58
2019-09-06 00:00:00+00:00,218.3,337.61,5.59,26849.99,12.5,0.29,2.19,3231.5,0.3,7499998.0,5204278.0,12.04,8.333,0.3,12.0,3.58,3.56,3.53,3.59
2019-09-09 00:00:00+00:00,218.3,337.61,5.59,26849.99,12.5,0.29,2.19,4349.4,0.3,7499998.0,5204278.0,12.04,8.333,0.3,12.0,3.58,3.57,3.56,3.6
2019-09-10 00:00:00+00:00,219.5,339.49,5.56,27000.0,12.6,0.29,2.2,2671.9,0.3,7499998.0,5204278.0,12.11,8.333,0.3,12.0,3.6,3.57,3.57,3.6
2019-09-11 00:00:00+00:00,222.6,344.21,5.48,27374.99,12.8,0.29,2.23,3318.7,0.3,7499998.0,5204278.0,12.28,8.333,0.3,12.0,3.65,3.62,3.58,3.65
2019-09-12 00:00:00+00:00,220.1,340.44,5.54,27074.99,12.6,0.29,2.2,3893.7,0.3,7499998.0,5204278.0,12.14,8.333,0.3,12.0,3.62,3.61,3.6,3.64
2019-09-13 00:00:00+00:00,219.5,339.49,5.56,27000.0,12.6,0.29,2.2,2124.2,0.3,7499998.0,5204278.0,12.11,8.333,0.3,12.0,3.6,3.59,3.59,3.62
2019-09-16 00:00:00+00:00,220.7,341.38,5.52,27149.99,12.7,0.29,2.21,7182.2,0.3,7499998.0,5204278.0,12.17,8.333,0.3,12.0,3.62,3.59,3.58,3.62
2019-09-17 00:00:00+00:00,219.5,339.49,5.56,27000.0,12.6,0.29,2.2,3664.2,0.3,7499998.0,5204278.0,12.11,8.333,0.3,12.0,3.6,3.59,3.58,3.61
2019-09-18 00:00:00+00:00,221.3,342.32,5.51,27224.99,12.7,0.29,2.22,4348.2,0.3,7499998.0,5204278.0,12.21,8.333,0.3,12.0,3.63,3.62,3.58,3.67
2019-09-19 00:00:00+00:00,216.5,334.78,5.63,26624.99,12.4,0.29,2.17,15011.1,0.3,7499998.0,5204278.0,11.94,8.333,0.3,12.0,3.57,3.55,3.52,3.63
2019-09-20 00:00:00+00:00,216.5,334.78,5.63,26624.99,12.4,0.29,2.17,1327.2,0.3,7499998.0,5204278.0,11.94,8.333,0.3,12.0,3.56,3.55,3.55,3.58
2019-09-23 00:00:00+00:00,215.9,333.83,5.65,26549.99,12.4,0.29,2.16,5834.7,0.3,7499998.0,5204278.0,11.91,8.333,0.3,12.0,3.54,3.53,3.53,3.57
2019-09-24 00:00:00+00:00,216.5,334.78,5.63,26624.99,12.4,0.29,2.17,4154.8,0.3,7499998.0,5204278.0,11.94,8.333,0.3,12.0,3.55,3.54,3.52,3.58
2019-09-25 00:00:00+00:00,217.7,336.66,5.6,26774.99,12.5,0.29,2.18,1284.4,0.3,7499998.0,5204278.0,12.01,8.333,0.3,12.0,3.57,3.53,3.53,3.57
2019-09-26 00:00:00+00:00,216.5,334.78,5.63,26624.99,12.4,0.29,2.17,2058.3,0.3,7499998.0,5204278.0,11.94,8.333,0.3,12.0,3.56,3.55,3.53,3.57
2019-09-27 00:00:00+00:00,215.9,333.83,5.65,26549.99,12.4,0.29,2.16,1227.2,0.3,7499998.0,5204278.0,11.91,8.333,0.3,12.0,3.55,3.54,3.54,3.58
2019-09-30 00:00:00+00:00,215.9,333.83,5.65,26549.99,12.4,0.29,2.16,2448.6,0.3,7499998.0,5204278.0,11.91,8.333,0.3,12.0,3.55,3.54,3.54,3.56
2019-10-01 00:00:00+00:00,217.1,335.72,5.62,26700.0,12.5,0.29,2.17,1643.9,0.3,7499998.0,5204278.0,11.97,8.333,0.3,12.0,3.56,3.55,3.53,3.57
2019-10-02 00:00:00+00:00,216.5,334.78,5.63,26624.99,12.4,0.29,2.17,2074.1,0.3,7499998.0,5204278.0,11.94,8.333,0.3,12.0,3.56,3.55,3.55,3.58
2019-10-03 00:00:00+00:00,215.9,333.83,5.65,26549.99,12.4,0.29,2.16,7584.6,0.3,7499998.0,5204278.0,11.91,8.333,0.3,12.0,3.55,3.54,3.53,3.57
2019-10-04 00:00:00+00:00,217.1,335.72,5.62,26700.0,12.5,0.29,2.17,1035.8,0.3,7499998.0,5204278.0,11.97,8.333,0.3,12.0,3.57,3.56,3.54,3.57
2019-10-07 00:00:00+00:00,216.5,334.78,5.63,26624.99,12.4,0.29,2.17,1169.4,0.3,7499998.0,5204278.0,11.94,8.333,0.3,12.0,3.56,3.55,3.54,3.57
2019-10-08 00:00:00+00:00,217.1,335.72,5.62,26700.0,12.5,0.29,2.17,1870.0,0.3,7499998.0,5204278.0,11.97,8.333,0.3,12.0,3.56,3.55,3.55,3.57
2019-10-09 00:00:00+00:00,216.5,334.78,5.63,26624.99,12.4,0.29,2.17,8056.7,0.3,7499998.0,5204278.0,11.94,8.333,0.3,12.0,3.56,3.55,3.54,3.56
2019-10-10 00:00:00+00:00,216.5,334.78,5.63,26624.99,12.4,0.29,2.17,7848.1,0.3,7499998.0,5204278.0,11.94,8.333,0.3,12.0,3.56,3.55,3.54,3.57
2019-10-11 00:00:00+00:00,219.5,339.49,5.56,27000.0,12.6,0.29,2.2,1995.7,0.3,7499998.0,5204278.0,12.11,8.333,0.3,12.0,3.61,3.6,3.55,3.6
2019-10-14 00:00:00+00:00,226.8,350.81,5.38,27900.0,13.0,0.29,2.27,17056.8,0.3,7499998.0,5204278.0,12.51,8.333,0.3,12.0,3.73,3.72,3.61,3.73
2019-10-15 00:00:00+00:00,232.3,359.3,5.25,28575.0,13.3,0.29,2.33,10207.4,0.3,7499998.0,5204278.0,12.81,8.333,0.3,12.0,3.81,3.8,3.72,3.82
2019-10-16 00:00:00+00:00,233.5,361.18,5.22,28724.99,13.4,0.29,2.34,6112.2,0.3,7499998.0,5204278.0,12.88,8.333,0.3,12.0,3.83,3.82,3.78,3.84
2019-10-17 00:00:00+00:00,231.7,358.35,5.26,28500.0,13.3,0.29,2.32,8347.2,0.3,7499998.0,5204278.0,12.78,7.874,0.3,12.7,3.84,3.8,3.8,3.85
2019-10-18 00:00:00+00:00,232.3,359.3,5.25,28575.0,13.3,0.29,2.33,6223.7,0.3,7499998.0,5204278.0,12.81,7.874,0.3,12.7,3.81,3.8,3.75,3.82
2019-10-21 00:00:00+00:00,229.3,354.58,5.32,28199.99,13.2,0.29,2.3,3945.2,0.3,7499998.0,5204278.0,12.65,7.874,0.3,12.7,3.76,3.73,3.71,3.79
2019-10-22 00:00:00+00:00,228.7,353.64,5.33,28124.99,13.1,0.29,2.29,4631.6,0.3,7499998.0,5204278.0,12.61,7.874,0.3,12.7,3.75,3.74,3.69,3.78
2019-10-23 00:00:00+00:00,230.5,356.47,5.29,28349.99,13.2,0.29,2.31,2072.7,0.3,7499998.0,5204278.0,12.71,7.874,0.3,12.7,3.78,3.77,3.72,3.79
2019-10-24 00:00:00+00:00,231.7,358.35,5.26,28500.0,13.3,0.29,2.32,3688.7,0.3,7499998.0,5204278.0,12.78,7.874,0.3,12.7,3.8,3.79,3.76,3.81
2019-10-25 00:00:00+00:00,229.9,355.52,5.31,28275.0,13.2,0.29,2.3,1351.8,0.3,7499998.0,5204278.0,12.68,7.874,0.3,12.7,3.78,3.77,3.75,3.79
2019-10-28 00:00:00+00:00,226.2,349.87,5.39,27824.99,12.9,0.29,2.27,1306.0,0.3,7499998.0,5204278.0,12.48,7.874,0.3,12.7,3.73,3.71,3.71,3.76
2019-10-29 00:00:00+00:00,226.8,350.81,5.38,27900.0,13.0,0.29,2.27,1709.6,0.3,7499998.0,5204278.0,12.51,7.874,0.3,12.7,3.72,3.71,3.71,3.75
2019-10-30 00:00:00+00:00,228.7,353.64,5.33,28124.99,13.1,0.29,2.29,1383.3,0.3,7499998.0,5204278.0,12.61,7.874,0.3,12.7,3.75,3.72,3.71,3.76
2019-10-31 00:00:00+00:00,228.7,353.64,5.33,28124.99,13.1,0.29,2.29,4594.6,0.3,7499998.0,5204278.0,12.61,7.874,0.3,12.7,3.76,3.75,3.72,3.78
2019-11-01 00:00:00+00:00,229.9,355.52,5.31,28275.0,13.1,0.29,2.3,2236.5,0.3,7499998.0,5204278.0,12.68,7.874,0.3,12.7,3.78,3.77,3.76,3.79
2019-11-04 00:00:00+00:00,232.3,359.3,5.25,28575.0,13.3,0.29,2.33,2829.3,0.3,7499998.0,5204278.0,12.81,7.874,0.3,12.7,3.82,3.81,3.76,3.81
2019-11-05 00:00:00+00:00,234.8,363.07,5.19,28875.0,13.4,0.29,2.35,3721.7,0.3,7499998.0,5204278.0,12.95,7.874,0.3,12.7,3.85,3.83,3.79,3.85
2019-11-06 00:00:00+00:00,233.5,361.18,5.22,28724.99,13.3,0.29,2.34,1890.0,0.3,7499998.0,5204278.0,12.88,7.874,0.3,12.7,3.83,3.82,3.83,3.87
2019-11-07 00:00:00+00:00,236.0,364.95,5.17,29024.99,13.5,0.29,2.36,5209.4,0.3,7499998.0,5204278.0,13.01,7.874,0.3,12.7,3.87,3.85,3.81,3.88
2019-11-08 00:00:00+00:00,234.8,363.07,5.19,28875.0,13.4,0.29,2.35,1602.7,0.3,7499998.0,5204278.0,12.95,7.874,0.3,12.7,3.86,3.85,3.84,3.88
2019-11-11 00:00:00+00:00,236.6,365.9,5.15,29099.99,13.5,0.29,2.37,2265.3,0.3,7499998.0,5204278.0,13.05,7.874,0.3,12.7,3.88,3.87,3.83,3.89
2019-11-12 00:00:00+00:00,236.0,364.95,5.17,29024.99,13.5,0.29,2.36,5717.2,0.3,7499998.0,5204278.0,13.01,7.874,0.3,12.7,3.88,3.87,3.86,3.89
2019-11-13 00:00:00+00:00,236.0,364.95,5.17,29024.99,13.5,0.29,2.36,2183.9,0.3,7499998.0,5204278.0,13.01,7.874,0.3,12.7,3.87,3.85,3.85,3.87
2019-11-14 00:00:00+00:00,237.8,367.78,5.13,29249.99,13.6,0.29,2.38,2668.1,0.3,7499998.0,5204278.0,13.12,7.752,0.3,12.9,3.9,3.87,3.86,3.9
2019-11-15 00:00:00+00:00,236.6,365.9,5.15,29099.99,13.5,0.29,2.37,1984.5,0.3,7499998.0,5204278.0,13.05,7.752,0.3,12.9,3.9,3.88,3.88,3.91
2019-11-18 00:00:00+00:00,235.4,364.01,5.18,28949.99,13.5,0.29,2.36,1546.0,0.3,7499998.0,5204278.0,12.98,7.752,0.3,12.9,3.89,3.86,3.86,3.9
2019-11-19 00:00:00+00:00,237.2,366.84,5.14,29175.0,13.6,0.29,2.38,1545.1,0.3,7499998.0,5204278.0,13.08,7.752,0.3,12.9,3.89,3.88,3.84,3.89
2019-11-20 00:00:00+00:00,237.2,366.84,5.14,29175.0,13.6,0.29,2.38,1832.0,0.3,7499998.0,5204278.0,13.08,7.752,0.3,12.9,3.89,3.88,3.86,3.89
2019-11-21 00:00:00+00:00,234.8,363.07,5.19,28875.0,13.4,0.29,2.35,3818.9,0.3,7499998.0,5204278.0,12.95,7.752,0.3,12.9,3.88,3.85,3.82,3.89
2019-11-22 00:00:00+00:00,234.8,363.07,5.19,28875.0,13.4,0.29,2.35,1012.9,0.3,7499998.0,5204278.0,12.95,7.752,0.3,12.9,3.88,3.85,3.82,3.86
2019-11-25 00:00:00+00:00,236.0,364.95,5.17,29024.99,13.5,0.29,2.36,1678.7,0.3,7499998.0,5204278.0,13.01,7.752,0.3,12.9,3.87,3.85,3.83,3.87
2019-11-26 00:00:00+00:00,234.1,362.13,5.21,28799.99,13.4,0.29,2.34,14370.6,0.3,7499998.0,5204278.0,12.91,7.752,0.3,12.9,3.85,3.84,3.8,3.86
2019-11-27 00:00:00+00:00,235.4,364.01,5.18,28949.99,13.5,0.29,2.36,1771.8,0.3,7499998.0,5204278.0,12.98,7.752,0.3,12.9,3.86,3.85,3.81,3.86
2019-11-28 00:00:00+00:00,234.8,363.07,5.19,28875.0,13.4,0.29,2.35,2852.8,0.3,7499998.0,5204278.0,12.95,7.752,0.3,12.9,3.88,3.85,3.84,3.88
2019-11-29 00:00:00+00:00,235.4,364.01,5.18,28949.99,13.5,0.29,2.36,514.6,0.3,7499998.0,5204278.0,12.98,7.752,0.3,12.9,3.87,3.86,3.85,3.88
2019-12-02 00:00:00+00:00,235.4,364.01,5.18,28949.99,13.5,0.29,2.36,1775.9,0.3,7499998.0,5204278.0,12.98,7.752,0.3,12.9,3.87,3.86,3.86,3.87
2019-12-03 00:00:00+00:00,234.8,363.07,5.19,28875.0,13.4,0.29,2.35,1575.4,0.3,7499998.0,5204278.0,12.95,7.752,0.3,12.9,3.87,3.85,3.84,3.88
2019-12-04 00:00:00+00:00,236.0,364.95,5.17,29024.99,13.5,0.29,2.36,5906.9,0.3,7499998.0,5204278.0,13.01,7.752,0.3,12.9,3.88,3.87,3.84,3.9
2019-12-05 00:00:00+00:00,236.6,365.9,5.15,29099.99,13.5,0.29,2.37,2177.6,0.3,7499998.0,5204278.0,13.05,7.752,0.3,12.9,3.89,3.88,3.87,3.89
2019-12-06 00:00:00+00:00,237.2,366.84,5.14,29175.0,13.6,0.29,2.38,2225.4,0.3,7499998.0,5204278.0,13.08,7.752,0.3,12.9,3.89,3.88,3.87,3.91
2019-12-09 00:00:00+00:00,238.4,368.73,5.12,29324.99,13.6,0.29,2.39,3843.0,0.3,7499998.0,5204278.0,13.15,7.752,0.3,12.9,3.92,3.91,3.87,3.93
2019-12-10 00:00:00+00:00,239.6,370.61,5.09,29474.99,13.7,0.29,2.4,1971.6,0.3,7499998.0,5204278.0,13.22,7.752,0.3,12.9,3.94,3.93,3.9,3.94
2019-12-11 00:00:00+00:00,238.4,368.73,5.12,29324.99,13.6,0.29,2.39,1879.9,0.3,7499998.0,5204278.0,13.15,7.752,0.3,12.9,3.92,3.91,3.9,3.93
2019-12-12 00:00:00+00:00,240.9,372.5,5.06,29624.99,13.8,0.29,2.41,10813.9,0.3,7499998.0,5204278.0,13.28,7.752,0.3,12.9,3.97,3.95,3.91,3.99
2019-12-13 00:00:00+00:00,240.9,372.5,5.06,29624.99,13.8,0.29,2.41,1825.7,0.3,7499998.0,5204278.0,13.28,7.752,0.3,12.9,3.97,3.95,3.95,3.97
2019-12-16 00:00:00+00:00,240.9,372.5,5.06,29624.99,13.8,0.29,2.41,3156.0,0.3,7499998.0,5204278.0,13.28,7.752,0.3,12.9,3.97,3.95,3.93,3.98
2019-12-17 00:00:00+00:00,241.5,373.44,5.05,29699.99,13.8,0.29,2.42,7075.2,0.3,7499998.0,5204278.0,13.32,7.752,0.3,12.9,3.97,3.96,3.95,3.97
2019-12-18 00:00:00+00:00,241.5,373.44,5.05,29699.99,13.8,0.29,2.42,,0.3,7499998.0,5204278.0,13.32,7.752,0.3,12.9,,,,
2019-12-19 00:00:00+00:00,241.5,373.44,5.05,29699.99,13.8,0.29,2.42,,0.3,7499998.0,5204278.0,13.32,7.576,0.3,13.2,,,,
2019-12-20 00:00:00+00:00,243.3,376.27,5.01,29924.99,13.9,0.29,2.44,7226.3,0.3,7499998.0,5204278.0,13.42,7.576,0.3,13.2,3.99,3.98,3.96,4.02
2019-12-23 00:00:00+00:00,243.9,377.21,5.0,29999.99,13.9,0.29,2.44,5954.9,0.3,7499998.0,5204278.0,13.45,7.576,0.3,13.2,4.01,4.0,3.96,4.0
2019-12-24 00:00:00+00:00,242.7,375.33,5.03,29849.99,13.9,0.29,2.43,2669.0,0.3,7499998.0,5204278.0,13.38,7.576,0.3,13.2,3.99,3.98,3.97,4.02
2019-12-25 00:00:00+00:00,242.1,374.38,5.04,29775.0,13.8,0.29,2.42,1056.0,0.3,7499998.0,5204278.0,13.35,7.576,0.3,13.2,3.98,3.97,3.97,4.0
2019-12-26 00:00:00+00:00,240.9,372.5,5.06,29624.99,13.8,0.29,2.41,2099.1,0.3,7499998.0,5204278.0,13.28,7.576,0.3,13.2,3.96,3.95,3.95,3.97
2019-12-27 00:00:00+00:00,243.9,377.21,5.0,29999.99,13.9,0.29,2.44,1097.9,0.3,7499998.0,5204278.0,13.45,7.576,0.3,13.2,4.0,3.99,3.96,4.0
2019-12-30 00:00:00+00:00,242.1,374.38,5.04,29775.0,13.8,0.29,2.42,2481.9,0.3,7499998.0,5204278.0,13.35,7.576,0.3,13.2,3.99,3.97,3.97,4.0
2019-12-31 00:00:00+00:00,241.5,373.44,5.05,29699.99,13.8,0.29,2.42,10231.0,0.3,7499998.0,5204278.0,13.32,7.576,0.3,13.2,3.97,3.96,3.95,3.98
2020-01-01 00:00:00+00:00,241.5,373.44,5.05,29699.99,13.8,0.29,2.36,,0.3,7499998.0,5030666.0,11.96,7.576,0.3,13.2,,,,
2020-01-02 00:00:00+00:00,248.2,383.81,4.91,30524.99,14.2,0.29,2.43,9135.3,0.3,7499998.0,5030666.0,12.29,7.576,0.3,13.2,4.07,4.06,3.95,4.07
2020-01-03 00:00:00+00:00,241.5,373.44,5.05,29699.99,13.8,0.29,2.36,9410.1,0.3,7499998.0,5030666.0,11.96,7.576,0.3,13.2,3.99,3.96,3.94,4.03
2020-01-06 00:00:00+00:00,241.5,373.44,5.05,29699.99,13.8,0.29,2.36,7438.3,0.3,7499998.0,5030666.0,11.96,7.576,0.3,13.2,3.98,3.96,3.9,3.98
2020-01-07 00:00:00+00:00,244.5,378.16,4.99,30074.99,14.0,0.29,2.39,3616.1,0.3,7499998.0,5030666.0,12.11,7.576,0.3,13.2,4.01,4.0,3.95,4.01
2020-01-08 00:00:00+00:00,243.9,377.21,5.0,29999.99,13.9,0.29,2.39,7546.9,0.3,7499998.0,5030666.0,12.08,7.576,0.3,13.2,4.01,4.0,3.97,4.04
2020-01-09 00:00:00+00:00,249.4,385.7,4.89,30674.99,14.3,0.29,2.44,5624.2,0.3,7499998.0,5030666.0,12.35,7.576,0.3,13.2,4.09,4.08,4.03,4.09
2020-01-10 00:00:00+00:00,253.0,391.36,4.82,31124.99,14.5,0.29,2.48,5114.3,0.3,7499998.0,5030666.0,12.53,7.576,0.3,13.2,4.15,4.14,4.08,4.15
2020-01-13 00:00:00+00:00,252.4,390.42,4.83,31050.0,14.4,0.29,2.47,6224.3,0.3,7499998.0,5030666.0,12.5,7.576,0.3,13.2,4.14,4.1,4.1,4.15
2020-01-14 00:00:00+00:00,250.6,387.59,4.87,30824.99,14.3,0.29,2.45,6540.8,0.3,7499998.0,5030666.0,12.41,7.576,0.3,13.2,4.11,4.1,4.1,4.13
2020-01-15 00:00:00+00:00,249.4,385.7,4.89,30674.99,14.3,0.29,2.44,6419.8,0.3,7499998.0,5030666.0,12.35,7.576,0.3,13.2,4.09,4.08,4.06,4.11
2020-01-16 00:00:00+00:00,250.6,387.59,4.87,30824.99,14.3,0.29,2.45,10320.9,0.3,7499998.0,5030666.0,12.41,7.299,0.3,13.7,4.11,4.1,4.05,4.12
2020-01-17 00:00:00+00:00,249.4,385.7,4.89,30674.99,14.3,0.29,2.44,1265.8,0.3,7499998.0,5030666.0,12.35,7.299,0.3,13.7,4.1,4.09,4.09,4.13
2020-01-20 00:00:00+00:00,249.4,385.7,4.89,30674.99,14.3,0.29,2.44,2558.0,0.3,7499998.0,5030666.0,12.35,7.299,0.3,13.7,4.09,4.08,4.07,4.13
2020-01-21 00:00:00+00:00,253.0,391.36,5.42,31124.99,14.3,0.29,2.48,20697.0,0.3,7499998.0,5030666.0,12.53,7.299,0.3,13.7,4.16,4.15,4.13,4.23
2020-01-22 00:00:00+00:00,254.3,393.25,5.4,31274.99,14.4,0.29,2.49,6375.7,0.3,7499998.0,5030666.0,12.59,7.299,0.3,13.7,4.17,4.16,4.15,4.18
2020-01-23 00:00:00+00:00,251.8,389.47,5.45,30974.99,14.2,0.29,2.46,3510.4,0.3,7499998.0,5030666.0,12.47,7.299,0.3,13.7,4.15,4.13,4.13,4.18
2020-01-24 00:00:00+00:00,252.4,390.42,5.43,31050.0,14.3,0.29,2.47,1245.7,0.3,7499998.0,5030666.0,12.5,7.299,0.3,13.7,4.14,4.13,4.11,4.15
2020-01-27 00:00:00+00:00,251.2,388.53,5.46,30899.99,14.2,0.29,2.46,1700.9,0.3,7499998.0,5030666.0,12.44,7.299,0.3,13.7,4.12,4.11,4.11,4.14
2020-01-28 00:00:00+00:00,250.0,386.64,5.49,30749.99,14.1,0.29,2.45,3503.8,0.3,7499998.0,5030666.0,12.38,7.299,0.3,13.7,4.11,4.1,4.1,4.12
2020-01-29 00:00:00+00:00,250.6,387.59,5.47,30824.99,14.2,0.29,2.45,1639.3,0.3,7499998.0,5030666.0,12.41,7.299,0.3,13.7,4.13,4.11,4.11,4.13
2020-01-30 00:00:00+00:00,251.2,388.53,5.46,30899.99,14.2,0.29,2.46,8451.9,0.3,7499998.0,5030666.0,12.44,7.299,0.3,13.7,4.12,4.11,4.11,4.16
2020-01-31 00:00:00+00:00,250.0,386.64,5.49,30749.99,14.1,0.29,2.45,2069.9,0.3,7499998.0,5030666.0,12.38,7.299,0.3,13.7,4.11,4.1,4.08,4.13
2020-02-03 00:00:00+00:00,251.2,388.53,5.46,30899.99,14.2,0.29,2.46,4954.3,0.3,7499998.0,5030666.0,12.44,7.299,0.3,13.7,4.12,4.11,4.09,4.12
2020-02-04 00:00:00+00:00,251.8,389.47,5.45,30974.99,14.2,0.29,2.46,4040.2,0.3,7499998.0,5030666.0,12.47,7.299,0.3,13.7,4.14,4.13,4.11,4.15
2020-02-05 00:00:00+00:00,251.8,389.47,5.45,30974.99,14.2,0.29,2.46,4603.2,0.3,7499998.0,5030666.0,12.47,7.299,0.3,13.7,4.13,4.12,4.12,4.16
2020-02-06 00:00:00+00:00,251.2,388.53,5.46,30899.99,14.2,0.29,2.46,3365.0,0.3,7499998.0,5030666.0,12.44,7.299,0.3,13.7,4.12,4.11,4.1,4.13
2020-02-07 00:00:00+00:00,248.8,384.76,5.51,30599.99,14.0,0.29,2.43,2626.3,0.3,7499998.0,5030666.0,12.32,7.299,0.3,13.7,4.09,4.08,4.08,4.13
2020-02-10 00:00:00+00:00,248.8,384.76,5.51,30599.99,14.0,0.29,2.43,6466.6,0.3,7499998.0,5030666.0,12.32,7.299,0.3,13.7,4.08,4.06,4.06,4.1
2020-02-11 00:00:00+00:00,248.8,384.76,5.51,30599.99,14.0,0.29,2.43,,0.3,7499998.0,5030666.0,12.32,7.299,0.3,13.7,,,,
2020-02-12 00:00:00+00:00,247.6,382.87,5.54,30450.0,14.0,0.29,2.42,9353.3,0.3,7499998.0,5030666.0,12.26,7.299,0.3,13.7,4.06,4.05,4.05,4.08
2020-02-13 00:00:00+00:00,246.3,380.99,5.57,30299.99,13.9,0.29,2.41,6217.8,0.3,7499998.0,5030666.0,12.2,7.299,0.3,13.7,4.04,4.03,4.03,4.1
2020-02-14 00:00:00+00:00,245.8,380.14,5.58,30232.49,13.9,0.29,2.41,5538.4,0.3,7499998.0,5030666.0,12.17,7.299,0.3,13.7,4.03,4.02,4.0,4.03
2020-02-17 00:00:00+00:00,246.2,380.8,5.57,30284.99,13.9,0.29,2.41,2363.9,0.3,7499998.0,5030666.0,12.19,7.299,0.3,13.7,4.04,4.04,4.03,4.05
2020-02-18 00:00:00+00:00,246.6,381.46,5.56,30337.49,13.9,0.29,2.41,1440.6,0.3,7499998.0,5030666.0,12.21,7.299,0.3,13.7,4.05,4.05,4.03,4.05
2020-02-19 00:00:00+00:00,253.0,391.36,5.42,31124.99,14.3,0.29,2.48,6045.9,0.3,7499998.0,5030666.0,12.53,7.299,0.3,13.7,4.15,4.14,4.05,4.15
2020-02-20 00:00:00+00:00,253.3,391.74,5.42,31154.99,14.3,0.29,2.48,11931.6,0.3,7499998.0,5030666.0,12.54,7.407,0.3,13.5,4.15,4.15,4.1,4.18
2020-02-21 00:00:00+00:00,253.0,391.36,5.42,31124.99,14.3,0.29,2.48,6580.9,0.3,7499998.0,5030666.0,12.53,7.407,0.3,13.5,4.15,4.12,4.12,4.15
2020-02-24 00:00:00+00:00,248.1,383.72,5.53,30517.5,14.0,0.29,2.43,2337.0,0.3,7499998.0,5030666.0,12.28,7.407,0.3,13.5,4.07,4.07,4.06,4.15
2020-02-25 00:00:00+00:00,249.8,386.36,5.49,30727.49,14.1,0.29,2.44,5918.3,0.3,7499998.0,5030666.0,12.37,7.407,0.3,13.5,4.1,4.1,4.05,4.13
2020-02-26 00:00:00+00:00,247.9,383.34,5.54,30487.49,14.0,0.29,2.43,3314.3,0.3,7499998.0,5030666.0,12.27,7.407,0.3,13.5,4.07,4.06,4.05,4.1
2020-02-27 00:00:00+00:00,248.2,383.81,5.53,30524.99,14.0,0.29,2.43,5958.7,0.3,7499998.0,5030666.0,12.29,7.407,0.3,13.5,4.07,4.07,4.05,4.07
2020-02-28 00:00:00+00:00,248.2,383.81,5.53,30524.99,14.0,0.29,2.43,,0.3,7499998.0,5030666.0,12.29,7.407,0.3,13.5,,,,
2020-03-02 00:00:00+00:00,247.0,381.93,5.56,30374.99,13.9,0.29,2.42,20126.9,0.3,7499998.0,5030666.0,12.23,7.407,0.3,13.5,4.05,4.01,3.95,4.07
2020-03-03 00:00:00+00:00,247.1,382.21,5.55,30397.5,14.0,0.29,2.42,4589.7,0.3,7499998.0,5030666.0,12.24,7.407,0.3,13.5,4.06,4.05,4.04,4.1
2020-03-04 00:00:00+00:00,245.9,380.33,5.58,30247.49,13.9,0.29,2.41,1822.9,0.3,7499998.0,5030666.0,12.18,7.407,0.3,13.5,4.05,4.03,4.02,4.05
2020-03-05 00:00:00+00:00,248.7,384.66,5.52,30592.5,14.0,0.29,2.43,4473.7,0.3,7499998.0,5030666.0,12.31,7.407,0.3,13.5,4.08,4.06,4.03,4.08
2020-03-06 00:00:00+00:00,243.9,377.21,5.62,29999.99,13.8,0.29,2.39,12211.6,0.3,7499998.0,5030666.0,12.08,7.407,0.3,13.5,4.0,4.0,3.89,4.02
2020-03-09 00:00:00+00:00,222.3,343.74,6.17,27337.5,12.6,0.29,2.18,19699.3,0.3,7499998.0,5030666.0,11.0,7.407,0.3,13.5,3.65,3.65,3.6,3.79
2020-03-10 00:00:00+00:00,237.9,367.88,5.77,29257.49,13.4,0.29,2.33,8520.7,0.3,7499998.0,5030666.0,11.78,7.407,0.3,13.5,3.9,3.9,3.8,4.0
2020-03-11 00:00:00+00:00,240.9,372.5,5.7,29624.99,13.6,0.29,2.36,7823.8,0.3,7499998.0,5030666.0,11.93,7.407,0.3,13.5,3.95,3.95,3.9,3.96
2020-03-12 00:00:00+00:00,231.4,357.88,5.93,28462.49,13.1,0.29,2.26,10562.1,0.3,7499998.0,5030666.0,11.46,7.407,0.3,13.5,3.8,3.78,3.65,3.85
2020-03-13 00:00:00+00:00,233.8,361.56,5.87,28754.99,13.2,0.29,2.29,10059.5,0.3,7499998.0,5030666.0,11.58,7.407,0.3,13.5,3.83,3.8,3.74,3.9
2020-03-16 00:00:00+00:00,238.5,368.82,5.75,29332.49,13.5,0.29,2.33,13683.1,0.3,7499998.0,5030666.0,11.81,7.407,0.3,13.5,3.91,3.91,3.89,3.99
2020-03-17 00:00:00+00:00,238.5,368.92,5.75,29339.99,13.5,0.29,2.33,11707.7,0.3,7499998.0,5030666.0,11.81,7.407,0.3,13.5,3.93,3.91,3.89,3.98
2020-03-18 00:00:00+00:00,242.4,374.86,5.66,29812.49,13.7,0.29,2.37,16688.0,0.3,7499998.0,5030666.0,12.0,7.407,0.3,13.5,3.98,3.98,3.93,3.99
2020-03-19 00:00:00+00:00,223.2,366.46,6.15,27457.49,12.6,0.29,2.18,25336.5,0.3,7499998.0,5030666.0,11.05,7.673,0.3,13.03,3.7,3.66,3.58,3.71
2020-03-20 00:00:00+00:00,220.7,362.26,6.22,27142.5,12.5,0.29,2.16,6835.6,0.3,7499998.0,5030666.0,10.93,7.673,0.3,13.03,3.62,3.61,3.61,3.66
2020-03-23 00:00:00+00:00,212.3,348.55,6.46,26115.0,12.0,0.29,2.08,13346.8,0.3,7499998.0,5030666.0,10.51,7.673,0.3,13.03,3.49,3.48,3.48,3.61
2020-03-24 00:00:00+00:00,214.8,352.55,6.39,26415.0,12.1,0.29,2.1,8693.6,0.3,7499998.0,5030666.0,10.63,7.673,0.3,13.03,3.53,3.52,3.48,3.53
2020-03-25 00:00:00+00:00,222.6,365.36,6.16,27374.99,12.6,0.29,2.18,7834.2,0.3,7499998.0,5030666.0,11.02,7.673,0.3,13.03,3.66,3.65,3.55,3.65
2020-03-26 00:00:00+00:00,222.8,365.76,6.16,27405.0,12.6,0.29,2.18,9373.2,0.3,7499998.0,5030666.0,11.03,7.673,0.3,13.03,3.65,3.63,3.63,3.66
2020-03-27 00:00:00+00:00,221.5,363.66,6.19,27247.49,12.5,0.29,2.17,3772.8,0.3,7499998.0,5030666.0,10.97,7.673,0.3,13.03,3.63,3.63,3.62,3.66
2020-03-30 00:00:00+00:00,221.5,363.66,6.19,27247.49,12.5,0.29,2.17,6607.6,0.3,7499998.0,5030666.0,10.97,7.673,0.3,13.03,3.65,3.63,3.63,3.66
2020-03-31 00:00:00+00:00,223.2,366.36,6.15,27449.99,12.6,0.29,2.18,7853.6,0.3,7499998.0,5030666.0,11.05,7.673,0.3,13.03,3.66,3.63,3.63,3.67
2020-04-01 00:00:00+00:00,220.1,361.36,6.23,27074.99,12.4,0.29,2.15,3306.5,0.3,7499998.0,5030666.0,10.9,7.673,0.3,13.03,3.62,3.61,3.61,3.65
2020-04-02 00:00:00+00:00,226.2,371.37,6.06,27824.99,12.8,0.29,2.21,5715.9,0.3,7499998.0,5030666.0,11.2,7.673,0.3,13.03,3.71,3.65,3.61,3.71
2020-04-03 00:00:00+00:00,225.0,369.37,6.1,27674.99,12.7,0.29,2.2,490.6,0.3,7499998.0,5030666.0,11.14,7.673,0.3,13.03,3.69,3.69,3.65,3.7
2020-04-06 00:00:00+00:00,228.9,375.77,5.99,28154.99,12.9,0.29,2.24,6219.0,0.3,7499998.0,5030666.0,11.33,7.673,0.3,13.03,3.75,3.74,3.66,3.76
2020-04-07 00:00:00+00:00,231.6,380.28,5.92,28492.49,13.1,0.29,2.27,4773.7,0.3,7499998.0,5030666.0,11.47,7.673,0.3,13.03,3.8,3.79,3.77,3.83
2020-04-08 00:00:00+00:00,232.9,382.28,5.89,28642.49,13.2,0.29,2.28,4380.7,0.3,7499998.0,5030666.0,11.53,7.673,0.3,13.03,3.82,3.78,3.76,3.82
2020-04-09 00:00:00+00:00,232.9,382.28,5.89,28642.49,13.2,0.29,2.28,2524.7,0.3,7499998.0,5030666.0,11.53,7.673,0.3,13.03,3.82,3.82,3.8,3.83
2020-04-10 00:00:00+00:00,231.1,379.38,5.94,28424.99,13.1,0.29,2.26,3165.2,0.3,7499998.0,5030666.0,11.44,7.673,0.3,13.03,3.79,3.77,3.79,3.81
2020-04-13 00:00:00+00:00,230.8,378.88,5.94,28387.49,13.0,0.29,2.26,556.1,0.3,7499998.0,5030666.0,11.43,7.673,0.3,13.03,3.78,3.78,3.77,3.8
2020-04-14 00:00:00+00:00,232.8,382.18,5.89,28634.99,13.1,0.29,2.28,7514.5,0.3,7499998.0,5030666.0,11.53,7.673,0.3,13.03,3.82,3.81,3.76,3.82
2020-04-15 00:00:00+00:00,232.3,381.38,5.91,28575.0,13.1,0.29,2.27,2788.8,0.3,7499998.0,5030666.0,11.5,7.673,0.3,13.03,3.82,3.79,3.79,3.84
2020-04-16 00:00:00+00:00,227.4,373.37,6.03,27974.99,12.8,0.29,2.23,4596.9,0.3,7499998.0,5030666.0,11.26,7.853,0.3,12.73,3.76,3.73,3.72,3.82
2020-04-17 00:00:00+00:00,228.5,375.17,6.0,28109.99,12.9,0.29,2.24,599.1,0.3,7499998.0,5030666.0,11.32,7.853,0.3,12.73,3.75,3.74,3.7,3.78
2020-04-20 00:00:00+00:00,228.3,374.77,6.01,28080.0,12.9,0.29,2.23,1779.0,0.3,7499998.0,5030666.0,11.3,7.853,0.3,12.73,3.75,3.74,3.7,3.76
2020-04-21 00:00:00+00:00,226.8,372.37,6.05,27900.0,12.8,0.29,2.22,2568.8,0.3,7499998.0,5030666.0,11.23,7.853,0.3,12.73,3.75,3.72,3.66,3.75
2020-04-22 00:00:00+00:00,231.0,379.28,5.94,28417.49,13.0,0.29,2.26,3206.7,0.3,7499998.0,5030666.0,11.44,7.853,0.3,12.73,3.79,3.73,3.52,3.8
2020-04-23 00:00:00+00:00,225.0,369.37,6.1,27674.99,12.7,0.29,2.2,2942.8,0.3,7499998.0,5030666.0,11.14,7.853,0.3,12.73,3.73,3.67,3.69,3.78
2020-04-24 00:00:00+00:00,225.8,370.67,6.08,27772.49,12.7,0.29,2.21,232.9,0.3,7499998.0,5030666.0,11.18,7.853,0.3,12.73,3.73,3.7,3.67,3.76
2020-04-27 00:00:00+00:00,229.0,375.87,5.99,28162.49,12.9,0.29,2.24,4639.9,0.3,7499998.0,5030666.0,11.34,7.853,0.3,12.73,3.8,3.76,3.7,3.82
2020-04-28 00:00:00+00:00,231.7,380.38,5.92,28500.0,13.1,0.29,2.27,4400.1,0.3,7499998.0,5030666.0,11.47,7.853,0.3,12.73,3.8,3.8,3.76,3.81
2020-04-29 00:00:00+00:00,231.7,380.38,5.92,28500.0,13.1,0.29,2.27,3774.1,0.3,7499998.0,5030666.0,11.47,7.853,0.3,12.73,3.82,3.8,3.76,3.83
2020-04-30 00:00:00+00:00,232.9,382.28,5.89,28642.49,13.1,0.29,2.28,4759.3,0.3,7499998.0,5030666.0,11.53,7.853,0.3,12.73,3.82,3.81,3.8,3.82
2020-05-01 00:00:00+00:00,231.3,379.68,5.93,28447.49,13.0,0.29,2.26,2451.1,0.3,7499998.0,5030666.0,11.45,7.853,0.3,12.73,3.8,3.79,3.77,3.82
2020-05-04 00:00:00+00:00,230.8,378.88,5.94,28387.49,13.0,0.29,2.26,3096.1,0.3,7499998.0,5030666.0,11.43,7.853,0.3,12.73,3.8,3.78,3.78,3.81
2020-05-05 00:00:00+00:00,231.4,379.88,5.93,28462.49,13.1,0.29,2.26,2549.1,0.3,7499998.0,5030666.0,11.46,7.853,0.3,12.73,3.8,3.79,3.78,3.81
2020-05-06 00:00:00+00:00,229.9,377.37,5.97,28275.0,13.0,0.29,2.25,3200.4,0.3,7499998.0,5030666.0,11.38,7.853,0.3,12.73,3.79,3.77,3.76,3.8
2020-05-07 00:00:00+00:00,229.8,377.27,5.97,28267.49,13.0,0.29,2.25,3237.4,0.3,7499998.0,5030666.0,11.38,7.853,0.3,12.73,3.8,3.77,3.76,3.8
2020-05-08 00:00:00+00:00,231.0,379.18,5.94,28409.99,13.0,0.29,2.26,788.3,0.3,7499998.0,5030666.0,11.44,7.853,0.3,12.73,3.79,3.77,3.76,3.79
2020-05-11 00:00:00+00:00,230.3,378.07,5.96,28327.5,13.0,0.29,2.25,2420.4,0.3,7499998.0,5030666.0,11.4,7.853,0.3,12.73,3.78,3.78,3.77,3.79
2020-05-12 00:00:00+00:00,230.4,378.17,5.96,28334.99,13.0,0.29,2.25,2160.4,0.3,7499998.0,5030666.0,11.41,7.853,0.3,12.73,3.78,3.76,3.76,3.78
2020-05-13 00:00:00+00:00,229.9,377.37,5.97,28275.0,13.0,0.29,2.25,2441.3,0.3,7499998.0,5030666.0,11.38,7.853,0.3,12.73,3.78,3.77,3.76,3.8
2020-05-14 00:00:00+00:00,230.1,377.67,5.96,28297.49,13.0,0.29,2.25,1658.7,0.3,7499998.0,5030666.0,11.39,7.937,0.3,12.6,3.77,3.77,3.76,3.79
2020-05-15 00:00:00+00:00,226.8,372.37,6.05,27900.0,12.8,0.29,2.22,3055.6,0.3,7499998.0,5030666.0,11.23,7.937,0.3,12.6,3.72,3.72,3.7,3.79
2020-05-18 00:00:00+00:00,229.0,375.87,5.99,28162.49,12.9,0.29,2.24,4285.2,0.3,7499998.0,5030666.0,11.34,7.937,0.3,12.6,3.76,3.75,3.7,3.76
2020-05-19 00:00:00+00:00,230.6,378.58,5.95,28364.99,13.0,0.29,2.26,6846.1,0.3,7499998.0,5030666.0,11.42,7.937,0.3,12.6,3.8,3.78,3.75,3.81
2020-05-20 00:00:00+00:00,235.7,386.88,5.82,28987.49,13.3,0.29,2.31,5588.8,0.3,7499998.0,5030666.0,11.67,7.937,0.3,12.6,3.86,3.82,3.78,3.86
2020-05-21 00:00:00+00:00,239.0,392.39,5.74,29399.99,13.5,0.29,2.34,13526.3,0.3,7499998.0,5030666.0,11.83,7.937,0.3,12.6,3.92,3.86,3.81,3.92
2020-05-22 00:00:00+00:00,239.0,392.39,5.74,29399.99,13.5,0.29,2.34,,0.3,7499998.0,5030666.0,11.83,7.937,0.3,12.6,,,,
2020-05-25 00:00:00+00:00,239.0,392.39,5.74,29399.99,13.5,0.29,2.34,,0.3,7499998.0,5030666.0,11.83,7.937,0.3,12.6,,,,
2020-05-26 00:00:00+00:00,239.0,392.39,5.74,29399.99,13.5,0.29,2.34,,0.3,7499998.0,5030666.0,11.83,7.937,0.3,12.6,,,,
2020-05-27 00:00:00+00:00,239.0,392.39,5.74,29399.99,13.5,0.29,2.34,,0.3,7499998.0,5030666.0,11.83,7.937,0.3,12.6,,,,
2020-05-28 00:00:00+00:00,239.0,392.39,5.74,29399.99,13.5,0.29,2.34,,0.3,7499998.0,5030666.0,11.83,7.937,0.3,12.6,,,,
2020-05-29 00:00:00+00:00,236.6,388.39,5.8,29099.99,13.3,0.29,2.32,6069.6,0.3,7499998.0,5030666.0,11.71,7.937,0.3,12.6,3.88,3.88,3.85,3.92
2020-06-01 00:00:00+00:00,238.4,391.29,5.76,29317.5,13.4,0.29,2.33,16885.9,0.3,7499998.0,5030666.0,11.8,7.937,0.3,12.6,3.92,3.91,3.85,3.93
2020-06-02 00:00:00+00:00,237.7,390.29,5.77,29242.49,13.4,0.29,2.33,2439.9,0.3,7499998.0,5030666.0,11.77,7.937,0.3,12.6,3.9,3.9,3.88,3.91
2020-06-03 00:00:00+00:00,237.8,390.39,5.77,29249.99,13.4,0.29,2.33,5976.3,0.3,7499998.0,5030666.0,11.77,7.937,0.3,12.6,3.9,3.9,3.88,3.9
2020-06-04 00:00:00+00:00,237.8,390.39,5.77,29249.99,13.4,0.29,2.33,4156.8,0.3,7499998.0,5030666.0,11.77,7.937,0.3,12.6,3.9,3.89,3.89,3.92
2020-06-05 00:00:00+00:00,238.2,390.99,5.76,29294.99,13.4,0.29,2.33,7350.4,0.3,7499998.0,5030666.0,11.79,7.937,0.3,12.6,3.92,3.91,3.9,3.92
2020-06-08 00:00:00+00:00,239.0,392.39,5.74,29399.99,13.5,0.29,2.34,2555.8,0.3,7499998.0,5030666.0,11.83,7.937,0.3,12.6,3.92,3.92,3.91,3.92
2020-06-09 00:00:00+00:00,238.4,391.29,5.76,29317.5,13.4,0.29,2.33,2249.9,0.3,7499998.0,5030666.0,11.8,7.937,0.3,12.6,3.91,3.9,3.9,3.92
2020-06-10 00:00:00+00:00,237.1,389.29,5.79,29167.49,13.4,0.29,2.32,4393.1,0.3,7499998.0,5030666.0,11.74,7.937,0.3,12.6,3.89,3.89,3.88,3.92
2020-06-11 00:00:00+00:00,237.1,389.29,5.79,29167.49,13.4,0.29,2.32,1809.4,0.3,7499998.0,5030666.0,11.74,7.937,0.3,12.6,3.89,3.89,3.86,3.9
2020-06-12 00:00:00+00:00,235.2,386.08,5.83,28927.49,13.3,0.29,2.3,5295.1,0.3,7499998.0,5030666.0,11.64,7.937,0.3,12.6,3.86,3.83,3.8,3.87
2020-06-15 00:00:00+00:00,237.7,390.19,5.77,29234.99,13.4,0.29,2.33,3943.9,0.3,7499998.0,5030666.0,11.77,7.937,0.3,12.6,3.9,3.86,3.82,3.9
2020-06-16 00:00:00+00:00,237.1,389.29,5.79,29167.49,13.4,0.29,2.32,2896.9,0.3,7499998.0,5030666.0,11.74,7.937,0.3,12.6,3.9,3.89,3.85,3.9
2020-06-17 00:00:00+00:00,237.7,390.19,5.77,29234.99,13.4,0.29,2.33,3973.9,0.3,7499998.0,5030666.0,11.77,7.937,0.3,12.6,3.9,3.89,3.87,3.9
2020-06-18 00:00:00+00:00,238.5,391.49,5.75,29332.49,13.4,0.29,2.33,20056.1,0.3,7499998.0,5030666.0,11.81,7.712,0.3,12.97,3.91,3.91,3.89,3.92
2020-06-19 00:00:00+00:00,237.7,390.29,5.77,29242.49,13.4,0.29,2.33,1221.1,0.3,7499998.0,5030666.0,11.77,7.712,0.3,12.97,3.9,3.9,3.9,3.91
2020-06-22 00:00:00+00:00,236.6,388.39,5.8,29099.99,13.3,0.29,2.32,1056.7,0.3,7499998.0,5030666.0,11.71,7.712,0.3,12.97,3.9,3.88,3.88,3.91
2020-06-23 00:00:00+00:00,237.3,389.59,5.78,29189.99,13.4,0.29,2.32,2229.8,0.3,7499998.0,5030666.0,11.75,7.712,0.3,12.97,3.89,3.88,3.88,3.9
2020-06-24 00:00:00+00:00,236.3,387.98,5.8,29069.99,13.3,0.29,2.31,1765.4,0.3,7499998.0,5030666.0,11.7,7.712,0.3,12.97,3.89,3.88,3.88,3.9
2020-06-25 00:00:00+00:00,236.6,388.39,5.8,29099.99,13.3,0.29,2.32,2147.3,0.3,7499998.0,5030666.0,11.71,7.712,0.3,12.97,3.88,3.88,3.86,3.9
2020-06-26 00:00:00+00:00,235.9,387.18,5.82,29009.99,13.3,0.29,2.31,1981.6,0.3,7499998.0,5030666.0,11.68,7.712,0.3,12.97,3.87,3.87,3.82,3.87
2020-06-29 00:00:00+00:00,235.7,386.98,5.82,28994.99,13.3,0.29,2.31,1755.9,0.3,7499998.0,5030666.0,11.67,7.712,0.3,12.97,3.88,3.87,3.85,3.89
2020-06-30 00:00:00+00:00,232.9,382.38,5.89,28649.99,13.1,0.29,2.28,6876.3,0.3,7499998.0,5030666.0,11.53,7.712,0.3,12.97,3.85,3.82,3.82,3.88
2020-07-01 00:00:00+00:00,244.5,401.4,5.61,30074.99,13.8,0.29,2.39,33919.9,0.3,7499998.0,5030666.0,12.11,7.712,0.3,12.97,4.02,4.01,3.97,4.14
2020-07-02 00:00:00+00:00,243.9,400.4,5.62,29999.99,13.8,0.29,2.39,5093.9,0.3,7499998.0,5030666.0,12.08,7.712,0.3,12.97,4.0,3.99,3.95,4.04
2020-07-03 00:00:00+00:00,240.5,394.89,5.7,29587.49,13.6,0.29,2.35,1363.4,0.3,7499998.0,5030666.0,11.91,7.712,0.3,12.97,3.94,3.94,3.93,4.02
2020-07-06 00:00:00+00:00,240.9,395.39,5.7,29624.99,13.6,0.29,2.36,3365.1,0.3,7499998.0,5030666.0,11.93,7.712,0.3,12.97,3.95,3.94,3.9,3.97
2020-07-07 00:00:00+00:00,237.8,390.39,5.77,29249.99,13.4,0.29,2.33,3291.8,0.3,7499998.0,5030666.0,11.77,7.712,0.3,12.97,3.95,3.9,3.9,3.97
2020-07-08 00:00:00+00:00,238.0,390.69,5.76,29272.49,13.4,0.29,2.33,1842.1,0.3,7499998.0,5030666.0,11.78,7.712,0.3,12.97,3.92,3.9,3.9,3.93
2020-07-09 00:00:00+00:00,239.9,393.79,5.72,29504.99,13.5,0.29,2.35,4135.4,0.3,7499998.0,5030666.0,11.88,7.712,0.3,12.97,3.94,3.93,3.92,3.95
2020-07-10 00:00:00+00:00,240.2,394.29,5.71,29542.49,13.5,0.29,2.35,2780.3,0.3,7499998.0,5030666.0,11.89,7.712,0.3,12.97,3.94,3.93,3.92,3.95
2020-07-13 00:00:00+00:00,238.5,391.49,5.75,29332.49,13.4,0.29,2.33,5494.1,0.3,7499998.0,5030666.0,11.81,7.712,0.3,12.97,3.91,3.9,3.89,3.93
2020-07-14 00:00:00+00:00,238.4,391.29,5.76,29317.5,13.4,0.29,2.33,5882.8,0.3,7499998.0,5030666.0,11.8,7.712,0.3,12.97,3.91,3.91,3.9,3.97
2020-07-15 00:00:00+00:00,238.4,391.39,5.75,29324.99,13.4,0.29,2.33,3094.2,0.3,7499998.0,5030666.0,11.8,7.712,0.3,12.97,3.91,3.91,3.89,3.91
2020-07-16 00:00:00+00:00,236.7,388.59,5.8,29114.99,13.3,0.29,2.32,4376.3,0.3,7499998.0,5030666.0,11.72,7.673,0.3,13.03,3.88,3.88,3.88,3.91
2020-07-17 00:00:00+00:00,236.2,387.68,5.81,29047.49,13.3,0.29,2.31,1303.2,0.3,7499998.0,5030666.0,11.69,7.673,0.3,13.03,3.9,3.87,3.87,3.9
2020-07-20 00:00:00+00:00,237.7,390.19,5.77,29234.99,13.4,0.29,2.33,8054.6,0.3,7499998.0,5030666.0,11.77,7.673,0.3,13.03,3.9,3.87,3.83,3.9
2020-07-21 00:00:00+00:00,238.5,391.49,5.75,29332.49,13.4,0.29,2.33,1969.7,0.3,7499998.0,5030666.0,11.81,7.673,0.3,13.03,3.91,3.9,3.85,3.92
2020-07-22 00:00:00+00:00,237.3,389.49,5.78,29182.49,13.4,0.29,2.32,1759.6,0.3,7499998.0,5030666.0,11.75,7.673,0.3,13.03,3.91,3.89,3.88,3.92
2020-07-23 00:00:00+00:00,237.2,389.39,5.78,29175.0,13.4,0.29,2.32,961.0,0.3,7499998.0,5030666.0,11.74,7.673,0.3,13.03,3.9,3.89,3.89,3.9
2020-07-24 00:00:00+00:00,236.6,388.39,5.8,29099.99,13.3,0.29,2.32,1060.0,0.3,7499998.0,5030666.0,11.71,7.673,0.3,13.03,3.89,3.88,3.87,3.91
2020-07-27 00:00:00+00:00,237.1,389.29,5.79,29167.49,13.4,0.29,2.32,1189.1,0.3,7499998.0,5030666.0,11.74,7.673,0.3,13.03,3.89,3.89,3.87,3.9
2020-07-28 00:00:00+00:00,238.2,391.09,5.76,29302.49,13.4,0.29,2.33,4386.3,0.3,7499998.0,5030666.0,11.8,7.673,0.3,13.03,3.91,3.9,3.89,3.91
2020-07-29 00:00:00+00:00,240.1,394.19,5.71,29534.99,13.5,0.29,2.35,7298.2,0.3,7499998.0,5030666.0,11.89,7.673,0.3,13.03,3.94,3.93,3.9,3.94
2020-07-30 00:00:00+00:00,240.1,394.19,5.71,29534.99,13.5,0.29,2.35,,0.3,7499998.0,5030666.0,11.89,7.673,0.3,13.03,,,,
2020-07-31 00:00:00+00:00,240.1,394.19,5.71,29534.99,13.5,0.29,2.35,,0.3,7499998.0,5030666.0,11.89,7.673,0.3,13.03,,,,
2020-08-03 00:00:00+00:00,240.1,394.19,5.71,29534.99,13.5,0.29,2.35,,0.3,7499998.0,5030666.0,11.89,7.673,0.3,13.03,,,,
2020-08-04 00:00:00+00:00,240.1,394.19,5.71,29534.99,13.5,0.29,2.35,,0.3,7499998.0,5030666.0,11.89,7.673,0.3,13.03,,,,
2020-08-05 00:00:00+00:00,238.5,391.59,5.75,29339.99,13.4,0.29,2.33,9962.8,0.3,7499998.0,5030666.0,11.81,7.673,0.3,13.03,3.94,3.91,3.91,3.97
2020-08-06 00:00:00+00:00,240.1,394.19,5.71,29534.99,13.5,0.29,2.35,6492.5,0.3,7499998.0,5030666.0,11.89,7.673,0.3,13.03,3.94,3.92,3.91,3.94
2020-08-07 00:00:00+00:00,239.6,393.39,5.73,29474.99,13.5,0.29,2.35,6878.5,0.3,7499998.0,5030666.0,11.86,7.673,0.3,13.03,3.94,3.93,3.91,3.94
2020-08-10 00:00:00+00:00,240.9,395.39,5.7,29624.99,13.6,0.29,2.36,3582.2,0.3,7499998.0,5030666.0,11.93,7.673,0.3,13.03,3.96,3.95,3.92,3.96
2020-08-11 00:00:00+00:00,242.1,397.49,5.67,29782.49,13.6,0.29,2.37,4916.0,0.3,7499998.0,5030666.0,11.99,7.673,0.3,13.03,3.98,3.97,3.94,3.98
2020-08-12 00:00:00+00:00,242.7,398.39,5.65,29849.99,13.7,0.29,2.37,1639.3,0.3,7499998.0,5030666.0,12.02,7.673,0.3,13.03,3.98,3.98,3.96,3.98
2020-08-13 00:00:00+00:00,245.2,402.6,5.59,30165.0,13.8,0.29,2.4,9537.4,0.3,7499998.0,5030666.0,12.14,7.673,0.3,13.03,4.03,4.02,3.97,4.02
2020-08-14 00:00:00+00:00,244.5,401.4,5.61,30074.99,13.8,0.29,2.39,3871.5,0.3,7499998.0,5030666.0,12.11,7.673,0.3,13.03,4.01,4.01,3.99,4.02
2020-08-17 00:00:00+00:00,250.3,410.91,5.48,30787.49,14.1,0.29,2.45,6149.0,0.3,7499998.0,5030666.0,12.39,7.673,0.3,13.03,4.1,4.1,4.01,4.11
2020-08-18 00:00:00+00:00,255.8,419.92,5.36,31462.49,14.4,0.29,2.5,7749.4,0.3,7499998.0,5030666.0,12.66,7.673,0.3,13.03,4.19,4.19,4.1,4.19
2020-08-19 00:00:00+00:00,256.4,420.92,5.35,31537.49,14.4,0.29,2.51,16361.1,0.3,7499998.0,5030666.0,12.7,7.673,0.3,13.03,4.2,4.2,4.19,4.22
2020-08-20 00:00:00+00:00,253.0,415.41,5.42,31124.99,14.3,0.29,2.48,4554.1,0.3,7499998.0,5030666.0,12.53,7.143,0.3,14.0,4.15,4.12,4.11,4.19
2020-08-21 00:00:00+00:00,251.2,412.31,5.46,30892.5,14.1,0.29,2.46,2054.7,0.3,7499998.0,5030666.0,12.44,7.143,0.3,14.0,4.12,4.12,4.11,4.12
2020-08-24 00:00:00+00:00,252.9,415.21,5.42,31109.99,14.2,0.29,2.48,1646.9,0.3,7499998.0,5030666.0,12.52,7.143,0.3,14.0,4.15,4.12,4.11,4.15
2020-08-25 00:00:00+00:00,251.3,412.51,5.46,30907.49,14.2,0.29,2.46,2465.6,0.3,7499998.0,5030666.0,12.44,7.143,0.3,14.0,4.13,4.12,4.12,4.15
2020-08-26 00:00:00+00:00,253.8,416.71,5.4,31222.49,14.3,0.29,2.48,4479.9,0.3,7499998.0,5030666.0,12.57,7.143,0.3,14.0,4.16,4.16,4.12,4.16
2020-08-27 00:00:00+00:00,255.2,418.92,5.38,31387.5,14.4,0.29,2.5,4647.2,0.3,7499998.0,5030666.0,12.63,7.143,0.3,14.0,4.19,4.18,4.13,4.19
2020-08-28 00:00:00+00:00,255.5,419.42,5.37,31424.99,14.4,0.29,2.5,2288.5,0.3,7499998.0,5030666.0,12.65,7.143,0.3,14.0,4.19,4.19,4.16,4.19
2020-08-31 00:00:00+00:00,254.3,417.41,5.4,31274.99,14.3,0.29,2.49,7182.6,0.3,7499998.0,5030666.0,12.59,7.143,0.3,14.0,4.17,4.17,4.15,4.2
2020-09-01 00:00:00+00:00,253.7,416.51,5.41,31207.49,14.3,0.29,2.48,6907.3,0.3,7499998.0,5030666.0,12.56,7.143,0.3,14.0,4.18,4.16,4.16,4.23
2020-09-02 00:00:00+00:00,252.7,414.91,5.43,31087.49,14.2,0.29,2.47,4248.8,0.3,7499998.0,5030666.0,12.51,7.143,0.3,14.0,4.15,4.12,4.1,4.2
2020-09-03 00:00:00+00:00,254.7,418.11,5.39,31327.49,14.3,0.29,2.49,5004.3,0.3,7499998.0,5030666.0,12.61,7.143,0.3,14.0,4.18,4.17,4.13,4.18
2020-09-04 00:00:00+00:00,251.2,412.31,5.46,30892.5,14.1,0.29,2.46,1792.2,0.3,7499998.0,5030666.0,12.44,7.143,0.3,14.0,4.12,4.12,4.11,4.16
2020-09-07 00:00:00+00:00,249.9,410.21,5.49,30734.99,14.1,0.29,2.45,2440.4,0.3,7499998.0,5030666.0,12.37,7.143,0.3,14.0,4.11,4.1,4.1,4.12
2020-09-08 00:00:00+00:00,252.9,415.11,5.43,31102.49,14.2,0.29,2.47,2082.2,0.3,7499998.0,5030666.0,12.52,7.143,0.3,14.0,4.15,4.12,4.1,4.15
2020-09-09 00:00:00+00:00,250.0,410.41,5.49,30749.99,14.1,0.29,2.45,3444.8,0.3,7499998.0,5030666.0,12.38,7.143,0.3,14.0,4.11,4.1,4.1,4.11
2020-09-10 00:00:00+00:00,253.0,415.41,5.42,31124.99,14.3,0.29,2.48,2275.0,0.3,7499998.0,5030666.0,12.53,7.143,0.3,14.0,4.15,4.14,4.1,4.16
2020-09-11 00:00:00+00:00,254.9,418.41,5.38,31349.99,14.4,0.29,2.49,2476.2,0.3,7499998.0,5030666.0,12.62,7.143,0.3,14.0,4.18,4.17,4.12,4.19
2020-09-14 00:00:00+00:00,253.1,415.51,5.42,31132.49,14.3,0.29,2.48,2498.8,0.3,7499998.0,5030666.0,12.53,7.143,0.3,14.0,4.17,4.15,4.14,4.18
2020-09-15 00:00:00+00:00,252.4,414.41,5.43,31050.0,14.2,0.29,2.47,3177.3,0.3,7499998.0,5030666.0,12.5,7.143,0.3,14.0,4.14,4.14,4.14,4.15
2020-09-16 00:00:00+00:00,254.3,417.41,5.4,31274.99,14.3,0.29,2.49,2571.5,0.3,7499998.0,5030666.0,12.59,7.143,0.3,14.0,4.17,4.16,4.13,4.19
2020-09-17 00:00:00+00:00,256.0,420.32,5.36,31492.49,14.4,0.29,2.51,7504.4,0.3,7499998.0,5030666.0,12.68,7.246,0.3,13.8,4.2,4.16,4.15,4.2
2020-09-18 00:00:00+00:00,253.7,416.41,5.41,31199.99,14.3,0.29,2.48,2105.1,0.3,7499998.0,5030666.0,12.56,7.246,0.3,13.8,4.19,4.16,4.15,4.2
2020-09-21 00:00:00+00:00,252.9,415.11,5.43,31102.49,14.2,0.29,2.47,3913.4,0.3,7499998.0,5030666.0,12.52,7.246,0.3,13.8,4.15,4.12,4.12,4.17
2020-09-22 00:00:00+00:00,252.4,414.41,5.43,31050.0,14.2,0.29,2.47,2054.9,0.3,7499998.0,5030666.0,12.5,7.246,0.3,13.8,4.14,4.14,4.1,4.15
2020-09-23 00:00:00+00:00,252.4,414.41,5.43,31050.0,14.2,0.29,2.47,4207.4,0.3,7499998.0,5030666.0,12.5,7.246,0.3,13.8,4.14,4.11,4.1,4.18
2020-09-24 00:00:00+00:00,249.4,409.41,5.5,30674.99,14.1,0.29,2.44,2521.1,0.3,7499998.0,5030666.0,12.35,7.246,0.3,13.8,4.1,4.09,4.09,4.12
2020-09-25 00:00:00+00:00,250.2,410.71,5.48,30772.49,14.1,0.29,2.45,2556.1,0.3,7499998.0,5030666.0,12.39,7.246,0.3,13.8,4.11,4.1,4.1,4.14
2020-09-28 00:00:00+00:00,251.2,412.41,5.46,30899.99,14.2,0.29,2.46,3318.2,0.3,7499998.0,5030666.0,12.44,7.246,0.3,13.8,4.14,4.12,4.1,4.14
2020-09-29 00:00:00+00:00,251.2,412.41,5.46,30899.99,14.2,0.29,2.46,10616.9,0.3,7499998.0,5030666.0,12.44,7.246,0.3,13.8,4.13,4.12,4.11,4.13
2020-09-30 00:00:00+00:00,253.7,416.41,5.41,31199.99,14.3,0.29,2.48,3918.4,0.3,7499998.0,5030666.0,12.56,7.246,0.3,13.8,4.16,4.13,4.12,4.16
2020-10-01 00:00:00+00:00,252.8,415.01,5.43,31094.99,14.2,0.29,2.47,2407.5,0.3,7499998.0,5030666.0,12.52,7.246,0.3,13.8,4.16,4.15,4.14,4.17
2020-10-02 00:00:00+00:00,253.0,415.31,5.42,31117.49,14.3,0.29,2.48,868.0,0.3,7499998.0,5030666.0,12.53,7.246,0.3,13.8,4.15,4.15,4.11,4.16
2020-10-05 00:00:00+00:00,253.0,415.31,5.42,31117.49,14.3,0.29,2.48,3999.3,0.3,7499998.0,5030666.0,12.53,7.246,0.3,13.8,4.15,4.15,4.12,4.16
2020-10-06 00:00:00+00:00,253.0,415.41,5.42,31124.99,14.3,0.29,2.48,2557.4,0.3,7499998.0,5030666.0,12.53,7.246,0.3,13.8,4.16,4.15,4.13,4.16
2020-10-07 00:00:00+00:00,254.6,418.01,5.39,31319.99,14.3,0.29,2.49,3756.4,0.3,7499998.0,5030666.0,12.61,7.246,0.3,13.8,4.18,4.18,4.15,4.19
2020-10-08 00:00:00+00:00,256.0,420.22,5.36,31484.99,14.4,0.29,2.51,7688.3,0.3,7499998.0,5030666.0,12.67,7.246,0.3,13.8,4.2,4.19,4.16,4.2
2020-10-09 00:00:00+00:00,256.2,420.52,5.36,31507.49,14.4,0.29,2.51,5867.0,0.3,7499998.0,5030666.0,12.68,7.246,0.3,13.8,4.21,4.2,4.18,4.22
2020-10-12 00:00:00+00:00,256.6,421.32,5.35,31567.49,14.4,0.29,2.51,9079.7,0.3,7499998.0,5030666.0,12.71,7.246,0.3,13.8,4.21,4.2,4.19,4.22
2020-10-13 00:00:00+00:00,255.9,420.02,5.36,31469.99,14.4,0.29,2.5,1319.6,0.3,7499998.0,5030666.0,12.67,7.246,0.3,13.8,4.2,4.19,4.19,4.21
2020-10-14 00:00:00+00:00,253.8,416.61,5.41,31214.99,14.3,0.29,2.48,5281.9,0.3,7499998.0,5030666.0,12.57,7.246,0.3,13.8,4.2,4.16,4.16,4.2
2020-10-15 00:00:00+00:00,254.6,417.91,5.39,31312.49,14.3,0.29,2.49,1636.3,0.3,7499998.0,5030666.0,12.6,7.143,0.3,14.0,4.18,4.16,4.16,4.19
2020-10-16 00:00:00+00:00,254.0,416.91,5.4,31237.49,14.3,0.29,2.49,916.6,0.3,7499998.0,5030666.0,12.57,7.143,0.3,14.0,4.17,4.16,4.15,4.19
2020-10-19 00:00:00+00:00,254.0,416.91,5.4,31237.49,14.3,0.29,2.49,2960.4,0.3,7499998.0,5030666.0,12.57,7.143,0.3,14.0,4.17,4.16,4.15,4.18
2020-10-20 00:00:00+00:00,254.8,418.31,5.38,31342.49,14.3,0.29,2.49,3407.3,0.3,7499998.0,5030666.0,12.62,7.143,0.3,14.0,4.18,4.17,4.16,4.19
2020-10-21 00:00:00+00:00,256.1,420.42,5.36,31499.99,14.4,0.29,2.51,11847.7,0.3,7499998.0,5030666.0,12.68,7.143,0.3,14.0,4.2,4.2,4.17,4.21
2020-10-22 00:00:00+00:00,257.3,422.32,5.33,31642.49,14.5,0.29,2.52,3696.9,0.3,7499998.0,5030666.0,12.74,7.143,0.3,14.0,4.22,4.21,4.18,4.22
2020-10-23 00:00:00+00:00,261.0,428.42,5.26,32099.99,14.7,0.29,2.55,12523.8,0.3,7499998.0,5030666.0,12.92,7.143,0.3,14.0,4.29,4.28,4.17,4.39
2020-10-26 00:00:00+00:00,258.4,424.12,5.31,31777.5,14.5,0.29,2.53,2193.7,0.3,7499998.0,5030666.0,12.79,7.143,0.3,14.0,4.29,4.24,4.21,4.31
2020-10-27 00:00:00+00:00,264.0,433.43,5.2,32474.99,14.8,0.29,2.58,8204.8,0.3,7499998.0,5030666.0,13.07,7.143,0.3,14.0,4.35,4.32,4.24,4.35
2020-10-28 00:00:00+00:00,266.9,438.13,5.14,32827.49,15.0,0.29,2.61,5509.0,0.3,7499998.0,5030666.0,13.21,7.143,0.3,14.0,4.38,4.38,4.3,4.39
2020-10-29 00:00:00+00:00,261.9,429.93,5.24,32212.49,14.7,0.29,2.56,6317.1,0.3,7499998.0,5030666.0,12.97,7.143,0.3,14.0,4.3,4.3,4.27,4.34
2020-10-30 00:00:00+00:00,260.4,427.42,5.27,32024.99,14.6,0.29,2.55,5248.9,0.3,7499998.0,5030666.0,12.89,7.143,0.3,14.0,4.27,4.25,4.24,4.3
2020-11-02 00:00:00+00:00,258.5,424.42,5.31,31799.99,14.5,0.29,2.53,2825.4,0.3,7499998.0,5030666.0,12.8,7.143,0.3,14.0,4.27,4.24,4.2,4.27
2020-11-03 00:00:00+00:00,258.5,424.42,5.31,31799.99,14.5,0.29,2.53,5566.1,0.3,7499998.0,5030666.0,12.8,7.143,0.3,14.0,4.25,4.24,4.23,4.27
2020-11-04 00:00:00+00:00,258.7,424.62,5.3,31814.99,14.5,0.29,2.53,1791.1,0.3,7499998.0,5030666.0,12.81,7.143,0.3,14.0,4.25,4.24,4.23,4.3
2020-11-05 00:00:00+00:00,260.9,428.22,5.26,32084.99,14.7,0.29,2.55,3107.1,0.3,7499998.0,5030666.0,12.92,7.143,0.3,14.0,4.28,4.25,4.24,4.28
2020-11-06 00:00:00+00:00,260.7,427.92,5.26,32062.49,14.7,0.29,2.55,2727.9,0.3,7499998.0,5030666.0,12.91,7.143,0.3,14.0,4.27,4.26,4.25,4.29
2020-11-09 00:00:00+00:00,262.9,431.53,5.22,32332.49,14.8,0.29,2.57,7909.6,0.3,7499998.0,5030666.0,13.02,7.143,0.3,14.0,4.31,4.3,4.26,4.33
2020-11-10 00:00:00+00:00,263.1,431.93,5.21,32362.49,14.8,0.29,2.57,5449.7,0.3,7499998.0,5030666.0,13.03,7.143,0.3,14.0,4.31,4.31,4.28,4.35
2020-11-11 00:00:00+00:00,262.2,430.43,5.23,32249.99,14.7,0.29,2.57,3164.7,0.3,7499998.0,5030666.0,12.98,7.143,0.3,14.0,4.3,4.3,4.29,4.32
2020-11-12 00:00:00+00:00,262.0,430.13,5.24,32227.49,14.7,0.29,2.56,5414.0,0.3,7499998.0,5030666.0,12.97,7.143,0.3,14.0,4.3,4.29,4.26,4.3
2020-11-13 00:00:00+00:00,262.0,430.13,5.24,32227.49,14.7,0.29,2.56,2652.0,0.3,7499998.0,5030666.0,12.97,7.143,0.3,14.0,4.3,4.3,4.22,4.35
2020-11-16 00:00:00+00:00,261.6,429.43,5.24,32174.99,14.7,0.29,2.56,6608.7,0.3,7499998.0,5030666.0,12.95,7.143,0.3,14.0,4.31,4.29,4.29,4.32
2020-11-17 00:00:00+00:00,261.6,429.43,5.24,32174.99,14.7,0.29,2.56,3634.9,0.3,7499998.0,5030666.0,12.95,7.143,0.3,14.0,4.29,4.28,4.27,4.3
2020-11-18 00:00:00+00:00,261.6,429.43,5.24,32174.99,14.7,0.29,2.56,3698.0,0.3,7499998.0,5030666.0,12.95,7.143,0.3,14.0,4.29,4.28,4.28,4.3
2020-11-19 00:00:00+00:00,259.5,425.92,5.29,31912.49,14.6,0.29,2.54,4153.4,0.3,7499998.0,5030666.0,12.85,6.993,0.3,14.3,4.29,4.26,4.26,4.3
2020-11-20 00:00:00+00:00,260.7,427.92,5.26,32062.49,14.7,0.29,2.55,1562.2,0.3,7499998.0,5030666.0,12.91,6.993,0.3,14.3,4.28,4.27,4.26,4.28
2020-11-23 00:00:00+00:00,260.9,428.22,5.26,32084.99,14.7,0.29,2.55,4373.5,0.3,7499998.0,5030666.0,12.92,6.993,0.3,14.3,4.28,4.28,4.26,4.29
2020-11-24 00:00:00+00:00,260.4,427.42,5.27,32024.99,14.6,0.29,2.55,5299.7,0.3,7499998.0,5030666.0,12.89,6.993,0.3,14.3,4.29,4.27,4.27,4.29
2020-11-25 00:00:00+00:00,262.0,430.03,5.24,32219.99,14.7,0.29,2.56,3615.2,0.3,7499998.0,5030666.0,12.97,6.993,0.3,14.3,4.3,4.3,4.28,4.3
2020-11-26 00:00:00+00:00,262.2,430.43,5.23,32249.99,14.7,0.29,2.57,3049.4,0.3,7499998.0,5030666.0,12.98,6.993,0.3,14.3,4.3,4.29,4.28,4.3
2020-11-27 00:00:00+00:00,262.2,430.43,5.23,32249.99,14.7,0.29,2.57,2442.8,0.3,7499998.0,5030666.0,12.98,6.993,0.3,14.3,4.31,4.3,4.28,4.31
2020-11-30 00:00:00+00:00,260.4,427.42,5.27,32024.99,14.6,0.29,2.55,17071.4,0.3,7499998.0,5030666.0,12.89,6.993,0.3,14.3,4.31,4.27,4.27,4.31
2020-12-01 00:00:00+00:00,266.9,438.13,5.14,32827.49,15.0,0.29,2.61,5690.5,0.3,7499998.0,5030666.0,13.21,6.993,0.3,14.3,4.38,4.34,4.27,4.38
2020-12-02 00:00:00+00:00,267.1,438.43,5.14,32849.99,15.0,0.29,2.61,8818.8,0.3,7499998.0,5030666.0,13.22,6.993,0.3,14.3,4.39,4.38,4.33,4.4
2020-12-03 00:00:00+00:00,269.5,442.44,5.09,33149.99,15.2,0.29,2.64,5623.9,0.3,7499998.0,5030666.0,13.34,6.993,0.3,14.3,4.42,4.39,4.36,4.44
2020-12-04 00:00:00+00:00,270.7,444.44,5.07,33299.99,15.2,0.29,2.65,6663.2,0.3,7499998.0,5030666.0,13.4,6.993,0.3,14.3,4.44,4.42,4.4,4.48
2020-12-07 00:00:00+00:00,271.8,446.24,5.05,33434.99,15.3,0.29,2.66,5681.5,0.3,7499998.0,5030666.0,13.46,6.993,0.3,14.3,4.46,4.42,4.4,4.47
2020-12-08 00:00:00+00:00,270.7,444.34,5.07,33292.49,15.2,0.29,2.65,10565.0,0.3,7499998.0,5030666.0,13.4,6.993,0.3,14.3,4.44,4.44,4.41,4.45
2020-12-09 00:00:00+00:00,270.9,444.64,5.07,33314.99,15.2,0.29,2.65,3114.2,0.3,7499998.0,5030666.0,13.41,6.993,0.3,14.3,4.47,4.44,4.44,4.47
2020-12-10 00:00:00+00:00,271.0,444.94,5.06,33337.49,15.2,0.29,2.65,1710.6,0.3,7499998.0,5030666.0,13.42,6.993,0.3,14.3,4.44,4.43,4.43,4.46
2020-12-11 00:00:00+00:00,270.7,444.44,5.07,33299.99,15.2,0.29,2.65,1701.5,0.3,7499998.0,5030666.0,13.4,6.993,0.3,14.3,4.44,4.43,4.42,4.46
2020-12-14 00:00:00+00:00,270.5,444.14,5.07,33277.5,15.2,0.29,2.65,3776.8,0.3,7499998.0,5030666.0,13.4,6.993,0.3,14.3,4.44,4.43,4.41,4.44
2020-12-15 00:00:00+00:00,269.5,442.34,5.09,33142.49,15.2,0.29,2.64,6699.2,0.3,7499998.0,5030666.0,13.34,6.993,0.3,14.3,4.42,4.42,4.41,4.44
2020-12-16 00:00:00+00:00,269.5,442.44,5.09,33149.99,15.2,0.29,2.64,6399.3,0.3,7499998.0,5030666.0,13.34,6.993,0.3,14.3,4.45,4.42,4.41,4.45
2020-12-17 00:00:00+00:00,269.5,442.44,5.09,33149.99,15.2,0.29,2.64,,0.3,7499998.0,5030666.0,13.34,6.787,0.3,14.73,,,,
2020-12-18 00:00:00+00:00,273.8,449.45,5.01,33674.99,15.4,0.29,2.68,9365.8,0.3,7499998.0,5030666.0,13.56,6.787,0.3,14.73,4.49,4.49,4.43,4.53
2020-12-21 00:00:00+00:00,271.3,445.44,5.06,33374.99,15.3,0.29,2.66,10047.2,0.3,7499998.0,5030666.0,13.43,6.787,0.3,14.73,4.47,4.45,4.44,4.49
2020-12-22 00:00:00+00:00,273.1,448.34,5.02,33592.49,15.4,0.29,2.67,6256.3,0.3,7499998.0,5030666.0,13.52,6.787,0.3,14.73,4.48,4.47,4.42,4.48
2020-12-23 00:00:00+00:00,273.2,448.54,5.02,33607.49,15.4,0.29,2.67,5699.9,0.3,7499998.0,5030666.0,13.53,6.787,0.3,14.73,4.49,4.48,4.47,4.49
2020-12-24 00:00:00+00:00,275.3,451.95,4.98,33862.49,15.5,0.29,2.69,6896.5,0.3,7499998.0,5030666.0,13.63,6.787,0.3,14.73,4.52,4.52,4.48,4.52
2020-12-25 00:00:00+00:00,277.8,456.05,4.94,34169.99,15.6,0.29,2.72,5779.1,0.3,7499998.0,5030666.0,13.75,6.787,0.3,14.73,4.56,4.55,4.53,4.56
2020-12-28 00:00:00+00:00,276.8,454.45,4.96,34049.99,15.6,0.29,2.71,1032.0,0.3,7499998.0,5030666.0,13.71,6.787,0.3,14.73,4.55,4.54,4.53,4.56
2020-12-29 00:00:00+00:00,276.8,454.35,4.96,34042.49,15.6,0.29,2.71,4339.2,0.3,7499998.0,5030666.0,13.7,6.787,0.3,14.73,4.54,4.54,4.52,4.54
2020-12-30 00:00:00+00:00,277.4,455.45,4.95,34124.99,15.6,0.29,2.72,4239.1,0.3,7499998.0,5030666.0,13.74,6.787,0.3,14.73,4.55,4.53,4.52,4.56
2020-12-31 00:00:00+00:00,276.2,453.45,4.97,33974.99,15.5,0.29,2.7,5441.9,0.3,7499998.0,5030666.0,13.68,6.787,0.3,14.73,4.53,4.52,4.5,4.55
2021-01-01 00:00:00+00:00,275.6,452.45,4.98,33900.0,15.5,0.29,2.03,856.2,0.3,7499998.0,5098103.0,11.48,6.787,0.3,14.73,4.52,4.52,4.5,4.54
2021-01-04 00:00:00+00:00,275.0,451.45,4.99,33824.99,15.5,0.29,2.03,3122.6,0.3,7499998.0,5098103.0,11.45,6.787,0.3,14.73,4.53,4.51,4.5,4.54
2021-01-05 00:00:00+00:00,277.7,455.95,4.94,34162.49,15.6,0.29,2.05,8635.2,0.3,7499998.0,5098103.0,11.57,6.787,0.3,14.73,4.56,4.55,4.54,4.59
2021-01-06 00:00:00+00:00,275.3,451.95,4.98,33862.49,15.5,0.29,2.03,4344.7,0.3,7499998.0,5098103.0,11.47,6.787,0.3,14.73,4.55,4.52,4.51,4.57
2021-01-07 00:00:00+00:00,278.5,457.25,4.93,34259.99,15.7,0.29,2.05,5327.0,0.3,7499998.0,5098103.0,11.6,6.787,0.3,14.73,4.58,4.57,4.5,4.57
2021-01-08 00:00:00+00:00,278.5,457.25,4.93,34259.99,15.7,0.29,2.05,9477.7,0.3,7499998.0,5098103.0,11.6,6.787,0.3,14.73,4.57,4.56,4.56,4.61
2021-01-11 00:00:00+00:00,280.1,459.86,4.9,34454.99,15.8,0.29,2.06,9913.1,0.3,7499998.0,5098103.0,11.67,6.787,0.3,14.73,4.59,4.58,4.56,4.6
2021-01-12 00:00:00+00:00,279.6,458.95,4.91,34387.49,15.7,0.29,2.06,4088.6,0.3,7499998.0,5098103.0,11.64,6.787,0.3,14.73,4.59,4.59,4.58,4.6
2021-01-13 00:00:00+00:00,280.2,460.06,4.9,34469.99,15.8,0.29,2.06,3782.0,0.3,7499998.0,5098103.0,11.67,6.787,0.3,14.73,4.6,4.58,4.56,4.6
2021-01-14 00:00:00+00:00,279.1,458.25,4.91,34334.99,15.7,0.29,2.06,5535.8,0.3,7499998.0,5098103.0,11.63,6.536,0.3,15.3,4.6,4.58,4.58,4.6
2021-01-15 00:00:00+00:00,280.1,459.86,4.9,34454.99,15.8,0.29,2.06,2462.6,0.3,7499998.0,5098103.0,11.67,6.536,0.3,15.3,4.6,4.59,4.56,4.62
2021-01-18 00:00:00+00:00,279.3,458.45,4.91,34349.99,15.7,0.29,2.06,3017.6,0.3,7499998.0,5098103.0,11.63,6.536,0.3,15.3,4.58,4.58,4.57,4.59
2021-01-19 00:00:00+00:00,275.6,452.45,3.76,33900.0,15.5,0.29,2.03,5111.9,0.3,7499998.0,5098103.0,11.48,6.536,0.3,15.3,4.54,4.52,4.52,4.6
2021-01-20 00:00:00+00:00,269.6,442.64,3.84,33164.99,15.2,0.29,1.99,5919.3,0.3,7499998.0,5098103.0,11.23,6.536,0.3,15.3,4.44,4.42,4.36,4.48
2021-01-21 00:00:00+00:00,268.5,440.74,3.86,33022.49,15.2,0.29,1.98,7085.4,0.3,7499998.0,5098103.0,11.18,6.536,0.3,15.3,4.43,4.4,4.4,4.45
2021-01-22 00:00:00+00:00,268.8,441.34,3.86,33067.5,15.2,0.29,1.98,2502.6,0.3,7499998.0,5098103.0,11.2,6.536,0.3,15.3,4.41,4.41,4.39,4.43
2021-01-25 00:00:00+00:00,271.0,444.94,3.82,33337.49,15.3,0.29,2.0,3394.3,0.3,7499998.0,5098103.0,11.29,6.536,0.3,15.3,4.45,4.44,4.39,4.45
2021-01-26 00:00:00+00:00,270.9,444.64,3.83,33314.99,15.3,0.29,2.0,3451.4,0.3,7499998.0,5098103.0,11.28,6.536,0.3,15.3,4.44,4.43,4.41,4.44
2021-01-27 00:00:00+00:00,271.3,445.44,3.82,33374.99,15.3,0.29,2.0,4565.3,0.3,7499998.0,5098103.0,11.3,6.536,0.3,15.3,4.45,4.44,4.42,4.45
2021-01-28 00:00:00+00:00,267.7,439.44,3.87,32924.99,15.1,0.29,1.97,9717.7,0.3,7499998.0,5098103.0,11.15,6.536,0.3,15.3,4.39,4.39,4.39,4.43
2021-01-29 00:00:00+00:00,264.9,434.93,3.91,32587.49,15.0,0.29,1.95,3574.0,0.3,7499998.0,5098103.0,11.04,6.536,0.3,15.3,4.37,4.35,4.35,4.39
2021-02-01 00:00:00+00:00,267.1,438.43,3.88,32849.99,15.1,0.29,1.97,3247.6,0.3,7499998.0,5098103.0,11.12,6.536,0.3,15.3,4.4,4.38,4.35,4.43
2021-02-02 00:00:00+00:00,267.6,439.24,3.87,32909.99,15.1,0.29,1.97,3026.2,0.3,7499998.0,5098103.0,11.14,6.536,0.3,15.3,4.4,4.39,4.38,4.42
2021-02-03 00:00:00+00:00,267.1,438.53,3.88,32857.49,15.1,0.29,1.97,5043.9,0.3,7499998.0,5098103.0,11.13,6.536,0.3,15.3,4.4,4.38,4.37,4.4
2021-02-04 00:00:00+00:00,266.8,438.03,3.88,32820.0,15.1,0.29,1.97,2740.5,0.3,7499998.0,5098103.0,11.11,6.536,0.3,15.3,4.4,4.38,4.36,4.42
2021-02-05 00:00:00+00:00,267.4,438.94,3.88,32887.49,15.1,0.29,1.97,858.0,0.3,7499998.0,5098103.0,11.14,6.536,0.3,15.3,4.39,4.38,4.37,4.4
2021-02-08 00:00:00+00:00,265.2,435.43,3.91,32624.99,15.0,0.29,1.95,2427.0,0.3,7499998.0,5098103.0,11.05,6.536,0.3,15.3,4.35,4.35,4.34,4.39
2021-02-09 00:00:00+00:00,265.2,435.43,3.91,32624.99,15.0,0.29,1.95,,0.3,7499998.0,5098103.0,11.05,6.536,0.3,15.3,,,,
2021-02-10 00:00:00+00:00,268.3,440.44,3.86,32999.99,15.2,0.29,1.98,6402.5,0.3,7499998.0,5098103.0,11.17,6.536,0.3,15.3,4.4,4.4,4.32,4.4
2021-02-11 00:00:00+00:00,268.3,440.44,3.86,32999.99,15.2,0.29,1.98,4152.4,0.3,7499998.0,5098103.0,11.17,6.536,0.3,15.3,4.4,4.4,4.36,4.41
2021-02-12 00:00:00+00:00,267.7,439.44,3.87,32924.99,15.1,0.29,1.97,3099.4,0.3,7499998.0,5098103.0,11.15,6.536,0.3,15.3,4.4,4.39,4.37,4.4
2021-02-15 00:00:00+00:00,267.1,438.53,3.88,32857.49,15.1,0.29,1.97,3100.1,0.3,7499998.0,5098103.0,11.13,6.536,0.3,15.3,4.38,4.38,4.36,4.4
2021-02-16 00:00:00+00:00,268.0,439.94,3.87,32962.49,15.2,0.29,1.97,2194.4,0.3,7499998.0,5098103.0,11.16,6.536,0.3,15.3,4.4,4.39,4.38,4.4
2021-02-17 00:00:00+00:00,265.1,435.13,3.91,32602.49,15.0,0.29,1.95,3522.5,0.3,7499998.0,5098103.0,11.04,6.536,0.3,15.3,4.36,4.35,4.35,4.4
2021-02-18 00:00:00+00:00,262.5,430.93,3.95,32287.49,14.8,0.29,1.93,6959.8,0.317,7499998.0,5098103.0,10.93,7.213,0.32,13.86,4.34,4.31,4.3,4.39
2021-02-19 00:00:00+00:00,261.9,429.93,3.96,32212.49,14.8,0.29,1.93,1980.3,0.317,7499998.0,5098103.0,10.91,7.213,0.32,13.86,4.3,4.3,4.28,4.32
2021-02-22 00:00:00+00:00,256.8,421.62,4.04,31589.99,14.5,0.29,1.89,4874.8,0.317,7499998.0,5098103.0,10.7,7.213,0.32,13.86,4.24,4.21,4.21,4.3
2021-02-23 00:00:00+00:00,257.6,422.92,4.02,31687.49,14.6,0.29,1.9,3474.5,0.317,7499998.0,5098103.0,10.73,7.213,0.32,13.86,4.24,4.23,4.2,4.28
2021-02-24 00:00:00+00:00,259.8,426.42,3.99,31949.99,14.7,0.29,1.91,6686.9,0.317,7499998.0,5098103.0,10.82,7.213,0.32,13.86,4.26,4.26,4.2,4.29
2021-02-25 00:00:00+00:00,264.3,433.93,3.92,32512.49,14.9,0.29,1.95,13351.8,0.317,7499998.0,5098103.0,11.01,7.213,0.32,13.86,4.36,4.34,4.26,4.39
2021-02-26 00:00:00+00:00,268.2,440.34,3.86,32992.49,15.2,0.29,1.98,2896.4,0.317,7499998.0,5098103.0,11.17,7.213,0.32,13.86,4.4,4.39,4.34,4.4
2021-03-01 00:00:00+00:00,266.5,437.43,3.89,32774.99,15.1,0.29,1.96,8279.3,0.317,7499998.0,5098103.0,11.1,7.213,0.32,13.86,4.39,4.37,4.36,4.4
2021-03-02 00:00:00+00:00,253.7,433.43,4.09,31199.99,14.3,0.29,1.87,11373.4,0.317,7499998.0,5098103.0,10.57,7.213,0.32,13.86,4.18,4.16,4.16,4.22
2021-03-03 00:00:00+00:00,252.4,431.35,4.11,31050.0,14.3,0.29,1.86,6774.6,0.317,7499998.0,5098103.0,10.51,7.213,0.32,13.86,4.14,4.13,4.11,4.2
2021-03-04 00:00:00+00:00,253.7,433.43,4.09,31199.99,14.3,0.29,1.87,4343.0,0.317,7499998.0,5098103.0,10.57,7.213,0.32,13.86,4.17,4.16,4.11,4.2
2021-03-05 00:00:00+00:00,253.7,433.43,4.09,31199.99,14.3,0.29,1.87,,0.317,7499998.0,5098103.0,10.57,7.213,0.32,13.86,,,,
2021-03-08 00:00:00+00:00,254.1,434.26,4.08,31260.0,14.4,0.29,1.87,2562.0,0.317,7499998.0,5098103.0,10.59,7.213,0.32,13.86,4.17,4.16,4.14,4.18
2021-03-09 00:00:00+00:00,255.3,436.24,4.06,31402.49,14.4,0.29,1.88,4521.5,0.317,7499998.0,5098103.0,10.63,7.213,0.32,13.86,4.19,4.16,4.16,4.19
2021-03-10 00:00:00+00:00,254.9,435.51,4.07,31349.99,14.4,0.29,1.88,4563.0,0.317,7499998.0,5098103.0,10.62,7.213,0.32,13.86,4.19,4.18,4.17,4.19
2021-03-11 00:00:00+00:00,254.9,435.51,4.07,31349.99,14.4,0.29,1.88,3975.2,0.317,7499998.0,5098103.0,10.62,7.213,0.32,13.86,4.18,4.18,4.18,4.2
2021-03-12 00:00:00+00:00,254.6,435.1,4.07,31319.99,14.4,0.29,1.88,4257.9,0.317,7499998.0,5098103.0,10.61,7.213,0.32,13.86,4.18,4.18,4.17,4.2
2021-03-15 00:00:00+00:00,256.0,437.39,4.05,31484.99,14.5,0.29,1.89,4232.6,0.317,7499998.0,5098103.0,10.66,7.213,0.32,13.86,4.2,4.17,4.16,4.2
2021-03-16 00:00:00+00:00,254.9,435.51,4.07,31349.99,14.4,0.29,1.88,4763.7,0.317,7499998.0,5098103.0,10.62,7.213,0.32,13.86,4.18,4.18,4.17,4.2
2021-03-17 00:00:00+00:00,254.7,435.2,4.07,31327.49,14.4,0.29,1.88,5901.8,0.317,7499998.0,5098103.0,10.61,7.213,0.32,13.86,4.18,4.18,4.18,4.18
2021-03-18 00:00:00+00:00,254.0,433.95,4.08,31237.49,14.4,0.29,1.87,22795.4,0.325,7499998.0,5098103.0,10.58,7.775,0.32,12.86,4.16,4.16,4.14,4.18
2021-03-19 00:00:00+00:00,253.7,433.43,4.09,31199.99,14.3,0.29,1.87,3110.2,0.325,7499998.0,5098103.0,10.57,7.775,0.32,12.86,4.16,4.15,4.15,4.17
2021-03-22 00:00:00+00:00,254.3,434.47,4.08,31274.99,14.4,0.29,1.87,4931.8,0.325,7499998.0,5098103.0,10.59,7.775,0.32,12.86,4.17,4.16,4.15,4.17
2021-03-23 00:00:00+00:00,254.0,433.95,4.08,31237.49,14.4,0.29,1.87,3657.5,0.325,7499998.0,5098103.0,10.58,7.775,0.32,12.86,4.18,4.16,4.16,4.18
2021-03-24 00:00:00+00:00,253.8,433.64,4.08,31214.99,14.4,0.29,1.87,4085.3,0.325,7499998.0,5098103.0,10.57,7.775,0.32,12.86,4.16,4.15,4.15,4.16
2021-03-25 00:00:00+00:00,253.7,433.43,4.09,31199.99,14.3,0.29,1.87,7051.5,0.325,7499998.0,5098103.0,10.57,7.775,0.32,12.86,4.16,4.15,4.15,4.17
2021-03-26 00:00:00+00:00,252.9,432.18,4.1,31109.99,14.3,0.29,1.86,2207.7,0.325,7499998.0,5098103.0,10.53,7.775,0.32,12.86,4.15,4.15,4.14,4.17
2021-03-29 00:00:00+00:00,254.3,434.47,4.08,31274.99,14.4,0.29,1.87,5595.3,0.325,7499998.0,5098103.0,10.59,7.775,0.32,12.86,4.17,4.16,4.14,4.17
2021-03-30 00:00:00+00:00,260.4,444.89,3.98,32024.99,14.7,0.29,1.92,19029.4,0.325,7499998.0,5098103.0,10.84,7.775,0.32,12.86,4.27,4.26,4.17,4.28
2021-03-31 00:00:00+00:00,261.6,446.97,3.96,32174.99,14.8,0.29,1.93,10157.7,0.325,7499998.0,5098103.0,10.9,7.775,0.32,12.86,4.29,4.27,4.27,4.3
2021-04-01 00:00:00+00:00,260.4,444.89,3.98,32024.99,14.7,0.29,1.92,5620.4,0.325,7499998.0,5098103.0,10.84,7.775,0.32,12.86,4.27,4.27,4.27,4.3
2021-04-02 00:00:00+00:00,261.0,445.93,3.97,32099.99,14.8,0.29,1.92,1543.3,0.325,7499998.0,5098103.0,10.87,7.775,0.32,12.86,4.28,4.28,4.27,4.3
2021-04-05 00:00:00+00:00,260.1,444.47,3.98,31994.99,14.7,0.29,1.92,3068.7,0.325,7499998.0,5098103.0,10.83,7.775,0.32,12.86,4.27,4.27,4.27,4.3
2021-04-06 00:00:00+00:00,258.9,442.39,4.0,31844.99,14.6,0.29,1.91,4336.2,0.325,7499998.0,5098103.0,10.78,7.775,0.32,12.86,4.26,4.25,4.23,4.26
2021-04-07 00:00:00+00:00,259.5,443.33,4.0,31912.49,14.7,0.29,1.91,9692.8,0.325,7499998.0,5098103.0,10.81,7.775,0.32,12.86,4.26,4.26,4.25,4.27
2021-04-08 00:00:00+00:00,260.4,444.89,3.98,32024.99,14.7,0.29,1.92,6080.6,0.325,7499998.0,5098103.0,10.84,7.775,0.32,12.86,4.27,4.26,4.25,4.29
2021-04-09 00:00:00+00:00,260.5,445.2,3.98,32047.49,14.7,0.29,1.92,4142.6,0.325,7499998.0,5098103.0,10.85,7.775,0.32,12.86,4.27,4.27,4.26,4.28
2021-04-12 00:00:00+00:00,259.6,443.54,3.99,31927.49,14.7,0.29,1.91,4964.7,0.325,7499998.0,5098103.0,10.81,7.775,0.32,12.86,4.26,4.26,4.25,4.28
2021-04-13 00:00:00+00:00,259.1,442.81,4.0,31874.99,14.7,0.29,1.91,3475.1,0.325,7499998.0,5098103.0,10.79,7.775,0.32,12.86,4.28,4.25,4.25,4.28
2021-04-14 00:00:00+00:00,261.9,447.5,3.96,32212.49,14.8,0.29,1.93,2739.6,0.325,7499998.0,5098103.0,10.91,7.775,0.32,12.86,4.3,4.28,4.25,4.3
2021-04-15 00:00:00+00:00,276.3,472.19,3.75,33989.99,15.6,0.29,2.04,61816.9,0.333,7499998.0,5098103.0,11.51,7.843,0.33,12.75,4.53,4.52,4.4,4.65
2021-04-16 00:00:00+00:00,271.6,464.17,3.82,33412.49,15.4,0.29,2.0,7348.4,0.333,7499998.0,5098103.0,11.31,7.843,0.33,12.75,4.46,4.45,4.45,4.57
2021-04-19 00:00:00+00:00,274.3,468.75,3.78,33742.49,15.3,0.29,2.02,10991.5,0.333,7499998.0,5098103.0,11.43,7.843,0.33,12.75,4.5,4.49,4.43,4.53
2021-04-20 00:00:00+00:00,274.3,468.75,3.78,33742.49,15.3,0.29,2.02,9495.2,0.333,7499998.0,5098103.0,11.43,7.843,0.33,12.75,4.5,4.49,4.49,4.59
2021-04-21 00:00:00+00:00,274.0,468.23,3.78,33704.99,15.3,0.29,2.02,4672.4,0.333,7499998.0,5098103.0,11.41,7.843,0.33,12.75,4.49,4.49,4.48,4.5
2021-04-22 00:00:00+00:00,272.6,465.73,3.8,33524.99,15.2,0.29,2.01,3321.0,0.333,7499998.0,5098103.0,11.35,7.843,0.33,12.75,4.47,4.47,4.47,4.49
2021-04-23 00:00:00+00:00,271.3,463.64,3.82,33374.99,15.2,0.29,2.0,4184.5,0.333,7499998.0,5098103.0,11.3,7.843,0.33,12.75,4.45,4.44,4.45,4.47
2021-04-26 00:00:00+00:00,271.5,463.96,3.82,33397.49,15.2,0.29,2.0,3326.0,0.333,7499998.0,5098103.0,11.31,7.843,0.33,12.75,4.45,4.45,4.41,4.47
2021-04-27 00:00:00+00:00,272.6,465.73,3.8,33524.99,15.2,0.29,2.01,4409.5,0.333,7499998.0,5098103.0,11.35,7.843,0.33,12.75,4.47,4.46,4.45,4.48
2021-04-28 00:00:00+00:00,272.4,465.52,3.8,33509.99,15.2,0.29,2.01,8823.3,0.333,7499998.0,5098103.0,11.35,7.843,0.33,12.75,4.47,4.46,4.46,4.48
2021-04-29 00:00:00+00:00,272.4,465.52,3.8,33509.99,15.2,0.29,2.01,2471.8,0.333,7499998.0,5098103.0,11.35,7.843,0.33,12.75,4.47,4.46,4.45,4.47
2021-04-30 00:00:00+00:00,272.3,465.21,3.81,33487.49,15.2,0.29,2.01,1600.3,0.333,7499998.0,5098103.0,11.34,7.843,0.33,12.75,4.47,4.46,4.45,4.47
2021-05-03 00:00:00+00:00,273.1,466.67,3.8,33592.49,15.3,0.29,2.01,6182.6,0.333,7499998.0,5098103.0,11.38,7.843,0.33,12.75,4.48,4.47,4.45,4.48
2021-05-04 00:00:00+00:00,272.9,466.25,3.8,33562.49,15.2,0.29,2.01,4255.5,0.333,7499998.0,5098103.0,11.37,7.843,0.33,12.75,4.48,4.47,4.46,4.48
2021-05-05 00:00:00+00:00,272.2,465.1,3.81,33479.99,15.2,0.29,2.01,4164.4,0.333,7499998.0,5098103.0,11.34,7.843,0.33,12.75,4.48,4.46,4.46,4.48
2021-05-06 00:00:00+00:00,271.0,463.12,3.82,33337.49,15.1,0.29,2.0,4184.7,0.333,7499998.0,5098103.0,11.29,7.843,0.33,12.75,4.46,4.44,4.44,4.47
2021-05-07 00:00:00+00:00,272.0,464.69,3.81,33449.99,15.2,0.29,2.0,2978.9,0.333,7499998.0,5098103.0,11.33,7.843,0.33,12.75,4.46,4.45,4.41,4.46
2021-05-10 00:00:00+00:00,272.0,464.69,3.81,33449.99,15.2,0.29,2.0,5575.6,0.333,7499998.0,5098103.0,11.33,7.843,0.33,12.75,4.46,4.46,4.45,4.46
2021-05-11 00:00:00+00:00,272.8,466.15,3.8,33554.99,15.2,0.29,2.01,10050.3,0.333,7499998.0,5098103.0,11.36,7.843,0.33,12.75,4.47,4.47,4.46,4.48
2021-05-12 00:00:00+00:00,272.8,466.15,3.8,33554.99,15.2,0.29,2.01,,0.333,7499998.0,5098103.0,11.36,7.843,0.33,12.75,,,,
2021-05-13 00:00:00+00:00,272.8,466.15,3.8,33554.99,15.2,0.29,2.01,,0.333,7499998.0,5098103.0,11.36,7.843,0.33,12.75,,,,
2021-05-14 00:00:00+00:00,272.8,466.15,3.8,33554.99,15.2,0.29,2.01,,0.333,7499998.0,5098103.0,11.36,7.843,0.33,12.75,,,,
2021-05-17 00:00:00+00:00,273.7,467.71,3.79,33667.49,15.3,0.29,2.02,5970.9,0.333,7499998.0,5098103.0,11.4,7.843,0.33,12.75,4.49,4.48,4.44,4.49
2021-05-18 00:00:00+00:00,272.0,464.69,3.81,33449.99,15.2,0.29,2.0,5196.8,0.333,7499998.0,5098103.0,11.33,7.843,0.33,12.75,4.48,4.46,4.46,4.49
2021-05-19 00:00:00+00:00,272.9,466.25,3.8,33562.49,15.2,0.29,2.01,2712.8,0.333,7499998.0,5098103.0,11.37,7.843,0.33,12.75,4.48,4.46,4.46,4.48
2021-05-20 00:00:00+00:00,270.9,462.92,3.83,33322.49,15.1,0.29,2.0,6035.5,0.342,7499998.0,5098103.0,11.28,7.661,0.34,13.05,4.45,4.44,4.43,4.48
2021-05-21 00:00:00+00:00,270.4,462.08,3.83,33262.5,15.1,0.29,1.99,2687.6,0.342,7499998.0,5098103.0,11.26,7.661,0.34,13.05,4.44,4.44,4.43,4.46
2021-05-24 00:00:00+00:00,267.1,456.35,3.88,32849.99,14.9,0.29,1.97,5642.5,0.342,7499998.0,5098103.0,11.12,7.661,0.34,13.05,4.38,4.37,4.38,4.44
2021-05-25 00:00:00+00:00,268.3,458.44,3.86,32999.99,15.0,0.29,1.98,5624.6,0.342,7499998.0,5098103.0,11.17,7.661,0.34,13.05,4.4,4.38,4.32,4.4
2021-05-26 00:00:00+00:00,268.6,458.96,3.86,33037.49,15.0,0.29,1.98,3090.2,0.342,7499998.0,5098103.0,11.19,7.661,0.34,13.05,4.41,4.4,4.37,4.43
2021-05-27 00:00:00+00:00,272.0,464.69,3.81,33449.99,15.2,0.29,2.0,20957.8,0.342,7499998.0,5098103.0,11.33,7.661,0.34,13.05,4.46,4.46,4.4,4.46
2021-05-28 00:00:00+00:00,271.3,463.54,3.82,33367.49,15.1,0.29,2.0,1562.0,0.342,7499998.0,5098103.0,11.3,7.661,0.34,13.05,4.45,4.45,4.44,4.46
2021-05-31 00:00:00+00:00,271.3,463.64,3.82,33374.99,15.2,0.29,2.0,4451.9,0.342,7499998.0,5098103.0,11.3,7.661,0.34,13.05,4.45,4.43,4.4,4.45
2021-06-01 00:00:00+00:00,271.2,463.44,3.82,33359.99,15.1,0.29,2.0,2749.9,0.342,7499998.0,5098103.0,11.3,7.661,0.34,13.05,4.45,4.44,4.41,4.45
2021-06-02 00:00:00+00:00,271.3,463.64,3.82,33374.99,15.2,0.29,2.0,3103.6,0.342,7499998.0,5098103.0,11.3,7.661,0.34,13.05,4.45,4.44,4.43,4.45
2021-06-03 00:00:00+00:00,270.7,462.6,3.83,33299.99,15.1,0.29,1.99,1986.9,0.342,7499998.0,5098103.0,11.28,7.661,0.34,13.05,4.44,4.43,4.44,4.45
2021-06-04 00:00:00+00:00,269.7,460.83,3.84,33172.49,15.1,0.29,1.99,818.2,0.342,7499998.0,5098103.0,11.23,7.661,0.34,13.05,4.44,4.42,4.42,4.44
2021-06-07 00:00:00+00:00,269.9,461.14,3.84,33194.99,15.1,0.29,1.99,2642.0,0.342,7499998.0,5098103.0,11.24,7.661,0.34,13.05,4.44,4.43,4.42,4.44
2021-06-08 00:00:00+00:00,270.8,462.71,3.83,33307.49,15.1,0.29,1.99,4622.6,0.342,7499998.0,5098103.0,11.28,7.661,0.34,13.05,4.44,4.43,4.43,4.44
2021-06-09 00:00:00+00:00,270.9,462.81,3.83,33314.99,15.1,0.29,2.0,3491.0,0.342,7499998.0,5098103.0,11.28,7.661,0.34,13.05,4.44,4.44,4.43,4.44
2021-06-10 00:00:00+00:00,270.5,462.29,3.83,33277.5,15.1,0.29,1.99,2135.7,0.342,7499998.0,5098103.0,11.27,7.661,0.34,13.05,4.44,4.44,4.44,4.44
2021-06-11 00:00:00+00:00,271.0,463.02,3.83,33329.99,15.1,0.29,2.0,1189.9,0.342,7499998.0,5098103.0,11.29,7.661,0.34,13.05,4.44,4.44,4.44,4.44
2021-06-14 00:00:00+00:00,271.3,463.64,3.82,33374.99,15.2,0.29,2.0,4587.7,0.342,7499998.0,5098103.0,11.3,7.661,0.34,13.05,4.45,4.45,4.44,4.46
2021-06-15 00:00:00+00:00,271.3,463.64,3.82,33374.99,15.2,0.29,2.0,2575.9,0.342,7499998.0,5098103.0,11.3,7.661,0.34,13.05,4.45,4.44,4.44,4.45
2021-06-16 00:00:00+00:00,272.4,465.52,3.8,33509.99,15.2,0.29,2.01,11572.3,0.342,7499998.0,5098103.0,11.35,7.661,0.34,13.05,4.47,4.46,4.45,4.47
2021-06-17 00:00:00+00:00,271.9,464.58,3.81,33442.49,15.2,0.29,2.0,6585.1,0.35,7499998.0,5098103.0,11.32,7.865,0.35,12.71,4.46,4.45,4.43,4.46
2021-06-18 00:00:00+00:00,271.4,463.75,3.82,33382.49,15.2,0.29,2.0,2217.9,0.35,7499998.0,5098103.0,11.3,7.865,0.35,12.71,4.46,4.45,4.45,4.47
2021-06-21 00:00:00+00:00,271.3,463.64,3.82,33374.99,15.2,0.29,2.0,2312.5,0.35,7499998.0,5098103.0,11.3,7.865,0.35,12.71,4.45,4.44,4.43,4.45
2021-06-22 00:00:00+00:00,271.3,463.64,3.82,33374.99,15.2,0.29,2.0,2617.6,0.35,7499998.0,5098103.0,11.3,7.865,0.35,12.71,4.46,4.45,4.44,4.46
2021-06-23 00:00:00+00:00,271.6,464.17,3.82,33412.49,15.2,0.29,2.0,3642.1,0.35,7499998.0,5098103.0,11.31,7.865,0.35,12.71,4.45,4.45,4.45,4.46
2021-06-24 00:00:00+00:00,271.3,463.64,3.82,33374.99,15.2,0.29,2.0,4496.3,0.35,7499998.0,5098103.0,11.3,7.865,0.35,12.71,4.46,4.45,4.45,4.46
2021-06-25 00:00:00+00:00,271.6,464.06,3.82,33405.0,15.2,0.29,2.0,316.2,0.35,7499998.0,5098103.0,11.31,7.865,0.35,12.71,4.45,4.44,4.43,4.45
2021-06-28 00:00:00+00:00,271.5,463.96,3.82,33397.49,15.2,0.29,2.0,1797.1,0.35,7499998.0,5098103.0,11.31,7.865,0.35,12.71,4.45,4.44,4.44,4.45
2021-06-29 00:00:00+00:00,271.6,464.06,3.82,33405.0,15.2,0.29,2.0,4146.4,0.35,7499998.0,5098103.0,11.31,7.865,0.35,12.71,4.45,4.45,4.45,4.45
2021-06-30 00:00:00+00:00,271.9,464.58,3.81,33442.49,15.2,0.29,2.0,5104.7,0.35,7499998.0,5098103.0,11.32,7.865,0.35,12.71,4.46,4.46,4.45,4.46
2021-07-01 00:00:00+00:00,272.0,464.69,3.81,33449.99,15.2,0.29,2.0,2230.4,0.35,7499998.0,5098103.0,11.33,7.865,0.35,12.71,4.46,4.46,4.46,4.46
2021-07-02 00:00:00+00:00,271.9,464.58,3.81,33442.49,15.2,0.29,2.0,2574.7,0.35,7499998.0,5098103.0,11.32,7.865,0.35,12.71,4.46,4.45,4.45,4.46
2021-07-05 00:00:00+00:00,271.8,464.48,3.81,33434.99,15.2,0.29,2.0,2208.0,0.35,7499998.0,5098103.0,11.32,7.865,0.35,12.71,4.46,4.45,4.45,4.46
2021-07-06 00:00:00+00:00,271.8,464.48,3.81,33434.99,15.2,0.29,2.0,2318.9,0.35,7499998.0,5098103.0,11.32,7.865,0.35,12.71,4.46,4.45,4.45,4.46
2021-07-07 00:00:00+00:00,272.0,464.69,3.81,33449.99,15.2,0.29,2.0,2805.9,0.35,7499998.0,5098103.0,11.33,7.865,0.35,12.71,4.46,4.46,4.45,4.46
2021-07-08 00:00:00+00:00,272.1,464.9,3.81,33464.99,15.2,0.29,2.0,1480.3,0.35,7499998.0,5098103.0,11.33,7.865,0.35,12.71,4.46,4.46,4.46,4.46
2021-07-09 00:00:00+00:00,271.3,463.64,3.82,33374.99,15.2,0.29,2.0,2475.7,0.35,7499998.0,5098103.0,11.3,7.865,0.35,12.71,4.46,4.45,4.45,4.46
2021-07-12 00:00:00+00:00,270.8,462.71,3.83,33307.49,15.1,0.29,1.99,3815.1,0.35,7499998.0,5098103.0,11.28,7.865,0.35,12.71,4.45,4.44,4.44,4.46
2021-07-13 00:00:00+00:00,270.3,461.87,3.83,33247.49,14.9,0.3,1.99,2025.3,0.35,7499998.0,5098103.0,11.26,7.865,0.35,12.71,4.44,4.43,4.43,4.45
2021-07-14 00:00:00+00:00,270.1,461.56,3.84,33224.99,14.9,0.3,1.99,3008.4,0.35,7499998.0,5098103.0,11.25,7.865,0.35,12.71,4.43,4.43,4.43,4.45
2021-07-15 00:00:00+00:00,268.3,458.44,3.86,32999.99,14.8,0.3,1.98,2598.5,0.358,7499998.0,5098103.0,11.17,8.089,0.36,12.36,4.43,4.4,4.4,4.45
2021-07-16 00:00:00+00:00,268.3,458.44,3.86,32999.99,14.8,0.3,1.98,,0.358,7499998.0,5098103.0,11.17,8.089,0.36,12.36,,,,
2021-07-19 00:00:00+00:00,268.3,458.44,3.86,32999.99,14.8,0.3,1.98,,0.358,7499998.0,5098103.0,11.17,8.089,0.36,12.36,4.43,4.4,,
2021-07-20 00:00:00+00:00,268.3,458.44,3.86,32999.99,14.8,0.3,1.98,,0.358,7499998.0,5098103.0,11.17,8.089,0.36,12.36,,,,
2021-07-21 00:00:00+00:00,268.3,458.44,3.86,32999.99,14.8,0.3,1.98,,0.358,7499998.0,5098103.0,11.17,8.089,0.36,12.36,,,,
2021-07-22 00:00:00+00:00,268.3,458.44,3.86,32999.99,14.8,0.3,1.98,,0.358,7499998.0,5098103.0,11.17,8.089,0.36,12.36,,,,
2021-07-23 00:00:00+00:00,271.0,463.02,3.83,33329.99,14.9,0.3,2.0,1737.6,0.358,7499998.0,5098103.0,11.29,8.089,0.36,12.36,4.44,4.42,4.42,4.44
2021-07-26 00:00:00+00:00,269.8,461.04,3.84,33187.49,14.8,0.3,1.99,5868.0,0.358,7499998.0,5098103.0,11.24,8.089,0.36,12.36,4.44,4.43,4.41,4.45
2021-07-27 00:00:00+00:00,268.9,459.48,3.85,33074.99,14.8,0.3,1.98,2377.9,0.358,7499998.0,5098103.0,11.2,8.089,0.36,12.36,4.43,4.41,4.41,4.44
2021-07-28 00:00:00+00:00,268.0,457.91,3.87,32962.49,14.7,0.3,1.97,5176.3,0.358,7499998.0,5098103.0,11.16,8.089,0.36,12.36,4.4,4.38,4.38,4.44
2021-07-29 00:00:00+00:00,263.4,450.1,3.94,32399.99,14.5,0.3,1.94,6435.0,0.358,7499998.0,5098103.0,10.97,8.089,0.36,12.36,4.32,4.32,4.32,4.43
2021-07-30 00:00:00+00:00,266.6,455.52,3.89,32789.99,14.7,0.3,1.96,3402.2,0.358,7499998.0,5098103.0,11.1,8.089,0.36,12.36,4.37,4.37,4.33,4.4
2021-08-02 00:00:00+00:00,271.0,463.12,3.82,33337.49,14.9,0.3,2.0,4095.5,0.358,7499998.0,5098103.0,11.29,8.089,0.36,12.36,4.44,4.44,4.37,4.44
2021-08-03 00:00:00+00:00,271.3,463.64,3.82,33374.99,14.9,0.3,2.0,1950.0,0.358,7499998.0,5098103.0,11.3,8.089,0.36,12.36,4.45,4.45,4.41,4.45
2021-08-04 00:00:00+00:00,270.1,461.56,3.84,33224.99,14.9,0.3,1.99,4947.1,0.358,7499998.0,5098103.0,11.25,8.089,0.36,12.36,4.44,4.43,4.43,4.44
2021-08-05 00:00:00+00:00,271.3,463.64,3.82,33374.99,14.9,0.3,2.0,2604.7,0.358,7499998.0,5098103.0,11.3,8.089,0.36,12.36,4.45,4.44,4.43,4.45
2021-08-06 00:00:00+00:00,271.0,463.12,3.82,33337.49,14.9,0.3,2.0,1331.9,0.358,7499998.0,5098103.0,11.29,8.089,0.36,12.36,4.45,4.44,4.44,4.45
2021-08-09 00:00:00+00:00,271.0,463.02,3.83,33329.99,14.9,0.3,2.0,879.8,0.358,7499998.0,5098103.0,11.29,8.089,0.36,12.36,4.44,4.44,4.44,4.44
2021-08-10 00:00:00+00:00,270.1,461.56,3.84,33224.99,14.9,0.3,1.99,2460.2,0.358,7499998.0,5098103.0,11.25,8.089,0.36,12.36,4.43,4.43,4.43,4.44
2021-08-11 00:00:00+00:00,266.5,455.31,3.89,32774.99,14.7,0.3,1.96,6777.4,0.358,7499998.0,5098103.0,11.1,8.089,0.36,12.36,4.38,4.37,4.35,4.44
2021-08-12 00:00:00+00:00,267.9,457.81,3.87,32954.99,14.7,0.3,1.97,2756.1,0.358,7499998.0,5098103.0,11.16,8.089,0.36,12.36,4.39,4.39,4.37,4.42
2021-08-13 00:00:00+00:00,268.6,458.96,3.86,33037.49,14.8,0.3,1.98,1972.2,0.358,7499998.0,5098103.0,11.19,8.089,0.36,12.36,4.4,4.4,4.39,4.42
2021-08-16 00:00:00+00:00,267.7,457.39,3.87,32924.99,14.7,0.3,1.97,2492.6,0.358,7499998.0,5098103.0,11.15,8.089,0.36,12.36,4.4,4.39,4.39,4.4
2021-08-17 00:00:00+00:00,268.3,458.44,3.86,32999.99,14.8,0.3,1.98,3839.0,0.358,7499998.0,5098103.0,11.17,8.089,0.36,12.36,4.4,4.4,4.39,4.41
2021-08-18 00:00:00+00:00,268.3,458.44,3.86,32999.99,14.8,0.3,1.98,2797.0,0.358,7499998.0,5098103.0,11.17,8.089,0.36,12.36,4.4,4.4,4.37,4.44
2021-08-19 00:00:00+00:00,273.5,467.29,3.79,33637.49,15.1,0.3,2.01,22236.3,0.367,7499998.0,5098103.0,11.39,8.333,0.37,12.0,4.48,4.48,4.45,4.5
2021-08-20 00:00:00+00:00,272.8,466.15,3.8,33554.99,15.0,0.3,2.01,5828.3,0.367,7499998.0,5098103.0,11.36,8.333,0.37,12.0,4.47,4.47,4.45,4.48
2021-08-23 00:00:00+00:00,275.6,470.94,3.76,33900.0,15.2,0.3,2.03,12266.7,0.367,7499998.0,5098103.0,11.48,8.333,0.37,12.0,4.52,4.52,4.45,4.53
2021-08-24 00:00:00+00:00,277.1,473.54,3.74,34087.49,15.3,0.3,2.04,13696.2,0.367,7499998.0,5098103.0,11.54,8.333,0.37,12.0,4.55,4.54,4.52,4.55
2021-08-25 00:00:00+00:00,277.4,473.96,3.74,34117.49,15.3,0.3,2.04,9487.3,0.367,7499998.0,5098103.0,11.55,8.333,0.37,12.0,4.55,4.55,4.52,4.55
2021-08-26 00:00:00+00:00,278.2,475.42,3.73,34222.49,15.3,0.3,2.05,6775.1,0.367,7499998.0,5098103.0,11.59,8.333,0.37,12.0,4.56,4.56,4.54,4.57
2021-08-27 00:00:00+00:00,276.5,472.4,3.75,34005.0,15.2,0.3,2.04,5252.7,0.367,7499998.0,5098103.0,11.52,8.333,0.37,12.0,4.53,4.53,4.52,4.56
2021-08-30 00:00:00+00:00,278.0,475.11,3.73,34199.99,15.3,0.3,2.05,5306.6,0.367,7499998.0,5098103.0,11.58,8.333,0.37,12.0,4.56,4.56,4.52,4.56
2021-08-31 00:00:00+00:00,277.4,474.06,3.74,34124.99,15.3,0.3,2.04,8056.2,0.367,7499998.0,5098103.0,11.56,8.333,0.37,12.0,4.55,4.54,4.53,4.58
2021-09-01 00:00:00+00:00,275.6,470.94,3.76,33900.0,15.2,0.3,2.03,5662.8,0.367,7499998.0,5098103.0,11.48,8.333,0.37,12.0,4.55,4.52,4.52,4.56
2021-09-02 00:00:00+00:00,275.7,471.04,3.76,33907.49,15.2,0.3,2.03,6432.3,0.367,7499998.0,5098103.0,11.48,8.333,0.37,12.0,4.52,4.52,4.52,4.54
2021-09-03 00:00:00+00:00,275.5,470.73,3.76,33884.99,15.2,0.3,2.03,3711.9,0.367,7499998.0,5098103.0,11.47,8.333,0.37,12.0,4.52,4.52,4.52,4.53
2021-09-06 00:00:00+00:00,275.5,470.83,3.76,33892.49,15.2,0.3,2.03,5018.5,0.367,7499998.0,5098103.0,11.48,8.333,0.37,12.0,4.52,4.51,4.5,4.52
2021-09-07 00:00:00+00:00,275.5,470.73,3.76,33884.99,15.2,0.3,2.03,4778.7,0.367,7499998.0,5098103.0,11.47,8.333,0.37,12.0,4.52,4.51,4.5,4.52
2021-09-08 00:00:00+00:00,274.7,469.38,3.77,33787.49,15.1,0.3,2.02,7385.6,0.367,7499998.0,5098103.0,11.44,8.333,0.37,12.0,4.51,4.5,4.5,4.52
2021-09-09 00:00:00+00:00,273.5,467.29,3.79,33637.49,15.1,0.3,2.01,9257.7,0.367,7499998.0,5098103.0,11.39,8.333,0.37,12.0,4.48,4.48,4.47,4.51
2021-09-10 00:00:00+00:00,272.9,466.35,3.8,33569.99,15.0,0.3,2.01,3108.2,0.367,7499998.0,5098103.0,11.37,8.333,0.37,12.0,4.48,4.48,4.46,4.5
2021-09-13 00:00:00+00:00,273.3,466.98,3.79,33615.0,15.0,0.3,2.01,5271.8,0.367,7499998.0,5098103.0,11.38,8.333,0.37,12.0,4.48,4.48,4.47,4.5
2021-09-14 00:00:00+00:00,272.9,466.25,3.8,33562.49,15.0,0.3,2.01,4168.4,0.367,7499998.0,5098103.0,11.37,8.333,0.37,12.0,4.48,4.47,4.46,4.48
2021-09-15 00:00:00+00:00,272.6,465.73,3.8,33524.99,15.0,0.3,2.01,6767.0,0.367,7499998.0,5098103.0,11.35,8.333,0.37,12.0,4.47,4.46,4.45,4.48
2021-09-16 00:00:00+00:00,270.9,462.81,3.83,33314.99,14.9,0.3,2.0,12053.1,0.375,7499998.0,5098103.0,11.28,8.389,0.38,11.92,4.46,4.44,4.44,4.48
2021-09-17 00:00:00+00:00,272.3,465.31,3.81,33494.99,15.0,0.3,2.01,3289.4,0.375,7499998.0,5098103.0,11.34,8.389,0.38,11.92,4.47,4.46,4.44,4.48
2021-09-20 00:00:00+00:00,271.3,463.64,3.82,33374.99,14.9,0.3,2.0,7299.3,0.375,7499998.0,5098103.0,11.3,8.389,0.38,11.92,4.46,4.45,4.45,4.47
2021-09-21 00:00:00+00:00,271.3,463.64,3.82,33374.99,14.9,0.3,2.0,4247.4,0.375,7499998.0,5098103.0,11.3,8.389,0.38,11.92,4.45,4.44,4.44,4.47
2021-09-22 00:00:00+00:00,271.3,463.54,3.82,33367.49,14.9,0.3,2.0,5501.4,0.375,7499998.0,5098103.0,11.3,8.389,0.38,11.92,4.45,4.45,4.44,4.46
2021-09-23 00:00:00+00:00,271.1,463.23,3.82,33344.99,14.9,0.3,2.0,2468.9,0.375,7499998.0,5098103.0,11.29,8.389,0.38,11.92,4.45,4.45,4.44,4.46
2021-09-24 00:00:00+00:00,271.6,464.17,3.82,33412.49,14.9,0.3,2.0,1973.7,0.375,7499998.0,5098103.0,11.31,8.389,0.38,11.92,4.46,4.45,4.45,4.46
2021-09-27 00:00:00+00:00,270.9,462.81,3.83,33314.99,14.9,0.3,2.0,5261.3,0.375,7499998.0,5098103.0,11.28,8.389,0.38,11.92,4.45,4.44,4.44,4.46
2021-09-28 00:00:00+00:00,271.0,463.12,3.82,33337.49,14.9,0.3,2.0,4242.1,0.375,7499998.0,5098103.0,11.29,8.389,0.38,11.92,4.46,4.44,4.44,4.47
2021-09-29 00:00:00+00:00,272.0,464.69,3.81,33449.99,15.0,0.3,2.0,8235.6,0.375,7499998.0,5098103.0,11.33,8.389,0.38,11.92,4.46,4.44,4.44,4.46
2021-09-30 00:00:00+00:00,273.1,466.67,3.8,33592.49,15.0,0.3,2.01,10631.1,0.375,7499998.0,5098103.0,11.38,8.389,0.38,11.92,4.48,4.47,4.45,4.48
2021-10-01 00:00:00+00:00,272.3,465.31,3.81,33494.99,15.0,0.3,2.01,2633.8,0.375,7499998.0,5098103.0,11.34,8.389,0.38,11.92,4.47,4.47,4.47,4.49
2021-10-04 00:00:00+00:00,274.3,468.65,3.78,33734.99,15.1,0.3,2.02,4382.4,0.375,7499998.0,5098103.0,11.42,8.389,0.38,11.92,4.5,4.49,4.46,4.5
2021-10-05 00:00:00+00:00,275.5,470.83,3.76,33892.49,15.2,0.3,2.03,3790.4,0.375,7499998.0,5098103.0,11.48,8.389,0.38,11.92,4.52,4.52,4.49,4.53
2021-10-06 00:00:00+00:00,279.9,478.34,3.7,34432.49,15.4,0.3,2.06,15959.5,0.375,7499998.0,5098103.0,11.66,8.389,0.38,11.92,4.59,4.59,4.53,4.61
2021-10-07 00:00:00+00:00,279.1,476.98,3.71,34334.99,15.4,0.3,2.06,8487.4,0.375,7499998.0,5098103.0,11.63,8.389,0.38,11.92,4.58,4.57,4.58,4.64
2021-10-08 00:00:00+00:00,278.7,476.15,3.72,34274.99,15.3,0.3,2.05,2476.5,0.375,7499998.0,5098103.0,11.61,8.389,0.38,11.92,4.57,4.57,4.55,4.6
2021-10-11 00:00:00+00:00,278.8,476.36,3.72,34289.99,15.3,0.3,2.05,2562.5,0.375,7499998.0,5098103.0,11.61,8.389,0.38,11.92,4.57,4.57,4.55,4.6
2021-10-12 00:00:00+00:00,278.0,475.11,3.73,34199.99,15.3,0.3,2.05,4048.3,0.375,7499998.0,5098103.0,11.58,8.389,0.38,11.92,4.57,4.56,4.56,4.58
2021-10-13 00:00:00+00:00,277.7,474.48,3.73,34154.99,15.3,0.3,2.05,7134.2,0.375,7499998.0,5098103.0,11.57,8.389,0.38,11.92,4.55,4.55,4.55,4.58
2021-10-14 00:00:00+00:00,279.3,477.19,3.71,34349.99,15.4,0.3,2.06,3717.0,0.383,7499998.0,5098103.0,11.63,8.406,0.38,11.9,4.58,4.58,4.55,4.58
2021-10-15 00:00:00+00:00,278.7,476.25,3.72,34282.49,15.3,0.3,2.05,3789.9,0.383,7499998.0,5098103.0,11.61,8.406,0.38,11.9,4.59,4.57,4.56,4.6
2021-10-18 00:00:00+00:00,283.5,484.48,3.66,34874.99,15.7,0.3,2.09,16520.4,0.383,7499998.0,5098103.0,11.81,8.406,0.38,11.9,4.65,4.63,4.59,4.67
2021-10-19 00:00:00+00:00,283.5,484.48,3.66,34874.99,15.7,0.3,2.09,7914.3,0.383,7499998.0,5098103.0,11.81,8.406,0.38,11.9,4.65,4.65,4.61,4.66
2021-10-20 00:00:00+00:00,290.6,496.57,3.57,35744.99,16.1,0.3,2.14,11917.5,0.383,7499998.0,5098103.0,12.1,8.406,0.38,11.9,4.77,4.76,4.64,4.79
2021-10-21 00:00:00+00:00,294.1,502.61,3.52,36180.0,16.3,0.3,2.17,6435.2,0.383,7499998.0,5098103.0,12.25,8.406,0.38,11.9,4.82,4.8,4.74,4.84
2021-10-22 00:00:00+00:00,292.7,500.11,3.54,35999.99,16.2,0.3,2.16,4214.8,0.383,7499998.0,5098103.0,12.19,8.406,0.38,11.9,4.8,4.78,4.78,4.85
2021-10-25 00:00:00+00:00,290.9,496.99,3.56,35775.0,16.1,0.3,2.14,10838.9,0.383,7499998.0,5098103.0,12.11,8.406,0.38,11.9,4.77,4.77,4.77,4.8
2021-10-26 00:00:00+00:00,285.4,487.61,3.63,35100.0,15.8,0.3,2.1,5438.8,0.383,7499998.0,5098103.0,11.89,8.406,0.38,11.9,4.75,4.68,4.68,4.77
2021-10-27 00:00:00+00:00,287.8,491.78,3.6,35399.99,15.9,0.3,2.12,8453.7,0.383,7499998.0,5098103.0,11.99,8.406,0.38,11.9,4.75,4.72,4.68,4.78
2021-10-28 00:00:00+00:00,291.2,497.51,3.56,35812.49,16.1,0.3,2.15,5791.0,0.383,7499998.0,5098103.0,12.13,8.406,0.38,11.9,4.77,4.75,4.72,4.8
2021-10-29 00:00:00+00:00,286.6,489.69,3.62,35249.99,15.8,0.3,2.11,3001.7,0.383,7499998.0,5098103.0,11.94,8.406,0.38,11.9,4.76,4.7,4.7,4.78
2021-11-01 00:00:00+00:00,289.6,494.9,3.58,35624.99,16.0,0.3,2.13,2677.1,0.383,7499998.0,5098103.0,12.06,8.406,0.38,11.9,4.76,4.75,4.71,4.79
2021-11-02 00:00:00+00:00,293.7,501.88,3.53,36127.49,16.2,0.3,2.16,8537.4,0.383,7499998.0,5098103.0,12.23,8.406,0.38,11.9,4.84,4.82,4.75,4.85
2021-11-03 00:00:00+00:00,300.3,513.13,3.45,36937.49,16.6,0.3,2.21,15813.5,0.383,7499998.0,5098103.0,12.51,8.406,0.38,11.9,4.93,4.93,4.82,4.93
2021-11-04 00:00:00+00:00,304.0,519.39,3.41,37387.49,16.8,0.3,2.24,8925.2,0.383,7499998.0,5098103.0,12.66,8.406,0.38,11.9,4.98,4.97,4.93,4.99
2021-11-05 00:00:00+00:00,303.7,518.87,3.41,37349.98,16.8,0.3,2.24,2841.8,0.383,7499998.0,5098103.0,12.65,8.406,0.38,11.9,4.98,4.97,4.96,4.98
2021-11-08 00:00:00+00:00,302.8,517.41,3.42,37244.99,16.7,0.3,2.23,20466.9,0.383,7499998.0,5098103.0,12.61,8.406,0.38,11.9,4.97,4.97,4.9,4.98
2021-11-09 00:00:00+00:00,302.3,516.47,3.43,37177.49,16.7,0.3,2.23,21374.0,0.383,7499998.0,5098103.0,12.59,8.406,0.38,11.9,4.96,4.95,4.95,5.0
2021-11-10 00:00:00+00:00,301.6,515.43,3.44,37102.49,16.7,0.3,2.22,3967.9,0.383,7499998.0,5098103.0,12.56,8.406,0.38,11.9,4.95,4.93,4.9,4.96
2021-11-11 00:00:00+00:00,302.4,516.68,3.43,37192.49,16.7,0.3,2.23,4018.1,0.383,7499998.0,5098103.0,12.59,8.406,0.38,11.9,4.96,4.95,4.91,4.96
2021-11-12 00:00:00+00:00,298.9,510.74,3.47,36764.99,16.5,0.3,2.2,1976.9,0.383,7499998.0,5098103.0,12.45,8.406,0.38,11.9,4.91,4.9,4.9,4.97
2021-11-15 00:00:00+00:00,297.9,508.97,3.48,36637.49,16.5,0.3,2.19,2547.5,0.383,7499998.0,5098103.0,12.41,8.406,0.38,11.9,4.9,4.89,4.88,4.91
2021-11-16 00:00:00+00:00,297.9,509.07,3.48,36644.99,16.5,0.3,2.19,2657.8,0.383,7499998.0,5098103.0,12.41,8.406,0.38,11.9,4.89,4.88,4.87,4.9
2021-11-17 00:00:00+00:00,296.5,506.57,3.5,36464.99,16.4,0.3,2.18,1741.7,0.383,7499998.0,5098103.0,12.35,8.406,0.38,11.9,4.87,4.86,4.86,4.88
2021-11-18 00:00:00+00:00,298.2,509.49,3.48,36674.99,16.5,0.3,2.2,3706.8,0.392,7499998.0,5098103.0,12.42,8.01,0.39,12.49,4.89,4.89,4.85,4.92
2021-11-19 00:00:00+00:00,296.3,506.36,3.5,36449.99,16.4,0.3,2.18,1387.9,0.392,7499998.0,5098103.0,12.34,8.01,0.39,12.49,4.87,4.86,4.85,4.9
2021-11-22 00:00:00+00:00,292.9,500.42,3.54,36022.49,16.2,0.3,2.16,3087.7,0.392,7499998.0,5098103.0,12.2,8.01,0.39,12.49,4.82,4.8,4.8,4.88
2021-11-23 00:00:00+00:00,288.4,492.82,3.59,35474.99,15.9,0.3,2.12,4884.4,0.392,7499998.0,5098103.0,12.01,8.01,0.39,12.49,4.75,4.73,4.72,4.84
2021-11-24 00:00:00+00:00,289.6,494.9,3.58,35624.99,16.0,0.3,2.13,3096.5,0.392,7499998.0,5098103.0,12.06,8.01,0.39,12.49,4.75,4.75,4.73,4.77
2021-11-25 00:00:00+00:00,292.7,500.11,3.54,35999.99,16.2,0.3,2.16,6437.4,0.392,7499998.0,5098103.0,12.19,8.01,0.39,12.49,4.8,4.79,4.75,4.87
2021-11-26 00:00:00+00:00,285.4,487.61,3.63,35100.0,15.8,0.3,2.1,5219.0,0.392,7499998.0,5098103.0,11.89,8.01,0.39,12.49,4.68,4.68,4.65,4.75
2021-11-29 00:00:00+00:00,286.6,489.69,3.62,35249.99,15.8,0.3,2.11,6877.1,0.392,7499998.0,5098103.0,11.94,8.01,0.39,12.49,4.73,4.7,4.68,4.76
2021-11-30 00:00:00+00:00,295.7,505.32,3.51,36375.0,16.3,0.3,2.18,20154.8,0.392,7499998.0,5098103.0,12.32,8.01,0.39,12.49,4.85,4.79,4.68,4.85
2021-12-01 00:00:00+00:00,304.3,519.91,3.41,46406.98,16.8,0.3,2.24,41740.5,0.392,9299998.0,5098103.0,12.67,8.01,0.39,12.49,4.99,4.98,4.78,5.07
2021-12-02 00:00:00+00:00,295.2,504.49,3.51,45030.56,16.3,0.3,2.18,80582.3,0.392,9299998.0,5098103.0,12.3,8.01,0.39,12.49,4.84,4.84,4.84,5.03
2021-12-03 00:00:00+00:00,295.4,504.8,3.51,45058.46,16.3,0.3,2.18,8831.9,0.392,9299998.0,5098103.0,12.31,8.01,0.39,12.49,4.85,4.85,4.84,4.87
2021-12-06 00:00:00+00:00,296.0,505.84,3.5,45151.48,16.4,0.3,2.18,13515.8,0.392,9299998.0,5098103.0,12.33,8.01,0.39,12.49,4.86,4.85,4.84,4.87
2021-12-07 00:00:00+00:00,296.8,507.2,3.49,45272.39,16.4,0.3,2.19,10355.3,0.392,9299998.0,5098103.0,12.36,8.01,0.39,12.49,4.87,4.86,4.84,4.87
2021-12-08 00:00:00+00:00,297.0,507.4,3.49,45290.98,16.4,0.3,2.19,8722.5,0.392,9299998.0,5098103.0,12.37,8.01,0.39,12.49,4.88,4.87,4.86,4.9
2021-12-09 00:00:00+00:00,295.7,505.32,3.51,45104.98,16.3,0.3,2.18,13347.1,0.392,9299998.0,5098103.0,12.32,8.01,0.39,12.49,4.85,4.84,4.84,4.87
2021-12-10 00:00:00+00:00,293.5,501.57,3.53,44770.18,16.2,0.3,2.16,3808.2,0.392,9299998.0,5098103.0,12.23,8.01,0.39,12.49,4.82,4.81,4.81,4.85
2021-12-13 00:00:00+00:00,293.9,502.19,3.53,44825.96,16.2,0.3,2.17,6806.3,0.392,9299998.0,5098103.0,12.24,8.01,0.39,12.49,4.83,4.82,4.8,4.84
2021-12-14 00:00:00+00:00,297.0,507.4,3.49,45290.98,16.4,0.3,2.19,9340.0,0.392,9299998.0,5098103.0,12.37,8.01,0.39,12.49,4.88,4.87,4.81,4.88
2021-12-15 00:00:00+00:00,295.4,504.8,3.51,45058.46,16.3,0.3,2.18,7624.9,0.392,9299998.0,5098103.0,12.31,8.01,0.39,12.49,4.86,4.85,4.85,4.89
2021-12-16 00:00:00+00:00,301.2,514.7,3.44,45941.96,16.6,0.3,2.22,16501.3,0.4,9299998.0,5098103.0,12.55,8.214,0.4,12.18,4.94,4.87,4.85,4.94
2021-12-17 00:00:00+00:00,301.2,514.7,3.44,45941.96,16.6,0.3,2.22,,0.4,9299998.0,5098103.0,12.55,8.214,0.4,12.18,,,,
2021-12-20 00:00:00+00:00,298.5,510.11,3.47,45532.77,16.5,0.3,2.2,8196.8,0.4,9299998.0,5098103.0,12.43,8.214,0.4,12.18,4.9,4.9,4.88,4.94
2021-12-21 00:00:00+00:00,297.0,507.4,3.49,45290.98,16.4,0.3,2.19,2348.4,0.4,9299998.0,5098103.0,12.37,8.214,0.4,12.18,4.89,4.87,4.87,4.91
2021-12-22 00:00:00+00:00,297.4,508.24,3.49,45365.37,16.4,0.3,2.19,3717.4,0.4,9299998.0,5098103.0,12.39,8.214,0.4,12.18,4.88,4.88,4.88,4.92
2021-12-23 00:00:00+00:00,297.0,507.4,3.49,45290.98,16.4,0.3,2.19,3647.4,0.4,9299998.0,5098103.0,12.37,8.214,0.4,12.18,4.87,4.85,4.85,4.9
2021-12-24 00:00:00+00:00,295.1,504.28,3.51,45011.96,16.3,0.3,2.17,1688.1,0.4,9299998.0,5098103.0,12.29,8.214,0.4,12.18,4.88,4.84,4.84,4.9
2021-12-27 00:00:00+00:00,296.3,506.36,3.5,45197.96,16.4,0.3,2.18,3583.6,0.4,9299998.0,5098103.0,12.34,8.214,0.4,12.18,4.86,4.85,4.84,4.89
2021-12-28 00:00:00+00:00,295.8,505.42,3.5,45114.29,16.3,0.3,2.18,5035.4,0.4,9299998.0,5098103.0,12.32,8.214,0.4,12.18,4.85,4.85,4.85,4.88
2021-12-29 00:00:00+00:00,295.1,504.28,3.51,45011.96,16.3,0.3,2.17,5310.6,0.4,9299998.0,5098103.0,12.29,8.214,0.4,12.18,4.86,4.84,4.84,4.87
2021-12-30 00:00:00+00:00,282.9,483.44,3.66,43151.97,15.6,0.3,2.08,10325.5,0.4,9299998.0,5098103.0,11.78,8.214,0.4,12.18,4.85,4.64,4.64,4.87
2021-12-31 00:00:00+00:00,282.9,483.44,3.66,43151.97,15.6,0.3,2.08,,0.4,9299998.0,5098103.0,11.78,8.214,0.4,12.18,,,,
2022-01-03 00:00:00+00:00,296.3,506.26,3.5,45188.67,16.4,0.3,2.18,1984.3,0.4,9299998.0,7216858.0,14.57,8.214,0.4,12.18,4.86,4.85,4.8,4.87
2022-01-04 00:00:00+00:00,296.3,506.36,3.5,45197.96,16.4,0.3,2.19,5264.7,0.4,9299998.0,7216858.0,14.57,8.214,0.4,12.18,4.86,4.85,4.83,4.86
2022-01-05 00:00:00+00:00,301.2,514.59,3.44,45932.66,16.6,0.3,2.22,9538.1,0.4,9299998.0,7216858.0,14.81,8.214,0.4,12.18,4.94,4.93,4.84,4.94
2022-01-06 00:00:00+00:00,303.4,518.45,3.42,46276.77,16.8,0.3,2.24,12433.3,0.4,9299998.0,7216858.0,14.92,8.214,0.4,12.18,4.98,4.98,4.92,5.0
2022-01-07 00:00:00+00:00,304.3,519.91,3.41,46406.98,16.8,0.3,2.24,11235.9,0.4,9299998.0,7216858.0,14.96,8.214,0.4,12.18,5.0,4.99,4.98,5.0
2022-01-10 00:00:00+00:00,304.8,520.84,3.4,46490.66,16.8,0.3,2.25,7002.4,0.4,9299998.0,7216858.0,14.99,8.214,0.4,12.18,5.0,4.99,4.9,5.0
2022-01-11 00:00:00+00:00,304.9,520.95,3.4,46499.96,16.8,0.3,2.25,11047.0,0.4,9299998.0,7216858.0,14.99,8.214,0.4,12.18,5.0,5.0,4.95,5.0
2022-01-12 00:00:00+00:00,304.8,520.84,3.4,46490.66,16.8,0.3,2.25,11729.6,0.4,9299998.0,7216858.0,14.99,8.214,0.4,12.18,5.0,5.0,4.97,5.01
2022-01-13 00:00:00+00:00,304.9,520.95,3.4,46499.96,16.8,0.3,2.25,15692.2,0.4,9299998.0,7216858.0,14.99,8.214,0.4,12.18,5.0,4.99,4.94,5.0
2022-01-14 00:00:00+00:00,308.4,526.99,3.36,47039.36,17.0,0.3,2.27,8717.6,0.4,9299998.0,7216858.0,15.17,8.214,0.4,12.18,5.06,5.02,5.0,5.08
2022-01-17 00:00:00+00:00,307.9,526.05,3.37,46955.68,17.0,0.3,2.27,3784.0,0.4,9299998.0,7216858.0,15.14,8.214,0.4,12.18,5.05,5.03,5.02,5.06
2022-01-18 00:00:00+00:00,316.3,540.54,3.28,48248.38,17.5,0.3,2.33,13140.3,0.4,9299998.0,7216858.0,15.56,8.214,0.4,12.18,5.19,5.19,5.03,5.19
2022-01-19 00:00:00+00:00,314.6,537.62,3.29,47987.96,17.4,0.3,2.32,16483.1,0.4,9299998.0,7216858.0,15.47,8.214,0.4,12.18,5.16,5.16,5.14,5.24
2022-01-20 00:00:00+00:00,309.8,529.28,3.35,47243.96,17.1,0.3,2.28,19365.4,0.4,9299998.0,7216858.0,15.23,7.707,0.4,12.97,5.09,5.08,5.07,5.19
2022-01-21 00:00:00+00:00,310.6,530.74,3.34,47374.17,17.2,0.3,2.29,11154.2,0.4,9299998.0,7216858.0,15.27,7.707,0.4,12.97,5.09,5.09,5.03,5.09
2022-01-24 00:00:00+00:00,310.5,530.64,3.34,47364.87,17.2,0.3,2.29,6797.8,0.4,9299998.0,7216858.0,15.27,7.707,0.4,12.97,5.1,5.09,5.07,5.1
2022-01-25 00:00:00+00:00,310.3,530.22,3.34,47327.68,17.1,0.3,2.29,8964.7,0.4,9299998.0,7216858.0,15.26,7.707,0.4,12.97,5.09,5.07,5.05,5.09
2022-01-26 00:00:00+00:00,307.9,526.16,3.37,46964.98,17.0,0.3,2.27,6618.7,0.4,9299998.0,7216858.0,15.14,7.707,0.4,12.97,5.08,5.05,5.03,5.09
2022-01-27 00:00:00+00:00,306.6,523.97,3.38,46769.68,22.4,0.22,2.26,19293.2,0.4,9299998.0,7216858.0,15.08,7.707,0.4,12.97,5.03,5.03,4.98,5.07
2022-01-28 00:00:00+00:00,301.0,514.39,3.44,45914.07,22.0,0.22,2.22,19213.2,0.4,9299998.0,7216858.0,14.8,7.707,0.4,12.97,4.94,4.94,4.88,4.98
2022-01-31 00:00:00+00:00,299.7,512.09,3.46,45709.47,21.9,0.22,2.21,4084.2,0.4,9299998.0,7216858.0,14.74,7.707,0.4,12.97,4.92,4.91,4.9,4.94
2022-02-01 00:00:00+00:00,302.1,516.26,3.43,46081.47,22.1,0.22,2.23,5404.5,0.4,9299998.0,7216858.0,14.86,7.707,0.4,12.97,4.96,4.95,4.91,5.0
2022-02-02 00:00:00+00:00,305.8,522.51,3.39,46639.47,22.3,0.22,2.25,4495.6,0.4,9299998.0,7216858.0,15.04,7.707,0.4,12.97,5.02,5.02,4.96,5.02
2022-02-03 00:00:00+00:00,305.9,522.62,3.39,46648.77,22.4,0.22,2.26,10418.9,0.4,9299998.0,7216858.0,15.04,7.707,0.4,12.97,5.02,5.02,5.0,5.07
2022-02-04 00:00:00+00:00,303.8,519.07,3.41,46332.56,22.2,0.22,2.24,3074.5,0.4,9299998.0,7216858.0,14.94,7.707,0.4,12.97,4.98,4.98,4.98,5.02
2022-02-07 00:00:00+00:00,303.0,517.82,3.42,46220.98,22.1,0.22,2.23,3506.6,0.4,9299998.0,7216858.0,14.9,7.707,0.4,12.97,5.0,4.97,4.97,5.0
2022-02-08 00:00:00+00:00,303.0,517.82,3.42,46220.98,22.1,0.22,2.23,,0.4,9299998.0,7216858.0,14.9,7.707,0.4,12.97,,,,
2022-02-09 00:00:00+00:00,304.8,520.84,3.4,46490.66,22.3,0.22,2.25,4566.5,0.4,9299998.0,7216858.0,14.99,7.707,0.4,12.97,5.0,4.96,4.95,5.0
2022-02-10 00:00:00+00:00,306.7,524.07,3.38,46778.98,22.4,0.22,2.26,6468.6,0.4,9299998.0,7216858.0,15.08,7.707,0.4,12.97,5.04,5.03,4.97,5.03
2022-02-11 00:00:00+00:00,301.9,515.84,3.43,46044.28,22.1,0.22,2.23,5227.2,0.4,9299998.0,7216858.0,14.84,7.707,0.4,12.97,4.95,4.95,4.92,5.02
2022-02-14 00:00:00+00:00,304.8,520.84,3.4,46490.66,22.3,0.22,2.25,3079.7,0.4,9299998.0,7216858.0,14.99,7.707,0.4,12.97,5.0,4.95,4.93,5.0
2022-02-15 00:00:00+00:00,302.4,516.78,3.43,46127.96,22.1,0.22,2.23,5156.2,0.4,9299998.0,7216858.0,14.87,7.707,0.4,12.97,4.98,4.96,4.95,5.0
2022-02-16 00:00:00+00:00,302.4,516.78,3.43,46127.96,22.1,0.22,2.23,11315.4,0.4,9299998.0,7216858.0,14.87,7.707,0.4,12.97,4.96,4.95,4.94,4.98
2022-02-17 00:00:00+00:00,302.1,516.26,3.43,46081.47,22.1,0.22,2.23,6008.4,0.317,9299998.0,7216858.0,14.86,6.384,0.32,15.66,4.95,4.95,4.93,4.96
2022-02-18 00:00:00+00:00,300.1,512.72,3.45,45765.26,21.9,0.22,2.21,2099.5,0.317,9299998.0,7216858.0,14.75,6.384,0.32,15.66,4.93,4.92,4.91,4.95
2022-02-21 00:00:00+00:00,303.6,518.76,3.41,46304.66,22.2,0.22,2.24,6872.2,0.317,9299998.0,7216858.0,14.93,6.384,0.32,15.66,4.98,4.95,4.92,4.98
2022-02-22 00:00:00+00:00,303.0,517.72,3.42,46211.68,22.1,0.22,2.23,3642.3,0.317,9299998.0,7216858.0,14.9,6.384,0.32,15.66,4.97,4.96,4.93,4.98
2022-02-23 00:00:00+00:00,303.0,517.82,3.42,46220.98,22.1,0.22,2.23,3164.9,0.317,9299998.0,7216858.0,14.9,6.384,0.32,15.66,4.97,4.95,4.93,4.97
2022-02-24 00:00:00+00:00,297.0,507.51,3.49,45300.29,21.7,0.22,2.19,10909.1,0.317,9299998.0,7216858.0,14.6,6.384,0.32,15.66,4.89,4.87,4.87,4.95
2022-02-25 00:00:00+00:00,298.8,510.53,3.47,45569.96,21.8,0.22,2.2,3129.8,0.317,9299998.0,7216858.0,14.69,6.384,0.32,15.66,4.9,4.89,4.89,4.93
2022-02-28 00:00:00+00:00,304.9,520.95,3.4,46499.96,22.3,0.22,2.25,20210.8,0.317,9299998.0,7216858.0,14.99,6.384,0.32,15.66,5.0,4.97,4.89,5.0
2022-03-01 00:00:00+00:00,311.0,531.37,3.33,47429.96,22.7,0.22,2.29,13386.4,0.317,9299998.0,7216858.0,15.29,6.384,0.32,15.66,5.1,5.09,4.93,5.12
2022-03-02 00:00:00+00:00,312.5,533.97,3.32,47662.49,22.8,0.22,2.3,16293.9,0.317,9299998.0,7216858.0,15.37,6.384,0.32,15.66,5.13,5.1,5.0,5.15
2022-03-03 00:00:00+00:00,312.2,533.45,3.32,47615.96,22.8,0.22,2.3,7763.4,0.317,9299998.0,7216858.0,15.35,6.384,0.32,15.66,5.12,5.12,5.01,5.13
2022-03-04 00:00:00+00:00,312.2,533.45,3.32,47615.96,22.8,0.22,2.3,,0.317,9299998.0,7216858.0,15.35,6.384,0.32,15.66,,,,
2022-03-07 00:00:00+00:00,312.4,533.87,3.32,47653.15,22.8,0.22,2.3,15116.8,0.317,9299998.0,7216858.0,15.36,6.384,0.32,15.66,5.13,5.12,5.1,5.14
2022-03-08 00:00:00+00:00,311.4,532.1,3.33,47495.09,22.8,0.22,2.3,10745.8,0.317,9299998.0,7216858.0,15.31,6.384,0.32,15.66,5.11,5.11,5.06,5.12
2022-03-09 00:00:00+00:00,309.8,529.28,3.35,47243.96,22.6,0.22,2.28,11427.4,0.317,9299998.0,7216858.0,15.23,6.384,0.32,15.66,5.08,5.07,5.08,5.11
2022-03-10 00:00:00+00:00,310.3,530.22,3.34,47327.68,22.7,0.22,2.29,6900.8,0.317,9299998.0,7216858.0,15.26,6.384,0.32,15.66,5.09,5.08,5.06,5.1
2022-03-11 00:00:00+00:00,310.2,530.01,3.34,47309.09,22.7,0.22,2.29,8159.6,0.317,9299998.0,7216858.0,15.25,6.384,0.32,15.66,5.09,5.09,5.05,5.1
2022-03-14 00:00:00+00:00,311.0,531.37,3.33,47429.96,22.7,0.22,2.29,13508.8,0.317,9299998.0,7216858.0,15.29,6.384,0.32,15.66,5.1,5.1,5.06,5.1
2022-03-15 00:00:00+00:00,308.5,527.2,3.36,47057.96,22.5,0.22,2.27,12736.7,0.317,9299998.0,7216858.0,15.17,6.384,0.32,15.66,5.07,5.06,5.06,5.1
2022-03-16 00:00:00+00:00,308.5,527.2,3.36,47057.96,22.5,0.22,2.27,14798.4,0.317,9299998.0,7216858.0,15.17,6.384,0.32,15.66,5.09,5.06,5.02,5.1
2022-03-17 00:00:00+00:00,314.9,538.14,3.29,48034.49,23.0,0.22,2.32,64666.1,0.325,9299998.0,7216858.0,15.49,6.423,0.32,15.57,5.16,5.16,5.06,5.18
2022-03-18 00:00:00+00:00,312.3,533.66,3.32,47634.55,22.8,0.22,2.3,4755.2,0.325,9299998.0,7216858.0,15.36,6.423,0.32,15.57,5.12,5.12,5.12,5.16
2022-03-21 00:00:00+00:00,312.7,534.29,3.32,47690.38,22.9,0.22,2.31,6183.3,0.325,9299998.0,7216858.0,15.38,6.423,0.32,15.57,5.13,5.13,5.1,5.14
2022-03-22 00:00:00+00:00,314.0,536.58,3.3,47894.98,23.0,0.22,2.32,4828.9,0.325,9299998.0,7216858.0,15.44,6.423,0.32,15.57,5.15,5.15,5.1,5.15
2022-03-23 00:00:00+00:00,312.8,534.49,3.31,47708.98,22.9,0.22,2.31,9521.8,0.325,9299998.0,7216858.0,15.38,6.423,0.32,15.57,5.14,5.13,5.13,5.15
2022-03-24 00:00:00+00:00,313.4,535.54,3.31,47801.96,22.9,0.22,2.31,10735.5,0.325,9299998.0,7216858.0,15.41,6.423,0.32,15.57,5.14,5.12,5.12,5.14
2022-03-25 00:00:00+00:00,312.9,534.7,3.31,47727.57,22.9,0.22,2.31,5114.1,0.325,9299998.0,7216858.0,15.39,6.423,0.32,15.57,5.13,5.13,5.12,5.14
2022-03-28 00:00:00+00:00,316.7,541.16,3.27,48304.17,23.1,0.22,2.34,8416.5,0.325,9299998.0,7216858.0,15.57,6.423,0.32,15.57,5.19,5.19,5.12,5.2
2022-03-29 00:00:00+00:00,317.0,541.68,3.27,48350.66,23.2,0.22,2.34,9201.5,0.325,9299998.0,7216858.0,15.59,6.423,0.32,15.57,5.2,5.19,5.16,5.2
2022-03-30 00:00:00+00:00,313.5,535.64,3.31,47811.25,22.9,0.22,2.31,6378.1,0.325,9299998.0,7216858.0,15.41,6.423,0.32,15.57,5.17,5.14,5.14,5.2
2022-03-31 00:00:00+00:00,315.2,538.66,3.29,48080.98,23.0,0.22,2.32,10214.8,0.325,9299998.0,7216858.0,15.5,6.423,0.32,15.57,5.17,5.14,5.12,5.18
2022-04-01 00:00:00+00:00,314.6,537.62,3.29,47987.96,23.0,0.22,2.32,2324.7,0.325,9299998.0,7216858.0,15.47,6.423,0.32,15.57,5.16,5.15,5.13,5.17
2022-04-04 00:00:00+00:00,317.1,541.79,3.27,48359.95,23.2,0.22,2.34,13520.5,0.325,9299998.0,7216858.0,15.59,6.423,0.32,15.57,5.21,5.2,5.17,5.22
2022-04-05 00:00:00+00:00,322.0,550.12,3.22,49103.95,23.5,0.22,2.37,18488.7,0.325,9299998.0,7216858.0,15.83,6.423,0.32,15.57,5.28,5.28,5.2,5.29
2022-04-06 00:00:00+00:00,331.7,566.79,3.12,50591.95,24.2,0.22,2.45,36424.1,0.325,9299998.0,7216858.0,16.31,6.423,0.32,15.57,5.45,5.44,5.3,5.48
2022-04-07 00:00:00+00:00,338.4,578.15,3.06,51605.66,24.7,0.22,2.49,30129.4,0.325,9299998.0,7216858.0,16.64,6.423,0.32,15.57,5.55,5.55,5.44,5.57
2022-04-08 00:00:00+00:00,354.1,605.03,2.93,54005.06,25.9,0.22,2.61,26625.3,0.325,9299998.0,7216858.0,17.41,6.423,0.32,15.57,5.82,5.81,5.55,5.86
2022-04-11 00:00:00+00:00,354.6,605.86,2.92,54079.48,25.9,0.22,2.61,51848.9,0.325,9299998.0,7216858.0,17.44,6.423,0.32,15.57,5.83,5.81,5.81,5.98
2022-04-12 00:00:00+00:00,347.6,593.88,2.98,53009.98,25.4,0.22,2.56,13808.2,0.325,9299998.0,7216858.0,17.09,6.423,0.32,15.57,5.71,5.7,5.69,5.8
2022-04-13 00:00:00+00:00,348.2,594.92,2.98,53102.96,25.4,0.22,2.57,10253.2,0.325,9299998.0,7216858.0,17.12,6.423,0.32,15.57,5.71,5.68,5.66,5.76
2022-04-14 00:00:00+00:00,346.0,591.17,3.0,52768.15,25.3,0.22,2.55,3715.9,0.333,9299998.0,7216858.0,17.01,5.848,0.33,17.1,5.69,5.67,5.67,5.71
2022-04-15 00:00:00+00:00,339.0,579.3,3.06,51707.98,24.8,0.22,2.5,5272.0,0.333,9299998.0,7216858.0,16.67,5.848,0.33,17.1,5.56,5.56,5.5,5.67
2022-04-18 00:00:00+00:00,335.4,573.04,3.09,51149.98,24.5,0.22,2.47,5741.4,0.333,9299998.0,7216858.0,16.49,5.848,0.33,17.1,5.52,5.5,5.5,5.6
2022-04-19 00:00:00+00:00,341.4,583.36,3.04,52070.68,25.0,0.22,2.52,17216.7,0.333,9299998.0,7216858.0,16.79,5.848,0.33,17.1,5.62,5.6,5.5,5.64
2022-04-20 00:00:00+00:00,348.7,595.86,2.97,53186.68,25.5,0.22,2.57,21889.7,0.333,9299998.0,7216858.0,17.15,5.848,0.33,17.1,5.72,5.72,5.57,5.73
2022-04-21 00:00:00+00:00,350.5,598.88,2.96,53456.36,25.6,0.22,2.58,13528.9,0.333,9299998.0,7216858.0,17.23,5.848,0.33,17.1,5.75,5.75,5.69,5.75
2022-04-22 00:00:00+00:00,352.4,602.22,2.94,53753.98,25.8,0.22,2.6,10639.6,0.333,9299998.0,7216858.0,17.33,5.848,0.33,17.1,5.8,5.78,5.74,5.82
2022-04-25 00:00:00+00:00,347.0,592.84,2.99,52916.96,25.4,0.22,2.56,13803.2,0.333,9299998.0,7216858.0,17.06,5.848,0.33,17.1,5.73,5.69,5.69,5.8
2022-04-26 00:00:00+00:00,349.0,596.38,2.97,53233.17,25.5,0.22,2.57,11845.3,0.333,9299998.0,7216858.0,17.16,5.848,0.33,17.1,5.72,5.7,5.7,5.77
2022-04-27 00:00:00+00:00,346.8,592.63,2.99,52898.36,25.3,0.22,2.56,9632.9,0.333,9299998.0,7216858.0,17.05,5.848,0.33,17.1,5.7,5.69,5.68,5.75
2022-04-28 00:00:00+00:00,328.7,579.3,3.15,50126.97,24.5,0.22,2.42,24732.7,0.333,9299998.0,7216858.0,16.16,5.848,0.33,17.1,5.43,5.39,5.32,5.6
2022-04-29 00:00:00+00:00,328.7,579.3,3.15,50126.97,24.5,0.22,2.42,,0.333,9299998.0,7216858.0,16.16,5.848,0.33,17.1,,,,
2022-05-02 00:00:00+00:00,328.7,579.3,3.15,50126.97,24.5,0.22,2.42,,0.333,9299998.0,7216858.0,16.16,5.848,0.33,17.1,,,,
2022-05-03 00:00:00+00:00,328.7,579.3,3.15,50126.97,24.5,0.22,2.42,,0.333,9299998.0,7216858.0,16.16,5.848,0.33,17.1,,,,
2022-05-04 00:00:00+00:00,328.7,579.3,3.15,50126.97,24.5,0.22,2.42,,0.333,9299998.0,7216858.0,16.16,5.848,0.33,17.1,,,,
2022-05-05 00:00:00+00:00,328.7,579.3,3.15,50126.97,24.5,0.22,2.42,,0.333,9299998.0,7216858.0,16.16,5.848,0.33,17.1,,,,
2022-05-06 00:00:00+00:00,338.4,596.49,3.06,51614.96,25.3,0.22,2.5,13510.0,0.333,9299998.0,7216858.0,16.64,5.848,0.33,17.1,5.55,5.55,5.41,5.64
2022-05-09 00:00:00+00:00,341.5,601.87,3.04,52079.98,25.5,0.22,2.52,17672.5,0.333,9299998.0,7216858.0,16.79,5.848,0.33,17.1,5.6,5.56,5.55,5.62
2022-05-10 00:00:00+00:00,335.4,591.12,3.09,51149.98,25.0,0.22,2.47,15881.9,0.333,9299998.0,7216858.0,16.49,5.848,0.33,17.1,5.52,5.5,5.48,5.59
2022-05-11 00:00:00+00:00,331.7,584.67,3.12,50591.95,24.7,0.22,2.45,17455.7,0.333,9299998.0,7216858.0,16.31,5.848,0.33,17.1,5.48,5.44,5.43,5.55
2022-05-12 00:00:00+00:00,322.6,568.55,3.21,49196.97,24.1,0.22,2.38,13812.4,0.333,9299998.0,7216858.0,15.86,5.848,0.33,17.1,5.31,5.29,5.29,5.49
2022-05-13 00:00:00+00:00,298.0,525.23,3.48,45449.09,22.2,0.22,2.2,34693.0,0.333,9299998.0,7216858.0,14.65,5.848,0.33,17.1,4.89,4.89,4.88,5.34
2022-05-16 00:00:00+00:00,284.8,502.02,3.64,43440.25,21.3,0.22,2.1,38763.6,0.333,9299998.0,7216858.0,14.01,5.848,0.33,17.1,4.7,4.67,4.65,4.9
2022-05-17 00:00:00+00:00,285.7,503.52,3.63,43570.46,21.3,0.22,2.11,26570.2,0.333,9299998.0,7216858.0,14.05,5.848,0.33,17.1,4.69,4.67,4.64,4.76
2022-05-18 00:00:00+00:00,287.7,507.07,3.6,43877.38,21.5,0.22,2.12,24762.1,0.333,9299998.0,7216858.0,14.15,5.848,0.33,17.1,4.72,4.72,4.69,4.75
2022-05-19 00:00:00+00:00,283.5,499.76,3.66,43244.95,21.2,0.22,2.09,28518.4,0.3,9299998.0,7216858.0,13.94,6.41,0.3,15.6,4.66,4.65,4.6,4.7
2022-05-20 00:00:00+00:00,288.5,508.47,3.59,43998.29,21.5,0.22,2.13,6885.8,0.3,9299998.0,7216858.0,14.19,6.41,0.3,15.6,4.73,4.73,4.66,4.74
2022-05-23 00:00:00+00:00,296.3,522.33,3.5,45197.96,22.1,0.22,2.19,21837.7,0.3,9299998.0,7216858.0,14.57,6.41,0.3,15.6,4.86,4.86,4.74,4.87
2022-05-24 00:00:00+00:00,294.8,519.65,3.52,44965.48,22.0,0.22,2.17,13382.9,0.3,9299998.0,7216858.0,14.5,6.41,0.3,15.6,4.84,4.84,4.82,4.89
2022-05-25 00:00:00+00:00,291.5,513.74,3.56,44453.97,21.7,0.22,2.15,15361.2,0.3,9299998.0,7216858.0,14.33,6.41,0.3,15.6,4.79,4.78,4.71,4.85
2022-05-26 00:00:00+00:00,292.6,515.78,3.54,44630.67,21.8,0.22,2.16,11495.7,0.3,9299998.0,7216858.0,14.39,6.41,0.3,15.6,4.82,4.8,4.79,4.84
2022-05-27 00:00:00+00:00,292.9,516.31,3.54,44677.16,21.9,0.22,2.16,10125.9,0.3,9299998.0,7216858.0,14.4,6.41,0.3,15.6,4.81,4.8,4.78,4.88
2022-05-30 00:00:00+00:00,291.5,513.74,3.56,44453.97,21.7,0.22,2.15,10672.3,0.3,9299998.0,7216858.0,14.33,6.41,0.3,15.6,4.79,4.78,4.78,4.82
2022-05-31 00:00:00+00:00,286.6,505.14,3.62,43709.97,21.4,0.22,2.11,158047.4,0.3,9299998.0,7216858.0,14.09,6.41,0.3,15.6,4.7,4.67,4.64,4.81
2022-06-01 00:00:00+00:00,282.5,497.94,3.67,43086.89,21.1,0.22,2.08,15890.8,0.3,9299998.0,7216858.0,13.89,6.41,0.3,15.6,4.64,4.63,4.63,4.73
2022-06-02 00:00:00+00:00,278.9,491.59,3.72,42538.2,20.8,0.22,2.06,17802.0,0.3,9299998.0,7216858.0,13.71,6.41,0.3,15.6,4.57,4.57,4.53,4.64
2022-06-03 00:00:00+00:00,280.5,494.39,3.7,42780.0,20.9,0.22,2.07,4878.2,0.3,9299998.0,7216858.0,13.79,6.41,0.3,15.6,4.6,4.59,4.55,4.63
2022-06-06 00:00:00+00:00,286.5,505.03,3.62,43700.67,21.4,0.22,2.11,15751.2,0.3,9299998.0,7216858.0,14.09,6.41,0.3,15.6,4.7,4.7,4.6,4.71
2022-06-07 00:00:00+00:00,286.5,504.92,3.62,43691.38,21.4,0.22,2.11,14959.8,0.3,9299998.0,7216858.0,14.09,6.41,0.3,15.6,4.71,4.7,4.68,4.74
2022-06-08 00:00:00+00:00,292.1,514.81,3.55,44546.99,21.8,0.22,2.15,11737.9,0.3,9299998.0,7216858.0,14.36,6.41,0.3,15.6,4.79,4.77,4.7,4.82
2022-06-09 00:00:00+00:00,293.9,518.03,3.53,44825.96,21.9,0.22,2.17,8110.5,0.3,9299998.0,7216858.0,14.45,6.41,0.3,15.6,4.82,4.78,4.77,4.82
2022-06-10 00:00:00+00:00,287.0,505.89,3.61,43775.05,21.4,0.22,2.12,8946.6,0.3,9299998.0,7216858.0,14.11,6.41,0.3,15.6,4.71,4.71,4.7,4.78
2022-06-13 00:00:00+00:00,286.0,504.06,3.62,43616.95,21.3,0.22,2.11,11834.3,0.3,9299998.0,7216858.0,14.06,6.41,0.3,15.6,4.71,4.69,4.68,4.73
2022-06-14 00:00:00+00:00,287.6,506.86,3.6,43858.78,21.5,0.22,2.12,12251.7,0.3,9299998.0,7216858.0,14.14,6.41,0.3,15.6,4.72,4.71,4.66,4.72
2022-06-15 00:00:00+00:00,281.6,496.32,3.68,42947.39,21.0,0.22,2.08,12713.0,0.3,9299998.0,7216858.0,13.85,6.41,0.3,15.6,4.68,4.62,4.62,4.72
2022-06-16 00:00:00+00:00,280.5,494.5,3.69,42789.29,20.9,0.22,2.07,88316.3,0.3,9299998.0,7216858.0,13.8,6.356,0.3,15.73,4.62,4.6,4.56,4.66
2022-06-17 00:00:00+00:00,270.2,476.23,3.84,41208.29,20.2,0.22,1.99,13680.9,0.3,9299998.0,7216858.0,13.29,6.356,0.3,15.73,4.44,4.43,4.43,4.59
2022-06-20 00:00:00+00:00,257.9,454.62,4.02,39338.99,19.2,0.22,1.9,21832.2,0.3,9299998.0,7216858.0,12.68,6.356,0.3,15.73,4.28,4.23,4.23,4.43
2022-06-21 00:00:00+00:00,259.1,456.77,4.0,39524.99,19.3,0.22,1.91,15722.8,0.3,9299998.0,7216858.0,12.74,6.356,0.3,15.73,4.26,4.25,4.25,4.32
2022-06-22 00:00:00+00:00,247.0,435.39,4.2,37674.29,18.4,0.22,1.82,10249.0,0.3,9299998.0,7216858.0,12.15,6.356,0.3,15.73,4.07,4.05,4.05,4.29
2022-06-23 00:00:00+00:00,245.2,432.16,4.23,37395.29,18.3,0.22,1.81,13515.6,0.3,9299998.0,7216858.0,12.06,6.356,0.3,15.73,4.02,4.02,4.02,4.13
2022-06-24 00:00:00+00:00,255.4,450.11,4.06,38948.39,19.1,0.22,1.88,10380.5,0.3,9299998.0,7216858.0,12.56,6.356,0.3,15.73,4.23,4.19,4.03,4.25
2022-06-27 00:00:00+00:00,252.8,445.6,4.1,38557.79,18.9,0.22,1.86,8922.2,0.3,9299998.0,7216858.0,12.43,6.356,0.3,15.73,4.15,4.14,4.13,4.29
2022-06-28 00:00:00+00:00,253.4,446.56,4.09,38641.49,18.9,0.22,1.87,9276.4,0.3,9299998.0,7216858.0,12.46,6.356,0.3,15.73,4.15,4.13,4.11,4.18
2022-06-29 00:00:00+00:00,252.8,445.6,4.1,38557.79,18.9,0.22,1.86,5210.9,0.3,9299998.0,7216858.0,12.43,6.356,0.3,15.73,4.15,4.15,4.13,4.17
2022-06-30 00:00:00+00:00,251.8,443.88,4.12,38408.99,18.8,0.22,1.86,7519.0,0.3,9299998.0,7216858.0,12.38,6.356,0.3,15.73,4.13,4.13,4.13,4.16
2022-07-01 00:00:00+00:00,250.1,440.87,4.14,38148.59,18.7,0.22,1.84,3876.5,0.3,9299998.0,7216858.0,12.3,6.356,0.3,15.73,4.12,4.1,4.1,4.15
2022-07-04 00:00:00+00:00,249.9,440.54,4.15,38120.69,18.6,0.22,1.84,4246.7,0.3,9299998.0,7216858.0,12.29,6.356,0.3,15.73,4.1,4.08,4.08,4.13
2022-07-05 00:00:00+00:00,248.8,438.5,4.17,37943.99,18.6,0.22,1.83,6576.8,0.3,9299998.0,7216858.0,12.23,6.356,0.3,15.73,4.08,4.04,4.01,4.1
2022-07-06 00:00:00+00:00,245.1,432.05,4.23,37386.0,18.3,0.22,1.81,7523.9,0.3,9299998.0,7216858.0,12.05,6.356,0.3,15.73,4.02,4.01,4.01,4.08
2022-07-07 00:00:00+00:00,243.3,428.83,4.26,37106.99,18.2,0.22,1.79,8974.9,0.3,9299998.0,7216858.0,11.96,6.356,0.3,15.73,4.0,3.99,3.98,4.03
2022-07-08 00:00:00+00:00,243.3,428.83,4.26,37106.99,18.2,0.22,1.79,,0.3,9299998.0,7216858.0,11.96,6.356,0.3,15.73,,,,
2022-07-11 00:00:00+00:00,243.3,428.83,4.26,37106.99,18.2,0.22,1.79,,0.3,9299998.0,7216858.0,11.96,6.356,0.3,15.73,,,,
2022-07-12 00:00:00+00:00,243.3,428.83,4.26,37106.99,18.2,0.22,1.79,,0.3,9299998.0,7216858.0,11.96,6.356,0.3,15.73,,,,
2022-07-13 00:00:00+00:00,243.2,428.72,4.26,37097.7,18.1,0.22,1.79,7704.5,0.3,9299998.0,7216858.0,11.96,6.356,0.3,15.73,3.99,3.97,3.97,4.02
2022-07-14 00:00:00+00:00,236.0,415.93,4.39,35990.99,17.6,0.22,1.74,9333.1,0.258,9299998.0,7216858.0,11.6,6.475,0.26,15.45,3.87,3.85,3.82,4.0
2022-07-15 00:00:00+00:00,238.0,419.59,4.35,36307.2,17.8,0.22,1.76,3641.7,0.258,9299998.0,7216858.0,11.71,6.475,0.26,15.45,3.9,3.9,3.85,3.93
2022-07-18 00:00:00+00:00,239.9,422.92,4.32,36595.5,17.9,0.22,1.77,5597.6,0.258,9299998.0,7216858.0,11.8,6.475,0.26,15.45,3.94,3.94,3.9,3.95
2022-07-19 00:00:00+00:00,239.6,422.38,4.33,36549.0,17.9,0.22,1.77,3538.6,0.258,9299998.0,7216858.0,11.78,6.475,0.26,15.45,3.93,3.93,3.93,3.95
2022-07-20 00:00:00+00:00,242.7,427.75,4.27,37013.99,18.1,0.22,1.79,12945.6,0.258,9299998.0,7216858.0,11.93,6.475,0.26,15.45,3.98,3.97,3.93,3.99
2022-07-21 00:00:00+00:00,241.3,425.28,4.3,36800.09,21.7,0.18,1.78,13151.2,0.258,9299998.0,7216858.0,11.86,6.475,0.26,15.45,4.0,3.96,3.96,4.07
2022-07-22 00:00:00+00:00,243.8,429.8,4.25,37190.69,21.9,0.18,1.8,5015.3,0.258,9299998.0,7216858.0,11.99,6.475,0.26,15.45,4.0,4.0,3.91,4.01
2022-07-25 00:00:00+00:00,244.5,430.98,4.24,37292.99,22.0,0.18,1.8,5812.9,0.258,9299998.0,7216858.0,12.02,6.475,0.26,15.45,4.01,4.0,3.98,4.03
2022-07-26 00:00:00+00:00,256.1,451.4,4.05,39059.99,23.0,0.18,1.89,23159.9,0.258,9299998.0,7216858.0,12.59,6.475,0.26,15.45,4.21,4.2,4.02,4.27
2022-07-27 00:00:00+00:00,265.9,468.59,3.9,40547.99,23.9,0.18,1.96,11954.5,0.258,9299998.0,7216858.0,13.07,6.475,0.26,15.45,4.36,4.35,4.21,4.36
2022-07-28 00:00:00+00:00,268.3,472.89,3.86,40919.99,24.1,0.18,1.98,20574.4,0.258,9299998.0,7216858.0,13.19,6.475,0.26,15.45,4.44,4.4,4.36,4.5
2022-07-29 00:00:00+00:00,278.8,491.49,3.72,42528.89,25.1,0.18,2.06,11625.4,0.258,9299998.0,7216858.0,13.71,6.475,0.26,15.45,4.57,4.57,4.39,4.57
2022-08-01 00:00:00+00:00,282.9,498.69,3.66,43151.97,25.5,0.18,2.09,17285.2,0.258,9299998.0,7216858.0,13.91,6.475,0.26,15.45,4.64,4.62,4.58,4.67
2022-08-02 00:00:00+00:00,278.7,491.17,3.72,42500.99,25.1,0.18,2.05,8641.1,0.258,9299998.0,7216858.0,13.7,6.475,0.26,15.45,4.57,4.55,4.54,4.65
2022-08-03 00:00:00+00:00,278.0,490.09,3.73,42408.0,25.0,0.18,2.05,9220.1,0.258,9299998.0,7216858.0,13.67,6.475,0.26,15.45,4.56,4.53,4.5,4.56
2022-08-04 00:00:00+00:00,278.7,491.17,3.72,42500.99,25.1,0.18,2.05,3146.8,0.258,9299998.0,7216858.0,13.7,6.475,0.26,15.45,4.57,4.53,4.53,4.57
2022-08-05 00:00:00+00:00,276.8,487.83,3.75,42212.69,24.9,0.18,2.04,1053.3,0.258,9299998.0,7216858.0,13.61,6.475,0.26,15.45,4.55,4.54,4.53,4.57
2022-08-08 00:00:00+00:00,281.7,496.54,3.68,42965.97,25.3,0.18,2.08,5368.1,0.258,9299998.0,7216858.0,13.85,6.475,0.26,15.45,4.62,4.59,4.53,4.62
2022-08-09 00:00:00+00:00,280.5,494.5,3.69,42789.29,25.2,0.18,2.07,3048.3,0.258,9299998.0,7216858.0,13.8,6.475,0.26,15.45,4.62,4.6,4.6,4.64
2022-08-10 00:00:00+00:00,279.9,493.31,3.7,42686.99,25.2,0.18,2.06,3180.8,0.258,9299998.0,7216858.0,13.76,6.475,0.26,15.45,4.59,4.58,4.55,4.62
2022-08-11 00:00:00+00:00,283.5,499.76,3.66,43244.95,25.5,0.18,2.09,5625.1,0.258,9299998.0,7216858.0,13.94,6.475,0.26,15.45,4.65,4.62,4.58,4.65
2022-08-12 00:00:00+00:00,286.8,505.46,3.61,43737.86,25.8,0.18,2.11,7358.2,0.258,9299998.0,7216858.0,14.1,6.475,0.26,15.45,4.71,4.7,4.62,4.73
2022-08-15 00:00:00+00:00,285.2,502.67,3.63,43496.08,25.7,0.18,2.1,6086.0,0.258,9299998.0,7216858.0,14.02,6.475,0.26,15.45,4.69,4.68,4.66,4.73
2022-08-16 00:00:00+00:00,287.2,506.21,3.61,43802.99,25.8,0.18,2.12,8135.3,0.258,9299998.0,7216858.0,14.12,6.475,0.26,15.45,4.71,4.7,4.65,4.71
2022-08-17 00:00:00+00:00,292.3,515.13,3.55,44574.88,26.3,0.18,2.15,18913.7,0.258,9299998.0,7216858.0,14.37,6.475,0.26,15.45,4.8,4.79,4.7,4.84
2022-08-18 00:00:00+00:00,293.3,516.96,3.53,44732.99,26.4,0.18,2.16,11406.8,0.267,9299998.0,7216858.0,14.42,5.662,0.27,17.66,4.82,4.81,4.8,4.83
2022-08-19 00:00:00+00:00,290.9,512.66,3.56,44360.99,26.2,0.18,2.14,3177.0,0.267,9299998.0,7216858.0,14.3,5.662,0.27,17.66,4.78,4.77,4.76,4.83
2022-08-22 00:00:00+00:00,286.6,505.14,3.62,43709.97,25.8,0.18,2.11,6074.0,0.267,9299998.0,7216858.0,14.09,5.662,0.27,17.66,4.7,4.7,4.7,4.8
2022-08-23 00:00:00+00:00,280.0,493.53,3.7,42705.59,25.2,0.18,2.06,8958.5,0.267,9299998.0,7216858.0,13.77,5.662,0.27,17.66,4.62,4.59,4.58,4.68
2022-08-24 00:00:00+00:00,281.0,495.25,3.69,42854.39,25.3,0.18,2.07,10694.3,0.267,9299998.0,7216858.0,13.82,5.662,0.27,17.66,4.62,4.61,4.61,4.68
2022-08-25 00:00:00+00:00,281.3,495.79,3.69,42900.89,25.3,0.18,2.07,4964.3,0.267,9299998.0,7216858.0,13.83,5.662,0.27,17.66,4.62,4.61,4.61,4.65
2022-08-26 00:00:00+00:00,279.8,493.1,3.71,42668.39,25.2,0.18,2.06,7481.7,0.267,9299998.0,7216858.0,13.76,5.662,0.27,17.66,4.59,4.59,4.56,4.62
2022-08-29 00:00:00+00:00,276.2,486.87,3.75,42128.99,24.8,0.18,2.04,8285.4,0.267,9299998.0,7216858.0,13.58,5.662,0.27,17.66,4.53,4.53,4.53,4.6
2022-08-30 00:00:00+00:00,275.6,485.79,3.76,42036.0,24.8,0.18,2.03,8487.1,0.267,9299998.0,7216858.0,13.55,5.662,0.27,17.66,4.52,4.52,4.52,4.56
2022-08-31 00:00:00+00:00,275.7,485.9,3.76,42045.29,24.8,0.18,2.03,13424.0,0.267,9299998.0,7216858.0,13.56,5.662,0.27,17.66,4.52,4.52,4.49,4.57
2022-09-01 00:00:00+00:00,271.3,478.27,3.82,41384.99,24.4,0.18,2.0,7256.8,0.267,9299998.0,7216858.0,13.34,5.662,0.27,17.66,4.46,4.45,4.45,4.55
2022-09-02 00:00:00+00:00,268.5,473.32,3.86,40957.2,24.2,0.18,1.98,3115.9,0.267,9299998.0,7216858.0,13.2,5.662,0.27,17.66,4.41,4.4,4.36,4.42
2022-09-05 00:00:00+00:00,266.4,469.56,3.89,40631.7,24.0,0.18,1.96,4827.6,0.267,9299998.0,7216858.0,13.1,5.662,0.27,17.66,4.38,4.37,4.37,4.44
2022-09-06 00:00:00+00:00,265.1,467.2,3.91,40427.09,23.8,0.18,1.95,5804.5,0.267,9299998.0,7216858.0,13.03,5.662,0.27,17.66,4.35,4.35,4.33,4.39
2022-09-07 00:00:00+00:00,263.5,464.4,3.93,40185.29,23.7,0.18,1.94,4754.3,0.267,9299998.0,7216858.0,12.96,5.662,0.27,17.66,4.32,4.32,4.32,4.37
2022-09-08 00:00:00+00:00,262.4,462.58,3.95,40027.19,23.6,0.18,1.94,4935.4,0.267,9299998.0,7216858.0,12.9,5.662,0.27,17.66,4.31,4.3,4.3,4.35
2022-09-09 00:00:00+00:00,264.8,466.77,3.91,40389.89,23.8,0.18,1.95,2772.4,0.267,9299998.0,7216858.0,13.02,5.662,0.27,17.66,4.35,4.34,4.31,4.37
2022-09-12 00:00:00+00:00,265.9,468.59,3.9,40547.99,23.9,0.18,1.96,5080.9,0.267,9299998.0,7216858.0,13.07,5.662,0.27,17.66,4.36,4.35,4.35,4.38
2022-09-13 00:00:00+00:00,265.9,468.59,3.9,40547.99,23.9,0.18,1.96,5107.6,0.267,9299998.0,7216858.0,13.07,5.662,0.27,17.66,4.36,4.36,4.35,4.39
2022-09-14 00:00:00+00:00,260.4,459.03,3.98,39720.29,23.4,0.18,1.92,4854.9,0.267,9299998.0,7216858.0,12.81,5.662,0.27,17.66,4.28,4.27,4.25,4.3
2022-09-15 00:00:00+00:00,259.1,456.77,4.0,39524.99,23.3,0.18,1.91,16850.0,0.275,9299998.0,7216858.0,12.74,6.307,0.28,15.85,4.27,4.25,4.25,4.3
2022-09-16 00:00:00+00:00,250.5,441.51,4.14,38204.39,22.5,0.18,1.85,10128.1,0.275,9299998.0,7216858.0,12.32,6.307,0.28,15.85,4.12,4.11,4.11,4.27
2022-09-19 00:00:00+00:00,252.7,445.49,4.1,38548.5,22.7,0.18,1.86,5965.0,0.275,9299998.0,7216858.0,12.43,6.307,0.28,15.85,4.15,4.14,4.03,4.16
2022-09-20 00:00:00+00:00,256.1,451.4,4.05,39059.99,23.0,0.18,1.89,7454.3,0.275,9299998.0,7216858.0,12.59,6.307,0.28,15.85,4.21,4.2,4.15,4.23
2022-09-21 00:00:00+00:00,253.7,447.1,4.09,38687.99,22.8,0.18,1.87,4857.1,0.275,9299998.0,7216858.0,12.47,6.307,0.28,15.85,4.17,4.16,4.15,4.2
2022-09-22 00:00:00+00:00,251.8,443.88,4.12,38408.99,22.7,0.18,1.86,6502.2,0.275,9299998.0,7216858.0,12.38,6.307,0.28,15.85,4.15,4.13,4.09,4.15
2022-09-23 00:00:00+00:00,244.2,430.44,4.24,37246.49,22.0,0.18,1.8,4782.2,0.275,9299998.0,7216858.0,12.01,6.307,0.28,15.85,4.01,4.0,4.0,4.07
2022-09-26 00:00:00+00:00,241.5,425.6,4.29,36827.99,21.7,0.18,1.78,7329.2,0.275,9299998.0,7216858.0,11.87,6.307,0.28,15.85,4.0,3.96,3.96,4.03
2022-09-27 00:00:00+00:00,243.0,428.4,4.26,37069.79,21.9,0.18,1.79,6617.5,0.275,9299998.0,7216858.0,11.95,6.307,0.28,15.85,3.99,3.99,3.98,4.02
2022-09-28 00:00:00+00:00,253.7,447.21,4.09,38697.29,22.8,0.18,1.87,15818.9,0.275,9299998.0,7216858.0,12.48,6.307,0.28,15.85,4.38,4.16,4.0,4.27
2022-09-29 00:00:00+00:00,251.2,442.8,4.13,38315.99,22.6,0.18,1.85,15448.8,0.275,9299998.0,7216858.0,12.35,6.307,0.28,15.85,4.12,4.11,4.1,4.27
2022-09-30 00:00:00+00:00,247.6,436.46,4.19,37767.29,22.3,0.18,1.83,6532.2,0.275,9299998.0,7216858.0,12.18,6.307,0.28,15.85,4.08,4.06,4.05,4.12
2022-10-03 00:00:00+00:00,244.6,431.19,4.24,37311.59,22.0,0.18,1.8,9966.5,0.275,9299998.0,7216858.0,12.03,6.307,0.28,15.85,4.04,4.01,4.01,4.11
2022-10-04 00:00:00+00:00,259.2,456.88,4.0,39534.3,23.3,0.18,1.91,21126.5,0.275,9299998.0,7216858.0,12.75,6.307,0.28,15.85,4.26,4.25,4.1,4.25
2022-10-05 00:00:00+00:00,256.2,451.61,4.05,39078.59,23.0,0.18,1.89,8109.6,0.275,9299998.0,7216858.0,12.6,6.307,0.28,15.85,4.23,4.2,4.2,4.35
2022-10-06 00:00:00+00:00,253.7,447.21,4.09,38697.29,22.8,0.18,1.87,6904.4,0.275,9299998.0,7216858.0,12.48,6.307,0.28,15.85,4.19,4.16,4.16,4.25
2022-10-07 00:00:00+00:00,249.7,440.11,4.15,38083.5,22.5,0.18,1.84,5708.5,0.275,9299998.0,7216858.0,12.28,6.307,0.28,15.85,4.1,4.09,4.09,4.13
2022-10-10 00:00:00+00:00,249.5,439.79,4.15,38055.59,22.4,0.18,1.84,6089.0,0.275,9299998.0,7216858.0,12.27,6.307,0.28,15.85,4.1,4.09,4.09,4.13
2022-10-11 00:00:00+00:00,245.2,432.27,4.23,37404.6,22.1,0.18,1.81,7743.0,0.275,9299998.0,7216858.0,12.06,6.307,0.28,15.85,4.02,4.02,4.02,4.11
2022-10-12 00:00:00+00:00,247.0,435.28,4.2,37664.99,22.2,0.18,1.82,5556.6,0.275,9299998.0,7216858.0,12.14,6.307,0.28,15.85,4.06,4.05,4.03,4.08
2022-10-13 00:00:00+00:00,243.9,429.9,4.25,37199.99,21.9,0.18,1.8,11721.7,0.275,9299998.0,7216858.0,11.99,6.307,0.28,15.85,4.01,4.0,4.0,4.05
2022-10-14 00:00:00+00:00,243.6,429.37,4.26,37153.49,21.9,0.18,1.8,6658.2,0.275,9299998.0,7216858.0,11.98,6.307,0.28,15.85,4.0,3.99,3.99,4.02
2022-10-17 00:00:00+00:00,243.9,429.9,4.25,37199.99,21.9,0.18,1.8,9508.2,0.275,9299998.0,7216858.0,11.99,6.307,0.28,15.85,4.0,4.0,3.99,4.02
2022-10-18 00:00:00+00:00,247.0,435.28,4.2,37664.99,22.2,0.18,1.82,12056.9,0.275,9299998.0,7216858.0,12.14,6.307,0.28,15.85,4.05,4.05,4.03,4.1
2022-10-19 00:00:00+00:00,244.0,430.12,4.25,37218.59,22.0,0.18,1.8,9335.9,0.275,9299998.0,7216858.0,12.0,6.307,0.28,15.85,4.03,4.0,4.0,4.07
2022-10-20 00:00:00+00:00,250.6,441.73,4.14,38222.99,22.5,0.18,1.85,17491.5,0.283,9299998.0,7216858.0,12.32,6.996,0.28,14.29,4.11,4.09,4.0,4.11
2022-10-21 00:00:00+00:00,251.8,443.77,4.12,38399.69,22.6,0.18,1.86,4772.2,0.283,9299998.0,7216858.0,12.38,6.996,0.28,14.29,4.13,4.11,4.11,4.18
2022-10-24 00:00:00+00:00,244.7,431.3,4.24,37320.89,22.0,0.18,1.8,7769.7,0.283,9299998.0,7216858.0,12.03,6.996,0.28,14.29,4.02,4.01,4.01,4.12
2022-10-25 00:00:00+00:00,246.3,434.2,4.21,37571.99,27.5,0.15,1.82,9464.2,0.283,9299998.0,7216858.0,12.11,6.996,0.28,14.29,4.04,4.03,4.0,4.06
2022-10-26 00:00:00+00:00,229.9,405.18,4.51,35061.0,25.7,0.15,1.69,57242.5,0.283,9299998.0,7216858.0,11.3,6.996,0.28,14.29,3.77,3.76,3.64,3.98
2022-10-27 00:00:00+00:00,234.4,413.14,4.42,35749.19,26.2,0.15,1.73,22644.7,0.283,9299998.0,7216858.0,11.53,6.996,0.28,14.29,3.84,3.8,3.73,3.85
2022-10-28 00:00:00+00:00,234.8,413.78,4.42,35805.0,26.2,0.15,1.73,9591.8,0.283,9299998.0,7216858.0,11.54,6.996,0.28,14.29,3.85,3.84,3.84,3.92
2022-10-31 00:00:00+00:00,234.0,412.39,4.43,35684.09,26.2,0.15,1.73,14055.4,0.283,9299998.0,7216858.0,11.5,6.996,0.28,14.29,3.84,3.81,3.77,3.86
2022-11-01 00:00:00+00:00,232.1,409.16,4.47,35405.09,26.0,0.15,1.71,7452.3,0.283,9299998.0,7216858.0,11.41,6.996,0.28,14.29,3.81,3.81,3.78,3.85
2022-11-02 00:00:00+00:00,232.6,409.91,4.46,35470.19,26.0,0.15,1.71,9086.3,0.283,9299998.0,7216858.0,11.44,6.996,0.28,14.29,3.81,3.8,3.79,3.81
2022-11-03 00:00:00+00:00,229.8,404.97,4.51,35042.39,25.7,0.15,1.69,9525.6,0.283,9299998.0,7216858.0,11.3,6.996,0.28,14.29,3.77,3.77,3.76,3.8
2022-11-04 00:00:00+00:00,230.9,406.9,4.49,35209.8,25.8,0.15,1.7,11480.1,0.283,9299998.0,7216858.0,11.35,6.996,0.28,14.29,3.79,3.79,3.77,3.83
2022-11-07 00:00:00+00:00,231.7,408.41,4.47,35340.0,25.9,0.15,1.71,16794.6,0.283,9299998.0,7216858.0,11.39,6.996,0.28,14.29,3.8,3.79,3.76,3.8
2022-11-08 00:00:00+00:00,233.2,411.1,4.44,35572.49,26.1,0.15,1.72,14283.2,0.283,9299998.0,7216858.0,11.47,6.996,0.28,14.29,3.82,3.81,3.79,3.83
2022-11-09 00:00:00+00:00,233.3,411.2,4.44,35581.79,26.1,0.15,1.72,12913.6,0.283,9299998.0,7216858.0,11.47,6.996,0.28,14.29,3.83,3.82,3.81,3.85
2022-11-10 00:00:00+00:00,231.3,407.76,4.48,35284.19,25.9,0.15,1.71,6364.5,0.283,9299998.0,7216858.0,11.38,6.996,0.28,14.29,3.79,3.79,3.79,3.82
2022-11-11 00:00:00+00:00,232.9,410.45,4.45,35516.69,26.0,0.15,1.72,8961.5,0.283,9299998.0,7216858.0,11.45,6.996,0.28,14.29,3.82,3.81,3.79,3.84
2022-11-14 00:00:00+00:00,232.3,409.38,4.46,35423.69,26.0,0.15,1.71,9689.3,0.283,9299998.0,7216858.0,11.42,6.996,0.28,14.29,3.81,3.8,3.78,3.82
2022-11-15 00:00:00+00:00,230.5,406.26,4.5,35153.99,25.8,0.15,1.7,8151.0,0.283,9299998.0,7216858.0,11.33,6.996,0.28,14.29,3.78,3.77,3.77,3.8
2022-11-16 00:00:00+00:00,228.0,401.96,4.55,34781.99,25.5,0.15,1.68,11321.1,0.283,9299998.0,7216858.0,11.21,6.996,0.28,14.29,3.74,3.73,3.72,3.77
2022-11-17 00:00:00+00:00,226.2,398.74,4.58,34502.99,25.3,0.15,1.67,18026.0,0.2,9299998.0,7216858.0,11.12,5.291,0.2,18.9,3.71,3.7,3.68,3.73
2022-11-18 00:00:00+00:00,225.0,396.59,4.61,34316.99,25.2,0.15,1.66,6984.9,0.2,9299998.0,7216858.0,11.06,5.291,0.2,18.9,3.69,3.68,3.68,3.71
2022-11-21 00:00:00+00:00,219.5,386.81,4.72,33470.69,24.5,0.15,1.62,16566.8,0.2,9299998.0,7216858.0,10.79,5.291,0.2,18.9,3.6,3.6,3.59,3.69
2022-11-22 00:00:00+00:00,217.0,382.4,4.78,33089.39,24.3,0.15,1.6,18923.1,0.2,9299998.0,7216858.0,10.67,5.291,0.2,18.9,3.56,3.54,3.49,3.61
2022-11-23 00:00:00+00:00,222.5,392.18,4.66,33935.7,24.9,0.15,1.64,17365.7,0.2,9299998.0,7216858.0,10.94,5.291,0.2,18.9,3.65,3.64,3.53,3.65
2022-11-24 00:00:00+00:00,219.1,386.16,4.73,33414.9,24.5,0.15,1.62,10171.9,0.2,9299998.0,7216858.0,10.77,5.291,0.2,18.9,3.6,3.59,3.58,3.66
2022-11-25 00:00:00+00:00,217.1,382.72,4.77,33117.29,24.3,0.15,1.6,9877.2,0.2,9299998.0,7216858.0,10.68,5.291,0.2,18.9,3.56,3.56,3.54,3.6
2022-11-28 00:00:00+00:00,213.8,376.81,4.85,32605.79,23.9,0.15,1.58,17060.1,0.2,9299998.0,7216858.0,10.51,5.291,0.2,18.9,3.52,3.51,3.46,3.55
2022-11-29 00:00:00+00:00,215.2,379.39,4.82,32828.99,24.1,0.15,1.59,12508.0,0.2,9299998.0,7216858.0,10.58,5.291,0.2,18.9,3.53,3.52,3.51,3.55
2022-11-30 00:00:00+00:00,215.7,380.25,4.8,32903.39,24.1,0.15,1.59,29062.9,0.2,9299998.0,7216858.0,10.61,5.291,0.2,18.9,3.54,3.53,3.5,3.54
2022-12-01 00:00:00+00:00,217.7,383.69,4.76,33200.99,24.3,0.15,1.61,13283.5,0.2,9299998.0,7216858.0,10.7,5.291,0.2,18.9,3.57,3.57,3.53,3.58
2022-12-02 00:00:00+00:00,219.0,385.95,4.73,33396.29,24.5,0.15,1.61,17199.9,0.2,9299998.0,7216858.0,10.77,5.291,0.2,18.9,3.6,3.59,3.57,3.64
2022-12-05 00:00:00+00:00,218.9,385.84,4.74,33386.99,24.5,0.15,1.61,14460.7,0.2,9299998.0,7216858.0,10.76,5.291,0.2,18.9,3.59,3.56,3.52,3.59
2022-12-06 00:00:00+00:00,215.4,379.6,4.81,32847.59,24.1,0.15,1.59,11914.5,0.2,9299998.0,7216858.0,10.59,5.291,0.2,18.9,3.55,3.53,3.53,3.57
2022-12-07 00:00:00+00:00,211.3,372.4,4.91,32224.5,23.6,0.15,1.56,14623.1,0.2,9299998.0,7216858.0,10.39,5.291,0.2,18.9,3.47,3.46,3.45,3.54
2022-12-08 00:00:00+00:00,208.8,368.1,4.96,31852.49,23.3,0.15,1.54,21006.4,0.2,9299998.0,7216858.0,10.27,5.291,0.2,18.9,3.43,3.43,3.4,3.47
2022-12-09 00:00:00+00:00,206.5,364.02,5.02,31499.09,23.1,0.15,1.52,11627.4,0.2,9299998.0,7216858.0,10.16,5.291,0.2,18.9,3.39,3.39,3.39,3.45
2022-12-12 00:00:00+00:00,202.4,356.82,5.12,30875.99,22.6,0.15,1.49,23124.7,0.2,9299998.0,7216858.0,9.95,5.291,0.2,18.9,3.32,3.32,3.3,3.4
2022-12-13 00:00:00+00:00,200.0,352.52,5.18,30503.99,22.4,0.15,1.47,27280.1,0.2,9299998.0,7216858.0,9.83,5.291,0.2,18.9,3.29,3.28,3.28,3.33
2022-12-14 00:00:00+00:00,197.6,348.22,5.25,30131.99,22.1,0.15,1.46,21704.9,0.2,9299998.0,7216858.0,9.71,5.291,0.2,18.9,3.24,3.24,3.23,3.31
2022-12-15 00:00:00+00:00,194.3,342.53,5.33,29639.09,21.7,0.15,1.43,32449.5,0.2,9299998.0,7216858.0,9.56,6.098,0.2,16.4,3.19,3.18,3.13,3.26
2022-12-16 00:00:00+00:00,194.3,342.53,5.33,29639.09,21.7,0.15,1.43,,0.2,9299998.0,7216858.0,9.56,6.098,0.2,16.4,,,,
2022-12-19 00:00:00+00:00,194.7,343.17,5.32,29694.89,21.8,0.15,1.44,18106.5,0.2,9299998.0,7216858.0,9.57,6.098,0.2,16.4,3.19,3.19,3.15,3.22
2022-12-20 00:00:00+00:00,196.2,345.86,5.28,29927.39,21.9,0.15,1.45,22538.7,0.2,9299998.0,7216858.0,9.65,6.098,0.2,16.4,3.22,3.22,3.18,3.23
2022-12-21 00:00:00+00:00,197.3,347.68,5.26,30085.49,22.1,0.15,1.45,14832.9,0.2,9299998.0,7216858.0,9.7,6.098,0.2,16.4,3.24,3.23,3.23,3.25
2022-12-22 00:00:00+00:00,200.3,353.06,5.18,30550.49,22.4,0.15,1.48,16031.9,0.2,9299998.0,7216858.0,9.85,6.098,0.2,16.4,3.28,3.28,3.24,3.3
2022-12-23 00:00:00+00:00,200.5,353.38,5.17,30578.39,22.4,0.15,1.48,9783.4,0.2,9299998.0,7216858.0,9.86,6.098,0.2,16.4,3.29,3.29,3.28,3.33
2022-12-26 00:00:00+00:00,197.5,348.11,5.25,30122.7,22.1,0.15,1.46,13509.7,0.2,9299998.0,7216858.0,9.71,6.098,0.2,16.4,3.24,3.24,3.23,3.29
2022-12-27 00:00:00+00:00,194.8,343.39,5.32,29713.49,21.8,0.15,1.44,22009.0,0.2,9299998.0,7216858.0,9.58,6.098,0.2,16.4,3.19,3.19,3.15,3.23
2022-12-28 00:00:00+00:00,196.0,345.54,5.29,29899.5,21.9,0.15,1.45,18990.5,0.2,9299998.0,7216858.0,9.64,6.098,0.2,16.4,3.22,3.2,3.18,3.24
2022-12-29 00:00:00+00:00,193.4,340.81,5.36,29490.29,21.6,0.15,1.43,12657.3,0.2,9299998.0,7216858.0,9.51,6.098,0.2,16.4,3.18,3.17,3.17,3.22
2022-12-30 00:00:00+00:00,193.4,340.81,5.36,29490.29,21.6,0.15,1.43,,0.2,9299998.0,7216858.0,9.51,6.098,0.2,16.4,,,,
2023-01-02 00:00:00+00:00,195.7,345.0,5.3,29852.99,21.9,0.15,1.44,8664.1,0.2,9299998.0,,9.62,6.098,0.2,16.4,3.22,3.21,3.17,3.23
2023-01-03 00:00:00+00:00,199.0,350.8,5.21,30355.19,22.2,0.15,1.47,10916.9,0.2,9299998.0,,9.79,6.098,0.2,16.4,3.26,3.26,3.21,3.28
2023-01-04 00:00:00+00:00,197.5,348.11,5.25,30122.7,22.1,0.15,1.46,8448.9,0.2,9299998.0,,9.71,6.098,0.2,16.4,3.24,3.23,3.23,3.3
2023-01-05 00:00:00+00:00,203.0,357.89,5.11,30968.99,22.7,0.15,1.5,23849.9,0.2,9299998.0,,9.98,6.098,0.2,16.4,3.33,3.32,3.22,3.34
2023-01-06 00:00:00+00:00,208.1,366.82,4.98,31740.89,23.3,0.15,1.53,25459.4,0.2,9299998.0,,10.23,6.098,0.2,16.4,3.41,3.41,3.34,3.43
2023-01-09 00:00:00+00:00,208.7,367.78,4.97,31824.59,23.3,0.15,1.54,19329.2,0.2,9299998.0,,10.26,6.098,0.2,16.4,3.42,3.41,3.39,3.45
2023-01-10 00:00:00+00:00,208.5,367.57,4.97,31805.99,23.3,0.15,1.54,17628.5,0.2,9299998.0,,10.25,6.098,0.2,16.4,3.42,3.42,3.4,3.44
2023-01-11 00:00:00+00:00,203.4,358.54,5.1,31024.8,22.7,0.15,1.5,26131.2,0.2,9299998.0,,10.0,6.098,0.2,16.4,3.34,3.34,3.34,3.43
2023-01-12 00:00:00+00:00,196.3,346.07,5.28,29946.0,21.9,0.15,1.45,32910.6,0.2,9299998.0,,9.65,6.098,0.2,16.4,3.22,3.22,3.19,3.33
2023-01-13 00:00:00+00:00,194.8,343.28,5.32,29704.2,21.8,0.15,1.44,18916.6,0.2,9299998.0,,9.58,6.098,0.2,16.4,3.19,3.19,3.18,3.23
2023-01-16 00:00:00+00:00,192.7,339.62,5.38,29387.99,21.5,0.15,1.42,23679.5,0.2,9299998.0,,9.47,6.098,0.2,16.4,3.16,3.16,3.15,3.2
2023-01-17 00:00:00+00:00,187.1,329.84,5.54,28541.7,20.9,0.15,1.38,38737.4,0.2,9299998.0,,9.2,6.098,0.2,16.4,3.07,3.05,2.99,3.16
2023-01-18 00:00:00+00:00,181.7,320.28,5.7,27713.99,20.3,0.15,1.34,39151.8,0.2,9299998.0,,8.93,6.098,0.2,16.4,2.98,2.98,2.97,3.06
2023-01-19 00:00:00+00:00,185.0,326.08,5.6,28216.2,20.7,0.15,1.36,30305.8,0.2,9299998.0,,9.1,6.515,0.2,15.35,3.03,3.03,2.9,3.03
2023-01-20 00:00:00+00:00,185.1,326.19,5.6,28225.49,20.7,0.15,1.36,36024.0,0.2,9299998.0,,9.1,6.515,0.2,15.35,3.03,3.03,3.03,3.11
2023-01-23 00:00:00+00:00,184.5,325.11,5.62,28132.49,20.6,0.15,1.36,26901.0,0.2,9299998.0,,9.07,6.515,0.2,15.35,3.02,3.02,3.0,3.03
2023-01-24 00:00:00+00:00,185.4,326.73,5.59,28271.99,20.7,0.15,1.37,22785.9,0.2,9299998.0,,9.11,6.515,0.2,15.35,3.04,3.04,3.01,3.05
2023-01-25 00:00:00+00:00,187.2,329.95,5.54,28550.99,20.9,0.15,1.38,17081.8,0.2,9299998.0,,9.2,6.515,0.2,15.35,3.07,3.06,3.02,3.07
2023-01-26 00:00:00+00:00,187.1,329.74,5.54,28532.39,20.9,0.15,1.38,15775.8,0.2,9299998.0,,9.2,6.515,0.2,15.35,3.07,3.07,3.06,3.09
2023-01-27 00:00:00+00:00,185.7,327.26,5.58,28318.49,20.8,0.15,1.37,16639.8,0.2,9299998.0,,9.13,6.515,0.2,15.35,3.05,3.05,3.02,3.07
2023-01-30 00:00:00+00:00,176.2,310.61,3.46,26877.0,20.0,0.14,1.3,50345.4,0.2,9299998.0,,8.67,6.515,0.2,15.35,2.89,2.89,2.8,2.92
2023-01-31 00:00:00+00:00,166.5,293.41,3.66,25388.99,18.9,0.14,1.23,34655.7,0.2,9299998.0,,8.19,6.515,0.2,15.35,2.73,2.73,2.73,2.89
2023-02-01 00:00:00+00:00,163.3,287.82,3.73,24905.4,18.5,0.14,1.2,46615.5,0.2,9299998.0,,8.03,6.515,0.2,15.35,2.68,2.67,2.59,2.77
2023-02-02 00:00:00+00:00,162.1,285.78,3.76,24728.7,18.4,0.14,1.2,43524.9,0.2,9299998.0,,7.97,6.515,0.2,15.35,2.66,2.65,2.6,2.74
2023-02-03 00:00:00+00:00,160.9,283.52,3.79,24533.39,18.3,0.14,1.19,35791.9,0.2,9299998.0,,7.91,6.515,0.2,15.35,2.64,2.62,2.58,2.65
2023-02-06 00:00:00+00:00,164.0,289.0,3.72,25007.7,18.6,0.14,1.21,23117.5,0.2,9299998.0,,8.06,6.515,0.2,15.35,2.69,2.69,2.63,2.72
2023-02-07 00:00:00+00:00,163.2,287.71,3.74,24896.09,18.5,0.14,1.2,25982.8,0.2,9299998.0,,8.03,6.515,0.2,15.35,2.68,2.66,2.65,2.72
2023-02-08 00:00:00+00:00,162.0,285.56,3.76,24710.09,18.4,0.14,1.19,18011.7,0.2,9299998.0,,7.97,6.515,0.2,15.35,2.66,2.65,2.64,2.68
2023-02-09 00:00:00+00:00,159.3,280.73,3.83,24291.6,18.1,0.14,1.17,25103.8,0.2,9299998.0,,7.83,6.515,0.2,15.35,2.62,2.61,2.6,2.65
2023-02-10 00:00:00+00:00,159.3,280.73,3.83,24291.6,18.1,0.14,1.17,15562.9,0.2,9299998.0,,7.83,6.515,0.2,15.35,2.62,2.61,2.6,2.64
2023-02-13 00:00:00+00:00,159.1,280.51,3.83,24272.99,18.1,0.14,1.17,9877.0,0.2,9299998.0,,7.83,6.515,0.2,15.35,2.61,2.61,2.6,2.63
2023-02-14 00:00:00+00:00,159.1,280.51,3.83,24272.99,18.1,0.14,1.17,,0.2,9299998.0,,7.83,6.515,0.2,15.35,,,,
2023-02-15 00:00:00+00:00,160.7,283.2,3.8,24505.5,18.2,0.14,1.18,16964.9,0.2,9299998.0,,7.9,6.515,0.2,15.35,2.64,2.64,2.6,2.64
2023-02-16 00:00:00+00:00,169.6,298.89,3.6,25863.29,19.2,0.14,1.25,28321.2,0.2,9299998.0,,8.34,7.663,0.2,13.05,2.78,2.78,2.64,2.79
2023-02-17 00:00:00+00:00,171.0,301.47,3.57,26086.5,19.4,0.14,1.26,20249.7,0.2,9299998.0,,8.41,7.663,0.2,13.05,2.81,2.79,2.79,2.84
2023-02-20 00:00:00+00:00,169.8,299.32,3.59,25900.49,19.3,0.14,1.25,12900.7,0.2,9299998.0,,8.35,7.663,0.2,13.05,2.78,2.78,2.78,2.81
2023-02-21 00:00:00+00:00,168.0,296.1,3.63,25621.5,19.1,0.14,1.24,14028.4,0.2,9299998.0,,8.26,7.663,0.2,13.05,2.76,2.75,2.73,2.8
2023-02-22 00:00:00+00:00,166.5,293.41,3.66,25388.99,18.9,0.14,1.23,9303.9,0.2,9299998.0,,8.19,7.663,0.2,13.05,2.73,2.73,2.7,2.76
2023-02-23 00:00:00+00:00,167.0,294.38,3.65,25472.7,19.0,0.14,1.23,11307.8,0.2,9299998.0,,8.21,7.663,0.2,13.05,2.74,2.74,2.72,2.76
2023-02-24 00:00:00+00:00,168.0,296.2,3.63,25630.79,19.1,0.14,1.24,9226.8,0.2,9299998.0,,8.26,7.663,0.2,13.05,2.76,2.75,2.73,2.76
2023-02-27 00:00:00+00:00,167.6,295.34,3.64,25556.39,19.0,0.14,1.24,11420.4,0.2,9299998.0,,8.24,7.663,0.2,13.05,2.75,2.75,2.75,2.79
2023-02-28 00:00:00+00:00,164.6,290.19,3.7,25109.99,18.7,0.14,1.21,29352.2,0.2,9299998.0,,8.1,7.663,0.2,13.05,2.7,2.7,2.69,2.75
2023-03-01 00:00:00+00:00,164.6,290.19,3.7,25109.99,18.7,0.14,1.21,16905.2,0.2,9299998.0,,8.1,7.663,0.2,13.05,2.71,2.7,2.68,2.73
2023-03-02 00:00:00+00:00,166.5,293.41,3.66,25388.99,18.9,0.14,1.23,21580.2,0.2,9299998.0,,8.19,7.663,0.2,13.05,2.73,2.73,2.7,2.74
2023-03-03 00:00:00+00:00,166.5,293.41,3.66,25388.99,18.9,0.14,1.23,,0.2,9299998.0,,8.19,7.663,0.2,13.05,,,,
2023-03-06 00:00:00+00:00,168.2,296.42,3.63,25649.39,19.1,0.14,1.24,7039.0,0.2,9299998.0,,8.27,7.663,0.2,13.05,2.76,2.76,2.74,2.77
2023-03-07 00:00:00+00:00,168.7,297.39,3.61,25733.09,19.1,0.14,1.24,8629.7,0.2,9299998.0,,8.3,7.663,0.2,13.05,2.77,2.76,2.76,2.77
2023-03-08 00:00:00+00:00,168.6,297.17,3.62,25714.5,19.1,0.14,1.24,6639.0,0.2,9299998.0,,8.29,7.663,0.2,13.05,2.77,2.76,2.74,2.77
2023-03-09 00:00:00+00:00,170.2,300.07,3.58,25965.59,19.3,0.14,1.26,7670.9,0.2,9299998.0,,8.37,7.663,0.2,13.05,2.79,2.79,2.77,2.79
2023-03-10 00:00:00+00:00,167.1,294.48,3.65,25481.99,19.0,0.14,1.23,8667.0,0.2,9299998.0,,8.22,7.663,0.2,13.05,2.75,2.74,2.72,2.77
2023-03-13 00:00:00+00:00,165.8,292.23,3.68,25286.69,18.8,0.14,1.22,14461.5,0.2,9299998.0,,8.15,7.663,0.2,13.05,2.72,2.72,2.7,2.75
2023-03-14 00:00:00+00:00,159.7,281.48,3.82,24356.7,18.1,0.14,1.18,15099.1,0.2,9299998.0,,7.85,7.663,0.2,13.05,2.64,2.62,2.62,2.72
2023-03-15 00:00:00+00:00,158.0,278.58,3.86,24105.59,17.9,0.14,1.17,9731.5,0.2,9299998.0,,7.77,7.663,0.2,13.05,2.59,2.59,2.59,2.65
2023-03-16 00:00:00+00:00,152.4,279.44,4.0,23250.0,17.3,0.14,1.12,16934.1,0.125,9299998.0,,7.5,4.771,0.13,20.96,2.52,2.5,2.43,2.54
2023-03-17 00:00:00+00:00,157.3,288.38,3.88,23993.99,17.9,0.14,1.16,10117.3,0.125,9299998.0,,7.74,4.771,0.13,20.96,2.58,2.58,2.5,2.59
2023-03-20 00:00:00+00:00,158.5,290.61,3.85,24180.0,18.0,0.14,1.17,9718.7,0.125,9299998.0,,7.8,4.771,0.13,20.96,2.6,2.58,2.58,2.61
2023-03-21 00:00:00+00:00,160.2,293.63,3.81,24431.09,18.2,0.14,1.18,8394.7,0.125,9299998.0,,7.88,4.771,0.13,20.96,2.63,2.61,2.58,2.63
2023-03-22 00:00:00+00:00,159.7,292.74,3.82,24356.7,18.1,0.14,1.18,8727.1,0.125,9299998.0,,7.85,4.771,0.13,20.96,2.62,2.62,2.61,2.64
2023-03-23 00:00:00+00:00,159.1,291.62,3.83,24263.7,18.1,0.14,1.17,12531.7,0.125,9299998.0,,7.82,4.771,0.13,20.96,2.61,2.6,2.58,2.62
2023-03-24 00:00:00+00:00,158.1,289.83,3.86,24114.9,17.9,0.14,1.17,6733.3,0.125,9299998.0,,7.77,4.771,0.13,20.96,2.61,2.59,2.59,2.61
2023-03-27 00:00:00+00:00,160.4,294.08,3.8,24468.29,18.2,0.14,1.18,9599.8,0.125,9299998.0,,7.89,4.771,0.13,20.96,2.63,2.63,2.59,2.67
2023-03-28 00:00:00+00:00,170.1,311.74,3.59,25937.69,19.3,0.14,1.25,26449.0,0.125,9299998.0,,8.36,4.771,0.13,20.96,2.79,2.79,2.65,2.79
2023-03-29 00:00:00+00:00,175.0,320.79,3.48,26690.99,19.9,0.14,1.29,37483.5,0.125,9299998.0,,8.61,4.771,0.13,20.96,2.88,2.87,2.81,2.99
2023-03-30 00:00:00+00:00,180.2,330.29,3.38,27481.49,20.4,0.14,1.33,18157.0,0.125,9299998.0,,8.86,4.771,0.13,20.96,2.95,2.94,2.89,2.98
2023-03-31 00:00:00+00:00,171.3,314.09,3.56,26133.0,19.4,0.14,1.26,26603.1,0.125,9299998.0,,8.43,4.771,0.13,20.96,2.83,2.81,2.8,3.01
2023-04-03 00:00:00+00:00,171.6,314.65,3.55,26179.49,19.5,0.14,1.27,12877.9,0.125,9299998.0,,8.44,4.771,0.13,20.96,2.82,2.81,2.81,2.86
2023-04-04 00:00:00+00:00,171.8,314.98,3.55,26207.39,19.5,0.14,1.27,9425.5,0.125,9299998.0,,8.45,4.771,0.13,20.96,2.82,2.82,2.81,2.84
2023-04-05 00:00:00+00:00,170.4,312.41,3.58,25993.49,19.3,0.14,1.26,10011.8,0.125,9299998.0,,8.38,4.771,0.13,20.96,2.8,2.79,2.76,2.82
2023-04-06 00:00:00+00:00,168.7,309.17,3.62,25723.79,19.1,0.14,1.24,8824.0,0.125,9299998.0,,8.29,4.771,0.13,20.96,2.77,2.77,2.76,2.79
2023-04-07 00:00:00+00:00,166.0,304.36,3.67,25323.89,18.8,0.14,1.22,8978.0,0.125,9299998.0,,8.16,4.771,0.13,20.96,2.72,2.72,2.71,2.77
2023-04-10 00:00:00+00:00,165.3,303.02,3.69,25212.3,18.8,0.14,1.22,5438.7,0.125,9299998.0,,8.13,4.771,0.13,20.96,2.71,2.71,2.71,2.75
2023-04-11 00:00:00+00:00,166.5,305.26,3.66,25398.29,18.9,0.14,1.23,8899.8,0.125,9299998.0,,8.19,4.771,0.13,20.96,2.73,2.73,2.71,2.74
2023-04-12 00:00:00+00:00,167.6,307.16,3.64,25556.39,19.0,0.14,1.24,7619.1,0.125,9299998.0,,8.24,4.771,0.13,20.96,2.75,2.73,2.72,2.75
2023-04-13 00:00:00+00:00,164.3,301.12,3.71,25054.2,18.6,0.14,1.21,9600.2,0.125,9299998.0,,8.08,4.771,0.13,20.96,2.69,2.69,2.69,2.73
2023-04-14 00:00:00+00:00,163.4,299.56,3.73,24924.0,18.5,0.14,1.2,4987.6,0.125,9299998.0,,8.04,4.771,0.13,20.96,2.68,2.68,2.66,2.69
2023-04-17 00:00:00+00:00,163.1,299.0,3.74,24877.5,20.3,0.13,1.2,7027.6,0.125,9299998.0,,8.02,4.771,0.13,20.96,2.68,2.67,2.66,2.7
2023-04-18 00:00:00+00:00,159.8,292.85,3.82,24365.99,19.9,0.13,1.18,12126.4,0.125,9299998.0,,7.86,4.771,0.13,20.96,2.63,2.62,2.6,2.65
2023-04-19 00:00:00+00:00,158.5,290.61,3.85,24180.0,19.8,0.13,1.17,6550.6,0.125,9299998.0,,7.8,4.771,0.13,20.96,2.6,2.6,2.6,2.63
2023-04-20 00:00:00+00:00,156.6,287.15,3.89,23891.7,19.5,0.13,1.16,7841.8,0.2,9299998.0,,7.7,7.634,0.2,13.1,2.57,2.57,2.56,2.6
2023-04-21 00:00:00+00:00,156.6,287.15,3.89,23891.7,19.5,0.13,1.16,,0.2,9299998.0,,7.7,7.634,0.2,13.1,,,,
2023-04-24 00:00:00+00:00,156.6,287.15,3.89,23891.7,19.5,0.13,1.16,,0.2,9299998.0,,7.7,7.634,0.2,13.1,,,,
2023-04-25 00:00:00+00:00,156.6,287.15,3.89,23891.7,19.5,0.13,1.16,,0.2,9299998.0,,7.7,7.634,0.2,13.1,,,,
2023-04-26 00:00:00+00:00,155.7,285.47,3.92,23752.19,19.4,0.13,1.15,11232.0,0.2,9299998.0,,7.66,7.634,0.2,13.1,2.56,2.55,2.54,2.57
2023-04-27 00:00:00+00:00,155.5,285.03,3.92,23715.0,19.4,0.13,1.15,8300.3,0.2,9299998.0,,7.65,7.634,0.2,13.1,2.56,2.55,2.55,2.57
2023-04-28 00:00:00+00:00,159.6,292.52,3.82,24338.09,19.9,0.13,1.18,14592.5,0.2,9299998.0,,7.85,7.634,0.2,13.1,2.62,2.61,2.56,2.63
2023-05-01 00:00:00+00:00,161.0,295.09,3.79,24552.0,20.1,0.13,1.19,16456.1,0.2,9299998.0,,7.92,7.634,0.2,13.1,2.64,2.64,2.61,2.65
2023-05-02 00:00:00+00:00,165.2,302.91,3.69,25202.99,20.6,0.13,1.22,16596.9,0.2,9299998.0,,8.13,7.634,0.2,13.1,2.71,2.7,2.64,2.71
2023-05-03 00:00:00+00:00,163.7,300.0,3.73,24961.2,20.4,0.13,1.21,15356.8,0.2,9299998.0,,8.05,7.634,0.2,13.1,2.68,2.68,2.68,2.73
2023-05-04 00:00:00+00:00,163.7,300.12,3.72,24970.5,20.4,0.13,1.21,11080.5,0.2,9299998.0,,8.05,7.634,0.2,13.1,2.69,2.68,2.66,2.7
2023-05-05 00:00:00+00:00,164.2,301.01,3.71,25044.89,20.5,0.13,1.21,6496.1,0.2,9299998.0,,8.07,7.634,0.2,13.1,2.7,2.69,2.69,2.72
2023-05-08 00:00:00+00:00,164.6,301.68,3.71,25100.7,20.5,0.13,1.21,9237.1,0.2,9299998.0,,8.09,7.634,0.2,13.1,2.7,2.7,2.68,2.7
2023-05-09 00:00:00+00:00,170.1,311.85,3.58,25946.99,21.2,0.13,1.25,38110.6,0.2,9299998.0,,8.37,7.634,0.2,13.1,2.79,2.79,2.7,2.82
2023-05-10 00:00:00+00:00,173.7,318.33,3.51,26486.39,21.7,0.13,1.28,26440.6,0.2,9299998.0,,8.54,7.634,0.2,13.1,2.85,2.83,2.81,2.88
2023-05-11 00:00:00+00:00,171.5,314.31,3.56,26151.6,21.4,0.13,1.26,19217.7,0.2,9299998.0,,8.43,7.634,0.2,13.1,2.81,2.81,2.79,2.87
2023-05-12 00:00:00+00:00,167.1,306.26,3.65,25481.99,20.8,0.13,1.23,17204.6,0.2,9299998.0,,8.22,7.634,0.2,13.1,2.74,2.74,2.74,2.8
2023-05-15 00:00:00+00:00,163.4,299.56,3.73,24924.0,20.4,0.13,1.2,13640.5,0.2,9299998.0,,8.04,7.634,0.2,13.1,2.7,2.68,2.68,2.74
2023-05-16 00:00:00+00:00,164.0,300.67,3.72,25016.99,20.5,0.13,1.21,6459.7,0.2,9299998.0,,8.07,7.634,0.2,13.1,2.7,2.69,2.68,2.72
2023-05-17 00:00:00+00:00,167.1,306.38,3.65,25491.3,20.8,0.13,1.23,14664.1,0.2,9299998.0,,8.22,7.634,0.2,13.1,2.74,2.73,2.69,2.75
2023-05-18 00:00:00+00:00,165.7,303.69,3.68,25268.09,20.7,0.13,1.22,12401.0,0.2,9299998.0,,8.15,7.435,0.2,13.45,2.72,2.72,2.72,2.76
2023-05-19 00:00:00+00:00,166.0,304.25,3.67,25314.59,20.7,0.13,1.22,6927.3,0.2,9299998.0,,8.16,7.435,0.2,13.45,2.73,2.72,2.71,2.73
2023-05-22 00:00:00+00:00,165.8,303.92,3.68,25286.69,20.7,0.13,1.22,13802.3,0.2,9299998.0,,8.15,7.435,0.2,13.45,2.72,2.71,2.71,2.73
2023-05-23 00:00:00+00:00,165.9,304.03,3.68,25296.0,20.7,0.13,1.22,14830.4,0.2,9299998.0,,8.16,7.435,0.2,13.45,2.72,2.72,2.71,2.74
2023-05-24 00:00:00+00:00,163.8,300.23,3.72,24979.79,20.4,0.13,1.21,10439.1,0.2,9299998.0,,8.05,7.435,0.2,13.45,2.69,2.69,2.69,2.72
2023-05-25 00:00:00+00:00,162.6,297.99,3.75,24793.8,20.3,0.13,1.2,13710.7,0.2,9299998.0,,7.99,7.435,0.2,13.45,2.67,2.67,2.66,2.7
2023-05-26 00:00:00+00:00,161.8,296.65,3.77,24682.2,20.2,0.13,1.19,11762.0,0.2,9299998.0,,7.96,7.435,0.2,13.45,2.65,2.65,2.65,2.68
2023-05-29 00:00:00+00:00,161.0,295.09,3.79,24552.0,20.1,0.13,1.19,9556.9,0.2,9299998.0,,7.92,7.435,0.2,13.45,2.64,2.64,2.64,2.66
2023-05-30 00:00:00+00:00,156.2,286.37,3.9,23826.6,19.5,0.13,1.15,22482.7,0.2,9299998.0,,7.68,7.435,0.2,13.45,2.57,2.56,2.56,2.64
2023-05-31 00:00:00+00:00,155.5,285.03,3.92,23715.0,19.4,0.13,1.15,40025.9,0.2,9299998.0,,7.65,7.435,0.2,13.45,2.56,2.55,2.54,2.58
2023-06-01 00:00:00+00:00,158.5,290.61,3.85,24180.0,19.8,0.13,1.17,16465.1,0.164,9299998.0,,7.8,6.295,0.16,15.89,2.6,2.6,2.57,2.62
2023-06-02 00:00:00+00:00,162.6,297.99,3.75,24793.8,20.3,0.13,1.2,12814.6,0.164,9299998.0,,7.99,6.295,0.16,15.89,2.67,2.66,2.6,2.67
2023-06-05 00:00:00+00:00,,,,,,,1.21,18174.1,0.164,9299998.0,,8.08,6.075,0.16,16.46,2.7,2.69,2.66,2.7
2023-06-06 00:00:00+00:00,,,,,,,,,,,,,,0.16,16.46,2.65,2.65,2.65,2.7
