,0,1,2,3,4,5,6,7,8,9,10,11,12,13,14,15,16,17,18
Name,ACCTON TECHNOLOGY - PRICE INDEX,ACCTON TECHNOLOGY - TOT RETURN IND,ACCTON TECHNOLOGY - DIVIDEND YIELD,ACCTON TECHNOLOGY - MARKET VALUE,ACCTON TECHNOLOGY - PER,ACCTON TECHNOLOGY - EARNINGS PER SHR,ACCTON TECHNOLOGY - PRICE TO BOOK VAL,ACCTON TECHNOLOGY - TURNOVER BY VOLUME,ACCTON TECHNOLOGY - 12MTH FORWARD EPS,ACCTON TECHNOLOGY - NUMBER OF SHARES,ACCTON TECHNOLOGY - NET SALES OR REVENUES,ACCTON TECHNOLOGY - P/CSH ADJUSTED,ACCTON TECHNOLOGY - 12 MONTH FORWARD EARN. YIELD,ACCTON TECHNOLOGY - EPS 12M FWD,ACCTON TECHNOLOGY - PE RATIO 12M FWD,ACCTON TECHNOLOGY - ASK PRICE,ACCTON TECHNOLOGY - BID PRICE,ACCTON TECHNOLOGY - PRICE LOW,ACCTON TECHNOLOGY - PRICE HIGH
MNEM,TW:ACC,TW:ACC,TW:ACC,TW:ACC,TW:ACC,TW:ACC,TW:ACC,TW:ACC,TW:ACC,TW:ACC,TW:ACC,TW:ACC,TW:ACC,TW:ACC,TW:ACC,TW:ACC,TW:ACC,TW:ACC,TW:ACC
DATATYPE,PI,RI,DY,MV,PE,EPS,PTBV,VO,EPS1FD12,NOSH,WC01001,APC,529E,DIEP,DIPE,PA,PB,PL,PH
NAME,ACCTON TECHNOLOGY,ACCTON TECHNOLOGY,ACCTON TECHNOLOGY,ACCTON TECHNOLOGY,ACCTON TECHNOLOGY,ACCTON TECHNOLOGY,ACCTON TECHNOLOGY,ACCTON TECHNOLOGY,ACCTON TECHNOLOGY,ACCTON TECHNOLOGY,ACCTON TECHNOLOGY,ACCTON TECHNOLOGY,ACCTON TECHNOLOGY,ACCTON TECHNOLOGY,ACCTON TECHNOLOGY,ACCTON TECHNOLOGY,ACCTON TECHNOLOGY,ACCTON TECHNOLOGY,ACCTON TECHNOLOGY
SECD,6005214.0,6005214.0,6005214.0,6005214.0,6005214.0,6005214.0,6005214.0,6005214.0,6005214.0,6005214.0,6005214.0,6005214.0,6005214.0,6005214.0,6005214.0,6005214.0,6005214.0,6005214.0,6005214.0
ISIN,TW0002345006,TW0002345006,TW0002345006,TW0002345006,TW0002345006,TW0002345006,TW0002345006,TW0002345006,TW0002345006,TW0002345006,TW0002345006,TW0002345006,TW0002345006,TW0002345006,TW0002345006,TW0002345006,TW0002345006,TW0002345006,TW0002345006
CODON,TAIWAN,TAIWAN,TAIWAN,TAIWAN,TAIWAN,TAIWAN,TAIWAN,TAIWAN,TAIWAN,TAIWAN,TAIWAN,TAIWAN,TAIWAN,TAIWAN,TAIWAN,TAIWAN,TAIWAN,TAIWAN,TAIWAN
ISOCUR,TWD,TWD,TWD,TWD,TWD,TWD,TWD,TWD,TWD,TWD,TWD,TWD,TWD,TWD,TWD,TWD,TWD,TWD,TWD
1995-11-15 00:00:00+00:00,100.0,100.0,0.0,2150.69,,0.0,,0.6,,55862.0,,,,,,,,7.57,7.57
1995-11-16 00:00:00+00:00,102.9,102.86,0.0,2212.13,,0.0,,9.0,,55862.0,,,,,,,,7.63,8.06
1995-11-17 00:00:00+00:00,100.8,100.78,0.0,2167.44,,0.0,,6.3,,55862.0,,,,,,,,7.61,7.74
1995-11-20 00:00:00+00:00,97.4,97.4,0.0,2094.82,,0.0,,2.4,,55862.0,,,,,,,,7.17,7.57
1995-11-21 00:00:00+00:00,97.7,97.66,0.0,2100.41,,0.0,,3.0,,55862.0,,,,,,,,7.17,7.43
1995-11-22 00:00:00+00:00,99.0,98.96,0.0,2128.34,,0.0,,2.1,,55862.0,,,,,,,,7.23,7.51
1995-11-23 00:00:00+00:00,97.9,97.92,0.0,2106.0,,0.0,,1.9,,55862.0,,,,,,,,7.27,7.51
1995-11-24 00:00:00+00:00,97.4,97.4,0.0,2094.82,,0.0,,0.7,,55862.0,,,,,,,,7.31,7.39
1995-11-27 00:00:00+00:00,99.2,99.22,0.0,2133.93,,0.0,,3.0,,55862.0,,,,,,,,7.43,7.53
1995-11-28 00:00:00+00:00,106.0,105.97,0.0,2279.17,,0.0,,18.6,,55862.0,,,,,,,,7.53,8.02
1995-11-29 00:00:00+00:00,104.7,104.68,0.0,2251.24,,0.0,,4.9,,55862.0,,,,,,,,7.9,8.08
1995-11-30 00:00:00+00:00,105.7,105.71,0.0,2273.58,,0.0,,2.7,,55862.0,,,,,,,,7.92,8.06
1995-12-01 00:00:00+00:00,113.0,112.99,0.0,2430.0,,0.0,,9.4,,55862.0,,,,,,,,8.06,8.55
1995-12-04 00:00:00+00:00,113.5,113.51,0.0,2441.17,,0.0,,9.7,,55862.0,,,,,,,,8.55,8.75
1995-12-05 00:00:00+00:00,111.4,111.43,0.0,2396.48,,0.0,,2167.5,,55862.0,,,,,,,,8.35,8.53
1995-12-06 00:00:00+00:00,107.0,107.01,0.0,2301.51,,0.0,,11494.1,,55862.0,,,,,,,,8.06,8.45
1995-12-07 00:00:00+00:00,106.5,106.49,0.0,2290.34,,0.0,,1333.1,,55862.0,,,,,,,,7.96,8.25
1995-12-08 00:00:00+00:00,108.6,108.57,0.0,2335.03,,0.0,,3739.8,,55862.0,,,,,,,,8.0,8.23
1995-12-11 00:00:00+00:00,108.8,108.83,0.0,2340.62,,0.0,,2915.5,,55862.0,,,,,,,,8.08,8.23
1995-12-12 00:00:00+00:00,109.1,109.09,0.0,2346.2,,0.0,,2874.8,,55862.0,,,,,,,,8.16,8.35
1995-12-13 00:00:00+00:00,111.4,111.43,0.0,2396.48,,0.0,,4279.1,,55862.0,,,,,,,,8.27,8.43
1995-12-14 00:00:00+00:00,113.0,112.99,0.0,2430.0,,0.0,,4884.6,,55862.0,,,,,,,,8.53,8.65
1995-12-15 00:00:00+00:00,110.1,110.13,0.0,2368.55,,0.0,,2803.6,,55862.0,,,,,,,,8.18,8.65
1995-12-18 00:00:00+00:00,110.6,110.65,0.0,2379.72,,0.0,,2477.9,,55862.0,,,,,,,,8.31,8.41
1995-12-19 00:00:00+00:00,108.6,108.57,0.0,2335.03,,0.0,,1394.1,,55862.0,,,,,,,,8.16,8.31
1995-12-20 00:00:00+00:00,108.1,108.05,0.0,2323.86,,0.0,,2279.5,,55862.0,,,,,,,,8.16,8.31
1995-12-21 00:00:00+00:00,109.1,109.09,0.0,2346.2,,0.0,,992.2,,55862.0,,,,,,,,8.18,8.25
1995-12-22 00:00:00+00:00,110.4,110.39,0.0,2374.13,,0.0,,2472.8,,55862.0,,,,,,,,8.23,8.41
1995-12-25 00:00:00+00:00,110.4,110.39,0.0,2374.13,,0.0,,,,55862.0,,,,,,,,,
1995-12-26 00:00:00+00:00,112.5,112.47,0.0,2418.82,,0.0,,2940.9,,55862.0,,,,,,,,8.43,8.55
1995-12-27 00:00:00+00:00,118.4,118.44,0.0,2547.31,,0.0,,10176.3,,55862.0,,,,,,,,8.51,9.1
1995-12-28 00:00:00+00:00,120.0,120.0,0.0,2580.82,,0.0,,5815.7,,55862.0,,,,,,,,8.8,9.1
1995-12-29 00:00:00+00:00,119.5,119.48,0.0,2569.65,,0.0,,3775.4,,55862.0,,,,,,,,8.94,9.14
1996-01-01 00:00:00+00:00,119.5,119.48,0.0,2569.65,,0.0,,,,55862.0,,,,,,,,,
1996-01-02 00:00:00+00:00,119.5,119.48,0.0,2569.65,,0.0,,,,55862.0,,,,,,,,,
1996-01-03 00:00:00+00:00,119.5,119.48,0.0,2569.65,,0.0,,,,55862.0,,,,,,,,,
1996-01-04 00:00:00+00:00,119.5,119.48,0.0,2569.65,,0.0,,,,55862.0,,,,,,,,,
1996-01-05 00:00:00+00:00,113.8,113.77,0.0,2446.75,,0.0,,951.5,,55862.0,,,,,,,,8.61,8.61
1996-01-08 00:00:00+00:00,117.4,117.4,0.0,2524.96,,0.0,,2996.9,,55862.0,,,,,,,,8.75,8.88
1996-01-09 00:00:00+00:00,116.1,116.1,0.0,2497.03,,0.0,,1831.7,,55862.0,,,,,,,,8.75,8.88
1996-01-10 00:00:00+00:00,115.1,115.06,0.0,2474.69,,0.0,,23334.2,,55862.0,,,,,,,,8.61,8.84
1996-01-11 00:00:00+00:00,113.8,113.77,0.0,2446.75,,0.0,,2208.2,,55862.0,,,,,,,,8.45,8.75
1996-01-12 00:00:00+00:00,114.8,114.81,0.0,2469.1,,0.0,,1078.7,,55862.0,,,,,,,,8.63,8.82
1996-01-15 00:00:00+00:00,117.4,117.4,0.0,2524.96,,0.0,,1226.2,,55862.0,,,,,,,,8.88,9.08
1996-01-16 00:00:00+00:00,116.6,116.62,0.0,2508.2,,0.0,,1073.6,,55862.0,,,,,,,,8.8,8.88
1996-01-17 00:00:00+00:00,116.9,116.88,0.0,2513.79,,0.0,,1251.7,,55862.0,,,,,,,,8.82,8.96
1996-01-18 00:00:00+00:00,116.1,116.1,0.0,2497.03,,0.0,,468.1,,55862.0,,,,,,,,8.75,8.8
1996-01-19 00:00:00+00:00,115.6,115.58,0.0,2485.86,,0.0,,534.3,,55862.0,,,,,,,,8.75,8.86
1996-01-22 00:00:00+00:00,116.4,116.36,0.0,2502.62,,0.0,,1918.2,,55862.0,,,,,,,,8.79,8.88
1996-01-23 00:00:00+00:00,116.1,116.1,0.0,2497.03,,0.0,,529.2,,55862.0,,,,,,,,8.75,8.8
1996-01-24 00:00:00+00:00,116.4,116.36,0.0,2502.62,,0.0,,793.7,,55862.0,,,,,,,,8.71,8.8
1996-01-25 00:00:00+00:00,114.3,114.29,0.0,2457.93,,0.0,,1373.8,,55862.0,,,,,,,,8.59,8.75
1996-01-26 00:00:00+00:00,114.3,114.29,0.0,2457.93,,0.0,,849.7,,55862.0,,,,,,,,8.53,8.65
1996-01-29 00:00:00+00:00,106.5,106.49,0.0,2290.34,,0.0,,3348.0,,55862.0,,,,,,,,8.06,8.65
1996-01-30 00:00:00+00:00,110.1,110.13,0.0,2368.55,,0.0,,2223.5,,55862.0,,,,,,,,8.06,8.33
1996-01-31 00:00:00+00:00,109.1,109.09,0.0,2346.2,,0.0,,1134.7,,55862.0,,,,,,,,8.25,8.33
1996-02-01 00:00:00+00:00,108.8,108.83,0.0,2340.62,,0.0,,814.1,,55862.0,,,,,,,,8.16,8.29
1996-02-02 00:00:00+00:00,108.6,108.57,0.0,2335.03,,0.0,,422.3,,55862.0,,,,,,,,8.18,8.25
1996-02-05 00:00:00+00:00,108.1,108.05,0.0,2323.86,,0.0,,844.6,,55862.0,,,,,,,,8.08,8.25
1996-02-06 00:00:00+00:00,105.5,105.45,0.0,2268.0,,0.0,,585.1,,55862.0,,,,,,,,7.98,8.08
1996-02-07 00:00:00+00:00,105.7,105.71,0.0,2273.58,,0.0,,488.5,,55862.0,,,,,,,,7.88,8.02
1996-02-08 00:00:00+00:00,105.2,105.19,0.0,2262.41,,0.0,,249.3,,55862.0,,,,,,,,7.96,8.0
1996-02-09 00:00:00+00:00,107.3,107.27,0.0,2307.1,,0.0,,1205.9,,55862.0,,,,,,,,7.96,8.18
1996-02-12 00:00:00+00:00,107.5,107.53,0.0,2312.69,,0.0,,559.7,,55862.0,,,,,,,,8.12,8.18
1996-02-13 00:00:00+00:00,108.6,108.57,0.0,2335.03,,0.0,,473.2,,55862.0,,,,,,,,8.18,8.33
1996-02-14 00:00:00+00:00,108.6,108.57,0.0,2335.03,8.8,0.94,,763.2,,55862.0,,,,,,,,8.2,8.25
1996-02-15 00:00:00+00:00,109.1,109.09,0.0,2346.2,8.8,0.94,,1892.8,,55862.0,,,,,,,,8.14,8.63
1996-02-16 00:00:00+00:00,109.1,109.09,0.0,2346.2,8.8,0.94,,,,55862.0,,,,,,,,,
1996-02-19 00:00:00+00:00,109.1,109.09,0.0,2346.2,8.8,0.94,,,,55862.0,,,,,,,,,
1996-02-20 00:00:00+00:00,109.1,109.09,0.0,2346.2,8.8,0.94,,,,55862.0,,,,,,,,,
1996-02-21 00:00:00+00:00,109.1,109.09,0.0,2346.2,8.8,0.94,,,,55862.0,,,,,,,,,
1996-02-22 00:00:00+00:00,109.1,109.09,0.0,2346.2,8.8,0.94,,,,55862.0,,,,,,,,,
1996-02-23 00:00:00+00:00,109.4,109.35,0.0,2351.79,8.8,0.94,,335.8,,55862.0,,,,,,,,8.25,8.35
1996-02-26 00:00:00+00:00,109.1,109.09,0.0,2346.2,8.8,0.94,,447.8,,55862.0,,,,,,,,8.2,8.25
1996-02-27 00:00:00+00:00,107.3,107.27,0.0,2307.1,8.7,0.94,,1770.7,,55862.0,,,,,,,,8.1,8.22
1996-02-28 00:00:00+00:00,107.3,107.27,0.0,2307.1,8.7,0.94,,651.3,,55862.0,,,,,,,,8.1,8.12
1996-02-29 00:00:00+00:00,108.3,108.31,0.0,2329.45,8.7,0.94,,213.7,,55862.0,,,,,,,,8.12,8.2
1996-03-01 00:00:00+00:00,108.3,108.31,0.0,2329.45,8.7,0.94,,0.7,,55862.0,,,,,,,,8.16,8.25
1996-03-04 00:00:00+00:00,108.1,108.05,0.0,2323.86,8.7,0.94,,519.0,,55862.0,,,,,,,,8.16,8.18
1996-03-05 00:00:00+00:00,106.5,106.49,0.0,2290.34,8.6,0.94,,1694.3,,55862.0,,,,,,,,8.06,8.23
1996-03-06 00:00:00+00:00,103.9,103.9,0.0,2234.48,8.4,0.94,,244.2,,55862.0,,,,,,,,7.7,7.96
1996-03-07 00:00:00+00:00,104.7,104.68,0.0,2251.24,8.4,0.94,,371.4,,55862.0,,,,,,,,7.86,7.98
1996-03-08 00:00:00+00:00,105.2,105.19,0.0,2262.41,8.5,0.94,,269.7,,55862.0,,,,,,,,7.82,7.96
1996-03-11 00:00:00+00:00,100.8,100.78,0.0,2167.44,8.1,0.94,,519.0,,55862.0,,,,,,,,7.27,7.63
1996-03-12 00:00:00+00:00,98.7,98.7,0.0,2122.76,8.0,0.94,,468.1,,55862.0,,,,,,,,7.47,7.63
1996-03-13 00:00:00+00:00,102.9,102.86,0.0,2212.13,8.3,0.94,,513.9,,55862.0,,,,,,,,7.47,7.78
1996-03-14 00:00:00+00:00,107.8,107.79,0.0,2318.27,8.7,0.94,,1007.4,,55862.0,,,,,,,,7.9,8.31
1996-03-15 00:00:00+00:00,108.1,108.05,0.0,2323.86,8.7,0.94,,529.2,,55862.0,,,,,,,,7.78,8.18
1996-03-18 00:00:00+00:00,104.7,104.68,0.0,2251.24,8.4,0.94,,498.6,,55862.0,,,,,,,,7.86,8.02
1996-03-19 00:00:00+00:00,106.0,105.97,0.0,2279.17,8.6,0.94,,676.7,,55862.0,,,,,,,,7.96,8.14
1996-03-20 00:00:00+00:00,106.5,106.49,0.0,2290.34,8.6,0.94,,641.1,,55862.0,,,,,,,,7.94,8.06
1996-03-21 00:00:00+00:00,106.2,106.23,0.0,2284.76,8.6,0.94,,137.4,,55862.0,,,,,,,,7.98,8.06
1996-03-22 00:00:00+00:00,107.8,107.79,0.0,2318.27,8.7,0.94,,941.3,,55862.0,,,,,,,,8.02,8.16
1996-03-25 00:00:00+00:00,106.8,106.75,0.0,2295.93,8.6,0.94,,1129.6,,55862.0,,,,,,,,7.96,8.25
1996-03-26 00:00:00+00:00,106.5,106.49,0.0,2290.34,8.6,0.94,,422.3,,55862.0,,,,,,,,7.98,8.08
1996-03-27 00:00:00+00:00,108.1,108.05,0.0,2323.86,8.7,0.94,,1195.7,,55862.0,,,,,,,,7.98,8.18
1996-03-28 00:00:00+00:00,109.9,109.87,0.0,2362.96,8.9,0.94,,656.4,,55862.0,,,,,,,,8.16,8.31
1996-03-29 00:00:00+00:00,109.9,109.87,0.0,2362.96,8.9,0.94,,,,55862.0,,,,,,,,,
1996-04-01 00:00:00+00:00,109.1,109.09,0.0,2346.2,8.8,0.94,,101.8,,55862.0,,,,,,,,8.18,8.25
1996-04-02 00:00:00+00:00,109.1,109.09,0.0,2346.2,8.8,0.94,,600.4,,55862.0,,,,,,,,8.18,8.25
1996-04-03 00:00:00+00:00,109.1,109.09,0.0,2346.2,8.8,0.94,,,,55862.0,,,,,,,,,
1996-04-04 00:00:00+00:00,109.1,109.09,0.0,2346.2,8.8,0.94,,,,55862.0,,,,,,,,,
1996-04-05 00:00:00+00:00,111.4,111.43,0.0,2396.48,9.0,0.94,,1821.5,,55862.0,,,,,,,,8.25,8.65
1996-04-08 00:00:00+00:00,111.7,111.69,0.0,2402.07,9.0,0.94,,580.0,,55862.0,,,,,,,,8.37,8.65
1996-04-09 00:00:00+00:00,111.2,111.17,0.0,2390.89,9.0,0.94,,1714.7,,55862.0,,,,,,,,8.39,8.55
1996-04-10 00:00:00+00:00,109.1,109.09,0.0,2346.2,8.8,0.94,,580.0,,55862.0,,,,,,,,8.22,8.41
1996-04-11 00:00:00+00:00,104.7,104.68,0.0,2251.24,8.4,0.94,,1506.1,,55862.0,,,,,,,,7.88,8.25
1996-04-12 00:00:00+00:00,104.7,104.68,0.0,2251.24,8.4,0.94,,1124.5,,55862.0,,,,,,,,7.88,8.06
1996-04-15 00:00:00+00:00,105.7,105.71,0.0,2273.58,8.5,0.94,,1078.7,,55862.0,,,,,,,,7.9,8.06
1996-04-16 00:00:00+00:00,107.3,107.27,0.0,2307.1,8.7,0.94,,2289.7,,55862.0,,,,,,,,7.92,8.25
1996-04-17 00:00:00+00:00,106.0,105.97,0.0,2279.17,8.6,0.94,,1516.3,,55862.0,,,,,,,,7.96,8.16
1996-04-18 00:00:00+00:00,105.7,105.71,0.0,2273.58,8.5,0.94,,1261.9,,55862.0,,,,,,,,7.96,8.16
1996-04-19 00:00:00+00:00,106.5,106.49,0.0,2290.34,8.6,0.94,,844.6,,55862.0,,,,,,,,7.84,8.06
1996-04-22 00:00:00+00:00,104.4,104.42,0.0,2245.65,8.4,0.94,,269.7,,55862.0,,,,,,,,7.86,7.96
1996-04-23 00:00:00+00:00,104.4,104.42,0.0,2245.65,8.4,0.94,,671.6,,55862.0,,,,,,,,7.86,8.0
1996-04-24 00:00:00+00:00,103.9,103.9,0.0,2234.48,8.4,0.94,,284.9,,55862.0,,,,,,,,7.86,7.96
1996-04-25 00:00:00+00:00,104.7,104.68,0.0,2251.24,8.4,0.94,,152.6,,55862.0,,,,,,,,7.86,7.96
1996-04-26 00:00:00+00:00,104.9,104.94,0.0,2256.82,8.5,0.94,,1236.4,,55862.0,,,,,,,,7.86,7.94
1996-04-29 00:00:00+00:00,106.5,106.49,0.0,2290.34,8.6,0.94,,1266.9,,55862.0,,,,,,,,7.86,8.06
1996-04-30 00:00:00+00:00,106.5,106.49,0.0,2290.34,8.6,0.94,,1200.8,,55862.0,,,,,,,,8.02,8.18
1996-05-01 00:00:00+00:00,105.5,105.45,0.0,2268.0,8.5,0.94,,1002.4,,55862.0,,,,,,,,7.96,8.12
1996-05-02 00:00:00+00:00,108.1,108.05,0.0,2323.86,8.7,0.94,,1394.1,,55862.0,,,,,,,,8.0,8.18
1996-05-03 00:00:00+00:00,111.2,111.17,0.0,2390.89,9.0,0.94,,5098.3,,55862.0,,,,,,,,8.1,8.45
1996-05-06 00:00:00+00:00,114.0,114.03,0.0,2452.34,9.2,0.94,,6014.2,,55862.0,,,,,,,,8.45,8.65
1996-05-07 00:00:00+00:00,112.2,112.21,0.0,2413.24,9.1,0.94,,3327.6,,55862.0,,,,,,,,8.39,8.63
1996-05-08 00:00:00+00:00,111.7,111.69,0.0,2402.07,9.0,0.94,,1745.2,,55862.0,,,,,,,,8.41,8.55
1996-05-09 00:00:00+00:00,112.5,112.47,0.0,2418.82,9.1,0.94,,2803.6,,55862.0,,,,,,,,8.37,8.61
1996-05-10 00:00:00+00:00,112.7,112.73,0.0,2424.41,9.1,0.94,,2101.4,,55862.0,,,,,,,,8.49,8.55
1996-05-13 00:00:00+00:00,114.3,114.29,0.0,2457.93,9.2,0.94,,3424.3,,55862.0,,,,,,,,8.57,8.84
1996-05-14 00:00:00+00:00,113.5,113.51,0.0,2441.17,9.2,0.94,,1699.4,,55862.0,,,,,,,,8.59,8.71
1996-05-15 00:00:00+00:00,113.8,113.77,0.0,2446.75,9.2,0.94,,559.7,,55862.0,,,,,,,,8.55,8.61
1996-05-16 00:00:00+00:00,115.6,115.58,0.0,2485.86,9.3,0.94,,1780.8,,55862.0,,,,,,,,8.59,8.75
1996-05-17 00:00:00+00:00,114.8,114.81,0.0,2469.1,9.3,0.94,,2432.1,,55862.0,,,,,,,,8.69,8.8
1996-05-20 00:00:00+00:00,113.5,113.51,0.0,2441.17,9.2,0.94,,976.9,,55862.0,,,,,,,,8.59,8.69
1996-05-21 00:00:00+00:00,113.8,113.77,0.0,2446.75,9.2,0.94,,610.6,,55862.0,,,,,,,,8.59,8.65
1996-05-22 00:00:00+00:00,113.8,113.77,0.0,2446.75,9.2,0.94,,264.6,,55862.0,,,,,,,,8.57,8.65
1996-05-23 00:00:00+00:00,114.8,114.81,0.0,2469.1,9.3,0.94,,1017.6,,55862.0,,,,,,,,8.57,8.69
1996-05-24 00:00:00+00:00,114.0,114.03,0.0,2452.34,9.2,0.94,,686.9,,55862.0,,,,,,,,8.63,8.69
1996-05-27 00:00:00+00:00,113.8,113.77,0.0,2446.75,11.1,0.77,,569.9,,55862.0,,,,,,,,8.59,8.75
1996-05-28 00:00:00+00:00,114.0,114.03,0.0,2452.34,11.1,0.77,,829.4,,55862.0,,,,,,,,8.61,8.75
1996-05-29 00:00:00+00:00,113.5,113.51,0.0,2441.17,11.1,0.77,,1317.8,,55862.0,,,,,,,,8.04,8.65
1996-05-30 00:00:00+00:00,113.0,112.99,0.0,2430.0,11.0,0.77,,376.5,,55862.0,,,,,,,,8.55,8.57
1996-05-31 00:00:00+00:00,114.8,114.81,0.0,2469.1,11.2,0.77,,763.2,,55862.0,,,,,,,,8.55,8.69
1996-06-03 00:00:00+00:00,113.0,112.99,0.0,2430.0,11.0,0.77,,391.8,,55862.0,,,,,,,,8.55,8.61
1996-06-04 00:00:00+00:00,113.0,112.99,0.0,2430.0,11.0,0.77,,742.9,,55862.0,,,,,,,,7.98,8.57
1996-06-05 00:00:00+00:00,114.3,114.29,0.0,2457.93,11.2,0.77,,783.6,,55862.0,,,,,,,,8.53,8.69
1996-06-06 00:00:00+00:00,114.3,114.29,0.0,2457.93,11.2,0.77,,391.8,,55862.0,,,,,,,,8.59,8.65
1996-06-07 00:00:00+00:00,113.5,113.51,0.0,2441.17,11.1,0.77,,636.0,,55862.0,,,,,,,,8.53,8.69
1996-06-10 00:00:00+00:00,114.0,114.03,0.0,2452.34,11.1,0.77,,457.9,,55862.0,,,,,,,,8.59,8.67
1996-06-11 00:00:00+00:00,114.3,114.29,0.0,2457.93,11.2,0.77,,1836.8,,55862.0,,,,,,,,8.63,8.69
1996-06-12 00:00:00+00:00,114.3,114.29,0.0,2457.93,11.2,0.77,,681.8,,55862.0,,,,,,,,8.55,8.75
1996-06-13 00:00:00+00:00,117.4,117.4,0.0,2524.96,11.5,0.77,,3663.5,,55862.0,,,,,,,,8.63,8.94
1996-06-14 00:00:00+00:00,114.5,114.55,0.0,2463.51,11.2,0.77,,2035.3,,55862.0,,,,,,,,8.63,8.94
1996-06-17 00:00:00+00:00,120.0,120.0,0.0,2580.82,11.7,0.77,,3190.3,,55862.0,,,,,,,,8.82,9.1
1996-06-18 00:00:00+00:00,119.5,119.48,0.0,2569.65,11.7,0.77,,3342.9,,55862.0,,,,,,,,8.94,9.14
1996-06-19 00:00:00+00:00,121.0,121.04,0.0,2603.17,11.8,0.77,,1419.6,,55862.0,,,,,,,,9.1,9.24
1996-06-20 00:00:00+00:00,121.0,121.04,0.0,2603.17,11.8,0.77,,,,55862.0,,,,,,,,,
1996-06-21 00:00:00+00:00,121.6,121.56,0.0,2614.34,11.9,0.77,,859.9,,55862.0,,,,,,,,9.06,9.2
1996-06-24 00:00:00+00:00,129.4,129.35,0.0,2781.93,12.6,0.77,,3154.6,,55862.0,,,,,,,,9.63,9.93
1996-06-25 00:00:00+00:00,131.2,131.17,0.0,2821.03,12.8,0.77,,2172.6,,55862.0,,,,,,,,9.73,9.93
1996-06-26 00:00:00+00:00,133.8,133.77,0.0,2876.89,13.1,0.77,,2706.9,,55862.0,,,,,,,,9.83,10.12
1996-06-27 00:00:00+00:00,131.2,131.17,0.0,2821.03,12.8,0.77,,2620.4,,55862.0,,,,,,,,9.69,10.22
1996-06-28 00:00:00+00:00,127.3,127.27,0.0,2737.24,12.4,0.77,,1185.5,,55862.0,,,,,,,,9.63,9.83
1996-07-01 00:00:00+00:00,127.3,127.27,0.0,2737.24,12.4,0.77,,,,55862.0,,,,,,,,,
1996-07-02 00:00:00+00:00,127.3,127.27,0.0,2737.24,12.4,0.77,,381.6,,55862.0,,,,,,,,9.47,9.73
1996-07-03 00:00:00+00:00,128.6,128.57,0.0,2765.17,12.6,0.77,,580.0,,55862.0,,,,,,,,9.63,9.83
1996-07-04 00:00:00+00:00,128.3,128.31,0.0,2759.58,12.5,0.77,,3169.9,,55862.0,,,,,,,,9.65,9.83
1996-07-05 00:00:00+00:00,129.4,129.35,0.0,2781.93,12.6,0.77,,1038.0,,55862.0,,,,,,,,9.59,9.83
1996-07-08 00:00:00+00:00,127.8,127.79,0.0,2748.41,12.5,0.77,,1180.4,,55862.0,,,,,,,,9.08,9.69
1996-07-09 00:00:00+00:00,129.9,129.87,0.0,2793.1,12.7,0.77,,661.5,,55862.0,,,,,,,,9.65,9.83
1996-07-10 00:00:00+00:00,129.4,129.35,0.0,2781.93,12.6,0.77,,493.5,,55862.0,,,,,,,,9.75,9.83
1996-07-11 00:00:00+00:00,133.8,133.77,0.0,2876.89,13.1,0.77,,1806.3,,55862.0,,,,,,,,9.83,10.22
1996-07-12 00:00:00+00:00,133.8,133.77,0.0,2876.89,13.1,0.77,,1048.2,,55862.0,,,,,,,,9.93,10.12
1996-07-15 00:00:00+00:00,135.1,135.06,0.0,2904.82,13.2,0.77,,539.3,,55862.0,,,,,,,,10.02,10.22
1996-07-16 00:00:00+00:00,133.8,133.77,0.0,2876.89,13.1,0.77,,595.3,,55862.0,,,,,,,,9.93,10.12
1996-07-17 00:00:00+00:00,133.8,133.77,0.0,2876.89,13.1,0.77,,773.4,,55862.0,,,,,,,,10.02,10.22
1996-07-18 00:00:00+00:00,133.8,133.77,0.0,2876.89,13.1,0.77,,305.3,,55862.0,,,,,,,,10.02,10.12
1996-07-19 00:00:00+00:00,132.5,132.47,0.0,2848.96,12.9,0.77,,819.2,,55862.0,,,,,,,,9.93,10.12
1996-07-22 00:00:00+00:00,132.5,132.47,0.0,2848.96,12.9,0.77,,188.3,,55862.0,,,,,,,,9.93,10.02
1996-07-23 00:00:00+00:00,133.8,133.77,0.0,2876.89,13.1,0.77,,569.9,,55862.0,,,,,,,,10.02,10.22
1996-07-24 00:00:00+00:00,133.8,133.77,0.0,2876.89,13.1,0.77,,295.1,,55862.0,,,,,,,,10.02,10.12
1996-07-25 00:00:00+00:00,133.8,133.77,0.0,2876.89,13.1,0.77,,386.7,,55862.0,,,,,,,,10.02,10.12
1996-07-26 00:00:00+00:00,135.1,135.06,0.0,2904.82,13.2,0.77,,524.1,,55862.0,,,,,,,,10.02,10.22
1996-07-29 00:00:00+00:00,148.1,148.05,0.0,3184.13,14.5,0.77,,1236.4,,55862.0,,,,,,,,10.81,11.2
1996-07-30 00:00:00+00:00,145.5,145.45,0.0,3128.27,14.2,0.77,,3546.4,,55862.0,,,,,,,,10.91,11.2
1996-07-31 00:00:00+00:00,145.5,145.45,0.0,3128.27,14.2,0.77,,,,55862.0,,,,,,,,,
1996-08-01 00:00:00+00:00,145.5,145.45,0.0,3128.27,14.2,0.77,,,,55862.0,,,,,,,,,
1996-08-02 00:00:00+00:00,154.5,154.55,0.0,3323.79,15.1,0.77,,5128.8,,55862.0,,,,,,,,11.2,11.69
1996-08-05 00:00:00+00:00,159.7,159.74,0.0,3435.51,15.6,0.77,,4899.9,,55862.0,,,,,,,,11.79,12.58
1996-08-06 00:00:00+00:00,159.7,159.74,0.0,3435.51,13.4,0.9,,2325.3,,55862.0,,,,,,,,11.99,12.28
1996-08-07 00:00:00+00:00,151.9,151.95,0.0,3267.92,12.8,0.9,,2706.9,,55862.0,,,,,,,,11.5,12.28
1996-08-08 00:00:00+00:00,151.9,151.95,0.0,3267.92,12.8,0.9,,2284.6,,55862.0,,,,,,,,11.5,11.89
1996-08-09 00:00:00+00:00,149.4,149.35,0.0,3212.06,12.6,0.9,,1623.1,,55862.0,,,,,,,,11.2,11.5
1996-08-12 00:00:00+00:00,157.1,157.14,0.0,3379.65,13.2,0.9,,5714.0,,55862.0,,,,,,,,11.4,11.99
1996-08-13 00:00:00+00:00,154.2,154.22,0.0,3380.95,13.0,0.9,,1843.9,,71178.0,,,,,,,,11.42,12.06
1996-08-14 00:00:00+00:00,156.2,156.17,0.0,3423.66,13.1,0.9,,1005.4,,71178.0,,,,,,,,11.62,11.82
1996-08-15 00:00:00+00:00,156.5,156.49,0.0,3430.78,13.2,0.9,,985.1,,71178.0,,,,,,,,11.74,11.84
1996-08-16 00:00:00+00:00,155.8,155.84,0.0,3416.54,13.1,0.9,,183.2,,71178.0,,,,,,,,11.67,11.91
1996-08-19 00:00:00+00:00,150.0,150.0,0.0,3288.42,12.6,0.9,,553.6,,71178.0,,,,,,,,11.35,11.67
1996-08-20 00:00:00+00:00,151.0,150.97,0.0,3309.78,12.7,0.9,,146.5,,71178.0,,,,,,,,11.3,11.42
1996-08-21 00:00:00+00:00,155.8,155.84,0.0,3416.54,13.1,0.9,,541.4,,71178.0,,,,,,,,11.47,11.79
1996-08-22 00:00:00+00:00,162.3,162.34,0.0,3558.9,13.7,0.9,,2727.2,,71178.0,,,,,,,,11.79,12.41
1996-08-23 00:00:00+00:00,168.8,168.83,0.0,3701.26,14.2,0.9,,2332.4,,71178.0,,,,,,,,12.28,12.77
1996-08-26 00:00:00+00:00,173.7,173.7,0.0,3808.02,14.6,0.9,,1029.8,,71178.0,,,,,,,,12.77,13.14
1996-08-27 00:00:00+00:00,183.4,183.44,0.0,4021.56,15.4,0.9,,3928.0,,71178.0,,,,,,,,13.14,13.88
1996-08-28 00:00:00+00:00,185.1,185.06,0.0,4057.14,15.6,0.9,,2450.4,,71178.0,,,,,,,,13.63,14.0
1996-08-29 00:00:00+00:00,185.1,185.06,0.0,4057.14,15.6,0.9,,1542.7,,71178.0,,,,,,,,13.76,14.13
1996-08-30 00:00:00+00:00,181.8,181.82,0.0,3985.97,15.3,0.9,,1441.0,,71178.0,,,,,,,,13.51,14.0
1996-09-02 00:00:00+00:00,176.9,176.95,0.0,3879.2,14.9,0.9,,394.8,,71178.0,,,,,,,,13.27,13.76
1996-09-03 00:00:00+00:00,175.3,175.32,0.0,3843.61,14.8,0.9,,610.6,,71178.0,,,,,,,,13.14,13.51
1996-09-04 00:00:00+00:00,183.4,183.44,0.0,4021.56,15.4,0.9,,696.1,,71178.0,,,,,,,,13.14,14.0
1996-09-05 00:00:00+00:00,185.1,185.06,0.0,4057.14,15.6,0.9,,1131.6,,71178.0,,,,,,,,13.76,14.0
1996-09-06 00:00:00+00:00,183.4,183.44,0.0,4021.56,15.4,0.9,,293.1,,71178.0,,,,,,,,13.88,14.0
1996-09-09 00:00:00+00:00,185.1,185.06,0.0,4057.14,15.6,0.9,,565.8,,71178.0,,,,,,,,13.88,14.13
1996-09-10 00:00:00+00:00,186.7,186.69,0.0,4092.73,15.7,0.9,,3508.8,,71178.0,,,,,,,,14.0,14.37
1996-09-11 00:00:00+00:00,186.7,186.69,0.0,4092.73,15.7,0.9,,1636.3,,71178.0,,,,,,,,13.88,14.13
1996-09-12 00:00:00+00:00,185.1,185.06,0.0,4057.14,15.6,0.9,,329.7,,71178.0,,,,,,,,13.88,14.13
1996-09-13 00:00:00+00:00,188.3,188.31,0.0,4128.32,15.8,0.9,,1318.8,,71178.0,,,,,,,,14.0,14.37
1996-09-16 00:00:00+00:00,191.6,191.56,0.0,4199.5,16.1,0.9,,1575.3,,71178.0,,,,,,,,14.13,14.49
1996-09-17 00:00:00+00:00,196.4,196.43,0.0,4306.27,16.5,0.9,,2413.8,,71178.0,,,,,,,,14.49,15.23
1996-09-18 00:00:00+00:00,201.3,201.3,0.0,4413.04,16.9,0.9,,2373.1,,71178.0,,,,,,,,14.74,15.6
1996-09-19 00:00:00+00:00,201.3,201.3,0.0,4413.04,16.9,0.9,,830.4,,71178.0,,,,,,,,15.11,15.48
1996-09-20 00:00:00+00:00,204.5,204.55,0.0,4484.21,17.2,0.9,,415.2,,71178.0,,,,,,,,15.23,15.48
1996-09-23 00:00:00+00:00,204.5,204.55,0.0,4484.21,17.2,0.9,,264.6,,71178.0,,,,,,,,15.23,15.48
1996-09-24 00:00:00+00:00,206.2,206.17,0.0,4519.8,17.3,0.9,,569.9,,71178.0,,,,,,,,15.23,15.72
1996-09-25 00:00:00+00:00,204.5,204.55,0.0,4484.21,17.2,0.9,,1168.2,,71178.0,,,,,,,,15.35,15.6
1996-09-26 00:00:00+00:00,206.2,206.17,0.0,4519.8,17.3,0.9,,1469.5,,71178.0,,,,,,,,15.35,15.72
1996-09-27 00:00:00+00:00,206.2,206.17,0.0,4519.8,17.3,0.9,,,,71178.0,,,,,,,,,
1996-09-30 00:00:00+00:00,204.5,204.55,0.0,4484.21,17.2,0.9,,720.5,,71178.0,,,,,,,,15.35,15.72
1996-10-01 00:00:00+00:00,204.5,204.55,0.0,4484.21,17.2,0.9,,223.9,,71178.0,,,,,,,,15.23,15.48
1996-10-02 00:00:00+00:00,214.3,214.29,0.0,4697.74,18.0,0.9,,1371.8,,71178.0,,,,,,,,15.72,16.21
1996-10-03 00:00:00+00:00,220.8,220.78,0.0,4840.1,18.6,0.9,,1664.8,,71178.0,,,,,,,,15.97,16.71
1996-10-04 00:00:00+00:00,232.1,232.14,0.0,5089.22,19.5,0.9,,4791.0,,71178.0,,,,,,,,16.46,17.69
1996-10-07 00:00:00+00:00,224.0,224.03,0.0,4911.28,18.9,0.9,,1803.2,,71178.0,,,,,,,,16.46,17.44
1996-10-08 00:00:00+00:00,227.3,227.27,0.0,4982.46,19.1,0.9,,2112.6,,71178.0,,,,,,,,16.46,17.32
1996-10-09 00:00:00+00:00,224.0,224.03,0.0,4911.28,18.9,0.9,,2096.3,,71178.0,,,,,,,,16.58,17.2
1996-10-10 00:00:00+00:00,224.0,224.03,0.0,4911.28,18.9,0.9,,,,71178.0,,,,,,,,,
1996-10-11 00:00:00+00:00,224.0,224.03,0.0,4911.28,18.9,0.9,,3154.6,,71178.0,,,,,,,,16.83,17.32
1996-10-14 00:00:00+00:00,215.9,215.91,0.0,4733.33,18.2,0.9,,2531.9,,71178.0,,,,,,,,15.85,17.07
1996-10-15 00:00:00+00:00,219.2,219.16,0.0,4804.51,18.4,0.9,,1347.3,,71178.0,,,,,,,,15.97,16.83
1996-10-16 00:00:00+00:00,225.6,225.65,0.0,4946.87,19.0,0.9,,5409.7,,71178.0,,,,,,,,16.95,17.44
1996-10-17 00:00:00+00:00,225.6,225.65,0.0,4946.87,19.0,0.9,,1062.4,,71178.0,,,,,,,,16.71,17.2
1996-10-18 00:00:00+00:00,227.3,227.27,0.0,4982.46,19.1,0.9,,2010.8,,71178.0,,,,,,,,16.95,17.32
1996-10-21 00:00:00+00:00,230.5,230.52,0.0,5053.64,19.4,0.9,,2295.8,,71178.0,,,,,,,,16.71,17.44
1996-10-22 00:00:00+00:00,228.9,228.9,0.0,5018.05,19.3,0.9,,1306.6,,71178.0,,,,,,,,16.83,17.44
1996-10-23 00:00:00+00:00,225.6,225.65,0.0,4946.87,19.0,0.9,,671.6,,71178.0,,,,,,,,16.95,17.2
1996-10-24 00:00:00+00:00,225.6,225.65,0.0,4946.87,19.0,0.9,,773.4,,71178.0,,,,,,,,16.83,17.07
1996-10-25 00:00:00+00:00,225.6,225.65,0.0,4946.87,19.0,0.9,,,,71178.0,,,,,,,,,
1996-10-28 00:00:00+00:00,224.0,224.03,0.0,4911.28,18.9,0.9,,683.8,,71178.0,,,,,,,,16.95,17.2
1996-10-29 00:00:00+00:00,235.4,235.39,0.0,5160.4,19.8,0.9,,4355.4,,71178.0,,,,,,,,17.07,18.06
1996-10-30 00:00:00+00:00,230.5,230.52,0.0,5053.64,19.4,0.9,,2230.6,,71178.0,,,,,,,,17.2,17.93
1996-10-31 00:00:00+00:00,230.5,230.52,0.0,5053.64,19.4,0.9,,,,71178.0,,,,,,,,,
1996-11-01 00:00:00+00:00,225.6,225.65,0.0,4946.87,19.0,0.9,,11132.8,,71178.0,,,,,,,,16.34,17.32
1996-11-04 00:00:00+00:00,250.0,250.0,0.0,5480.7,21.0,0.9,,8658.0,,71178.0,,,,,,,,18.06,19.16
1996-11-05 00:00:00+00:00,259.7,259.74,0.0,5694.24,21.9,0.9,,8625.4,,71178.0,,,,,,,,18.92,20.14
1996-11-06 00:00:00+00:00,263.0,262.99,0.0,5765.41,22.1,0.9,,7697.3,,71178.0,,,,,,,,19.04,20.39
1996-11-07 00:00:00+00:00,256.5,256.49,0.0,5623.06,21.6,0.9,,2295.8,,71178.0,,,,,,,,19.29,20.14
1996-11-08 00:00:00+00:00,254.9,254.87,0.0,5587.47,21.4,0.9,,3557.6,,71178.0,,,,,,,,19.16,19.65
1996-11-11 00:00:00+00:00,261.4,261.36,0.0,5729.82,22.0,0.9,,3533.2,,71178.0,,,,,,,,19.29,19.9
1996-11-12 00:00:00+00:00,261.4,261.36,0.0,5729.82,22.0,0.9,,,,71178.0,,,,,,,,,
1996-11-13 00:00:00+00:00,266.2,266.23,0.0,5836.59,22.4,0.9,,4107.1,,71178.0,,,,,,,,19.9,20.39
1996-11-14 00:00:00+00:00,256.5,256.49,0.0,5623.06,21.6,0.9,,2865.6,,71178.0,,,,,,,,19.41,20.14
1996-11-15 00:00:00+00:00,259.7,259.74,0.0,5694.24,21.9,0.9,,2601.1,,71178.0,,,,,,,,19.41,19.78
1996-11-18 00:00:00+00:00,254.9,254.87,0.0,5587.47,21.4,0.9,,1905.0,,71178.0,,,,,,,,19.29,19.65
1996-11-19 00:00:00+00:00,254.9,254.87,0.0,5587.47,21.4,0.9,,2275.4,,71178.0,,,,,,,,19.16,19.41
1996-11-20 00:00:00+00:00,259.7,259.74,0.0,5694.24,18.1,1.09,,4123.4,,71178.0,,,,,,,,19.29,19.65
1996-11-21 00:00:00+00:00,269.5,269.48,0.0,5907.77,18.7,1.09,,6162.7,,71178.0,,,,,,,,19.78,20.51
1996-11-22 00:00:00+00:00,274.4,274.35,0.0,6014.54,19.1,1.09,,5279.4,,71178.0,,,,,,,,20.64,21.13
1996-11-25 00:00:00+00:00,269.5,269.48,0.0,5907.77,18.7,1.09,,3785.6,,71178.0,,,,,,,,20.14,20.39
1996-11-26 00:00:00+00:00,259.7,259.74,0.0,5694.24,18.1,1.09,,3289.0,,71178.0,,,,,,,,19.53,20.39
1996-11-27 00:00:00+00:00,264.6,264.61,0.0,5801.0,18.4,1.09,,4811.3,,71178.0,,,,,,,,19.65,20.39
1996-11-28 00:00:00+00:00,264.6,264.61,0.0,5801.0,18.4,1.09,,1599.7,,71178.0,,,,,,,,19.16,20.02
1996-11-29 00:00:00+00:00,269.5,269.48,0.0,5907.77,18.7,1.09,,2535.9,,71178.0,,,,,,,,19.16,20.39
1996-12-02 00:00:00+00:00,266.2,266.23,0.0,5836.59,18.5,1.09,,1229.3,,71178.0,,,,,,,,19.9,20.39
1996-12-03 00:00:00+00:00,264.6,264.61,0.0,5801.0,18.4,1.09,,3252.3,,71178.0,,,,,,,,20.02,20.51
1996-12-04 00:00:00+00:00,264.6,264.61,0.0,5801.0,18.4,1.09,,1892.8,,71178.0,,,,,,,,19.65,20.02
1996-12-05 00:00:00+00:00,266.2,266.23,0.0,5836.59,18.5,1.09,,1074.6,,71178.0,,,,,,,,19.78,20.14
1996-12-06 00:00:00+00:00,263.0,262.99,0.0,5765.41,18.3,1.09,,1974.2,,71178.0,,,,,,,,19.9,20.14
1996-12-09 00:00:00+00:00,266.2,266.23,0.0,5836.59,18.5,1.09,,2336.5,,71178.0,,,,,,,,19.78,20.39
1996-12-10 00:00:00+00:00,269.5,269.48,0.0,5907.77,18.7,1.09,,3150.6,,71178.0,,,,,,,,20.14,20.39
1996-12-11 00:00:00+00:00,272.7,272.73,0.0,5978.95,19.0,1.09,,3252.3,,71178.0,,,,,,,,20.39,21.13
1996-12-12 00:00:00+00:00,272.7,272.73,0.0,5978.95,19.0,1.09,,1705.5,,71178.0,,,,,,,,20.27,20.64
1996-12-13 00:00:00+00:00,290.6,290.58,0.0,6370.43,20.2,1.09,,930.1,,71178.0,,,,,,,,20.64,21.99
1996-12-16 00:00:00+00:00,297.1,297.08,0.0,6512.79,20.7,1.09,,3602.4,,71178.0,,,,,,,,22.23,22.85
1996-12-17 00:00:00+00:00,298.7,298.7,0.0,6548.38,20.8,1.09,,2145.2,,71178.0,,,,,,,,22.36,22.85
1996-12-18 00:00:00+00:00,292.2,292.21,0.0,6406.02,20.3,1.09,,2597.0,,71178.0,,,,,,,,21.99,22.6
1996-12-19 00:00:00+00:00,295.5,295.45,0.0,6477.2,20.5,1.09,,2560.3,,71178.0,,,,,,,,21.86,22.36
1996-12-20 00:00:00+00:00,295.5,295.45,0.0,6477.2,20.5,1.09,,2100.4,,71178.0,,,,,,,,22.23,22.6
1996-12-23 00:00:00+00:00,298.7,298.7,0.0,6548.38,20.8,1.09,,871.1,,71178.0,,,,,,,,22.36,22.6
1996-12-24 00:00:00+00:00,297.1,297.08,0.0,6512.79,20.7,1.09,,1318.8,,71178.0,,,,,,,,22.36,22.6
1996-12-25 00:00:00+00:00,297.1,297.08,0.0,6512.79,20.7,1.09,,,,71178.0,,,,,,,,,
1996-12-26 00:00:00+00:00,300.3,300.32,0.0,6583.96,20.9,1.09,,2120.7,,71178.0,,,,,,,,22.11,22.72
1996-12-27 00:00:00+00:00,305.2,305.19,0.0,6690.73,21.2,1.09,,2613.3,,71178.0,,,,,,,,22.48,23.09
1996-12-30 00:00:00+00:00,314.9,314.94,0.0,6904.26,21.9,1.09,,6016.2,,71178.0,,,,,,,,22.97,23.95
1996-12-31 00:00:00+00:00,318.2,318.18,0.0,6975.44,22.1,1.09,,4274.0,,71178.0,,,,,,,,23.09,24.08
1997-01-01 00:00:00+00:00,318.2,318.18,0.0,6975.44,22.1,1.09,,,,71178.0,6183644.0,,,,,,,,
1997-01-02 00:00:00+00:00,318.2,318.18,0.0,6975.44,22.1,1.09,2.34,,,71178.0,6183644.0,11.37,,,,,,,
1997-01-03 00:00:00+00:00,318.2,318.18,0.0,6975.44,22.1,1.09,2.34,,,71178.0,6183644.0,11.37,,,,,,,
1997-01-06 00:00:00+00:00,314.9,314.94,0.0,6904.26,21.9,1.09,2.32,1591.6,,71178.0,6183644.0,11.25,,,,,,23.34,23.83
1997-01-07 00:00:00+00:00,314.9,314.94,0.0,6904.26,21.9,1.09,2.32,3073.2,,71178.0,6183644.0,11.25,,,,,,23.71,24.08
1997-01-08 00:00:00+00:00,332.8,332.79,0.0,7295.74,23.1,1.09,2.45,3793.7,,71178.0,6183644.0,11.89,,,,,,23.83,25.43
1997-01-09 00:00:00+00:00,355.5,355.52,0.0,7793.99,24.7,1.09,2.62,7306.5,,71178.0,6183644.0,12.7,,,,,,24.44,26.9
1997-01-10 00:00:00+00:00,347.4,347.4,0.0,7616.04,24.2,1.09,2.56,7729.9,,71178.0,6183644.0,12.41,,,,,,26.29,28.01
1997-01-13 00:00:00+00:00,350.6,350.65,0.0,7687.22,24.4,1.09,2.58,5373.1,,71178.0,6183644.0,12.53,,,,,,26.53,28.01
1997-01-14 00:00:00+00:00,352.3,352.27,0.0,7722.81,24.5,1.09,2.6,8136.9,,71178.0,6183644.0,12.59,,,,,,26.41,27.15
1997-01-15 00:00:00+00:00,363.6,363.64,0.0,7971.93,25.3,1.09,2.68,6207.5,,71178.0,6183644.0,12.99,,,,,,27.02,28.01
1997-01-16 00:00:00+00:00,360.4,360.39,0.0,7900.75,25.1,1.09,2.65,4750.3,,71178.0,6183644.0,12.88,,,,,,26.53,27.76
1997-01-17 00:00:00+00:00,381.5,381.49,0.0,8363.41,26.5,1.09,2.81,5023.0,,71178.0,6183644.0,13.63,,,,,,27.27,28.87
1997-01-20 00:00:00+00:00,376.6,376.62,0.0,8256.64,26.2,1.09,2.77,3545.4,,71178.0,6183644.0,13.46,,,,,,28.25,29.23
1997-01-21 00:00:00+00:00,383.1,383.12,0.0,8399.0,26.6,1.09,2.82,2666.2,,71178.0,6183644.0,13.69,,,,,,28.5,29.11
1997-01-22 00:00:00+00:00,384.7,384.74,0.0,8434.59,26.7,1.09,2.83,3427.4,,71178.0,6183644.0,13.75,,,,,,28.5,29.23
1997-01-23 00:00:00+00:00,371.8,371.75,0.0,8149.88,25.8,1.09,2.74,1730.0,,71178.0,6183644.0,13.28,,,,,,27.52,29.23
1997-01-24 00:00:00+00:00,370.1,370.13,0.0,8114.29,25.7,1.09,2.73,4839.8,,71178.0,6183644.0,13.23,,,,,,27.27,28.74
1997-01-27 00:00:00+00:00,373.4,373.38,0.0,8185.47,26.0,1.09,2.75,1497.9,,71178.0,6183644.0,13.34,,,,,,28.25,28.99
1997-01-28 00:00:00+00:00,373.4,373.38,0.0,8185.47,26.0,1.09,2.75,1107.2,,71178.0,6183644.0,13.34,,,,,,28.25,28.37
1997-01-29 00:00:00+00:00,370.1,370.13,0.0,8114.29,25.7,1.09,2.73,854.8,,71178.0,6183644.0,13.23,,,,,,27.76,28.25
1997-01-30 00:00:00+00:00,363.6,363.64,0.0,7971.93,25.3,1.09,2.68,2686.5,,71178.0,6183644.0,12.99,,,,,,27.52,28.25
1997-01-31 00:00:00+00:00,375.0,375.0,0.0,8221.05,26.1,1.09,2.76,5682.4,,71178.0,6183644.0,13.4,,,,,,27.64,29.23
1997-02-03 00:00:00+00:00,362.0,362.01,0.0,7936.34,25.2,1.09,2.67,5715.0,,71178.0,6183644.0,12.94,,,,,,26.41,27.88
1997-02-04 00:00:00+00:00,362.0,362.01,0.0,7936.34,25.2,1.09,2.67,,,71178.0,6183644.0,12.94,,,,,,,
1997-02-05 00:00:00+00:00,362.0,362.01,0.0,7936.34,25.2,1.09,2.67,,,71178.0,6183644.0,12.94,,,,,,,
1997-02-06 00:00:00+00:00,362.0,362.01,0.0,7936.34,25.2,1.09,2.67,,,71178.0,6183644.0,12.94,,,,,,,
1997-02-07 00:00:00+00:00,362.0,362.01,0.0,7936.34,25.2,1.09,2.67,,,71178.0,6183644.0,12.94,,,,,,,
1997-02-10 00:00:00+00:00,362.0,362.01,0.0,7936.34,25.2,1.09,2.67,,,71178.0,6183644.0,12.94,,,,,,,
1997-02-11 00:00:00+00:00,373.4,373.38,0.0,8185.47,26.0,1.09,2.75,8995.8,,71178.0,6183644.0,13.34,,,,,,26.53,28.37
1997-02-12 00:00:00+00:00,370.1,370.13,0.0,8114.29,25.7,1.09,2.73,5947.0,,71178.0,6183644.0,13.23,,,,,,27.39,28.25
1997-02-13 00:00:00+00:00,376.6,376.62,0.0,11040.53,26.2,1.09,2.77,7400.2,,95177.0,6183644.0,13.46,,,,,,27.64,28.74
1997-02-14 00:00:00+00:00,366.9,366.88,0.0,10755.0,25.5,1.09,2.7,3822.2,,95177.0,6183644.0,13.11,,,,,,27.02,28.74
1997-02-17 00:00:00+00:00,375.0,375.0,0.0,10992.94,26.1,1.09,2.76,5963.3,,95177.0,6183644.0,13.4,,,,,,27.52,28.62
1997-02-18 00:00:00+00:00,401.0,400.97,0.0,11754.36,27.9,1.09,2.95,9814.0,,95177.0,6183644.0,14.33,,,,,,27.76,30.34
1997-02-19 00:00:00+00:00,428.6,428.57,0.0,12563.36,29.8,1.09,3.16,9113.9,,95177.0,6183644.0,15.31,,,,,,30.95,32.43
1997-02-20 00:00:00+00:00,441.6,441.56,0.0,12944.07,36.2,0.92,3.25,7037.9,,95177.0,6183644.0,15.78,,,,,,31.2,34.39
1997-02-21 00:00:00+00:00,430.2,430.19,0.0,12610.95,35.2,0.92,3.17,7453.1,,95177.0,6183644.0,15.37,,,,,,31.94,33.53
1997-02-24 00:00:00+00:00,401.0,400.97,0.0,11754.36,32.8,0.92,2.95,5336.4,,95177.0,6183644.0,14.33,,,,,,29.48,31.32
1997-02-25 00:00:00+00:00,386.4,386.36,0.0,11326.06,31.6,0.92,2.85,5454.5,,95177.0,6183644.0,13.81,,,,,,29.23,30.71
1997-02-26 00:00:00+00:00,376.6,376.62,0.0,11040.53,30.9,0.92,2.77,3044.7,,95177.0,6183644.0,13.46,,,,,,28.25,29.97
1997-02-27 00:00:00+00:00,402.6,402.6,0.0,11801.95,33.0,0.92,2.97,2263.2,,95177.0,6183644.0,14.39,,,,,,28.62,30.46
1997-02-28 00:00:00+00:00,386.4,386.36,0.0,11326.06,31.6,0.92,2.85,2731.3,,95177.0,6183644.0,13.81,,,,,,28.99,29.97
1997-03-03 00:00:00+00:00,381.5,381.49,0.0,11183.29,31.3,0.92,2.81,1367.7,,95177.0,6183644.0,13.63,,,,,,28.74,29.23
1997-03-04 00:00:00+00:00,386.4,386.36,0.0,11326.06,31.6,0.92,2.85,1473.5,,95177.0,6183644.0,13.81,,,,,,28.87,29.48
1997-03-05 00:00:00+00:00,391.2,391.23,0.0,11468.83,32.0,0.92,2.88,4615.9,,95177.0,6183644.0,13.98,,,,,,29.11,29.85
1997-03-06 00:00:00+00:00,397.7,397.73,0.0,11659.18,32.6,0.92,2.93,8027.0,,95177.0,6183644.0,14.21,,,,,,29.73,31.08
1997-03-07 00:00:00+00:00,386.4,386.36,0.0,11326.06,31.6,0.92,2.85,4160.1,,95177.0,6183644.0,13.81,,,,,,29.23,30.22
1997-03-10 00:00:00+00:00,402.6,402.6,0.0,11801.95,33.0,0.92,2.97,5788.3,,95177.0,6183644.0,14.39,,,,,,29.23,30.46
1997-03-11 00:00:00+00:00,399.4,399.35,0.0,11706.77,32.7,0.92,2.94,3435.5,,95177.0,6183644.0,14.27,,,,,,29.97,30.95
1997-03-12 00:00:00+00:00,402.6,402.6,0.0,11801.95,33.0,0.92,2.97,3911.8,,95177.0,6183644.0,14.39,,,,,,29.85,30.71
1997-03-13 00:00:00+00:00,402.6,402.6,0.0,11801.95,33.0,0.92,2.97,3004.0,,95177.0,6183644.0,14.39,,,,,,30.09,30.46
1997-03-14 00:00:00+00:00,401.0,400.97,0.0,11754.36,32.8,0.92,2.95,3423.3,,95177.0,6183644.0,14.33,,,,,,29.97,30.71
1997-03-17 00:00:00+00:00,399.4,399.35,0.0,11706.77,32.7,0.92,2.94,2568.5,,95177.0,6183644.0,14.27,,,,,,30.09,30.59
1997-03-18 00:00:00+00:00,401.0,400.97,0.0,11754.36,32.8,0.92,2.95,1860.2,,95177.0,6183644.0,14.33,,,,,,30.22,30.59
1997-03-19 00:00:00+00:00,389.6,389.61,0.0,11421.23,31.9,0.92,2.87,2772.0,,95177.0,6183644.0,13.92,,,,,,28.99,30.59
1997-03-20 00:00:00+00:00,397.7,397.73,0.0,11659.18,32.6,0.92,2.93,1359.5,,95177.0,6183644.0,14.21,,,,,,29.48,30.22
1997-03-21 00:00:00+00:00,397.7,397.73,0.0,11659.18,32.6,0.92,2.93,,,95177.0,6183644.0,14.21,,,,,,,
1997-03-24 00:00:00+00:00,353.9,353.9,0.0,10374.29,29.0,0.92,2.61,9223.8,,95177.0,6183644.0,12.65,,,,,,26.78,28.5
1997-03-25 00:00:00+00:00,358.8,358.77,0.0,10517.05,29.4,0.92,2.64,5507.4,,95177.0,6183644.0,12.82,,,,,,27.02,28.5
1997-03-26 00:00:00+00:00,370.1,370.13,0.0,10850.18,30.3,0.92,2.73,6647.1,,95177.0,6183644.0,13.23,,,,,,27.27,28.25
1997-03-27 00:00:00+00:00,394.5,394.48,0.0,11564.0,32.3,0.92,2.91,11816.7,,95177.0,6183644.0,14.1,,,,,,28.25,29.85
1997-03-28 00:00:00+00:00,394.5,394.48,0.0,11564.0,32.3,0.92,2.91,11047.3,,95177.0,6183644.0,14.1,,,,,,29.11,30.59
1997-03-31 00:00:00+00:00,383.1,383.12,0.0,11230.88,31.4,0.92,2.82,6105.8,,95177.0,6183644.0,13.69,,,,,,28.99,30.22
1997-04-01 00:00:00+00:00,409.1,409.09,0.0,11992.3,33.5,0.92,3.01,11999.8,,95177.0,6183644.0,14.62,,,,,,29.73,30.95
1997-04-02 00:00:00+00:00,428.6,428.57,0.0,12563.36,35.1,0.92,3.16,23971.2,,95177.0,6183644.0,15.31,,,,,,31.69,33.04
1997-04-03 00:00:00+00:00,456.2,456.17,0.0,13372.37,37.4,0.92,3.36,23918.3,,95177.0,6183644.0,16.3,,,,,,32.43,34.52
1997-04-04 00:00:00+00:00,456.2,456.17,0.0,13372.37,37.4,0.92,3.36,,,95177.0,6183644.0,16.3,,,,,,,
1997-04-07 00:00:00+00:00,441.6,441.56,0.0,12944.07,36.2,0.92,3.25,20531.6,,95177.0,6183644.0,15.78,,,,,,33.04,35.62
1997-04-08 00:00:00+00:00,412.3,412.34,0.0,12087.48,33.8,0.92,3.04,15659.2,,95177.0,6183644.0,14.73,,,,,,31.08,34.39
1997-04-09 00:00:00+00:00,392.9,392.86,0.0,11516.41,32.2,0.92,2.89,16461.1,,95177.0,6183644.0,14.04,,,,,,29.48,30.71
1997-04-10 00:00:00+00:00,375.0,375.0,0.0,10992.94,30.7,0.92,2.76,17401.4,,95177.0,6183644.0,13.4,,,,,,28.01,29.48
1997-04-11 00:00:00+00:00,401.0,400.97,0.0,11754.36,32.8,0.92,2.95,16135.5,,95177.0,6183644.0,14.33,,,,,,28.74,30.34
1997-04-14 00:00:00+00:00,379.9,379.87,0.0,11135.71,31.1,0.92,2.8,11759.7,,95177.0,6183644.0,13.57,,,,,,27.52,28.99
1997-04-15 00:00:00+00:00,394.5,394.48,0.0,11564.0,32.3,0.92,2.91,13123.3,,95177.0,6183644.0,14.1,,,,,,29.48,30.22
1997-04-16 00:00:00+00:00,383.1,383.12,0.0,11230.88,31.4,0.92,2.82,10738.0,,95177.0,6183644.0,13.69,,,,,,28.99,30.46
1997-04-17 00:00:00+00:00,381.5,381.49,0.0,11183.29,31.3,0.92,2.81,10469.3,1.257,95177.0,6183644.0,13.63,4.209,1.26,23.76,,,28.74,29.73
1997-04-18 00:00:00+00:00,366.9,366.88,0.0,10755.0,30.1,0.92,2.7,6455.8,1.257,95177.0,6183644.0,13.11,4.209,1.26,23.76,,,27.52,29.48
1997-04-21 00:00:00+00:00,357.1,357.14,0.0,10469.46,29.3,0.92,2.63,3814.1,1.257,95177.0,6183644.0,12.76,4.209,1.26,23.76,,,26.78,27.52
1997-04-22 00:00:00+00:00,334.4,334.42,0.0,9803.23,27.4,0.92,2.46,9435.4,1.257,95177.0,6183644.0,11.95,4.209,1.26,23.76,,,25.18,26.78
1997-04-23 00:00:00+00:00,337.7,337.66,0.0,9898.41,27.7,0.92,2.49,7766.5,1.257,95177.0,6183644.0,12.07,4.209,1.26,23.76,,,25.3,26.04
1997-04-24 00:00:00+00:00,314.9,314.94,0.0,9232.17,25.8,0.92,2.32,10257.7,1.257,95177.0,6183644.0,11.25,4.209,1.26,23.76,,,23.83,25.67
1997-04-25 00:00:00+00:00,311.7,311.69,0.0,9136.99,25.5,0.92,2.3,31802.8,1.257,95177.0,6183644.0,11.14,4.209,1.26,23.76,,,22.48,24.08
1997-04-28 00:00:00+00:00,347.4,347.4,0.0,10183.94,28.5,0.92,2.56,24663.2,1.257,95177.0,6183644.0,12.41,4.209,1.26,23.76,,,25.55,26.78
1997-04-29 00:00:00+00:00,326.3,326.3,0.0,9565.29,26.7,0.92,2.4,10888.6,1.257,95177.0,6183644.0,11.66,4.209,1.26,23.76,,,24.57,25.8
1997-04-30 00:00:00+00:00,303.6,303.57,0.0,8899.05,24.9,0.92,2.24,19807.1,1.257,95177.0,6183644.0,10.85,4.209,1.26,23.76,,,22.97,24.32
1997-05-01 00:00:00+00:00,303.6,303.57,0.0,8899.05,24.9,0.92,2.24,,1.257,95177.0,6183644.0,10.85,4.209,1.26,23.76,,,,
1997-05-02 00:00:00+00:00,282.5,282.47,0.0,8280.39,23.1,0.92,2.08,7856.1,1.257,95177.0,6183644.0,10.09,4.209,1.26,23.76,,,21.37,21.99
1997-05-05 00:00:00+00:00,284.1,284.09,0.0,8327.98,23.3,0.92,2.09,21382.3,1.257,95177.0,6183644.0,10.15,4.209,1.26,23.76,,,19.9,21.5
1997-05-06 00:00:00+00:00,279.2,279.22,0.0,8185.22,22.9,0.92,2.06,14075.8,1.257,95177.0,6183644.0,9.98,4.209,1.26,23.76,,,20.88,21.5
1997-05-07 00:00:00+00:00,285.7,285.71,0.0,8375.57,23.4,0.92,2.1,20210.0,1.257,95177.0,6183644.0,10.21,4.209,1.26,23.76,,,20.88,22.11
1997-05-08 00:00:00+00:00,295.5,295.45,0.0,8661.1,24.2,0.92,2.18,23592.6,1.257,95177.0,6183644.0,10.56,4.209,1.26,23.76,,,21.62,22.97
1997-05-09 00:00:00+00:00,311.7,311.69,0.0,9136.99,25.5,0.92,2.3,36707.8,1.257,95177.0,6183644.0,11.14,4.209,1.26,23.76,,,21.74,23.71
1997-05-12 00:00:00+00:00,340.9,340.91,0.0,9993.58,27.9,0.92,2.51,85407.2,1.257,95177.0,6183644.0,12.18,4.209,1.26,23.76,,,25.3,26.9
1997-05-13 00:00:00+00:00,331.2,331.17,0.0,9708.05,27.1,0.92,2.44,43118.8,1.257,95177.0,6183644.0,11.83,4.209,1.26,23.76,,,24.57,26.04
1997-05-14 00:00:00+00:00,331.2,331.17,0.0,9708.05,27.1,0.92,2.44,19461.1,1.257,95177.0,6183644.0,11.83,4.209,1.26,23.76,,,24.08,25.55
1997-05-15 00:00:00+00:00,308.4,308.44,0.0,9041.81,26.6,0.88,2.27,19049.9,1.147,95177.0,6183644.0,11.02,4.574,1.15,21.86,,,23.34,24.57
1997-05-16 00:00:00+00:00,287.3,287.34,0.0,8423.16,24.8,0.88,2.12,29958.9,1.147,95177.0,6183644.0,10.27,4.574,1.15,21.86,,,21.74,23.34
1997-05-19 00:00:00+00:00,303.6,303.57,0.0,8899.05,26.2,0.88,2.24,10330.9,1.147,95177.0,6183644.0,10.85,4.574,1.15,21.86,,,21.86,23.09
1997-05-20 00:00:00+00:00,293.8,293.83,0.0,8613.52,25.4,0.88,2.16,8649.8,1.147,95177.0,6183644.0,10.5,4.574,1.15,21.86,,,22.23,23.22
1997-05-21 00:00:00+00:00,300.3,300.32,0.0,8803.87,25.9,0.88,2.21,10265.8,1.147,95177.0,6183644.0,10.73,4.574,1.15,21.86,,,21.99,22.85
1997-05-22 00:00:00+00:00,316.6,316.56,0.0,9279.75,27.3,0.88,2.33,30801.5,1.147,95177.0,6183644.0,11.31,4.574,1.15,21.86,,,22.72,24.2
1997-05-23 00:00:00+00:00,311.7,311.69,0.0,9136.99,26.9,0.88,2.3,18431.2,1.147,95177.0,6183644.0,11.14,4.574,1.15,21.86,,,23.09,23.71
1997-05-26 00:00:00+00:00,298.7,298.7,0.0,8756.28,25.8,0.88,2.2,13221.0,1.147,95177.0,6183644.0,10.67,4.574,1.15,21.86,,,22.48,23.46
1997-05-27 00:00:00+00:00,301.9,301.95,0.0,8851.46,26.1,0.88,2.22,24064.8,1.147,95177.0,6183644.0,10.79,4.574,1.15,21.86,,,22.6,23.58
1997-05-28 00:00:00+00:00,298.7,298.7,0.0,8756.28,25.8,0.88,2.2,8649.8,1.147,95177.0,6183644.0,10.67,4.574,1.15,21.86,,,22.48,23.09
1997-05-29 00:00:00+00:00,313.3,313.31,0.0,9184.58,27.0,0.88,2.31,55216.3,1.147,95177.0,6183644.0,11.2,4.574,1.15,21.86,,,23.22,24.08
1997-05-30 00:00:00+00:00,313.3,313.31,0.0,9184.58,27.0,0.88,2.31,23047.2,1.147,95177.0,6183644.0,11.2,4.574,1.15,21.86,,,22.97,23.83
1997-06-02 00:00:00+00:00,324.7,324.68,0.0,9517.7,28.0,0.88,2.39,24919.6,1.147,95177.0,6183644.0,11.6,4.574,1.15,21.86,,,23.58,24.69
1997-06-03 00:00:00+00:00,336.0,336.04,0.0,9850.82,29.0,0.88,2.48,32885.6,1.147,95177.0,6183644.0,12.01,4.574,1.15,21.86,,,24.81,25.8
1997-06-04 00:00:00+00:00,340.9,340.91,0.0,9993.58,29.4,0.88,2.51,25705.2,1.147,95177.0,6183644.0,12.18,4.574,1.15,21.86,,,25.06,25.8
1997-06-05 00:00:00+00:00,329.5,329.55,0.0,9660.46,28.4,0.88,2.43,25383.7,1.147,95177.0,6183644.0,11.78,4.574,1.15,21.86,,,24.81,25.67
1997-06-06 00:00:00+00:00,352.3,352.27,0.0,10326.7,30.4,0.88,2.6,34990.0,1.147,95177.0,6183644.0,12.59,4.574,1.15,21.86,,,25.43,26.66
1997-06-09 00:00:00+00:00,352.3,352.27,0.0,10326.7,30.4,0.88,2.6,,1.147,95177.0,6183644.0,12.59,4.574,1.15,21.86,,,,
1997-06-10 00:00:00+00:00,360.4,360.39,0.0,10564.64,31.1,0.88,2.65,28171.9,1.147,95177.0,6183644.0,12.88,4.574,1.15,21.86,,,26.29,27.76
1997-06-11 00:00:00+00:00,342.5,342.53,0.0,10041.17,29.6,0.88,2.52,20360.7,1.147,95177.0,6183644.0,12.24,4.574,1.15,21.86,,,25.67,27.27
1997-06-12 00:00:00+00:00,353.9,353.9,0.0,10374.29,30.5,0.88,2.61,21313.1,1.147,95177.0,6183644.0,12.65,4.574,1.15,21.86,,,25.18,26.78
1997-06-13 00:00:00+00:00,357.1,357.14,0.0,10469.46,30.8,0.88,2.63,31717.4,1.147,95177.0,6183644.0,12.76,4.574,1.15,21.86,,,26.66,27.88
1997-06-16 00:00:00+00:00,405.8,405.84,0.0,11897.12,35.0,0.88,2.99,48382.0,1.147,95177.0,6183644.0,14.5,4.574,1.15,21.86,,,29.36,30.71
1997-06-17 00:00:00+00:00,396.1,396.1,0.0,11611.59,34.2,0.88,2.92,38413.3,1.147,95177.0,6183644.0,14.15,4.574,1.15,21.86,,,29.97,31.45
1997-06-18 00:00:00+00:00,422.1,422.08,0.0,12373.01,36.4,0.88,3.11,49354.8,1.147,95177.0,6183644.0,15.08,4.574,1.15,21.86,,,29.85,31.94
1997-06-19 00:00:00+00:00,397.7,397.73,0.0,11659.18,34.3,0.88,2.93,40232.8,1.045,95177.0,6183644.0,14.21,3.486,1.05,28.69,,,29.73,31.57
1997-06-20 00:00:00+00:00,375.0,375.0,0.0,10992.94,32.4,0.88,2.76,37546.3,1.045,95177.0,6183644.0,13.4,3.486,1.05,28.69,,,28.37,31.2
1997-06-23 00:00:00+00:00,388.0,387.99,0.0,11373.65,33.5,0.88,2.86,23845.0,1.045,95177.0,6183644.0,13.86,3.486,1.05,28.69,,,27.76,29.36
1997-06-24 00:00:00+00:00,394.5,394.48,0.0,11564.0,34.0,0.88,2.91,32262.8,1.045,95177.0,6183644.0,14.1,3.486,1.05,28.69,,,29.48,30.34
1997-06-25 00:00:00+00:00,422.1,422.08,0.0,12373.01,36.4,0.88,3.11,47189.3,1.045,95177.0,6183644.0,15.08,3.486,1.05,28.69,,,30.83,31.94
1997-06-26 00:00:00+00:00,401.0,400.97,0.0,11754.36,34.6,0.88,2.95,60442.9,1.045,95177.0,6183644.0,14.33,3.486,1.05,28.69,,,29.73,33.04
1997-06-27 00:00:00+00:00,394.5,394.48,0.0,11564.0,34.0,0.88,2.91,15585.9,1.045,95177.0,6183644.0,14.1,3.486,1.05,28.69,,,29.48,31.08
1997-06-30 00:00:00+00:00,394.5,394.48,0.0,11564.0,34.0,0.88,2.91,12740.7,1.045,95177.0,6183644.0,14.1,3.486,1.05,28.69,,,29.23,30.09
1997-07-01 00:00:00+00:00,394.5,394.48,0.0,11564.0,34.0,0.88,2.91,,1.045,95177.0,6183644.0,14.1,3.486,1.05,28.69,,,,
1997-07-02 00:00:00+00:00,370.1,370.13,0.0,10850.18,31.9,0.88,2.73,15260.3,1.045,95177.0,6183644.0,13.23,3.486,1.05,28.69,,,27.88,30.22
1997-07-03 00:00:00+00:00,394.5,394.48,0.0,11564.0,34.0,0.88,2.91,27614.3,1.045,95177.0,6183644.0,14.1,3.486,1.05,28.69,,,28.5,29.85
1997-07-04 00:00:00+00:00,407.6,407.63,0.0,12364.44,35.2,0.88,3.0,11273.8,1.045,132951.0,6183644.0,14.57,3.486,1.05,28.69,,,30.84,30.84
1997-07-07 00:00:00+00:00,440.5,440.5,0.0,13361.57,38.1,0.88,3.25,26039.2,1.045,132951.0,6183644.0,15.74,3.486,1.05,28.69,,,32.17,33.83
1997-07-08 00:00:00+00:00,444.9,444.89,0.0,13494.52,38.4,0.88,3.28,17922.3,1.045,132951.0,6183644.0,15.9,3.486,1.05,28.69,,,32.67,33.83
1997-07-09 00:00:00+00:00,460.2,460.23,0.0,13959.85,39.8,0.88,3.39,40563.3,1.045,132951.0,6183644.0,16.45,3.486,1.05,28.69,,,34.82,35.98
1997-07-10 00:00:00+00:00,444.9,444.89,0.0,13494.52,38.4,0.88,3.28,21305.3,1.045,132951.0,6183644.0,15.9,3.486,1.05,28.69,,,33.5,34.66
1997-07-11 00:00:00+00:00,436.1,436.12,0.0,13228.62,37.7,0.88,3.21,16966.5,1.045,132951.0,6183644.0,15.58,3.486,1.05,28.69,,,32.5,34.33
1997-07-14 00:00:00+00:00,480.0,479.95,0.0,14558.13,41.5,0.88,3.54,38627.6,1.045,132951.0,6183644.0,17.15,3.486,1.05,28.69,,,35.16,36.48
1997-07-15 00:00:00+00:00,469.0,468.99,0.0,14225.75,40.5,0.88,3.45,35280.7,1.045,132951.0,6183644.0,16.76,3.486,1.05,28.69,,,34.82,37.31
1997-07-16 00:00:00+00:00,499.7,499.68,0.0,15156.41,43.2,0.88,3.68,46581.6,1.045,132951.0,6183644.0,17.86,3.486,1.05,28.69,,,35.98,37.81
1997-07-17 00:00:00+00:00,471.2,471.19,0.0,14292.23,40.7,0.88,3.47,44311.1,1.07,132951.0,6183644.0,16.84,3.014,1.07,33.18,,,35.49,40.3
1997-07-18 00:00:00+00:00,504.1,504.06,0.0,15289.36,43.6,0.88,3.71,29488.5,1.07,132951.0,6183644.0,18.01,3.014,1.07,33.18,,,35.82,38.14
1997-07-21 00:00:00+00:00,497.5,497.48,0.0,15089.94,43.0,0.88,3.66,27417.1,1.07,132951.0,6183644.0,17.78,3.014,1.07,33.18,,,37.64,39.8
1997-07-22 00:00:00+00:00,475.6,475.57,0.0,14425.18,41.1,0.88,3.5,31849.4,1.07,132951.0,6183644.0,16.99,3.014,1.07,33.18,,,35.65,38.47
1997-07-23 00:00:00+00:00,482.1,482.14,0.0,14624.61,41.7,0.88,3.55,24830.1,1.07,132951.0,6183644.0,17.23,3.014,1.07,33.18,,,35.65,37.81
1997-07-24 00:00:00+00:00,515.0,515.02,0.0,15621.74,44.5,0.88,3.79,16420.7,1.07,132951.0,6183644.0,18.4,3.014,1.07,33.18,,,37.31,38.97
1997-07-25 00:00:00+00:00,526.0,525.97,0.0,15954.12,45.5,0.88,3.87,50462.1,1.07,132951.0,6183644.0,18.8,3.014,1.07,33.18,,,38.14,41.13
1997-07-28 00:00:00+00:00,534.7,534.74,0.0,16220.02,46.2,0.88,3.94,24790.9,1.07,132951.0,6183644.0,19.11,3.014,1.07,33.18,,,39.8,41.46
1997-07-29 00:00:00+00:00,499.7,499.68,0.0,15156.41,43.2,0.88,3.68,27902.5,1.07,132951.0,6183644.0,17.86,3.014,1.07,33.18,,,37.81,41.13
1997-07-30 00:00:00+00:00,504.1,504.06,0.0,15289.36,43.6,0.88,3.71,22541.5,1.07,132951.0,6183644.0,18.01,3.014,1.07,33.18,,,37.81,39.8
1997-07-31 00:00:00+00:00,539.1,539.12,0.0,16352.97,46.6,0.88,3.97,48378.7,1.07,132951.0,6183644.0,19.27,3.014,1.07,33.18,,,38.8,40.79
1997-08-01 00:00:00+00:00,545.7,545.7,0.0,16552.4,47.2,0.88,4.02,39073.8,1.07,132951.0,6183644.0,19.5,3.014,1.07,33.18,,,39.8,41.29
1997-08-04 00:00:00+00:00,528.2,528.17,0.0,16020.59,41.8,0.96,3.89,25092.4,1.07,132951.0,6183644.0,18.87,3.014,1.07,33.18,,,39.8,41.29
1997-08-05 00:00:00+00:00,532.5,532.55,0.0,16153.54,42.2,0.96,3.92,38307.9,1.07,132951.0,6183644.0,19.03,3.014,1.07,33.18,,,39.96,41.46
1997-08-06 00:00:00+00:00,508.4,508.44,0.0,15422.31,40.3,0.96,3.75,25222.0,1.07,132951.0,6183644.0,18.17,3.014,1.07,33.18,,,38.14,40.79
1997-08-07 00:00:00+00:00,504.1,504.06,0.0,15289.36,39.9,0.96,3.71,12820.6,1.07,132951.0,6183644.0,18.01,3.014,1.07,33.18,,,37.81,39.3
1997-08-08 00:00:00+00:00,512.8,512.82,0.0,15555.27,40.6,0.96,3.78,10254.6,1.07,132951.0,6183644.0,18.33,3.014,1.07,33.18,,,37.81,38.8
1997-08-11 00:00:00+00:00,490.9,490.91,0.0,14890.51,38.9,0.96,3.62,11626.6,1.07,132951.0,6183644.0,17.54,3.014,1.07,33.18,,,36.32,38.8
1997-08-12 00:00:00+00:00,469.0,468.99,0.0,14225.75,37.2,0.96,3.45,9983.3,1.07,132951.0,6183644.0,16.76,3.014,1.07,33.18,,,35.49,37.48
1997-08-13 00:00:00+00:00,455.8,455.84,0.0,13826.9,36.1,0.96,3.36,14626.7,1.07,132951.0,6183644.0,16.29,3.014,1.07,33.18,,,34.49,36.15
1997-08-14 00:00:00+00:00,464.6,464.61,0.0,14092.8,42.5,0.83,3.42,11361.2,1.08,132951.0,6183644.0,16.6,3.042,1.08,32.87,,,33.83,35.49
1997-08-15 00:00:00+00:00,464.6,464.61,0.0,14092.8,42.5,0.83,3.42,5746.9,1.08,132951.0,6183644.0,16.6,3.042,1.08,32.87,,,35.16,35.65
1997-08-18 00:00:00+00:00,464.6,464.61,0.0,14092.8,42.5,0.83,3.42,,1.08,132951.0,6183644.0,16.6,3.042,1.08,32.87,,,,
1997-08-19 00:00:00+00:00,453.7,453.65,0.0,13760.43,41.5,0.83,3.34,4634.3,1.08,132951.0,6183644.0,16.21,3.042,1.08,32.87,,,34.33,35.49
1997-08-20 00:00:00+00:00,484.3,484.33,0.0,14691.08,44.3,0.83,3.57,10637.6,1.08,132951.0,6183644.0,17.31,3.042,1.08,32.87,,,34.82,36.65
1997-08-21 00:00:00+00:00,490.9,490.91,0.0,14890.51,44.9,0.83,3.62,12965.3,1.08,132951.0,6183644.0,17.54,3.042,1.08,32.87,,,37.15,37.97
1997-08-22 00:00:00+00:00,480.0,479.95,0.0,14558.13,43.9,0.83,3.54,10453.6,1.08,132951.0,6183644.0,17.15,3.042,1.08,32.87,,,35.65,36.81
1997-08-25 00:00:00+00:00,504.1,504.06,0.0,15289.36,46.1,0.83,3.71,18133.3,1.08,132951.0,6183644.0,18.01,3.042,1.08,32.87,,,36.65,38.14
1997-08-26 00:00:00+00:00,482.1,482.14,0.0,14624.61,44.1,0.83,3.55,10966.2,1.08,132951.0,6183644.0,17.23,3.042,1.08,32.87,,,36.48,38.47
1997-08-27 00:00:00+00:00,469.0,468.99,0.0,14225.75,42.9,0.83,3.45,10321.0,1.08,132951.0,6183644.0,16.76,3.042,1.08,32.87,,,35.16,36.65
1997-08-28 00:00:00+00:00,449.3,449.27,0.0,13627.47,41.1,0.83,3.31,7978.2,1.08,132951.0,6183644.0,16.05,3.042,1.08,32.87,,,33.83,35.82
1997-08-29 00:00:00+00:00,449.3,449.27,0.0,13627.47,41.1,0.83,3.31,,1.08,132951.0,6183644.0,16.05,3.042,1.08,32.87,,,,
1997-09-01 00:00:00+00:00,409.8,409.82,0.0,12430.91,37.5,0.83,3.02,25722.6,1.08,132951.0,6183644.0,14.64,3.042,1.08,32.87,,,30.18,32.34
1997-09-02 00:00:00+00:00,394.5,394.48,0.0,11965.59,36.1,0.83,2.91,15666.9,1.08,132951.0,6183644.0,14.1,3.042,1.08,32.87,,,29.19,31.67
1997-09-03 00:00:00+00:00,412.0,412.01,0.0,12497.39,37.7,0.83,3.04,13924.1,1.08,132951.0,6183644.0,14.72,3.042,1.08,32.87,,,30.35,31.67
1997-09-04 00:00:00+00:00,383.5,383.52,0.0,11633.21,35.1,0.83,2.83,7320.9,1.08,132951.0,6183644.0,13.7,3.042,1.08,32.87,,,29.02,31.18
1997-09-05 00:00:00+00:00,372.6,372.56,0.0,11300.83,34.1,0.83,2.74,22469.2,1.08,132951.0,6183644.0,13.31,3.042,1.08,32.87,,,27.03,29.02
1997-09-08 00:00:00+00:00,352.8,352.84,0.0,10702.55,32.3,0.83,2.6,11180.3,1.08,132951.0,6183644.0,12.61,3.042,1.08,32.87,,,26.7,28.52
1997-09-09 00:00:00+00:00,339.7,339.69,0.0,10303.7,31.1,0.83,2.5,15449.8,1.08,132951.0,6183644.0,12.14,3.042,1.08,32.87,,,24.87,26.53
1997-09-10 00:00:00+00:00,355.0,355.03,0.0,10769.03,32.5,0.83,2.62,22806.9,1.08,132951.0,6183644.0,12.69,3.042,1.08,32.87,,,26.2,27.36
1997-09-11 00:00:00+00:00,355.0,355.03,0.0,10769.03,32.5,0.83,2.62,10161.2,1.08,132951.0,6183644.0,12.69,3.042,1.08,32.87,,,25.87,26.86
1997-09-12 00:00:00+00:00,363.8,363.8,0.0,11034.93,33.3,0.83,2.68,14961.4,1.08,132951.0,6183644.0,13.0,3.042,1.08,32.87,,,27.03,27.86
1997-09-15 00:00:00+00:00,372.6,372.56,0.0,11300.83,34.1,0.83,2.74,14313.1,1.08,132951.0,6183644.0,13.31,3.042,1.08,32.87,,,27.2,28.19
1997-09-16 00:00:00+00:00,372.6,372.56,0.0,11300.83,34.1,0.83,2.74,,1.08,132951.0,6183644.0,13.31,3.042,1.08,32.87,,,,
1997-09-17 00:00:00+00:00,370.4,370.37,0.0,11234.36,33.9,0.83,2.73,20572.6,1.08,132951.0,6183644.0,13.24,3.042,1.08,32.87,,,28.02,29.02
1997-09-18 00:00:00+00:00,370.4,370.37,0.0,11234.36,33.9,0.83,2.73,14213.6,1.083,132951.0,6183644.0,13.24,3.839,1.08,26.05,,,27.86,28.52
1997-09-19 00:00:00+00:00,366.0,365.99,0.0,11101.41,33.5,0.83,2.7,10589.3,1.083,132951.0,6183644.0,13.08,3.839,1.08,26.05,,,27.69,28.36
1997-09-22 00:00:00+00:00,359.4,359.42,0.0,10901.98,32.9,0.83,2.65,5481.6,1.083,132951.0,6183644.0,12.84,3.839,1.08,26.05,,,26.53,27.2
1997-09-23 00:00:00+00:00,348.5,348.46,0.0,10569.6,31.9,0.83,2.57,5961.0,1.083,132951.0,6183644.0,12.45,3.839,1.08,26.05,,,26.37,27.36
1997-09-24 00:00:00+00:00,350.6,350.65,0.0,10636.07,32.1,0.83,2.58,6220.3,1.083,132951.0,6183644.0,12.53,3.839,1.08,26.05,,,25.87,26.86
1997-09-25 00:00:00+00:00,341.9,341.88,0.0,10370.18,31.3,0.83,2.52,15709.1,1.083,132951.0,6183644.0,12.22,3.839,1.08,26.05,,,25.87,27.2
1997-09-26 00:00:00+00:00,350.6,350.65,0.0,10636.07,32.1,0.83,2.58,13396.5,1.083,132951.0,6183644.0,12.53,3.839,1.08,26.05,,,25.87,26.86
1997-09-29 00:00:00+00:00,350.6,350.65,0.0,10636.07,32.1,0.83,2.58,,1.083,132951.0,6183644.0,12.53,3.839,1.08,26.05,,,,
1997-09-30 00:00:00+00:00,372.6,372.56,0.0,11300.83,34.1,0.83,2.74,42502.0,1.083,132951.0,6183644.0,13.31,3.839,1.08,26.05,,,27.53,29.19
1997-10-01 00:00:00+00:00,396.7,396.67,0.0,12032.06,36.3,0.83,2.92,33833.4,1.083,132951.0,6183644.0,14.17,3.839,1.08,26.05,,,28.19,30.01
1997-10-02 00:00:00+00:00,390.1,390.1,0.0,11832.64,35.7,0.83,2.87,49617.9,1.083,132951.0,6183644.0,13.94,3.839,1.08,26.05,,,29.52,30.84
1997-10-03 00:00:00+00:00,409.8,409.82,0.0,12430.91,37.5,0.83,3.02,30779.0,1.083,132951.0,6183644.0,14.64,3.839,1.08,26.05,,,29.02,31.18
1997-10-06 00:00:00+00:00,390.1,390.1,0.0,11832.64,35.7,0.83,2.87,20672.1,1.083,132951.0,6183644.0,13.94,3.839,1.08,26.05,,,29.52,31.18
1997-10-07 00:00:00+00:00,387.9,387.91,0.0,11766.16,35.5,0.83,2.86,37231.5,1.083,132951.0,6183644.0,13.86,3.839,1.08,26.05,,,28.85,30.35
1997-10-08 00:00:00+00:00,392.3,392.29,0.0,11899.11,35.9,0.83,2.89,19487.1,1.083,132951.0,6183644.0,14.02,3.839,1.08,26.05,,,29.19,30.18
1997-10-09 00:00:00+00:00,403.2,403.25,0.0,12231.49,36.9,0.83,2.97,23500.4,1.083,132951.0,6183644.0,14.41,3.839,1.08,26.05,,,30.18,31.01
1997-10-10 00:00:00+00:00,403.2,403.25,0.0,12231.49,36.9,0.83,2.97,,1.083,132951.0,6183644.0,14.41,3.839,1.08,26.05,,,,
1997-10-13 00:00:00+00:00,414.2,414.2,0.0,12563.87,37.9,0.83,3.05,31683.6,1.083,132951.0,6183644.0,14.8,3.839,1.08,26.05,,,30.35,31.84
1997-10-14 00:00:00+00:00,409.8,409.82,0.0,12430.91,37.5,0.83,3.02,15691.0,1.083,132951.0,6183644.0,14.64,3.839,1.08,26.05,,,30.51,31.51
1997-10-15 00:00:00+00:00,401.1,401.06,0.0,12165.01,36.7,0.83,2.95,12690.9,1.083,132951.0,6183644.0,14.33,3.839,1.08,26.05,,,30.18,30.84
1997-10-16 00:00:00+00:00,374.8,374.76,0.0,11367.31,34.3,0.83,2.76,15808.6,1.102,132951.0,6183644.0,13.39,3.551,1.1,28.16,,,28.36,30.01
1997-10-17 00:00:00+00:00,350.6,350.65,0.0,10636.07,26.9,0.99,2.58,13945.2,1.102,132951.0,6183644.0,12.53,3.551,1.1,28.16,,,26.53,28.36
1997-10-20 00:00:00+00:00,304.6,304.63,0.0,9240.09,23.4,0.99,2.24,6057.5,1.102,132951.0,6183644.0,10.89,3.551,1.1,28.16,,,23.05,24.21
1997-10-21 00:00:00+00:00,322.2,322.16,0.0,9771.89,24.7,0.99,2.37,23838.1,1.102,132951.0,6183644.0,11.51,3.551,1.1,28.16,,,23.05,24.54
1997-10-22 00:00:00+00:00,300.2,300.24,0.0,9107.14,23.1,0.99,2.21,13336.2,1.102,132951.0,6183644.0,10.73,3.551,1.1,28.16,,,22.72,23.88
1997-10-23 00:00:00+00:00,284.9,284.9,0.0,8641.81,21.9,0.99,2.1,23174.7,1.102,132951.0,6183644.0,10.18,3.551,1.1,28.16,,,21.23,24.04
1997-10-24 00:00:00+00:00,276.1,276.14,0.0,8375.91,21.2,0.99,2.03,11765.3,1.102,132951.0,6183644.0,9.87,3.551,1.1,28.16,,,20.07,21.23
1997-10-27 00:00:00+00:00,284.9,284.9,0.0,8641.81,21.9,0.99,2.1,13351.2,1.102,132951.0,6183644.0,10.18,3.551,1.1,28.16,,,20.56,22.22
1997-10-28 00:00:00+00:00,265.2,265.18,0.0,8043.54,20.4,0.99,1.95,7727.9,1.102,132951.0,6183644.0,9.48,3.551,1.1,28.16,,,20.07,20.23
1997-10-29 00:00:00+00:00,247.6,247.65,0.0,7511.73,19.0,0.99,1.82,19668.1,1.102,132951.0,6183644.0,8.85,3.551,1.1,28.16,,,18.74,21.06
1997-10-30 00:00:00+00:00,254.2,254.22,0.0,7711.16,19.5,0.99,1.87,12289.9,1.102,132951.0,6183644.0,9.08,3.551,1.1,28.16,,,17.91,19.57
1997-10-31 00:00:00+00:00,254.2,254.22,0.0,7711.16,19.5,0.99,1.87,,1.102,132951.0,6183644.0,9.08,3.551,1.1,28.16,,,,
1997-11-03 00:00:00+00:00,269.6,269.56,0.0,8176.48,20.7,0.99,1.99,16607.6,1.102,132951.0,6183644.0,9.63,3.551,1.1,28.16,,,19.24,20.56
1997-11-04 00:00:00+00:00,280.5,280.52,0.0,8508.86,21.5,0.99,2.07,17711.2,1.102,132951.0,6183644.0,10.02,3.551,1.1,28.16,,,20.89,21.72
1997-11-05 00:00:00+00:00,298.1,298.05,0.0,9040.66,22.9,0.99,2.2,25876.3,1.102,132951.0,6183644.0,10.65,3.551,1.1,28.16,,,21.06,22.55
1997-11-06 00:00:00+00:00,317.8,317.78,0.0,9638.94,24.4,0.99,2.34,22517.4,1.102,132951.0,6183644.0,11.36,3.551,1.1,28.16,,,22.72,24.04
1997-11-07 00:00:00+00:00,304.6,304.63,0.0,9240.09,23.4,0.99,2.24,22882.3,1.102,132951.0,6183644.0,10.89,3.551,1.1,28.16,,,22.39,24.38
1997-11-10 00:00:00+00:00,298.1,298.05,0.0,9040.66,22.9,0.99,2.2,10447.6,1.102,132951.0,6183644.0,10.65,3.551,1.1,28.16,,,20.89,22.88
1997-11-11 00:00:00+00:00,291.5,291.48,0.0,8841.24,22.4,0.99,2.15,6841.5,1.102,132951.0,6183644.0,10.42,3.551,1.1,28.16,,,21.56,22.55
1997-11-12 00:00:00+00:00,291.5,291.48,0.0,8841.24,22.4,0.99,2.15,,1.102,132951.0,6183644.0,10.42,3.551,1.1,28.16,,,,
1997-11-13 00:00:00+00:00,284.9,284.9,0.0,8641.81,21.9,0.99,2.1,5168.0,1.102,132951.0,6183644.0,10.18,3.551,1.1,28.16,,,21.06,21.56
1997-11-14 00:00:00+00:00,282.7,282.71,0.0,8575.34,21.7,0.99,2.08,6660.5,1.102,132951.0,6183644.0,10.1,3.551,1.1,28.16,,,21.23,22.55
1997-11-17 00:00:00+00:00,289.3,289.29,0.0,8774.76,22.2,0.99,2.13,10459.7,1.102,132951.0,6183644.0,10.34,3.551,1.1,28.16,,,20.56,21.89
1997-11-18 00:00:00+00:00,293.7,293.67,0.0,8907.71,22.6,0.99,2.16,14421.6,1.102,132951.0,6183644.0,10.49,3.551,1.1,28.16,,,21.89,23.05
1997-11-19 00:00:00+00:00,298.1,298.05,0.0,9040.66,22.9,0.99,2.2,7631.4,1.102,132951.0,6183644.0,10.65,3.551,1.1,28.16,,,21.56,22.88
1997-11-20 00:00:00+00:00,300.2,300.24,0.0,9107.14,23.1,0.99,2.21,11282.8,1.121,132951.0,6183644.0,10.73,5.042,1.12,19.83,,,22.22,23.22
1997-11-21 00:00:00+00:00,320.0,319.97,0.0,9705.42,24.6,0.99,2.36,24006.9,1.121,132951.0,6183644.0,11.43,5.042,1.12,19.83,,,22.55,24.21
1997-11-24 00:00:00+00:00,298.1,298.05,0.0,9040.66,22.9,0.99,2.2,9497.8,1.121,132951.0,6183644.0,10.65,5.042,1.12,19.83,,,22.55,23.55
1997-11-25 00:00:00+00:00,295.9,295.86,0.0,8974.19,22.7,0.99,2.18,5903.7,1.121,132951.0,6183644.0,10.57,5.042,1.12,19.83,,,22.06,22.72
1997-11-26 00:00:00+00:00,289.3,289.29,0.0,8774.76,22.2,0.99,2.13,4788.1,1.121,132951.0,6183644.0,10.34,5.042,1.12,19.83,,,21.89,22.72
1997-11-27 00:00:00+00:00,293.7,293.67,0.0,8907.71,22.6,0.99,2.16,3654.4,1.121,132951.0,6183644.0,10.49,5.042,1.12,19.83,,,21.72,22.22
1997-11-28 00:00:00+00:00,295.9,295.86,0.0,8974.19,22.7,0.99,2.18,9081.7,1.121,132951.0,6183644.0,10.57,5.042,1.12,19.83,,,22.22,22.88
1997-12-01 00:00:00+00:00,276.1,276.14,0.0,8375.91,21.2,0.99,2.03,6627.4,1.121,132951.0,6183644.0,9.87,5.042,1.12,19.83,,,20.89,21.56
1997-12-02 00:00:00+00:00,293.7,293.67,0.0,8907.71,22.6,0.99,2.16,11014.5,1.121,132951.0,6183644.0,10.49,5.042,1.12,19.83,,,21.06,22.22
1997-12-03 00:00:00+00:00,295.9,295.86,0.0,8974.19,22.7,0.99,2.18,11448.7,1.121,132951.0,6183644.0,10.57,5.042,1.12,19.83,,,21.89,22.72
1997-12-04 00:00:00+00:00,309.0,309.01,0.0,9373.04,23.7,0.99,2.28,19426.8,1.121,132951.0,6183644.0,11.04,5.042,1.12,19.83,,,22.55,23.55
1997-12-05 00:00:00+00:00,311.2,311.2,0.0,9439.52,23.9,0.99,2.29,15045.8,1.121,132951.0,6183644.0,11.12,5.042,1.12,19.83,,,23.38,24.21
1997-12-08 00:00:00+00:00,337.5,337.5,0.0,10237.22,25.9,0.99,2.49,26253.2,1.121,132951.0,6183644.0,12.06,5.042,1.12,19.83,,,24.38,25.54
1997-12-09 00:00:00+00:00,324.4,324.35,0.0,9838.37,24.9,0.99,2.39,21199.8,1.121,132951.0,6183644.0,11.59,5.042,1.12,19.83,,,24.54,26.2
1997-12-10 00:00:00+00:00,346.3,346.27,0.0,10503.13,26.6,0.99,2.55,23669.2,1.121,132951.0,6183644.0,12.37,5.042,1.12,19.83,,,24.54,26.2
1997-12-11 00:00:00+00:00,335.3,335.31,0.0,10170.75,25.8,0.99,2.47,16761.4,1.121,132951.0,6183644.0,11.98,5.042,1.12,19.83,,,24.71,26.03
1997-12-12 00:00:00+00:00,357.2,357.22,0.0,10835.5,27.4,0.99,2.63,39061.7,1.121,132951.0,6183644.0,12.77,5.042,1.12,19.83,,,24.71,27.03
1997-12-15 00:00:00+00:00,328.7,328.73,0.0,9971.32,25.3,0.99,2.42,11379.3,1.121,132951.0,6183644.0,11.75,5.042,1.12,19.83,,,24.87,26.2
1997-12-16 00:00:00+00:00,324.4,324.35,0.0,9838.37,24.9,0.99,2.39,8511.9,1.121,132951.0,6183644.0,11.59,5.042,1.12,19.83,,,24.38,25.54
1997-12-17 00:00:00+00:00,333.1,333.12,0.0,10104.27,25.6,0.99,2.45,7625.4,1.121,132951.0,6183644.0,11.9,5.042,1.12,19.83,,,24.54,25.21
1997-12-18 00:00:00+00:00,324.4,324.35,0.0,9838.37,24.9,0.99,2.39,5942.9,1.11,132951.0,6183644.0,11.59,4.521,1.11,22.12,,,24.21,25.21
1997-12-19 00:00:00+00:00,302.4,302.44,0.0,9173.61,23.2,0.99,2.23,13927.1,1.11,132951.0,6183644.0,10.81,4.521,1.11,22.12,,,22.88,23.88
1997-12-22 00:00:00+00:00,284.9,284.9,0.0,8641.81,21.9,0.99,2.1,8683.7,1.11,132951.0,6183644.0,10.18,4.521,1.11,22.12,,,21.56,22.55
1997-12-23 00:00:00+00:00,293.7,293.67,0.0,8907.71,22.6,0.99,2.16,10791.4,1.11,132951.0,6183644.0,10.49,4.521,1.11,22.12,,,21.89,22.55
1997-12-24 00:00:00+00:00,304.6,304.63,0.0,9240.09,23.4,0.99,2.24,11080.8,1.11,132951.0,6183644.0,10.89,4.521,1.11,22.12,,,21.56,23.55
1997-12-25 00:00:00+00:00,304.6,304.63,0.0,9240.09,23.4,0.99,2.24,,1.11,132951.0,6183644.0,10.89,4.521,1.11,22.12,,,,
1997-12-26 00:00:00+00:00,298.1,298.05,0.0,9040.66,22.9,0.99,2.2,8955.1,1.11,132951.0,6183644.0,10.65,4.521,1.11,22.12,,,22.55,23.55
1997-12-29 00:00:00+00:00,293.7,293.67,0.0,8907.71,22.6,0.99,2.16,3971.0,1.11,132951.0,6183644.0,10.49,4.521,1.11,22.12,,,21.89,22.39
1997-12-30 00:00:00+00:00,295.9,295.86,0.0,8974.19,22.7,0.99,2.18,4673.5,1.11,132951.0,6183644.0,10.57,4.521,1.11,22.12,,,22.39,22.72
1997-12-31 00:00:00+00:00,313.4,313.39,0.0,9505.99,24.1,0.99,2.31,14653.8,1.11,132951.0,6183644.0,11.2,4.521,1.11,22.12,,,22.72,23.71
1998-01-01 00:00:00+00:00,313.4,313.39,0.0,9505.99,24.1,0.99,2.0,,1.11,132951.0,8046970.0,35.47,4.521,1.11,22.12,,,,
1998-01-02 00:00:00+00:00,313.4,313.39,0.0,9505.99,24.1,0.99,2.0,,1.11,132951.0,8046970.0,35.47,4.521,1.11,22.12,,,,
1998-01-05 00:00:00+00:00,300.2,300.24,0.0,9107.14,23.1,0.99,1.91,3714.7,1.11,132951.0,8046970.0,33.98,4.521,1.11,22.12,,,22.39,23.38
1998-01-06 00:00:00+00:00,295.9,295.86,0.0,8974.19,22.7,0.99,1.89,4661.5,1.11,132951.0,8046970.0,33.49,4.521,1.11,22.12,,,22.22,22.88
1998-01-07 00:00:00+00:00,295.9,295.86,0.0,8974.19,22.7,0.99,1.89,3437.3,1.11,132951.0,8046970.0,33.49,4.521,1.11,22.12,,,22.22,22.72
1998-01-08 00:00:00+00:00,298.1,298.05,0.0,9040.66,22.9,0.99,1.9,3958.9,1.11,132951.0,8046970.0,33.74,4.521,1.11,22.12,,,22.22,22.72
1998-01-09 00:00:00+00:00,302.4,302.44,0.0,9173.61,23.2,0.99,1.93,6413.3,1.11,132951.0,8046970.0,34.23,4.521,1.11,22.12,,,22.22,23.05
1998-01-12 00:00:00+00:00,287.1,287.09,0.0,8708.29,22.1,0.99,1.83,5581.1,1.11,132951.0,8046970.0,32.5,4.521,1.11,22.12,,,21.56,22.22
1998-01-13 00:00:00+00:00,293.7,293.67,0.0,8907.71,22.6,0.99,1.87,2991.1,1.11,132951.0,8046970.0,33.24,4.521,1.11,22.12,,,21.72,22.22
1998-01-14 00:00:00+00:00,309.0,309.01,0.0,9373.04,23.7,0.99,1.97,8237.5,1.11,132951.0,8046970.0,34.98,4.521,1.11,22.12,,,22.55,23.55
1998-01-15 00:00:00+00:00,298.1,298.05,0.0,9040.66,22.9,0.99,1.9,9365.2,1.243,132951.0,8046970.0,33.74,5.593,1.24,17.88,,,22.55,23.71
1998-01-16 00:00:00+00:00,317.8,317.78,0.0,9638.94,24.4,0.99,2.03,33067.6,1.243,132951.0,8046970.0,35.97,5.593,1.24,17.88,,,22.55,24.04
1998-01-19 00:00:00+00:00,322.2,322.16,0.0,9771.89,24.7,0.99,2.05,9944.1,1.243,132951.0,8046970.0,36.47,5.593,1.24,17.88,,,24.38,25.37
1998-01-20 00:00:00+00:00,339.7,339.69,0.0,10303.7,26.1,0.99,2.17,14599.5,1.243,132951.0,8046970.0,38.45,5.593,1.24,17.88,,,24.54,25.87
1998-01-21 00:00:00+00:00,337.5,337.5,0.0,10237.22,25.9,0.99,2.15,25647.2,1.243,132951.0,8046970.0,38.2,5.593,1.24,17.88,,,25.21,26.53
1998-01-22 00:00:00+00:00,359.4,359.42,0.0,10901.98,27.6,0.99,2.29,27405.0,1.243,132951.0,8046970.0,40.68,5.593,1.24,17.88,,,25.21,27.2
1998-01-23 00:00:00+00:00,359.4,359.42,0.0,10901.98,27.6,0.99,2.29,,1.243,132951.0,8046970.0,40.68,5.593,1.24,17.88,,,,
1998-01-26 00:00:00+00:00,359.4,359.42,0.0,10901.98,27.6,0.99,2.29,,1.243,132951.0,8046970.0,40.68,5.593,1.24,17.88,,,,
1998-01-27 00:00:00+00:00,359.4,359.42,0.0,10901.98,27.6,0.99,2.29,,1.243,132951.0,8046970.0,40.68,5.593,1.24,17.88,,,,
1998-01-28 00:00:00+00:00,359.4,359.42,0.0,10901.98,27.6,0.99,2.29,,1.243,132951.0,8046970.0,40.68,5.593,1.24,17.88,,,,
1998-01-29 00:00:00+00:00,359.4,359.42,0.0,10901.98,27.6,0.99,2.29,,1.243,132951.0,8046970.0,40.68,5.593,1.24,17.88,,,,
1998-01-30 00:00:00+00:00,359.4,359.42,0.0,10901.98,27.6,0.99,2.29,,1.243,132951.0,8046970.0,40.68,5.593,1.24,17.88,,,,
1998-02-02 00:00:00+00:00,383.5,383.52,0.0,11633.21,29.5,0.99,2.45,15247.8,1.243,132951.0,8046970.0,43.41,5.593,1.24,17.88,,,27.86,29.02
1998-02-03 00:00:00+00:00,398.9,398.86,0.0,12098.54,30.6,0.99,2.54,25336.6,1.243,132951.0,8046970.0,45.15,5.593,1.24,17.88,,,29.19,30.84
1998-02-04 00:00:00+00:00,396.7,396.67,0.0,12032.06,30.5,0.99,2.53,16502.1,1.243,132951.0,8046970.0,44.9,5.593,1.24,17.88,,,29.52,30.51
1998-02-05 00:00:00+00:00,423.0,422.97,0.0,12829.77,32.5,0.99,2.7,25674.3,1.243,132951.0,8046970.0,47.88,5.593,1.24,17.88,,,30.35,32.0
1998-02-06 00:00:00+00:00,401.1,401.06,0.0,12165.01,30.8,0.99,2.56,24634.1,1.243,132951.0,8046970.0,45.4,5.593,1.24,17.88,,,29.85,32.34
1998-02-09 00:00:00+00:00,394.5,394.48,0.0,11965.59,30.3,0.99,2.52,12106.0,1.243,132951.0,8046970.0,44.65,5.593,1.24,17.88,,,29.85,31.51
1998-02-10 00:00:00+00:00,407.6,407.63,0.0,12364.44,31.3,0.99,2.6,17418.7,1.243,132951.0,8046970.0,46.14,5.593,1.24,17.88,,,29.68,30.84
1998-02-11 00:00:00+00:00,436.1,436.12,0.0,13228.62,33.5,0.99,2.78,25840.1,1.243,132951.0,8046970.0,49.36,5.593,1.24,17.88,,,31.51,33.0
1998-02-12 00:00:00+00:00,442.7,442.69,0.0,13428.05,34.0,0.99,2.82,40291.9,1.243,132951.0,8046970.0,50.11,5.593,1.24,17.88,,,33.33,34.66
1998-02-13 00:00:00+00:00,416.4,416.4,0.0,12630.34,32.0,0.99,2.65,32868.6,1.243,132951.0,8046970.0,47.13,5.593,1.24,17.88,,,31.51,33.83
1998-02-16 00:00:00+00:00,427.4,427.35,0.0,12962.72,32.8,0.99,2.72,11864.8,1.243,132951.0,8046970.0,48.37,5.593,1.24,17.88,,,30.84,32.34
1998-02-17 00:00:00+00:00,423.0,422.97,0.0,12829.77,32.5,0.99,2.7,32410.2,1.243,132951.0,8046970.0,47.88,5.593,1.24,17.88,,,31.84,33.83
1998-02-18 00:00:00+00:00,414.2,414.2,0.0,12563.87,31.8,0.99,2.64,56106.6,1.243,132951.0,8046970.0,46.88,5.593,1.24,17.88,,,30.35,31.51
1998-02-19 00:00:00+00:00,414.2,414.2,0.0,12563.87,31.8,0.99,2.64,25915.5,1.287,132951.0,8046970.0,46.88,4.02,1.29,24.88,,,31.18,32.17
1998-02-20 00:00:00+00:00,436.1,436.12,0.0,13228.62,33.5,0.99,2.78,31749.9,1.287,132951.0,8046970.0,49.36,4.02,1.29,24.88,,,30.84,33.0
1998-02-23 00:00:00+00:00,418.6,418.59,0.0,12696.82,32.2,0.99,2.67,17578.5,1.287,132951.0,8046970.0,47.38,4.02,1.29,24.88,,,31.51,32.5
1998-02-24 00:00:00+00:00,418.6,418.59,0.0,12696.82,32.2,0.99,2.67,34792.2,1.287,132951.0,8046970.0,47.38,4.02,1.29,24.88,,,31.51,33.33
1998-02-25 00:00:00+00:00,414.2,414.2,0.0,12563.87,31.8,0.99,2.64,13972.4,1.287,132951.0,8046970.0,46.88,4.02,1.29,24.88,,,31.01,32.17
1998-02-26 00:00:00+00:00,429.5,429.55,0.0,13029.2,33.0,0.99,2.74,18115.2,1.287,132951.0,8046970.0,48.62,4.02,1.29,24.88,,,31.51,32.83
1998-02-27 00:00:00+00:00,416.4,416.4,0.0,12630.34,32.0,0.99,2.65,20816.8,1.287,132951.0,8046970.0,47.13,4.02,1.29,24.88,,,31.51,33.5
1998-03-02 00:00:00+00:00,423.0,422.97,0.0,12829.77,32.5,0.99,2.7,10290.8,1.287,132951.0,8046970.0,47.88,4.02,1.29,24.88,,,31.34,32.34
1998-03-03 00:00:00+00:00,398.9,398.86,0.0,12098.54,30.6,0.99,2.54,21995.8,1.287,132951.0,8046970.0,45.15,4.02,1.29,24.88,,,29.85,31.18
1998-03-04 00:00:00+00:00,374.8,374.76,0.0,11367.31,28.8,0.99,2.39,16701.1,1.287,132951.0,8046970.0,42.42,4.02,1.29,24.88,,,28.19,30.18
1998-03-05 00:00:00+00:00,352.8,352.84,0.0,10702.55,27.1,0.99,2.25,18917.3,1.287,132951.0,8046970.0,39.94,4.02,1.29,24.88,,,26.7,28.36
1998-03-06 00:00:00+00:00,368.2,368.18,0.0,11167.88,28.3,0.99,2.35,19647.0,1.287,132951.0,8046970.0,41.67,4.02,1.29,24.88,,,25.37,27.86
1998-03-09 00:00:00+00:00,366.0,365.99,0.0,11101.41,28.1,0.99,2.33,7441.5,1.287,132951.0,8046970.0,41.43,4.02,1.29,24.88,,,27.36,28.19
1998-03-10 00:00:00+00:00,372.6,372.56,0.0,11300.83,28.6,0.99,2.38,10450.6,1.287,132951.0,8046970.0,42.17,4.02,1.29,24.88,,,27.86,29.19
1998-03-11 00:00:00+00:00,379.1,379.14,0.0,11500.26,29.1,0.99,2.42,8921.9,1.287,132951.0,8046970.0,42.92,4.02,1.29,24.88,,,28.36,29.02
1998-03-12 00:00:00+00:00,379.1,379.14,0.0,11500.26,29.1,0.99,2.42,8478.7,1.287,132951.0,8046970.0,42.92,4.02,1.29,24.88,,,28.19,29.19
1998-03-13 00:00:00+00:00,376.9,376.95,0.0,11433.78,29.0,0.99,2.4,4610.2,1.287,132951.0,8046970.0,42.67,4.02,1.29,24.88,,,27.86,28.85
1998-03-16 00:00:00+00:00,381.3,381.33,0.0,11566.73,29.3,0.99,2.43,5186.1,1.287,132951.0,8046970.0,43.16,4.02,1.29,24.88,,,28.19,28.85
1998-03-17 00:00:00+00:00,387.9,387.91,0.0,11766.16,29.8,0.99,2.47,20141.4,1.287,132951.0,8046970.0,43.91,4.02,1.29,24.88,,,28.85,29.85
1998-03-18 00:00:00+00:00,374.8,374.76,0.0,11367.31,28.8,0.99,2.39,7945.0,1.287,132951.0,8046970.0,42.42,4.02,1.29,24.88,,,28.19,29.02
1998-03-19 00:00:00+00:00,368.2,368.18,0.0,11167.88,28.3,0.99,2.35,6132.9,1.325,132951.0,8046970.0,41.67,4.513,1.32,22.16,,,27.53,28.69
1998-03-20 00:00:00+00:00,370.4,370.37,0.0,11234.36,37.8,0.74,2.36,5460.5,1.325,132951.0,8046970.0,41.92,4.513,1.32,22.16,,,27.86,28.52
1998-03-23 00:00:00+00:00,355.0,355.03,0.0,10769.03,36.2,0.74,2.26,3087.6,1.325,132951.0,8046970.0,40.19,4.513,1.32,22.16,,,26.53,27.53
1998-03-24 00:00:00+00:00,363.8,363.8,0.0,11034.93,37.1,0.74,2.32,4673.5,1.325,132951.0,8046970.0,41.18,4.513,1.32,22.16,,,26.86,27.53
1998-03-25 00:00:00+00:00,387.9,387.91,0.0,11766.16,39.6,0.74,2.47,27477.4,1.325,132951.0,8046970.0,43.91,4.513,1.32,22.16,,,28.02,29.35
1998-03-26 00:00:00+00:00,385.7,385.71,0.0,11699.68,39.3,0.74,2.46,29102.6,1.325,132951.0,8046970.0,43.66,4.513,1.32,22.16,,,29.02,30.18
1998-03-27 00:00:00+00:00,394.5,394.48,0.0,11965.59,40.2,0.74,2.52,30375.0,1.325,132951.0,8046970.0,44.65,4.513,1.32,22.16,,,28.19,29.85
1998-03-30 00:00:00+00:00,385.7,385.71,0.0,11699.68,39.3,0.74,2.46,8997.3,1.325,132951.0,8046970.0,43.66,4.513,1.32,22.16,,,29.19,30.18
1998-03-31 00:00:00+00:00,390.1,390.1,0.0,11832.64,39.8,0.74,2.49,4929.8,1.325,132951.0,8046970.0,44.16,4.513,1.32,22.16,,,28.85,29.68
1998-04-01 00:00:00+00:00,385.7,385.71,0.0,11699.68,39.3,0.74,2.46,6374.1,1.325,132951.0,8046970.0,43.66,4.513,1.32,22.16,,,29.02,30.18
1998-04-02 00:00:00+00:00,387.9,387.91,0.0,11766.16,39.6,0.74,2.47,3467.5,1.325,132951.0,8046970.0,43.91,4.513,1.32,22.16,,,28.85,29.35
1998-04-03 00:00:00+00:00,405.4,405.44,0.0,12297.96,41.4,0.74,2.59,12256.7,1.325,132951.0,8046970.0,45.89,4.513,1.32,22.16,,,28.85,31.18
1998-04-06 00:00:00+00:00,405.4,405.44,0.0,12297.96,41.4,0.74,2.59,,1.325,132951.0,8046970.0,45.89,4.513,1.32,22.16,,,,
1998-04-07 00:00:00+00:00,403.2,403.25,0.0,12231.49,41.1,0.74,2.57,6663.6,1.325,132951.0,8046970.0,45.64,4.513,1.32,22.16,,,30.35,31.18
1998-04-08 00:00:00+00:00,401.1,401.06,0.0,12165.01,40.9,0.74,2.56,3651.4,1.325,132951.0,8046970.0,45.4,4.513,1.32,22.16,,,29.35,30.51
1998-04-09 00:00:00+00:00,392.3,392.29,0.0,11899.11,40.0,0.74,2.5,11421.5,1.325,132951.0,8046970.0,44.4,4.513,1.32,22.16,,,29.52,30.84
1998-04-10 00:00:00+00:00,401.1,401.06,0.0,12165.01,40.9,0.74,2.56,14629.7,1.325,132951.0,8046970.0,45.4,4.513,1.32,22.16,,,29.85,30.84
1998-04-13 00:00:00+00:00,374.8,374.76,0.0,11367.31,38.2,0.74,2.39,14150.3,1.325,132951.0,8046970.0,42.42,4.513,1.32,22.16,,,28.36,30.35
1998-04-14 00:00:00+00:00,368.2,368.18,0.0,11167.88,37.6,0.74,2.35,9033.5,1.325,132951.0,8046970.0,41.67,4.513,1.32,22.16,,,27.53,28.52
1998-04-15 00:00:00+00:00,376.9,376.95,0.0,11433.78,38.4,0.74,2.4,7001.3,1.325,132951.0,8046970.0,42.67,4.513,1.32,22.16,,,27.86,28.69
1998-04-16 00:00:00+00:00,372.6,372.56,0.0,11300.83,38.0,0.74,2.38,9033.5,1.367,132951.0,8046970.0,42.17,4.904,1.37,20.39,,,28.19,29.19
1998-04-17 00:00:00+00:00,361.6,361.61,0.0,10968.45,36.9,0.74,2.31,7010.3,1.367,132951.0,8046970.0,40.93,4.904,1.37,20.39,,,26.7,28.02
1998-04-20 00:00:00+00:00,348.5,348.46,0.0,10569.6,35.5,0.74,2.22,5825.3,1.367,132951.0,8046970.0,39.44,4.904,1.37,20.39,,,26.37,28.36
1998-04-21 00:00:00+00:00,355.0,355.03,0.0,10769.03,36.2,0.74,2.26,7456.6,1.367,132951.0,8046970.0,40.19,4.904,1.37,20.39,,,26.03,27.36
1998-04-22 00:00:00+00:00,368.2,368.18,0.0,11167.88,37.6,0.74,2.35,9859.7,1.367,132951.0,8046970.0,41.67,4.904,1.37,20.39,,,27.2,28.19
1998-04-23 00:00:00+00:00,370.4,370.37,0.0,11234.36,37.8,0.74,2.36,11762.2,1.367,132951.0,8046970.0,41.92,4.904,1.37,20.39,,,27.2,28.19
1998-04-24 00:00:00+00:00,352.8,352.84,0.0,10702.55,36.0,0.74,2.25,34303.8,1.367,132951.0,8046970.0,39.94,4.904,1.37,20.39,,,26.53,27.53
1998-04-27 00:00:00+00:00,330.9,330.93,0.0,10037.8,33.8,0.74,2.11,19698.2,1.367,132951.0,8046970.0,37.46,4.904,1.37,20.39,,,24.87,26.7
1998-04-28 00:00:00+00:00,333.1,333.12,0.0,10104.27,34.0,0.74,2.12,16215.7,1.367,132951.0,8046970.0,37.71,4.904,1.37,20.39,,,23.88,25.21
1998-04-29 00:00:00+00:00,315.6,315.58,0.0,9572.47,32.2,0.74,2.01,20626.9,1.367,132951.0,8046970.0,35.72,4.904,1.37,20.39,,,23.71,24.54
1998-04-30 00:00:00+00:00,306.8,306.82,0.0,9306.57,31.3,0.74,1.96,34008.3,1.367,132951.0,8046970.0,34.73,4.904,1.37,20.39,,,22.88,23.88
1998-05-01 00:00:00+00:00,306.8,306.82,0.0,9306.57,31.3,0.74,1.96,,1.367,132951.0,8046970.0,34.73,4.904,1.37,20.39,,,,
1998-05-04 00:00:00+00:00,315.6,315.58,0.0,9572.47,32.2,0.74,2.01,10782.3,1.367,132951.0,8046970.0,35.72,4.904,1.37,20.39,,,22.88,23.88
1998-05-05 00:00:00+00:00,320.0,319.97,0.0,9705.42,32.6,0.74,2.04,21682.2,1.367,132951.0,8046970.0,36.22,4.904,1.37,20.39,,,23.88,24.71
1998-05-06 00:00:00+00:00,317.8,317.78,0.0,9638.94,32.4,0.74,2.03,12965.3,1.367,132951.0,8046970.0,35.97,4.904,1.37,20.39,,,23.38,24.04
1998-05-07 00:00:00+00:00,317.8,317.78,0.0,9638.94,32.4,0.74,2.03,14964.4,1.367,132951.0,8046970.0,35.97,4.904,1.37,20.39,,,23.88,24.54
1998-05-08 00:00:00+00:00,315.6,315.58,0.0,9572.47,32.2,0.74,2.01,8077.7,1.367,132951.0,8046970.0,35.72,4.904,1.37,20.39,,,23.55,24.21
1998-05-11 00:00:00+00:00,328.7,328.73,0.0,9971.32,40.2,0.62,2.1,13692.0,1.367,132951.0,8046970.0,37.21,4.904,1.37,20.39,,,23.88,25.21
1998-05-12 00:00:00+00:00,320.0,319.97,0.0,9705.42,39.1,0.62,2.04,7474.6,1.367,132951.0,8046970.0,36.22,4.904,1.37,20.39,,,24.21,24.87
1998-05-13 00:00:00+00:00,322.2,322.16,0.0,9771.89,39.4,0.62,2.05,10257.7,1.367,132951.0,8046970.0,36.47,4.904,1.37,20.39,,,24.21,24.87
1998-05-14 00:00:00+00:00,324.4,324.35,0.0,9838.37,39.6,0.62,2.07,4227.3,1.408,132951.0,8046970.0,36.71,5.815,1.41,17.2,,,24.38,24.87
1998-05-15 00:00:00+00:00,337.5,337.5,0.0,10237.22,41.2,0.62,2.15,28264.4,1.408,132951.0,8046970.0,38.2,5.815,1.41,17.2,,,24.38,26.2
1998-05-18 00:00:00+00:00,363.8,363.8,0.0,11034.93,44.5,0.62,2.32,31734.8,1.408,132951.0,8046970.0,41.18,5.815,1.41,17.2,,,26.2,27.69
1998-05-19 00:00:00+00:00,357.2,357.22,0.0,10835.5,43.6,0.62,2.28,16909.2,1.408,132951.0,8046970.0,40.43,5.815,1.41,17.2,,,26.86,27.36
1998-05-20 00:00:00+00:00,366.0,365.99,0.0,11101.41,44.7,0.62,2.33,20180.6,1.408,132951.0,8046970.0,41.43,5.815,1.41,17.2,,,27.2,27.86
1998-05-21 00:00:00+00:00,370.4,370.37,0.0,11234.36,45.3,0.62,2.36,19282.1,1.408,132951.0,8046970.0,41.92,5.815,1.41,17.2,,,27.36,28.19
1998-05-22 00:00:00+00:00,383.5,383.52,0.0,11633.21,37.3,0.78,2.45,22466.2,1.408,132951.0,8046970.0,43.41,5.815,1.41,17.2,,,27.69,29.19
1998-05-25 00:00:00+00:00,372.6,372.56,0.0,11300.83,36.2,0.78,2.38,18024.8,1.408,132951.0,8046970.0,42.17,5.815,1.41,17.2,,,28.19,29.02
1998-05-26 00:00:00+00:00,357.2,357.22,0.0,10835.5,34.7,0.78,2.28,39903.0,1.408,132951.0,8046970.0,40.43,5.815,1.41,17.2,,,26.7,28.52
1998-05-27 00:00:00+00:00,344.1,344.07,0.0,10436.65,33.4,0.78,2.19,23446.1,1.408,132951.0,8046970.0,38.95,5.815,1.41,17.2,,,25.37,26.86
1998-05-28 00:00:00+00:00,355.0,355.03,0.0,10769.03,34.5,0.78,2.26,12923.1,1.408,132951.0,8046970.0,40.19,5.815,1.41,17.2,,,26.2,26.86
1998-05-29 00:00:00+00:00,330.9,330.93,0.0,10037.8,32.2,0.78,2.11,16478.0,1.408,132951.0,8046970.0,37.46,5.815,1.41,17.2,,,25.04,27.2
1998-06-01 00:00:00+00:00,309.0,309.01,0.0,9373.04,30.0,0.78,1.97,13269.8,1.408,132951.0,8046970.0,34.98,5.815,1.41,17.2,,,23.38,24.21
1998-06-02 00:00:00+00:00,317.8,317.78,0.0,9638.94,30.9,0.78,2.03,18655.0,1.408,132951.0,8046970.0,35.97,5.815,1.41,17.2,,,22.88,24.04
1998-06-03 00:00:00+00:00,315.6,315.58,0.0,9572.47,30.7,0.78,2.01,11819.5,1.408,132951.0,8046970.0,35.72,5.815,1.41,17.2,,,23.55,24.04
1998-06-04 00:00:00+00:00,293.7,293.67,0.0,8907.71,28.5,0.78,1.87,15335.2,1.408,132951.0,8046970.0,33.24,5.815,1.41,17.2,,,22.22,23.71
1998-06-05 00:00:00+00:00,313.4,313.39,0.0,9505.99,30.5,0.78,2.0,17711.2,1.408,132951.0,8046970.0,35.47,5.815,1.41,17.2,,,22.55,23.71
1998-06-08 00:00:00+00:00,326.5,326.54,0.0,9904.84,31.7,0.78,2.08,19846.0,1.408,132951.0,8046970.0,36.96,5.815,1.41,17.2,,,24.38,25.54
1998-06-09 00:00:00+00:00,326.5,326.54,0.0,9904.84,31.7,0.78,2.08,21872.2,1.408,132951.0,8046970.0,36.96,5.815,1.41,17.2,,,24.21,25.37
1998-06-10 00:00:00+00:00,304.6,304.63,0.0,9240.09,29.6,0.78,1.94,20011.8,1.408,132951.0,8046970.0,34.48,5.815,1.41,17.2,,,23.05,24.87
1998-06-11 00:00:00+00:00,287.1,287.09,0.0,8708.29,27.9,0.78,1.83,29660.4,1.408,132951.0,8046970.0,32.5,5.815,1.41,17.2,,,21.56,22.22
1998-06-12 00:00:00+00:00,284.9,284.9,0.0,8641.81,27.7,0.78,1.82,17813.7,1.408,132951.0,8046970.0,32.25,5.815,1.41,17.2,,,20.89,21.72
1998-06-15 00:00:00+00:00,300.2,300.24,0.0,9107.14,29.2,0.78,1.91,10058.7,1.408,132951.0,8046970.0,33.98,5.815,1.41,17.2,,,21.39,22.88
1998-06-16 00:00:00+00:00,311.2,311.2,0.0,9439.52,30.2,0.78,1.98,18073.0,1.408,132951.0,8046970.0,35.23,5.815,1.41,17.2,,,21.89,24.04
1998-06-17 00:00:00+00:00,306.8,306.82,0.0,9306.57,29.8,0.78,1.96,14524.2,1.408,132951.0,8046970.0,34.73,5.815,1.41,17.2,,,22.55,24.21
1998-06-18 00:00:00+00:00,326.5,326.54,0.0,9904.84,31.7,0.78,2.08,19077.1,1.325,132951.0,8046970.0,36.96,5.626,1.32,17.77,,,23.55,24.71
1998-06-19 00:00:00+00:00,326.5,326.54,0.0,9904.84,31.7,0.78,2.08,16686.0,1.325,132951.0,8046970.0,36.96,5.626,1.32,17.77,,,23.71,24.87
1998-06-22 00:00:00+00:00,344.1,344.07,0.0,10436.65,33.4,0.78,2.19,15265.9,1.325,132951.0,8046970.0,38.95,5.626,1.32,17.77,,,24.71,26.86
1998-06-23 00:00:00+00:00,324.4,324.35,0.0,9838.37,31.5,0.78,2.07,18594.7,1.325,132951.0,8046970.0,36.71,5.626,1.32,17.77,,,24.38,25.87
1998-06-24 00:00:00+00:00,321.9,321.93,0.0,9978.29,31.3,0.78,2.05,35911.7,1.325,176607.0,8046970.0,36.44,5.626,1.32,17.77,,,23.5,25.22
1998-06-25 00:00:00+00:00,333.3,333.33,0.0,10331.5,32.4,0.78,2.13,25005.7,1.325,176607.0,8046970.0,37.73,5.626,1.32,17.77,,,24.14,25.44
1998-06-26 00:00:00+00:00,319.1,319.08,0.0,9889.98,31.0,0.78,2.03,15247.9,1.325,176607.0,8046970.0,36.12,5.626,1.32,17.77,,,24.14,25.44
1998-06-29 00:00:00+00:00,307.7,307.69,0.0,9536.77,29.9,0.78,1.96,16655.8,1.325,176607.0,8046970.0,34.83,5.626,1.32,17.77,,,22.85,24.36
1998-06-30 00:00:00+00:00,313.4,313.39,0.0,9713.38,30.5,0.78,2.0,10414.2,1.325,176607.0,8046970.0,35.47,5.626,1.32,17.77,,,23.28,24.36
1998-07-01 00:00:00+00:00,313.4,313.39,0.0,9713.38,30.5,0.78,2.0,,1.325,176607.0,8046970.0,35.47,5.626,1.32,17.77,,,,
1998-07-02 00:00:00+00:00,333.3,333.33,0.0,10331.5,32.4,0.78,2.13,12225.7,1.325,176607.0,8046970.0,37.73,5.626,1.32,17.77,,,24.36,25.22
1998-07-03 00:00:00+00:00,347.6,347.57,0.0,10773.02,33.8,0.78,2.22,32360.6,1.325,176607.0,8046970.0,39.34,5.626,1.32,17.77,,,25.01,26.73
1998-07-06 00:00:00+00:00,353.3,353.27,0.0,10949.62,34.3,0.78,2.25,18177.4,1.325,176607.0,8046970.0,39.99,5.626,1.32,17.77,,,26.52,27.38
1998-07-07 00:00:00+00:00,359.0,358.97,0.0,11126.23,34.9,0.78,2.29,22491.5,1.325,176607.0,8046970.0,40.63,5.626,1.32,17.77,,,27.16,28.02
1998-07-08 00:00:00+00:00,367.5,367.52,0.0,11391.14,35.7,0.78,2.34,22299.0,1.325,176607.0,8046970.0,41.6,5.626,1.32,17.77,,,26.95,28.02
1998-07-09 00:00:00+00:00,353.3,353.27,0.0,10949.62,34.3,0.78,2.25,25546.2,1.325,176607.0,8046970.0,39.99,5.626,1.32,17.77,,,26.73,28.24
1998-07-10 00:00:00+00:00,356.1,356.12,0.0,11037.93,34.6,0.78,2.27,10713.4,1.325,176607.0,8046970.0,40.31,5.626,1.32,17.77,,,26.08,26.95
1998-07-13 00:00:00+00:00,350.4,350.42,0.0,10861.32,34.1,0.78,2.23,8266.4,1.325,176607.0,8046970.0,39.66,5.626,1.32,17.77,,,25.87,26.52
1998-07-14 00:00:00+00:00,350.4,350.42,0.0,12398.76,34.1,0.78,2.23,16347.3,1.325,201606.0,8046970.0,39.66,5.626,1.32,17.77,,,26.52,27.38
1998-07-15 00:00:00+00:00,356.1,356.12,0.0,12600.37,34.6,0.78,2.27,10003.7,1.325,201606.0,8046970.0,40.31,5.626,1.32,17.77,,,26.52,27.16
1998-07-16 00:00:00+00:00,370.4,370.36,0.0,13104.38,36.0,0.78,2.36,32476.6,1.382,201606.0,8046970.0,41.92,5.213,1.38,19.18,,,27.38,28.02
1998-07-17 00:00:00+00:00,390.3,390.31,0.0,13810.0,37.9,0.78,2.49,36234.1,1.382,201606.0,8046970.0,44.18,5.213,1.38,19.18,,,28.24,29.75
1998-07-20 00:00:00+00:00,396.0,396.01,0.0,14011.61,38.5,0.78,2.52,39499.8,1.382,201606.0,8046970.0,44.82,5.213,1.38,19.18,,,29.32,30.4
1998-07-21 00:00:00+00:00,421.6,421.65,0.0,14918.84,41.0,0.78,2.69,40705.9,1.382,201606.0,8046970.0,47.73,5.213,1.38,19.18,,,31.69,31.9
1998-07-22 00:00:00+00:00,441.6,441.59,0.0,15624.46,42.9,0.78,2.82,87284.6,1.382,201606.0,8046970.0,49.98,5.213,1.38,19.18,,,31.26,33.63
1998-07-23 00:00:00+00:00,424.5,424.5,0.0,15019.64,41.3,0.78,2.71,19835.7,1.382,201606.0,8046970.0,48.05,5.213,1.38,19.18,,,32.12,32.77
1998-07-24 00:00:00+00:00,433.0,433.04,0.0,15322.05,42.1,0.78,2.76,20496.8,1.382,201606.0,8046970.0,49.02,5.213,1.38,19.18,,,31.47,32.98
1998-07-27 00:00:00+00:00,461.5,461.53,0.0,16330.08,44.9,0.78,2.94,23294.0,1.382,201606.0,8046970.0,52.24,5.213,1.38,19.18,,,32.77,34.92
1998-07-28 00:00:00+00:00,441.6,441.59,0.0,15624.46,42.9,0.78,2.82,23767.2,1.382,201606.0,8046970.0,49.98,5.213,1.38,19.18,,,32.77,34.71
1998-07-29 00:00:00+00:00,433.0,433.04,0.0,15322.05,42.1,0.78,2.76,15136.6,1.382,201606.0,8046970.0,49.02,5.213,1.38,19.18,,,31.9,32.77
1998-07-30 00:00:00+00:00,433.0,433.04,0.0,15322.05,42.1,0.78,2.76,10639.2,1.382,201606.0,8046970.0,49.02,5.213,1.38,19.18,,,32.12,32.98
1998-07-31 00:00:00+00:00,421.6,421.65,0.0,14918.84,41.0,0.78,2.69,13765.8,1.382,201606.0,8046970.0,47.73,5.213,1.38,19.18,,,31.9,33.41
1998-08-03 00:00:00+00:00,398.9,398.85,0.0,14112.41,38.8,0.78,2.54,21482.5,1.382,201606.0,8046970.0,45.15,5.213,1.38,19.18,,,29.53,31.47
1998-08-04 00:00:00+00:00,407.4,407.4,0.0,14414.82,39.6,0.78,2.6,18884.8,1.382,201606.0,8046970.0,46.11,5.213,1.38,19.18,,,29.53,31.47
1998-08-05 00:00:00+00:00,418.8,418.8,0.0,14818.03,40.7,0.78,2.67,25298.0,1.382,201606.0,8046970.0,47.4,5.213,1.38,19.18,,,29.96,31.9
1998-08-06 00:00:00+00:00,407.4,407.4,0.0,14414.82,39.6,0.78,2.6,18898.7,1.382,201606.0,8046970.0,46.11,5.213,1.38,19.18,,,30.61,31.9
1998-08-07 00:00:00+00:00,404.6,404.55,0.0,14314.02,39.3,0.78,2.58,22809.2,1.382,201606.0,8046970.0,45.79,5.213,1.38,19.18,,,29.53,31.04
1998-08-10 00:00:00+00:00,387.5,387.46,0.0,13709.2,37.7,0.78,2.47,10829.4,1.382,201606.0,8046970.0,43.86,5.213,1.38,19.18,,,28.89,30.61
1998-08-11 00:00:00+00:00,387.5,387.46,0.0,13709.2,37.7,0.78,2.47,13703.2,1.382,201606.0,8046970.0,43.86,5.213,1.38,19.18,,,28.24,29.32
1998-08-12 00:00:00+00:00,404.6,404.55,0.0,14314.02,39.3,0.78,2.58,25731.7,1.382,201606.0,8046970.0,45.79,5.213,1.38,19.18,,,28.67,30.83
1998-08-13 00:00:00+00:00,407.4,407.4,0.0,14414.82,39.6,0.78,2.6,24439.8,1.382,201606.0,8046970.0,46.11,5.213,1.38,19.18,,,30.4,31.26
1998-08-14 00:00:00+00:00,418.8,418.8,0.0,14818.03,40.7,0.78,2.67,35086.0,1.382,201606.0,8046970.0,47.4,5.213,1.38,19.18,,,30.83,31.9
1998-08-17 00:00:00+00:00,398.9,398.85,0.0,14112.41,38.8,0.78,2.54,16588.5,1.382,201606.0,8046970.0,45.15,5.213,1.38,19.18,,,29.96,31.26
1998-08-18 00:00:00+00:00,413.1,413.1,0.0,14616.43,40.1,0.78,2.63,34533.9,1.382,201606.0,8046970.0,46.76,5.213,1.38,19.18,,,28.67,31.26
1998-08-19 00:00:00+00:00,413.1,413.1,0.0,14616.43,40.1,0.78,2.63,38147.6,1.382,201606.0,8046970.0,46.76,5.213,1.38,19.18,,,31.26,32.34
1998-08-20 00:00:00+00:00,415.9,415.95,0.0,14717.23,40.4,0.78,2.65,11506.7,1.333,201606.0,8046970.0,47.08,4.264,1.33,23.45,,,31.04,31.69
1998-08-21 00:00:00+00:00,407.4,407.4,0.0,14414.82,39.6,0.78,2.6,12541.1,1.333,201606.0,8046970.0,46.11,4.264,1.33,23.45,,,30.61,31.69
1998-08-24 00:00:00+00:00,384.6,384.61,0.0,13608.4,37.4,0.78,2.45,16634.9,1.333,201606.0,8046970.0,43.53,4.264,1.33,23.45,,,29.1,30.18
1998-08-25 00:00:00+00:00,398.9,398.85,0.0,14112.41,38.8,0.78,2.54,16314.8,1.333,201606.0,8046970.0,45.15,4.264,1.33,23.45,,,28.46,30.18
1998-08-26 00:00:00+00:00,387.5,387.46,0.0,13709.2,37.7,0.78,2.47,17697.2,1.333,201606.0,8046970.0,43.86,4.264,1.33,23.45,,,29.32,31.04
1998-08-27 00:00:00+00:00,413.1,413.1,0.0,14616.43,40.1,0.78,2.63,26775.5,1.333,201606.0,8046970.0,46.76,4.264,1.33,23.45,,,28.89,31.26
1998-08-28 00:00:00+00:00,393.2,393.16,0.0,13910.8,38.2,0.78,2.51,30632.7,1.333,201606.0,8046970.0,44.5,4.264,1.33,23.45,,,29.32,31.04
1998-08-31 00:00:00+00:00,384.6,384.61,0.0,13608.4,43.0,0.68,2.45,12928.5,1.333,201606.0,8046970.0,43.53,4.264,1.33,23.45,,,28.89,30.18
1998-09-01 00:00:00+00:00,367.5,367.52,0.0,13003.58,41.1,0.68,2.34,26877.5,1.333,201606.0,8046970.0,41.6,4.264,1.33,23.45,,,27.16,28.02
1998-09-02 00:00:00+00:00,376.1,376.06,0.0,13305.99,42.1,0.68,2.4,16897.0,1.333,201606.0,8046970.0,42.57,4.264,1.33,23.45,,,28.02,28.67
1998-09-03 00:00:00+00:00,353.3,353.27,0.0,12499.56,39.5,0.68,2.25,18826.8,1.333,201606.0,8046970.0,39.99,4.264,1.33,23.45,,,26.52,28.02
1998-09-04 00:00:00+00:00,350.4,350.42,0.0,12398.76,39.2,0.68,2.23,17395.7,1.333,201606.0,8046970.0,39.66,4.264,1.33,23.45,,,26.3,27.16
1998-09-07 00:00:00+00:00,359.0,358.97,0.0,12701.17,40.1,0.68,2.29,9929.5,1.333,201606.0,8046970.0,40.63,4.264,1.33,23.45,,,26.73,27.38
1998-09-08 00:00:00+00:00,373.2,373.21,0.0,13205.18,41.7,0.68,2.38,15454.3,1.333,201606.0,8046970.0,42.24,4.264,1.33,23.45,,,27.38,28.24
1998-09-09 00:00:00+00:00,370.4,370.36,0.0,13104.38,41.4,0.68,2.36,11606.4,1.333,201606.0,8046970.0,41.92,4.264,1.33,23.45,,,27.81,28.89
1998-09-10 00:00:00+00:00,361.8,361.82,0.0,12801.97,40.5,0.68,2.31,4409.2,1.333,201606.0,8046970.0,40.95,4.264,1.33,23.45,,,26.95,28.02
1998-09-11 00:00:00+00:00,350.4,350.42,0.0,12398.76,39.2,0.68,2.23,9210.4,1.333,201606.0,8046970.0,39.66,4.264,1.33,23.45,,,26.08,26.95
1998-09-14 00:00:00+00:00,350.4,350.42,0.0,12398.76,39.2,0.68,2.23,4409.2,1.333,201606.0,8046970.0,39.66,4.264,1.33,23.45,,,26.3,26.73
1998-09-15 00:00:00+00:00,341.9,341.88,0.0,12096.35,38.2,0.68,2.18,4998.4,1.333,201606.0,8046970.0,38.7,4.264,1.33,23.45,,,25.44,26.73
1998-09-16 00:00:00+00:00,353.3,353.27,0.0,12499.56,39.5,0.68,2.25,7531.2,1.333,201606.0,8046970.0,39.99,4.264,1.33,23.45,,,25.44,26.73
1998-09-17 00:00:00+00:00,361.8,361.82,0.0,12801.97,40.5,0.68,2.31,15259.5,1.42,201606.0,8046970.0,40.95,5.487,1.42,18.23,,,26.73,27.81
1998-09-18 00:00:00+00:00,353.3,353.27,0.0,12499.56,39.5,0.68,2.25,5552.7,1.42,201606.0,8046970.0,39.99,5.487,1.42,18.23,,,26.73,27.59
1998-09-21 00:00:00+00:00,347.6,347.57,0.0,12297.96,38.9,0.68,2.22,6487.4,1.42,201606.0,8046970.0,39.34,5.487,1.42,18.23,,,26.08,26.95
1998-09-22 00:00:00+00:00,350.4,350.42,0.0,12398.76,39.2,0.68,2.23,3400.3,1.42,201606.0,8046970.0,39.66,5.487,1.42,18.23,,,26.08,26.73
1998-09-23 00:00:00+00:00,350.4,350.42,0.0,12398.76,39.2,0.68,2.23,6037.5,1.42,201606.0,8046970.0,39.66,5.487,1.42,18.23,,,26.3,27.16
1998-09-24 00:00:00+00:00,353.3,353.27,0.0,12499.56,39.5,0.68,2.25,4919.5,1.42,201606.0,8046970.0,39.99,5.487,1.42,18.23,,,26.73,27.16
1998-09-25 00:00:00+00:00,350.4,350.42,0.0,12398.76,39.2,0.68,2.23,2975.8,1.42,201606.0,8046970.0,39.66,5.487,1.42,18.23,,,26.08,26.73
1998-09-28 00:00:00+00:00,353.3,353.27,0.0,12499.56,39.5,0.68,2.25,7067.3,1.42,201606.0,8046970.0,39.99,5.487,1.42,18.23,,,26.3,27.16
1998-09-29 00:00:00+00:00,344.7,344.72,0.0,12197.15,38.6,0.68,2.2,5279.0,1.42,201606.0,8046970.0,39.02,5.487,1.42,18.23,,,25.87,27.16
1998-09-30 00:00:00+00:00,327.6,327.63,0.0,11592.34,36.6,0.68,2.09,6742.6,1.42,201606.0,8046970.0,37.08,5.487,1.42,18.23,,,24.36,26.3
1998-10-01 00:00:00+00:00,310.5,310.54,0.0,10987.52,34.7,0.68,1.98,6909.6,1.42,201606.0,8046970.0,35.15,5.487,1.42,18.23,,,23.28,24.36
1998-10-02 00:00:00+00:00,290.6,290.59,0.0,10281.9,32.5,0.68,1.85,6506.0,1.42,201606.0,8046970.0,32.89,5.487,1.42,18.23,,,21.99,22.85
1998-10-05 00:00:00+00:00,290.6,290.59,0.0,10281.9,32.5,0.68,1.85,,1.42,201606.0,8046970.0,32.89,5.487,1.42,18.23,,,,
1998-10-06 00:00:00+00:00,284.3,284.33,0.0,10060.13,31.8,0.68,1.81,5916.9,1.42,201606.0,8046970.0,32.18,5.487,1.42,18.23,,,20.69,21.99
1998-10-07 00:00:00+00:00,282.0,282.05,0.0,9979.49,31.5,0.68,1.8,6772.7,1.42,201606.0,8046970.0,31.93,5.487,1.42,18.23,,,20.69,21.77
1998-10-08 00:00:00+00:00,299.1,299.14,0.0,10584.31,33.5,0.68,1.91,14192.6,1.42,201606.0,8046970.0,33.86,5.487,1.42,18.23,,,20.91,22.63
1998-10-09 00:00:00+00:00,290.6,290.59,0.0,10281.9,32.5,0.68,1.85,8106.4,1.42,201606.0,8046970.0,32.89,5.487,1.42,18.23,,,21.99,23.07
1998-10-12 00:00:00+00:00,287.7,287.74,0.0,10181.09,32.2,0.68,1.83,4761.8,1.42,201606.0,8046970.0,32.57,5.487,1.42,18.23,,,21.77,22.63
1998-10-13 00:00:00+00:00,287.7,287.74,0.0,10181.09,32.2,0.68,1.83,4747.9,1.42,201606.0,8046970.0,32.57,5.487,1.42,18.23,,,21.56,22.42
1998-10-14 00:00:00+00:00,284.3,284.33,0.0,10060.13,31.8,0.68,1.81,4010.3,1.42,201606.0,8046970.0,32.18,5.487,1.42,18.23,,,21.38,21.99
1998-10-15 00:00:00+00:00,284.3,284.33,0.0,10060.13,31.8,0.68,1.81,3242.6,1.475,201606.0,8046970.0,32.18,6.772,1.48,14.77,,,21.34,21.99
1998-10-16 00:00:00+00:00,284.3,284.33,0.0,10060.13,31.8,0.68,1.81,,1.475,201606.0,8046970.0,32.18,6.772,1.48,14.77,,,,
1998-10-19 00:00:00+00:00,293.4,293.44,0.0,10382.7,32.8,0.68,1.87,4583.2,1.475,201606.0,8046970.0,33.21,6.772,1.48,14.77,,,21.77,22.63
1998-10-20 00:00:00+00:00,272.9,272.93,0.0,9656.92,30.5,0.68,1.74,9908.6,1.475,201606.0,8046970.0,30.89,6.772,1.48,14.77,,,20.65,21.99
1998-10-21 00:00:00+00:00,254.1,254.13,0.0,8991.62,28.4,0.68,1.62,4026.5,1.475,201606.0,8046970.0,28.76,6.772,1.48,14.77,,,19.23,19.23
1998-10-22 00:00:00+00:00,263.2,263.24,0.0,9314.19,29.4,0.68,1.68,16623.3,1.475,201606.0,8046970.0,29.8,6.772,1.48,14.77,,,18.15,20.0
1998-10-23 00:00:00+00:00,262.7,262.67,0.0,9294.03,29.4,0.68,1.67,7821.1,1.475,201606.0,8046970.0,29.73,6.772,1.48,14.77,,,19.23,19.88
1998-10-26 00:00:00+00:00,247.9,247.86,0.0,8769.86,27.7,0.68,1.58,6107.0,1.475,201606.0,8046970.0,28.06,6.772,1.48,14.77,,,18.75,19.75
1998-10-27 00:00:00+00:00,230.8,230.77,0.0,8165.04,25.8,0.68,1.47,12717.4,1.475,201606.0,8046970.0,26.12,6.772,1.48,14.77,,,17.46,18.45
1998-10-28 00:00:00+00:00,233.6,233.61,0.0,8265.84,26.1,0.68,1.49,21554.4,1.475,201606.0,8046970.0,26.44,6.772,1.48,14.77,,,16.73,17.94
1998-10-29 00:00:00+00:00,238.7,238.74,0.0,8447.29,26.7,0.68,1.52,7916.2,1.475,201606.0,8046970.0,27.02,6.772,1.48,14.77,,,17.46,18.06
1998-10-30 00:00:00+00:00,255.3,255.27,0.0,9031.94,28.5,0.68,1.63,18168.1,1.475,201606.0,8046970.0,28.89,6.772,1.48,14.77,,,17.94,19.32
1998-11-02 00:00:00+00:00,262.7,262.67,0.0,9294.03,29.4,0.68,1.67,9178.0,1.475,201606.0,8046970.0,29.73,6.772,1.48,14.77,,,19.4,19.96
1998-11-03 00:00:00+00:00,270.7,270.65,0.0,9576.28,30.3,0.68,1.73,22563.4,1.475,201606.0,8046970.0,30.64,6.772,1.48,14.77,,,19.49,21.0
1998-11-04 00:00:00+00:00,259.3,259.26,0.0,9173.07,29.0,0.68,1.65,8507.7,1.475,201606.0,8046970.0,29.35,6.772,1.48,14.77,,,19.32,20.44
1998-11-05 00:00:00+00:00,270.1,270.08,0.0,9556.12,30.2,0.68,1.72,9723.0,1.475,201606.0,8046970.0,30.57,6.772,1.48,14.77,,,19.19,20.44
1998-11-06 00:00:00+00:00,262.1,262.1,0.0,9273.87,29.3,0.68,1.67,4738.6,1.475,201606.0,8046970.0,29.67,6.772,1.48,14.77,,,19.83,20.61
1998-11-09 00:00:00+00:00,256.4,256.41,0.0,9072.27,28.7,0.68,1.63,5511.0,1.475,201606.0,8046970.0,29.02,6.772,1.48,14.77,,,19.4,20.22
1998-11-10 00:00:00+00:00,268.4,268.37,0.0,9495.63,30.0,0.68,1.71,23352.0,1.475,201606.0,8046970.0,30.38,6.772,1.48,14.77,,,19.36,20.35
1998-11-11 00:00:00+00:00,268.9,268.94,0.0,9515.79,30.1,0.68,1.71,19170.1,1.475,201606.0,8046970.0,30.44,6.772,1.48,14.77,,,19.96,20.48
1998-11-12 00:00:00+00:00,268.9,268.94,0.0,9515.79,30.1,0.68,1.71,,1.475,201606.0,8046970.0,30.44,6.772,1.48,14.77,,,,
1998-11-13 00:00:00+00:00,282.6,282.62,0.0,9999.65,31.6,0.68,1.8,39632.0,1.475,201606.0,8046970.0,31.99,6.772,1.48,14.77,,,20.69,21.77
1998-11-16 00:00:00+00:00,282.0,282.05,0.0,9979.49,31.5,0.68,1.8,14786.3,1.475,201606.0,8046970.0,31.93,6.772,1.48,14.77,,,20.74,21.51
1998-11-17 00:00:00+00:00,296.3,296.29,0.0,10483.5,33.1,0.68,1.89,31743.7,1.475,201606.0,8046970.0,33.54,6.772,1.48,14.77,,,20.95,22.63
1998-11-18 00:00:00+00:00,302.0,301.99,0.0,10685.11,33.8,0.68,1.93,23333.4,1.475,201606.0,8046970.0,34.18,6.772,1.48,14.77,,,22.2,23.5
1998-11-19 00:00:00+00:00,321.9,321.93,0.0,11390.73,36.0,0.68,2.05,12919.2,1.188,201606.0,8046970.0,36.44,5.294,1.19,18.89,,,23.5,24.36
1998-11-20 00:00:00+00:00,341.9,341.88,0.0,12096.35,38.2,0.68,2.18,21577.6,1.188,201606.0,8046970.0,38.7,5.294,1.19,18.89,,,25.22,25.87
1998-11-23 00:00:00+00:00,341.9,341.88,0.0,12096.35,38.2,0.68,2.18,11066.0,1.188,201606.0,8046970.0,38.7,5.294,1.19,18.89,,,25.01,26.3
1998-11-24 00:00:00+00:00,336.2,336.18,0.0,11894.75,37.6,0.68,2.14,39221.5,1.188,201606.0,8046970.0,38.05,5.294,1.19,18.89,,,25.44,27.16
1998-11-25 00:00:00+00:00,319.1,319.08,0.0,11289.93,35.7,0.68,2.03,16256.9,1.188,201606.0,8046970.0,36.12,5.294,1.19,18.89,,,23.71,24.79
1998-11-26 00:00:00+00:00,324.8,324.78,0.0,11491.54,36.3,0.68,2.07,12900.7,1.188,201606.0,8046970.0,36.76,5.294,1.19,18.89,,,24.36,25.01
1998-11-27 00:00:00+00:00,313.4,313.39,0.0,11088.32,35.0,0.68,2.0,9240.6,1.188,201606.0,8046970.0,35.47,5.294,1.19,18.89,,,23.28,24.79
1998-11-30 00:00:00+00:00,324.8,324.78,0.0,11491.54,36.3,0.68,2.07,13886.4,1.188,201606.0,8046970.0,36.76,5.294,1.19,18.89,,,23.5,24.79
1998-12-01 00:00:00+00:00,316.2,316.23,0.0,11189.13,35.4,0.68,2.02,7327.1,1.188,201606.0,8046970.0,35.79,5.294,1.19,18.89,,,23.71,24.58
1998-12-02 00:00:00+00:00,304.8,304.84,0.0,10785.91,34.1,0.68,1.94,9491.1,1.188,201606.0,8046970.0,34.5,5.294,1.19,18.89,,,22.85,24.36
1998-12-03 00:00:00+00:00,304.8,304.84,0.0,10785.91,34.1,0.68,1.94,4518.2,1.188,201606.0,8046970.0,34.5,5.294,1.19,18.89,,,22.42,23.5
1998-12-04 00:00:00+00:00,307.7,307.69,0.0,10886.71,34.4,0.68,1.96,11606.4,1.188,201606.0,8046970.0,34.83,5.294,1.19,18.89,,,22.63,24.14
1998-12-07 00:00:00+00:00,319.1,319.08,0.0,11289.93,35.7,0.68,2.03,10643.8,1.188,201606.0,8046970.0,36.12,5.294,1.19,18.89,,,23.5,24.36
1998-12-08 00:00:00+00:00,313.4,313.39,0.0,11088.32,35.0,0.68,2.0,6981.5,1.188,201606.0,8046970.0,35.47,5.294,1.19,18.89,,,23.71,24.58
1998-12-09 00:00:00+00:00,313.4,313.39,0.0,11088.32,35.0,0.68,2.0,5898.3,1.188,201606.0,8046970.0,35.47,5.294,1.19,18.89,,,23.28,23.71
1998-12-10 00:00:00+00:00,310.5,310.54,0.0,10987.52,34.7,0.68,1.98,6872.5,1.188,201606.0,8046970.0,35.15,5.294,1.19,18.89,,,23.28,23.71
1998-12-11 00:00:00+00:00,313.4,313.39,0.0,11088.32,35.0,0.68,2.0,12814.8,1.188,201606.0,8046970.0,35.47,5.294,1.19,18.89,,,23.28,24.14
1998-12-14 00:00:00+00:00,313.4,313.39,0.0,11088.32,35.0,0.68,2.0,6557.0,1.188,201606.0,8046970.0,35.47,5.294,1.19,18.89,,,23.28,24.36
1998-12-15 00:00:00+00:00,316.2,316.23,0.0,11189.13,35.4,0.68,2.02,6536.1,1.188,201606.0,8046970.0,35.79,5.294,1.19,18.89,,,23.07,23.93
1998-12-16 00:00:00+00:00,296.3,296.29,0.0,10483.5,33.1,0.68,1.89,7640.2,1.188,201606.0,8046970.0,33.54,5.294,1.19,18.89,,,22.42,23.93
1998-12-17 00:00:00+00:00,276.3,276.35,0.0,9777.89,30.9,0.68,1.76,11859.2,0.65,201606.0,8046970.0,31.28,2.715,0.65,36.83,,,20.87,21.77
1998-12-18 00:00:00+00:00,273.5,273.5,0.0,9677.08,30.6,0.68,1.74,8997.1,0.65,201606.0,8046970.0,30.96,2.715,0.65,36.83,,,20.0,21.17
1998-12-21 00:00:00+00:00,275.2,275.21,0.0,9737.56,30.8,0.68,1.75,5613.0,0.65,201606.0,8046970.0,31.15,2.715,0.65,36.83,,,20.74,21.13
1998-12-22 00:00:00+00:00,293.4,293.44,0.0,10382.7,32.8,0.68,1.87,18833.8,0.65,201606.0,8046970.0,33.21,2.715,0.65,36.83,,,21.0,22.2
1998-12-23 00:00:00+00:00,290.6,290.59,0.0,10281.9,32.5,0.68,1.85,24940.8,0.65,201606.0,8046970.0,32.89,2.715,0.65,36.83,,,21.99,22.63
1998-12-24 00:00:00+00:00,287.7,287.74,0.0,10181.09,32.2,0.68,1.83,11518.3,0.65,201606.0,8046970.0,32.57,2.715,0.65,36.83,,,21.21,22.63
1998-12-25 00:00:00+00:00,287.7,287.74,0.0,10181.09,32.2,0.68,1.83,,0.65,201606.0,8046970.0,32.57,2.715,0.65,36.83,,,,
1998-12-28 00:00:00+00:00,276.3,276.35,0.0,9777.89,30.9,0.68,1.76,4815.1,0.65,201606.0,8046970.0,31.28,2.715,0.65,36.83,,,20.69,21.51
1998-12-29 00:00:00+00:00,274.1,274.07,0.0,9697.24,30.7,0.68,1.75,4671.3,0.65,201606.0,8046970.0,31.02,2.715,0.65,36.83,,,20.48,21.13
1998-12-30 00:00:00+00:00,276.3,276.35,0.0,9777.89,30.9,0.68,1.76,8287.3,0.65,201606.0,8046970.0,31.28,2.715,0.65,36.83,,,20.78,21.43
1998-12-31 00:00:00+00:00,278.6,278.63,0.0,9858.52,31.2,0.68,1.78,7962.6,0.65,201606.0,8046970.0,31.54,2.715,0.65,36.83,,,20.87,21.26
1999-01-01 00:00:00+00:00,278.6,278.63,0.0,9858.52,31.2,0.68,1.67,,0.65,201606.0,10633924.0,0.82,2.715,0.65,36.83,,,,
1999-01-04 00:00:00+00:00,278.6,278.63,0.0,9858.52,31.2,0.68,1.67,,0.65,201606.0,10633924.0,0.82,2.715,0.65,36.83,,,,
1999-01-05 00:00:00+00:00,278.6,278.63,0.0,9858.52,31.2,0.68,1.67,22941.5,0.65,201606.0,10633924.0,0.82,2.715,0.65,36.83,,,20.91,21.47
1999-01-06 00:00:00+00:00,283.2,283.19,0.0,10019.81,31.7,0.68,1.7,16194.2,0.65,201606.0,10633924.0,0.83,2.715,0.65,36.83,,,20.31,21.47
1999-01-07 00:00:00+00:00,293.4,293.44,0.0,10382.7,32.8,0.68,1.76,17595.2,0.65,201606.0,10633924.0,0.86,2.715,0.65,36.83,,,21.38,22.42
1999-01-08 00:00:00+00:00,296.3,296.29,0.0,10483.5,33.1,0.68,1.78,23806.6,0.65,201606.0,10633924.0,0.87,2.715,0.65,36.83,,,21.99,23.5
1999-01-11 00:00:00+00:00,290.6,290.59,0.0,10281.9,32.5,0.68,1.74,8788.3,0.65,201606.0,10633924.0,0.85,2.715,0.65,36.83,,,21.99,22.85
1999-01-12 00:00:00+00:00,304.8,304.84,0.0,10785.91,34.1,0.68,1.83,37073.7,0.65,201606.0,10633924.0,0.89,2.715,0.65,36.83,,,22.42,23.5
1999-01-13 00:00:00+00:00,313.4,313.39,0.0,11088.32,35.0,0.68,1.88,20406.3,0.65,201606.0,10633924.0,0.92,2.715,0.65,36.83,,,22.63,23.93
1999-01-14 00:00:00+00:00,299.1,299.14,0.0,10584.31,33.5,0.68,1.8,13765.8,0.674,201606.0,10633924.0,0.88,2.922,0.67,34.22,,,22.2,23.5
1999-01-15 00:00:00+00:00,302.0,301.99,0.0,10685.11,33.8,0.68,1.81,6721.7,0.674,201606.0,10633924.0,0.89,2.922,0.67,34.22,,,21.77,23.07
1999-01-18 00:00:00+00:00,284.9,284.9,0.0,10080.29,31.9,0.68,1.71,5211.8,0.674,201606.0,10633924.0,0.84,2.922,0.67,34.22,,,21.56,22.63
1999-01-19 00:00:00+00:00,280.9,280.91,0.0,9939.17,31.4,0.68,1.69,7997.4,0.674,201606.0,10633924.0,0.82,2.922,0.67,34.22,,,21.13,21.77
1999-01-20 00:00:00+00:00,283.8,283.76,0.0,10039.97,31.7,0.68,1.7,7958.0,0.674,201606.0,10633924.0,0.83,2.922,0.67,34.22,,,21.21,21.77
1999-01-21 00:00:00+00:00,279.2,279.2,0.0,9878.69,31.2,0.68,1.68,5139.8,0.674,201606.0,10633924.0,0.82,2.922,0.67,34.22,,,21.13,21.77
1999-01-22 00:00:00+00:00,273.5,273.5,0.0,9677.08,30.6,0.68,1.64,5909.9,0.674,201606.0,10633924.0,0.8,2.922,0.67,34.22,,,20.48,20.95
1999-01-25 00:00:00+00:00,273.5,273.5,0.0,9677.08,30.6,0.68,1.64,14262.2,0.674,201606.0,10633924.0,0.8,2.922,0.67,34.22,,,20.48,21.04
1999-01-26 00:00:00+00:00,271.8,271.79,0.0,9616.6,30.4,0.68,1.63,7013.9,0.674,201606.0,10633924.0,0.8,2.922,0.67,34.22,,,20.26,20.91
1999-01-27 00:00:00+00:00,267.8,267.8,0.0,9475.47,30.0,0.68,1.61,9391.4,0.674,201606.0,10633924.0,0.79,2.922,0.67,34.22,,,20.26,20.78
1999-01-28 00:00:00+00:00,254.7,254.7,0.0,9011.78,28.5,0.68,1.53,7526.5,0.674,201606.0,10633924.0,0.75,2.922,0.67,34.22,,,19.01,20.22
1999-01-29 00:00:00+00:00,246.2,246.15,0.0,8709.37,27.5,0.68,1.48,9287.0,0.674,201606.0,10633924.0,0.72,2.922,0.67,34.22,,,18.63,19.4
1999-02-01 00:00:00+00:00,242.2,242.16,0.0,8568.25,27.1,0.68,1.45,3265.8,0.674,201606.0,10633924.0,0.71,2.922,0.67,34.22,,,18.32,19.01
1999-02-02 00:00:00+00:00,226.2,226.21,0.0,8003.75,25.3,0.68,1.36,9904.0,0.674,201606.0,10633924.0,0.66,2.922,0.67,34.22,,,17.07,18.24
1999-02-03 00:00:00+00:00,229.1,229.06,0.0,8104.55,25.6,0.68,1.37,6538.5,0.674,201606.0,10633924.0,0.67,2.922,0.67,34.22,,,16.38,17.59
1999-02-04 00:00:00+00:00,223.4,223.36,0.0,7902.95,25.0,0.68,1.34,12845.0,0.674,201606.0,10633924.0,0.66,2.922,0.67,34.22,,,16.81,17.94
1999-02-05 00:00:00+00:00,232.5,232.48,0.0,8225.52,26.0,0.68,1.4,20770.5,0.674,201606.0,10633924.0,0.68,2.922,0.67,34.22,,,16.9,18.06
1999-02-08 00:00:00+00:00,249.6,249.57,0.0,8830.34,27.9,0.68,1.5,20619.7,0.674,201606.0,10633924.0,0.73,2.922,0.67,34.22,,,18.75,19.49
1999-02-09 00:00:00+00:00,245.0,245.01,0.0,8669.05,27.4,0.68,1.47,6749.5,0.674,201606.0,10633924.0,0.72,2.922,0.67,34.22,,,18.45,18.93
1999-02-10 00:00:00+00:00,241.0,241.02,0.0,8527.92,27.0,0.68,1.45,5879.7,0.674,201606.0,10633924.0,0.71,2.922,0.67,34.22,,,18.11,18.75
1999-02-11 00:00:00+00:00,241.0,241.02,0.0,8527.92,27.0,0.68,1.45,,0.674,201606.0,10633924.0,0.71,2.922,0.67,34.22,,,,
1999-02-12 00:00:00+00:00,241.0,241.02,0.0,8527.92,27.0,0.68,1.45,,0.674,201606.0,10633924.0,0.71,2.922,0.67,34.22,,,,
1999-02-15 00:00:00+00:00,241.0,241.02,0.0,8527.92,27.0,0.68,1.45,,0.674,201606.0,10633924.0,0.71,2.922,0.67,34.22,,,,
1999-02-16 00:00:00+00:00,241.0,241.02,0.0,8527.92,27.0,0.68,1.45,,0.674,201606.0,10633924.0,0.71,2.922,0.67,34.22,,,,
1999-02-17 00:00:00+00:00,241.0,241.02,0.0,8527.92,27.0,0.68,1.45,,0.674,201606.0,10633924.0,0.71,2.922,0.67,34.22,,,,
1999-02-18 00:00:00+00:00,241.0,241.02,0.0,8527.92,27.0,0.68,1.45,,0.682,201606.0,10633924.0,0.71,3.737,0.68,26.76,,,,
1999-02-19 00:00:00+00:00,241.0,241.02,0.0,8527.92,27.0,0.68,1.45,,0.682,201606.0,10633924.0,0.71,3.737,0.68,26.76,,,,
1999-02-22 00:00:00+00:00,256.4,256.41,0.0,9072.27,28.7,0.68,1.54,9799.6,0.682,201606.0,10633924.0,0.75,3.737,0.68,26.76,,,18.88,19.83
1999-02-23 00:00:00+00:00,239.9,239.88,0.0,8487.61,26.8,0.68,1.44,7630.9,0.682,201606.0,10633924.0,0.7,3.737,0.68,26.76,,,18.06,19.49
1999-02-24 00:00:00+00:00,243.3,243.3,0.0,8608.57,27.2,0.68,1.46,4135.5,0.682,201606.0,10633924.0,0.71,3.737,0.68,26.76,,,17.59,18.41
1999-02-25 00:00:00+00:00,245.0,245.01,0.0,8669.05,27.4,0.68,1.47,9713.8,0.682,201606.0,10633924.0,0.72,3.737,0.68,26.76,,,18.41,19.1
1999-02-26 00:00:00+00:00,248.4,248.43,0.0,8790.02,27.8,0.68,1.49,5921.5,0.682,201606.0,10633924.0,0.73,3.737,0.68,26.76,,,18.28,18.8
1999-03-01 00:00:00+00:00,255.8,255.84,0.0,9052.1,28.6,0.68,1.54,11089.2,0.682,201606.0,10633924.0,0.75,3.737,0.68,26.76,,,18.71,19.62
1999-03-02 00:00:00+00:00,252.4,252.42,0.0,8931.14,28.2,0.68,1.51,5084.2,0.682,201606.0,10633924.0,0.74,3.737,0.68,26.76,,,18.75,19.4
1999-03-03 00:00:00+00:00,251.3,251.28,0.0,8890.82,28.1,0.68,1.51,3824.7,0.682,201606.0,10633924.0,0.74,3.737,0.68,26.76,,,18.8,19.19
1999-03-04 00:00:00+00:00,266.7,266.66,0.0,9435.15,29.8,0.68,1.6,35188.0,0.682,201606.0,10633924.0,0.78,3.737,0.68,26.76,,,19.27,20.31
1999-03-05 00:00:00+00:00,265.5,265.52,0.0,9394.83,29.7,0.68,1.59,9632.6,0.682,201606.0,10633924.0,0.78,3.737,0.68,26.76,,,19.75,20.26
1999-03-08 00:00:00+00:00,279.2,279.2,0.0,9878.69,31.2,0.68,1.68,10472.2,0.682,201606.0,10633924.0,0.82,3.737,0.68,26.76,,,20.35,21.13
1999-03-09 00:00:00+00:00,287.7,287.74,0.0,10181.09,32.2,0.68,1.73,25154.2,0.682,201606.0,10633924.0,0.84,3.737,0.68,26.76,,,21.34,22.42
1999-03-10 00:00:00+00:00,290.6,290.59,0.0,10281.9,32.5,0.68,1.74,10583.5,0.682,201606.0,10633924.0,0.85,3.737,0.68,26.76,,,21.56,22.2
1999-03-11 00:00:00+00:00,304.8,304.84,0.0,10785.91,34.1,0.68,1.83,31922.3,0.682,201606.0,10633924.0,0.89,3.737,0.68,26.76,,,22.42,23.5
1999-03-12 00:00:00+00:00,313.4,313.39,0.0,11088.32,35.0,0.68,1.88,21501.1,0.682,201606.0,10633924.0,0.92,3.737,0.68,26.76,,,22.85,23.71
1999-03-15 00:00:00+00:00,321.9,321.93,0.0,11390.73,36.0,0.68,1.93,25386.1,0.682,201606.0,10633924.0,0.95,3.737,0.68,26.76,,,23.5,24.58
1999-03-16 00:00:00+00:00,321.9,321.93,0.0,11390.73,36.0,0.68,1.93,25490.5,0.682,201606.0,10633924.0,0.95,3.737,0.68,26.76,,,23.71,24.58
1999-03-17 00:00:00+00:00,330.5,330.48,0.0,11693.14,37.0,0.68,1.98,22992.5,0.682,201606.0,10633924.0,0.97,3.737,0.68,26.76,,,24.36,25.44
1999-03-18 00:00:00+00:00,344.7,344.72,0.0,12197.15,38.6,0.68,2.07,25894.1,0.632,201606.0,10633924.0,1.01,2.595,0.63,38.53,,,25.01,26.08
1999-03-19 00:00:00+00:00,344.7,344.72,0.0,12197.15,38.6,0.68,2.07,18235.3,0.632,201606.0,10633924.0,1.01,2.595,0.63,38.53,,,25.65,26.52
1999-03-22 00:00:00+00:00,333.3,333.33,0.0,11793.95,37.3,0.68,2.0,13877.1,0.632,201606.0,10633924.0,0.98,2.595,0.63,38.53,,,25.01,25.65
1999-03-23 00:00:00+00:00,327.6,327.63,0.0,11592.34,36.6,0.68,1.97,12752.2,0.632,201606.0,10633924.0,0.96,2.595,0.63,38.53,,,24.58,25.44
1999-03-24 00:00:00+00:00,341.9,341.88,0.0,12096.35,38.2,0.68,2.05,20575.6,0.632,201606.0,10633924.0,1.0,2.595,0.63,38.53,,,24.14,25.87
1999-03-25 00:00:00+00:00,339.0,339.03,0.0,11995.55,37.9,0.68,2.03,11393.0,0.632,201606.0,10633924.0,1.0,2.595,0.63,38.53,,,25.22,26.3
1999-03-26 00:00:00+00:00,339.0,339.03,0.0,11995.55,37.9,0.68,2.03,10806.2,0.632,201606.0,10633924.0,1.0,2.595,0.63,38.53,,,25.44,26.08
1999-03-29 00:00:00+00:00,347.6,347.57,0.0,12297.96,38.9,0.68,2.09,27568.7,0.632,201606.0,10633924.0,1.02,2.595,0.63,38.53,,,25.87,26.52
1999-03-30 00:00:00+00:00,339.0,339.03,0.0,11995.55,37.9,0.68,2.03,12462.3,0.632,201606.0,10633924.0,1.0,2.595,0.63,38.53,,,25.22,26.3
1999-03-31 00:00:00+00:00,316.2,316.23,0.0,11189.13,35.4,0.68,1.9,12469.2,0.632,201606.0,10633924.0,0.93,2.595,0.63,38.53,,,23.93,25.65
1999-04-01 00:00:00+00:00,313.4,313.39,0.0,11088.32,35.0,0.68,1.88,14624.0,0.632,201606.0,10633924.0,0.92,2.595,0.63,38.53,,,22.85,23.93
1999-04-02 00:00:00+00:00,313.4,313.39,0.0,11088.32,35.0,0.68,1.88,12318.5,0.632,201606.0,10633924.0,0.92,2.595,0.63,38.53,,,23.28,24.36
1999-04-05 00:00:00+00:00,313.4,313.39,0.0,11088.32,35.0,0.68,1.88,,0.632,201606.0,10633924.0,0.92,2.595,0.63,38.53,,,,
1999-04-06 00:00:00+00:00,319.1,319.08,0.0,11289.93,35.7,0.68,1.91,9029.5,0.632,201606.0,10633924.0,0.94,2.595,0.63,38.53,,,24.14,24.79
1999-04-07 00:00:00+00:00,324.8,324.78,0.0,11491.54,36.3,0.68,1.95,6297.2,0.632,201606.0,10633924.0,0.95,2.595,0.63,38.53,,,24.14,24.58
1999-04-08 00:00:00+00:00,341.9,341.88,0.0,12096.35,38.2,0.68,2.05,23644.2,0.632,201606.0,10633924.0,1.0,2.595,0.63,38.53,,,25.01,26.08
1999-04-09 00:00:00+00:00,339.0,339.03,0.0,11995.55,37.9,0.68,2.03,16182.6,0.632,201606.0,10633924.0,1.0,2.595,0.63,38.53,,,25.44,26.52
1999-04-12 00:00:00+00:00,356.1,356.12,0.0,12600.37,39.8,0.68,2.14,24154.5,0.632,201606.0,10633924.0,1.05,2.595,0.63,38.53,,,25.65,27.16
1999-04-13 00:00:00+00:00,378.9,378.91,0.0,13406.79,42.4,0.68,2.27,31917.6,0.632,201606.0,10633924.0,1.11,2.595,0.63,38.53,,,27.16,28.67
1999-04-14 00:00:00+00:00,390.3,390.31,0.0,13810.0,43.7,0.68,2.34,27673.1,0.632,201606.0,10633924.0,1.15,2.595,0.63,38.53,,,28.89,29.96
1999-04-15 00:00:00+00:00,390.3,390.31,0.0,13810.0,43.7,0.68,2.34,13255.5,0.69,201606.0,10633924.0,1.15,2.406,0.69,41.57,,,28.46,29.53
1999-04-16 00:00:00+00:00,364.7,364.67,0.0,12902.78,40.8,0.68,2.19,18504.4,0.69,201606.0,10633924.0,1.07,2.406,0.69,41.57,,,27.59,29.53
1999-04-19 00:00:00+00:00,364.7,364.67,0.0,12902.78,40.8,0.68,2.19,9502.7,0.69,201606.0,10633924.0,1.07,2.406,0.69,41.57,,,26.95,28.02
1999-04-20 00:00:00+00:00,347.6,347.57,0.0,12297.96,38.9,0.68,2.09,16841.4,0.69,201606.0,10633924.0,1.02,2.406,0.69,41.57,,,25.87,26.73
1999-04-21 00:00:00+00:00,341.9,341.88,0.0,12096.35,38.2,0.68,2.05,9829.7,0.69,201606.0,10633924.0,1.0,2.406,0.69,41.57,,,25.87,26.95
1999-04-22 00:00:00+00:00,359.0,358.97,0.0,12701.17,40.1,0.68,2.15,21637.9,0.69,201606.0,10633924.0,1.05,2.406,0.69,41.57,,,26.3,27.38
1999-04-23 00:00:00+00:00,353.3,353.27,0.0,12499.56,39.5,0.68,2.12,15563.4,0.69,201606.0,10633924.0,1.04,2.406,0.69,41.57,,,26.73,28.02
1999-04-26 00:00:00+00:00,353.3,353.27,0.0,12499.56,39.5,0.68,2.12,14751.6,0.69,201606.0,10633924.0,1.04,2.406,0.69,41.57,,,26.3,27.38
1999-04-27 00:00:00+00:00,359.0,358.97,0.0,12701.17,40.1,0.68,2.15,46655.3,0.69,201606.0,10633924.0,1.05,2.406,0.69,41.57,,,26.73,28.02
1999-04-28 00:00:00+00:00,356.1,356.12,0.0,12600.37,39.8,0.68,2.14,20768.1,0.69,201606.0,10633924.0,1.05,2.406,0.69,41.57,,,26.52,27.59
1999-04-29 00:00:00+00:00,333.3,333.33,0.0,11793.95,37.3,0.68,2.0,18015.0,0.69,201606.0,10633924.0,0.98,2.406,0.69,41.57,,,25.22,26.52
1999-04-30 00:00:00+00:00,327.6,327.63,0.0,11592.34,36.6,0.68,1.97,11604.1,0.69,201606.0,10633924.0,0.96,2.406,0.69,41.57,,,23.93,25.22
1999-05-03 00:00:00+00:00,347.6,347.57,0.0,12297.96,38.9,0.68,2.09,15319.8,0.69,201606.0,10633924.0,1.02,2.406,0.69,41.57,,,24.79,26.3
1999-05-04 00:00:00+00:00,350.4,350.42,0.0,12398.76,39.2,0.68,2.1,12805.6,0.69,201606.0,10633924.0,1.03,2.406,0.69,41.57,,,26.3,27.16
1999-05-05 00:00:00+00:00,356.1,356.12,0.0,12600.37,39.8,0.68,2.14,12480.8,0.69,201606.0,10633924.0,1.05,2.406,0.69,41.57,,,26.08,27.16
1999-05-06 00:00:00+00:00,347.6,347.57,0.0,12297.96,38.9,0.68,2.09,15493.8,0.69,201606.0,10633924.0,1.02,2.406,0.69,41.57,,,26.08,27.38
1999-05-07 00:00:00+00:00,353.3,353.27,0.0,12499.56,39.5,0.68,2.12,12865.9,0.69,201606.0,10633924.0,1.04,2.406,0.69,41.57,,,26.3,26.95
1999-05-10 00:00:00+00:00,353.3,353.27,0.0,12499.56,39.5,0.68,2.12,7336.3,0.69,201606.0,10633924.0,1.04,2.406,0.69,41.57,,,26.08,27.16
1999-05-11 00:00:00+00:00,356.1,356.12,0.0,12600.37,39.8,0.68,2.14,10279.7,0.69,201606.0,10633924.0,1.05,2.406,0.69,41.57,,,26.95,27.59
1999-05-12 00:00:00+00:00,359.0,358.97,0.0,12701.17,40.1,0.68,2.15,9298.6,0.69,201606.0,10633924.0,1.05,2.406,0.69,41.57,,,26.95,27.38
1999-05-13 00:00:00+00:00,359.0,358.97,0.0,12701.17,40.1,0.68,2.15,35647.3,0.69,201606.0,10633924.0,1.05,2.406,0.69,41.57,,,27.16,28.24
1999-05-14 00:00:00+00:00,370.4,370.36,0.0,13104.38,41.4,0.68,2.22,13805.2,0.69,201606.0,10633924.0,1.09,2.406,0.69,41.57,,,27.38,28.02
1999-05-17 00:00:00+00:00,398.9,398.85,0.0,14112.41,44.6,0.68,2.39,52284.5,0.69,201606.0,10633924.0,1.17,2.406,0.69,41.57,,,29.32,30.61
1999-05-18 00:00:00+00:00,410.3,410.25,0.0,14515.62,45.9,0.68,2.46,37486.6,0.69,201606.0,10633924.0,1.2,2.406,0.69,41.57,,,29.53,31.04
1999-05-19 00:00:00+00:00,401.7,401.7,0.0,14213.21,44.9,0.68,2.41,26675.7,0.69,201606.0,10633924.0,1.18,2.406,0.69,41.57,,,29.96,31.04
1999-05-20 00:00:00+00:00,398.9,398.85,0.0,14112.41,44.6,0.68,2.39,41072.4,0.845,201606.0,10633924.0,1.17,2.721,0.84,36.75,,,30.18,31.47
1999-05-21 00:00:00+00:00,396.0,396.01,0.0,14011.61,44.3,0.68,2.38,13508.3,0.845,201606.0,10633924.0,1.16,2.721,0.84,36.75,,,29.53,30.4
1999-05-24 00:00:00+00:00,421.6,421.65,0.0,14918.84,47.2,0.68,2.53,39966.0,0.845,201606.0,10633924.0,1.24,2.721,0.84,36.75,,,30.4,31.9
1999-05-25 00:00:00+00:00,415.9,415.95,0.0,14717.23,46.5,0.68,2.5,34471.3,0.845,201606.0,10633924.0,1.22,2.721,0.84,36.75,,,31.04,32.12
1999-05-26 00:00:00+00:00,398.9,398.85,0.0,14112.41,44.6,0.68,2.39,22575.0,0.845,201606.0,10633924.0,1.17,2.721,0.84,36.75,,,29.75,31.04
1999-05-27 00:00:00+00:00,404.6,404.55,0.0,14314.02,45.2,0.68,2.43,15440.4,0.845,201606.0,10633924.0,1.19,2.721,0.84,36.75,,,29.75,31.04
1999-05-28 00:00:00+00:00,398.9,398.85,0.0,14112.41,44.6,0.68,2.39,20438.8,0.845,201606.0,10633924.0,1.17,2.721,0.84,36.75,,,30.18,31.26
1999-05-31 00:00:00+00:00,401.7,401.7,0.0,14213.21,44.9,0.68,2.41,19545.8,0.845,201606.0,10633924.0,1.18,2.721,0.84,36.75,,,30.4,32.12
1999-06-01 00:00:00+00:00,410.3,410.25,0.0,14515.62,45.9,0.68,2.46,15419.6,0.845,201606.0,10633924.0,1.2,2.721,0.84,36.75,,,30.18,31.26
1999-06-02 00:00:00+00:00,415.9,415.95,0.0,14717.23,46.5,0.68,2.5,17764.5,0.845,201606.0,10633924.0,1.22,2.721,0.84,36.75,,,31.04,31.69
1999-06-03 00:00:00+00:00,410.3,410.25,0.0,14515.62,45.9,0.68,2.46,25144.9,0.845,201606.0,10633924.0,1.2,2.721,0.84,36.75,,,30.83,31.9
1999-06-04 00:00:00+00:00,413.1,413.1,0.0,14616.43,46.2,0.68,2.48,29776.8,0.845,201606.0,10633924.0,1.21,2.721,0.84,36.75,,,31.04,31.9
1999-06-07 00:00:00+00:00,421.6,421.65,0.0,14918.84,47.2,0.68,2.53,34654.6,0.845,201606.0,10633924.0,1.24,2.721,0.84,36.75,,,31.69,33.41
1999-06-08 00:00:00+00:00,427.3,427.34,0.0,15120.44,47.8,0.68,2.56,29688.7,0.845,201606.0,10633924.0,1.25,2.721,0.84,36.75,,,31.69,32.77
1999-06-09 00:00:00+00:00,435.9,435.89,0.0,15422.85,48.7,0.68,2.62,31623.1,0.845,201606.0,10633924.0,1.28,2.721,0.84,36.75,,,31.9,33.2
1999-06-10 00:00:00+00:00,444.4,444.44,0.0,15725.26,49.7,0.68,2.67,43009.1,0.845,201606.0,10633924.0,1.3,2.721,0.84,36.75,,,33.2,34.06
1999-06-11 00:00:00+00:00,441.6,441.59,0.0,15624.46,49.4,0.68,2.65,47905.4,0.845,201606.0,10633924.0,1.3,2.721,0.84,36.75,,,33.2,34.49
1999-06-14 00:00:00+00:00,430.2,430.19,0.0,15221.24,48.1,0.68,2.58,13566.3,0.845,201606.0,10633924.0,1.26,2.721,0.84,36.75,,,32.34,33.41
1999-06-15 00:00:00+00:00,421.6,421.65,0.0,14918.84,47.2,0.68,2.53,37637.3,0.845,201606.0,10633924.0,1.24,2.721,0.84,36.75,,,30.4,33.2
1999-06-16 00:00:00+00:00,421.6,421.65,0.0,14918.84,47.2,0.68,2.53,18627.3,0.845,201606.0,10633924.0,1.24,2.721,0.84,36.75,,,31.04,32.34
1999-06-17 00:00:00+00:00,430.2,430.19,0.0,15221.24,48.1,0.68,2.58,30841.4,0.86,201606.0,10633924.0,1.26,2.695,0.86,37.1,,,32.34,33.63
1999-06-18 00:00:00+00:00,430.2,430.19,0.0,15221.24,48.1,0.68,2.58,,0.86,201606.0,10633924.0,1.26,2.695,0.86,37.1,,,,
1999-06-21 00:00:00+00:00,401.7,401.7,0.0,14213.21,44.9,0.68,2.41,22626.0,0.86,201606.0,10633924.0,1.18,2.695,0.86,37.1,,,30.4,32.77
1999-06-22 00:00:00+00:00,401.7,401.7,0.0,14213.21,44.9,0.68,2.41,31943.1,0.86,201606.0,10633924.0,1.18,2.695,0.86,37.1,,,28.67,31.04
1999-06-23 00:00:00+00:00,407.4,407.4,0.0,14414.82,45.6,0.68,2.45,29913.7,0.86,201606.0,10633924.0,1.2,2.695,0.86,37.1,,,29.75,31.47
1999-06-24 00:00:00+00:00,413.1,413.1,0.0,14616.43,46.2,0.68,2.48,19552.8,0.86,201606.0,10633924.0,1.21,2.695,0.86,37.1,,,30.83,31.9
1999-06-25 00:00:00+00:00,404.6,404.55,0.0,14314.02,45.2,0.68,2.43,33014.7,0.86,201606.0,10633924.0,1.19,2.695,0.86,37.1,,,30.61,32.34
1999-06-28 00:00:00+00:00,410.3,410.25,0.0,14515.62,45.9,0.68,2.46,15674.7,0.86,201606.0,10633924.0,1.2,2.695,0.86,37.1,,,30.61,31.47
1999-06-29 00:00:00+00:00,421.6,421.65,0.0,14918.84,47.2,0.68,2.53,27450.4,0.86,201606.0,10633924.0,1.24,2.695,0.86,37.1,,,31.26,32.34
1999-06-30 00:00:00+00:00,418.8,418.8,0.0,14818.03,46.8,0.68,2.51,29693.3,0.86,201606.0,10633924.0,1.23,2.695,0.86,37.1,,,31.69,33.2
1999-07-01 00:00:00+00:00,418.8,418.8,0.0,14818.03,46.8,0.68,2.51,,0.86,201606.0,10633924.0,1.23,2.695,0.86,37.1,,,,
1999-07-02 00:00:00+00:00,447.3,447.29,0.0,15826.06,50.0,0.68,2.68,22918.3,0.86,201606.0,10633924.0,1.31,2.695,0.86,37.1,,,32.34,33.84
1999-07-05 00:00:00+00:00,470.1,470.08,0.0,16632.48,52.6,0.68,2.82,75631.8,0.86,201606.0,10633924.0,1.38,2.695,0.86,37.1,,,35.57,37.94
1999-07-06 00:00:00+00:00,501.4,501.42,0.0,17741.32,56.1,0.68,3.01,60442.0,0.86,201606.0,10633924.0,1.47,2.695,0.86,37.1,,,36.0,37.94
1999-07-07 00:00:00+00:00,501.4,501.42,0.0,17741.32,56.1,0.68,3.01,65046.0,0.86,201606.0,10633924.0,1.47,2.695,0.86,37.1,,,37.51,39.45
1999-07-08 00:00:00+00:00,524.2,524.21,0.0,18547.74,58.6,0.68,3.15,46581.0,0.86,201606.0,10633924.0,1.54,2.695,0.86,37.1,,,37.08,39.88
1999-07-09 00:00:00+00:00,552.7,552.7,0.0,19555.77,61.8,0.68,3.32,58294.1,0.86,201606.0,10633924.0,1.62,2.695,0.86,37.1,,,39.88,42.04
1999-07-12 00:00:00+00:00,561.2,561.25,0.0,19858.18,62.8,0.68,3.37,60662.3,0.86,201606.0,10633924.0,1.65,2.695,0.86,37.1,,,41.82,43.55
1999-07-13 00:00:00+00:00,524.2,524.21,0.0,18547.74,58.6,0.68,3.15,42447.8,0.86,201606.0,10633924.0,1.54,2.695,0.86,37.1,,,39.66,42.25
1999-07-14 00:00:00+00:00,490.0,490.02,0.0,17338.11,54.8,0.68,2.94,17177.7,0.86,201606.0,10633924.0,1.44,2.695,0.86,37.1,,,37.08,39.23
1999-07-15 00:00:00+00:00,461.5,461.53,0.0,16330.08,51.6,0.68,2.77,27721.8,0.972,201606.0,10633924.0,1.35,2.449,0.97,40.84,,,34.49,35.78
1999-07-16 00:00:00+00:00,430.2,430.19,0.0,15221.24,48.1,0.68,2.58,34738.1,0.972,201606.0,10633924.0,1.26,2.449,0.97,40.84,,,32.55,36.43
1999-07-19 00:00:00+00:00,421.6,421.65,0.0,14918.84,47.2,0.68,2.53,30572.4,0.972,201606.0,10633924.0,1.24,2.449,0.97,40.84,,,30.18,32.77
1999-07-20 00:00:00+00:00,450.1,450.14,0.0,15926.86,50.3,0.68,2.7,12473.9,0.972,201606.0,10633924.0,1.32,2.449,0.97,40.84,,,33.63,34.06
1999-07-21 00:00:00+00:00,481.5,481.47,0.0,17035.7,53.8,0.68,2.89,24808.6,0.972,201606.0,10633924.0,1.41,2.449,0.97,40.84,,,34.71,36.43
1999-07-22 00:00:00+00:00,484.3,484.32,0.0,17136.5,54.2,0.68,2.91,25212.2,0.972,201606.0,10633924.0,1.42,2.449,0.97,40.84,,,35.78,38.37
1999-07-23 00:00:00+00:00,472.9,472.93,0.0,16733.29,52.9,0.68,2.84,16781.1,0.972,201606.0,10633924.0,1.39,2.449,0.97,40.84,,,35.57,36.65
1999-07-26 00:00:00+00:00,478.6,478.63,0.0,16934.89,53.5,0.68,2.87,29563.4,0.972,201606.0,10633924.0,1.41,2.449,0.97,40.84,,,35.57,37.51
1999-07-27 00:00:00+00:00,462.0,461.97,0.0,16545.07,51.7,0.68,2.77,46736.6,0.972,234682.0,10633924.0,1.36,2.449,0.97,40.84,,,33.47,36.94
1999-07-28 00:00:00+00:00,448.9,448.86,0.0,16075.71,50.2,0.68,2.69,24793.2,0.972,234682.0,10633924.0,1.32,2.449,0.97,40.84,,,33.72,36.19
1999-07-29 00:00:00+00:00,419.4,419.37,0.0,15019.64,46.9,0.68,2.52,14898.5,0.972,234682.0,10633924.0,1.23,2.449,0.97,40.84,,,31.73,33.96
1999-07-30 00:00:00+00:00,445.6,445.59,0.0,15958.37,49.8,0.68,2.67,17714.1,0.972,234682.0,10633924.0,1.31,2.449,0.97,40.84,,,30.0,33.72
1999-08-02 00:00:00+00:00,445.6,445.59,0.0,15958.37,49.8,0.68,2.67,24972.7,0.972,234682.0,10633924.0,1.31,2.449,0.97,40.84,,,33.22,34.46
1999-08-03 00:00:00+00:00,439.0,439.03,0.0,15723.68,49.1,0.68,2.63,16606.8,0.972,234682.0,10633924.0,1.29,2.449,0.97,40.84,,,31.48,33.72
1999-08-04 00:00:00+00:00,422.7,422.65,0.0,15136.98,47.3,0.68,2.54,12669.9,0.972,234682.0,10633924.0,1.24,2.449,0.97,40.84,,,31.98,33.47
1999-08-05 00:00:00+00:00,399.7,399.72,0.0,14315.59,44.7,0.68,2.4,8142.1,0.972,234682.0,10633924.0,1.17,2.449,0.97,40.84,,,30.0,31.73
1999-08-06 00:00:00+00:00,406.3,406.27,0.0,14550.27,45.4,0.68,2.44,18906.0,0.972,234682.0,10633924.0,1.19,2.449,0.97,40.84,,,30.25,31.48
1999-08-09 00:00:00+00:00,439.0,439.03,0.0,15723.68,49.1,0.68,2.63,17585.0,0.972,234682.0,10633924.0,1.29,2.449,0.97,40.84,,,32.48,33.47
1999-08-10 00:00:00+00:00,452.1,452.14,0.0,16193.05,50.6,0.68,2.71,17464.0,0.972,234682.0,10633924.0,1.33,2.449,0.97,40.84,,,32.72,34.46
1999-08-11 00:00:00+00:00,442.3,442.31,0.0,15841.03,49.5,0.68,2.65,14047.4,0.972,234682.0,10633924.0,1.3,2.449,0.97,40.84,,,33.22,34.46
1999-08-12 00:00:00+00:00,448.9,448.86,0.0,16075.71,50.2,0.68,2.69,19985.0,0.972,234682.0,10633924.0,1.32,2.449,0.97,40.84,,,33.47,34.96
1999-08-13 00:00:00+00:00,442.3,442.31,0.0,15841.03,49.5,0.68,2.65,13646.1,0.972,234682.0,10633924.0,1.3,2.449,0.97,40.84,,,33.22,34.96
1999-08-16 00:00:00+00:00,471.8,471.8,0.0,16897.1,52.8,0.68,2.83,31723.1,0.972,234682.0,10633924.0,1.39,2.449,0.97,40.84,,,33.72,35.7
1999-08-17 00:00:00+00:00,475.1,475.07,0.0,17014.44,53.1,0.68,2.85,38366.7,0.972,234682.0,10633924.0,1.39,2.449,0.97,40.84,,,35.2,36.69
1999-08-18 00:00:00+00:00,471.8,471.8,0.0,16897.1,52.8,0.68,2.83,27929.4,0.972,234682.0,10633924.0,1.39,2.449,0.97,40.84,,,35.7,36.94
1999-08-19 00:00:00+00:00,475.1,475.07,0.0,17014.44,53.1,0.68,2.85,22806.6,1.16,234682.0,10633924.0,1.39,3.226,1.16,31.0,,,35.7,36.69
1999-08-20 00:00:00+00:00,475.1,475.07,0.0,17014.44,53.1,0.68,2.85,30085.5,1.16,234682.0,10633924.0,1.39,3.226,1.16,31.0,,,35.7,36.44
1999-08-23 00:00:00+00:00,452.1,452.14,0.0,16193.05,50.6,0.68,2.71,15451.1,1.16,234682.0,10633924.0,1.33,3.226,1.16,31.0,,,34.21,35.7
1999-08-24 00:00:00+00:00,445.6,445.59,0.0,15958.37,49.8,0.68,2.67,16818.6,1.16,234682.0,10633924.0,1.31,3.226,1.16,31.0,,,33.47,35.2
1999-08-25 00:00:00+00:00,439.0,439.03,0.0,15723.68,49.1,0.68,2.63,21723.6,1.16,234682.0,10633924.0,1.29,3.226,1.16,31.0,,,32.72,33.96
1999-08-26 00:00:00+00:00,435.8,435.76,0.0,15606.34,48.7,0.68,2.62,29524.8,1.16,234682.0,10633924.0,1.28,3.226,1.16,31.0,,,32.72,34.46
1999-08-27 00:00:00+00:00,419.4,419.37,0.0,15019.64,46.9,0.68,2.52,18246.5,1.16,234682.0,10633924.0,1.23,3.226,1.16,31.0,,,31.73,33.22
1999-08-30 00:00:00+00:00,425.9,425.93,0.0,15254.32,47.6,0.68,2.56,11461.8,1.16,234682.0,10633924.0,1.25,3.226,1.16,31.0,,,31.73,32.48
1999-08-31 00:00:00+00:00,439.0,439.03,0.0,15723.68,49.1,0.68,2.63,13448.4,1.16,234682.0,10633924.0,1.29,3.226,1.16,31.0,,,31.98,33.47
1999-09-01 00:00:00+00:00,455.4,455.41,0.0,16310.39,50.9,0.68,2.73,28324.7,1.16,234682.0,10633924.0,1.34,3.226,1.16,31.0,,,32.97,34.46
1999-09-02 00:00:00+00:00,448.9,448.86,0.0,16075.71,50.2,0.68,2.69,23932.0,1.16,234682.0,10633924.0,1.32,3.226,1.16,31.0,,,33.96,35.7
1999-09-03 00:00:00+00:00,432.5,432.48,0.0,15489.0,42.9,0.76,2.6,8993.2,1.16,234682.0,10633924.0,1.27,3.226,1.16,31.0,,,32.72,33.96
1999-09-06 00:00:00+00:00,455.4,455.41,0.0,16310.39,45.1,0.76,2.73,11530.4,1.16,234682.0,10633924.0,1.34,3.226,1.16,31.0,,,33.22,34.46
1999-09-07 00:00:00+00:00,432.5,432.48,0.0,15489.0,42.9,0.76,2.6,11982.1,1.16,234682.0,10633924.0,1.27,3.226,1.16,31.0,,,32.23,34.96
1999-09-08 00:00:00+00:00,442.3,442.31,0.0,15841.03,43.8,0.76,2.65,9186.8,1.16,234682.0,10633924.0,1.3,3.226,1.16,31.0,,,31.98,33.72
1999-09-09 00:00:00+00:00,432.5,432.48,0.0,15489.0,42.9,0.76,2.6,5982.0,1.16,234682.0,10633924.0,1.27,3.226,1.16,31.0,,,32.72,33.72
1999-09-10 00:00:00+00:00,435.8,435.76,0.0,15606.34,43.2,0.76,2.62,6107.0,1.16,234682.0,10633924.0,1.28,3.226,1.16,31.0,,,32.97,33.96
1999-09-13 00:00:00+00:00,442.3,442.31,0.0,15841.03,42.1,0.79,2.65,4876.8,1.16,234682.0,10633924.0,1.3,3.226,1.16,31.0,,,32.97,33.72
1999-09-14 00:00:00+00:00,429.2,429.2,0.0,15371.66,40.9,0.79,2.58,4336.2,1.16,234682.0,10633924.0,1.26,3.226,1.16,31.0,,,32.48,33.47
1999-09-15 00:00:00+00:00,422.7,422.65,0.0,15136.98,40.2,0.79,2.54,4025.6,1.16,234682.0,10633924.0,1.24,3.226,1.16,31.0,,,31.98,32.72
1999-09-16 00:00:00+00:00,419.4,419.37,0.0,15019.64,39.9,0.79,2.52,3093.9,1.193,234682.0,10633924.0,1.23,3.67,1.19,27.25,,,31.48,31.98
1999-09-17 00:00:00+00:00,416.1,416.1,0.0,14902.3,39.6,0.79,2.5,4148.7,1.193,234682.0,10633924.0,1.22,3.67,1.19,27.25,,,31.48,32.23
1999-09-20 00:00:00+00:00,442.3,442.31,0.0,15841.03,42.1,0.79,2.65,10165.0,1.193,234682.0,10633924.0,1.3,3.67,1.19,27.25,,,32.97,33.96
1999-09-21 00:00:00+00:00,442.3,442.31,0.0,15841.03,42.1,0.79,2.65,,1.193,234682.0,10633924.0,1.3,3.67,1.19,27.25,,,,
1999-09-22 00:00:00+00:00,442.3,442.31,0.0,15841.03,42.1,0.79,2.65,,1.193,234682.0,10633924.0,1.3,3.67,1.19,27.25,,,,
1999-09-23 00:00:00+00:00,442.3,442.31,0.0,15841.03,42.1,0.79,2.65,,1.193,234682.0,10633924.0,1.3,3.67,1.19,27.25,,,,
1999-09-24 00:00:00+00:00,442.3,442.31,0.0,15841.03,42.1,0.79,2.65,,1.193,234682.0,10633924.0,1.3,3.67,1.19,27.25,,,,
1999-09-27 00:00:00+00:00,429.2,429.2,0.0,15371.66,40.9,0.79,2.58,125.0,1.193,234682.0,10633924.0,1.26,3.67,1.19,27.25,,,32.48,32.48
1999-09-28 00:00:00+00:00,416.1,416.1,0.0,14902.3,39.6,0.79,2.5,6397.5,1.193,234682.0,10633924.0,1.22,3.67,1.19,27.25,,,31.48,31.48
1999-09-29 00:00:00+00:00,425.9,425.93,0.0,15254.32,40.5,0.79,2.56,22193.5,1.193,234682.0,10633924.0,1.25,3.67,1.19,27.25,,,31.48,32.48
1999-09-30 00:00:00+00:00,412.8,412.82,0.0,14784.96,39.3,0.79,2.48,14834.0,1.193,234682.0,10633924.0,1.21,3.67,1.19,27.25,,,31.24,31.98
1999-10-01 00:00:00+00:00,399.7,399.72,0.0,14315.59,38.0,0.79,2.4,11155.2,1.193,234682.0,10633924.0,1.17,3.67,1.19,27.25,,,30.25,31.24
1999-10-04 00:00:00+00:00,389.9,389.89,0.0,13963.57,37.1,0.79,2.34,6431.8,1.193,234682.0,10633924.0,1.14,3.67,1.19,27.25,,,28.76,30.0
1999-10-05 00:00:00+00:00,399.7,399.72,0.0,14315.59,38.0,0.79,2.4,31460.9,1.193,234682.0,10633924.0,1.17,3.67,1.19,27.25,,,30.25,31.48
1999-10-06 00:00:00+00:00,396.4,396.44,0.0,14198.25,37.7,0.79,2.38,11445.7,1.193,234682.0,10633924.0,1.16,3.67,1.19,27.25,,,29.75,30.74
1999-10-07 00:00:00+00:00,399.7,399.72,0.0,14315.59,38.0,0.79,2.4,8196.5,1.193,234682.0,10633924.0,1.17,3.67,1.19,27.25,,,29.75,30.74
1999-10-08 00:00:00+00:00,386.6,386.61,0.0,13846.23,36.8,0.79,2.32,8450.6,1.193,234682.0,10633924.0,1.14,3.67,1.19,27.25,,,29.25,30.74
1999-10-11 00:00:00+00:00,373.5,373.51,0.0,13376.87,35.6,0.79,2.24,9479.2,1.193,234682.0,10633924.0,1.1,3.67,1.19,27.25,,,28.01,29.25
1999-10-12 00:00:00+00:00,393.2,393.16,0.0,14080.91,37.4,0.79,2.36,15011.5,1.193,234682.0,10633924.0,1.15,3.67,1.19,27.25,,,28.26,30.0
1999-10-13 00:00:00+00:00,383.3,383.33,0.0,13728.89,36.5,0.79,2.3,8624.1,1.193,234682.0,10633924.0,1.13,3.67,1.19,27.25,,,28.76,29.5
1999-10-14 00:00:00+00:00,393.2,393.16,0.0,14080.91,37.4,0.79,2.36,12456.1,1.558,234682.0,10633924.0,1.15,5.236,1.56,19.1,,,28.51,30.0
1999-10-15 00:00:00+00:00,389.9,389.89,0.0,13963.57,37.1,0.79,2.34,6905.7,1.558,234682.0,10633924.0,1.14,5.236,1.56,19.1,,,29.01,30.25
1999-10-18 00:00:00+00:00,367.0,366.95,0.0,13142.19,34.9,0.79,2.2,8265.1,1.558,234682.0,10633924.0,1.08,5.236,1.56,19.1,,,27.77,28.51
1999-10-19 00:00:00+00:00,367.0,366.95,0.0,13142.19,34.9,0.79,2.2,5836.8,1.558,234682.0,10633924.0,1.08,5.236,1.56,19.1,,,27.52,28.26
1999-10-20 00:00:00+00:00,370.2,370.23,0.0,13259.53,35.2,0.79,2.22,5538.3,1.558,234682.0,10633924.0,1.09,5.236,1.56,19.1,,,27.52,28.26
1999-10-21 00:00:00+00:00,380.1,380.06,0.0,13611.55,36.2,0.79,2.28,20473.1,1.558,234682.0,10633924.0,1.12,5.236,1.56,19.1,,,28.26,29.25
1999-10-22 00:00:00+00:00,383.3,383.33,0.0,13728.89,36.5,0.79,2.3,20398.5,1.558,234682.0,10633924.0,1.13,5.236,1.56,19.1,,,28.51,29.75
1999-10-25 00:00:00+00:00,386.6,386.61,0.0,13846.23,36.8,0.79,2.32,6355.1,1.558,234682.0,10633924.0,1.14,5.236,1.56,19.1,,,28.76,29.5
1999-10-26 00:00:00+00:00,383.3,383.33,0.0,13728.89,36.5,0.79,2.3,4513.7,1.558,234682.0,10633924.0,1.13,5.236,1.56,19.1,,,28.76,29.25
1999-10-27 00:00:00+00:00,373.5,373.51,0.0,13376.87,35.6,0.79,2.24,4991.7,1.558,234682.0,10633924.0,1.1,5.236,1.56,19.1,,,28.26,29.25
1999-10-28 00:00:00+00:00,373.5,373.51,0.0,13376.87,35.6,0.79,2.24,4211.2,1.558,234682.0,10633924.0,1.1,5.236,1.56,19.1,,,28.01,28.51
1999-10-29 00:00:00+00:00,370.2,370.23,0.0,13259.53,35.2,0.79,2.22,6589.1,1.558,234682.0,10633924.0,1.09,5.236,1.56,19.1,,,27.77,28.76
1999-11-01 00:00:00+00:00,389.9,389.89,0.0,13963.57,37.1,0.79,2.34,8386.1,1.558,234682.0,10633924.0,1.14,5.236,1.56,19.1,,,29.25,30.0
1999-11-02 00:00:00+00:00,383.3,383.33,0.0,13728.89,36.5,0.79,2.3,3600.1,1.558,234682.0,10633924.0,1.13,5.236,1.56,19.1,,,28.76,29.25
1999-11-03 00:00:00+00:00,370.2,370.23,0.0,13259.53,35.2,0.79,2.22,5984.0,1.558,234682.0,10633924.0,1.09,5.236,1.56,19.1,,,28.01,29.01
1999-11-04 00:00:00+00:00,370.2,370.23,0.0,13259.53,35.2,0.79,2.22,9249.3,1.558,234682.0,10633924.0,1.09,5.236,1.56,19.1,,,27.77,28.76
1999-11-05 00:00:00+00:00,370.2,370.23,0.0,13259.53,35.2,0.79,2.22,7115.5,1.558,234682.0,10633924.0,1.09,5.236,1.56,19.1,,,27.77,28.26
1999-11-08 00:00:00+00:00,367.0,366.95,0.0,13142.19,34.9,0.79,2.2,5485.9,1.558,234682.0,10633924.0,1.08,5.236,1.56,19.1,,,27.27,28.01
1999-11-09 00:00:00+00:00,363.7,363.68,0.0,13024.84,34.6,0.79,2.18,5955.8,1.558,234682.0,10633924.0,1.07,5.236,1.56,19.1,,,27.52,28.26
1999-11-10 00:00:00+00:00,363.7,363.68,0.0,13024.84,34.6,0.79,2.18,4792.1,1.558,234682.0,10633924.0,1.07,5.236,1.56,19.1,,,27.52,28.01
1999-11-11 00:00:00+00:00,376.8,376.78,0.0,13494.21,35.9,0.79,2.26,8892.3,1.558,234682.0,10633924.0,1.11,5.236,1.56,19.1,,,27.77,28.76
1999-11-12 00:00:00+00:00,376.8,376.78,0.0,13494.21,35.9,0.79,2.26,,1.558,234682.0,10633924.0,1.11,5.236,1.56,19.1,,,,
1999-11-15 00:00:00+00:00,380.1,380.06,0.0,13611.55,36.2,0.79,2.28,5774.3,1.558,234682.0,10633924.0,1.12,5.236,1.56,19.1,,,28.26,29.01
1999-11-16 00:00:00+00:00,386.6,386.61,0.0,13846.23,36.8,0.79,2.32,18296.9,1.558,234682.0,10633924.0,1.14,5.236,1.56,19.1,,,29.01,30.25
1999-11-17 00:00:00+00:00,412.8,412.82,0.0,14784.96,39.3,0.79,2.48,33082.5,1.558,234682.0,10633924.0,1.21,5.236,1.56,19.1,,,29.75,31.24
1999-11-18 00:00:00+00:00,406.3,406.27,0.0,14550.27,38.7,0.79,2.44,31067.7,1.52,234682.0,10633924.0,1.19,5.195,1.52,19.25,,,30.74,31.98
1999-11-19 00:00:00+00:00,432.5,432.48,0.0,15489.0,41.2,0.79,2.6,43217.2,1.52,234682.0,10633924.0,1.27,5.195,1.52,19.25,,,30.49,32.72
1999-11-22 00:00:00+00:00,452.1,452.14,0.0,16193.05,40.6,0.84,2.71,37616.4,1.52,234682.0,10633924.0,1.33,5.195,1.52,19.25,,,33.22,35.2
1999-11-23 00:00:00+00:00,429.2,429.2,0.0,15371.66,38.5,0.84,2.58,22237.9,1.52,234682.0,10633924.0,1.26,5.195,1.52,19.25,,,32.23,34.96
1999-11-24 00:00:00+00:00,422.7,422.65,0.0,15136.98,37.9,0.84,2.54,15868.6,1.52,234682.0,10633924.0,1.24,5.195,1.52,19.25,,,31.48,32.48
1999-11-25 00:00:00+00:00,452.1,452.14,0.0,16193.05,40.6,0.84,2.71,47664.4,1.52,234682.0,10633924.0,1.33,5.195,1.52,19.25,,,31.48,34.21
1999-11-26 00:00:00+00:00,475.1,475.07,0.0,17014.44,42.6,0.84,2.85,123750.3,1.52,234682.0,10633924.0,1.39,5.195,1.52,19.25,,,33.72,36.44
1999-11-29 00:00:00+00:00,504.6,504.56,0.0,18070.5,45.3,0.84,3.03,73183.6,1.52,234682.0,10633924.0,1.48,5.195,1.52,19.25,,,37.19,38.43
1999-11-30 00:00:00+00:00,471.8,471.8,0.0,16897.1,42.4,0.84,2.83,30603.8,1.52,234682.0,10633924.0,1.39,5.195,1.52,19.25,,,35.7,38.18
1999-12-01 00:00:00+00:00,462.0,461.97,0.0,16545.07,41.5,0.84,2.77,19613.9,1.52,234682.0,10633924.0,1.36,5.195,1.52,19.25,,,33.72,35.45
1999-12-02 00:00:00+00:00,462.0,461.97,0.0,16545.07,41.5,0.84,2.77,17885.5,1.52,234682.0,10633924.0,1.36,5.195,1.52,19.25,,,34.71,35.95
1999-12-03 00:00:00+00:00,488.2,488.18,0.0,17483.8,43.8,0.84,2.93,34752.4,1.52,234682.0,10633924.0,1.43,5.195,1.52,19.25,,,34.96,36.94
1999-12-06 00:00:00+00:00,504.6,504.56,0.0,18070.5,45.3,0.84,3.03,40595.3,1.52,234682.0,10633924.0,1.48,5.195,1.52,19.25,,,36.94,38.67
1999-12-07 00:00:00+00:00,514.4,514.39,0.0,18422.53,46.2,0.84,3.09,48918.9,1.52,234682.0,10633924.0,1.51,5.195,1.52,19.25,,,38.43,40.16
1999-12-08 00:00:00+00:00,547.2,547.15,0.0,19595.94,49.1,0.84,3.28,78909.5,1.52,234682.0,10633924.0,1.61,5.195,1.52,19.25,,,39.42,41.4
1999-12-09 00:00:00+00:00,517.7,517.67,0.0,18539.87,46.5,0.84,3.11,45635.4,1.52,234682.0,10633924.0,1.52,5.195,1.52,19.25,,,39.17,42.14
1999-12-10 00:00:00+00:00,514.4,514.39,0.0,18422.53,46.2,0.84,3.09,37775.7,1.52,234682.0,10633924.0,1.51,5.195,1.52,19.25,,,36.69,39.67
1999-12-13 00:00:00+00:00,547.2,547.15,0.0,19595.94,49.1,0.84,3.28,43114.3,1.52,234682.0,10633924.0,1.61,5.195,1.52,19.25,,,38.92,41.4
1999-12-14 00:00:00+00:00,583.2,583.19,0.0,20886.69,52.4,0.84,3.5,68799.0,1.52,234682.0,10633924.0,1.71,5.195,1.52,19.25,,,41.4,44.13
1999-12-15 00:00:00+00:00,622.5,622.51,0.0,22294.78,55.9,0.84,3.74,29444.1,1.52,234682.0,10633924.0,1.83,5.195,1.52,19.25,,,47.1,47.1
1999-12-16 00:00:00+00:00,665.1,665.1,0.0,23820.21,59.7,0.84,3.99,8238.9,1.45,234682.0,10633924.0,1.95,3.285,1.45,30.44,,,50.33,50.33
1999-12-17 00:00:00+00:00,711.0,710.97,0.0,25462.98,63.8,0.84,4.27,6568.9,1.45,234682.0,10633924.0,2.09,3.285,1.45,30.44,,,53.8,53.8
1999-12-20 00:00:00+00:00,760.1,760.12,0.0,27223.1,68.2,0.84,4.56,63829.5,1.45,234682.0,10633924.0,2.23,3.285,1.45,30.44,,,54.54,57.52
1999-12-21 00:00:00+00:00,786.3,786.33,0.0,28161.83,70.6,0.84,4.72,71449.1,1.45,234682.0,10633924.0,2.31,3.285,1.45,30.44,,,57.52,61.48
1999-12-22 00:00:00+00:00,733.9,733.91,0.0,26284.38,65.9,0.84,4.4,40724.4,1.45,234682.0,10633924.0,2.15,3.285,1.45,30.44,,,55.53,58.01
1999-12-23 00:00:00+00:00,740.5,740.46,0.0,26519.05,66.5,0.84,4.44,35672.2,1.45,234682.0,10633924.0,2.17,3.285,1.45,30.44,,,54.54,58.26
1999-12-24 00:00:00+00:00,753.6,753.56,0.0,26988.42,67.6,0.84,4.52,37100.1,1.45,234682.0,10633924.0,2.21,3.285,1.45,30.44,,,56.03,57.76
1999-12-27 00:00:00+00:00,720.8,720.8,0.0,25815.01,64.7,0.84,4.33,30904.3,1.45,234682.0,10633924.0,2.12,3.285,1.45,30.44,,,54.54,59.0
1999-12-28 00:00:00+00:00,697.9,697.87,0.0,24993.62,62.6,0.84,4.19,32531.9,1.45,234682.0,10633924.0,2.05,3.285,1.45,30.44,,,51.07,54.29
1999-12-29 00:00:00+00:00,697.9,697.87,0.0,24993.62,62.6,0.84,4.19,,1.45,234682.0,10633924.0,2.05,3.285,1.45,30.44,,,,
1999-12-30 00:00:00+00:00,697.9,697.87,0.0,24993.62,62.6,0.84,4.19,,1.45,234682.0,10633924.0,2.05,3.285,1.45,30.44,,,,
1999-12-31 00:00:00+00:00,697.9,697.87,0.0,24993.62,62.6,0.84,4.19,,1.45,234682.0,10633924.0,2.05,3.285,1.45,30.44,,,,
2000-01-03 00:00:00+00:00,697.9,697.87,0.0,24993.62,62.6,0.84,3.55,,1.45,234682.0,14466819.0,20.13,3.285,1.45,30.44,,,,
2000-01-04 00:00:00+00:00,743.7,743.73,0.0,26636.39,66.8,0.84,3.79,20836.2,1.45,234682.0,14466819.0,21.45,3.285,1.45,30.44,,,54.79,56.28
2000-01-05 00:00:00+00:00,792.9,792.88,0.0,28396.51,71.2,0.84,4.04,70902.6,1.45,234682.0,14466819.0,22.87,3.285,1.45,30.44,,,56.52,59.99
2000-01-06 00:00:00+00:00,779.8,779.77,0.0,27927.14,70.0,0.84,3.97,64180.4,1.45,234682.0,14466819.0,22.49,3.285,1.45,30.44,,,58.51,62.47
2000-01-07 00:00:00+00:00,727.4,727.35,0.0,26049.69,65.3,0.84,3.7,37634.5,1.45,234682.0,14466819.0,20.98,3.285,1.45,30.44,,,55.04,58.01
2000-01-10 00:00:00+00:00,733.9,733.91,0.0,26284.38,65.9,0.84,3.74,35436.2,1.45,234682.0,14466819.0,21.17,3.285,1.45,30.44,,,55.04,57.02
2000-01-11 00:00:00+00:00,714.2,714.25,0.0,25580.33,64.1,0.84,3.64,40732.4,1.45,234682.0,14466819.0,20.6,3.285,1.45,30.44,,,53.3,58.51
2000-01-12 00:00:00+00:00,701.1,701.14,0.0,25110.96,62.9,0.84,3.57,27358.7,1.45,234682.0,14466819.0,20.22,3.285,1.45,30.44,,,52.06,55.04
2000-01-13 00:00:00+00:00,655.3,655.27,0.0,23468.19,58.8,0.84,3.34,32037.8,1.45,234682.0,14466819.0,18.9,3.285,1.45,30.44,,,49.58,52.8
2000-01-14 00:00:00+00:00,661.8,661.83,0.0,23702.87,59.4,0.84,3.37,38136.7,1.45,234682.0,14466819.0,19.09,3.285,1.45,30.44,,,49.09,51.57
2000-01-17 00:00:00+00:00,684.8,684.76,0.0,24524.26,61.5,0.84,3.49,32312.1,1.45,234682.0,14466819.0,19.75,3.285,1.45,30.44,,,49.58,52.56
2000-01-18 00:00:00+00:00,661.8,661.83,0.0,23702.87,59.4,0.84,3.37,16873.0,1.45,234682.0,14466819.0,19.09,3.285,1.45,30.44,,,49.83,52.31
2000-01-19 00:00:00+00:00,658.5,658.55,0.0,23585.53,59.1,0.84,3.35,13565.4,1.45,234682.0,14466819.0,18.99,3.285,1.45,30.44,,,49.83,51.07
2000-01-20 00:00:00+00:00,691.3,691.31,0.0,24758.94,62.1,0.84,3.52,33018.0,1.212,234682.0,14466819.0,19.94,2.419,1.21,41.34,,,50.33,52.8
2000-01-21 00:00:00+00:00,697.9,697.87,0.0,24993.62,62.6,0.84,3.55,48630.4,1.212,234682.0,14466819.0,20.13,2.419,1.21,41.34,,,52.56,54.79
2000-01-24 00:00:00+00:00,674.9,674.93,0.0,24172.23,60.6,0.84,3.44,17504.3,1.212,234682.0,14466819.0,19.47,2.419,1.21,41.34,,,51.07,53.55
2000-01-25 00:00:00+00:00,665.1,665.1,0.0,23820.21,59.7,0.84,3.39,12474.3,1.212,234682.0,14466819.0,19.18,2.419,1.21,41.34,,,49.58,50.57
2000-01-26 00:00:00+00:00,661.8,661.83,0.0,23702.87,59.4,0.84,3.37,12169.7,1.212,234682.0,14466819.0,19.09,2.419,1.21,41.34,,,49.83,51.57
2000-01-27 00:00:00+00:00,655.3,655.27,0.0,23468.19,58.8,0.84,3.34,13446.4,1.212,234682.0,14466819.0,18.9,2.419,1.21,41.34,,,49.58,50.82
2000-01-28 00:00:00+00:00,622.5,622.51,0.0,22294.78,55.9,0.84,3.17,16441.4,1.212,234682.0,14466819.0,17.95,2.419,1.21,41.34,,,46.11,50.33
2000-01-31 00:00:00+00:00,622.5,622.51,0.0,22294.78,55.9,0.84,3.17,13942.5,1.212,234682.0,14466819.0,17.95,2.419,1.21,41.34,,,46.11,47.6
2000-02-01 00:00:00+00:00,632.3,632.34,0.0,22646.8,56.8,0.84,3.22,12942.2,1.212,234682.0,14466819.0,18.24,2.419,1.21,41.34,,,46.86,48.09
2000-02-02 00:00:00+00:00,632.3,632.34,0.0,22646.8,56.8,0.84,3.22,,1.212,234682.0,14466819.0,18.24,2.419,1.21,41.34,,,,
2000-02-03 00:00:00+00:00,632.3,632.34,0.0,22646.8,56.8,0.84,3.22,,1.212,234682.0,14466819.0,18.24,2.419,1.21,41.34,,,,
2000-02-04 00:00:00+00:00,632.3,632.34,0.0,22646.8,56.8,0.84,3.22,,1.212,234682.0,14466819.0,18.24,2.419,1.21,41.34,,,,
2000-02-07 00:00:00+00:00,632.3,632.34,0.0,22646.8,56.8,0.84,3.22,,1.212,234682.0,14466819.0,18.24,2.419,1.21,41.34,,,,
2000-02-08 00:00:00+00:00,632.3,632.34,0.0,22646.8,56.8,0.84,3.22,,1.212,234682.0,14466819.0,18.24,2.419,1.21,41.34,,,,
2000-02-09 00:00:00+00:00,642.2,642.17,0.0,22998.82,57.6,0.84,3.27,15872.7,1.212,234682.0,14466819.0,18.52,2.419,1.21,41.34,,,48.59,50.57
2000-02-10 00:00:00+00:00,625.8,625.79,0.0,22412.12,56.2,0.84,3.19,8737.0,1.212,234682.0,14466819.0,18.05,2.419,1.21,41.34,,,46.61,48.59
2000-02-11 00:00:00+00:00,642.2,642.17,0.0,22998.82,57.6,0.84,3.27,21338.3,1.212,234682.0,14466819.0,18.52,2.419,1.21,41.34,,,47.6,50.08
2000-02-14 00:00:00+00:00,622.5,622.51,0.0,22294.78,55.9,0.84,3.17,7918.2,1.212,234682.0,14466819.0,17.95,2.419,1.21,41.34,,,47.1,48.84
2000-02-15 00:00:00+00:00,665.1,665.1,0.0,23820.21,59.7,0.84,3.39,20202.9,1.212,234682.0,14466819.0,19.18,2.419,1.21,41.34,,,47.1,50.33
2000-02-16 00:00:00+00:00,671.7,671.65,0.0,24054.89,60.3,0.84,3.42,30456.5,1.212,234682.0,14466819.0,19.37,2.419,1.21,41.34,,,50.57,52.06
2000-02-17 00:00:00+00:00,697.9,697.87,0.0,24993.62,62.6,0.84,3.55,30783.3,1.307,234682.0,14466819.0,20.13,2.596,1.31,38.53,,,51.07,53.05
2000-02-18 00:00:00+00:00,665.1,665.1,0.0,23820.21,59.7,0.84,3.39,20116.1,1.307,234682.0,14466819.0,19.18,2.596,1.31,38.53,,,50.33,54.29
2000-02-21 00:00:00+00:00,632.3,632.34,0.0,22646.8,56.8,0.84,3.22,13139.8,1.307,234682.0,14466819.0,18.24,2.596,1.31,38.53,,,47.35,51.32
2000-02-22 00:00:00+00:00,645.4,645.44,0.0,23116.16,57.9,0.84,3.29,13305.2,1.307,234682.0,14466819.0,18.62,2.596,1.31,38.53,,,46.61,49.09
2000-02-23 00:00:00+00:00,629.1,629.06,0.0,22529.46,56.5,0.84,3.2,6107.0,1.307,234682.0,14466819.0,18.14,2.596,1.31,38.53,,,47.1,49.09
2000-02-24 00:00:00+00:00,645.4,645.44,0.0,23116.16,57.9,0.84,3.29,13414.1,1.307,234682.0,14466819.0,18.62,2.596,1.31,38.53,,,48.59,50.08
2000-02-25 00:00:00+00:00,625.8,625.79,0.0,22412.12,56.2,0.84,3.19,10812.4,1.307,234682.0,14466819.0,18.05,2.596,1.31,38.53,,,47.1,49.83
2000-02-28 00:00:00+00:00,625.8,625.79,0.0,22412.12,56.2,0.84,3.19,,1.307,234682.0,14466819.0,18.05,2.596,1.31,38.53,,,,
2000-02-29 00:00:00+00:00,622.5,622.51,0.0,22294.78,55.9,0.84,3.17,5572.6,1.307,234682.0,14466819.0,17.95,2.596,1.31,38.53,,,46.86,48.59
2000-03-01 00:00:00+00:00,632.3,632.34,0.0,22646.8,56.8,0.84,3.22,5038.1,1.307,234682.0,14466819.0,18.24,2.596,1.31,38.53,,,47.6,48.34
2000-03-02 00:00:00+00:00,629.1,629.06,0.0,22529.46,56.5,0.84,3.2,16068.3,1.307,234682.0,14466819.0,18.14,2.596,1.31,38.53,,,47.6,49.58
2000-03-03 00:00:00+00:00,635.6,635.61,0.0,22764.14,57.1,0.84,3.24,6560.8,1.307,234682.0,14466819.0,18.33,2.596,1.31,38.53,,,47.85,48.59
2000-03-06 00:00:00+00:00,655.3,655.27,0.0,23468.19,58.8,0.84,3.34,12960.3,1.307,234682.0,14466819.0,18.9,2.596,1.31,38.53,,,48.59,50.33
2000-03-07 00:00:00+00:00,701.1,701.14,0.0,25110.96,62.9,0.84,3.57,50371.0,1.307,234682.0,14466819.0,20.22,2.596,1.31,38.53,,,50.08,53.05
2000-03-08 00:00:00+00:00,697.9,697.87,0.0,24993.62,62.6,0.84,3.55,81848.1,1.307,234682.0,14466819.0,20.13,2.596,1.31,38.53,,,52.56,55.78
2000-03-09 00:00:00+00:00,743.7,743.73,0.0,26636.39,66.8,0.84,3.79,73425.7,1.307,234682.0,14466819.0,21.45,2.596,1.31,38.53,,,52.56,56.28
2000-03-10 00:00:00+00:00,766.7,766.67,0.0,27457.78,68.8,0.84,3.9,97638.1,1.307,234682.0,14466819.0,22.11,2.596,1.31,38.53,,,57.76,59.99
2000-03-13 00:00:00+00:00,717.5,717.52,0.0,25697.67,64.4,0.84,3.65,40585.2,1.307,234682.0,14466819.0,20.69,2.596,1.31,38.53,,,54.04,58.01
2000-03-14 00:00:00+00:00,727.4,727.35,0.0,26049.69,65.3,0.84,3.7,28857.2,1.307,234682.0,14466819.0,20.98,2.596,1.31,38.53,,,51.81,56.03
2000-03-15 00:00:00+00:00,678.2,678.21,0.0,24289.57,60.9,0.84,3.45,20457.0,1.307,234682.0,14466819.0,19.56,2.596,1.31,38.53,,,51.32,55.53
2000-03-16 00:00:00+00:00,671.7,671.65,0.0,24054.89,60.3,0.84,3.42,15747.6,1.588,234682.0,14466819.0,19.37,2.884,1.59,34.68,,,47.85,51.07
2000-03-17 00:00:00+00:00,655.3,655.27,0.0,23468.19,58.8,0.84,3.34,13993.0,1.588,234682.0,14466819.0,18.9,2.884,1.59,34.68,,,48.59,51.07
2000-03-20 00:00:00+00:00,632.3,632.34,0.0,22646.8,56.8,0.84,3.22,16225.6,1.588,234682.0,14466819.0,18.24,2.884,1.59,34.68,,,47.85,49.33
2000-03-21 00:00:00+00:00,674.9,674.93,0.0,24172.23,60.6,0.84,3.44,26898.8,1.588,234682.0,14466819.0,19.47,2.884,1.59,34.68,,,47.85,51.07
2000-03-22 00:00:00+00:00,720.8,720.8,0.0,25815.01,64.7,0.84,3.67,14545.6,1.588,234682.0,14466819.0,20.79,2.884,1.59,34.68,,,54.54,54.54
2000-03-23 00:00:00+00:00,769.9,769.95,0.0,27575.12,69.1,0.84,3.92,5421.3,1.588,234682.0,14466819.0,22.21,2.884,1.59,34.68,,,58.26,58.26
2000-03-24 00:00:00+00:00,822.4,822.37,0.0,29452.58,73.8,0.84,4.19,70337.9,1.588,234682.0,14466819.0,23.72,2.884,1.59,34.68,,,59.25,62.23
2000-03-27 00:00:00+00:00,838.7,838.75,0.0,30039.29,75.3,0.84,4.27,53218.8,1.588,234682.0,14466819.0,24.19,2.884,1.59,34.68,,,62.47,66.44
2000-03-28 00:00:00+00:00,855.1,855.13,0.0,30625.99,76.8,0.84,4.35,43459.2,1.588,234682.0,14466819.0,24.66,2.884,1.59,34.68,,,59.99,64.7
2000-03-29 00:00:00+00:00,845.3,845.3,0.0,30273.96,75.9,0.84,4.3,40089.1,1.588,234682.0,14466819.0,24.38,2.884,1.59,34.68,,,61.73,66.19
2000-03-30 00:00:00+00:00,828.9,828.92,0.0,29687.26,74.4,0.84,4.22,28599.0,1.588,234682.0,14466819.0,23.91,2.884,1.59,34.68,,,61.48,65.45
2000-03-31 00:00:00+00:00,779.8,779.77,0.0,27927.14,70.0,0.84,3.97,33919.5,1.588,234682.0,14466819.0,22.49,2.884,1.59,34.68,,,58.51,61.98
2000-04-03 00:00:00+00:00,779.8,779.77,0.0,27927.14,70.0,0.84,3.97,,1.588,234682.0,14466819.0,22.49,2.884,1.59,34.68,,,,
2000-04-04 00:00:00+00:00,779.8,779.77,0.0,27927.14,70.0,0.84,3.97,,1.588,234682.0,14466819.0,22.49,2.884,1.59,34.68,,,,
2000-04-05 00:00:00+00:00,760.1,760.12,0.0,27223.1,68.2,0.84,3.87,19789.4,1.588,234682.0,14466819.0,21.92,2.884,1.59,34.68,,,56.28,58.75
2000-04-06 00:00:00+00:00,714.2,714.25,0.0,25580.33,64.1,0.84,3.64,28754.3,1.588,234682.0,14466819.0,20.6,2.884,1.59,34.68,,,53.55,57.02
2000-04-07 00:00:00+00:00,763.4,763.39,0.0,27340.44,68.5,0.84,3.89,40254.4,1.588,234682.0,14466819.0,22.02,2.884,1.59,34.68,,,54.54,57.76
2000-04-10 00:00:00+00:00,730.6,730.63,0.0,26167.03,65.6,0.84,3.72,26612.4,1.588,234682.0,14466819.0,21.07,2.884,1.59,34.68,,,53.55,57.27
2000-04-11 00:00:00+00:00,720.8,720.8,0.0,25815.01,64.7,0.84,3.67,25648.4,1.588,234682.0,14466819.0,20.79,2.884,1.59,34.68,,,54.29,57.02
2000-04-12 00:00:00+00:00,727.4,727.35,0.0,26049.69,65.3,0.84,3.7,21511.8,1.588,234682.0,14466819.0,20.98,2.884,1.59,34.68,,,54.54,56.77
2000-04-13 00:00:00+00:00,737.2,737.18,0.0,26401.71,66.2,0.84,3.75,39173.4,1.588,234682.0,14466819.0,21.26,2.884,1.59,34.68,,,53.55,56.52
2000-04-14 00:00:00+00:00,688.0,688.04,0.0,24641.6,61.8,0.84,3.5,14827.9,1.588,234682.0,14466819.0,19.84,2.884,1.59,34.68,,,52.06,55.53
2000-04-17 00:00:00+00:00,622.5,622.51,0.0,22294.78,55.9,0.84,3.17,23621.4,1.588,234682.0,14466819.0,17.95,2.884,1.59,34.68,,,45.37,47.85
2000-04-18 00:00:00+00:00,619.2,619.23,0.0,22177.44,55.6,0.84,3.15,26789.9,1.588,234682.0,14466819.0,17.86,2.884,1.59,34.68,,,46.86,49.33
2000-04-19 00:00:00+00:00,612.7,612.68,0.0,21942.76,55.0,0.84,3.12,40226.2,1.588,234682.0,14466819.0,17.67,2.884,1.59,34.68,,,45.62,49.58
2000-04-20 00:00:00+00:00,619.2,619.23,0.0,22177.44,55.6,0.84,3.15,29724.4,1.61,234682.0,14466819.0,17.86,3.435,1.61,29.11,,,45.12,47.35
2000-04-21 00:00:00+00:00,622.5,622.51,0.0,22294.78,55.9,0.84,3.17,28034.3,1.61,234682.0,14466819.0,17.95,3.435,1.61,29.11,,,46.11,48.09
2000-04-24 00:00:00+00:00,579.9,579.92,0.0,20769.35,52.1,0.84,2.95,13884.0,1.61,234682.0,14466819.0,16.73,3.435,1.61,29.11,,,43.88,46.61
2000-04-25 00:00:00+00:00,576.6,576.64,0.0,20652.01,51.8,0.84,2.94,17518.4,1.61,234682.0,14466819.0,16.63,3.435,1.61,29.11,,,40.91,44.38
2000-04-26 00:00:00+00:00,537.3,537.32,0.0,19243.91,48.2,0.84,2.74,7700.4,1.61,234682.0,14466819.0,15.5,3.435,1.61,29.11,,,40.66,43.88
2000-04-27 00:00:00+00:00,501.3,501.28,0.0,17953.16,45.0,0.84,2.55,15475.3,1.61,234682.0,14466819.0,14.46,3.435,1.61,29.11,,,37.93,40.66
2000-04-28 00:00:00+00:00,504.6,504.56,0.0,18070.5,45.3,0.84,2.57,30260.9,1.61,234682.0,14466819.0,14.55,3.435,1.61,29.11,,,37.68,39.42
2000-05-01 00:00:00+00:00,504.6,504.56,0.0,18070.5,45.3,0.84,2.57,,1.61,234682.0,14466819.0,14.55,3.435,1.61,29.11,,,,
2000-05-02 00:00:00+00:00,504.6,504.56,0.0,18070.5,45.3,0.84,2.57,21253.6,1.61,234682.0,14466819.0,14.55,3.435,1.61,29.11,,,38.18,41.4
2000-05-03 00:00:00+00:00,471.8,471.8,0.0,16897.1,42.4,0.84,2.4,11802.6,1.61,234682.0,14466819.0,13.61,3.435,1.61,29.11,,,35.7,37.68
2000-05-04 00:00:00+00:00,498.0,498.01,0.0,17835.82,44.7,0.84,2.54,28913.7,1.61,234682.0,14466819.0,14.36,3.435,1.61,29.11,,,36.19,38.18
2000-05-05 00:00:00+00:00,514.4,514.39,0.0,18422.53,46.2,0.84,2.62,27042.0,1.61,234682.0,14466819.0,14.84,3.435,1.61,29.11,,,37.43,39.67
2000-05-08 00:00:00+00:00,517.7,517.67,0.0,18539.87,46.5,0.84,2.64,14523.4,1.61,234682.0,14466819.0,14.93,3.435,1.61,29.11,,,39.17,40.91
2000-05-09 00:00:00+00:00,517.7,517.67,0.0,18539.87,46.5,0.84,2.64,9925.0,1.61,234682.0,14466819.0,14.93,3.435,1.61,29.11,,,38.67,39.67
2000-05-10 00:00:00+00:00,517.7,517.67,0.0,18539.87,46.5,0.84,2.64,11225.8,1.61,234682.0,14466819.0,14.93,3.435,1.61,29.11,,,38.67,40.66
2000-05-11 00:00:00+00:00,494.7,494.73,0.0,17718.48,44.4,0.84,2.52,6663.7,1.61,234682.0,14466819.0,14.27,3.435,1.61,29.11,,,36.69,38.92
2000-05-12 00:00:00+00:00,511.1,511.11,0.0,18305.19,45.9,0.84,2.6,12474.3,1.61,234682.0,14466819.0,14.74,3.435,1.61,29.11,,,37.93,39.67
2000-05-15 00:00:00+00:00,478.3,478.35,0.0,17131.78,42.9,0.84,2.44,5108.7,1.61,234682.0,14466819.0,13.8,3.435,1.61,29.11,,,36.19,39.17
2000-05-16 00:00:00+00:00,511.1,511.11,0.0,18305.19,45.9,0.84,2.6,10683.3,1.61,234682.0,14466819.0,14.74,3.435,1.61,29.11,,,36.94,38.67
2000-05-17 00:00:00+00:00,543.9,543.88,0.0,19478.59,48.8,0.84,2.77,16860.9,1.61,234682.0,14466819.0,15.69,3.435,1.61,29.11,,,39.67,41.15
2000-05-18 00:00:00+00:00,543.9,543.88,0.0,19478.59,48.8,0.84,2.77,22719.9,1.67,234682.0,14466819.0,15.69,4.317,1.67,23.16,,,39.91,42.14
2000-05-19 00:00:00+00:00,543.9,543.88,0.0,19478.59,48.8,0.84,2.77,8704.8,1.67,234682.0,14466819.0,15.69,4.317,1.67,23.16,,,40.16,41.15
2000-05-22 00:00:00+00:00,507.8,507.84,0.0,18187.85,45.6,0.84,2.59,6677.8,1.67,234682.0,14466819.0,14.65,4.317,1.67,23.16,,,38.18,39.91
2000-05-23 00:00:00+00:00,511.1,511.11,0.0,18305.19,45.9,0.84,2.6,10106.5,1.67,234682.0,14466819.0,14.74,4.317,1.67,23.16,,,38.18,39.67
2000-05-24 00:00:00+00:00,484.9,484.9,0.0,17366.46,43.5,0.84,2.47,6117.1,1.67,234682.0,14466819.0,13.99,4.317,1.67,23.16,,,36.69,38.18
2000-05-25 00:00:00+00:00,481.6,481.63,0.0,17249.12,43.2,0.84,2.45,7599.5,1.67,234682.0,14466819.0,13.89,4.317,1.67,23.16,,,36.19,38.18
2000-05-26 00:00:00+00:00,488.2,488.18,0.0,17483.8,43.8,0.84,2.49,5598.8,1.67,234682.0,14466819.0,14.08,4.317,1.67,23.16,,,35.95,36.94
2000-05-29 00:00:00+00:00,488.2,488.18,0.0,17483.8,43.8,0.84,2.49,6718.1,1.67,234682.0,14466819.0,14.08,4.317,1.67,23.16,,,36.94,38.18
2000-05-30 00:00:00+00:00,498.0,498.01,0.0,17835.82,44.7,0.84,2.54,7738.7,1.67,234682.0,14466819.0,14.36,4.317,1.67,23.16,,,36.69,38.18
2000-05-31 00:00:00+00:00,527.5,527.49,0.0,18891.89,47.4,0.84,2.69,18764.8,1.67,234682.0,14466819.0,15.21,4.317,1.67,23.16,,,38.67,40.16
2000-06-01 00:00:00+00:00,514.4,514.39,0.0,18422.53,46.2,0.84,2.62,5286.2,1.67,234682.0,14466819.0,14.84,4.317,1.67,23.16,,,38.67,39.91
2000-06-02 00:00:00+00:00,520.9,520.94,0.0,18657.21,46.8,0.84,2.65,8271.1,1.67,234682.0,14466819.0,15.02,4.317,1.67,23.16,,,39.17,40.66
2000-06-05 00:00:00+00:00,514.4,514.39,0.0,18422.53,46.2,0.84,2.62,13656.1,1.67,234682.0,14466819.0,14.84,4.317,1.67,23.16,,,38.18,40.91
2000-06-06 00:00:00+00:00,514.4,514.39,0.0,18422.53,46.2,0.84,2.62,,1.67,234682.0,14466819.0,14.84,4.317,1.67,23.16,,,,
2000-06-07 00:00:00+00:00,547.2,547.15,0.0,19595.94,49.1,0.84,2.79,16352.7,1.67,234682.0,14466819.0,15.78,4.317,1.67,23.16,,,37.43,41.4
2000-06-08 00:00:00+00:00,547.2,547.15,0.0,19595.94,49.1,0.84,2.79,23625.5,1.67,234682.0,14466819.0,15.78,4.317,1.67,23.16,,,40.16,41.65
2000-06-09 00:00:00+00:00,550.4,550.44,0.0,20151.66,49.4,0.84,2.8,32985.3,1.67,287881.0,14466819.0,15.88,4.317,1.67,23.16,,,41.65,42.84
2000-06-12 00:00:00+00:00,550.4,550.44,0.0,20151.66,49.4,0.84,2.8,9218.6,1.67,287881.0,14466819.0,15.88,4.317,1.67,23.16,,,41.05,41.95
2000-06-13 00:00:00+00:00,534.7,534.71,0.0,19575.9,48.0,0.84,2.72,6484.1,1.67,287881.0,14466819.0,15.42,4.317,1.67,23.16,,,40.16,41.65
2000-06-14 00:00:00+00:00,542.6,542.57,0.0,19863.78,48.7,0.84,2.76,5438.7,1.67,287881.0,14466819.0,15.65,4.317,1.67,23.16,,,40.76,41.65
2000-06-15 00:00:00+00:00,530.8,530.78,0.0,19431.96,47.6,0.84,2.7,3581.6,1.71,287881.0,14466819.0,15.31,4.225,1.71,23.67,,,40.16,41.35
2000-06-16 00:00:00+00:00,538.6,538.64,0.0,19719.84,48.4,0.84,2.74,5596.7,1.71,287881.0,14466819.0,15.53,4.225,1.71,23.67,,,40.16,41.35
2000-06-19 00:00:00+00:00,554.4,554.37,0.0,20295.61,49.8,0.84,2.82,8337.9,1.71,287881.0,14466819.0,15.99,4.225,1.71,23.67,,,40.46,41.95
2000-06-20 00:00:00+00:00,542.6,542.57,0.0,19863.78,48.7,0.84,2.76,7374.9,1.71,287881.0,14466819.0,15.65,4.225,1.71,23.67,,,41.05,42.84
2000-06-21 00:00:00+00:00,542.6,542.57,0.0,19863.78,48.7,0.84,2.76,13371.6,1.71,287881.0,14466819.0,15.65,4.225,1.71,23.67,,,41.05,42.84
2000-06-22 00:00:00+00:00,578.0,577.96,0.0,21159.25,51.9,0.84,2.94,22378.4,1.71,287881.0,14466819.0,16.67,4.225,1.71,23.67,,,41.35,43.73
2000-06-23 00:00:00+00:00,566.2,566.16,0.0,20727.43,50.8,0.84,2.88,12744.7,1.71,287881.0,14466819.0,16.33,4.225,1.71,23.67,,,42.84,44.03
2000-06-26 00:00:00+00:00,538.6,538.64,0.0,19719.84,48.4,0.84,2.74,7895.9,1.71,287881.0,14466819.0,15.53,4.225,1.71,23.67,,,40.76,42.54
2000-06-27 00:00:00+00:00,546.5,546.5,0.0,20007.72,49.1,0.84,2.78,7751.4,1.71,287881.0,14466819.0,15.76,4.225,1.71,23.67,,,41.05,42.24
2000-06-28 00:00:00+00:00,546.5,546.5,0.0,20007.72,49.1,0.84,2.78,7815.2,1.71,287881.0,14466819.0,15.76,4.225,1.71,23.67,,,40.46,41.95
2000-06-29 00:00:00+00:00,538.6,538.64,0.0,19719.84,48.4,0.84,2.74,10069.0,1.71,287881.0,14466819.0,15.53,4.225,1.71,23.67,,,39.57,41.95
2000-06-30 00:00:00+00:00,538.6,538.64,0.0,19719.84,48.4,0.84,2.74,4978.2,1.71,287881.0,14466819.0,15.53,4.225,1.71,23.67,,,40.46,41.65
2000-07-03 00:00:00+00:00,507.2,507.19,0.0,18568.32,45.5,0.84,2.58,5021.9,1.71,287881.0,14466819.0,14.63,4.225,1.71,23.67,,,38.08,41.05
2000-07-04 00:00:00+00:00,471.8,471.8,0.0,17272.86,42.4,0.84,2.4,5164.8,1.71,287881.0,14466819.0,13.61,4.225,1.71,23.67,,,35.7,38.38
2000-07-05 00:00:00+00:00,503.3,503.26,0.0,18424.38,45.2,0.84,2.56,15018.7,1.71,287881.0,14466819.0,14.51,4.225,1.71,23.67,,,33.62,38.08
2000-07-06 00:00:00+00:00,483.6,483.6,0.0,17704.68,43.4,0.84,2.46,12736.3,1.71,287881.0,14466819.0,13.95,4.225,1.71,23.67,,,36.59,38.97
2000-07-07 00:00:00+00:00,475.7,475.73,0.0,17416.79,42.7,0.84,2.42,6894.2,1.71,287881.0,14466819.0,13.72,4.225,1.71,23.67,,,35.7,37.78
2000-07-10 00:00:00+00:00,495.4,495.39,0.0,18136.5,44.5,0.84,2.52,11295.9,1.71,287881.0,14466819.0,14.29,4.225,1.71,23.67,,,34.81,38.08
2000-07-11 00:00:00+00:00,495.4,495.39,0.0,18136.5,44.5,0.84,2.52,8916.1,1.71,287881.0,14466819.0,14.29,4.225,1.71,23.67,,,37.19,38.67
2000-07-12 00:00:00+00:00,495.4,495.39,0.0,18136.5,44.5,0.84,2.52,6653.9,1.71,287881.0,14466819.0,14.29,4.225,1.71,23.67,,,36.89,38.38
2000-07-13 00:00:00+00:00,526.8,526.85,0.0,19288.02,47.3,0.84,2.68,18144.8,1.71,287881.0,14466819.0,15.19,4.225,1.71,23.67,,,38.38,39.86
2000-07-14 00:00:00+00:00,542.6,542.57,0.0,19863.78,48.7,0.84,2.76,14368.2,1.71,287881.0,14466819.0,15.65,4.225,1.71,23.67,,,40.16,41.65
2000-07-17 00:00:00+00:00,534.7,534.71,0.0,19575.9,48.0,0.84,2.72,3848.8,1.71,287881.0,14466819.0,15.42,4.225,1.71,23.67,,,40.16,41.35
2000-07-18 00:00:00+00:00,546.5,546.5,0.0,20007.72,49.1,0.84,2.78,13675.8,1.71,287881.0,14466819.0,15.76,4.225,1.71,23.67,,,39.86,41.65
2000-07-19 00:00:00+00:00,546.5,546.5,0.0,20007.72,49.1,0.84,2.78,6253.9,1.71,287881.0,14466819.0,15.76,4.225,1.71,23.67,,,40.46,41.35
2000-07-20 00:00:00+00:00,526.8,526.85,0.0,19288.02,47.3,0.84,2.68,3485.8,1.744,287881.0,14466819.0,15.19,4.217,1.74,23.71,,,39.27,41.05
2000-07-21 00:00:00+00:00,526.8,526.85,0.0,19288.02,47.3,0.84,2.68,7988.3,1.744,287881.0,14466819.0,15.19,4.217,1.74,23.71,,,39.27,40.76
2000-07-24 00:00:00+00:00,522.9,522.91,0.0,19144.08,46.9,0.84,2.66,3317.7,1.744,287881.0,14466819.0,15.08,4.217,1.74,23.71,,,39.27,40.46
2000-07-25 00:00:00+00:00,487.5,487.53,0.0,17848.62,43.8,0.84,2.48,5070.6,1.744,287881.0,14466819.0,14.06,4.217,1.74,23.71,,,36.89,39.57
2000-07-26 00:00:00+00:00,479.7,479.67,0.0,17560.73,43.1,0.84,2.44,6376.5,1.744,287881.0,14466819.0,13.83,4.217,1.74,23.71,,,35.7,37.78
2000-07-27 00:00:00+00:00,491.5,491.46,0.0,17992.55,44.1,0.84,2.5,6953.0,1.744,287881.0,14466819.0,14.17,4.217,1.74,23.71,,,34.51,37.19
2000-07-28 00:00:00+00:00,499.3,499.32,0.0,18280.44,44.8,0.84,2.54,7263.9,1.744,287881.0,14466819.0,14.4,4.217,1.74,23.71,,,36.0,38.38
2000-07-31 00:00:00+00:00,503.3,503.26,0.0,18424.38,45.2,0.84,2.56,6697.6,1.744,287881.0,14466819.0,14.51,4.217,1.74,23.71,,,36.89,38.08
2000-08-01 00:00:00+00:00,487.5,487.53,0.0,17848.62,43.8,0.84,2.48,5154.7,1.744,287881.0,14466819.0,14.06,4.217,1.74,23.71,,,36.89,38.67
2000-08-02 00:00:00+00:00,483.6,483.6,0.0,17704.68,43.4,0.84,2.46,3547.9,1.744,287881.0,14466819.0,13.95,4.217,1.74,23.71,,,36.0,37.48
2000-08-03 00:00:00+00:00,491.5,491.46,0.0,17992.55,44.1,0.84,2.5,5667.3,1.744,287881.0,14466819.0,14.17,4.217,1.74,23.71,,,35.4,37.48
2000-08-04 00:00:00+00:00,499.3,499.32,0.0,18280.44,44.8,0.84,2.54,11427.0,1.744,287881.0,14466819.0,14.4,4.217,1.74,23.71,,,37.19,38.67
2000-08-07 00:00:00+00:00,479.7,479.67,0.0,18152.98,43.1,0.84,2.44,5995.0,1.744,297590.0,14466819.0,13.83,4.217,1.74,23.71,,,35.4,36.59
2000-08-08 00:00:00+00:00,511.1,511.12,0.0,19343.34,45.9,0.84,2.6,12543.0,1.744,297590.0,14466819.0,14.74,4.217,1.74,23.71,,,36.29,38.67
2000-08-09 00:00:00+00:00,522.9,522.91,0.0,19789.73,46.9,0.84,2.66,22914.5,1.744,297590.0,14466819.0,15.08,4.217,1.74,23.71,,,38.08,40.16
2000-08-10 00:00:00+00:00,515.1,515.05,0.0,19492.14,46.2,0.84,2.62,8645.5,1.744,297590.0,14466819.0,14.85,4.217,1.74,23.71,,,38.38,39.57
2000-08-11 00:00:00+00:00,511.1,511.12,0.0,19343.34,45.9,0.84,2.6,11771.6,1.744,297590.0,14466819.0,14.74,4.217,1.74,23.71,,,38.67,39.86
2000-08-14 00:00:00+00:00,499.3,499.32,0.0,18896.96,44.8,0.84,2.54,5154.7,1.744,297590.0,14466819.0,14.4,4.217,1.74,23.71,,,37.78,38.97
2000-08-15 00:00:00+00:00,487.5,487.53,0.0,18450.57,43.8,0.84,2.48,4176.5,1.744,297590.0,14466819.0,14.06,4.217,1.74,23.71,,,36.89,38.38
2000-08-16 00:00:00+00:00,499.3,499.32,0.0,18896.96,44.8,0.84,2.54,6779.9,1.744,297590.0,14466819.0,14.4,4.217,1.74,23.71,,,36.59,38.08
2000-08-17 00:00:00+00:00,522.9,522.91,0.0,19789.73,46.9,0.84,2.66,15598.5,1.783,297590.0,14466819.0,15.08,4.833,1.78,20.69,,,37.78,40.16
2000-08-18 00:00:00+00:00,511.1,511.12,0.0,19343.34,45.9,0.84,2.6,19669.1,1.783,297590.0,14466819.0,14.74,4.833,1.78,20.69,,,38.67,41.35
2000-08-21 00:00:00+00:00,562.2,562.23,0.0,21277.68,50.5,0.84,2.86,41862.7,1.783,297590.0,14466819.0,16.22,4.833,1.78,20.69,,,41.35,43.73
2000-08-22 00:00:00+00:00,538.6,538.64,0.0,20384.91,48.4,0.84,2.74,12959.8,1.783,297590.0,14466819.0,15.53,4.833,1.78,20.69,,,40.46,42.24
2000-08-23 00:00:00+00:00,538.6,538.64,0.0,20384.91,48.4,0.84,2.74,,1.783,297590.0,14466819.0,15.53,4.833,1.78,20.69,,,,
2000-08-24 00:00:00+00:00,558.3,558.3,0.0,21128.88,50.1,0.84,2.84,17605.3,1.783,297590.0,14466819.0,16.1,4.833,1.78,20.69,,,41.05,42.54
2000-08-25 00:00:00+00:00,554.4,554.37,0.0,20980.09,49.8,0.84,2.82,18924.6,1.783,297590.0,14466819.0,15.99,4.833,1.78,20.69,,,41.95,43.43
2000-08-28 00:00:00+00:00,546.5,546.5,0.0,20682.5,49.1,0.84,2.78,14001.8,1.783,297590.0,14466819.0,15.76,4.833,1.78,20.69,,,41.35,42.54
2000-08-29 00:00:00+00:00,558.3,558.3,0.0,21128.88,50.1,0.84,2.84,17215.3,1.783,297590.0,14466819.0,16.1,4.833,1.78,20.69,,,39.86,42.24
2000-08-30 00:00:00+00:00,522.9,522.91,0.0,19789.73,46.9,0.84,2.66,12522.8,1.783,297590.0,14466819.0,15.08,4.833,1.78,20.69,,,39.57,42.24
2000-08-31 00:00:00+00:00,530.8,530.78,0.0,20087.32,47.6,0.84,2.7,19958.2,1.783,297590.0,14466819.0,15.31,4.833,1.78,20.69,,,39.27,41.05
2000-09-01 00:00:00+00:00,566.2,566.16,0.0,21426.47,50.8,0.84,2.88,28738.1,1.783,297590.0,14466819.0,16.33,4.833,1.78,20.69,,,40.16,42.84
2000-09-04 00:00:00+00:00,613.3,613.34,0.0,23212.01,55.1,0.84,3.12,47187.1,1.783,297590.0,14466819.0,17.69,4.833,1.78,20.69,,,45.22,47.3
2000-09-05 00:00:00+00:00,617.3,617.27,0.0,23360.8,55.4,0.84,3.14,20524.6,1.783,297590.0,14466819.0,17.8,4.833,1.78,20.69,,,45.22,47.0
2000-09-06 00:00:00+00:00,597.6,597.62,0.0,22616.83,53.6,0.84,3.04,39393.7,1.783,297590.0,14466819.0,17.24,4.833,1.78,20.69,,,44.62,48.49
2000-09-07 00:00:00+00:00,581.9,581.89,0.0,22021.65,52.2,0.84,2.96,19849.0,1.783,297590.0,14466819.0,16.78,4.833,1.78,20.69,,,43.14,45.22
2000-09-08 00:00:00+00:00,574.0,574.03,0.0,21724.06,51.5,0.84,2.92,19126.3,1.783,297590.0,14466819.0,16.56,4.833,1.78,20.69,,,43.43,45.22
2000-09-11 00:00:00+00:00,589.8,589.75,0.0,22319.24,52.9,0.84,3.0,14864.0,1.783,297590.0,14466819.0,17.01,4.833,1.78,20.69,,,43.43,44.62
2000-09-12 00:00:00+00:00,589.8,589.75,0.0,22319.24,52.9,0.84,3.0,,1.783,297590.0,14466819.0,17.01,4.833,1.78,20.69,,,,
2000-09-13 00:00:00+00:00,629.1,629.07,0.0,23807.19,56.5,0.84,3.2,25467.5,1.783,297590.0,14466819.0,18.14,4.833,1.78,20.69,,,44.03,47.6
2000-09-14 00:00:00+00:00,589.8,589.75,0.0,22319.24,52.9,0.84,3.0,19418.7,1.713,297590.0,14466819.0,17.01,3.836,1.71,26.07,,,44.33,47.6
2000-09-15 00:00:00+00:00,570.1,570.09,0.0,21575.27,51.2,0.84,2.9,23632.2,1.713,297590.0,14466819.0,16.44,3.836,1.71,26.07,,,42.84,46.71
2000-09-18 00:00:00+00:00,550.4,550.44,0.0,20831.29,49.4,0.84,2.8,10000.1,1.713,297590.0,14466819.0,15.88,3.836,1.71,26.07,,,41.35,42.84
2000-09-19 00:00:00+00:00,515.1,515.05,0.0,19492.14,46.2,0.84,2.62,16600.2,1.713,297590.0,14466819.0,14.85,3.836,1.71,26.07,,,38.97,42.84
2000-09-20 00:00:00+00:00,499.3,499.32,0.0,18896.96,44.8,0.84,2.54,15324.6,1.713,297590.0,14466819.0,14.4,3.836,1.71,26.07,,,36.89,40.46
2000-09-21 00:00:00+00:00,507.2,507.19,0.0,19194.55,45.5,0.84,2.58,11882.5,1.713,297590.0,14466819.0,14.63,3.836,1.71,26.07,,,36.89,38.97
2000-09-22 00:00:00+00:00,471.8,471.8,0.0,17855.39,42.4,0.84,2.4,11148.0,1.713,297590.0,14466819.0,13.61,3.836,1.71,26.07,,,35.7,38.08
2000-09-25 00:00:00+00:00,475.7,475.73,0.0,18004.19,42.7,0.84,2.42,8218.6,1.713,297590.0,14466819.0,13.72,3.836,1.71,26.07,,,34.51,36.59
2000-09-26 00:00:00+00:00,471.8,471.8,0.0,17855.39,42.4,0.84,2.4,13139.7,1.713,297590.0,14466819.0,13.61,3.836,1.71,26.07,,,33.62,36.0
2000-09-27 00:00:00+00:00,495.4,495.39,0.0,18748.16,44.5,0.84,2.52,18316.2,1.713,297590.0,14466819.0,14.29,3.836,1.71,26.07,,,34.51,37.78
2000-09-28 00:00:00+00:00,491.5,491.46,0.0,18599.37,44.1,0.84,2.5,16726.3,1.713,297590.0,14466819.0,14.17,3.836,1.71,26.07,,,36.89,38.67
2000-09-29 00:00:00+00:00,475.7,475.73,0.0,18004.19,42.7,0.84,2.42,12201.8,1.713,297590.0,14466819.0,13.72,3.836,1.71,26.07,,,35.7,38.08
2000-10-02 00:00:00+00:00,416.8,416.76,0.0,15772.26,37.4,0.84,2.12,9104.3,1.713,297590.0,14466819.0,12.02,3.836,1.71,26.07,,,31.53,34.51
2000-10-03 00:00:00+00:00,405.0,404.96,0.0,15325.88,36.4,0.84,2.06,15037.2,1.713,297590.0,14466819.0,11.68,3.836,1.71,26.07,,,29.33,32.43
2000-10-04 00:00:00+00:00,390.8,390.81,0.0,14790.21,35.1,0.84,1.99,1450.4,1.713,297590.0,14466819.0,11.27,3.836,1.71,26.07,,,29.57,29.57
2000-10-05 00:00:00+00:00,382.9,382.95,0.0,14492.63,34.4,0.84,1.95,12924.5,1.713,297590.0,14466819.0,11.04,3.836,1.71,26.07,,,28.56,29.51
2000-10-06 00:00:00+00:00,408.9,408.9,0.0,15474.67,36.7,0.84,2.08,14813.6,1.713,297590.0,14466819.0,11.79,3.836,1.71,26.07,,,29.21,30.94
2000-10-09 00:00:00+00:00,412.8,412.83,0.0,15623.47,37.1,0.84,2.1,5090.8,1.713,297590.0,14466819.0,11.91,3.836,1.71,26.07,,,31.24,32.13
2000-10-10 00:00:00+00:00,412.8,412.83,0.0,15623.47,37.1,0.84,2.1,,1.713,297590.0,14466819.0,11.91,3.836,1.71,26.07,,,,
2000-10-11 00:00:00+00:00,401.0,401.03,0.0,15177.08,36.0,0.84,2.04,1126.1,1.713,297590.0,14466819.0,11.57,3.836,1.71,26.07,,,30.34,30.34
2000-10-12 00:00:00+00:00,373.5,373.51,0.0,14135.52,33.5,0.84,1.9,7722.5,1.713,297590.0,14466819.0,10.77,3.836,1.71,26.07,,,28.26,29.04
2000-10-13 00:00:00+00:00,371.2,371.15,0.0,14046.24,33.3,0.84,1.89,12038.1,1.713,297590.0,14466819.0,10.7,3.836,1.71,26.07,,,26.3,28.26
2000-10-16 00:00:00+00:00,345.2,345.2,0.0,13064.19,31.0,0.84,1.76,24470.2,1.713,297590.0,14466819.0,9.96,3.836,1.71,26.07,,,26.12,30.05
2000-10-17 00:00:00+00:00,321.6,321.61,0.0,12171.42,28.9,0.84,1.64,17015.5,1.713,297590.0,14466819.0,9.28,3.836,1.71,26.07,,,24.34,26.12
2000-10-18 00:00:00+00:00,299.6,299.59,0.0,11338.17,26.9,0.84,1.53,5403.7,1.713,297590.0,14466819.0,8.64,3.836,1.71,26.07,,,22.67,22.91
2000-10-19 00:00:00+00:00,279.1,279.15,0.0,10564.44,25.1,0.84,1.42,1157.8,1.935,297590.0,14466819.0,8.05,7.95,1.94,12.58,,,21.12,21.12
2000-10-20 00:00:00+00:00,294.9,294.88,0.0,11159.62,26.5,0.84,1.5,40937.6,1.935,297590.0,14466819.0,8.5,7.95,1.94,12.58,,,20.53,22.55
2000-10-23 00:00:00+00:00,295.7,295.66,0.0,11189.38,26.5,0.84,1.51,13386.7,1.935,297590.0,14466819.0,8.53,7.95,1.94,12.58,,,21.66,23.15
2000-10-24 00:00:00+00:00,316.1,316.11,0.0,11963.11,28.4,0.84,1.61,8010.2,1.935,297590.0,14466819.0,9.12,7.95,1.94,12.58,,,22.31,23.92
2000-10-25 00:00:00+00:00,338.1,338.13,0.0,12796.36,30.4,0.84,1.72,22053.0,1.935,297590.0,14466819.0,9.75,7.95,1.94,12.58,,,24.93,25.58
2000-10-26 00:00:00+00:00,330.3,330.26,0.0,12498.77,29.6,0.84,1.68,19894.4,1.935,297590.0,14466819.0,9.53,7.95,1.94,12.58,,,24.69,25.7
2000-10-27 00:00:00+00:00,329.5,329.48,0.0,12469.01,29.6,0.84,1.68,23372.5,1.935,297590.0,14466819.0,9.5,7.95,1.94,12.58,,,24.93,26.66
2000-10-30 00:00:00+00:00,318.5,318.47,0.0,12052.39,28.6,0.84,1.62,424.4,1.935,297590.0,14466819.0,9.18,7.95,1.94,12.58,,,24.1,24.1
2000-10-31 00:00:00+00:00,307.5,307.46,0.0,11635.76,27.6,0.84,1.57,12998.7,1.935,297590.0,14466819.0,8.87,7.95,1.94,12.58,,,23.26,23.98
2000-11-01 00:00:00+00:00,298.8,298.81,0.0,11308.41,26.8,0.84,1.52,26703.0,1.935,297590.0,14466819.0,8.62,7.95,1.94,12.58,,,22.49,23.98
2000-11-02 00:00:00+00:00,305.1,305.1,0.0,11546.48,27.4,0.84,1.55,42878.8,1.935,297590.0,14466819.0,8.8,7.95,1.94,12.58,,,22.43,23.56
2000-11-03 00:00:00+00:00,326.3,326.33,0.0,12349.98,29.3,0.84,1.66,62129.0,1.935,297590.0,14466819.0,9.41,7.95,1.94,12.58,,,23.92,24.69
2000-11-06 00:00:00+00:00,349.1,349.13,0.0,13212.99,31.3,0.84,1.78,50118.2,1.935,297590.0,14466819.0,10.07,7.95,1.94,12.58,,,24.99,26.48
2000-11-07 00:00:00+00:00,373.5,373.51,0.0,14135.52,33.5,0.84,1.9,48727.6,1.935,297590.0,14466819.0,10.77,7.95,1.94,12.58,,,26.48,28.26
2000-11-08 00:00:00+00:00,397.1,397.1,0.0,15028.29,21.2,1.42,2.02,50290.5,1.935,297590.0,14466819.0,11.45,7.95,1.94,12.58,,,28.32,30.05
2000-11-09 00:00:00+00:00,390.8,390.81,0.0,14790.21,20.9,1.42,1.99,31107.8,1.935,297590.0,14466819.0,11.27,7.95,1.94,12.58,,,28.08,29.75
2000-11-10 00:00:00+00:00,397.1,397.1,0.0,15028.29,21.2,1.42,2.02,45407.8,1.935,297590.0,14466819.0,11.45,7.95,1.94,12.58,,,28.74,30.34
2000-11-13 00:00:00+00:00,369.6,369.58,0.0,13986.72,19.7,1.42,1.88,12476.2,1.935,297590.0,14466819.0,10.66,7.95,1.94,12.58,,,27.96,28.98
2000-11-14 00:00:00+00:00,368.0,368.01,0.0,13927.2,19.7,1.42,1.87,30894.6,1.935,297590.0,14466819.0,10.61,7.95,1.94,12.58,,,27.37,28.86
2000-11-15 00:00:00+00:00,362.5,362.5,0.0,13718.89,19.4,1.42,1.85,29506.7,1.935,297590.0,14466819.0,10.45,7.95,1.94,12.58,,,27.25,29.45
2000-11-16 00:00:00+00:00,337.3,337.34,0.0,12766.6,18.0,1.42,1.72,17975.0,1.931,297590.0,14466819.0,9.73,6.933,1.93,14.42,,,25.53,27.25
2000-11-17 00:00:00+00:00,338.9,338.91,0.0,12826.12,18.1,1.42,1.73,20425.1,1.931,297590.0,14466819.0,9.77,6.933,1.93,14.42,,,23.74,25.64
2000-11-20 00:00:00+00:00,338.1,338.13,0.0,12796.36,18.1,1.42,1.72,96690.2,1.931,297590.0,14466819.0,9.75,6.933,1.93,14.42,,,25.17,26.18
2000-11-21 00:00:00+00:00,361.7,361.72,0.0,13689.13,19.3,1.42,1.84,74177.0,1.931,297590.0,14466819.0,10.43,6.933,1.93,14.42,,,25.11,27.37
2000-11-22 00:00:00+00:00,360.1,360.14,0.0,13629.61,19.2,1.42,1.83,85004.0,1.931,297590.0,14466819.0,10.39,6.933,1.93,14.42,,,26.77,28.86
2000-11-23 00:00:00+00:00,359.4,359.36,0.0,13599.86,19.2,1.42,1.83,22571.2,1.931,297590.0,14466819.0,10.36,6.933,1.93,14.42,,,26.3,27.25
2000-11-24 00:00:00+00:00,379.8,379.8,0.0,14373.59,20.3,1.42,1.93,60242.1,1.931,297590.0,14466819.0,10.95,6.933,1.93,14.42,,,27.79,28.98
2000-11-27 00:00:00+00:00,371.9,371.94,0.0,14076.0,19.9,1.42,1.89,30936.8,1.931,297590.0,14466819.0,10.73,6.933,1.93,14.42,,,28.02,29.15
2000-11-28 00:00:00+00:00,375.1,375.08,0.0,14195.04,20.0,1.42,1.91,45491.0,1.931,297590.0,14466819.0,10.82,6.933,1.93,14.42,,,27.79,28.86
2000-11-29 00:00:00+00:00,389.2,389.24,0.0,14730.7,20.8,1.42,1.98,73693.6,1.931,297590.0,14466819.0,11.23,6.933,1.93,14.42,,,28.14,29.45
2000-11-30 00:00:00+00:00,375.9,375.87,0.0,14224.79,20.1,1.42,1.91,34372.3,1.931,297590.0,14466819.0,10.84,6.933,1.93,14.42,,,28.44,30.05
2000-12-01 00:00:00+00:00,375.9,375.87,0.0,14224.79,20.1,1.42,1.91,26594.7,1.931,297590.0,14466819.0,10.84,6.933,1.93,14.42,,,27.49,28.44
2000-12-04 00:00:00+00:00,363.3,363.29,0.0,13748.65,19.4,1.42,1.85,16922.9,1.931,297590.0,14466819.0,10.48,6.933,1.93,14.42,,,27.49,28.38
2000-12-05 00:00:00+00:00,350.7,350.71,0.0,13423.96,18.7,1.42,1.79,30672.3,1.931,300986.0,14466819.0,10.11,6.933,1.93,14.42,,,26.54,27.73
2000-12-06 00:00:00+00:00,342.8,342.84,0.0,13122.98,18.3,1.42,1.75,64096.4,1.931,300986.0,14466819.0,9.89,6.933,1.93,14.42,,,25.94,28.38
2000-12-07 00:00:00+00:00,342.8,342.84,0.0,13122.98,18.3,1.42,1.75,36009.5,1.931,300986.0,14466819.0,9.89,6.933,1.93,14.42,,,25.76,26.54
2000-12-08 00:00:00+00:00,341.3,341.27,0.0,13062.79,18.2,1.42,1.74,33800.5,1.931,300986.0,14466819.0,9.84,6.933,1.93,14.42,,,25.76,26.66
2000-12-11 00:00:00+00:00,335.0,334.98,0.0,12821.99,17.9,1.42,1.71,20130.1,1.931,300986.0,14466819.0,9.66,6.933,1.93,14.42,,,25.29,26.12
2000-12-12 00:00:00+00:00,348.3,348.35,0.0,13333.67,18.6,1.42,1.77,29132.9,1.931,300986.0,14466819.0,10.05,6.933,1.93,14.42,,,25.47,26.36
2000-12-13 00:00:00+00:00,340.5,340.48,0.0,13032.68,18.2,1.42,1.73,9801.6,1.931,300986.0,14466819.0,9.82,6.933,1.93,14.42,,,25.64,26.36
2000-12-14 00:00:00+00:00,342.1,342.06,0.0,13092.89,18.3,1.42,1.74,16671.3,1.97,300986.0,14466819.0,9.87,7.471,1.97,13.39,,,25.41,26.12
2000-12-15 00:00:00+00:00,338.1,338.13,0.0,12942.39,18.1,1.42,1.72,7756.0,1.97,300986.0,14466819.0,9.75,7.471,1.97,13.39,,,25.47,25.88
2000-12-18 00:00:00+00:00,315.3,315.32,0.0,12069.53,16.8,1.42,1.61,4869.0,1.97,300986.0,14466819.0,9.09,7.471,1.97,13.39,,,23.86,24.45
2000-12-19 00:00:00+00:00,304.3,304.31,0.0,11648.15,16.3,1.42,1.55,1434.1,1.97,300986.0,14466819.0,8.78,7.471,1.97,13.39,,,23.03,23.03
2000-12-20 00:00:00+00:00,294.1,294.09,0.0,11256.87,15.7,1.42,1.5,479.0,1.97,300986.0,14466819.0,8.48,7.471,1.97,13.39,,,22.25,22.25
2000-12-21 00:00:00+00:00,283.9,283.87,0.0,10865.59,15.2,1.42,1.45,228.2,1.97,300986.0,14466819.0,8.19,7.471,1.97,13.39,,,21.48,21.48
2000-12-22 00:00:00+00:00,274.4,274.43,0.0,10504.4,14.7,1.42,1.4,13275.3,1.97,300986.0,14466819.0,7.91,7.471,1.97,13.39,,,20.77,21.48
2000-12-25 00:00:00+00:00,274.4,274.43,0.0,10504.4,14.7,1.42,1.4,,1.97,300986.0,14466819.0,7.91,7.471,1.97,13.39,,,,
2000-12-26 00:00:00+00:00,265.0,265.0,0.0,10143.22,14.2,1.42,1.35,8019.6,1.97,300986.0,14466819.0,7.64,7.471,1.97,13.39,,,20.05,21.12
2000-12-27 00:00:00+00:00,256.3,256.35,0.0,9812.14,13.7,1.42,1.31,518.9,1.97,300986.0,14466819.0,7.39,7.471,1.97,13.39,,,19.4,19.4
2000-12-28 00:00:00+00:00,259.5,259.49,0.0,9932.53,13.9,1.42,1.32,28956.5,1.97,300986.0,14466819.0,7.48,7.471,1.97,13.39,,,18.74,19.63
2000-12-29 00:00:00+00:00,250.8,250.84,0.0,9601.45,13.4,1.42,1.28,6528.3,1.97,300986.0,14466819.0,7.23,7.471,1.97,13.39,,,18.98,19.63
2001-01-01 00:00:00+00:00,250.8,250.84,0.0,9601.45,13.4,1.42,1.03,,1.97,300986.0,19202000.0,4.75,7.471,1.97,13.39,,,,
2001-01-02 00:00:00+00:00,249.3,249.27,0.0,9541.25,13.3,1.42,1.02,48913.2,1.97,300986.0,19202000.0,4.72,7.471,1.97,13.39,,,17.08,19.46
2001-01-03 00:00:00+00:00,257.9,257.92,0.0,9872.33,13.8,1.42,1.06,49463.8,1.97,300986.0,19202000.0,4.89,7.471,1.97,13.39,,,17.73,19.69
2001-01-04 00:00:00+00:00,275.2,275.22,0.0,10534.5,14.7,1.42,1.13,47977.9,1.97,300986.0,19202000.0,5.21,7.471,1.97,13.39,,,20.47,20.82
2001-01-05 00:00:00+00:00,294.1,294.09,0.0,11256.87,15.7,1.42,1.21,82939.1,1.97,300986.0,19202000.0,5.57,7.471,1.97,13.39,,,20.77,22.25
2001-01-08 00:00:00+00:00,306.7,306.67,0.0,11738.45,16.4,1.42,1.26,73446.9,1.97,300986.0,19202000.0,5.81,7.471,1.97,13.39,,,21.66,23.8
2001-01-09 00:00:00+00:00,325.5,325.54,0.0,12460.81,17.4,1.42,1.34,56364.0,1.97,300986.0,19202000.0,6.17,7.471,1.97,13.39,,,23.44,24.69
2001-01-10 00:00:00+00:00,314.5,314.53,0.0,12039.43,16.8,1.42,1.29,37273.5,1.97,300986.0,19202000.0,5.96,7.471,1.97,13.39,,,23.2,24.63
2001-01-11 00:00:00+00:00,312.2,312.18,0.0,11949.14,16.7,1.42,1.28,50179.2,1.97,300986.0,19202000.0,5.91,7.471,1.97,13.39,,,23.26,24.69
2001-01-12 00:00:00+00:00,318.5,318.47,0.0,12189.93,17.0,1.42,1.31,58375.1,1.97,300986.0,19202000.0,6.03,7.471,1.97,13.39,,,23.56,24.39
2001-01-15 00:00:00+00:00,318.5,318.47,0.0,12189.93,17.0,1.42,1.31,14596.0,1.97,300986.0,19202000.0,6.03,7.471,1.97,13.39,,,23.26,24.28
2001-01-16 00:00:00+00:00,340.5,340.48,0.0,13032.68,18.2,1.42,1.4,18476.2,1.97,300986.0,19202000.0,6.45,7.471,1.97,13.39,,,24.1,25.76
2001-01-17 00:00:00+00:00,364.1,364.07,0.0,13935.64,19.5,1.42,1.5,58235.3,1.97,300986.0,19202000.0,6.9,7.471,1.97,13.39,,,26.89,27.55
2001-01-18 00:00:00+00:00,375.9,375.87,0.0,14387.12,20.1,1.42,1.54,60268.1,1.951,300986.0,19202000.0,7.12,7.57,1.95,13.21,,,26.95,29.1
2001-01-19 00:00:00+00:00,375.9,375.87,0.0,14387.12,20.1,1.42,1.54,,1.951,300986.0,19202000.0,7.12,7.57,1.95,13.21,,,,
2001-01-22 00:00:00+00:00,375.9,375.87,0.0,14387.12,20.1,1.42,1.54,,1.951,300986.0,19202000.0,7.12,7.57,1.95,13.21,,,,
2001-01-23 00:00:00+00:00,375.9,375.87,0.0,14387.12,20.1,1.42,1.54,,1.951,300986.0,19202000.0,7.12,7.57,1.95,13.21,,,,
2001-01-24 00:00:00+00:00,375.9,375.87,0.0,14387.12,20.1,1.42,1.54,,1.951,300986.0,19202000.0,7.12,7.57,1.95,13.21,,,,
2001-01-25 00:00:00+00:00,375.9,375.87,0.0,14387.12,20.1,1.42,1.54,,1.951,300986.0,19202000.0,7.12,7.57,1.95,13.21,,,,
2001-01-26 00:00:00+00:00,375.9,375.87,0.0,14387.12,20.1,1.42,1.54,,1.951,300986.0,19202000.0,7.12,7.57,1.95,13.21,,,,
2001-01-29 00:00:00+00:00,356.2,356.21,0.0,13634.66,19.0,1.42,1.46,37943.3,1.951,300986.0,19202000.0,6.75,7.57,1.95,13.21,,,26.95,29.63
2001-01-30 00:00:00+00:00,380.6,380.59,0.0,14567.71,20.3,1.42,1.56,37516.6,1.951,300986.0,19202000.0,7.21,7.57,1.95,13.21,,,27.19,28.8
2001-01-31 00:00:00+00:00,383.7,383.73,0.0,14688.11,20.5,1.42,1.58,51555.9,1.951,300986.0,19202000.0,7.27,7.57,1.95,13.21,,,29.04,30.34
2001-02-01 00:00:00+00:00,379.8,379.8,0.0,14537.61,20.3,1.42,1.56,28237.6,1.951,300986.0,19202000.0,7.19,7.57,1.95,13.21,,,28.14,29.57
2001-02-02 00:00:00+00:00,386.9,386.88,0.0,14808.5,20.7,1.42,1.59,39011.9,1.951,300986.0,19202000.0,7.33,7.57,1.95,13.21,,,28.92,30.34
2001-02-05 00:00:00+00:00,371.9,371.94,0.0,14236.63,19.9,1.42,1.53,21516.2,1.951,300986.0,19202000.0,7.05,7.57,1.95,13.21,,,27.37,29.15
2001-02-06 00:00:00+00:00,367.2,367.22,0.0,14056.04,19.6,1.42,1.51,37060.1,1.951,300986.0,19202000.0,6.96,7.57,1.95,13.21,,,27.25,29.45
2001-02-07 00:00:00+00:00,364.9,364.86,0.0,13965.74,19.5,1.42,1.5,28270.8,1.951,300986.0,19202000.0,6.91,7.57,1.95,13.21,,,26.77,28.32
2001-02-08 00:00:00+00:00,373.5,373.51,0.0,14296.83,20.0,1.42,1.53,28151.6,1.951,300986.0,19202000.0,7.08,7.57,1.95,13.21,,,27.61,28.56
2001-02-09 00:00:00+00:00,397.1,397.1,0.0,15199.79,21.2,1.42,1.63,54476.8,1.951,300986.0,19202000.0,7.52,7.57,1.95,13.21,,,27.96,30.05
2001-02-12 00:00:00+00:00,412.8,412.83,0.0,15801.76,22.1,1.42,1.7,60090.0,1.951,300986.0,19202000.0,7.82,7.57,1.95,13.21,,,30.34,32.13
2001-02-13 00:00:00+00:00,440.3,440.35,0.0,16855.21,23.5,1.42,1.81,43337.6,1.951,300986.0,19202000.0,8.34,7.57,1.95,13.21,,,31.83,33.32
2001-02-14 00:00:00+00:00,428.6,428.55,0.0,16403.73,22.9,1.42,1.76,49536.4,1.951,300986.0,19202000.0,8.12,7.57,1.95,13.21,,,32.13,34.81
2001-02-15 00:00:00+00:00,440.3,440.35,0.0,16855.21,23.5,1.42,1.81,41040.3,1.927,300986.0,19202000.0,8.34,5.781,1.93,17.3,,,33.02,34.51
2001-02-16 00:00:00+00:00,432.5,432.49,0.0,16554.22,23.1,1.42,1.78,28475.1,1.927,300986.0,19202000.0,8.19,5.781,1.93,17.3,,,31.83,34.51
2001-02-19 00:00:00+00:00,444.3,444.28,0.0,17005.7,23.7,1.42,1.82,26334.6,1.927,300986.0,19202000.0,8.42,5.781,1.93,17.3,,,30.94,33.62
2001-02-20 00:00:00+00:00,440.3,440.35,0.0,16855.21,23.5,1.42,1.81,41121.5,1.927,300986.0,19202000.0,8.34,5.781,1.93,17.3,,,32.72,34.81
2001-02-21 00:00:00+00:00,432.5,432.49,0.0,16554.22,23.1,1.42,1.78,15190.2,1.927,300986.0,19202000.0,8.19,5.781,1.93,17.3,,,31.53,33.02
2001-02-22 00:00:00+00:00,432.5,432.49,0.0,16554.22,23.1,1.42,1.78,33953.7,1.927,300986.0,19202000.0,8.19,5.781,1.93,17.3,,,32.13,33.32
2001-02-23 00:00:00+00:00,432.5,432.49,0.0,16554.22,23.1,1.42,1.78,21772.0,1.927,300986.0,19202000.0,8.19,5.781,1.93,17.3,,,32.43,33.32
2001-02-26 00:00:00+00:00,444.3,444.28,0.0,17005.7,23.7,1.42,1.82,24179.8,1.927,300986.0,19202000.0,8.42,5.781,1.93,17.3,,,32.72,33.91
2001-02-27 00:00:00+00:00,452.1,452.14,0.0,17306.69,24.2,1.42,1.86,50353.0,1.927,300986.0,19202000.0,8.56,5.781,1.93,17.3,,,33.91,35.7
2001-02-28 00:00:00+00:00,452.1,452.14,0.0,17306.69,24.2,1.42,1.86,,1.927,300986.0,19202000.0,8.56,5.781,1.93,17.3,,,,
2001-03-01 00:00:00+00:00,420.7,420.69,0.0,16102.74,22.5,1.42,1.73,23452.4,1.927,300986.0,19202000.0,7.97,5.781,1.93,17.3,,,31.83,34.21
2001-03-02 00:00:00+00:00,405.0,404.96,0.0,15500.77,21.6,1.42,1.66,23346.8,1.927,300986.0,19202000.0,7.67,5.781,1.93,17.3,,,29.63,32.13
2001-03-05 00:00:00+00:00,424.6,424.62,0.0,16253.23,22.7,1.42,1.74,23284.0,1.927,300986.0,19202000.0,8.04,5.781,1.93,17.3,,,30.34,32.13
2001-03-06 00:00:00+00:00,416.8,416.76,0.0,15952.25,22.3,1.42,1.71,23699.3,1.927,300986.0,19202000.0,7.89,5.781,1.93,17.3,,,31.53,33.02
2001-03-07 00:00:00+00:00,444.3,444.28,0.0,17005.7,23.7,1.42,1.82,27619.8,1.927,300986.0,19202000.0,8.42,5.781,1.93,17.3,,,32.43,33.62
2001-03-08 00:00:00+00:00,456.1,456.08,0.0,17457.18,24.4,1.42,1.87,24398.3,1.927,300986.0,19202000.0,8.64,5.781,1.93,17.3,,,33.02,34.51
2001-03-09 00:00:00+00:00,452.1,452.14,0.0,17306.69,24.2,1.42,1.86,18406.4,1.927,300986.0,19202000.0,8.56,5.781,1.93,17.3,,,33.32,34.51
2001-03-12 00:00:00+00:00,420.7,420.69,0.0,16102.74,22.5,1.42,1.73,13346.9,1.927,300986.0,19202000.0,7.97,5.781,1.93,17.3,,,31.83,33.32
2001-03-13 00:00:00+00:00,436.4,436.42,0.0,16704.71,23.3,1.42,1.79,11473.6,1.927,300986.0,19202000.0,8.27,5.781,1.93,17.3,,,30.64,33.32
2001-03-14 00:00:00+00:00,448.2,448.21,0.0,17156.2,23.9,1.42,1.84,11227.6,1.927,300986.0,19202000.0,8.49,5.781,1.93,17.3,,,33.02,34.21
2001-03-15 00:00:00+00:00,460.0,460.01,0.0,17607.67,24.6,1.42,1.89,36072.5,1.96,300986.0,19202000.0,8.71,5.934,1.96,16.85,,,33.32,34.81
2001-03-16 00:00:00+00:00,432.5,432.49,0.0,16554.22,23.1,1.42,1.78,19560.6,1.96,300986.0,19202000.0,8.19,5.934,1.96,16.85,,,32.72,34.51
2001-03-19 00:00:00+00:00,408.9,408.9,0.0,15651.27,21.8,1.42,1.68,9867.4,1.96,300986.0,19202000.0,7.75,5.934,1.96,16.85,,,30.94,32.72
2001-03-20 00:00:00+00:00,420.7,420.69,0.0,16102.74,22.5,1.42,1.73,11582.4,1.96,300986.0,19202000.0,7.97,5.934,1.96,16.85,,,31.24,32.13
2001-03-21 00:00:00+00:00,420.7,420.69,0.0,16102.74,22.5,1.42,1.73,6402.1,1.96,300986.0,19202000.0,7.97,5.934,1.96,16.85,,,31.83,32.43
2001-03-22 00:00:00+00:00,436.4,436.42,0.0,16704.71,23.3,1.42,1.79,17148.4,1.96,300986.0,19202000.0,8.27,5.934,1.96,16.85,,,31.53,33.02
2001-03-23 00:00:00+00:00,420.7,420.69,0.0,16102.74,22.5,1.42,1.73,17691.6,1.96,300986.0,19202000.0,7.97,5.934,1.96,16.85,,,31.53,33.62
2001-03-26 00:00:00+00:00,440.3,440.35,0.0,16855.21,23.5,1.42,1.81,25361.1,1.96,300986.0,19202000.0,8.34,5.934,1.96,16.85,,,31.83,33.62
2001-03-27 00:00:00+00:00,456.1,456.08,0.0,17457.18,24.4,1.42,1.87,50184.3,1.96,300986.0,19202000.0,8.64,5.934,1.96,16.85,,,33.02,35.1
2001-03-28 00:00:00+00:00,471.8,471.8,0.0,18059.15,25.2,1.42,1.94,49486.6,1.96,300986.0,19202000.0,8.94,5.934,1.96,16.85,,,35.4,36.89
2001-03-29 00:00:00+00:00,487.5,487.53,0.0,18661.13,26.0,1.42,2.0,32272.6,1.96,300986.0,19202000.0,9.23,5.934,1.96,16.85,,,35.1,36.89
2001-03-30 00:00:00+00:00,463.9,463.94,0.0,17758.16,24.8,1.42,1.91,30430.8,1.96,300986.0,19202000.0,8.79,5.934,1.96,16.85,,,35.1,37.78
2001-04-02 00:00:00+00:00,444.3,444.28,0.0,17005.7,23.7,1.42,1.82,12900.0,1.96,300986.0,19202000.0,8.42,5.934,1.96,16.85,,,33.02,35.7
2001-04-03 00:00:00+00:00,448.2,448.21,0.0,17156.2,23.9,1.42,1.84,19103.1,1.96,300986.0,19202000.0,8.49,5.934,1.96,16.85,,,32.72,34.81
2001-04-04 00:00:00+00:00,440.3,440.35,0.0,16855.21,23.5,1.42,1.81,15788.2,1.96,300986.0,19202000.0,8.34,5.934,1.96,16.85,,,32.43,34.51
2001-04-05 00:00:00+00:00,440.3,440.35,0.0,16855.21,23.5,1.42,1.81,,1.96,300986.0,19202000.0,8.34,5.934,1.96,16.85,,,,
2001-04-06 00:00:00+00:00,456.1,456.08,0.0,17457.18,24.4,1.42,1.87,27799.7,1.96,300986.0,19202000.0,8.64,5.934,1.96,16.85,,,34.21,35.4
2001-04-09 00:00:00+00:00,444.3,444.28,0.0,17005.7,23.7,1.42,1.82,11441.3,1.96,300986.0,19202000.0,8.42,5.934,1.96,16.85,,,33.32,34.21
2001-04-10 00:00:00+00:00,440.3,440.35,0.0,16855.21,23.5,1.42,1.81,16227.6,1.96,300986.0,19202000.0,8.34,5.934,1.96,16.85,,,33.02,34.81
2001-04-11 00:00:00+00:00,463.9,463.94,0.0,17758.16,24.8,1.42,1.91,22712.4,1.96,300986.0,19202000.0,8.79,5.934,1.96,16.85,,,33.91,35.1
2001-04-12 00:00:00+00:00,471.8,471.8,0.0,18059.15,25.2,1.42,1.94,23091.2,1.96,300986.0,19202000.0,8.94,5.934,1.96,16.85,,,35.1,36.29
2001-04-13 00:00:00+00:00,471.8,471.8,0.0,18059.15,25.2,1.42,1.94,42124.5,1.96,300986.0,19202000.0,8.94,5.934,1.96,16.85,,,35.7,37.19
2001-04-16 00:00:00+00:00,448.2,448.21,0.0,17156.2,23.9,1.42,1.84,17204.6,1.96,300986.0,19202000.0,8.49,5.934,1.96,16.85,,,33.62,35.7
2001-04-17 00:00:00+00:00,448.2,448.21,0.0,17156.2,23.9,1.42,1.84,15908.3,1.96,300986.0,19202000.0,8.49,5.934,1.96,16.85,,,33.32,34.21
2001-04-18 00:00:00+00:00,460.0,460.01,0.0,17607.67,24.6,1.42,1.89,19373.2,1.96,300986.0,19202000.0,8.71,5.934,1.96,16.85,,,33.62,34.81
2001-04-19 00:00:00+00:00,456.1,456.08,0.0,17457.18,24.4,1.42,1.87,20452.8,1.903,300986.0,19202000.0,8.64,5.611,1.9,17.82,,,33.91,36.0
2001-04-20 00:00:00+00:00,456.1,456.08,0.0,17457.18,24.4,1.42,1.87,15777.8,1.903,300986.0,19202000.0,8.64,5.611,1.9,17.82,,,34.21,35.1
2001-04-23 00:00:00+00:00,452.1,452.14,0.0,17306.69,24.2,1.42,1.86,6609.1,1.903,300986.0,19202000.0,8.56,5.611,1.9,17.82,,,33.91,34.81
2001-04-24 00:00:00+00:00,456.1,456.08,0.0,17457.18,24.4,1.42,1.87,12383.0,1.903,300986.0,19202000.0,8.64,5.611,1.9,17.82,,,33.91,35.1
2001-04-25 00:00:00+00:00,448.2,448.21,0.0,17156.2,23.9,1.42,1.84,8716.3,1.903,300986.0,19202000.0,8.49,5.611,1.9,17.82,,,33.91,35.1
2001-04-26 00:00:00+00:00,440.3,440.35,0.0,16855.21,23.5,1.42,1.81,11198.0,1.903,300986.0,19202000.0,8.34,5.611,1.9,17.82,,,32.72,34.51
2001-04-27 00:00:00+00:00,436.4,436.42,0.0,16704.71,23.3,1.42,1.79,5722.6,1.903,300986.0,19202000.0,8.27,5.611,1.9,17.82,,,32.72,33.32
2001-04-30 00:00:00+00:00,412.8,412.83,0.0,15801.76,22.1,1.42,1.7,9373.6,1.903,300986.0,19202000.0,7.82,5.611,1.9,17.82,,,30.94,33.32
2001-05-01 00:00:00+00:00,412.8,412.83,0.0,15801.76,22.1,1.42,1.7,,1.903,300986.0,19202000.0,7.82,5.611,1.9,17.82,,,,
2001-05-02 00:00:00+00:00,397.1,397.1,0.0,15199.79,21.2,1.42,1.63,16526.4,1.903,300986.0,19202000.0,7.52,5.611,1.9,17.82,,,29.75,32.13
2001-05-03 00:00:00+00:00,405.0,404.96,0.0,15500.77,21.6,1.42,1.66,14446.5,1.903,300986.0,19202000.0,7.67,5.611,1.9,17.82,,,28.26,30.64
2001-05-04 00:00:00+00:00,376.7,376.66,0.0,14417.22,20.1,1.42,1.55,12922.2,1.903,300986.0,19202000.0,7.13,5.611,1.9,17.82,,,28.5,30.64
2001-05-07 00:00:00+00:00,382.9,382.95,0.0,14658.01,20.5,1.42,1.57,16269.6,1.903,300986.0,19202000.0,7.25,5.611,1.9,17.82,,,28.32,29.45
2001-05-08 00:00:00+00:00,369.6,369.58,0.0,14146.34,19.7,1.42,1.52,14689.3,1.903,300986.0,19202000.0,7.0,5.611,1.9,17.82,,,26.95,29.39
2001-05-09 00:00:00+00:00,371.9,371.94,0.0,14236.63,19.9,1.42,1.53,16391.1,1.903,300986.0,19202000.0,7.05,5.611,1.9,17.82,,,27.96,28.86
2001-05-10 00:00:00+00:00,346.0,345.99,0.0,13243.38,18.5,1.42,1.42,11579.3,1.903,300986.0,19202000.0,6.55,5.611,1.9,17.82,,,26.18,28.08
2001-05-11 00:00:00+00:00,357.8,357.78,0.0,13694.86,19.1,1.42,1.47,20675.2,1.903,300986.0,19202000.0,6.78,5.611,1.9,17.82,,,24.39,27.37
2001-05-14 00:00:00+00:00,345.2,345.2,0.0,13213.28,18.4,1.42,1.42,7986.9,1.903,300986.0,19202000.0,6.54,5.611,1.9,17.82,,,25.58,26.72
2001-05-15 00:00:00+00:00,347.6,347.56,0.0,13303.57,18.6,1.42,1.43,8292.1,1.903,300986.0,19202000.0,6.58,5.611,1.9,17.82,,,25.88,26.77
2001-05-16 00:00:00+00:00,326.3,326.33,0.0,12490.91,17.4,1.42,1.34,14235.5,1.903,300986.0,19202000.0,6.18,5.611,1.9,17.82,,,24.51,26.3
2001-05-17 00:00:00+00:00,344.4,344.42,0.0,13183.18,18.4,1.42,1.41,22686.0,1.88,300986.0,19202000.0,6.52,7.148,1.88,13.99,,,23.92,26.12
2001-05-18 00:00:00+00:00,337.8,337.81,0.0,13283.33,18.0,1.42,1.39,34657.3,1.88,371043.0,19202000.0,6.4,7.148,1.88,13.99,,,25.49,26.7
2001-05-21 00:00:00+00:00,340.6,340.64,0.0,13394.64,18.2,1.42,1.4,21943.7,1.88,371043.0,19202000.0,6.45,7.148,1.88,13.99,,,25.28,26.06
2001-05-22 00:00:00+00:00,351.0,351.02,0.0,13802.79,18.8,1.42,1.44,33386.8,1.88,371043.0,19202000.0,6.65,7.148,1.88,13.99,,,26.42,27.56
2001-05-23 00:00:00+00:00,375.6,375.55,0.0,14767.5,20.1,1.42,1.54,32832.6,1.88,371043.0,19202000.0,7.11,7.148,1.88,13.99,,,26.13,28.42
2001-05-24 00:00:00+00:00,379.3,379.33,0.0,14915.92,20.3,1.42,1.56,49585.0,1.88,371043.0,19202000.0,7.19,7.148,1.88,13.99,,,28.42,29.77
2001-05-25 00:00:00+00:00,366.1,366.12,0.0,14396.45,19.6,1.42,1.5,16883.4,1.88,371043.0,19202000.0,6.94,7.148,1.88,13.99,,,27.49,28.56
2001-05-28 00:00:00+00:00,362.3,362.34,0.0,14248.04,19.4,1.42,1.49,11928.5,1.88,371043.0,19202000.0,6.86,7.148,1.88,13.99,,,27.06,28.2
2001-05-29 00:00:00+00:00,365.2,365.18,0.0,14359.36,19.5,1.42,1.5,18271.4,1.88,371043.0,19202000.0,6.92,7.148,1.88,13.99,,,27.42,28.35
2001-05-30 00:00:00+00:00,386.9,386.88,0.0,15212.75,20.7,1.42,1.59,39677.6,1.88,371043.0,19202000.0,7.33,7.148,1.88,13.99,,,28.2,29.27
2001-05-31 00:00:00+00:00,386.9,386.88,0.0,15212.75,20.7,1.42,1.59,24554.3,1.88,371043.0,19202000.0,7.33,7.148,1.88,13.99,,,28.77,29.7
2001-06-01 00:00:00+00:00,384.0,384.05,0.0,15101.44,20.5,1.42,1.58,28249.2,1.88,371043.0,19202000.0,7.27,7.148,1.88,13.99,,,28.77,30.13
2001-06-04 00:00:00+00:00,384.0,384.05,0.0,15101.44,20.5,1.42,1.58,15565.7,1.88,371043.0,19202000.0,7.27,7.148,1.88,13.99,,,28.77,29.42
2001-06-05 00:00:00+00:00,385.9,385.93,0.0,15175.65,20.6,1.42,1.59,17319.4,1.88,371043.0,19202000.0,7.31,7.148,1.88,13.99,,,29.06,29.49
2001-06-06 00:00:00+00:00,405.7,405.75,0.0,15954.84,21.7,1.42,1.67,34164.0,1.88,371043.0,19202000.0,7.69,7.148,1.88,13.99,,,29.84,31.06
2001-06-07 00:00:00+00:00,405.7,405.75,0.0,15954.84,21.7,1.42,1.67,30115.3,1.88,371043.0,19202000.0,7.69,7.148,1.88,13.99,,,30.63,31.49
2001-06-08 00:00:00+00:00,407.6,407.64,0.0,16029.05,21.8,1.42,1.67,29973.9,1.88,371043.0,19202000.0,7.72,7.148,1.88,13.99,,,30.42,31.84
2001-06-11 00:00:00+00:00,412.4,412.36,0.0,16214.57,22.0,1.42,1.69,13099.9,1.88,371043.0,19202000.0,7.81,7.148,1.88,13.99,,,30.49,31.2
2001-06-12 00:00:00+00:00,415.2,415.19,0.0,16325.88,22.2,1.42,1.71,19626.6,1.88,371043.0,19202000.0,7.86,7.148,1.88,13.99,,,30.84,31.99
2001-06-13 00:00:00+00:00,402.9,402.92,0.0,15843.53,21.5,1.42,1.66,12757.6,1.88,371043.0,19202000.0,7.63,7.148,1.88,13.99,,,30.49,31.7
2001-06-14 00:00:00+00:00,384.0,384.05,0.0,15101.44,20.5,1.42,1.58,14442.2,1.92,371043.0,19202000.0,7.27,6.111,1.92,16.36,,,28.99,30.27
2001-06-15 00:00:00+00:00,393.5,393.48,0.0,15472.48,21.0,1.42,1.62,13958.8,1.92,371043.0,19202000.0,7.45,6.111,1.92,16.36,,,28.92,29.77
2001-06-18 00:00:00+00:00,385.0,384.99,0.0,15138.54,20.6,1.42,1.58,5178.7,1.92,371043.0,19202000.0,7.29,6.111,1.92,16.36,,,29.13,29.63
2001-06-19 00:00:00+00:00,388.8,388.77,0.0,15286.96,20.8,1.42,1.6,7096.8,1.92,371043.0,19202000.0,7.36,6.111,1.92,16.36,,,28.92,29.56
2001-06-20 00:00:00+00:00,386.9,386.88,0.0,15212.75,20.7,1.42,1.59,6332.7,1.92,371043.0,19202000.0,7.33,6.111,1.92,16.36,,,29.27,29.77
2001-06-21 00:00:00+00:00,386.9,386.88,0.0,15212.75,20.7,1.42,1.59,14070.5,1.92,371043.0,19202000.0,7.33,6.111,1.92,16.36,,,29.27,29.99
2001-06-22 00:00:00+00:00,370.8,370.84,0.0,14581.98,19.8,1.42,1.52,13082.5,1.92,371043.0,19202000.0,7.02,6.111,1.92,16.36,,,27.85,29.49
2001-06-25 00:00:00+00:00,370.8,370.84,0.0,14581.98,19.8,1.42,1.52,,1.92,371043.0,19202000.0,7.02,6.111,1.92,16.36,,,,
2001-06-26 00:00:00+00:00,355.7,355.74,0.0,13988.31,19.0,1.42,1.46,11731.9,1.92,371043.0,19202000.0,6.74,6.111,1.92,16.36,,,26.27,28.27
2001-06-27 00:00:00+00:00,374.6,374.61,0.0,14730.4,20.0,1.42,1.54,18240.6,1.92,371043.0,19202000.0,7.1,6.111,1.92,16.36,,,27.13,28.35
2001-06-28 00:00:00+00:00,380.3,380.27,0.0,14953.02,20.3,1.42,1.56,9534.3,1.92,371043.0,19202000.0,7.2,6.111,1.92,16.36,,,27.85,29.06
2001-06-29 00:00:00+00:00,389.7,389.71,0.0,15324.06,20.8,1.42,1.6,21542.8,1.92,371043.0,19202000.0,7.38,6.111,1.92,16.36,,,29.13,29.99
2001-07-02 00:00:00+00:00,397.3,397.26,0.0,15620.9,21.2,1.42,1.63,12791.6,1.92,371043.0,19202000.0,7.53,6.111,1.92,16.36,,,29.13,30.13
2001-07-03 00:00:00+00:00,389.7,389.71,0.0,15324.06,20.8,1.42,1.6,14386.3,1.92,371043.0,19202000.0,7.38,6.111,1.92,16.36,,,29.49,30.42
2001-07-04 00:00:00+00:00,382.2,382.16,0.0,15027.23,20.4,1.42,1.57,8227.5,1.92,371043.0,19202000.0,7.24,6.111,1.92,16.36,,,28.35,29.49
2001-07-05 00:00:00+00:00,387.8,387.82,0.0,15249.86,20.7,1.42,1.59,9233.9,1.92,371043.0,19202000.0,7.35,6.111,1.92,16.36,,,28.63,29.63
2001-07-06 00:00:00+00:00,397.3,397.26,0.0,15620.9,21.2,1.42,1.63,20959.5,1.92,371043.0,19202000.0,7.53,6.111,1.92,16.36,,,29.13,30.84
2001-07-09 00:00:00+00:00,397.3,397.26,0.0,15620.9,21.2,1.42,1.63,11935.2,1.92,371043.0,19202000.0,7.53,6.111,1.92,16.36,,,29.84,30.49
2001-07-10 00:00:00+00:00,384.0,384.05,0.0,15101.44,20.5,1.42,1.58,12495.3,1.92,371043.0,19202000.0,7.27,6.111,1.92,16.36,,,28.99,30.34
2001-07-11 00:00:00+00:00,388.8,388.77,0.0,15286.96,20.8,1.42,1.6,18514.2,1.92,371043.0,19202000.0,7.36,6.111,1.92,16.36,,,28.92,29.84
2001-07-12 00:00:00+00:00,414.2,414.24,0.0,16288.78,22.1,1.42,1.7,37453.7,1.92,371043.0,19202000.0,7.85,6.111,1.92,16.36,,,29.92,31.34
2001-07-13 00:00:00+00:00,386.9,386.88,0.0,15212.75,20.7,1.42,1.59,25353.2,1.92,371043.0,19202000.0,7.33,6.111,1.92,16.36,,,29.27,31.56
2001-07-16 00:00:00+00:00,402.0,401.98,0.0,15806.42,21.5,1.42,1.65,23302.2,1.92,371043.0,19202000.0,7.61,6.111,1.92,16.36,,,28.92,30.42
2001-07-17 00:00:00+00:00,398.2,398.2,0.0,15658.0,21.3,1.42,1.64,17405.4,1.92,371043.0,19202000.0,7.54,6.111,1.92,16.36,,,29.77,30.84
2001-07-18 00:00:00+00:00,398.2,398.2,0.0,15658.0,21.3,1.42,1.64,32270.3,1.92,371043.0,19202000.0,7.54,6.111,1.92,16.36,,,30.13,30.99
2001-07-19 00:00:00+00:00,398.2,398.2,0.0,15658.0,21.3,1.42,1.64,32087.2,2.01,371043.0,19202000.0,7.54,6.669,2.01,15.0,,,29.42,30.99
2001-07-20 00:00:00+00:00,393.5,393.48,0.0,15472.48,21.0,1.42,1.62,17438.2,2.01,371043.0,19202000.0,7.45,6.669,2.01,15.0,,,29.7,30.42
2001-07-23 00:00:00+00:00,386.9,386.88,0.0,15212.75,20.7,1.42,1.59,18094.8,2.01,371043.0,19202000.0,7.33,6.669,2.01,15.0,,,28.99,30.13
2001-07-24 00:00:00+00:00,361.4,361.4,0.0,14210.93,19.3,1.42,1.48,18658.9,2.01,371043.0,19202000.0,6.85,6.669,2.01,15.0,,,27.27,28.92
2001-07-25 00:00:00+00:00,371.8,371.78,0.0,14619.08,19.9,1.42,1.53,25904.8,2.01,371043.0,19202000.0,7.04,6.669,2.01,15.0,,,26.77,28.35
2001-07-26 00:00:00+00:00,397.3,397.26,0.0,15620.9,21.2,1.42,1.63,33175.0,2.01,371043.0,19202000.0,7.53,6.669,2.01,15.0,,,27.56,30.06
2001-07-27 00:00:00+00:00,403.9,403.86,0.0,15880.63,21.6,1.42,1.66,55169.3,2.01,371043.0,19202000.0,7.65,6.669,2.01,15.0,,,30.34,31.7
2001-07-30 00:00:00+00:00,403.9,403.86,0.0,15880.63,21.6,1.42,1.66,,2.01,371043.0,19202000.0,7.65,6.669,2.01,15.0,,,,
2001-07-31 00:00:00+00:00,415.2,415.19,0.0,16325.88,22.2,1.42,1.71,21565.8,2.01,371043.0,19202000.0,7.86,6.669,2.01,15.0,,,30.2,31.42
2001-08-01 00:00:00+00:00,401.0,401.03,0.0,15769.32,21.4,1.42,1.65,15742.5,2.01,371043.0,19202000.0,7.6,6.669,2.01,15.0,,,30.2,31.7
2001-08-02 00:00:00+00:00,417.1,417.07,0.0,16400.09,22.3,1.42,1.71,33487.8,2.01,371043.0,19202000.0,7.9,6.669,2.01,15.0,,,30.56,31.7
2001-08-03 00:00:00+00:00,417.1,417.07,0.0,16400.09,22.3,1.42,1.71,42487.3,2.01,371043.0,19202000.0,7.9,6.669,2.01,15.0,,,31.06,32.7
2001-08-06 00:00:00+00:00,428.4,428.4,0.0,16845.34,22.9,1.42,1.76,24324.2,2.01,371043.0,19202000.0,8.11,6.669,2.01,15.0,,,31.27,32.42
2001-08-07 00:00:00+00:00,427.5,427.45,0.0,16808.23,22.8,1.42,1.76,18619.3,2.01,371043.0,19202000.0,8.1,6.669,2.01,15.0,,,31.84,32.63
2001-08-08 00:00:00+00:00,448.2,448.21,0.0,17624.53,23.9,1.42,1.84,65531.0,2.01,371043.0,19202000.0,8.49,6.669,2.01,15.0,,,32.84,34.56
2001-08-09 00:00:00+00:00,455.8,455.76,0.0,17921.36,24.4,1.42,1.87,42373.5,2.01,371043.0,19202000.0,8.63,6.669,2.01,15.0,,,33.49,34.99
2001-08-10 00:00:00+00:00,440.7,440.66,0.0,17327.7,23.5,1.42,1.81,27671.2,2.01,371043.0,19202000.0,8.35,6.669,2.01,15.0,,,32.63,34.49
2001-08-13 00:00:00+00:00,446.3,446.32,0.0,17550.32,23.8,1.42,1.83,25218.4,2.01,371043.0,19202000.0,8.45,6.669,2.01,15.0,,,33.2,34.34
2001-08-14 00:00:00+00:00,451.0,451.04,0.0,17735.84,24.1,1.42,1.85,22155.6,2.01,371043.0,19202000.0,8.54,6.669,2.01,15.0,,,33.27,34.27
2001-08-15 00:00:00+00:00,452.9,452.93,0.0,17810.05,24.2,1.42,1.86,30014.9,2.01,371043.0,19202000.0,8.58,6.669,2.01,15.0,,,33.84,34.63
2001-08-16 00:00:00+00:00,451.0,451.04,0.0,17735.84,24.1,1.42,1.85,28973.0,2.133,371043.0,19202000.0,8.54,6.249,2.13,16.0,,,33.99,34.77
2001-08-17 00:00:00+00:00,436.9,436.89,0.0,17179.28,23.3,1.42,1.79,22077.1,2.133,371043.0,19202000.0,8.28,6.249,2.13,16.0,,,32.84,34.41
2001-08-20 00:00:00+00:00,430.3,430.28,0.0,16919.55,23.0,1.42,1.77,14693.0,2.133,371043.0,19202000.0,8.15,6.249,2.13,16.0,,,32.13,32.91
2001-08-21 00:00:00+00:00,435.0,435.0,0.0,17105.07,23.2,1.42,1.79,22908.9,2.133,371043.0,19202000.0,8.24,6.249,2.13,16.0,,,32.63,33.41
2001-08-22 00:00:00+00:00,432.2,432.17,0.0,16993.76,23.1,1.42,1.78,21955.6,2.133,371043.0,19202000.0,8.19,6.249,2.13,16.0,,,32.56,33.2
2001-08-23 00:00:00+00:00,438.8,438.78,0.0,17253.49,23.4,1.42,1.8,35458.8,2.133,371043.0,19202000.0,8.31,6.249,2.13,16.0,,,32.7,33.84
2001-08-24 00:00:00+00:00,435.9,435.95,0.0,17142.18,23.3,1.42,1.79,28142.6,2.133,371043.0,19202000.0,8.26,6.249,2.13,16.0,,,32.91,33.84
2001-08-27 00:00:00+00:00,429.3,429.34,0.0,16882.45,22.9,1.42,1.76,29509.7,2.133,371043.0,19202000.0,8.13,6.249,2.13,16.0,,,32.13,33.77
2001-08-28 00:00:00+00:00,419.0,418.96,0.0,16474.3,22.4,1.42,1.72,13325.3,2.133,371043.0,19202000.0,7.94,6.249,2.13,16.0,,,31.7,32.49
2001-08-29 00:00:00+00:00,434.1,434.06,0.0,17067.97,23.2,1.42,1.78,29386.6,2.133,371043.0,19202000.0,8.22,6.249,2.13,16.0,,,31.34,32.84
2001-08-30 00:00:00+00:00,424.6,424.62,0.0,16696.93,22.7,1.42,1.74,13892.3,2.133,371043.0,19202000.0,8.04,6.249,2.13,16.0,,,32.13,32.99
2001-08-31 00:00:00+00:00,408.6,408.58,0.0,16066.15,21.8,1.42,1.68,19696.7,2.133,371043.0,19202000.0,7.74,6.249,2.13,16.0,,,29.99,31.92
2001-09-03 00:00:00+00:00,398.2,398.2,0.0,15658.0,21.3,1.42,1.64,11354.6,2.133,371043.0,19202000.0,7.54,6.249,2.13,16.0,,,30.13,31.34
2001-09-04 00:00:00+00:00,413.3,413.3,0.0,16251.67,22.1,1.42,1.7,20184.7,2.133,371043.0,19202000.0,7.83,6.249,2.13,16.0,,,29.99,31.27
2001-09-05 00:00:00+00:00,401.0,401.03,0.0,15769.32,21.4,1.42,1.65,8344.8,2.133,371043.0,19202000.0,7.6,6.249,2.13,16.0,,,30.34,31.27
2001-09-06 00:00:00+00:00,378.4,378.39,0.0,14878.81,14.9,1.93,1.55,16939.0,2.133,371043.0,19202000.0,7.17,6.249,2.13,16.0,,,28.42,30.56
2001-09-07 00:00:00+00:00,371.8,371.78,0.0,14619.08,14.6,1.93,1.53,18575.7,2.133,371043.0,19202000.0,7.04,6.249,2.13,16.0,,,26.7,28.2
2001-09-10 00:00:00+00:00,378.4,378.39,0.0,14878.81,14.9,1.93,1.55,17873.3,2.133,371043.0,19202000.0,7.17,6.249,2.13,16.0,,,27.13,28.92
2001-09-11 00:00:00+00:00,378.4,378.39,0.0,14878.81,14.9,1.93,1.55,20761.9,2.133,371043.0,19202000.0,7.17,6.249,2.13,16.0,,,28.13,29.35
2001-09-12 00:00:00+00:00,378.4,378.39,0.0,14878.81,14.9,1.93,1.55,,2.133,371043.0,19202000.0,7.17,6.249,2.13,16.0,,,,
2001-09-13 00:00:00+00:00,352.0,351.96,0.0,13839.89,13.8,1.93,1.45,3169.2,2.133,371043.0,19202000.0,6.67,6.249,2.13,16.0,,,26.63,26.63
2001-09-14 00:00:00+00:00,349.1,349.13,0.0,13728.59,13.7,1.93,1.43,32879.2,2.133,371043.0,19202000.0,6.61,6.249,2.13,16.0,,,25.56,27.2
2001-09-17 00:00:00+00:00,349.1,349.13,0.0,13728.59,13.7,1.93,1.43,,2.133,371043.0,19202000.0,6.61,6.249,2.13,16.0,,,,
2001-09-18 00:00:00+00:00,349.1,349.13,0.0,13728.59,13.7,1.93,1.43,,2.133,371043.0,19202000.0,6.61,6.249,2.13,16.0,,,,
2001-09-19 00:00:00+00:00,364.2,364.23,0.0,14322.25,14.3,1.93,1.5,21280.4,2.133,371043.0,19202000.0,6.9,6.249,2.13,16.0,27.56,27.56,25.56,28.2
2001-09-20 00:00:00+00:00,358.6,358.57,0.0,14099.63,14.1,1.93,1.47,16921.8,2.255,371043.0,19202000.0,6.79,8.179,2.26,12.23,27.13,27.13,26.63,27.56
2001-09-21 00:00:00+00:00,346.3,346.3,0.0,13617.27,13.6,1.93,1.42,7851.2,2.255,371043.0,19202000.0,6.56,8.179,2.26,12.23,,,26.2,27.13
2001-09-24 00:00:00+00:00,366.1,366.12,0.0,14396.45,14.4,1.93,1.5,21910.8,2.255,371043.0,19202000.0,6.94,8.179,2.26,12.23,,,26.56,27.92
2001-09-25 00:00:00+00:00,365.2,365.18,0.0,14359.36,14.4,1.93,1.5,38613.8,2.255,371043.0,19202000.0,6.92,8.179,2.26,12.23,,,27.63,29.13
2001-09-26 00:00:00+00:00,390.7,390.65,0.0,15361.17,15.4,1.93,1.6,33399.1,2.255,371043.0,19202000.0,7.4,8.179,2.26,12.23,,,27.85,29.56
2001-09-27 00:00:00+00:00,383.1,383.1,0.0,15064.33,15.1,1.93,1.57,11579.4,2.255,371043.0,19202000.0,7.26,8.179,2.26,12.23,,,28.92,29.56
2001-09-28 00:00:00+00:00,384.0,384.05,0.0,15101.44,15.1,1.93,1.58,20852.9,2.255,371043.0,19202000.0,7.27,8.179,2.26,12.23,,,28.92,29.99
2001-10-01 00:00:00+00:00,384.0,384.05,0.0,15101.44,15.1,1.93,1.58,,2.255,371043.0,19202000.0,7.27,8.179,2.26,12.23,,,,
2001-10-02 00:00:00+00:00,370.8,370.84,0.0,14581.98,14.6,1.93,1.52,9016.8,2.255,371043.0,19202000.0,7.02,8.179,2.26,12.23,,,27.99,28.92
2001-10-03 00:00:00+00:00,374.6,374.61,0.0,14730.4,14.7,1.93,1.54,20049.7,2.255,371043.0,19202000.0,7.1,8.179,2.26,12.23,,,27.85,28.49
2001-10-04 00:00:00+00:00,385.9,385.93,0.0,15175.65,15.2,1.93,1.59,23668.5,2.255,371043.0,19202000.0,7.31,8.179,2.26,12.23,,,29.13,30.27
2001-10-05 00:00:00+00:00,391.6,391.6,0.0,15398.27,15.4,1.93,1.61,20176.0,2.255,371043.0,19202000.0,7.42,8.179,2.26,12.23,,,29.13,29.99
2001-10-08 00:00:00+00:00,399.1,399.14,0.0,15695.11,15.7,1.93,1.64,16193.1,2.255,371043.0,19202000.0,7.56,8.179,2.26,12.23,,,29.27,30.2
2001-10-09 00:00:00+00:00,407.6,407.64,0.0,16029.05,16.0,1.93,1.67,21323.8,2.255,371043.0,19202000.0,7.72,8.179,2.26,12.23,,,29.99,30.84
2001-10-10 00:00:00+00:00,407.6,407.64,0.0,16029.05,16.0,1.93,1.67,,2.255,371043.0,19202000.0,7.72,8.179,2.26,12.23,,,,
2001-10-11 00:00:00+00:00,429.3,429.34,0.0,16882.45,16.9,1.93,1.76,43319.6,2.255,371043.0,19202000.0,8.13,8.179,2.26,12.23,,,31.42,32.99
2001-10-12 00:00:00+00:00,424.6,424.62,0.0,16696.93,16.7,1.93,1.74,35023.1,2.255,371043.0,19202000.0,8.04,8.179,2.26,12.23,,,32.13,33.49
2001-10-15 00:00:00+00:00,403.9,403.86,0.0,15880.63,15.9,1.93,1.66,11385.7,2.255,371043.0,19202000.0,7.65,8.179,2.26,12.23,,,30.42,31.77
2001-10-16 00:00:00+00:00,418.0,418.02,0.0,16437.19,16.4,1.93,1.72,19124.0,2.255,371043.0,19202000.0,7.92,8.179,2.26,12.23,,,30.56,31.77
2001-10-17 00:00:00+00:00,414.2,414.24,0.0,16288.78,16.3,1.93,1.7,19615.9,2.255,371043.0,19202000.0,7.85,8.179,2.26,12.23,,,31.13,32.27
2001-10-18 00:00:00+00:00,418.0,418.02,0.0,16437.19,16.4,1.93,1.72,12819.8,2.363,371043.0,19202000.0,7.92,7.661,2.36,13.05,,,30.7,31.84
2001-10-19 00:00:00+00:00,421.8,421.79,0.0,16585.61,16.6,1.93,1.73,21669.4,2.363,371043.0,19202000.0,7.99,7.661,2.36,13.05,,,31.63,32.7
2001-10-22 00:00:00+00:00,429.3,429.34,0.0,16882.45,16.9,1.93,1.76,20126.7,2.363,371043.0,19202000.0,8.13,7.661,2.36,13.05,,,31.99,32.91
2001-10-23 00:00:00+00:00,429.3,429.34,0.0,16882.45,16.9,1.93,1.76,18984.9,2.363,371043.0,19202000.0,8.13,7.661,2.36,13.05,,,32.27,33.27
2001-10-24 00:00:00+00:00,430.3,430.28,0.0,16919.55,16.9,1.93,1.77,21393.5,2.363,371043.0,19202000.0,8.15,7.661,2.36,13.05,,,32.13,33.06
2001-10-25 00:00:00+00:00,431.2,431.23,0.0,16956.66,16.9,1.93,1.77,25617.8,2.363,371043.0,19202000.0,8.17,7.661,2.36,13.05,,,32.56,33.49
2001-10-26 00:00:00+00:00,452.0,451.99,0.0,17772.95,17.8,1.93,1.86,49493.9,2.363,371043.0,19202000.0,8.56,7.661,2.36,13.05,,,32.56,34.2
2001-10-29 00:00:00+00:00,446.3,446.32,0.0,17550.32,17.5,1.93,1.83,20514.5,2.363,371043.0,19202000.0,8.45,7.661,2.36,13.05,,,33.41,34.34
2001-10-30 00:00:00+00:00,415.2,415.19,0.0,16325.88,16.3,1.93,1.71,15505.8,2.363,371043.0,19202000.0,7.86,7.661,2.36,13.05,,,31.42,33.56
2001-10-31 00:00:00+00:00,417.1,417.07,0.0,16400.09,16.4,1.93,1.71,20001.6,2.363,371043.0,19202000.0,7.9,7.661,2.36,13.05,,,31.06,32.06
2001-11-01 00:00:00+00:00,419.0,418.96,0.0,16474.3,16.5,1.93,1.72,13336.9,2.363,371043.0,19202000.0,7.94,7.661,2.36,13.05,,,31.49,32.27
2001-11-02 00:00:00+00:00,430.3,430.28,0.0,16919.55,16.9,1.93,1.77,22324.2,2.363,371043.0,19202000.0,8.15,7.661,2.36,13.05,,,32.2,32.99
2001-11-05 00:00:00+00:00,437.8,437.83,0.0,17216.38,17.2,1.93,1.8,15476.2,2.363,371043.0,19202000.0,8.29,7.661,2.36,13.05,,,31.7,33.2
2001-11-06 00:00:00+00:00,449.2,449.16,0.0,17661.64,17.7,1.93,1.84,54875.7,2.363,371043.0,19202000.0,8.51,7.661,2.36,13.05,,,33.41,35.27
2001-11-07 00:00:00+00:00,449.2,449.16,0.0,17661.64,17.7,1.93,1.84,28517.3,2.363,371043.0,19202000.0,8.51,7.661,2.36,13.05,,,33.77,34.91
2001-11-08 00:00:00+00:00,446.3,446.32,0.0,17550.32,17.5,1.93,1.83,13698.6,2.363,371043.0,19202000.0,8.45,7.661,2.36,13.05,,,33.49,34.34
2001-11-09 00:00:00+00:00,446.3,446.32,0.0,17550.32,17.5,1.93,1.83,11235.3,2.363,371043.0,19202000.0,8.45,7.661,2.36,13.05,,,33.2,34.27
2001-11-12 00:00:00+00:00,452.0,451.99,0.0,17772.95,17.8,1.93,1.86,19052.9,2.363,371043.0,19202000.0,8.56,7.661,2.36,13.05,,,33.41,34.63
2001-11-13 00:00:00+00:00,446.3,446.32,0.0,17550.32,17.5,1.93,1.83,20671.7,2.363,371043.0,19202000.0,8.45,7.661,2.36,13.05,,,33.77,34.77
2001-11-14 00:00:00+00:00,476.5,476.52,0.0,18737.66,18.7,1.93,1.96,48122.6,2.363,371043.0,19202000.0,9.03,7.661,2.36,13.05,,,34.27,36.06
2001-11-15 00:00:00+00:00,504.8,504.83,0.0,19850.79,19.8,1.93,2.07,40101.5,2.487,371043.0,19202000.0,9.56,7.361,2.49,13.58,,,36.77,38.56
2001-11-16 00:00:00+00:00,500.1,500.11,0.0,19665.27,19.7,1.93,2.05,23625.6,2.487,371043.0,19202000.0,9.47,7.361,2.49,13.58,,,36.77,38.91
2001-11-19 00:00:00+00:00,514.3,514.26,0.0,20221.84,20.2,1.93,2.11,24682.8,2.487,371043.0,19202000.0,9.74,7.361,2.49,13.58,,,37.84,39.63
2001-11-20 00:00:00+00:00,490.7,490.67,0.0,19294.23,19.3,1.93,2.02,23380.2,2.487,371043.0,19202000.0,9.29,7.361,2.49,13.58,,,37.13,39.98
2001-11-21 00:00:00+00:00,504.8,504.83,0.0,19850.79,19.8,1.93,2.07,15309.6,2.487,371043.0,19202000.0,9.56,7.361,2.49,13.58,,,36.77,38.2
2001-11-22 00:00:00+00:00,495.4,495.39,0.0,19479.75,19.5,1.93,2.03,10466.5,2.487,371043.0,19202000.0,9.38,7.361,2.49,13.58,,,36.77,37.84
2001-11-23 00:00:00+00:00,514.3,514.26,0.0,20222.0,20.2,1.93,2.11,23981.1,2.487,371046.0,19202000.0,9.74,7.361,2.49,13.58,,,37.13,39.27
2001-11-26 00:00:00+00:00,542.6,542.57,0.0,21335.14,21.3,1.93,2.23,28471.2,2.487,371046.0,19202000.0,10.28,7.361,2.49,13.58,,,38.91,41.05
2001-11-27 00:00:00+00:00,523.7,523.7,0.0,20593.05,20.6,1.93,2.15,21166.9,2.487,371046.0,19202000.0,9.92,7.361,2.49,13.58,,,38.91,42.13
2001-11-28 00:00:00+00:00,519.0,518.98,0.0,20407.52,20.4,1.93,2.13,19792.7,2.487,371046.0,19202000.0,9.83,7.361,2.49,13.58,,,38.91,40.34
2001-11-29 00:00:00+00:00,537.9,537.85,0.0,21149.61,21.1,1.93,2.21,30059.0,2.487,371046.0,19202000.0,10.19,7.361,2.49,13.58,,,38.91,41.41
2001-11-30 00:00:00+00:00,547.3,547.29,0.0,21520.66,21.5,1.93,2.25,30310.6,2.487,371046.0,19202000.0,10.37,7.361,2.49,13.58,,,40.34,42.13
2001-12-03 00:00:00+00:00,585.0,585.03,0.0,23326.69,23.0,1.93,2.4,23639.5,2.487,376237.0,19202000.0,11.08,7.361,2.49,13.58,,,42.84,44.27
2001-12-04 00:00:00+00:00,622.8,622.78,0.0,24831.64,24.5,1.93,2.56,35519.9,2.487,376237.0,19202000.0,11.8,7.361,2.49,13.58,,,43.55,47.12
2001-12-05 00:00:00+00:00,641.7,641.65,0.0,25584.11,25.2,1.93,2.64,32546.0,2.487,376237.0,19202000.0,12.15,7.361,2.49,13.58,,,46.77,49.62
2001-12-06 00:00:00+00:00,684.1,684.11,0.0,27277.18,26.9,1.93,2.81,32585.3,2.487,376237.0,19202000.0,12.96,7.361,2.49,13.58,,,49.62,51.76
2001-12-07 00:00:00+00:00,679.4,679.4,0.0,27089.06,26.7,1.93,2.79,23568.5,2.487,376237.0,19202000.0,12.87,7.361,2.49,13.58,,,49.98,52.84
2001-12-10 00:00:00+00:00,636.9,636.93,0.0,25395.99,25.0,1.93,2.62,21807.7,2.487,376237.0,19202000.0,12.07,7.361,2.49,13.58,,,47.84,50.69
2001-12-11 00:00:00+00:00,679.4,679.4,0.0,27089.06,26.7,1.93,2.79,35985.2,2.487,376237.0,19202000.0,12.87,7.361,2.49,13.58,,,47.12,51.41
2001-12-12 00:00:00+00:00,726.6,726.58,0.0,28970.24,28.6,1.93,2.98,28767.0,2.487,376237.0,19202000.0,13.76,7.361,2.49,13.58,,,51.76,54.98
2001-12-13 00:00:00+00:00,703.0,702.99,0.0,28029.65,27.6,1.93,2.89,34805.7,2.487,376237.0,19202000.0,13.32,7.361,2.49,13.58,,,51.41,57.12
2001-12-14 00:00:00+00:00,736.0,736.01,0.0,29346.48,28.9,1.93,3.02,23582.3,2.487,376237.0,19202000.0,13.94,7.361,2.49,13.58,,,51.76,55.69
2001-12-17 00:00:00+00:00,712.4,712.42,0.0,28405.89,28.0,1.93,2.93,14795.0,2.487,376237.0,19202000.0,13.49,7.361,2.49,13.58,,,52.84,55.69
2001-12-18 00:00:00+00:00,712.4,712.42,0.0,28405.89,28.0,1.93,2.93,21141.7,2.487,376237.0,19202000.0,13.49,7.361,2.49,13.58,,,52.12,56.05
2001-12-19 00:00:00+00:00,736.0,736.01,0.0,29346.48,28.9,1.93,3.02,42145.2,2.487,376237.0,19202000.0,13.94,7.361,2.49,13.58,,,54.26,57.48
2001-12-20 00:00:00+00:00,740.7,740.73,0.0,29534.6,29.1,1.93,3.04,22689.9,2.67,376237.0,19202000.0,14.03,4.952,2.67,20.19,,,53.55,57.12
2001-12-21 00:00:00+00:00,740.7,740.73,0.0,29534.6,29.1,1.93,3.04,20997.3,2.67,376237.0,19202000.0,14.03,4.952,2.67,20.19,,,54.98,58.55
2001-12-24 00:00:00+00:00,778.5,778.47,0.0,31039.55,30.6,1.93,3.2,18013.8,2.67,376237.0,19202000.0,14.75,4.952,2.67,20.19,,,56.05,59.62
2001-12-25 00:00:00+00:00,830.4,830.37,0.0,33108.85,32.6,1.93,3.41,22515.0,2.67,376237.0,19202000.0,15.73,4.952,2.67,20.19,,,58.55,62.83
2001-12-26 00:00:00+00:00,844.5,844.53,0.0,33673.2,33.2,1.93,3.47,24238.2,2.67,376237.0,19202000.0,16.0,4.952,2.67,20.19,,,63.19,65.69
2001-12-27 00:00:00+00:00,811.5,811.5,0.0,32356.38,31.9,1.93,3.33,20197.4,2.67,376237.0,19202000.0,15.37,4.952,2.67,20.19,,,59.62,65.69
2001-12-28 00:00:00+00:00,858.7,858.68,0.0,34237.56,33.7,1.93,3.53,28631.4,2.67,376237.0,19202000.0,16.27,4.952,2.67,20.19,,,61.4,64.97
2001-12-31 00:00:00+00:00,849.2,849.24,0.0,33861.32,33.4,1.93,3.49,25399.0,2.67,376237.0,19202000.0,16.09,4.952,2.67,20.19,,,63.55,66.4
2002-01-01 00:00:00+00:00,849.2,849.24,0.0,33861.32,33.4,1.93,3.17,,2.67,376237.0,18636000.0,23.12,4.952,2.67,20.19,,,,
2002-01-02 00:00:00+00:00,849.2,849.24,0.0,33861.32,33.4,1.93,3.17,32955.6,2.67,376237.0,18636000.0,23.12,4.952,2.67,20.19,,,64.26,67.83
2002-01-03 00:00:00+00:00,830.4,830.37,0.0,33108.85,32.6,1.93,3.1,18032.7,2.67,376237.0,18636000.0,22.6,4.952,2.67,20.19,,,62.12,65.69
2002-01-04 00:00:00+00:00,849.2,849.24,0.0,33861.32,33.4,1.93,3.17,20178.5,2.67,376237.0,18636000.0,23.12,4.952,2.67,20.19,,,63.55,65.69
2002-01-07 00:00:00+00:00,868.1,868.12,0.0,34613.8,34.1,1.93,3.24,18084.1,2.67,376237.0,18636000.0,23.63,4.952,2.67,20.19,,,64.97,66.76
2002-01-08 00:00:00+00:00,868.1,868.12,0.0,34613.8,34.1,1.93,3.24,18008.9,2.67,376237.0,18636000.0,23.63,4.952,2.67,20.19,,,64.26,66.4
2002-01-09 00:00:00+00:00,882.3,882.27,0.0,35178.15,34.7,1.93,3.29,34230.4,2.67,376237.0,18636000.0,24.02,4.952,2.67,20.19,,,63.55,67.12
2002-01-10 00:00:00+00:00,868.1,868.12,0.0,34613.8,34.1,1.93,3.24,23835.0,2.67,376237.0,18636000.0,23.63,4.952,2.67,20.19,,,64.26,66.76
2002-01-11 00:00:00+00:00,811.5,811.5,0.0,32356.38,31.9,1.93,3.03,28038.7,2.67,376237.0,18636000.0,22.09,4.952,2.67,20.19,,,61.4,66.4
2002-01-14 00:00:00+00:00,769.0,769.04,0.0,30663.31,30.2,1.93,2.87,21446.6,2.67,376237.0,18636000.0,20.94,4.952,2.67,20.19,,,57.12,59.26
2002-01-15 00:00:00+00:00,792.6,792.63,0.0,31603.9,31.1,1.93,2.96,28961.1,2.67,376237.0,18636000.0,21.58,4.952,2.67,20.19,,,58.19,60.33
2002-01-16 00:00:00+00:00,783.2,783.19,0.0,31227.66,30.8,1.93,2.92,24413.9,2.67,376237.0,18636000.0,21.32,4.952,2.67,20.19,,,58.55,61.05
2002-01-17 00:00:00+00:00,787.9,787.91,0.0,31415.78,31.0,1.93,2.94,15678.5,2.851,376237.0,18636000.0,21.45,4.752,2.85,21.04,,,57.48,60.33
2002-01-18 00:00:00+00:00,830.4,830.37,0.0,33108.85,32.6,1.93,3.1,43106.7,2.851,376237.0,18636000.0,22.6,4.752,2.85,21.04,,,59.98,63.55
2002-01-21 00:00:00+00:00,887.0,886.99,0.0,35366.27,34.9,1.93,3.31,19334.5,2.851,376237.0,18636000.0,24.15,4.752,2.85,21.04,,,67.12,67.12
2002-01-22 00:00:00+00:00,948.3,948.32,0.0,37811.81,37.3,1.93,3.54,7683.0,2.851,376237.0,18636000.0,25.82,4.752,2.85,21.04,,,71.76,71.76
2002-01-23 00:00:00+00:00,957.8,957.76,0.0,38188.05,37.6,1.93,3.57,78109.2,2.851,376237.0,18636000.0,26.07,4.752,2.85,21.04,,,71.76,76.75
2002-01-24 00:00:00+00:00,1023.8,1023.81,0.0,44430.41,40.2,1.93,3.82,48875.0,2.851,409497.0,18636000.0,27.87,4.752,2.85,21.04,,,71.4,77.47
2002-01-25 00:00:00+00:00,990.8,990.79,0.0,42997.14,38.9,1.93,3.7,32347.9,2.851,409497.0,18636000.0,26.97,4.752,2.85,21.04,,,74.26,78.54
2002-01-28 00:00:00+00:00,976.6,976.63,0.0,42382.93,38.4,1.93,3.64,16757.1,2.851,409497.0,18636000.0,26.59,4.752,2.85,21.04,,,73.9,76.4
2002-01-29 00:00:00+00:00,986.1,986.07,0.0,42792.43,38.7,1.93,3.68,19462.4,2.851,409497.0,18636000.0,26.84,4.752,2.85,21.04,,,72.11,76.04
2002-01-30 00:00:00+00:00,971.9,971.91,0.0,42178.18,38.2,1.93,3.63,14322.2,2.851,409497.0,18636000.0,26.46,4.752,2.85,21.04,,,72.83,74.97
2002-01-31 00:00:00+00:00,962.5,962.48,0.0,41768.69,37.8,1.93,3.59,13585.2,2.851,409497.0,18636000.0,26.2,4.752,2.85,21.04,,,71.4,74.61
2002-02-01 00:00:00+00:00,915.3,915.3,0.0,39721.2,36.0,1.93,3.41,19929.6,2.851,409497.0,18636000.0,24.92,4.752,2.85,21.04,,,69.26,73.9
2002-02-04 00:00:00+00:00,934.2,934.17,0.0,40540.2,36.7,1.93,3.48,11063.0,2.851,409497.0,18636000.0,25.43,4.752,2.85,21.04,,,68.9,71.4
2002-02-05 00:00:00+00:00,905.9,905.86,0.0,39311.71,35.6,1.93,3.38,23583.2,2.851,409497.0,18636000.0,24.66,4.752,2.85,21.04,,,66.04,70.33
2002-02-06 00:00:00+00:00,924.7,924.73,0.0,40130.7,36.3,1.93,3.45,19043.6,2.851,409497.0,18636000.0,25.17,4.752,2.85,21.04,,,67.83,70.69
2002-02-07 00:00:00+00:00,924.7,924.73,0.0,40130.7,36.3,1.93,3.45,,2.851,409497.0,18636000.0,25.17,4.752,2.85,21.04,,,,
2002-02-08 00:00:00+00:00,924.7,924.73,0.0,40130.7,36.3,1.93,3.45,,2.851,409497.0,18636000.0,25.17,4.752,2.85,21.04,,,,
2002-02-11 00:00:00+00:00,924.7,924.73,0.0,40130.7,36.3,1.93,3.45,,2.851,409497.0,18636000.0,25.17,4.752,2.85,21.04,,,,
2002-02-12 00:00:00+00:00,924.7,924.73,0.0,40130.7,36.3,1.93,3.45,,2.851,409497.0,18636000.0,25.17,4.752,2.85,21.04,,,,
2002-02-13 00:00:00+00:00,924.7,924.73,0.0,40130.7,36.3,1.93,3.45,,2.851,409497.0,18636000.0,25.17,4.752,2.85,21.04,,,,
2002-02-14 00:00:00+00:00,924.7,924.73,0.0,40130.7,36.3,1.93,3.45,,3.078,409497.0,18636000.0,25.17,4.398,3.08,22.74,,,,
2002-02-15 00:00:00+00:00,924.7,924.73,0.0,40130.7,36.3,1.93,3.45,,3.078,409497.0,18636000.0,25.17,4.398,3.08,22.74,,,,
2002-02-18 00:00:00+00:00,967.2,967.2,0.0,41973.43,38.0,1.93,3.61,19644.5,3.078,409497.0,18636000.0,26.33,4.398,3.08,22.74,,,71.76,74.26
2002-02-19 00:00:00+00:00,957.8,957.76,0.0,41563.94,37.6,1.93,3.57,13328.9,3.078,409497.0,18636000.0,26.07,4.398,3.08,22.74,,,70.69,73.54
2002-02-20 00:00:00+00:00,948.3,948.32,0.0,41154.44,37.3,1.93,3.54,14284.5,3.078,409497.0,18636000.0,25.82,4.398,3.08,22.74,,,69.97,73.18
2002-02-21 00:00:00+00:00,934.2,934.17,0.0,40540.2,36.7,1.93,3.48,11190.6,3.078,409497.0,18636000.0,25.43,4.398,3.08,22.74,,,69.97,72.83
2002-02-22 00:00:00+00:00,887.0,886.99,0.0,38492.71,34.9,1.93,3.31,12225.0,3.078,409497.0,18636000.0,24.15,4.398,3.08,22.74,,,66.4,69.26
2002-02-25 00:00:00+00:00,825.7,825.65,0.0,35830.98,32.4,1.93,3.08,11600.9,3.078,409497.0,18636000.0,22.48,4.398,3.08,22.74,,,62.47,67.83
2002-02-26 00:00:00+00:00,849.2,849.24,0.0,36854.72,33.4,1.93,3.17,22045.2,3.078,409497.0,18636000.0,23.12,4.398,3.08,22.74,,,63.55,66.04
2002-02-27 00:00:00+00:00,905.9,905.86,0.0,39311.71,35.6,1.93,3.38,16265.2,3.078,409497.0,18636000.0,24.66,4.398,3.08,22.74,,,64.97,68.54
2002-02-28 00:00:00+00:00,905.9,905.86,0.0,39311.71,35.6,1.93,3.38,,3.078,409497.0,18636000.0,24.66,4.398,3.08,22.74,,,,
2002-03-01 00:00:00+00:00,934.2,934.17,0.0,40540.2,36.7,1.93,3.48,20216.1,3.078,409497.0,18636000.0,25.43,4.398,3.08,22.74,,,67.83,71.04
2002-03-04 00:00:00+00:00,962.5,962.48,0.0,41768.69,37.8,1.93,3.59,23935.4,3.078,409497.0,18636000.0,26.2,4.398,3.08,22.74,,,72.83,75.33
2002-03-05 00:00:00+00:00,986.1,986.07,0.0,42792.43,38.7,1.93,3.68,20148.3,3.078,409497.0,18636000.0,26.84,4.398,3.08,22.74,,,73.18,76.04
2002-03-06 00:00:00+00:00,990.8,990.79,0.0,42997.14,38.9,1.93,3.7,18940.7,3.078,409497.0,18636000.0,26.97,4.398,3.08,22.74,,,73.54,75.68
2002-03-07 00:00:00+00:00,1000.2,1000.22,0.0,43406.66,39.3,1.93,3.73,35813.4,3.078,409497.0,18636000.0,27.23,4.398,3.08,22.74,,,75.68,78.9
2002-03-08 00:00:00+00:00,962.5,962.48,0.0,41768.69,37.8,1.93,3.59,16166.2,3.078,409497.0,18636000.0,26.2,4.398,3.08,22.74,,,72.11,76.75
2002-03-11 00:00:00+00:00,990.8,990.79,0.0,42997.14,38.9,1.93,3.7,13104.8,3.078,409497.0,18636000.0,26.97,4.398,3.08,22.74,,,73.54,76.4
2002-03-12 00:00:00+00:00,971.9,971.91,0.0,42178.18,38.2,1.93,3.63,7324.2,3.078,409497.0,18636000.0,26.46,4.398,3.08,22.74,,,72.83,75.33
2002-03-13 00:00:00+00:00,953.0,953.04,0.0,41359.19,37.5,1.93,3.55,11605.7,3.078,409497.0,18636000.0,25.94,4.398,3.08,22.74,,,71.76,75.68
2002-03-14 00:00:00+00:00,962.5,962.48,0.0,41768.69,37.8,1.93,3.59,10324.9,3.105,409497.0,18636000.0,26.2,4.221,3.1,23.69,,,71.4,72.83
2002-03-15 00:00:00+00:00,905.9,905.86,0.0,39311.71,35.6,1.93,3.38,21217.9,3.105,409497.0,18636000.0,24.66,4.221,3.1,23.69,,,68.19,73.18
2002-03-18 00:00:00+00:00,901.1,901.14,0.0,39106.96,35.4,1.93,3.36,9742.7,3.105,409497.0,18636000.0,24.53,4.221,3.1,23.69,,,67.12,68.9
2002-03-19 00:00:00+00:00,915.3,915.3,0.0,39721.2,36.0,1.93,3.41,12045.9,3.105,409497.0,18636000.0,24.92,4.221,3.1,23.69,,,67.47,69.61
2002-03-20 00:00:00+00:00,957.8,957.76,0.0,41563.94,37.6,1.93,3.57,18352.5,3.105,409497.0,18636000.0,26.07,4.221,3.1,23.69,,,70.33,72.47
2002-03-21 00:00:00+00:00,953.0,953.04,0.0,41359.19,37.5,1.93,3.55,8683.0,3.105,409497.0,18636000.0,25.94,4.221,3.1,23.69,,,71.04,73.18
2002-03-22 00:00:00+00:00,943.6,943.6,0.0,44470.19,37.1,1.93,3.52,18635.8,3.105,444702.0,18636000.0,25.69,4.221,3.1,23.69,,,71.4,74.97
2002-03-25 00:00:00+00:00,915.3,915.3,0.0,43136.08,36.0,1.93,3.41,14274.7,3.105,444702.0,18636000.0,24.92,4.221,3.1,23.69,,,68.54,72.11
2002-03-26 00:00:00+00:00,915.3,915.3,0.0,43136.08,36.0,1.93,3.41,16937.9,3.105,444702.0,18636000.0,24.92,4.221,3.1,23.69,,,68.54,71.04
2002-03-27 00:00:00+00:00,905.9,905.86,0.0,42691.38,35.6,1.93,3.38,15549.2,3.105,444702.0,18636000.0,24.66,4.221,3.1,23.69,,,67.12,69.97
2002-03-28 00:00:00+00:00,905.9,905.86,0.0,42691.38,35.6,1.93,3.38,13033.9,3.105,444702.0,18636000.0,24.66,4.221,3.1,23.69,,,65.69,68.9
2002-03-29 00:00:00+00:00,891.7,891.71,0.0,42024.33,35.0,1.93,3.33,4977.9,3.105,444702.0,18636000.0,24.27,4.221,3.1,23.69,,,66.4,68.54
2002-04-01 00:00:00+00:00,891.7,891.71,0.0,42024.33,35.0,1.93,3.33,3641.6,3.105,444702.0,18636000.0,24.27,4.221,3.1,23.69,,,67.12,67.83
2002-04-02 00:00:00+00:00,887.0,886.99,0.0,41801.98,34.9,1.93,3.31,10381.2,3.105,444702.0,18636000.0,24.15,4.221,3.1,23.69,,,67.12,68.9
2002-04-03 00:00:00+00:00,854.0,853.96,0.0,40245.52,33.6,1.93,3.19,20583.0,3.105,444702.0,18636000.0,23.25,4.221,3.1,23.69,,,63.9,66.76
2002-04-04 00:00:00+00:00,825.7,825.65,0.0,38911.41,32.4,1.93,3.08,20072.5,3.105,444702.0,18636000.0,22.48,4.221,3.1,23.69,,,60.69,64.26
2002-04-05 00:00:00+00:00,825.7,825.65,0.0,38911.41,32.4,1.93,3.08,,3.105,444702.0,18636000.0,22.48,4.221,3.1,23.69,,,,
2002-04-08 00:00:00+00:00,792.6,792.63,0.0,37354.96,31.1,1.93,2.96,13919.4,3.105,444702.0,18636000.0,21.58,4.221,3.1,23.69,,,59.62,62.12
2002-04-09 00:00:00+00:00,773.8,773.76,0.0,36465.55,30.4,1.93,2.89,16150.9,3.105,444702.0,18636000.0,21.06,4.221,3.1,23.69,,,58.55,61.4
2002-04-10 00:00:00+00:00,787.9,787.91,0.0,37132.61,31.0,1.93,2.94,9602.0,3.105,444702.0,18636000.0,21.45,4.221,3.1,23.69,,,58.19,60.69
2002-04-11 00:00:00+00:00,811.5,811.5,0.0,38244.36,31.9,1.93,3.03,10809.2,3.105,444702.0,18636000.0,22.09,4.221,3.1,23.69,,,59.98,61.76
2002-04-12 00:00:00+00:00,835.1,835.09,0.0,39356.12,32.8,1.93,3.11,11245.7,3.105,444702.0,18636000.0,22.73,4.221,3.1,23.69,,,59.98,63.19
2002-04-15 00:00:00+00:00,816.2,816.22,0.0,38466.71,32.1,1.93,3.04,9765.4,3.105,444702.0,18636000.0,22.22,4.221,3.1,23.69,,,61.4,63.9
2002-04-16 00:00:00+00:00,806.8,806.78,0.0,38022.01,31.7,1.93,3.01,9312.1,3.105,444702.0,18636000.0,21.96,4.221,3.1,23.69,,,59.98,62.12
2002-04-17 00:00:00+00:00,806.8,806.78,0.0,38022.01,31.7,1.93,3.01,14901.6,3.105,444702.0,18636000.0,21.96,4.221,3.1,23.69,,,60.69,63.19
2002-04-18 00:00:00+00:00,830.4,830.37,0.0,39133.77,32.6,1.93,3.1,12815.8,3.43,444702.0,18636000.0,22.6,5.617,3.43,17.8,,,61.4,63.19
2002-04-19 00:00:00+00:00,825.7,825.65,0.0,38911.41,32.4,1.93,3.08,6220.3,3.43,444702.0,18636000.0,22.48,5.617,3.43,17.8,,,62.12,63.19
2002-04-22 00:00:00+00:00,825.7,825.65,0.0,38911.41,32.4,1.93,3.08,6418.1,3.43,444702.0,18636000.0,22.48,5.617,3.43,17.8,,,61.76,63.19
2002-04-23 00:00:00+00:00,797.3,797.35,0.0,37577.31,31.3,1.93,2.97,5071.0,3.43,444702.0,18636000.0,21.71,5.617,3.43,17.8,,,60.33,61.76
2002-04-24 00:00:00+00:00,787.9,787.91,0.0,37132.61,31.0,1.93,2.94,5741.1,3.43,444702.0,18636000.0,21.45,5.617,3.43,17.8,,,59.26,61.05
2002-04-25 00:00:00+00:00,769.0,769.04,0.0,36243.2,30.2,1.93,2.87,7810.4,3.43,444702.0,18636000.0,20.94,5.617,3.43,17.8,,,58.19,59.62
2002-04-26 00:00:00+00:00,802.1,802.06,0.0,37799.66,31.5,1.93,2.99,7184.3,3.43,444702.0,18636000.0,21.83,5.617,3.43,17.8,,,58.19,61.05
2002-04-29 00:00:00+00:00,797.3,797.35,0.0,37577.31,31.3,1.93,2.97,4651.2,3.43,444702.0,18636000.0,21.71,5.617,3.43,17.8,,,58.9,60.69
2002-04-30 00:00:00+00:00,792.6,792.63,0.0,37354.96,31.1,1.93,2.96,5779.7,3.43,444702.0,18636000.0,21.58,5.617,3.43,17.8,,,58.55,60.33
2002-05-01 00:00:00+00:00,792.6,792.63,0.0,37354.96,31.1,1.93,2.96,,3.43,444702.0,18636000.0,21.58,5.617,3.43,17.8,,,,
2002-05-02 00:00:00+00:00,787.9,787.91,0.0,37132.61,31.0,1.93,2.94,8346.2,3.43,444702.0,18636000.0,21.45,5.617,3.43,17.8,,,58.19,60.69
2002-05-03 00:00:00+00:00,787.9,787.91,0.0,37132.61,31.0,1.93,2.94,9754.4,3.43,444702.0,18636000.0,21.45,5.617,3.43,17.8,,,58.19,60.69
2002-05-06 00:00:00+00:00,736.0,736.01,0.0,34686.75,28.9,1.93,2.75,10479.2,3.43,444702.0,18636000.0,20.04,5.617,3.43,17.8,,,55.69,58.55
2002-05-07 00:00:00+00:00,717.1,717.14,0.0,33797.34,28.2,1.93,2.67,9008.8,3.43,444702.0,18636000.0,19.52,5.617,3.43,17.8,,,52.84,55.69
2002-05-08 00:00:00+00:00,750.2,750.17,0.0,35353.8,29.5,1.93,2.8,17767.7,3.43,444702.0,18636000.0,20.42,5.617,3.43,17.8,,,54.98,57.48
2002-05-09 00:00:00+00:00,773.8,773.76,0.0,36465.55,30.4,1.93,2.89,17400.7,3.43,444702.0,18636000.0,21.06,5.617,3.43,17.8,,,58.55,60.69
2002-05-10 00:00:00+00:00,787.9,787.91,0.0,37132.61,31.0,1.93,2.94,6684.3,3.43,444702.0,18636000.0,21.45,5.617,3.43,17.8,,,57.12,59.62
2002-05-13 00:00:00+00:00,773.8,773.76,0.0,36465.55,30.4,1.93,2.89,5688.0,3.43,444702.0,18636000.0,21.06,5.617,3.43,17.8,,,57.83,59.26
2002-05-14 00:00:00+00:00,745.4,745.45,0.0,35131.45,29.3,1.93,2.78,5661.2,3.43,444702.0,18636000.0,20.29,5.617,3.43,17.8,,,55.69,59.62
2002-05-15 00:00:00+00:00,759.6,759.6,0.0,35798.5,29.8,1.93,2.83,19212.1,3.43,444702.0,18636000.0,20.68,5.617,3.43,17.8,,,56.76,59.26
2002-05-16 00:00:00+00:00,745.4,745.45,0.0,35131.45,29.3,1.93,2.78,10497.6,3.563,444702.0,18636000.0,20.29,6.314,3.56,15.84,,,56.05,58.55
2002-05-17 00:00:00+00:00,750.2,750.17,0.0,35353.8,29.5,1.93,2.8,13648.9,3.563,444702.0,18636000.0,20.42,6.314,3.56,15.84,,,56.41,59.26
2002-05-20 00:00:00+00:00,721.9,721.86,0.0,34019.7,28.4,1.93,2.69,6455.3,3.563,444702.0,18636000.0,19.65,6.314,3.56,15.84,,,54.62,56.76
2002-05-21 00:00:00+00:00,674.7,674.68,0.0,31796.18,26.5,1.93,2.52,13700.0,3.563,444702.0,18636000.0,18.37,6.314,3.56,15.84,,,51.05,53.91
2002-05-22 00:00:00+00:00,684.1,684.11,0.0,32240.89,26.9,1.93,2.55,14500.9,3.563,444702.0,18636000.0,18.62,6.314,3.56,15.84,,,49.27,52.12
2002-05-23 00:00:00+00:00,674.7,674.68,0.0,31796.18,26.5,1.93,2.52,5079.9,3.563,444702.0,18636000.0,18.37,6.314,3.56,15.84,,,50.34,52.12
2002-05-24 00:00:00+00:00,679.4,679.4,0.0,32018.54,26.7,1.93,2.53,25007.0,3.563,444702.0,18636000.0,18.49,6.314,3.56,15.84,,,49.98,52.84
2002-05-27 00:00:00+00:00,665.2,665.24,0.0,31351.48,26.1,1.93,2.48,12765.1,3.563,444702.0,18636000.0,18.11,6.314,3.56,15.84,,,49.62,51.05
2002-05-28 00:00:00+00:00,670.0,669.96,0.0,31573.83,26.3,1.93,2.5,16522.9,3.563,444702.0,18636000.0,18.24,6.314,3.56,15.84,,,50.34,52.12
2002-05-29 00:00:00+00:00,674.7,674.68,0.0,31796.18,26.5,1.93,2.52,11673.5,3.563,444702.0,18636000.0,18.37,6.314,3.56,15.84,,,49.98,51.41
2002-05-30 00:00:00+00:00,627.5,627.5,0.0,29572.68,24.7,1.93,2.34,18105.0,3.563,444702.0,18636000.0,17.08,6.314,3.56,15.84,,,47.48,51.41
2002-05-31 00:00:00+00:00,646.4,646.37,0.0,30462.08,25.4,1.93,2.41,14253.5,3.563,444702.0,18636000.0,17.6,6.314,3.56,15.84,,,46.41,48.91
2002-06-03 00:00:00+00:00,641.7,641.65,0.0,30239.73,25.2,1.93,2.39,5116.6,3.563,444702.0,18636000.0,17.47,6.314,3.56,15.84,,,47.84,48.91
2002-06-04 00:00:00+00:00,641.7,641.65,0.0,30239.73,25.2,1.93,2.39,7040.1,3.563,444702.0,18636000.0,17.47,6.314,3.56,15.84,,,47.84,48.91
2002-06-05 00:00:00+00:00,665.2,665.24,0.0,31351.48,26.1,1.93,2.48,10368.9,3.563,444702.0,18636000.0,18.11,6.314,3.56,15.84,,,49.62,50.69
2002-06-06 00:00:00+00:00,670.0,669.96,0.0,31573.83,26.3,1.93,2.5,6898.8,3.563,444702.0,18636000.0,18.24,6.314,3.56,15.84,,,50.34,51.41
2002-06-07 00:00:00+00:00,632.2,632.22,0.0,29795.03,24.8,1.93,2.36,5523.1,3.563,444702.0,18636000.0,17.21,6.314,3.56,15.84,,,47.84,49.98
2002-06-10 00:00:00+00:00,655.8,655.81,0.0,30906.78,25.8,1.93,2.45,4587.7,3.563,444702.0,18636000.0,17.85,6.314,3.56,15.84,,,48.55,49.98
2002-06-11 00:00:00+00:00,651.1,651.09,0.0,30684.43,25.6,1.93,2.43,5530.7,3.563,444702.0,18636000.0,17.72,6.314,3.56,15.84,,,47.12,49.98
2002-06-12 00:00:00+00:00,632.2,632.22,0.0,29795.03,24.8,1.93,2.36,2479.9,3.563,444702.0,18636000.0,17.21,6.314,3.56,15.84,,,47.84,49.27
2002-06-13 00:00:00+00:00,665.2,665.24,0.0,31351.48,26.1,1.93,2.48,8376.9,3.563,444702.0,18636000.0,18.11,6.314,3.56,15.84,,,48.55,51.05
2002-06-14 00:00:00+00:00,693.5,693.55,0.0,32685.59,27.3,1.93,2.59,15443.4,3.563,444702.0,18636000.0,18.88,6.314,3.56,15.84,,,49.62,53.19
2002-06-17 00:00:00+00:00,703.0,702.99,0.0,33130.29,27.6,1.93,2.62,16394.4,3.563,444702.0,18636000.0,19.14,6.314,3.56,15.84,,,52.84,54.62
2002-06-18 00:00:00+00:00,721.9,721.86,0.0,34019.7,28.4,1.93,2.69,17360.6,3.563,444702.0,18636000.0,19.65,6.314,3.56,15.84,,,53.91,55.33
2002-06-19 00:00:00+00:00,674.7,674.68,0.0,31796.18,26.5,1.93,2.52,14893.0,3.563,444702.0,18636000.0,18.37,6.314,3.56,15.84,,,51.05,54.62
2002-06-20 00:00:00+00:00,646.4,646.37,0.0,30462.08,25.4,1.93,2.41,11694.5,3.305,444702.0,18636000.0,17.6,6.05,3.31,16.53,,,47.48,49.27
2002-06-21 00:00:00+00:00,655.8,655.81,0.0,30906.78,25.8,1.93,2.45,9765.3,3.305,444702.0,18636000.0,17.85,6.05,3.31,16.53,,,47.48,49.98
2002-06-24 00:00:00+00:00,641.7,641.65,0.0,30239.73,25.2,1.93,2.39,7749.2,3.305,444702.0,18636000.0,17.47,6.05,3.31,16.53,,,48.19,49.62
2002-06-25 00:00:00+00:00,622.8,622.78,0.0,29350.32,24.5,1.93,2.32,8154.0,3.305,444702.0,18636000.0,16.95,6.05,3.31,16.53,,,46.05,49.62
2002-06-26 00:00:00+00:00,580.3,580.32,0.0,27349.16,22.8,1.93,2.16,8754.5,3.305,444702.0,18636000.0,15.8,6.05,3.31,16.53,,,43.91,45.7
2002-06-27 00:00:00+00:00,542.6,542.57,0.0,25570.36,21.3,1.93,2.02,16057.8,3.305,444702.0,18636000.0,14.77,6.05,3.31,16.53,,,41.05,43.91
2002-06-28 00:00:00+00:00,542.6,542.57,0.0,25570.36,21.3,1.93,2.02,23007.7,3.305,444702.0,18636000.0,14.77,6.05,3.31,16.53,,,39.63,41.77
2002-07-01 00:00:00+00:00,504.8,504.83,0.0,23791.55,19.8,1.93,1.88,5755.6,3.305,444702.0,18636000.0,13.74,6.05,3.31,16.53,,,38.2,40.7
2002-07-02 00:00:00+00:00,469.9,469.92,0.0,22146.14,18.5,1.93,1.75,9456.3,3.305,444702.0,18636000.0,12.79,6.05,3.31,16.53,,,35.56,37.48
2002-07-03 00:00:00+00:00,476.5,476.52,0.0,22457.45,18.7,1.93,1.78,18014.8,3.305,444702.0,18636000.0,12.97,6.05,3.31,16.53,,,33.27,36.41
2002-07-04 00:00:00+00:00,500.1,500.11,0.0,23569.2,19.7,1.93,1.87,16126.0,3.305,444702.0,18636000.0,13.61,6.05,3.31,16.53,,,35.34,37.84
2002-07-05 00:00:00+00:00,528.4,528.42,0.0,24903.3,20.8,1.93,1.97,18064.0,3.305,444702.0,18636000.0,14.38,6.05,3.31,16.53,,,36.41,39.98
2002-07-08 00:00:00+00:00,561.4,561.44,0.0,26459.76,22.1,1.93,2.09,27738.8,3.305,444702.0,18636000.0,15.28,6.05,3.31,16.53,,,38.2,42.48
2002-07-09 00:00:00+00:00,594.5,594.47,0.0,28016.22,23.4,1.93,2.22,18645.4,3.305,444702.0,18636000.0,16.18,6.05,3.31,16.53,,,41.05,45.34
2002-07-10 00:00:00+00:00,556.7,556.73,0.0,26237.41,21.9,1.93,2.08,10290.0,3.305,444702.0,18636000.0,15.16,6.05,3.31,16.53,,,42.13,44.27
2002-07-11 00:00:00+00:00,533.1,533.14,0.0,25125.66,21.0,1.93,1.99,16316.7,3.305,444702.0,18636000.0,14.51,6.05,3.31,16.53,,,39.98,42.48
2002-07-12 00:00:00+00:00,554.8,554.84,0.0,27053.42,21.8,1.93,2.07,14482.5,3.305,563613.0,18636000.0,15.1,6.05,3.31,16.53,,,40.76,41.98
2002-07-15 00:00:00+00:00,589.5,589.52,0.0,28744.26,23.2,1.93,2.2,17819.4,3.305,563613.0,18636000.0,16.05,6.05,3.31,16.53,,,42.25,44.61
2002-07-16 00:00:00+00:00,578.0,577.96,0.0,28180.64,22.7,1.93,2.16,15150.4,3.305,563613.0,18636000.0,15.73,6.05,3.31,16.53,,,43.56,45.92
2002-07-17 00:00:00+00:00,567.6,567.55,0.0,27673.39,22.3,1.93,2.12,11486.3,3.305,563613.0,18636000.0,15.45,6.05,3.31,16.53,,,42.86,44.17
2002-07-18 00:00:00+00:00,583.7,583.74,0.0,28462.45,22.9,1.93,2.18,13463.9,3.292,563613.0,18636000.0,15.89,7.526,3.29,13.29,,,43.03,45.04
2002-07-19 00:00:00+00:00,601.1,601.08,0.0,29307.87,23.6,1.93,2.24,12817.5,3.292,563613.0,18636000.0,16.36,7.526,3.29,13.29,,,43.29,45.48
2002-07-22 00:00:00+00:00,601.1,601.08,0.0,29307.87,23.6,1.93,2.24,15094.1,3.292,563613.0,18636000.0,16.36,7.526,3.29,13.29,,,44.61,46.36
2002-07-23 00:00:00+00:00,641.5,641.53,0.0,31280.52,25.2,1.93,2.39,22450.8,3.292,563613.0,18636000.0,17.46,7.526,3.29,13.29,,,45.04,48.54
2002-07-24 00:00:00+00:00,647.3,647.31,0.0,31562.32,25.4,1.93,2.41,22273.7,3.292,563613.0,18636000.0,17.62,7.526,3.29,13.29,,,47.67,49.42
2002-07-25 00:00:00+00:00,606.9,606.86,0.0,29589.68,23.8,1.93,2.26,21105.2,3.292,563613.0,18636000.0,16.52,7.526,3.29,13.29,,,45.92,50.73
2002-07-26 00:00:00+00:00,566.4,566.4,0.0,27617.03,22.3,1.93,2.11,12684.1,3.292,563613.0,18636000.0,15.42,7.526,3.29,13.29,,,42.86,44.17
2002-07-29 00:00:00+00:00,571.0,571.02,0.0,27842.47,22.4,1.93,2.13,12733.4,3.292,563613.0,18636000.0,15.54,7.526,3.29,13.29,,,43.21,45.04
2002-07-30 00:00:00+00:00,606.9,606.86,0.0,29589.68,23.8,1.93,2.26,14982.0,3.292,563613.0,18636000.0,16.52,7.526,3.29,13.29,,,44.17,45.92
2002-07-31 00:00:00+00:00,612.6,612.64,0.0,29871.48,24.1,1.93,2.29,17956.1,3.292,563613.0,18636000.0,16.68,7.526,3.29,13.29,,,45.92,47.67
2002-08-01 00:00:00+00:00,606.9,606.86,0.0,29589.68,23.8,1.93,2.26,10717.8,3.292,563613.0,18636000.0,16.52,7.526,3.29,13.29,,,45.48,47.67
2002-08-02 00:00:00+00:00,595.3,595.3,0.0,29026.06,23.4,1.93,2.22,8531.3,3.292,563613.0,18636000.0,16.21,7.526,3.29,13.29,,,43.73,45.48
2002-08-05 00:00:00+00:00,553.7,553.68,0.0,26997.05,21.8,1.93,2.07,5664.7,3.292,563613.0,18636000.0,15.07,7.526,3.29,13.29,,,41.9,43.47
2002-08-06 00:00:00+00:00,536.3,536.34,0.0,26151.63,21.1,1.93,2.0,10372.8,3.292,563613.0,18636000.0,14.6,7.526,3.29,13.29,,,39.01,41.55
2002-08-07 00:00:00+00:00,562.9,562.93,0.0,27447.95,22.1,1.93,2.1,18178.1,3.292,563613.0,18636000.0,15.32,7.526,3.29,13.29,,,42.16,43.38
2002-08-08 00:00:00+00:00,559.5,559.46,0.0,27278.86,22.0,1.93,2.09,17681.6,3.292,563613.0,18636000.0,15.23,7.526,3.29,13.29,,,41.72,43.56
2002-08-09 00:00:00+00:00,595.3,595.3,0.0,29026.06,23.4,1.93,2.22,14772.8,3.292,563613.0,18636000.0,16.21,7.526,3.29,13.29,,,43.29,45.04
2002-08-12 00:00:00+00:00,578.0,577.96,0.0,28180.64,22.7,1.93,2.16,7980.5,3.292,563613.0,18636000.0,15.73,7.526,3.29,13.29,,,43.29,45.48
2002-08-13 00:00:00+00:00,578.0,577.96,0.0,28180.64,22.7,1.93,2.16,7648.9,3.292,563613.0,18636000.0,15.73,7.526,3.29,13.29,,,43.29,45.04
2002-08-14 00:00:00+00:00,589.5,589.52,0.0,28744.26,23.2,1.93,2.2,7743.6,3.292,563613.0,18636000.0,16.05,7.526,3.29,13.29,,,43.56,45.04
2002-08-15 00:00:00+00:00,578.0,577.96,0.0,28180.64,22.7,1.93,2.16,16571.1,3.287,563613.0,18636000.0,15.73,7.514,3.29,13.31,,,43.73,45.92
2002-08-16 00:00:00+00:00,589.5,589.52,0.0,28744.26,23.2,1.93,2.2,11723.4,3.287,563613.0,18636000.0,16.05,7.514,3.29,13.31,,,43.73,45.48
2002-08-19 00:00:00+00:00,595.3,595.3,0.0,29026.06,23.4,1.93,2.22,5713.7,3.287,563613.0,18636000.0,16.21,7.514,3.29,13.31,,,44.61,45.48
2002-08-20 00:00:00+00:00,606.9,606.86,0.0,29589.68,23.8,1.93,2.26,12037.3,3.287,563613.0,18636000.0,16.52,7.514,3.29,13.31,,,45.04,45.92
2002-08-21 00:00:00+00:00,630.0,629.97,0.0,30716.9,24.8,1.93,2.35,21518.4,3.287,563613.0,18636000.0,17.15,7.514,3.29,13.31,,,45.04,47.67
2002-08-22 00:00:00+00:00,670.4,670.43,0.0,32689.55,26.3,1.93,2.5,35084.0,3.287,563613.0,18636000.0,18.25,7.514,3.29,13.31,,,48.54,50.73
2002-08-23 00:00:00+00:00,670.4,670.43,0.0,32689.55,26.3,1.93,2.5,29660.5,3.287,563613.0,18636000.0,18.25,7.514,3.29,13.31,,,49.42,51.6
2002-08-26 00:00:00+00:00,647.3,647.31,0.0,31562.32,21.4,2.29,2.41,8456.0,3.287,563613.0,18636000.0,17.62,7.514,3.29,13.31,,,48.98,50.73
2002-08-27 00:00:00+00:00,647.3,647.31,0.0,31562.32,21.4,2.29,2.41,8356.4,3.287,563613.0,18636000.0,17.62,7.514,3.29,13.31,,,48.98,49.85
2002-08-28 00:00:00+00:00,606.9,606.86,0.0,29589.68,20.0,2.29,2.26,11937.2,3.287,563613.0,18636000.0,16.52,7.514,3.29,13.31,,,45.92,48.54
2002-08-29 00:00:00+00:00,624.2,624.19,0.0,30435.09,20.6,2.29,2.33,15789.3,3.287,563613.0,18636000.0,16.99,7.514,3.29,13.31,,,45.04,48.11
2002-08-30 00:00:00+00:00,612.6,612.64,0.0,30111.2,20.2,2.29,2.29,10392.8,3.287,568136.0,18636000.0,16.68,7.514,3.29,13.31,,,46.36,48.11
2002-09-02 00:00:00+00:00,601.1,601.08,0.0,29543.07,19.8,2.3,2.24,8501.0,3.287,568136.0,18636000.0,16.36,7.514,3.29,13.31,,,45.04,46.79
2002-09-03 00:00:00+00:00,618.4,618.41,0.0,30395.27,20.4,2.3,2.31,10985.2,3.287,568136.0,18636000.0,16.83,7.514,3.29,13.31,,,45.04,47.23
2002-09-04 00:00:00+00:00,630.0,629.97,0.0,30963.41,20.8,2.3,2.35,24345.8,3.287,568136.0,18636000.0,17.15,7.514,3.29,13.31,,,45.48,49.42
2002-09-05 00:00:00+00:00,612.6,612.64,0.0,30111.2,20.2,2.3,2.29,14587.4,3.287,568136.0,18636000.0,16.68,7.514,3.29,13.31,,,46.36,48.54
2002-09-06 00:00:00+00:00,612.6,612.64,0.0,30111.2,20.2,2.3,2.29,,3.287,568136.0,18636000.0,16.68,7.514,3.29,13.31,,,,
2002-09-09 00:00:00+00:00,618.4,618.41,0.0,30395.27,20.4,2.3,2.31,8241.5,3.287,568136.0,18636000.0,16.83,7.514,3.29,13.31,,,45.48,47.23
2002-09-10 00:00:00+00:00,658.9,658.87,0.0,32383.75,21.7,2.3,2.46,22760.7,3.287,568136.0,18636000.0,17.94,7.514,3.29,13.31,,,46.79,49.85
2002-09-11 00:00:00+00:00,658.9,658.87,0.0,32383.75,21.7,2.3,2.46,17949.9,3.287,568136.0,18636000.0,17.94,7.514,3.29,13.31,,,48.98,50.73
2002-09-12 00:00:00+00:00,676.2,676.21,0.0,33235.95,22.3,2.3,2.52,20384.7,3.287,568136.0,18636000.0,18.41,7.514,3.29,13.31,,,49.42,51.17
2002-09-13 00:00:00+00:00,653.1,653.09,0.0,32099.68,21.5,2.3,2.44,13852.5,3.287,568136.0,18636000.0,17.78,7.514,3.29,13.31,,,49.42,51.17
2002-09-16 00:00:00+00:00,624.2,624.19,0.0,30679.34,20.6,2.3,2.33,13911.0,3.287,568136.0,18636000.0,16.99,7.514,3.29,13.31,,,47.23,49.85
2002-09-17 00:00:00+00:00,664.7,664.65,0.0,32667.82,21.9,2.3,2.48,15429.1,3.287,568136.0,18636000.0,18.09,7.514,3.29,13.31,,,47.67,50.29
2002-09-18 00:00:00+00:00,664.7,664.65,0.0,32667.82,21.9,2.3,2.48,20098.1,3.287,568136.0,18636000.0,18.09,7.514,3.29,13.31,,,48.98,50.73
2002-09-19 00:00:00+00:00,653.1,653.09,0.0,32099.68,21.5,2.3,2.44,16712.0,3.033,568136.0,18636000.0,17.78,6.029,3.03,16.59,,,49.42,51.17
2002-09-20 00:00:00+00:00,641.5,641.53,0.0,31531.54,21.1,2.3,2.39,10604.7,3.033,568136.0,18636000.0,17.46,6.029,3.03,16.59,,,48.11,49.85
2002-09-23 00:00:00+00:00,624.2,624.19,0.0,30679.34,20.6,2.3,2.33,11799.5,3.033,568136.0,18636000.0,16.99,6.029,3.03,16.59,,,46.36,49.42
2002-09-24 00:00:00+00:00,601.1,601.08,0.0,29543.07,19.8,2.3,2.24,8941.4,3.033,568136.0,18636000.0,16.36,6.029,3.03,16.59,,,45.48,47.67
2002-09-25 00:00:00+00:00,583.7,583.74,0.0,28690.87,19.2,2.3,2.18,12153.3,3.033,568136.0,18636000.0,15.89,6.029,3.03,16.59,,,42.33,45.92
2002-09-26 00:00:00+00:00,589.5,589.52,0.0,28974.93,19.4,2.3,2.2,9921.5,3.033,568136.0,18636000.0,16.05,6.029,3.03,16.59,,,44.61,46.36
2002-09-27 00:00:00+00:00,589.5,589.52,0.0,28974.93,19.4,2.3,2.2,11258.7,3.033,568136.0,18636000.0,16.05,6.029,3.03,16.59,,,44.17,45.92
2002-09-30 00:00:00+00:00,612.6,612.64,0.0,30111.2,20.2,2.3,2.29,5819.6,3.033,568136.0,18636000.0,16.68,6.029,3.03,16.59,,,43.73,46.36
2002-10-01 00:00:00+00:00,606.9,606.86,0.0,29827.14,20.0,2.3,2.26,7055.0,3.033,568136.0,18636000.0,16.52,6.029,3.03,16.59,,,45.48,46.79
2002-10-02 00:00:00+00:00,606.9,606.86,0.0,29827.14,20.0,2.3,2.26,8900.9,3.033,568136.0,18636000.0,16.52,6.029,3.03,16.59,,,45.92,47.67
2002-10-03 00:00:00+00:00,595.3,595.3,0.0,29259.0,19.6,2.3,2.22,7941.0,3.033,568136.0,18636000.0,16.21,6.029,3.03,16.59,,,43.73,45.92
2002-10-04 00:00:00+00:00,578.0,577.96,0.0,28406.8,19.0,2.3,2.16,5907.6,3.033,568136.0,18636000.0,15.73,6.029,3.03,16.59,,,43.29,45.04
2002-10-07 00:00:00+00:00,545.6,545.59,0.0,26816.01,18.0,2.3,2.04,10425.5,3.033,568136.0,18636000.0,14.85,6.029,3.03,16.59,,,40.67,43.21
2002-10-08 00:00:00+00:00,564.1,564.09,0.0,27725.03,18.6,2.3,2.1,13529.5,3.033,568136.0,18636000.0,15.36,6.029,3.03,16.59,,,40.67,43.21
2002-10-09 00:00:00+00:00,543.3,543.28,0.0,26702.39,17.9,2.3,2.03,12700.8,3.033,568136.0,18636000.0,14.79,6.029,3.03,16.59,,,40.93,43.12
2002-10-10 00:00:00+00:00,543.3,543.28,0.0,26702.39,17.9,2.3,2.03,,3.033,568136.0,18636000.0,14.79,6.029,3.03,16.59,,,,
2002-10-11 00:00:00+00:00,520.2,520.16,0.0,25566.12,17.1,2.3,1.94,13008.0,3.033,568136.0,18636000.0,14.16,6.029,3.03,16.59,,,38.31,41.98
2002-10-14 00:00:00+00:00,497.0,497.04,0.0,24429.84,16.4,2.3,1.85,16888.0,3.033,568136.0,18636000.0,13.53,6.029,3.03,16.59,,,37.61,39.8
2002-10-15 00:00:00+00:00,531.7,531.72,0.0,26134.25,17.5,2.3,1.98,29192.0,3.033,568136.0,18636000.0,14.47,6.029,3.03,16.59,,,37.87,40.23
2002-10-16 00:00:00+00:00,523.6,523.63,0.0,25736.55,17.3,2.3,1.95,41181.1,3.033,568136.0,18636000.0,14.25,6.029,3.03,16.59,,,38.22,41.11
2002-10-17 00:00:00+00:00,508.6,508.6,0.0,24997.98,16.8,2.3,1.9,30344.6,3.078,568136.0,18636000.0,13.85,7.65,3.08,13.07,,,37.17,39.53
2002-10-18 00:00:00+00:00,543.3,543.28,0.0,26702.39,17.9,2.3,2.03,54822.8,3.078,568136.0,18636000.0,14.79,7.65,3.08,13.07,,,39.27,41.11
2002-10-21 00:00:00+00:00,543.3,543.28,0.0,26702.39,17.9,2.3,2.03,33889.6,3.078,568136.0,18636000.0,14.79,7.65,3.08,13.07,,,40.32,42.16
2002-10-22 00:00:00+00:00,528.3,528.25,0.0,25963.81,17.4,2.3,1.97,44565.5,3.078,568136.0,18636000.0,14.38,7.65,3.08,13.07,,,39.88,42.68
2002-10-23 00:00:00+00:00,554.8,554.84,0.0,27270.53,18.3,2.3,2.07,48488.0,3.078,568136.0,18636000.0,15.1,7.65,3.08,13.07,,,39.71,42.68
2002-10-24 00:00:00+00:00,578.0,577.96,0.0,28406.8,19.0,2.3,2.16,51546.2,3.078,568136.0,18636000.0,15.73,7.65,3.08,13.07,,,42.25,44.61
2002-10-25 00:00:00+00:00,578.0,577.96,0.0,28406.8,19.0,2.3,2.16,27624.8,3.078,568136.0,18636000.0,15.73,7.65,3.08,13.07,,,42.94,44.61
2002-10-28 00:00:00+00:00,560.6,560.62,0.0,27554.59,18.5,2.3,2.09,16231.6,3.078,568136.0,18636000.0,15.26,7.65,3.08,13.07,,,42.42,45.04
2002-10-29 00:00:00+00:00,522.5,522.47,0.0,25679.74,17.2,2.3,1.95,28723.6,3.078,568136.0,18636000.0,14.22,7.65,3.08,13.07,,,39.53,41.98
2002-10-30 00:00:00+00:00,497.0,497.04,0.0,24429.84,16.4,2.3,1.85,24613.8,3.078,568136.0,18636000.0,13.53,7.65,3.08,13.07,,,37.17,38.48
2002-10-31 00:00:00+00:00,497.0,497.04,0.0,24429.84,16.4,2.3,1.85,32420.3,3.078,568136.0,18636000.0,13.53,7.65,3.08,13.07,,,37.43,38.92
2002-11-01 00:00:00+00:00,505.1,505.14,0.0,24827.54,18.1,2.11,1.88,38938.8,3.078,568136.0,18636000.0,13.75,7.65,3.08,13.07,,,37.96,39.27
2002-11-04 00:00:00+00:00,505.1,505.14,0.0,24827.54,18.1,2.11,1.88,17381.4,3.078,568136.0,18636000.0,13.75,7.65,3.08,13.07,,,37.78,39.18
2002-11-05 00:00:00+00:00,504.0,503.98,0.0,24770.72,18.1,2.11,1.88,20370.3,3.078,568136.0,18636000.0,13.72,7.65,3.08,13.07,,,38.13,39.1
2002-11-06 00:00:00+00:00,531.7,531.72,0.0,26134.25,19.0,2.11,1.98,34112.9,3.078,568136.0,18636000.0,14.47,7.65,3.08,13.07,,,37.87,40.76
2002-11-07 00:00:00+00:00,543.3,543.28,0.0,26702.39,19.5,2.11,2.03,30051.7,3.078,568136.0,18636000.0,14.79,7.65,3.08,13.07,,,40.41,41.98
2002-11-08 00:00:00+00:00,534.0,534.03,0.0,26247.88,19.1,2.11,1.99,10894.8,3.078,568136.0,18636000.0,14.54,7.65,3.08,13.07,,,40.32,41.11
2002-11-11 00:00:00+00:00,506.3,506.29,0.0,24884.35,18.1,2.11,1.89,9775.3,3.078,568136.0,18636000.0,13.78,7.65,3.08,13.07,,,38.05,40.41
2002-11-12 00:00:00+00:00,523.6,523.63,0.0,25736.55,18.8,2.11,1.95,14776.5,3.078,568136.0,18636000.0,14.25,7.65,3.08,13.07,,,37.61,39.88
2002-11-13 00:00:00+00:00,520.2,520.16,0.0,25566.12,18.6,2.11,1.94,17461.9,3.078,568136.0,18636000.0,14.16,7.65,3.08,13.07,,,38.4,40.67
2002-11-14 00:00:00+00:00,508.6,508.6,0.0,24997.98,18.2,2.11,1.9,17368.9,2.868,568136.0,18636000.0,13.85,7.236,2.87,13.82,,,38.05,40.06
2002-11-15 00:00:00+00:00,507.4,507.45,0.0,24941.16,18.2,2.11,1.89,19042.3,2.868,568136.0,18636000.0,13.81,7.236,2.87,13.82,,,38.31,39.45
2002-11-18 00:00:00+00:00,508.6,508.6,0.0,24997.98,18.2,2.11,1.9,12387.8,2.868,568136.0,18636000.0,13.85,7.236,2.87,13.82,,,38.13,39.1
2002-11-19 00:00:00+00:00,508.6,508.6,0.0,24997.98,18.2,2.11,1.9,10123.1,2.868,568136.0,18636000.0,13.85,7.236,2.87,13.82,,,38.48,39.18
2002-11-20 00:00:00+00:00,498.2,498.2,0.0,24486.65,17.8,2.11,1.86,6921.9,2.868,568136.0,18636000.0,13.56,7.236,2.87,13.82,,,37.7,38.48
2002-11-21 00:00:00+00:00,463.5,463.52,0.0,22782.25,16.6,2.11,1.73,31544.2,2.868,568136.0,18636000.0,12.62,7.236,2.87,13.82,,,35.07,38.4
2002-11-22 00:00:00+00:00,463.5,463.52,0.0,22818.21,16.6,2.11,1.73,48136.3,2.868,569033.0,18636000.0,12.62,7.236,2.87,13.82,,,34.64,35.77
2002-11-25 00:00:00+00:00,456.6,456.59,0.0,22476.8,16.4,2.11,1.7,16784.9,2.868,569033.0,18636000.0,12.43,7.236,2.87,13.82,,,34.2,35.42
2002-11-26 00:00:00+00:00,456.6,456.59,0.0,22476.8,16.4,2.11,1.7,22001.5,2.868,569033.0,18636000.0,12.43,7.236,2.87,13.82,,,34.29,35.34
2002-11-27 00:00:00+00:00,446.2,446.18,0.0,21964.66,16.0,2.11,1.66,15966.5,2.868,569033.0,18636000.0,12.15,7.236,2.87,13.82,,,33.41,34.99
2002-11-28 00:00:00+00:00,462.4,462.37,0.0,22761.32,16.6,2.11,1.72,31572.8,2.868,569033.0,18636000.0,12.59,7.236,2.87,13.82,,,33.85,35.51
2002-11-29 00:00:00+00:00,485.5,485.48,0.0,23899.38,17.4,2.11,1.81,41809.8,2.868,569033.0,18636000.0,13.22,7.236,2.87,13.82,,,35.42,36.82
2002-12-02 00:00:00+00:00,480.9,480.86,0.0,23671.76,17.2,2.11,1.79,11934.9,2.868,569033.0,18636000.0,13.09,7.236,2.87,13.82,,,35.86,37.0
2002-12-03 00:00:00+00:00,487.8,487.8,0.0,24013.19,17.5,2.11,1.82,26397.3,2.868,569033.0,18636000.0,13.28,7.236,2.87,13.82,,,36.12,37.43
2002-12-04 00:00:00+00:00,497.0,497.04,0.0,24468.41,17.8,2.11,1.85,26968.2,2.868,569033.0,18636000.0,13.53,7.236,2.87,13.82,,,37.0,37.78
2002-12-05 00:00:00+00:00,492.4,492.42,0.0,24240.8,17.6,2.11,1.84,8751.9,2.868,569033.0,18636000.0,13.4,7.236,2.87,13.82,,,36.73,37.7
2002-12-06 00:00:00+00:00,480.9,480.86,0.0,23671.76,17.2,2.11,1.79,11443.7,2.868,569033.0,18636000.0,13.09,7.236,2.87,13.82,,,35.51,37.17
2002-12-09 00:00:00+00:00,473.9,473.93,0.0,23330.35,17.0,2.11,1.77,15477.7,2.868,569033.0,18636000.0,12.9,7.236,2.87,13.82,,,35.42,37.17
2002-12-10 00:00:00+00:00,462.4,462.37,0.0,22761.32,16.6,2.11,1.72,7973.2,2.868,569033.0,18636000.0,12.59,7.236,2.87,13.82,,,34.46,35.77
2002-12-11 00:00:00+00:00,462.4,462.37,0.0,22761.32,16.6,2.11,1.72,9075.0,2.868,569033.0,18636000.0,12.59,7.236,2.87,13.82,,,34.55,35.42
2002-12-12 00:00:00+00:00,452.0,451.96,0.0,22249.18,16.2,2.11,1.69,7616.0,2.868,569033.0,18636000.0,12.3,7.236,2.87,13.82,,,34.11,35.42
2002-12-13 00:00:00+00:00,447.3,447.34,0.0,22021.57,16.0,2.11,1.67,5799.1,2.868,569033.0,18636000.0,12.18,7.236,2.87,13.82,,,33.85,34.55
2002-12-16 00:00:00+00:00,453.1,453.12,0.0,22306.09,16.2,2.11,1.69,4804.8,2.868,569033.0,18636000.0,12.34,7.236,2.87,13.82,,,33.5,34.29
2002-12-17 00:00:00+00:00,443.9,443.87,0.0,21850.86,15.9,2.11,1.66,4923.2,2.868,569033.0,18636000.0,12.08,7.236,2.87,13.82,,,33.5,34.81
2002-12-18 00:00:00+00:00,442.7,442.72,0.0,21793.95,15.9,2.11,1.65,6076.1,2.868,569033.0,18636000.0,12.05,7.236,2.87,13.82,,,33.15,34.02
2002-12-19 00:00:00+00:00,433.5,433.47,0.0,21338.73,15.5,2.11,1.62,6700.6,2.89,569033.0,18636000.0,11.8,8.604,2.89,11.62,,,32.54,33.67
2002-12-20 00:00:00+00:00,433.5,433.47,0.0,21338.73,15.5,2.11,1.62,10970.5,2.89,569033.0,18636000.0,11.8,8.604,2.89,11.62,,,30.52,33.24
2002-12-23 00:00:00+00:00,423.1,423.06,0.0,20826.6,15.2,2.11,1.58,4560.1,2.89,569033.0,18636000.0,11.52,8.604,2.89,11.62,,,31.49,32.62
2002-12-24 00:00:00+00:00,418.4,418.44,0.0,20598.99,15.0,2.11,1.56,9164.7,2.89,569033.0,18636000.0,11.39,8.604,2.89,11.62,,,31.49,32.71
2002-12-25 00:00:00+00:00,410.3,410.35,0.0,20200.67,14.7,2.11,1.53,7097.7,2.89,569033.0,18636000.0,11.17,8.604,2.89,11.62,,,30.87,31.75
2002-12-26 00:00:00+00:00,432.3,432.31,0.0,21281.82,15.5,2.11,1.61,8161.0,2.89,569033.0,18636000.0,11.77,8.604,2.89,11.62,,,30.7,32.71
2002-12-27 00:00:00+00:00,421.9,421.91,0.0,20769.7,15.1,2.11,1.57,4087.0,2.89,569033.0,18636000.0,11.49,8.604,2.89,11.62,,,31.66,32.71
2002-12-30 00:00:00+00:00,408.0,408.04,0.0,20086.86,14.6,2.11,1.52,4025.2,2.89,569033.0,18636000.0,11.11,8.604,2.89,11.62,,,30.44,31.57
2002-12-31 00:00:00+00:00,410.3,410.35,0.0,20200.67,14.7,2.11,1.53,5544.9,2.89,569033.0,18636000.0,11.17,8.604,2.89,11.62,,,30.18,31.14
2003-01-01 00:00:00+00:00,410.3,410.35,0.0,20200.67,14.7,2.11,2.38,,2.89,569033.0,17777707.0,-69.61,8.604,2.89,11.62,,,,
2003-01-02 00:00:00+00:00,404.6,404.57,0.0,19916.15,14.5,2.11,2.35,5857.3,2.89,569033.0,17777707.0,-68.63,8.604,2.89,11.62,,,30.61,31.57
2003-01-03 00:00:00+00:00,421.9,421.91,0.0,20769.7,15.1,2.11,2.45,8194.0,2.89,569033.0,17777707.0,-71.57,8.604,2.89,11.62,,,31.14,32.19
2003-01-06 00:00:00+00:00,418.4,418.44,0.0,20598.99,15.0,2.11,2.43,4416.4,2.89,569033.0,17777707.0,-70.98,8.604,2.89,11.62,,,31.4,32.1
2003-01-07 00:00:00+00:00,418.4,418.44,0.0,20598.99,15.0,2.11,2.43,9052.1,2.89,569033.0,17777707.0,-70.98,8.604,2.89,11.62,,,31.66,32.8
2003-01-08 00:00:00+00:00,439.2,439.25,0.0,21623.25,15.7,2.11,2.55,10961.6,2.89,569033.0,17777707.0,-74.51,8.604,2.89,11.62,,,31.49,33.5
2003-01-09 00:00:00+00:00,450.8,450.81,0.0,22192.28,16.1,2.11,2.62,23445.5,2.89,569033.0,17777707.0,-76.47,8.604,2.89,11.62,,,33.24,35.42
2003-01-10 00:00:00+00:00,457.7,457.74,0.0,22533.7,16.4,2.11,2.66,18113.6,2.89,569033.0,17777707.0,-77.65,8.604,2.89,11.62,,,34.37,35.86
2003-01-13 00:00:00+00:00,489.0,488.95,0.0,24070.08,17.5,2.11,2.84,23805.7,2.89,569033.0,17777707.0,-82.94,8.604,2.89,11.62,,,34.9,37.0
2003-01-14 00:00:00+00:00,489.0,488.95,0.0,24070.08,17.5,2.11,2.84,16844.5,2.89,569033.0,17777707.0,-82.94,8.604,2.89,11.62,,,36.38,37.52
2003-01-15 00:00:00+00:00,484.3,484.33,0.0,23842.47,17.3,2.11,2.81,14200.3,2.89,569033.0,17777707.0,-82.16,8.604,2.89,11.62,,,36.38,37.43
2003-01-16 00:00:00+00:00,463.5,463.52,0.0,22818.21,16.6,2.11,2.69,10544.8,2.823,569033.0,17777707.0,-78.63,7.626,2.82,13.11,,,34.55,36.56
2003-01-17 00:00:00+00:00,456.6,456.59,0.0,22476.8,16.4,2.11,2.65,4325.3,2.823,569033.0,17777707.0,-77.45,7.626,2.82,13.11,,,34.55,35.16
2003-01-20 00:00:00+00:00,448.5,448.49,0.0,22078.47,16.1,2.11,2.61,4116.0,2.823,569033.0,17777707.0,-76.08,7.626,2.82,13.11,,,33.24,34.37
2003-01-21 00:00:00+00:00,447.3,447.34,0.0,22021.57,16.0,2.11,2.6,6231.5,2.823,569033.0,17777707.0,-75.88,7.626,2.82,13.11,,,33.76,34.81
2003-01-22 00:00:00+00:00,443.9,443.87,0.0,21850.86,15.9,2.11,2.58,5419.1,2.823,569033.0,17777707.0,-75.29,7.626,2.82,13.11,,,33.06,34.46
2003-01-23 00:00:00+00:00,446.2,446.18,0.0,21964.66,16.0,2.11,2.59,14065.6,2.823,569033.0,17777707.0,-75.69,7.626,2.82,13.11,,,33.76,34.9
2003-01-24 00:00:00+00:00,448.5,448.49,0.0,22078.47,16.1,2.11,2.61,11520.4,2.823,569033.0,17777707.0,-76.08,7.626,2.82,13.11,,,33.59,34.64
2003-01-27 00:00:00+00:00,449.7,449.65,0.0,22135.38,16.1,2.11,2.61,12221.5,2.823,569033.0,17777707.0,-76.27,7.626,2.82,13.11,,,33.41,34.81
2003-01-28 00:00:00+00:00,447.3,447.34,0.0,22021.96,16.0,2.11,2.6,8574.3,2.823,569043.0,17777707.0,-75.88,7.626,2.82,13.11,,,33.76,34.46
2003-01-29 00:00:00+00:00,447.3,447.34,0.0,22021.96,16.0,2.11,2.6,,2.823,569043.0,17777707.0,-75.88,7.626,2.82,13.11,,,,
2003-01-30 00:00:00+00:00,447.3,447.34,0.0,22021.96,16.0,2.11,2.6,,2.823,569043.0,17777707.0,-75.88,7.626,2.82,13.11,,,,
2003-01-31 00:00:00+00:00,447.3,447.34,0.0,22021.96,16.0,2.11,2.6,,2.823,569043.0,17777707.0,-75.88,7.626,2.82,13.11,,,,
2003-02-03 00:00:00+00:00,447.3,447.34,0.0,22021.96,16.0,2.11,2.6,,2.823,569043.0,17777707.0,-75.88,7.626,2.82,13.11,,,,
2003-02-04 00:00:00+00:00,447.3,447.34,0.0,22021.96,16.0,2.11,2.6,,2.823,569043.0,17777707.0,-75.88,7.626,2.82,13.11,,,,
2003-02-05 00:00:00+00:00,447.3,447.34,0.0,22021.96,16.0,2.11,2.6,,2.823,569043.0,17777707.0,-75.88,7.626,2.82,13.11,,,,
2003-02-06 00:00:00+00:00,416.1,416.13,0.0,20485.54,14.9,2.11,2.42,6120.2,2.823,569043.0,17777707.0,-70.59,7.626,2.82,13.11,,,31.49,34.11
2003-02-07 00:00:00+00:00,394.2,394.17,0.0,19404.35,14.1,2.11,2.29,15063.6,2.823,569043.0,17777707.0,-66.86,7.626,2.82,13.11,,,29.3,31.31
2003-02-10 00:00:00+00:00,387.2,387.23,0.0,19062.93,13.9,2.11,2.25,8738.2,2.823,569043.0,17777707.0,-65.69,7.626,2.82,13.11,,,28.95,29.83
2003-02-11 00:00:00+00:00,379.1,379.14,0.0,18664.6,13.6,2.11,2.2,9681.4,2.823,569043.0,17777707.0,-64.31,7.626,2.82,13.11,,,28.69,29.91
2003-02-12 00:00:00+00:00,374.5,374.52,0.0,18436.98,13.4,2.11,2.18,4946.3,2.823,569043.0,17777707.0,-63.53,7.626,2.82,13.11,,,28.25,29.21
2003-02-13 00:00:00+00:00,361.8,361.8,0.0,17811.03,13.0,2.11,2.1,11421.0,2.823,569043.0,17777707.0,-61.37,7.626,2.82,13.11,,,27.38,28.69
2003-02-14 00:00:00+00:00,361.8,361.8,0.0,17811.03,13.0,2.11,2.1,7373.6,2.823,569043.0,17777707.0,-61.37,7.626,2.82,13.11,,,27.38,28.08
2003-02-17 00:00:00+00:00,376.8,376.83,0.0,18550.79,13.5,2.11,2.19,10641.5,2.823,569043.0,17777707.0,-63.92,7.626,2.82,13.11,,,27.99,28.78
2003-02-18 00:00:00+00:00,367.6,367.58,0.0,18095.55,13.2,2.11,2.14,5703.6,2.823,569043.0,17777707.0,-62.35,7.626,2.82,13.11,,,27.81,28.51
2003-02-19 00:00:00+00:00,360.6,360.65,0.0,17754.13,12.9,2.11,2.09,8951.1,2.823,569043.0,17777707.0,-61.18,7.626,2.82,13.11,,,27.29,28.34
2003-02-20 00:00:00+00:00,354.9,354.87,0.0,17469.61,12.7,2.11,2.06,11357.9,2.697,569043.0,17777707.0,-60.2,9.693,2.7,10.32,,,26.76,27.73
2003-02-21 00:00:00+00:00,352.6,352.55,0.0,17355.8,12.6,2.11,2.05,7757.3,2.697,569043.0,17777707.0,-59.8,9.693,2.7,10.32,,,26.59,27.2
2003-02-24 00:00:00+00:00,363.0,362.96,0.0,17867.94,13.0,2.11,2.11,7665.2,2.697,569043.0,17777707.0,-61.57,9.693,2.7,10.32,,,26.68,27.46
2003-02-25 00:00:00+00:00,359.5,359.49,0.0,17697.22,12.9,2.11,2.09,5400.9,2.697,569043.0,17777707.0,-60.98,9.693,2.7,10.32,,,26.76,27.46
2003-02-26 00:00:00+00:00,363.0,362.96,0.0,17867.94,13.0,2.11,2.11,9097.3,2.697,569043.0,17777707.0,-61.57,9.693,2.7,10.32,,,27.29,27.9
2003-02-27 00:00:00+00:00,346.8,346.77,0.0,17071.29,12.4,2.11,2.01,10440.6,2.697,569043.0,17777707.0,-58.82,9.693,2.7,10.32,,,25.63,27.03
2003-02-28 00:00:00+00:00,346.8,346.77,0.0,17071.29,12.4,2.11,2.01,,2.697,569043.0,17777707.0,-58.82,9.693,2.7,10.32,,,,
2003-03-03 00:00:00+00:00,345.6,345.62,0.0,17014.38,12.4,2.11,2.01,7830.2,2.697,569043.0,17777707.0,-58.63,9.693,2.7,10.32,,,25.89,26.41
2003-03-04 00:00:00+00:00,335.2,335.22,0.0,16502.24,12.0,2.11,1.95,8785.4,2.697,569043.0,17777707.0,-56.86,9.693,2.7,10.32,,,25.1,25.89
2003-03-05 00:00:00+00:00,320.2,320.19,0.0,15762.48,11.5,2.11,1.86,16301.6,2.697,569043.0,17777707.0,-54.31,9.693,2.7,10.32,,,24.05,25.19
2003-03-06 00:00:00+00:00,332.9,332.9,0.0,16388.43,11.9,2.11,1.93,15578.3,2.697,569043.0,17777707.0,-56.47,9.693,2.7,10.32,,,24.31,25.28
2003-03-07 00:00:00+00:00,332.9,332.9,0.0,16388.43,11.9,2.11,1.93,12284.8,2.697,569043.0,17777707.0,-56.47,9.693,2.7,10.32,,,24.49,25.54
2003-03-10 00:00:00+00:00,334.1,334.06,0.0,16445.33,12.0,2.11,1.94,9248.1,2.697,569043.0,17777707.0,-56.67,9.693,2.7,10.32,,,25.19,25.71
2003-03-11 00:00:00+00:00,341.0,340.99,0.0,16786.76,12.2,2.11,1.98,12146.6,2.697,569043.0,17777707.0,-57.84,9.693,2.7,10.32,,,24.93,26.15
2003-03-12 00:00:00+00:00,345.6,345.62,0.0,17014.38,12.4,2.11,2.01,8944.4,2.697,569043.0,17777707.0,-58.63,9.693,2.7,10.32,,,25.54,26.5
2003-03-13 00:00:00+00:00,344.5,344.46,0.0,16957.47,12.3,2.11,2.0,7443.5,2.697,569043.0,17777707.0,-58.43,9.693,2.7,10.32,,,25.8,26.41
2003-03-14 00:00:00+00:00,343.3,343.31,0.0,16900.57,12.3,2.11,1.99,10943.8,2.697,569043.0,17777707.0,-58.23,9.693,2.7,10.32,,,25.8,27.29
2003-03-17 00:00:00+00:00,328.3,328.28,0.0,16160.81,11.8,2.11,1.91,3781.3,2.697,569043.0,17777707.0,-55.69,9.693,2.7,10.32,,,24.84,25.98
2003-03-18 00:00:00+00:00,350.2,350.24,0.0,17241.99,12.5,2.11,2.03,13611.2,2.697,569043.0,17777707.0,-59.41,9.693,2.7,10.32,,,25.63,26.5
2003-03-19 00:00:00+00:00,353.7,353.71,0.0,17412.7,12.7,2.11,2.05,21602.5,2.697,569043.0,17777707.0,-60.0,9.693,2.7,10.32,,,26.06,27.38
2003-03-20 00:00:00+00:00,360.6,360.65,0.0,17754.13,12.9,2.11,2.09,17813.8,2.735,569043.0,17777707.0,-61.18,10.317,2.73,9.69,,,26.24,27.55
2003-03-21 00:00:00+00:00,359.5,359.49,0.0,17697.22,12.9,2.11,2.09,8448.1,2.735,569043.0,17777707.0,-60.98,10.317,2.73,9.69,,,27.11,27.64
2003-03-24 00:00:00+00:00,351.4,351.4,0.0,17298.89,12.6,2.11,2.04,5696.6,2.735,569043.0,17777707.0,-59.61,10.317,2.73,9.69,,,26.59,27.46
2003-03-25 00:00:00+00:00,345.6,345.62,0.0,17014.38,12.4,2.11,2.01,5143.6,2.735,569043.0,17777707.0,-58.63,10.317,2.73,9.69,,,25.8,26.59
2003-03-26 00:00:00+00:00,345.6,345.62,0.0,17014.38,12.4,2.11,2.01,5059.5,2.735,569043.0,17777707.0,-58.63,10.317,2.73,9.69,,,26.15,26.76
2003-03-27 00:00:00+00:00,353.7,353.71,0.0,17412.7,12.7,2.11,2.05,7078.4,2.735,569043.0,17777707.0,-60.0,10.317,2.73,9.69,,,26.24,26.76
2003-03-28 00:00:00+00:00,346.8,346.77,0.0,17071.29,12.4,2.11,2.01,5370.5,2.735,569043.0,17777707.0,-58.82,10.317,2.73,9.69,,,26.24,26.76
2003-03-31 00:00:00+00:00,332.9,332.9,0.0,16388.43,11.9,2.11,1.93,8020.6,2.735,569043.0,17777707.0,-56.47,10.317,2.73,9.69,,,24.75,26.15
2003-04-01 00:00:00+00:00,337.5,337.53,0.0,16616.05,12.1,2.11,1.96,6399.5,2.735,569043.0,17777707.0,-57.25,10.317,2.73,9.69,,,25.1,25.71
2003-04-02 00:00:00+00:00,339.8,339.84,0.0,16729.86,12.2,2.11,1.97,6443.4,2.735,569043.0,17777707.0,-57.65,10.317,2.73,9.69,,,25.36,25.8
2003-04-03 00:00:00+00:00,352.6,352.55,0.0,17355.8,12.6,2.11,2.05,11486.2,2.735,569043.0,17777707.0,-59.8,10.317,2.73,9.69,,,26.15,26.85
2003-04-04 00:00:00+00:00,363.0,362.96,0.0,17867.94,13.0,2.11,2.11,14599.2,2.735,569043.0,17777707.0,-61.57,10.317,2.73,9.69,,,26.41,27.81
2003-04-07 00:00:00+00:00,361.8,361.8,0.0,17811.03,13.0,2.11,2.1,8696.7,2.735,569043.0,17777707.0,-61.37,10.317,2.73,9.69,,,27.2,27.73
2003-04-08 00:00:00+00:00,360.6,360.65,0.0,17754.13,12.9,2.11,2.09,10977.0,2.735,569043.0,17777707.0,-61.18,10.317,2.73,9.69,,,27.2,27.81
2003-04-09 00:00:00+00:00,347.9,347.93,0.0,17128.18,12.5,2.11,2.02,7723.1,2.735,569043.0,17777707.0,-59.02,10.317,2.73,9.69,,,26.33,27.11
2003-04-10 00:00:00+00:00,349.1,349.09,0.0,17185.09,12.5,2.11,2.03,8835.4,2.735,569043.0,17777707.0,-59.22,10.317,2.73,9.69,,,26.33,26.85
2003-04-11 00:00:00+00:00,342.2,342.15,0.0,16843.66,12.3,2.11,1.99,8696.7,2.735,569043.0,17777707.0,-58.04,10.317,2.73,9.69,,,25.8,26.76
2003-04-14 00:00:00+00:00,335.2,335.22,0.0,16502.24,12.0,2.11,1.95,5412.4,2.735,569043.0,17777707.0,-56.86,10.317,2.73,9.69,,,25.36,26.15
2003-04-15 00:00:00+00:00,337.5,337.53,0.0,16616.05,12.1,2.11,1.96,3828.4,2.735,569043.0,17777707.0,-57.25,10.317,2.73,9.69,,,25.45,25.8
2003-04-16 00:00:00+00:00,352.6,352.55,0.0,17355.8,12.6,2.11,2.05,23132.0,2.735,569043.0,17777707.0,-59.8,10.317,2.73,9.69,,,25.89,26.94
2003-04-17 00:00:00+00:00,346.8,346.77,0.0,17071.29,12.4,2.11,2.01,7821.3,2.71,569043.0,17777707.0,-58.82,10.607,2.71,9.43,,,26.15,26.76
2003-04-18 00:00:00+00:00,358.3,358.33,0.0,17640.32,12.8,2.11,2.08,35568.4,2.71,569043.0,17777707.0,-60.78,10.607,2.71,9.43,,,26.76,27.64
2003-04-21 00:00:00+00:00,364.1,364.11,0.0,17924.85,13.0,2.11,2.11,12927.2,2.71,569043.0,17777707.0,-61.76,10.607,2.71,9.43,,,26.68,27.55
2003-04-22 00:00:00+00:00,361.8,361.8,0.0,17551.24,13.0,2.11,2.1,37512.6,2.71,560743.0,17777707.0,-61.37,10.607,2.71,9.43,,,27.38,28.16
2003-04-23 00:00:00+00:00,347.9,347.93,0.0,16878.35,12.5,2.11,2.02,23032.6,2.71,560743.0,17777707.0,-59.02,10.607,2.71,9.43,,,26.24,27.81
2003-04-24 00:00:00+00:00,335.2,335.22,0.0,16261.54,12.0,2.11,1.95,14084.9,2.71,560743.0,17777707.0,-56.86,10.607,2.71,9.43,,,24.93,26.33
2003-04-25 00:00:00+00:00,323.7,323.66,0.0,15700.8,11.6,2.11,1.88,13070.9,2.71,560743.0,17777707.0,-54.9,10.607,2.71,9.43,,,24.49,25.63
2003-04-28 00:00:00+00:00,301.7,301.69,0.0,14635.38,10.8,2.11,1.75,10361.2,2.71,560743.0,17777707.0,-51.18,10.607,2.71,9.43,,,22.83,23.35
2003-04-29 00:00:00+00:00,291.3,291.29,0.0,14130.71,10.4,2.11,1.69,17539.5,2.71,560743.0,17777707.0,-49.41,10.607,2.71,9.43,,,22.04,23.0
2003-04-30 00:00:00+00:00,271.6,271.64,0.0,12590.0,9.7,2.11,1.58,14448.5,2.71,535745.0,17777707.0,-46.08,10.607,2.71,9.43,,,20.55,22.83
2003-05-01 00:00:00+00:00,271.6,271.64,0.0,12590.0,9.7,2.11,1.58,,2.71,535745.0,17777707.0,-46.08,10.607,2.71,9.43,,,,
2003-05-02 00:00:00+00:00,267.0,267.02,0.0,12375.7,15.1,1.34,1.55,13016.1,2.71,535745.0,17777707.0,-45.29,10.607,2.71,9.43,,,19.5,20.64
2003-05-05 00:00:00+00:00,272.8,272.8,0.0,12643.57,15.4,1.34,1.58,13890.1,2.71,535745.0,17777707.0,-46.27,10.607,2.71,9.43,,,20.12,21.08
2003-05-06 00:00:00+00:00,278.6,278.58,0.0,12911.45,15.7,1.34,1.62,10664.1,2.71,535745.0,17777707.0,-47.25,10.607,2.71,9.43,,,20.9,21.6
2003-05-07 00:00:00+00:00,284.4,284.35,0.0,13179.32,16.1,1.34,1.65,7354.9,2.71,535745.0,17777707.0,-48.23,10.607,2.71,9.43,,,21.17,21.6
2003-05-08 00:00:00+00:00,280.9,280.89,0.0,13018.59,15.9,1.34,1.63,5083.6,2.71,535745.0,17777707.0,-47.65,10.607,2.71,9.43,,,20.99,21.43
2003-05-09 00:00:00+00:00,282.0,282.04,0.0,13072.17,15.9,1.34,1.64,5631.1,2.71,535745.0,17777707.0,-47.84,10.607,2.71,9.43,,,21.08,21.6
2003-05-12 00:00:00+00:00,283.2,283.2,0.0,13125.75,16.0,1.34,1.64,4799.9,2.71,535745.0,17777707.0,-48.04,10.607,2.71,9.43,,,21.34,21.69
2003-05-13 00:00:00+00:00,287.8,287.82,0.0,13340.04,16.3,1.34,1.67,8964.8,2.71,535745.0,17777707.0,-48.82,10.607,2.71,9.43,,,21.78,22.3
2003-05-14 00:00:00+00:00,287.8,287.82,0.0,13340.04,16.3,1.34,1.67,5215.9,2.71,535745.0,17777707.0,-48.82,10.607,2.71,9.43,,,21.6,22.04
2003-05-15 00:00:00+00:00,285.5,285.51,0.0,13232.9,16.1,1.34,1.66,4355.1,2.564,535745.0,17777707.0,-48.43,11.773,2.56,8.49,,,21.34,21.78
2003-05-16 00:00:00+00:00,284.4,284.35,0.0,13179.32,16.1,1.34,1.65,8663.3,2.564,535745.0,17777707.0,-48.23,11.773,2.56,8.49,,,21.52,21.95
2003-05-19 00:00:00+00:00,283.2,283.2,0.0,13125.75,16.0,1.34,1.64,4520.8,2.564,535745.0,17777707.0,-48.04,11.773,2.56,8.49,,,20.99,21.52
2003-05-20 00:00:00+00:00,280.9,280.89,0.0,13018.59,15.9,1.34,1.63,4790.8,2.564,535745.0,17777707.0,-47.65,11.773,2.56,8.49,,,20.99,21.34
2003-05-21 00:00:00+00:00,265.9,265.86,0.0,12322.13,15.0,1.34,1.54,5281.1,2.564,535745.0,17777707.0,-45.1,11.773,2.56,8.49,,,20.12,21.25
2003-05-22 00:00:00+00:00,274.0,273.95,0.0,12697.15,15.5,1.34,1.59,8030.0,2.564,535745.0,17777707.0,-46.47,11.773,2.56,8.49,,,20.03,20.73
2003-05-23 00:00:00+00:00,283.2,283.2,4.23,13125.75,16.0,1.34,1.64,11944.6,2.564,535745.0,17777707.0,-48.04,11.773,2.56,8.49,,,20.82,21.6
2003-05-26 00:00:00+00:00,302.8,302.85,3.95,14036.52,17.1,1.34,1.76,24814.2,2.564,535745.0,17777707.0,-51.37,11.773,2.56,8.49,,,21.69,22.92
2003-05-27 00:00:00+00:00,301.7,301.69,3.97,13982.94,17.0,1.34,1.75,14194.6,2.564,535745.0,17777707.0,-51.18,11.773,2.56,8.49,,,22.39,22.92
2003-05-28 00:00:00+00:00,294.8,294.76,4.06,13661.5,16.7,1.34,1.71,17876.6,2.564,535745.0,17777707.0,-50.0,11.773,2.56,8.49,,,22.3,23.62
2003-05-29 00:00:00+00:00,300.5,300.54,3.98,13929.36,17.0,1.34,1.75,10839.2,2.564,535745.0,17777707.0,-50.98,11.773,2.56,8.49,,,22.13,22.83
2003-05-30 00:00:00+00:00,321.3,321.34,3.73,14893.7,18.2,1.34,1.87,32189.4,2.564,535745.0,17777707.0,-54.51,11.773,2.56,8.49,,,22.65,24.31
2003-06-02 00:00:00+00:00,343.3,343.31,3.49,15911.62,19.4,1.34,1.99,31799.4,2.564,535745.0,17777707.0,-58.23,11.773,2.56,8.49,,,24.75,25.98
2003-06-03 00:00:00+00:00,349.1,349.09,3.43,16179.49,19.7,1.34,2.03,22050.4,2.564,535745.0,17777707.0,-59.22,11.773,2.56,8.49,,,25.36,26.94
2003-06-04 00:00:00+00:00,349.1,349.09,3.43,16179.49,19.7,1.34,2.03,,2.564,535745.0,17777707.0,-59.22,11.773,2.56,8.49,,,,
2003-06-05 00:00:00+00:00,345.6,345.62,3.47,16018.77,19.5,1.34,2.01,16826.4,2.564,535745.0,17777707.0,-58.63,11.773,2.56,8.49,,,25.98,27.03
2003-06-06 00:00:00+00:00,352.6,352.55,3.4,16340.22,19.9,1.34,2.05,22575.0,2.564,535745.0,17777707.0,-59.8,11.773,2.56,8.49,,,26.24,26.85
2003-06-09 00:00:00+00:00,361.0,372.99,3.32,16921.46,20.4,1.34,2.1,22299.9,2.564,597932.0,17777707.0,-61.24,11.773,2.56,8.49,,,25.97,27.32
2003-06-10 00:00:00+00:00,372.5,384.85,3.22,17459.61,21.0,1.34,2.16,20743.2,2.564,597932.0,17777707.0,-63.19,11.773,2.56,8.49,,,27.12,28.47
2003-06-11 00:00:00+00:00,366.1,378.26,3.27,17160.64,20.7,1.34,2.13,12630.6,2.564,597932.0,17777707.0,-62.1,11.773,2.56,8.49,,,27.12,28.28
2003-06-12 00:00:00+00:00,366.1,378.26,3.27,17160.64,20.7,1.34,2.13,16661.3,2.564,597932.0,17777707.0,-62.1,11.773,2.56,8.49,,,27.41,28.67
2003-06-13 00:00:00+00:00,368.7,380.9,3.25,17280.23,20.8,1.34,2.14,8236.9,2.564,597932.0,17777707.0,-62.54,11.773,2.56,8.49,,,27.7,28.19
2003-06-16 00:00:00+00:00,371.2,383.53,3.23,17399.81,21.0,1.34,2.16,8847.2,2.564,597932.0,17777707.0,-62.97,11.773,2.56,8.49,,,27.51,28.57
2003-06-17 00:00:00+00:00,372.5,384.85,3.22,17459.61,21.0,1.34,2.16,12335.7,2.564,597932.0,17777707.0,-63.19,11.773,2.56,8.49,,,28.09,28.96
2003-06-18 00:00:00+00:00,381.4,394.08,3.14,17878.16,21.5,1.34,2.22,53340.5,2.564,597932.0,17777707.0,-64.7,11.773,2.56,8.49,,,27.99,30.12
2003-06-19 00:00:00+00:00,387.8,400.67,3.09,18177.13,21.9,1.34,2.25,25276.2,2.575,597932.0,17777707.0,-65.78,9.134,2.58,10.95,,,28.76,29.83
2003-06-20 00:00:00+00:00,363.6,375.63,3.29,17041.06,20.5,1.34,2.11,22884.6,2.575,597932.0,17777707.0,-61.67,9.134,2.58,10.95,,,27.32,29.44
2003-06-23 00:00:00+00:00,348.3,359.81,3.44,16323.54,19.7,1.34,2.02,10780.6,2.575,597932.0,17777707.0,-59.07,9.134,2.58,10.95,,,26.35,27.51
2003-06-24 00:00:00+00:00,348.3,359.81,3.44,16323.54,19.7,1.34,2.02,9462.1,2.575,597932.0,17777707.0,-59.07,9.134,2.58,10.95,,,25.68,26.64
2003-06-25 00:00:00+00:00,348.3,359.81,3.44,16323.54,19.7,1.34,2.02,15001.2,2.575,597932.0,17777707.0,-59.07,9.134,2.58,10.95,,,26.06,27.22
2003-06-26 00:00:00+00:00,348.3,359.81,3.44,16323.54,19.7,1.34,2.02,10195.5,2.575,597932.0,17777707.0,-59.07,9.134,2.58,10.95,,,26.16,26.83
2003-06-27 00:00:00+00:00,343.2,354.54,3.49,16084.36,19.4,1.34,1.99,17253.3,2.575,597932.0,17777707.0,-58.21,9.134,2.58,10.95,,,25.87,27.03
2003-06-30 00:00:00+00:00,338.1,349.27,3.54,15845.2,19.1,1.34,1.96,7622.2,2.575,597932.0,17777707.0,-57.34,9.134,2.58,10.95,,,25.58,25.97
2003-07-01 00:00:00+00:00,355.9,367.72,3.37,16682.3,20.1,1.34,2.07,12818.0,2.575,597932.0,17777707.0,-60.37,9.134,2.58,10.95,,,25.68,26.93
2003-07-02 00:00:00+00:00,353.4,365.08,3.39,16562.71,20.0,1.34,2.05,27392.3,2.575,597932.0,17777707.0,-59.94,9.134,2.58,10.95,,,26.74,27.51
2003-07-03 00:00:00+00:00,357.2,369.04,3.35,16742.09,20.2,1.34,2.07,26289.0,2.575,597932.0,17777707.0,-60.59,9.134,2.58,10.95,,,26.54,27.61
2003-07-04 00:00:00+00:00,353.4,365.08,3.39,16562.71,20.0,1.34,2.05,9244.1,2.575,597932.0,17777707.0,-59.94,9.134,2.58,10.95,,,26.74,27.22
2003-07-07 00:00:00+00:00,362.3,374.31,3.31,16981.26,20.5,1.34,2.1,20233.1,2.575,597932.0,17777707.0,-61.45,9.134,2.58,10.95,,,26.93,27.99
2003-07-08 00:00:00+00:00,386.5,399.35,3.1,18117.33,21.8,1.34,2.25,47594.5,2.575,597932.0,17777707.0,-65.57,9.134,2.58,10.95,,,27.8,29.25
2003-07-09 00:00:00+00:00,409.5,423.07,2.92,19193.61,23.1,1.34,2.38,43734.3,2.575,597932.0,17777707.0,-69.46,9.134,2.58,10.95,,,28.96,30.98
2003-07-10 00:00:00+00:00,410.8,424.39,2.92,19253.41,23.2,1.34,2.39,60502.3,2.575,597932.0,17777707.0,-69.68,9.134,2.58,10.95,,,30.89,32.63
2003-07-11 00:00:00+00:00,404.4,417.8,2.96,18954.44,22.8,1.34,2.35,19656.1,2.575,597932.0,17777707.0,-68.6,9.134,2.58,10.95,,,30.6,31.37
2003-07-14 00:00:00+00:00,404.4,417.8,2.96,18954.44,22.8,1.34,2.35,18940.1,2.575,597932.0,17777707.0,-68.6,9.134,2.58,10.95,,,30.6,31.66
2003-07-15 00:00:00+00:00,406.9,420.44,2.94,19074.02,23.0,1.34,2.36,22047.3,2.575,597932.0,17777707.0,-69.03,9.134,2.58,10.95,,,30.6,31.66
2003-07-16 00:00:00+00:00,419.7,433.62,2.85,19232.84,23.7,1.34,2.44,23501.7,2.575,584585.0,17777707.0,-71.19,9.134,2.58,10.95,,,31.27,32.14
2003-07-17 00:00:00+00:00,400.6,413.85,2.99,18355.96,22.6,1.34,2.33,11925.8,2.252,584585.0,17777707.0,-67.95,7.313,2.25,13.67,,,30.31,31.76
2003-07-18 00:00:00+00:00,391.6,404.62,3.06,17946.75,22.1,1.34,2.27,13567.9,2.252,584585.0,17777707.0,-66.43,7.313,2.25,13.67,,,29.25,30.31
2003-07-21 00:00:00+00:00,364.8,376.94,3.28,16719.12,20.6,1.34,2.12,22413.5,2.252,584585.0,17777707.0,-61.89,7.313,2.25,13.67,,,27.61,29.83
2003-07-22 00:00:00+00:00,376.3,388.81,3.18,17245.25,21.3,1.34,2.19,15006.9,2.252,584585.0,17777707.0,-63.83,7.313,2.25,13.67,,,26.54,28.47
2003-07-23 00:00:00+00:00,372.5,384.85,3.22,17069.88,21.0,1.34,2.16,10072.1,2.252,584585.0,17777707.0,-63.19,7.313,2.25,13.67,,,27.99,28.76
2003-07-24 00:00:00+00:00,378.9,391.44,3.16,17362.17,21.4,1.34,2.2,11554.1,2.252,584585.0,17777707.0,-64.27,7.313,2.25,13.67,,,28.28,28.76
2003-07-25 00:00:00+00:00,376.3,388.81,3.18,17245.25,21.3,1.34,2.19,10420.6,2.252,584585.0,17777707.0,-63.83,7.313,2.25,13.67,,,28.19,29.44
2003-07-28 00:00:00+00:00,376.3,388.81,3.18,17245.25,21.3,1.34,2.19,18410.4,2.252,584585.0,17777707.0,-63.83,7.313,2.25,13.67,,,28.47,29.83
2003-07-29 00:00:00+00:00,373.8,386.17,3.2,17128.33,21.1,1.34,2.17,6875.7,2.252,584585.0,17777707.0,-63.4,7.313,2.25,13.67,,,28.28,28.76
2003-07-30 00:00:00+00:00,377.6,390.12,3.17,17303.71,21.3,1.34,2.19,10356.3,2.252,584585.0,17777707.0,-64.05,7.313,2.25,13.67,,,28.47,29.15
2003-07-31 00:00:00+00:00,380.1,392.76,3.15,17420.62,21.5,1.34,2.21,7510.3,2.252,584585.0,17777707.0,-64.48,7.313,2.25,13.67,,,28.47,29.15
2003-08-01 00:00:00+00:00,380.1,392.76,3.15,17420.62,21.5,1.34,2.21,9385.3,2.252,584585.0,17777707.0,-64.48,7.313,2.25,13.67,,,28.76,29.44
2003-08-04 00:00:00+00:00,364.8,376.94,3.28,16719.12,20.6,1.34,2.12,10648.7,2.252,584585.0,17777707.0,-61.89,7.313,2.25,13.67,,,27.61,28.86
2003-08-05 00:00:00+00:00,350.8,362.45,3.41,16076.08,19.8,1.34,2.04,8782.3,2.252,584585.0,17777707.0,-59.51,7.313,2.25,13.67,,,26.54,27.99
2003-08-06 00:00:00+00:00,353.4,365.08,3.39,16193.0,20.0,1.34,2.05,6591.4,2.252,584585.0,17777707.0,-59.94,7.313,2.25,13.67,,,26.16,26.93
2003-08-07 00:00:00+00:00,355.9,367.72,3.37,16309.91,20.1,1.34,2.07,6502.3,2.252,584585.0,17777707.0,-60.37,7.313,2.25,13.67,,,26.54,27.03
2003-08-08 00:00:00+00:00,343.2,354.54,3.49,15725.33,19.4,1.34,1.99,12154.5,2.252,584585.0,17777707.0,-58.21,7.313,2.25,13.67,,,25.48,26.93
2003-08-11 00:00:00+00:00,340.6,351.9,3.52,15608.41,19.2,1.34,1.98,6067.5,2.252,584585.0,17777707.0,-57.78,7.313,2.25,13.67,,,25.19,26.06
2003-08-12 00:00:00+00:00,343.2,354.54,3.49,15725.33,19.4,1.34,1.99,3613.6,2.252,584585.0,17777707.0,-58.21,7.313,2.25,13.67,,,25.77,26.25
2003-08-13 00:00:00+00:00,358.5,370.35,3.34,16426.83,20.3,1.34,2.08,11789.8,2.252,584585.0,17777707.0,-60.81,7.313,2.25,13.67,,,26.16,27.22
2003-08-14 00:00:00+00:00,348.3,359.81,3.44,15959.16,19.7,1.34,2.02,12855.0,2.367,584585.0,17777707.0,-59.07,9.113,2.37,10.97,,,26.35,27.41
2003-08-15 00:00:00+00:00,349.5,361.13,3.43,16017.62,19.7,1.34,2.03,6680.4,2.367,584585.0,17777707.0,-59.29,9.113,2.37,10.97,,,26.35,26.93
2003-08-18 00:00:00+00:00,349.5,361.13,3.43,16017.62,19.7,1.34,2.03,9589.7,2.367,584585.0,17777707.0,-59.29,9.113,2.37,10.97,,,26.45,27.12
2003-08-19 00:00:00+00:00,366.1,378.26,3.27,16777.58,20.7,1.34,2.13,30123.9,2.367,584585.0,17777707.0,-62.1,9.113,2.37,10.97,,,26.64,27.8
2003-08-20 00:00:00+00:00,361.0,372.99,3.32,16543.75,20.4,1.34,2.1,9721.8,2.367,584585.0,17777707.0,-61.24,9.113,2.37,10.97,,,27.12,27.8
2003-08-21 00:00:00+00:00,359.7,371.67,3.33,16485.29,20.3,1.34,2.09,12687.9,2.367,584585.0,17777707.0,-61.02,9.113,2.37,10.97,,,26.93,27.8
2003-08-22 00:00:00+00:00,354.6,366.4,3.38,16251.45,20.0,1.34,2.06,11875.9,2.367,584585.0,17777707.0,-60.16,9.113,2.37,10.97,,,26.83,27.8
2003-08-25 00:00:00+00:00,349.5,361.13,3.43,16017.62,19.7,1.34,2.03,5859.8,2.367,584585.0,17777707.0,-59.29,9.113,2.37,10.97,,,26.35,27.03
2003-08-26 00:00:00+00:00,348.3,359.81,3.44,15959.16,19.7,1.34,2.02,13295.6,2.367,584585.0,17777707.0,-59.07,9.113,2.37,10.97,,,26.35,27.03
2003-08-27 00:00:00+00:00,344.4,355.86,3.48,15783.79,19.5,1.34,2.0,10492.9,2.367,584585.0,17777707.0,-58.43,9.113,2.37,10.97,,,26.06,26.83
2003-08-28 00:00:00+00:00,334.2,345.31,3.58,15316.12,18.9,1.34,1.94,8737.5,2.367,584585.0,17777707.0,-56.69,9.113,2.37,10.97,,,25.19,26.35
2003-08-29 00:00:00+00:00,334.2,345.31,3.58,15316.12,18.9,1.34,1.94,21074.5,2.367,584585.0,17777707.0,-56.69,9.113,2.37,10.97,,,24.71,25.48
2003-09-01 00:00:00+00:00,332.9,343.99,3.6,15257.66,18.8,1.34,1.93,10701.1,2.367,584585.0,17777707.0,-56.48,9.113,2.37,10.97,,,25.1,25.87
2003-09-02 00:00:00+00:00,332.9,343.99,3.6,15257.66,26.1,0.96,1.93,7106.1,2.367,584585.0,17777707.0,-56.48,9.113,2.37,10.97,,,25.1,25.48
2003-09-03 00:00:00+00:00,332.9,343.99,3.6,15257.66,26.1,0.96,1.93,10113.9,2.367,584585.0,17777707.0,-56.48,9.113,2.37,10.97,,,25.19,25.87
2003-09-04 00:00:00+00:00,332.9,343.99,3.6,15257.66,26.1,0.96,1.93,10393.2,2.367,584585.0,17777707.0,-56.48,9.113,2.37,10.97,,,25.19,25.68
2003-09-05 00:00:00+00:00,329.1,340.04,3.64,15082.28,25.8,0.96,1.91,9015.9,2.367,584585.0,17777707.0,-55.83,9.113,2.37,10.97,,,24.81,25.68
2003-09-08 00:00:00+00:00,329.1,340.04,3.64,15082.28,25.8,0.96,1.91,4999.9,2.367,584585.0,17777707.0,-55.83,9.113,2.37,10.97,,,24.71,25.29
2003-09-09 00:00:00+00:00,334.2,345.31,3.58,15316.12,26.2,0.96,1.94,9165.8,2.367,584585.0,17777707.0,-56.69,9.113,2.37,10.97,,,25.1,25.58
2003-09-10 00:00:00+00:00,320.2,330.81,3.74,14673.07,25.1,0.96,1.86,7998.8,2.367,584585.0,17777707.0,-54.31,9.113,2.37,10.97,,,24.13,25.48
2003-09-11 00:00:00+00:00,320.2,330.81,3.74,14673.07,25.1,0.96,1.86,,2.367,584585.0,17777707.0,-54.31,9.113,2.37,10.97,,,,
2003-09-12 00:00:00+00:00,320.2,330.81,3.74,14673.07,25.1,0.96,1.86,5458.7,2.367,584585.0,17777707.0,-54.31,9.113,2.37,10.97,,,23.94,24.42
2003-09-15 00:00:00+00:00,322.7,333.45,3.71,14789.99,25.3,0.96,1.87,4200.6,2.367,584585.0,17777707.0,-54.75,9.113,2.37,10.97,,,24.03,24.52
2003-09-16 00:00:00+00:00,329.1,340.04,3.64,15082.28,25.8,0.96,1.91,5699.0,2.367,584585.0,17777707.0,-55.83,9.113,2.37,10.97,,,24.32,24.9
2003-09-17 00:00:00+00:00,331.7,342.68,3.61,15199.21,26.0,0.96,1.93,6781.2,2.367,584585.0,17777707.0,-56.26,9.113,2.37,10.97,,,25.1,25.48
2003-09-18 00:00:00+00:00,325.3,336.09,3.68,14906.91,25.5,0.96,1.89,4421.1,1.56,584585.0,17777707.0,-55.18,6.263,1.56,15.97,,,24.52,25.29
2003-09-19 00:00:00+00:00,329.1,340.04,3.64,15082.28,25.8,0.96,1.91,6998.4,1.56,584585.0,17777707.0,-55.83,6.263,1.56,15.97,,,24.81,25.29
2003-09-22 00:00:00+00:00,326.6,337.4,3.67,14965.37,25.6,0.96,1.9,3138.1,1.56,584585.0,17777707.0,-55.4,6.263,1.56,15.97,,,24.42,24.9
2003-09-23 00:00:00+00:00,325.3,336.09,3.68,14906.91,25.5,0.96,1.89,3118.0,1.56,584585.0,17777707.0,-55.18,6.263,1.56,15.97,,,24.52,24.81
2003-09-24 00:00:00+00:00,324.0,334.77,3.7,14848.45,25.4,0.96,1.88,4367.2,1.56,584585.0,17777707.0,-54.96,6.263,1.56,15.97,,,24.52,25.0
2003-09-25 00:00:00+00:00,324.0,334.77,3.7,14848.45,25.4,0.96,1.88,5965.5,1.56,584585.0,17777707.0,-54.96,6.263,1.56,15.97,,,24.23,24.81
2003-09-26 00:00:00+00:00,317.6,328.18,3.77,14556.16,24.9,0.96,1.84,4951.0,1.56,584585.0,17777707.0,-53.88,6.263,1.56,15.97,,,24.03,24.52
2003-09-29 00:00:00+00:00,315.1,325.54,3.8,14439.24,24.7,0.96,1.83,3250.8,1.56,584585.0,17777707.0,-53.45,6.263,1.56,15.97,,,23.84,24.23
2003-09-30 00:00:00+00:00,315.1,325.54,3.8,14439.24,24.7,0.96,1.83,2067.1,1.56,584585.0,17777707.0,-53.45,6.263,1.56,15.97,,,23.84,24.13
2003-10-01 00:00:00+00:00,310.0,320.27,3.86,14205.41,24.3,0.96,1.8,5049.6,1.56,584585.0,17777707.0,-52.58,6.263,1.56,15.97,,,22.88,23.84
2003-10-02 00:00:00+00:00,313.8,324.22,3.82,14380.78,24.6,0.96,1.82,3475.3,1.56,584585.0,17777707.0,-53.23,6.263,1.56,15.97,,,23.36,23.84
2003-10-03 00:00:00+00:00,315.1,325.54,3.8,14439.24,24.7,0.96,1.83,4018.5,1.56,584585.0,17777707.0,-53.45,6.263,1.56,15.97,,,23.55,23.94
2003-10-06 00:00:00+00:00,313.8,324.22,3.82,14380.78,24.6,0.96,1.82,3769.5,1.56,584585.0,17777707.0,-53.23,6.263,1.56,15.97,,,23.75,24.03
2003-10-07 00:00:00+00:00,332.9,343.99,3.6,15257.66,26.1,0.96,1.93,23295.6,1.56,584585.0,17777707.0,-56.48,6.263,1.56,15.97,,,23.75,25.39
2003-10-08 00:00:00+00:00,334.2,345.31,3.58,15316.12,26.2,0.96,1.94,19666.7,1.56,584585.0,17777707.0,-56.69,6.263,1.56,15.97,,,25.1,25.77
2003-10-09 00:00:00+00:00,332.9,343.99,3.6,15257.66,26.1,0.96,1.93,8173.4,1.56,584585.0,17777707.0,-56.48,6.263,1.56,15.97,,,24.71,25.58
2003-10-10 00:00:00+00:00,332.9,343.99,3.6,15257.66,26.1,0.96,1.93,,1.56,584585.0,17777707.0,-56.48,6.263,1.56,15.97,,,,
2003-10-13 00:00:00+00:00,327.8,338.72,3.65,15023.83,25.7,0.96,1.9,6478.3,1.56,584585.0,17777707.0,-55.61,6.263,1.56,15.97,,,24.81,25.58
2003-10-14 00:00:00+00:00,326.6,337.4,3.67,14965.37,25.6,0.96,1.9,14041.0,1.56,584585.0,17777707.0,-55.4,6.263,1.56,15.97,,,24.71,25.48
2003-10-15 00:00:00+00:00,322.7,333.45,3.71,14789.99,25.3,0.96,1.87,8244.9,1.56,584585.0,17777707.0,-54.75,6.263,1.56,15.97,,,24.42,25.1
2003-10-16 00:00:00+00:00,334.2,345.31,3.58,15316.12,26.2,0.96,1.94,12210.2,1.543,584585.0,17777707.0,-56.69,6.243,1.54,16.02,,,24.52,25.29
2003-10-17 00:00:00+00:00,341.9,353.22,3.5,15666.87,26.8,0.96,1.99,21390.5,1.543,584585.0,17777707.0,-57.99,6.243,1.54,16.02,,,25.48,26.35
2003-10-20 00:00:00+00:00,330.4,341.36,3.62,15140.75,25.9,0.96,1.92,9880.0,1.543,584585.0,17777707.0,-56.04,6.243,1.54,16.02,,,24.9,25.68
2003-10-21 00:00:00+00:00,324.0,334.77,3.7,14848.45,25.4,0.96,1.88,8009.2,1.543,584585.0,17777707.0,-54.96,6.243,1.54,16.02,,,24.52,25.29
2003-10-22 00:00:00+00:00,322.7,333.45,3.71,14789.99,25.3,0.96,1.87,9428.7,1.543,584585.0,17777707.0,-54.75,6.243,1.54,16.02,,,24.03,24.71
2003-10-23 00:00:00+00:00,318.9,329.5,3.76,14614.62,25.0,0.96,1.85,12548.6,1.543,584585.0,17777707.0,-54.1,6.243,1.54,16.02,,,23.94,24.81
2003-10-24 00:00:00+00:00,316.4,326.86,3.79,14497.7,24.8,0.96,1.84,5207.6,1.543,584585.0,17777707.0,-53.66,6.243,1.54,16.02,,,23.94,24.32
2003-10-27 00:00:00+00:00,315.1,325.54,3.8,14439.24,24.7,0.96,1.83,6194.0,1.543,584585.0,17777707.0,-53.45,6.243,1.54,16.02,,,23.84,24.23
2003-10-28 00:00:00+00:00,312.5,322.91,3.83,14322.33,24.5,0.96,1.82,20819.8,1.543,584585.0,17777707.0,-53.02,6.243,1.54,16.02,,,23.65,24.13
2003-10-29 00:00:00+00:00,294.7,304.45,4.06,13503.9,23.1,0.96,1.71,45203.2,1.543,584585.0,17777707.0,-49.99,6.243,1.54,16.02,,,22.01,23.94
2003-10-30 00:00:00+00:00,288.3,297.86,4.15,13211.61,22.6,0.96,1.67,25445.5,1.543,584585.0,17777707.0,-48.9,6.243,1.54,16.02,,,21.53,22.1
2003-10-31 00:00:00+00:00,269.2,278.1,4.45,12334.73,21.1,0.96,1.56,25521.4,1.543,584585.0,17777707.0,-45.66,6.243,1.54,16.02,,,20.37,21.53
2003-11-03 00:00:00+00:00,269.2,278.1,4.45,12334.73,,0.0,1.56,16994.2,1.543,584585.0,17777707.0,-45.66,6.243,1.54,16.02,,,19.79,20.56
2003-11-04 00:00:00+00:00,278.1,287.32,4.31,12743.94,,0.0,1.62,18479.0,1.543,584585.0,17777707.0,-47.17,6.243,1.54,16.02,,,20.46,21.14
2003-11-05 00:00:00+00:00,271.7,280.73,4.41,12451.65,,0.0,1.58,7067.1,1.543,584585.0,17777707.0,-46.09,6.243,1.54,16.02,,,20.56,21.04
2003-11-06 00:00:00+00:00,269.2,278.1,4.45,12334.73,,0.0,1.56,12138.8,1.543,584585.0,17777707.0,-45.66,6.243,1.54,16.02,,,20.27,21.14
2003-11-07 00:00:00+00:00,269.2,278.1,4.45,12334.73,,0.0,1.56,7811.9,1.543,584585.0,17777707.0,-45.66,6.243,1.54,16.02,,,20.27,20.75
2003-11-10 00:00:00+00:00,287.0,296.55,4.17,13153.16,,0.0,1.67,16925.9,1.543,584585.0,17777707.0,-48.69,6.243,1.54,16.02,,,20.56,21.72
2003-11-11 00:00:00+00:00,293.4,303.14,4.08,13445.45,,0.0,1.7,25664.3,1.543,584585.0,17777707.0,-49.77,6.243,1.54,16.02,,,21.91,22.68
2003-11-12 00:00:00+00:00,288.3,297.86,4.15,13211.61,,0.0,1.67,8012.7,1.543,584585.0,17777707.0,-48.9,6.243,1.54,16.02,,,21.72,22.2
2003-11-13 00:00:00+00:00,294.7,304.45,4.06,13503.9,,0.0,1.71,12377.5,1.543,584585.0,17777707.0,-49.99,6.243,1.54,16.02,,,21.91,22.59
2003-11-14 00:00:00+00:00,301.1,311.04,3.98,13796.2,,0.0,1.75,17628.8,1.543,584585.0,17777707.0,-51.07,6.243,1.54,16.02,,,22.1,23.36
2003-11-17 00:00:00+00:00,294.7,304.45,4.06,13503.9,,0.0,1.71,8247.2,1.543,584585.0,17777707.0,-49.99,6.243,1.54,16.02,,,22.3,22.97
2003-11-18 00:00:00+00:00,285.7,295.23,4.19,13094.7,,0.0,1.66,9298.6,1.543,584585.0,17777707.0,-48.47,6.243,1.54,16.02,,,21.43,22.39
2003-11-19 00:00:00+00:00,281.9,291.27,4.25,12919.32,,0.0,1.64,9161.9,1.543,584585.0,17777707.0,-47.82,6.243,1.54,16.02,,,21.14,21.91
2003-11-20 00:00:00+00:00,284.5,293.91,4.21,13036.23,,0.0,1.65,11453.3,1.101,584585.0,17777707.0,-48.25,5.089,1.1,19.65,,,21.33,22.01
2003-11-21 00:00:00+00:00,294.7,304.45,4.06,13503.9,,0.0,1.71,9017.4,1.101,584585.0,17777707.0,-49.99,5.089,1.1,19.65,,,21.43,22.3
2003-11-24 00:00:00+00:00,296.0,305.77,4.05,13562.37,,0.0,1.72,7653.8,1.101,584585.0,17777707.0,-50.2,5.089,1.1,19.65,,,22.1,22.68
2003-11-25 00:00:00+00:00,299.8,309.73,4.0,13737.74,,0.0,1.74,13502.7,1.101,584585.0,17777707.0,-50.85,5.089,1.1,19.65,,,22.59,23.26
2003-11-26 00:00:00+00:00,303.6,313.68,3.94,13913.11,,0.0,1.76,20274.4,1.101,584585.0,17777707.0,-51.5,5.089,1.1,19.65,,,22.39,23.36
2003-11-27 00:00:00+00:00,296.0,305.77,4.05,13562.37,,0.0,1.72,9358.6,1.101,584585.0,17777707.0,-50.2,5.089,1.1,19.65,,,22.3,22.78
2003-11-28 00:00:00+00:00,310.0,320.27,3.86,14205.41,,0.0,1.8,19227.3,1.101,584585.0,17777707.0,-52.58,5.089,1.1,19.65,,,22.2,23.46
2003-12-01 00:00:00+00:00,310.0,320.27,3.86,14205.41,,0.0,1.8,14407.6,1.101,584585.0,17777707.0,-52.58,5.089,1.1,19.65,,,23.17,23.75
2003-12-02 00:00:00+00:00,312.5,322.91,3.83,14322.33,,0.0,1.82,16870.0,1.101,584585.0,17777707.0,-53.02,5.089,1.1,19.65,,,23.55,24.23
2003-12-03 00:00:00+00:00,316.4,326.86,3.79,14497.7,,0.0,1.84,16586.9,1.101,584585.0,17777707.0,-53.66,5.089,1.1,19.65,,,23.75,24.23
2003-12-04 00:00:00+00:00,316.4,326.86,3.79,14497.7,,0.0,1.84,14624.1,1.101,584585.0,17777707.0,-53.66,5.089,1.1,19.65,,,23.94,24.42
2003-12-05 00:00:00+00:00,312.5,322.91,3.83,14322.33,,0.0,1.82,9838.7,1.101,584585.0,17777707.0,-53.02,5.089,1.1,19.65,,,23.65,24.23
2003-12-08 00:00:00+00:00,317.6,328.18,3.77,14556.16,,0.0,1.84,8407.5,1.101,584585.0,17777707.0,-53.88,5.089,1.1,19.65,,,23.36,24.13
2003-12-09 00:00:00+00:00,320.2,330.81,3.74,14673.07,,0.0,1.86,12251.4,1.101,584585.0,17777707.0,-54.31,5.089,1.1,19.65,,,23.84,24.52
2003-12-10 00:00:00+00:00,318.9,329.5,3.76,14614.62,,0.0,1.85,7860.3,1.101,584585.0,17777707.0,-54.1,5.089,1.1,19.65,,,24.03,24.32
2003-12-11 00:00:00+00:00,318.9,329.5,3.76,14614.62,,0.0,1.85,13162.0,1.101,584585.0,17777707.0,-54.1,5.089,1.1,19.65,,,23.84,24.32
2003-12-12 00:00:00+00:00,321.5,332.13,3.73,14731.54,,0.0,1.87,17846.4,1.101,584585.0,17777707.0,-54.53,5.089,1.1,19.65,,,24.32,24.9
2003-12-15 00:00:00+00:00,324.0,334.77,3.7,14848.45,,0.0,1.88,7602.4,1.101,584585.0,17777707.0,-54.96,5.089,1.1,19.65,,,24.13,24.52
2003-12-16 00:00:00+00:00,327.8,338.72,3.65,15023.83,,0.0,1.9,8164.0,1.101,584585.0,17777707.0,-55.61,5.089,1.1,19.65,,,24.32,24.81
2003-12-17 00:00:00+00:00,324.0,334.77,3.7,14848.45,,0.0,1.88,20391.5,1.101,584585.0,17777707.0,-54.96,5.089,1.1,19.65,,,24.13,25.0
2003-12-18 00:00:00+00:00,322.7,333.45,3.71,14789.99,,0.0,1.87,4424.3,1.37,584585.0,17777707.0,-54.75,5.522,1.37,18.11,,,24.32,24.52
2003-12-19 00:00:00+00:00,317.6,328.18,3.77,14556.16,,0.0,1.84,7392.1,1.37,584585.0,17777707.0,-53.88,5.522,1.37,18.11,,,24.03,24.61
2003-12-22 00:00:00+00:00,325.3,336.09,3.68,14906.91,,0.0,1.89,4238.3,1.37,584585.0,17777707.0,-55.18,5.522,1.37,18.11,,,23.94,24.61
2003-12-23 00:00:00+00:00,325.3,336.09,3.68,14906.91,,0.0,1.89,2910.3,1.37,584585.0,17777707.0,-55.18,5.522,1.37,18.11,,,24.32,24.61
2003-12-24 00:00:00+00:00,326.6,337.4,3.67,14965.37,,0.0,1.9,5029.9,1.37,584585.0,17777707.0,-55.4,5.522,1.37,18.11,,,24.42,24.9
2003-12-25 00:00:00+00:00,330.4,341.36,3.62,15140.75,,0.0,1.92,11951.4,1.37,584585.0,17777707.0,-56.04,5.522,1.37,18.11,,,24.81,25.29
2003-12-26 00:00:00+00:00,334.2,345.31,3.58,15316.12,,0.0,1.94,4260.1,1.37,584585.0,17777707.0,-56.69,5.522,1.37,18.11,,,25.0,25.29
2003-12-29 00:00:00+00:00,334.2,345.31,3.58,15316.12,,0.0,1.94,7317.2,1.37,584585.0,17777707.0,-56.69,5.522,1.37,18.11,,,25.19,25.48
2003-12-30 00:00:00+00:00,335.5,346.63,3.57,15374.57,,0.0,1.95,9696.4,1.37,584585.0,17777707.0,-56.91,5.522,1.37,18.11,,,25.1,25.39
2003-12-31 00:00:00+00:00,338.1,349.27,3.54,15491.5,,0.0,1.96,6374.3,1.37,584585.0,17777707.0,-57.34,5.522,1.37,18.11,,,25.39,25.68
2004-01-01 00:00:00+00:00,338.1,349.27,3.54,15491.5,,0.0,2.21,,1.37,584585.0,20983465.0,48.16,5.522,1.37,18.11,,,,
2004-01-02 00:00:00+00:00,344.4,355.86,3.48,15783.79,,0.0,2.25,9833.7,1.37,584585.0,20983465.0,49.07,5.522,1.37,18.11,,,25.48,26.06
2004-01-05 00:00:00+00:00,340.6,351.9,3.52,15608.41,,0.0,2.22,8124.8,1.37,584585.0,20983465.0,48.53,5.522,1.37,18.11,,,25.39,26.16
2004-01-06 00:00:00+00:00,334.2,345.31,3.58,15316.12,,0.0,2.18,9325.1,1.37,584585.0,20983465.0,47.62,5.522,1.37,18.11,,,25.29,26.06
2004-01-07 00:00:00+00:00,331.7,342.68,3.61,15199.21,,0.0,2.17,9127.8,1.37,584585.0,20983465.0,47.25,5.522,1.37,18.11,,,24.71,25.58
2004-01-08 00:00:00+00:00,354.6,366.4,3.38,16251.45,,0.0,2.32,26096.3,1.37,584585.0,20983465.0,50.53,5.522,1.37,18.11,,,25.48,26.83
2004-01-09 00:00:00+00:00,366.1,378.26,3.27,16777.58,,0.0,2.39,36321.6,1.37,584585.0,20983465.0,52.16,5.522,1.37,18.11,,,27.32,28.28
2004-01-12 00:00:00+00:00,368.7,380.9,3.25,16894.5,,0.0,2.41,16634.8,1.37,584585.0,20983465.0,52.53,5.522,1.37,18.11,,,27.51,28.57
2004-01-13 00:00:00+00:00,380.1,392.76,3.15,17420.62,,0.0,2.48,28219.8,1.37,584585.0,20983465.0,54.16,5.522,1.37,18.11,,,27.99,29.25
2004-01-14 00:00:00+00:00,382.7,395.4,3.13,17537.55,,0.0,2.5,14645.5,1.37,584585.0,20983465.0,54.52,5.522,1.37,18.11,,,28.38,29.15
2004-01-15 00:00:00+00:00,381.4,394.08,3.14,17479.09,,0.0,2.49,15925.7,1.25,584585.0,20983465.0,54.34,4.345,1.25,23.02,,,28.76,29.25
2004-01-16 00:00:00+00:00,369.9,382.22,3.24,16952.96,,0.0,2.42,13210.3,1.25,584585.0,20983465.0,52.71,4.345,1.25,23.02,,,27.99,29.44
2004-01-19 00:00:00+00:00,369.9,382.22,3.24,16952.96,,0.0,2.42,,1.25,584585.0,20983465.0,52.71,4.345,1.25,23.02,,,,
2004-01-20 00:00:00+00:00,369.9,382.22,3.24,16952.96,,0.0,2.42,,1.25,584585.0,20983465.0,52.71,4.345,1.25,23.02,,,,
2004-01-21 00:00:00+00:00,369.9,382.22,3.24,16952.96,,0.0,2.42,,1.25,584585.0,20983465.0,52.71,4.345,1.25,23.02,,,,
2004-01-22 00:00:00+00:00,369.9,382.22,3.24,16952.96,,0.0,2.42,,1.25,584585.0,20983465.0,52.71,4.345,1.25,23.02,,,,
2004-01-23 00:00:00+00:00,369.9,382.22,3.24,16952.96,,0.0,2.42,,1.25,584585.0,20983465.0,52.71,4.345,1.25,23.02,,,,
2004-01-26 00:00:00+00:00,369.9,382.22,3.24,16952.96,,0.0,2.42,,1.25,584585.0,20983465.0,52.71,4.345,1.25,23.02,,,,
2004-01-27 00:00:00+00:00,372.5,384.85,3.22,17069.88,,0.0,2.43,10942.2,1.25,584585.0,20983465.0,53.07,4.345,1.25,23.02,,,27.99,28.76
2004-01-28 00:00:00+00:00,394.2,407.26,3.04,18063.67,,0.0,2.57,28894.5,1.25,584585.0,20983465.0,56.16,4.345,1.25,23.02,,,27.9,30.12
2004-01-29 00:00:00+00:00,376.3,388.81,3.18,17245.25,,0.0,2.46,16777.0,1.25,584585.0,20983465.0,53.62,4.345,1.25,23.02,,,28.47,29.83
2004-01-30 00:00:00+00:00,377.6,390.12,3.17,17303.71,,0.0,2.47,8512.5,1.25,584585.0,20983465.0,53.8,4.345,1.25,23.02,,,28.09,29.15
2004-02-02 00:00:00+00:00,364.8,376.94,3.28,16719.12,,0.0,2.38,9136.4,1.25,584585.0,20983465.0,51.98,4.345,1.25,23.02,,,27.51,28.76
2004-02-03 00:00:00+00:00,357.2,369.04,3.35,16368.38,,0.0,2.33,9380.2,1.25,584585.0,20983465.0,50.89,4.345,1.25,23.02,,,26.93,27.61
2004-02-04 00:00:00+00:00,357.2,369.04,3.35,16368.38,,0.0,2.33,6198.0,1.25,584585.0,20983465.0,50.89,4.345,1.25,23.02,,,27.03,27.61
2004-02-05 00:00:00+00:00,354.6,366.4,3.38,16251.45,,0.0,2.32,4806.0,1.25,584585.0,20983465.0,50.53,4.345,1.25,23.02,,,26.74,27.41
2004-02-06 00:00:00+00:00,362.3,374.31,3.31,16602.21,,0.0,2.37,8417.7,1.25,584585.0,20983465.0,51.62,4.345,1.25,23.02,,,26.93,27.8
2004-02-09 00:00:00+00:00,357.2,369.04,3.35,16368.38,,0.0,2.33,7724.5,1.25,584585.0,20983465.0,50.89,4.345,1.25,23.02,,,27.03,27.9
2004-02-10 00:00:00+00:00,363.6,375.63,3.29,16660.67,,0.0,2.37,7496.6,1.25,584585.0,20983465.0,51.8,4.345,1.25,23.02,,,27.12,27.8
2004-02-11 00:00:00+00:00,373.8,386.17,3.2,17128.33,,0.0,2.44,19406.7,1.25,584585.0,20983465.0,53.25,4.345,1.25,23.02,,,27.51,28.76
2004-02-12 00:00:00+00:00,380.1,392.76,3.15,17420.62,,0.0,2.48,24859.2,1.25,584585.0,20983465.0,54.16,4.345,1.25,23.02,,,28.47,29.34
2004-02-13 00:00:00+00:00,387.8,400.67,3.09,17771.38,,0.0,2.53,17823.7,1.25,584585.0,20983465.0,55.25,4.345,1.25,23.02,,,28.96,29.63
2004-02-16 00:00:00+00:00,382.7,395.4,3.13,17537.55,,0.0,2.5,9898.6,1.25,584585.0,20983465.0,54.52,4.345,1.25,23.02,,,28.57,29.54
2004-02-17 00:00:00+00:00,373.8,386.17,3.2,17128.33,,0.0,2.44,11576.7,1.25,584585.0,20983465.0,53.25,4.345,1.25,23.02,,,28.09,29.05
2004-02-18 00:00:00+00:00,375.0,387.49,3.19,17186.79,,0.0,2.45,12922.0,1.25,584585.0,20983465.0,53.43,4.345,1.25,23.02,,,27.9,28.76
2004-02-19 00:00:00+00:00,378.9,391.44,3.16,17362.17,,0.0,2.47,13255.0,1.398,584585.0,20983465.0,53.98,4.943,1.4,20.23,,,28.38,29.15
2004-02-20 00:00:00+00:00,378.9,391.44,3.16,17362.17,,0.0,2.47,11839.9,1.398,584585.0,20983465.0,53.98,4.943,1.4,20.23,,,28.57,29.15
2004-02-23 00:00:00+00:00,378.9,391.44,3.16,17362.17,,0.0,2.47,5568.4,1.398,584585.0,20983465.0,53.98,4.943,1.4,20.23,,,28.19,28.96
2004-02-24 00:00:00+00:00,372.5,384.85,3.22,17069.88,,0.0,2.43,4952.2,1.398,584585.0,20983465.0,53.07,4.943,1.4,20.23,,,28.19,28.76
2004-02-25 00:00:00+00:00,372.5,384.85,3.22,17069.88,,0.0,2.43,4333.3,1.398,584585.0,20983465.0,53.07,4.943,1.4,20.23,,,28.09,28.57
2004-02-26 00:00:00+00:00,380.1,392.76,3.15,17420.62,,0.0,2.48,11256.0,1.398,584585.0,20983465.0,54.16,4.943,1.4,20.23,,,28.38,29.25
2004-02-27 00:00:00+00:00,378.9,391.44,3.16,17362.17,,0.0,2.47,6310.3,1.398,584585.0,20983465.0,53.98,4.943,1.4,20.23,,,28.47,29.15
2004-03-01 00:00:00+00:00,376.3,388.81,3.18,17245.25,,0.0,2.46,10379.0,1.398,584585.0,20983465.0,53.62,4.943,1.4,20.23,,,28.47,28.96
2004-03-02 00:00:00+00:00,376.3,388.81,3.18,17245.25,,0.0,2.46,27138.7,1.398,584585.0,20983465.0,53.62,4.943,1.4,20.23,,,28.47,29.63
2004-03-03 00:00:00+00:00,367.4,379.58,3.26,16836.04,,0.0,2.4,21154.9,1.398,584585.0,20983465.0,52.34,4.943,1.4,20.23,,,27.8,28.57
2004-03-04 00:00:00+00:00,372.5,384.85,3.22,17069.88,,0.0,2.43,8262.8,1.398,584585.0,20983465.0,53.07,4.943,1.4,20.23,,,27.99,28.47
2004-03-05 00:00:00+00:00,380.1,392.76,3.15,17420.62,,0.0,2.48,16604.3,1.398,584585.0,20983465.0,54.16,4.943,1.4,20.23,,,28.19,28.86
2004-03-08 00:00:00+00:00,389.1,401.99,3.08,17829.84,,0.0,2.54,30224.5,1.398,584585.0,20983465.0,55.43,4.943,1.4,20.23,,,28.86,29.83
2004-03-09 00:00:00+00:00,390.4,403.3,3.07,17888.29,,0.0,2.55,14508.5,1.398,584585.0,20983465.0,55.62,4.943,1.4,20.23,,,29.05,29.83
2004-03-10 00:00:00+00:00,385.3,398.03,3.11,17654.46,,0.0,2.52,13660.9,1.398,584585.0,20983465.0,54.89,4.943,1.4,20.23,,,29.15,30.12
2004-03-11 00:00:00+00:00,378.9,391.44,3.16,17362.17,,0.0,2.47,7345.0,1.398,584585.0,20983465.0,53.98,4.943,1.4,20.23,,,28.67,29.34
2004-03-12 00:00:00+00:00,369.9,382.22,3.24,16952.96,,0.0,2.42,8339.0,1.398,584585.0,20983465.0,52.71,4.943,1.4,20.23,,,27.99,28.96
2004-03-15 00:00:00+00:00,369.9,382.22,3.24,16952.96,,0.0,2.42,9466.3,1.398,584585.0,20983465.0,52.71,4.943,1.4,20.23,,,27.99,28.57
2004-03-16 00:00:00+00:00,363.6,375.63,3.29,16660.67,,0.0,2.37,9450.3,1.398,584585.0,20983465.0,51.8,4.943,1.4,20.23,,,27.03,28.47
2004-03-17 00:00:00+00:00,359.7,371.67,0.0,16485.29,,0.0,2.35,6131.4,1.398,584585.0,20983465.0,51.25,4.943,1.4,20.23,,,27.22,27.7
2004-03-18 00:00:00+00:00,362.3,374.31,0.0,16602.21,,0.0,2.37,7412.4,1.417,584585.0,20983465.0,51.62,5.151,1.42,19.41,,,27.32,27.7
2004-03-19 00:00:00+00:00,362.3,374.31,0.0,16602.21,,0.0,2.37,5576.0,1.417,584585.0,20983465.0,51.62,5.151,1.42,19.41,,,27.32,27.7
2004-03-22 00:00:00+00:00,338.1,349.27,0.0,15491.5,,0.0,2.21,934.8,1.417,584585.0,20983465.0,48.16,5.151,1.42,19.41,,,25.58,25.58
2004-03-23 00:00:00+00:00,315.1,325.54,0.0,14439.24,,0.0,2.06,11305.4,1.417,584585.0,20983465.0,44.89,5.151,1.42,19.41,,,23.84,24.61
2004-03-24 00:00:00+00:00,325.3,336.09,0.0,14906.91,,0.0,2.12,6134.9,1.417,584585.0,20983465.0,46.35,5.151,1.42,19.41,,,23.84,24.61
2004-03-25 00:00:00+00:00,318.9,329.5,0.0,14614.62,,0.0,2.08,6108.6,1.417,584585.0,20983465.0,45.44,5.151,1.42,19.41,,,24.13,25.48
2004-03-26 00:00:00+00:00,312.5,322.91,0.0,14322.33,,0.0,2.04,5947.2,1.417,584585.0,20983465.0,44.53,5.151,1.42,19.41,,,23.65,24.61
2004-03-29 00:00:00+00:00,334.2,345.31,0.0,15316.12,,0.0,2.18,5876.0,1.417,584585.0,20983465.0,47.62,5.151,1.42,19.41,,,24.13,25.29
2004-03-30 00:00:00+00:00,329.1,340.04,0.0,15082.28,,0.0,2.15,4472.3,1.417,584585.0,20983465.0,46.89,5.151,1.42,19.41,,,24.71,25.48
2004-03-31 00:00:00+00:00,336.8,347.95,0.0,15433.04,,0.0,2.2,3075.1,1.417,584585.0,20983465.0,47.98,5.151,1.42,19.41,,,24.9,25.48
2004-04-01 00:00:00+00:00,344.4,355.86,0.0,15783.79,,0.0,2.25,9096.7,1.417,584585.0,20983465.0,49.07,5.151,1.42,19.41,,,25.19,26.35
2004-04-02 00:00:00+00:00,348.3,359.81,0.0,15959.16,,0.0,2.27,4965.4,1.417,584585.0,20983465.0,49.62,5.151,1.42,19.41,,,26.06,26.54
2004-04-05 00:00:00+00:00,362.3,374.31,0.0,16602.21,,0.0,2.37,8989.2,1.417,584585.0,20983465.0,51.62,5.151,1.42,19.41,,,26.64,27.51
2004-04-06 00:00:00+00:00,367.4,379.58,0.0,16836.04,,0.0,2.4,12392.2,1.417,584585.0,20983465.0,52.34,5.151,1.42,19.41,,,27.7,28.57
2004-04-07 00:00:00+00:00,367.4,379.58,0.0,16836.04,,0.0,2.4,7499.4,1.417,584585.0,20983465.0,52.34,5.151,1.42,19.41,,,27.61,28.28
2004-04-08 00:00:00+00:00,364.8,376.94,0.0,16719.12,,0.0,2.38,4924.7,1.417,584585.0,20983465.0,51.98,5.151,1.42,19.41,,,27.41,28.09
2004-04-09 00:00:00+00:00,369.9,382.22,0.0,16952.96,,0.0,2.42,7387.6,1.417,584585.0,20983465.0,52.71,5.151,1.42,19.41,,,27.41,28.19
2004-04-12 00:00:00+00:00,378.9,391.44,0.0,17362.17,,0.0,2.47,8755.9,1.417,584585.0,20983465.0,53.98,5.151,1.42,19.41,,,28.28,28.86
2004-04-13 00:00:00+00:00,384.0,396.71,0.0,17596.0,,0.0,2.51,13985.7,1.417,584585.0,20983465.0,54.71,5.151,1.42,19.41,,,28.38,29.25
2004-04-14 00:00:00+00:00,389.1,401.99,0.0,17829.84,,0.0,2.54,16217.5,1.417,584585.0,20983465.0,55.43,5.151,1.42,19.41,,,28.86,29.73
2004-04-15 00:00:00+00:00,369.9,382.22,0.0,16952.96,,0.0,2.42,10035.6,1.42,584585.0,20983465.0,52.71,4.886,1.42,20.46,,,27.99,29.44
2004-04-16 00:00:00+00:00,376.3,388.81,0.0,17245.25,,0.0,2.46,9395.4,1.42,584585.0,20983465.0,53.62,4.886,1.42,20.46,,,28.09,28.86
2004-04-19 00:00:00+00:00,378.9,391.44,0.0,17362.17,,0.0,2.47,7814.5,1.42,584585.0,20983465.0,53.98,4.886,1.42,20.46,,,28.47,29.25
2004-04-20 00:00:00+00:00,375.0,387.49,0.0,17186.79,,0.0,2.45,5193.1,1.42,584585.0,20983465.0,53.43,4.886,1.42,20.46,,,28.38,29.05
2004-04-21 00:00:00+00:00,369.9,382.22,0.0,16952.96,,0.0,2.42,3079.2,1.42,584585.0,20983465.0,52.71,4.886,1.42,20.46,,,27.99,28.47
2004-04-22 00:00:00+00:00,364.8,376.94,0.0,16719.12,,0.0,2.38,5256.1,1.42,584585.0,20983465.0,51.98,4.886,1.42,20.46,,,27.51,28.67
2004-04-23 00:00:00+00:00,363.6,375.63,0.0,16660.67,,0.0,2.37,3480.9,1.42,584585.0,20983465.0,51.8,4.886,1.42,20.46,,,27.41,28.09
2004-04-26 00:00:00+00:00,363.6,375.63,0.0,16660.67,,0.0,2.37,3798.4,1.42,584585.0,20983465.0,51.8,4.886,1.42,20.46,,,27.41,27.9
2004-04-27 00:00:00+00:00,361.0,372.99,0.0,16543.75,,0.0,2.36,7738.4,1.42,584585.0,20983465.0,51.43,4.886,1.42,20.46,,,27.22,28.09
2004-04-28 00:00:00+00:00,344.4,355.86,0.0,15783.79,,0.0,2.25,7184.0,1.42,584585.0,20983465.0,49.07,4.886,1.42,20.46,,,25.58,27.41
2004-04-29 00:00:00+00:00,321.5,332.13,0.0,14731.54,,0.0,2.1,7172.6,1.42,584585.0,20983465.0,45.8,4.886,1.42,20.46,,,24.32,25.68
2004-04-30 00:00:00+00:00,306.2,316.32,0.0,14030.04,,0.0,2.0,6200.3,1.42,584585.0,20983465.0,43.62,4.886,1.42,20.46,,,23.17,24.71
2004-05-03 00:00:00+00:00,293.4,303.14,0.0,13445.45,,0.0,1.92,3738.3,1.42,584585.0,20983465.0,41.8,4.886,1.42,20.46,,,22.01,23.17
2004-05-04 00:00:00+00:00,308.7,318.95,0.0,14146.95,,0.0,2.02,5545.9,1.42,584585.0,20983465.0,43.98,4.886,1.42,20.46,,,22.3,23.36
2004-05-05 00:00:00+00:00,288.3,297.86,0.0,13211.61,,0.0,1.88,7046.7,1.42,584585.0,20983465.0,41.08,4.886,1.42,20.46,,,21.81,23.36
2004-05-06 00:00:00+00:00,287.0,296.55,0.0,13153.16,,0.0,1.87,5259.9,1.42,584585.0,20983465.0,40.89,4.886,1.42,20.46,,,20.75,22.49
2004-05-07 00:00:00+00:00,293.4,303.14,0.0,13445.45,,0.0,1.92,3406.6,1.42,584585.0,20983465.0,41.8,4.886,1.42,20.46,,,21.43,22.68
2004-05-10 00:00:00+00:00,273.0,282.05,0.0,12510.11,,0.0,1.78,7004.2,1.42,584585.0,20983465.0,38.89,4.886,1.42,20.46,,,20.66,22.01
2004-05-11 00:00:00+00:00,267.9,276.78,0.0,12276.28,,0.0,1.75,7870.3,1.42,584585.0,20983465.0,38.17,4.886,1.42,20.46,,,19.31,20.66
2004-05-12 00:00:00+00:00,270.4,279.41,0.0,12393.2,,0.0,1.77,4606.5,1.42,584585.0,20983465.0,38.53,4.886,1.42,20.46,,,20.46,21.04
2004-05-13 00:00:00+00:00,262.8,271.51,0.0,12042.44,,0.0,1.72,3232.8,1.42,584585.0,20983465.0,37.44,4.886,1.42,20.46,,,19.59,20.27
2004-05-14 00:00:00+00:00,248.8,257.01,0.0,11399.4,,0.0,1.62,4563.6,1.42,584585.0,20983465.0,35.44,4.886,1.42,20.46,,,18.82,20.08
2004-05-17 00:00:00+00:00,232.2,239.87,0.0,10639.44,,0.0,1.52,4162.8,1.42,584585.0,20983465.0,33.08,4.886,1.42,20.46,,,17.57,17.76
2004-05-18 00:00:00+00:00,216.9,224.06,0.0,9937.94,,0.0,1.42,13322.8,1.42,584585.0,20983465.0,30.9,4.886,1.42,20.46,,,16.41,17.18
2004-05-19 00:00:00+00:00,230.9,238.56,0.0,10580.98,,0.0,1.51,7174.5,1.42,584585.0,20983465.0,32.9,4.886,1.42,20.46,,,16.6,17.47
2004-05-20 00:00:00+00:00,225.8,233.28,0.0,10347.15,,0.0,1.47,4994.1,1.443,584585.0,20983465.0,32.17,8.79,1.44,11.38,,,16.8,17.86
2004-05-21 00:00:00+00:00,241.1,249.1,0.0,11048.65,,0.0,1.57,4679.9,1.443,584585.0,20983465.0,34.35,8.79,1.44,11.38,,,17.18,18.24
2004-05-24 00:00:00+00:00,257.7,266.23,0.0,11808.61,,0.0,1.68,10079.2,1.443,584585.0,20983465.0,36.71,8.79,1.44,11.38,,,18.05,19.5
2004-05-25 00:00:00+00:00,264.1,272.82,0.0,12100.9,,0.0,1.72,12274.5,1.443,584585.0,20983465.0,37.62,8.79,1.44,11.38,,,19.11,20.46
2004-05-26 00:00:00+00:00,273.0,282.05,0.0,12510.11,,0.0,1.78,6546.4,1.443,584585.0,20983465.0,38.89,8.79,1.44,11.38,,,20.27,20.85
2004-05-27 00:00:00+00:00,267.9,276.78,0.0,12276.28,,0.0,1.75,4920.3,1.443,584585.0,20983465.0,38.17,8.79,1.44,11.38,,,20.17,20.66
2004-05-28 00:00:00+00:00,273.0,282.05,0.0,12510.11,,0.0,1.78,5775.8,1.443,584585.0,20983465.0,38.89,8.79,1.44,11.38,,,19.98,20.66
2004-05-31 00:00:00+00:00,257.7,266.23,0.0,11808.61,,0.0,1.68,2787.3,1.443,584585.0,20983465.0,36.71,8.79,1.44,11.38,,,19.5,20.56
2004-06-01 00:00:00+00:00,252.6,260.96,0.0,11574.77,,0.0,1.65,3590.5,1.443,584585.0,20983465.0,35.99,8.79,1.44,11.38,,,19.02,19.88
2004-06-02 00:00:00+00:00,252.6,260.96,0.0,11574.77,,0.0,1.65,3670.6,1.443,584585.0,20983465.0,35.99,8.79,1.44,11.38,,,18.73,19.5
2004-06-03 00:00:00+00:00,243.7,251.74,0.0,11165.56,,0.0,1.59,2677.2,1.443,584585.0,20983465.0,34.71,8.79,1.44,11.38,,,18.34,19.69
2004-06-04 00:00:00+00:00,239.8,247.78,0.0,10990.19,,0.0,1.57,3479.1,1.443,584585.0,20983465.0,34.17,8.79,1.44,11.38,,,17.66,18.63
2004-06-07 00:00:00+00:00,256.4,264.92,0.0,11750.15,,0.0,1.67,3237.1,1.443,584585.0,20983465.0,36.53,8.79,1.44,11.38,,,18.44,19.4
2004-06-08 00:00:00+00:00,261.5,270.19,0.0,11983.99,,0.0,1.71,4509.1,1.443,584585.0,20983465.0,37.26,8.79,1.44,11.38,,,19.4,19.88
2004-06-09 00:00:00+00:00,255.1,263.6,0.0,11691.7,,0.0,1.67,1612.3,1.443,584585.0,20983465.0,36.35,8.79,1.44,11.38,,,19.31,19.88
2004-06-10 00:00:00+00:00,248.8,257.01,0.0,11399.4,,0.0,1.62,1485.1,1.443,584585.0,20983465.0,35.44,8.79,1.44,11.38,,,18.82,19.31
2004-06-11 00:00:00+00:00,242.4,250.42,0.0,11107.11,,0.0,1.58,1556.1,1.443,584585.0,20983465.0,34.53,8.79,1.44,11.38,,,18.34,18.82
2004-06-14 00:00:00+00:00,236.0,243.83,0.0,10814.82,,0.0,1.54,1591.0,1.443,584585.0,20983465.0,33.62,8.79,1.44,11.38,,,17.86,18.63
2004-06-15 00:00:00+00:00,251.3,259.64,0.0,11516.32,,0.0,1.64,3315.8,1.443,584585.0,20983465.0,35.8,8.79,1.44,11.38,,,18.05,19.02
2004-06-16 00:00:00+00:00,255.1,263.6,0.0,11691.7,,0.0,1.67,10601.8,1.443,584585.0,20983465.0,36.35,8.79,1.44,11.38,,,18.92,19.98
2004-06-17 00:00:00+00:00,273.0,282.05,0.0,12510.11,,0.0,1.78,16410.9,1.62,584585.0,20983465.0,38.89,8.517,1.62,11.74,,,19.31,20.66
2004-06-18 00:00:00+00:00,264.1,272.82,0.0,12100.9,,0.0,1.72,5030.1,1.62,584585.0,20983465.0,37.62,8.517,1.62,11.74,,,19.88,20.66
2004-06-21 00:00:00+00:00,246.2,254.37,0.0,11282.48,,0.0,1.61,6432.8,1.62,584585.0,20983465.0,35.08,8.517,1.62,11.74,,,18.63,20.46
2004-06-22 00:00:00+00:00,246.2,254.37,0.0,11282.48,,0.0,1.61,,1.62,584585.0,20983465.0,35.08,8.517,1.62,11.74,,,,
2004-06-23 00:00:00+00:00,241.1,249.1,0.0,11048.65,,0.0,1.57,7516.8,1.62,584585.0,20983465.0,34.35,8.517,1.62,11.74,,,18.05,19.02
2004-06-24 00:00:00+00:00,251.3,259.64,0.0,11516.32,,0.0,1.64,4325.5,1.62,584585.0,20983465.0,35.8,8.517,1.62,11.74,,,18.34,19.02
2004-06-25 00:00:00+00:00,244.9,253.05,0.0,11224.03,,0.0,1.6,4122.7,1.62,584585.0,20983465.0,34.9,8.517,1.62,11.74,,,18.53,19.11
2004-06-28 00:00:00+00:00,237.3,245.15,0.0,10873.27,,0.0,1.55,3191.2,1.62,584585.0,20983465.0,33.81,8.517,1.62,11.74,,,17.95,18.53
2004-06-29 00:00:00+00:00,242.4,250.42,0.0,11107.11,,0.0,1.58,3299.7,1.62,584585.0,20983465.0,34.53,8.517,1.62,11.74,,,17.66,18.34
2004-06-30 00:00:00+00:00,239.8,247.78,0.0,10990.19,,0.0,1.57,3363.1,1.62,584585.0,20983465.0,34.17,8.517,1.62,11.74,,,18.05,18.82
2004-07-01 00:00:00+00:00,233.4,241.19,0.0,10697.89,,0.0,1.52,4346.2,1.62,584585.0,20983465.0,33.26,8.517,1.62,11.74,,,17.66,18.34
2004-07-02 00:00:00+00:00,227.1,234.6,0.0,10405.6,,0.0,1.48,4878.0,1.62,584585.0,20983465.0,32.35,8.517,1.62,11.74,,,16.89,17.47
2004-07-05 00:00:00+00:00,220.7,228.01,0.0,10113.31,,0.0,1.44,1586.3,1.62,584585.0,20983465.0,31.44,8.517,1.62,11.74,,,16.7,16.99
2004-07-06 00:00:00+00:00,224.5,231.97,0.0,10288.69,,0.0,1.47,4464.3,1.62,584585.0,20983465.0,31.99,8.517,1.62,11.74,,,16.6,17.18
2004-07-07 00:00:00+00:00,224.5,231.97,0.0,10288.69,,0.0,1.47,7444.1,1.62,584585.0,20983465.0,31.99,8.517,1.62,11.74,,,16.6,17.28
2004-07-08 00:00:00+00:00,220.7,228.01,0.0,10113.31,,0.0,1.44,4844.6,1.62,584585.0,20983465.0,31.44,8.517,1.62,11.74,,,16.7,17.18
2004-07-09 00:00:00+00:00,224.5,231.97,0.0,10288.69,,0.0,1.47,15512.9,1.62,584585.0,20983465.0,31.99,8.517,1.62,11.74,,,16.6,17.47
2004-07-12 00:00:00+00:00,225.8,233.28,0.0,10347.15,,0.0,1.47,4242.7,1.62,584585.0,20983465.0,32.17,8.517,1.62,11.74,,,16.89,17.18
2004-07-13 00:00:00+00:00,218.1,225.38,0.0,9996.39,,0.0,1.42,2941.4,1.62,584585.0,20983465.0,31.08,8.517,1.62,11.74,,,16.51,17.08
2004-07-14 00:00:00+00:00,214.3,221.42,0.0,9821.02,,0.0,1.4,4779.4,1.62,584585.0,20983465.0,30.53,8.517,1.62,11.74,,,16.22,16.8
2004-07-15 00:00:00+00:00,201.6,208.24,0.0,9236.44,,0.0,1.32,5213.0,1.321,584585.0,20983465.0,28.72,8.0,1.32,12.5,,,15.25,16.22
2004-07-16 00:00:00+00:00,200.3,206.92,0.0,9177.98,,0.0,1.31,6859.6,1.321,584585.0,20983465.0,28.53,8.0,1.32,12.5,,,15.06,15.83
2004-07-19 00:00:00+00:00,188.8,195.06,0.0,8651.85,,0.0,1.23,4415.7,1.321,584585.0,20983465.0,26.9,8.0,1.32,12.5,,,14.19,15.35
2004-07-20 00:00:00+00:00,176.0,181.88,0.0,8067.27,,0.0,1.15,6091.1,1.321,584585.0,20983465.0,25.08,8.0,1.32,12.5,,,13.32,14.43
2004-07-21 00:00:00+00:00,188.2,194.4,0.0,8622.63,,0.0,1.23,6862.9,1.321,584585.0,20983465.0,26.81,8.0,1.32,12.5,,,13.47,14.24
2004-07-22 00:00:00+00:00,191.4,197.7,0.0,8768.77,,0.0,1.25,8607.9,1.321,584585.0,20983465.0,27.26,8.0,1.32,12.5,,,13.75,14.96
2004-07-23 00:00:00+00:00,192.6,199.02,0.0,8827.23,,0.0,1.26,4357.9,1.321,584585.0,20983465.0,27.44,8.0,1.32,12.5,,,14.48,14.96
2004-07-26 00:00:00+00:00,190.1,196.38,0.0,8710.31,,0.0,1.24,1555.1,1.321,584585.0,20983465.0,27.08,8.0,1.32,12.5,,,14.14,14.48
2004-07-27 00:00:00+00:00,200.3,206.92,0.0,9177.98,,0.0,1.31,4287.3,1.321,584585.0,20983465.0,28.53,8.0,1.32,12.5,,,14.29,15.15
2004-07-28 00:00:00+00:00,196.5,202.97,0.0,9002.61,,0.0,1.28,2893.9,1.321,584585.0,20983465.0,27.99,8.0,1.32,12.5,,,14.67,15.35
2004-07-29 00:00:00+00:00,190.1,196.38,0.0,8710.31,,0.0,1.24,2106.3,1.321,584585.0,20983465.0,27.08,8.0,1.32,12.5,,,14.38,14.86
2004-07-30 00:00:00+00:00,192.6,199.02,0.0,8827.23,,0.0,1.26,5216.5,1.321,584585.0,20983465.0,27.44,8.0,1.32,12.5,,,14.48,15.15
2004-08-02 00:00:00+00:00,187.5,193.74,0.0,8593.39,,0.0,1.22,1904.5,1.321,584585.0,20983465.0,26.72,8.0,1.32,12.5,,,14.09,14.67
2004-08-03 00:00:00+00:00,190.7,197.04,0.0,8739.54,,0.0,1.25,3387.5,1.321,584585.0,20983465.0,27.17,8.0,1.32,12.5,,,14.19,14.48
2004-08-04 00:00:00+00:00,187.5,193.74,0.0,8593.39,,0.0,1.22,1634.9,1.321,584585.0,20983465.0,26.72,8.0,1.32,12.5,,,14.09,14.38
2004-08-05 00:00:00+00:00,197.7,204.29,0.0,9061.06,,0.0,1.29,5038.0,1.321,584585.0,20983465.0,28.17,8.0,1.32,12.5,,,14.0,15.06
2004-08-06 00:00:00+00:00,193.9,200.33,0.0,8885.69,,0.0,1.27,3439.4,1.321,584585.0,20983465.0,27.63,8.0,1.32,12.5,,,14.48,15.06
2004-08-09 00:00:00+00:00,191.4,197.7,0.0,8768.77,,0.0,1.25,2212.1,1.321,584585.0,20983465.0,27.26,8.0,1.32,12.5,,,14.24,14.77
2004-08-10 00:00:00+00:00,192.6,199.02,0.0,8827.23,,0.0,1.26,2284.3,1.321,584585.0,20983465.0,27.44,8.0,1.32,12.5,,,14.38,14.77
2004-08-11 00:00:00+00:00,186.9,193.09,0.0,8564.16,,0.0,1.22,3432.9,1.321,584585.0,20983465.0,26.63,8.0,1.32,12.5,,,14.09,14.86
2004-08-12 00:00:00+00:00,185.6,191.77,0.0,8505.71,,0.0,1.21,1996.1,1.321,584585.0,20983465.0,26.44,8.0,1.32,12.5,,,14.0,14.29
2004-08-13 00:00:00+00:00,182.4,188.47,0.0,8359.56,,0.0,1.19,2831.2,1.321,584585.0,20983465.0,25.99,8.0,1.32,12.5,,,13.8,14.04
2004-08-16 00:00:00+00:00,180.5,186.5,0.0,8271.87,,0.0,1.18,1414.5,1.321,584585.0,20983465.0,25.72,8.0,1.32,12.5,,,13.61,13.9
2004-08-17 00:00:00+00:00,178.6,184.52,0.0,8184.19,,0.0,1.17,2285.5,1.321,584585.0,20983465.0,25.44,8.0,1.32,12.5,,,13.51,13.9
2004-08-18 00:00:00+00:00,170.3,175.95,0.0,7804.21,,0.0,1.11,4540.3,1.321,584585.0,20983465.0,24.26,8.0,1.32,12.5,,,12.64,13.56
2004-08-19 00:00:00+00:00,179.2,185.18,0.0,8213.41,,0.0,1.17,5359.7,1.18,584585.0,20983465.0,25.54,8.728,1.18,11.46,,,12.98,13.66
2004-08-20 00:00:00+00:00,182.4,188.47,0.0,8359.56,,0.0,1.19,5868.0,1.18,584585.0,20983465.0,25.99,8.728,1.18,11.46,,,13.47,14.09
2004-08-23 00:00:00+00:00,188.2,194.4,0.0,8622.63,,0.0,1.23,7877.3,1.18,584585.0,20983465.0,26.81,8.728,1.18,11.46,,,13.75,14.29
2004-08-24 00:00:00+00:00,188.2,194.4,0.0,8622.63,,0.0,1.23,,1.18,584585.0,20983465.0,26.81,8.728,1.18,11.46,,,,
2004-08-25 00:00:00+00:00,188.2,194.4,0.0,8622.63,,0.0,1.23,,1.18,584585.0,20983465.0,26.81,8.728,1.18,11.46,,,,
2004-08-26 00:00:00+00:00,200.3,206.92,0.0,9177.98,,0.0,1.31,8520.5,1.18,584585.0,20983465.0,28.53,8.728,1.18,11.46,,,14.77,15.15
2004-08-27 00:00:00+00:00,207.9,214.83,0.0,9528.73,,0.0,1.36,17073.5,1.18,584585.0,20983465.0,29.63,8.728,1.18,11.46,,,15.44,15.93
2004-08-30 00:00:00+00:00,207.9,214.83,0.0,9528.73,,0.0,1.36,4895.2,1.18,584585.0,20983465.0,29.63,8.728,1.18,11.46,,,15.44,15.93
2004-08-31 00:00:00+00:00,201.6,208.24,0.0,9236.44,,0.0,1.32,5694.1,1.18,584585.0,20983465.0,28.72,8.728,1.18,11.46,,,15.06,15.73
2004-09-01 00:00:00+00:00,206.7,213.51,0.0,9470.27,,0.0,1.35,4999.9,1.18,584585.0,20983465.0,29.44,8.728,1.18,11.46,,,15.35,15.73
2004-09-02 00:00:00+00:00,209.2,216.15,0.0,9587.19,,0.0,1.37,7290.2,1.18,584585.0,20983465.0,29.81,8.728,1.18,11.46,,,15.54,16.12
2004-09-03 00:00:00+00:00,197.7,204.29,0.0,9061.06,,0.0,1.29,4192.2,1.18,584585.0,20983465.0,28.17,8.728,1.18,11.46,,,14.96,15.93
2004-09-06 00:00:00+00:00,204.1,210.88,0.0,9353.36,,0.0,1.33,4141.4,1.18,584585.0,20983465.0,29.08,8.728,1.18,11.46,,,14.67,15.54
2004-09-07 00:00:00+00:00,204.1,210.88,0.0,9353.36,,0.0,1.33,2842.4,1.18,584585.0,20983465.0,29.08,8.728,1.18,11.46,,,15.25,15.64
2004-09-08 00:00:00+00:00,218.1,225.38,0.0,9996.39,,0.0,1.42,12565.0,1.18,584585.0,20983465.0,31.08,8.728,1.18,11.46,,,15.83,16.51
2004-09-09 00:00:00+00:00,215.6,222.74,0.0,9879.48,,0.0,1.41,14280.1,1.18,584585.0,20983465.0,30.72,8.728,1.18,11.46,,,16.22,16.89
2004-09-10 00:00:00+00:00,215.6,222.74,0.0,9879.48,,0.0,1.41,9998.1,1.18,584585.0,20983465.0,30.72,8.728,1.18,11.46,,,16.31,16.8
2004-09-13 00:00:00+00:00,218.1,225.38,0.0,9996.39,,0.0,1.42,4814.7,1.18,584585.0,20983465.0,31.08,8.728,1.18,11.46,,,16.31,16.7
2004-09-14 00:00:00+00:00,220.7,228.01,0.0,10113.31,,0.0,1.44,10016.3,1.18,584585.0,20983465.0,31.44,8.728,1.18,11.46,,,16.6,17.28
2004-09-15 00:00:00+00:00,219.4,226.69,0.0,10054.86,,0.0,1.43,6086.5,1.18,584585.0,20983465.0,31.26,8.728,1.18,11.46,,,16.51,17.08
2004-09-16 00:00:00+00:00,218.1,225.38,0.0,9996.39,,0.0,1.42,3938.0,1.247,584585.0,20983465.0,31.08,7.47,1.25,13.39,,,16.31,16.6
2004-09-17 00:00:00+00:00,204.1,210.88,0.0,9353.36,,0.0,1.33,3955.6,1.247,584585.0,20983465.0,29.08,7.47,1.25,13.39,,,15.44,16.7
2004-09-20 00:00:00+00:00,191.4,197.7,0.0,8768.77,,0.0,1.25,11921.4,1.247,584585.0,20983465.0,27.26,7.47,1.25,13.39,,,14.38,15.06
2004-09-21 00:00:00+00:00,190.7,197.04,0.0,8739.54,,0.0,1.25,6027.4,1.247,584585.0,20983465.0,27.17,7.47,1.25,13.39,,,14.09,14.77
2004-09-22 00:00:00+00:00,195.2,201.65,0.0,8944.15,,0.0,1.27,6024.9,1.247,584585.0,20983465.0,27.81,7.47,1.25,13.39,,,14.43,14.86
2004-09-23 00:00:00+00:00,195.2,201.65,0.0,8944.15,,0.0,1.27,2050.6,1.247,584585.0,20983465.0,27.81,7.47,1.25,13.39,,,14.58,14.96
2004-09-24 00:00:00+00:00,195.2,201.65,0.0,8944.15,,0.0,1.27,2791.1,1.247,584585.0,20983465.0,27.81,7.47,1.25,13.39,,,14.58,14.96
2004-09-27 00:00:00+00:00,185.0,191.11,0.0,8476.48,,0.0,1.21,3352.7,1.247,584585.0,20983465.0,26.35,7.47,1.25,13.39,,,13.8,14.77
2004-09-28 00:00:00+00:00,185.0,191.11,0.0,8476.48,,0.0,1.21,,1.247,584585.0,20983465.0,26.35,7.47,1.25,13.39,,,,
2004-09-29 00:00:00+00:00,186.2,192.43,0.0,8534.94,,0.0,1.22,6073.9,1.247,584585.0,20983465.0,26.54,7.47,1.25,13.39,,,13.9,14.43
2004-09-30 00:00:00+00:00,185.6,191.77,0.0,8505.71,,0.0,1.21,3597.8,1.247,584585.0,20983465.0,26.44,7.47,1.25,13.39,,,14.0,14.48
2004-10-01 00:00:00+00:00,182.4,188.47,0.0,8359.56,,0.0,1.19,3609.5,1.247,584585.0,20983465.0,25.99,7.47,1.25,13.39,,,13.71,14.19
2004-10-04 00:00:00+00:00,191.4,197.7,0.0,8768.77,,0.0,1.25,5353.0,1.247,584585.0,20983465.0,27.26,7.47,1.25,13.39,,,14.0,14.48
2004-10-05 00:00:00+00:00,204.1,210.88,0.0,9353.36,,0.0,1.33,6258.2,1.247,584585.0,20983465.0,29.08,7.47,1.25,13.39,,,14.96,15.44
2004-10-06 00:00:00+00:00,201.6,208.24,0.0,9236.44,,0.0,1.32,10408.5,1.247,584585.0,20983465.0,28.72,7.47,1.25,13.39,,,15.06,15.83
2004-10-07 00:00:00+00:00,201.6,208.24,0.0,9236.44,,0.0,1.32,3514.2,1.247,584585.0,20983465.0,28.72,7.47,1.25,13.39,,,15.15,15.54
2004-10-08 00:00:00+00:00,201.6,208.24,0.0,9236.44,,0.0,1.32,3733.9,1.247,584585.0,20983465.0,28.72,7.47,1.25,13.39,,,15.15,15.44
2004-10-11 00:00:00+00:00,200.3,206.92,0.0,9177.98,,0.0,1.31,2795.0,1.247,584585.0,20983465.0,28.53,7.47,1.25,13.39,,,14.96,15.35
2004-10-12 00:00:00+00:00,197.7,204.29,0.0,9061.06,,0.0,1.29,7051.7,1.247,584585.0,20983465.0,28.17,7.47,1.25,13.39,,,14.96,15.64
2004-10-13 00:00:00+00:00,199.0,205.61,0.0,9119.52,,0.0,1.3,4857.2,1.247,584585.0,20983465.0,28.35,7.47,1.25,13.39,,,15.06,15.35
2004-10-14 00:00:00+00:00,193.9,200.33,0.0,8885.69,,0.0,1.27,4308.9,1.315,584585.0,20983465.0,27.63,8.784,1.31,11.38,,,14.67,15.35
2004-10-15 00:00:00+00:00,192.6,199.02,0.0,8827.23,,0.0,1.26,5874.1,1.315,584585.0,20983465.0,27.44,8.784,1.31,11.38,,,14.09,15.06
2004-10-18 00:00:00+00:00,185.0,191.11,0.0,8476.48,,0.0,1.21,1876.3,1.315,584585.0,20983465.0,26.35,8.784,1.31,11.38,,,14.0,14.67
2004-10-19 00:00:00+00:00,190.1,196.38,0.0,8710.31,,0.0,1.24,3998.8,1.315,584585.0,20983465.0,27.08,8.784,1.31,11.38,,,14.14,14.58
2004-10-20 00:00:00+00:00,186.9,193.09,0.0,8564.16,,0.0,1.22,1500.5,1.315,584585.0,20983465.0,26.63,8.784,1.31,11.38,,,14.14,14.43
2004-10-21 00:00:00+00:00,186.9,193.09,0.0,8564.16,,0.0,1.22,1971.6,1.315,584585.0,20983465.0,26.63,8.784,1.31,11.38,,,14.0,14.48
2004-10-22 00:00:00+00:00,188.2,194.4,0.0,8622.63,,0.0,1.23,2152.7,1.315,584585.0,20983465.0,26.81,8.784,1.31,11.38,,,14.19,14.48
2004-10-25 00:00:00+00:00,188.2,194.4,0.0,8622.63,,0.0,1.23,,1.315,584585.0,20983465.0,26.81,8.784,1.31,11.38,,,,
2004-10-26 00:00:00+00:00,176.0,181.88,0.0,8067.27,,0.0,1.15,3944.4,1.315,584585.0,20983465.0,25.08,8.784,1.31,11.38,,,13.27,14.09
2004-10-27 00:00:00+00:00,174.8,180.56,0.0,8008.81,,0.0,1.14,3789.4,1.315,584585.0,20983465.0,24.9,8.784,1.31,11.38,,,13.13,13.51
2004-10-28 00:00:00+00:00,173.5,179.25,0.0,7950.35,,0.0,1.13,4590.3,1.315,584585.0,20983465.0,24.72,8.784,1.31,11.38,,,13.13,13.56
2004-10-29 00:00:00+00:00,175.4,181.22,0.0,8038.04,,0.0,1.15,6447.1,1.315,584585.0,20983465.0,24.99,8.784,1.31,11.38,,,13.03,13.42
2004-11-01 00:00:00+00:00,163.3,168.7,0.0,7482.68,,0.0,1.07,5348.5,1.315,584585.0,20983465.0,23.26,8.784,1.31,11.38,,,12.36,13.32
2004-11-02 00:00:00+00:00,155.6,160.79,0.0,7131.93,,0.0,1.02,7567.9,1.315,584585.0,20983465.0,22.17,8.784,1.31,11.38,,,11.53,12.36
2004-11-03 00:00:00+00:00,164.6,170.02,0.0,7541.14,,0.0,1.07,6905.2,1.315,584585.0,20983465.0,23.45,8.784,1.31,11.38,,,11.87,12.45
2004-11-04 00:00:00+00:00,162.0,167.38,0.0,7424.23,,0.0,1.06,3240.9,1.315,584585.0,20983465.0,23.08,8.784,1.31,11.38,,,12.16,12.64
2004-11-05 00:00:00+00:00,163.3,168.7,0.0,7482.68,,0.0,1.07,6892.7,1.315,584585.0,20983465.0,23.26,8.784,1.31,11.38,,,12.26,12.69
2004-11-08 00:00:00+00:00,156.9,162.11,0.0,7190.39,,0.0,1.02,3618.0,1.315,584585.0,20983465.0,22.36,8.784,1.31,11.38,,,11.87,12.36
2004-11-09 00:00:00+00:00,158.2,163.43,0.0,7248.85,,0.0,1.03,4210.8,1.315,584585.0,20983465.0,22.54,8.784,1.31,11.38,,,11.82,12.07
2004-11-10 00:00:00+00:00,158.8,164.09,0.0,7278.08,,0.0,1.04,5228.2,1.315,584585.0,20983465.0,22.63,8.784,1.31,11.38,,,11.87,12.07
2004-11-11 00:00:00+00:00,155.0,160.14,0.0,7102.7,,0.0,1.01,4033.9,1.315,584585.0,20983465.0,22.08,8.784,1.31,11.38,,,11.73,11.97
2004-11-12 00:00:00+00:00,165.8,171.34,0.0,7599.6,,0.0,1.08,14209.8,1.315,584585.0,20983465.0,23.63,8.784,1.31,11.38,,,11.78,12.55
2004-11-15 00:00:00+00:00,167.8,173.32,0.0,7687.29,,0.0,1.1,12980.6,1.315,584585.0,20983465.0,23.9,8.784,1.31,11.38,,,12.64,13.03
2004-11-16 00:00:00+00:00,165.8,171.34,0.0,7599.6,,0.0,1.08,4459.7,1.315,584585.0,20983465.0,23.63,8.784,1.31,11.38,,,12.5,12.84
2004-11-17 00:00:00+00:00,174.8,180.56,0.0,8008.81,,0.0,1.14,8768.4,1.315,584585.0,20983465.0,24.9,8.784,1.31,11.38,,,12.5,13.22
2004-11-18 00:00:00+00:00,174.8,180.56,0.0,8008.81,,0.0,1.14,12183.3,1.289,584585.0,20983465.0,24.9,10.272,1.29,9.73,,,12.98,13.71
2004-11-19 00:00:00+00:00,173.5,179.25,0.0,7950.35,,0.0,1.13,3935.7,1.289,584585.0,20983465.0,24.72,10.272,1.29,9.73,,,13.03,13.37
2004-11-22 00:00:00+00:00,164.6,170.02,0.0,7541.14,,0.0,1.07,4569.7,1.289,584585.0,20983465.0,23.45,10.272,1.29,9.73,,,12.45,13.03
2004-11-23 00:00:00+00:00,167.1,172.66,0.0,7658.06,,0.0,1.09,3093.4,1.289,584585.0,20983465.0,23.81,10.272,1.29,9.73,,,12.45,12.74
2004-11-24 00:00:00+00:00,172.2,177.93,0.0,7891.89,,0.0,1.12,3691.6,1.289,584585.0,20983465.0,24.54,10.272,1.29,9.73,,,12.69,13.08
2004-11-25 00:00:00+00:00,169.7,175.29,0.0,7774.98,,0.0,1.11,1797.4,1.289,584585.0,20983465.0,24.17,10.272,1.29,9.73,,,12.69,13.13
2004-11-26 00:00:00+00:00,167.8,173.32,0.0,7687.29,,0.0,1.1,7905.1,1.289,584585.0,20983465.0,23.9,10.272,1.29,9.73,,,12.64,13.32
2004-11-29 00:00:00+00:00,165.8,171.34,0.0,7599.6,,0.0,1.08,3484.6,1.289,584585.0,20983465.0,23.63,10.272,1.29,9.73,,,12.55,12.89
2004-11-30 00:00:00+00:00,167.1,172.66,0.0,7658.06,,0.0,1.09,3294.1,1.289,584585.0,20983465.0,23.81,10.272,1.29,9.73,,,12.26,12.64
2004-12-01 00:00:00+00:00,165.8,171.34,0.0,7599.6,,0.0,1.08,3651.2,1.289,584585.0,20983465.0,23.63,10.272,1.29,9.73,,,12.5,12.84
2004-12-02 00:00:00+00:00,174.1,179.91,0.0,7979.58,,0.0,1.14,6862.0,1.289,584585.0,20983465.0,24.81,10.272,1.29,9.73,,,12.79,13.18
2004-12-03 00:00:00+00:00,171.6,177.27,0.0,7862.66,,0.0,1.12,2861.1,1.289,584585.0,20983465.0,24.45,10.272,1.29,9.73,,,12.98,13.32
2004-12-06 00:00:00+00:00,170.9,176.61,0.0,7833.43,,0.0,1.12,2556.9,1.289,584585.0,20983465.0,24.35,10.272,1.29,9.73,,,12.93,13.18
2004-12-07 00:00:00+00:00,170.9,176.61,0.0,7833.43,,0.0,1.12,2544.0,1.289,584585.0,20983465.0,24.35,10.272,1.29,9.73,,,12.93,13.18
2004-12-08 00:00:00+00:00,169.7,175.29,0.0,7774.98,,0.0,1.11,1505.0,1.289,584585.0,20983465.0,24.17,10.272,1.29,9.73,,,12.84,12.98
2004-12-09 00:00:00+00:00,165.8,171.34,0.0,7599.6,,0.0,1.08,5341.6,1.289,584585.0,20983465.0,23.63,10.272,1.29,9.73,,,12.4,13.03
2004-12-10 00:00:00+00:00,165.8,171.34,0.0,7599.6,,0.0,1.08,2497.0,1.289,584585.0,20983465.0,23.63,10.272,1.29,9.73,,,12.45,12.64
2004-12-13 00:00:00+00:00,167.1,172.66,0.0,7658.06,,0.0,1.09,4028.1,1.289,584585.0,20983465.0,23.81,10.272,1.29,9.73,,,12.45,12.98
2004-12-14 00:00:00+00:00,174.1,179.91,0.0,7979.58,,0.0,1.14,8687.7,1.289,584585.0,20983465.0,24.81,10.272,1.29,9.73,,,12.69,13.22
2004-12-15 00:00:00+00:00,181.8,187.81,0.0,8330.33,,0.0,1.19,15196.4,1.289,584585.0,20983465.0,25.9,10.272,1.29,9.73,,,13.22,13.9
2004-12-16 00:00:00+00:00,186.2,192.43,0.0,8534.94,,0.0,1.22,9932.4,1.36,584585.0,20983465.0,26.54,10.319,1.36,9.69,,,13.61,14.14
2004-12-17 00:00:00+00:00,182.4,188.47,0.0,8359.56,,0.0,1.19,5337.6,1.36,584585.0,20983465.0,25.99,10.319,1.36,9.69,,,13.8,14.29
2004-12-20 00:00:00+00:00,183.7,189.79,0.0,8418.02,,0.0,1.2,8100.1,1.36,584585.0,20983465.0,26.17,10.319,1.36,9.69,,,13.42,14.09
2004-12-21 00:00:00+00:00,181.8,187.81,0.0,8330.33,,0.0,1.19,4089.2,1.36,584585.0,20983465.0,25.9,10.319,1.36,9.69,,,13.75,14.04
2004-12-22 00:00:00+00:00,185.0,191.11,0.0,8476.48,,0.0,1.21,5228.1,1.36,584585.0,20983465.0,26.35,10.319,1.36,9.69,,,13.9,14.19
2004-12-23 00:00:00+00:00,184.3,190.45,0.0,8447.25,,0.0,1.2,2840.9,1.36,584585.0,20983465.0,26.26,10.319,1.36,9.69,,,13.71,14.09
2004-12-24 00:00:00+00:00,191.4,197.7,0.0,8768.77,,0.0,1.25,7198.8,1.36,584585.0,20983465.0,27.26,10.319,1.36,9.69,,,13.9,14.58
2004-12-27 00:00:00+00:00,190.7,197.04,0.0,8739.54,,0.0,1.25,3391.0,1.36,584585.0,20983465.0,27.17,10.319,1.36,9.69,,,14.19,14.58
2004-12-28 00:00:00+00:00,199.0,205.61,0.0,9119.52,,0.0,1.3,10247.8,1.36,584585.0,20983465.0,28.35,10.319,1.36,9.69,,,14.43,15.25
2004-12-29 00:00:00+00:00,196.5,202.97,0.0,9002.61,,0.0,1.28,11512.8,1.36,584585.0,20983465.0,27.99,10.319,1.36,9.69,,,14.86,15.54
2004-12-30 00:00:00+00:00,197.7,204.29,0.0,9061.06,,0.0,1.29,3746.8,1.36,584585.0,20983465.0,28.17,10.319,1.36,9.69,,,14.67,14.96
2004-12-31 00:00:00+00:00,201.6,208.24,0.0,9236.44,,0.0,1.32,7839.0,1.36,584585.0,20983465.0,28.72,10.319,1.36,9.69,,,14.86,15.44
2005-01-03 00:00:00+00:00,197.7,204.29,0.0,9061.06,,0.0,1.5,3579.4,1.36,584585.0,18310829.0,9.68,10.319,1.36,9.69,,,14.96,15.44
2005-01-04 00:00:00+00:00,195.2,201.65,0.0,8944.15,,0.0,1.48,3218.7,1.36,584585.0,18310829.0,9.56,10.319,1.36,9.69,,,14.77,15.06
2005-01-05 00:00:00+00:00,196.5,202.97,0.0,9002.61,,0.0,1.49,3316.0,1.36,584585.0,18310829.0,9.62,10.319,1.36,9.69,,,14.48,14.86
2005-01-06 00:00:00+00:00,199.0,205.61,0.0,9119.52,,0.0,1.51,3364.7,1.36,584585.0,18310829.0,9.74,10.319,1.36,9.69,,,14.77,15.06
2005-01-07 00:00:00+00:00,195.2,201.65,0.0,8944.15,,0.0,1.48,3454.8,1.36,584585.0,18310829.0,9.56,10.319,1.36,9.69,,,14.77,15.25
2005-01-10 00:00:00+00:00,201.6,208.24,0.0,9236.44,,0.0,1.53,7130.8,1.36,584585.0,18310829.0,9.87,10.319,1.36,9.69,,,14.86,15.35
2005-01-11 00:00:00+00:00,202.8,209.56,0.0,9294.9,,0.0,1.54,3723.2,1.36,584585.0,18310829.0,9.93,10.319,1.36,9.69,,,15.06,15.35
2005-01-12 00:00:00+00:00,197.7,204.29,0.0,9061.06,,0.0,1.5,2922.6,1.36,584585.0,18310829.0,9.68,10.319,1.36,9.69,,,14.96,15.35
2005-01-13 00:00:00+00:00,195.2,201.65,0.0,8944.15,,0.0,1.48,4583.5,1.36,584585.0,18310829.0,9.56,10.319,1.36,9.69,,,14.58,15.15
2005-01-14 00:00:00+00:00,195.2,201.65,0.0,8944.15,,0.0,1.48,5883.3,1.36,584585.0,18310829.0,9.56,10.319,1.36,9.69,,,14.58,14.96
2005-01-17 00:00:00+00:00,196.5,202.97,0.0,9002.61,,0.0,1.49,3684.0,1.36,584585.0,18310829.0,9.62,10.319,1.36,9.69,,,14.48,14.96
2005-01-18 00:00:00+00:00,195.2,201.65,0.0,8944.15,,0.0,1.48,2883.5,1.36,584585.0,18310829.0,9.56,10.319,1.36,9.69,,,14.77,14.96
2005-01-19 00:00:00+00:00,200.3,206.92,0.0,9177.98,,0.0,1.52,5221.4,1.36,584585.0,18310829.0,9.81,10.319,1.36,9.69,,,14.77,15.25
2005-01-20 00:00:00+00:00,211.8,218.79,0.0,9704.1,,0.0,1.6,14422.2,1.437,584585.0,18310829.0,10.37,9.727,1.44,10.28,,,15.06,16.12
2005-01-21 00:00:00+00:00,197.7,204.29,0.0,9061.06,,0.0,1.5,12204.1,1.437,584585.0,18310829.0,9.68,9.727,1.44,10.28,,,14.96,16.02
2005-01-24 00:00:00+00:00,184.3,190.45,0.0,8447.25,,0.0,1.4,6217.0,1.437,584585.0,18310829.0,9.03,9.727,1.44,10.28,,,13.95,14.77
2005-01-25 00:00:00+00:00,175.4,181.22,0.0,8038.04,,0.0,1.33,8378.3,1.437,584585.0,18310829.0,8.59,9.727,1.44,10.28,,,12.98,13.56
2005-01-26 00:00:00+00:00,174.1,179.91,0.0,7979.58,,0.0,1.32,4985.6,1.437,584585.0,18310829.0,8.53,9.727,1.44,10.28,,,13.08,13.47
2005-01-27 00:00:00+00:00,176.0,181.88,0.0,8067.27,,0.0,1.33,8327.5,1.437,584585.0,18310829.0,8.62,9.727,1.44,10.28,,,13.22,13.66
2005-01-28 00:00:00+00:00,176.7,182.54,0.0,8096.5,,0.0,1.34,5347.9,1.437,584585.0,18310829.0,8.65,9.727,1.44,10.28,,,13.13,13.56
2005-01-31 00:00:00+00:00,179.2,185.18,0.0,8213.41,,0.0,1.36,5613.3,1.437,584585.0,18310829.0,8.78,9.727,1.44,10.28,,,13.37,13.66
2005-02-01 00:00:00+00:00,179.2,185.18,0.0,8213.41,,0.0,1.36,4889.3,1.437,584585.0,18310829.0,8.78,9.727,1.44,10.28,,,13.56,13.8
2005-02-02 00:00:00+00:00,179.2,185.18,0.0,8213.41,,0.0,1.36,4896.4,1.437,584585.0,18310829.0,8.78,9.727,1.44,10.28,,,13.56,13.9
2005-02-03 00:00:00+00:00,179.9,185.84,0.0,8242.64,,0.0,1.36,2668.1,1.437,584585.0,18310829.0,8.81,9.727,1.44,10.28,,,13.51,13.71
2005-02-04 00:00:00+00:00,179.9,185.84,0.0,8242.64,,0.0,1.36,,1.437,584585.0,18310829.0,8.81,9.727,1.44,10.28,,,,
2005-02-07 00:00:00+00:00,179.9,185.84,0.0,8242.64,,0.0,1.36,,1.437,584585.0,18310829.0,8.81,9.727,1.44,10.28,,,,
2005-02-08 00:00:00+00:00,179.9,185.84,0.0,8242.64,,0.0,1.36,,1.437,584585.0,18310829.0,8.81,9.727,1.44,10.28,,,,
2005-02-09 00:00:00+00:00,179.9,185.84,0.0,8242.64,,0.0,1.36,,1.437,584585.0,18310829.0,8.81,9.727,1.44,10.28,,,,
2005-02-10 00:00:00+00:00,179.9,185.84,0.0,8242.64,,0.0,1.36,,1.437,584585.0,18310829.0,8.81,9.727,1.44,10.28,,,,
2005-02-11 00:00:00+00:00,179.9,185.84,0.0,8242.64,,0.0,1.36,,1.437,584585.0,18310829.0,8.81,9.727,1.44,10.28,,,,
2005-02-14 00:00:00+00:00,185.0,191.11,0.0,8476.48,,0.0,1.4,4404.0,1.437,584585.0,18310829.0,9.06,9.727,1.44,10.28,,,13.75,14.19
2005-02-15 00:00:00+00:00,190.1,196.38,0.0,8710.31,,0.0,1.44,5352.4,1.437,584585.0,18310829.0,9.31,9.727,1.44,10.28,,,14.04,14.43
2005-02-16 00:00:00+00:00,190.1,196.38,0.0,8710.31,,0.0,1.44,4656.7,1.437,584585.0,18310829.0,9.31,9.727,1.44,10.28,,,14.04,14.48
2005-02-17 00:00:00+00:00,185.6,191.77,0.0,8505.71,,0.0,1.41,3527.4,1.513,584585.0,18310829.0,9.09,10.517,1.51,9.51,,,14.04,14.48
2005-02-18 00:00:00+00:00,189.4,195.72,0.0,8681.08,,0.0,1.43,6120.2,1.513,584585.0,18310829.0,9.28,10.517,1.51,9.51,,,14.09,14.43
2005-02-21 00:00:00+00:00,193.9,200.33,0.0,8885.69,,0.0,1.47,8655.0,1.513,584585.0,18310829.0,9.49,10.517,1.51,9.51,,,14.33,15.06
2005-02-22 00:00:00+00:00,187.5,193.74,0.0,8593.39,,0.0,1.42,3156.1,1.513,584585.0,18310829.0,9.18,10.517,1.51,9.51,,,14.19,14.77
2005-02-23 00:00:00+00:00,193.9,200.33,0.0,8885.69,,0.0,1.47,7060.4,1.513,584585.0,18310829.0,9.49,10.517,1.51,9.51,,,14.0,14.67
2005-02-24 00:00:00+00:00,193.9,200.33,0.0,8885.69,,0.0,1.47,12973.0,1.513,584585.0,18310829.0,9.49,10.517,1.51,9.51,,,14.29,15.15
2005-02-25 00:00:00+00:00,188.8,195.06,0.0,8651.85,,0.0,1.43,8094.3,1.513,584585.0,18310829.0,9.24,10.517,1.51,9.51,,,14.29,15.06
2005-02-28 00:00:00+00:00,188.8,195.06,0.0,8651.85,,0.0,1.43,,1.513,584585.0,18310829.0,9.24,10.517,1.51,9.51,,,,
2005-03-01 00:00:00+00:00,188.8,195.06,0.0,8651.85,,0.0,1.43,3690.9,1.513,584585.0,18310829.0,9.24,10.517,1.51,9.51,,,14.24,14.48
2005-03-02 00:00:00+00:00,186.9,193.09,0.0,8564.16,,0.0,1.41,3625.6,1.513,584585.0,18310829.0,9.15,10.517,1.51,9.51,,,14.14,14.58
2005-03-03 00:00:00+00:00,192.6,199.02,0.0,8827.23,,0.0,1.46,5534.6,1.513,584585.0,18310829.0,9.43,10.517,1.51,9.51,,,14.19,14.58
2005-03-04 00:00:00+00:00,194.5,200.99,0.0,8914.92,,0.0,1.47,6101.8,1.513,584585.0,18310829.0,9.52,10.517,1.51,9.51,,,14.38,14.77
2005-03-07 00:00:00+00:00,199.0,205.61,0.0,9119.52,,0.0,1.51,9791.8,1.513,584585.0,18310829.0,9.74,10.517,1.51,9.51,,,14.77,15.25
2005-03-08 00:00:00+00:00,191.4,197.7,0.0,8768.77,,0.0,1.45,6559.3,1.513,584585.0,18310829.0,9.37,10.517,1.51,9.51,,,14.29,15.11
2005-03-09 00:00:00+00:00,191.4,197.7,0.0,8768.77,,0.0,1.45,5270.8,1.513,584585.0,18310829.0,9.37,10.517,1.51,9.51,,,14.33,14.67
2005-03-10 00:00:00+00:00,200.3,206.92,0.0,9177.98,,0.0,1.52,20262.9,1.513,584585.0,18310829.0,9.81,10.517,1.51,9.51,,,14.33,15.25
2005-03-11 00:00:00+00:00,193.9,200.33,0.0,8885.69,,0.0,1.47,9054.6,1.513,584585.0,18310829.0,9.49,10.517,1.51,9.51,,,14.67,15.2
2005-03-14 00:00:00+00:00,191.4,197.7,0.0,8768.77,,0.0,1.45,5638.4,1.513,584585.0,18310829.0,9.37,10.517,1.51,9.51,,,14.48,15.06
2005-03-15 00:00:00+00:00,186.2,192.43,0.0,8534.94,,0.0,1.41,9276.0,1.513,584585.0,18310829.0,9.12,10.517,1.51,9.51,,,14.09,14.82
2005-03-16 00:00:00+00:00,181.8,187.81,0.0,8330.33,,0.0,1.38,6687.7,1.513,584585.0,18310829.0,8.9,10.517,1.51,9.51,,,13.71,14.29
2005-03-17 00:00:00+00:00,181.8,187.81,0.0,8330.33,,0.0,1.38,3697.8,1.302,584585.0,18310829.0,8.9,9.238,1.3,10.83,,,13.56,14.0
2005-03-18 00:00:00+00:00,183.1,189.13,0.0,8388.79,,0.0,1.39,2102.5,1.302,584585.0,18310829.0,8.96,9.238,1.3,10.83,,,13.8,14.0
2005-03-21 00:00:00+00:00,186.9,193.09,0.0,8564.16,,0.0,1.41,6680.8,1.302,584585.0,18310829.0,9.15,9.238,1.3,10.83,,,13.85,14.33
2005-03-22 00:00:00+00:00,185.6,191.77,0.0,8505.71,,0.0,1.41,3178.5,1.302,584585.0,18310829.0,9.09,9.238,1.3,10.83,,,14.0,14.24
2005-03-23 00:00:00+00:00,188.2,194.4,0.0,8622.63,,0.0,1.42,4320.6,1.302,584585.0,18310829.0,9.21,9.238,1.3,10.83,,,14.0,14.33
2005-03-24 00:00:00+00:00,193.9,200.33,0.0,8885.69,,0.0,1.47,8438.8,1.302,584585.0,18310829.0,9.49,9.238,1.3,10.83,,,14.29,14.82
2005-03-25 00:00:00+00:00,194.5,200.99,0.0,8914.92,,0.0,1.47,4173.1,1.302,584585.0,18310829.0,9.52,9.238,1.3,10.83,,,14.48,14.82
2005-03-28 00:00:00+00:00,206.7,213.51,0.0,9470.27,,0.0,1.56,25107.1,1.302,584585.0,18310829.0,10.12,9.238,1.3,10.83,,,14.77,15.73
2005-03-29 00:00:00+00:00,200.3,206.92,0.0,9177.98,,0.0,1.52,9196.0,1.302,584585.0,18310829.0,9.81,9.238,1.3,10.83,,,15.06,15.64
2005-03-30 00:00:00+00:00,202.2,208.9,0.0,9265.67,,0.0,1.53,9979.0,1.302,584585.0,18310829.0,9.9,9.238,1.3,10.83,,,15.15,15.54
2005-03-31 00:00:00+00:00,202.8,209.56,0.0,9294.9,,0.0,1.54,10663.2,1.302,584585.0,18310829.0,9.93,9.238,1.3,10.83,,,15.3,15.69
2005-04-01 00:00:00+00:00,203.5,210.22,0.0,9324.13,,0.0,1.54,10484.2,1.302,584585.0,18310829.0,9.96,9.238,1.3,10.83,,,15.25,15.64
2005-04-04 00:00:00+00:00,204.1,210.88,0.0,9353.36,,0.0,1.55,7634.9,1.302,584585.0,18310829.0,9.99,9.238,1.3,10.83,,,15.4,15.83
2005-04-05 00:00:00+00:00,204.1,210.88,0.0,9353.36,,0.0,1.55,,1.302,584585.0,18310829.0,9.99,9.238,1.3,10.83,,,,
2005-04-06 00:00:00+00:00,196.5,202.97,0.0,9002.61,,0.0,1.49,8395.0,1.302,584585.0,18310829.0,9.62,9.238,1.3,10.83,,,14.86,15.54
2005-04-07 00:00:00+00:00,201.6,208.24,0.0,9236.44,,0.0,1.53,3917.4,1.302,584585.0,18310829.0,9.87,9.238,1.3,10.83,,,14.77,15.25
2005-04-08 00:00:00+00:00,205.4,212.2,0.0,9411.81,,0.0,1.55,3360.6,1.302,584585.0,18310829.0,10.06,9.238,1.3,10.83,,,14.96,15.59
2005-04-11 00:00:00+00:00,202.8,209.56,0.0,9294.9,,0.0,1.54,2453.4,1.302,584585.0,18310829.0,9.93,9.238,1.3,10.83,,,15.25,15.44
2005-04-12 00:00:00+00:00,203.5,210.22,0.0,9324.13,,0.0,1.54,2037.7,1.302,584585.0,18310829.0,9.96,9.238,1.3,10.83,,,14.96,15.49
2005-04-13 00:00:00+00:00,204.7,211.54,0.0,9382.58,,0.0,1.55,6038.5,1.302,584585.0,18310829.0,10.02,9.238,1.3,10.83,,,15.4,15.73
2005-04-14 00:00:00+00:00,202.2,208.9,0.0,9265.67,,0.0,1.53,3044.5,1.667,584585.0,18310829.0,9.9,10.823,1.67,9.24,,,15.25,15.49
2005-04-15 00:00:00+00:00,193.9,200.33,0.0,8885.69,,0.0,1.47,4103.5,1.667,584585.0,18310829.0,9.49,10.823,1.67,9.24,,,14.67,15.35
2005-04-18 00:00:00+00:00,185.0,191.11,0.0,8476.48,,0.0,1.4,3801.0,1.667,584585.0,18310829.0,9.06,10.823,1.67,9.24,,,13.85,14.48
2005-04-19 00:00:00+00:00,191.4,197.7,0.0,8768.77,,0.0,1.45,3525.0,1.667,584585.0,18310829.0,9.37,10.823,1.67,9.24,,,13.51,14.58
2005-04-20 00:00:00+00:00,189.4,195.72,0.0,8681.08,,0.0,1.43,4143.8,1.667,584585.0,18310829.0,9.28,10.823,1.67,9.24,,,14.19,14.77
2005-04-21 00:00:00+00:00,190.1,196.38,0.0,8710.31,,0.0,1.44,2669.0,1.667,584585.0,18310829.0,9.31,10.823,1.67,9.24,,,13.71,14.53
2005-04-22 00:00:00+00:00,189.4,195.72,0.0,8681.08,,0.0,1.43,2006.9,1.667,584585.0,18310829.0,9.28,10.823,1.67,9.24,,,14.14,14.77
2005-04-25 00:00:00+00:00,190.7,197.04,0.0,8739.54,,0.0,1.44,2215.3,1.667,584585.0,18310829.0,9.34,10.823,1.67,9.24,,,14.14,14.62
2005-04-26 00:00:00+00:00,196.5,202.97,0.0,9002.61,,0.0,1.49,3577.7,1.667,584585.0,18310829.0,9.62,10.823,1.67,9.24,,,14.33,14.86
2005-04-27 00:00:00+00:00,192.6,199.02,0.0,8827.23,,0.0,1.46,1824.8,1.667,584585.0,18310829.0,9.43,10.823,1.67,9.24,,,14.53,14.82
2005-04-28 00:00:00+00:00,193.3,199.68,0.0,8856.46,,0.0,1.46,2319.4,1.667,584585.0,18310829.0,9.46,10.823,1.67,9.24,,,14.48,14.72
2005-04-29 00:00:00+00:00,195.2,201.65,0.0,8944.15,,0.0,1.48,1766.8,1.667,584585.0,18310829.0,9.56,10.823,1.67,9.24,,,14.38,14.77
2005-05-02 00:00:00+00:00,195.2,201.65,0.0,8944.15,,0.0,1.48,,1.667,584585.0,18310829.0,9.56,10.823,1.67,9.24,,,,
2005-05-03 00:00:00+00:00,197.7,204.29,0.0,9061.06,,0.0,1.5,5511.7,1.667,584585.0,18310829.0,9.68,10.823,1.67,9.24,,,14.86,15.25
2005-05-04 00:00:00+00:00,203.5,210.22,0.0,9324.13,,0.0,1.54,8847.0,1.667,584585.0,18310829.0,9.96,10.823,1.67,9.24,,,15.01,15.54
2005-05-05 00:00:00+00:00,207.3,214.17,0.0,9499.5,,0.0,1.57,7797.4,1.667,584585.0,18310829.0,10.15,10.823,1.67,9.24,,,15.49,15.97
2005-05-06 00:00:00+00:00,202.8,209.56,0.0,9294.9,,0.0,1.54,4360.4,1.667,584585.0,18310829.0,9.93,10.823,1.67,9.24,,,15.35,15.83
2005-05-09 00:00:00+00:00,205.4,212.2,0.0,9411.81,,0.0,1.55,6261.9,1.667,584585.0,18310829.0,10.06,10.823,1.67,9.24,,,15.35,15.93
2005-05-10 00:00:00+00:00,200.3,206.92,0.0,9177.98,,0.0,1.52,5054.5,1.667,584585.0,18310829.0,9.81,10.823,1.67,9.24,,,15.06,15.64
2005-05-11 00:00:00+00:00,200.3,206.92,0.0,9177.98,,0.0,1.52,2878.3,1.667,584585.0,18310829.0,9.81,10.823,1.67,9.24,,,14.96,15.3
2005-05-12 00:00:00+00:00,193.9,200.33,0.0,8885.69,,0.0,1.47,3820.6,1.667,584585.0,18310829.0,9.49,10.823,1.67,9.24,,,14.67,15.3
2005-05-13 00:00:00+00:00,197.7,204.29,0.0,9061.06,,0.0,1.5,3601.4,1.667,584585.0,18310829.0,9.68,10.823,1.67,9.24,,,14.67,15.2
2005-05-16 00:00:00+00:00,196.5,202.97,0.0,9002.61,,0.0,1.49,2220.9,1.667,584585.0,18310829.0,9.62,10.823,1.67,9.24,,,14.86,15.35
2005-05-17 00:00:00+00:00,197.1,203.63,0.0,9031.84,,0.0,1.49,1690.2,1.667,584585.0,18310829.0,9.65,10.823,1.67,9.24,,,14.91,15.15
2005-05-18 00:00:00+00:00,197.7,204.29,0.0,9061.06,,0.0,1.5,2681.2,1.667,584585.0,18310829.0,9.68,10.823,1.67,9.24,,,14.72,15.2
2005-05-19 00:00:00+00:00,204.1,210.88,0.0,9353.36,,0.0,1.55,6642.9,1.743,584585.0,18310829.0,9.99,11.685,1.74,8.56,,,15.11,15.59
2005-05-20 00:00:00+00:00,204.1,210.88,0.0,9353.36,,0.0,1.55,7298.7,1.743,584585.0,18310829.0,9.99,11.685,1.74,8.56,,,15.3,15.69
2005-05-23 00:00:00+00:00,204.1,210.88,0.0,9353.36,,0.0,1.55,2558.5,1.743,584585.0,18310829.0,9.99,11.685,1.74,8.56,,,15.2,15.54
2005-05-24 00:00:00+00:00,202.8,209.56,0.0,9294.9,,0.0,1.54,4117.4,1.743,584585.0,18310829.0,9.93,11.685,1.74,8.56,,,15.25,15.59
2005-05-25 00:00:00+00:00,197.1,203.63,0.0,9031.84,,0.0,1.49,4961.0,1.743,584585.0,18310829.0,9.65,11.685,1.74,8.56,,,14.86,15.54
2005-05-26 00:00:00+00:00,196.5,202.97,0.0,9002.61,,0.0,1.49,3772.1,1.743,584585.0,18310829.0,9.62,11.685,1.74,8.56,,,14.72,15.06
2005-05-27 00:00:00+00:00,197.1,203.63,0.0,9031.84,,0.0,1.49,5213.2,1.743,584585.0,18310829.0,9.65,11.685,1.74,8.56,,,14.86,15.15
2005-05-30 00:00:00+00:00,199.6,206.27,0.0,9148.75,,0.0,1.51,3949.5,1.743,584585.0,18310829.0,9.77,11.685,1.74,8.56,,,14.77,15.2
2005-05-31 00:00:00+00:00,202.8,209.56,0.0,9294.9,,0.0,1.54,9653.7,1.743,584585.0,18310829.0,9.93,11.685,1.74,8.56,,,14.86,15.54
2005-06-01 00:00:00+00:00,216.9,224.06,0.0,9937.94,,0.0,1.64,21719.1,1.743,584585.0,18310829.0,10.62,11.685,1.74,8.56,,,15.64,16.41
2005-06-02 00:00:00+00:00,231.5,239.21,0.0,10610.21,,0.0,1.75,18718.3,1.743,584585.0,18310829.0,11.34,11.685,1.74,8.56,,,16.89,17.52
2005-06-03 00:00:00+00:00,229.6,237.24,0.0,10522.53,,0.0,1.74,25215.9,1.743,584585.0,18310829.0,11.24,11.685,1.74,8.56,,,17.18,18.0
2005-06-06 00:00:00+00:00,229.0,236.58,0.0,10493.29,,0.0,1.73,10289.0,1.743,584585.0,18310829.0,11.21,11.685,1.74,8.56,,,17.33,17.91
2005-06-07 00:00:00+00:00,226.4,233.94,0.0,10376.38,,0.0,1.71,7722.4,1.743,584585.0,18310829.0,11.09,11.685,1.74,8.56,,,16.84,17.52
2005-06-08 00:00:00+00:00,233.4,241.19,0.0,10697.89,,0.0,1.77,20670.4,1.743,584585.0,18310829.0,11.43,11.685,1.74,8.56,,,17.18,18.05
2005-06-09 00:00:00+00:00,218.1,225.38,0.0,9996.39,,0.0,1.65,12450.6,1.743,584585.0,18310829.0,10.68,11.685,1.74,8.56,,,16.51,17.86
2005-06-10 00:00:00+00:00,219.4,226.69,0.0,10054.86,,0.0,1.66,6879.3,1.743,584585.0,18310829.0,10.74,11.685,1.74,8.56,,,16.26,16.84
2005-06-13 00:00:00+00:00,219.4,226.69,0.0,10054.86,,0.0,1.66,5773.4,1.743,584585.0,18310829.0,10.74,11.685,1.74,8.56,,,16.41,16.8
2005-06-14 00:00:00+00:00,220.7,228.01,0.0,10113.31,,0.0,1.67,16204.8,1.743,584585.0,18310829.0,10.81,11.685,1.74,8.56,,,16.46,17.18
2005-06-15 00:00:00+00:00,221.3,228.67,0.0,10142.54,,0.0,1.68,6441.1,1.743,584585.0,18310829.0,10.84,11.685,1.74,8.56,,,16.51,16.84
2005-06-16 00:00:00+00:00,220.7,228.01,0.0,10113.31,,0.0,1.67,4028.4,1.82,584585.0,18310829.0,10.81,10.898,1.82,9.18,,,16.6,16.89
2005-06-17 00:00:00+00:00,218.8,226.03,0.0,10025.63,,0.0,1.66,9773.9,1.82,584585.0,18310829.0,10.71,10.898,1.82,9.18,,,16.41,17.08
2005-06-20 00:00:00+00:00,220.1,227.35,0.0,10084.09,,0.0,1.67,5532.5,1.82,584585.0,18310829.0,10.77,10.898,1.82,9.18,,,16.36,16.7
2005-06-21 00:00:00+00:00,224.5,231.97,0.0,10288.69,,0.0,1.7,7755.1,1.82,584585.0,18310829.0,10.99,10.898,1.82,9.18,,,16.51,17.13
2005-06-22 00:00:00+00:00,230.9,238.56,0.0,10580.98,,0.0,1.75,16880.0,1.82,584585.0,18310829.0,11.3,10.898,1.82,9.18,,,17.37,17.86
2005-06-23 00:00:00+00:00,227.7,235.26,0.0,10434.83,,0.0,1.72,5514.0,1.82,584585.0,18310829.0,11.15,10.898,1.82,9.18,,,17.18,17.57
2005-06-24 00:00:00+00:00,223.9,231.31,0.0,10259.46,,0.0,1.69,3017.4,1.82,584585.0,18310829.0,10.96,10.898,1.82,9.18,,,16.89,17.28
2005-06-27 00:00:00+00:00,225.8,233.28,0.0,10347.15,,0.0,1.71,3776.8,1.82,584585.0,18310829.0,11.06,10.898,1.82,9.18,,,16.6,17.18
2005-06-28 00:00:00+00:00,223.2,230.65,0.0,10230.23,,0.0,1.69,1731.7,1.82,584585.0,18310829.0,10.93,10.898,1.82,9.18,,,16.89,17.18
2005-06-29 00:00:00+00:00,218.8,226.03,0.0,10025.63,,0.0,1.66,4696.3,1.82,584585.0,18310829.0,10.71,10.898,1.82,9.18,,,16.55,17.23
2005-06-30 00:00:00+00:00,217.5,224.72,0.0,9967.16,,0.0,1.65,2082.9,1.82,584585.0,18310829.0,10.65,10.898,1.82,9.18,,,16.46,16.7
2005-07-01 00:00:00+00:00,211.8,218.79,0.0,9704.1,,0.0,1.6,5638.2,1.82,584585.0,18310829.0,10.37,10.898,1.82,9.18,,,15.73,16.46
2005-07-04 00:00:00+00:00,211.1,218.13,0.0,9674.87,,0.0,1.6,2109.0,1.82,584585.0,18310829.0,10.34,10.898,1.82,9.18,,,15.83,16.22
2005-07-05 00:00:00+00:00,211.8,218.79,0.0,9704.1,,0.0,1.6,2381.6,1.82,584585.0,18310829.0,10.37,10.898,1.82,9.18,,,15.93,16.12
2005-07-06 00:00:00+00:00,211.8,218.79,0.0,9704.1,,0.0,1.6,4405.1,1.82,584585.0,18310829.0,10.37,10.898,1.82,9.18,,,16.02,16.51
2005-07-07 00:00:00+00:00,211.1,218.13,0.0,9674.87,,0.0,1.6,1895.9,1.82,584585.0,18310829.0,10.34,10.898,1.82,9.18,,,15.93,16.26
2005-07-08 00:00:00+00:00,214.3,221.42,0.0,9821.02,,0.0,1.62,7935.4,1.82,584585.0,18310829.0,10.49,10.898,1.82,9.18,,,16.02,16.6
2005-07-11 00:00:00+00:00,214.9,222.08,0.0,9850.25,,0.0,1.63,9522.1,1.82,584585.0,18310829.0,10.52,10.898,1.82,9.18,,,16.22,16.6
2005-07-12 00:00:00+00:00,220.7,228.01,0.0,10113.31,,0.0,1.67,6383.0,1.82,584585.0,18310829.0,10.81,10.898,1.82,9.18,,,16.31,16.7
2005-07-13 00:00:00+00:00,216.9,224.06,0.0,9937.94,,0.0,1.64,8146.5,1.82,584585.0,18310829.0,10.62,10.898,1.82,9.18,,,16.41,17.08
2005-07-14 00:00:00+00:00,220.7,228.01,0.0,10113.31,,0.0,1.67,8246.3,1.897,584585.0,18310829.0,10.81,11.357,1.9,8.8,,,16.51,16.89
2005-07-15 00:00:00+00:00,214.3,221.42,0.0,9821.02,,0.0,1.62,6121.2,1.897,584585.0,18310829.0,10.49,11.357,1.9,8.8,,,16.22,16.84
2005-07-18 00:00:00+00:00,214.3,221.42,0.0,9821.02,,0.0,1.62,,1.897,584585.0,18310829.0,10.49,11.357,1.9,8.8,,,,
2005-07-19 00:00:00+00:00,214.3,221.42,0.0,9821.02,,0.0,1.62,4323.9,1.897,584585.0,18310829.0,10.49,11.357,1.9,8.8,,,16.12,16.51
2005-07-20 00:00:00+00:00,213.7,220.76,0.0,9791.8,,0.0,1.62,8112.0,1.897,584585.0,18310829.0,10.46,11.357,1.9,8.8,,,16.12,16.7
2005-07-21 00:00:00+00:00,214.3,221.42,0.0,9821.02,,0.0,1.62,7535.4,1.897,584585.0,18310829.0,10.49,11.357,1.9,8.8,,,16.17,16.55
2005-07-22 00:00:00+00:00,207.9,214.83,0.0,9528.73,,0.0,1.57,3349.7,1.897,584585.0,18310829.0,10.18,11.357,1.9,8.8,,,15.73,16.31
2005-07-25 00:00:00+00:00,206.0,212.85,0.0,9441.04,,0.0,1.56,3235.9,1.897,584585.0,18310829.0,10.09,11.357,1.9,8.8,,,15.54,15.78
2005-07-26 00:00:00+00:00,207.9,214.83,0.0,9528.73,,0.0,1.57,4100.7,1.897,584585.0,18310829.0,10.18,11.357,1.9,8.8,,,15.49,15.83
2005-07-27 00:00:00+00:00,208.6,215.49,0.0,9557.96,,0.0,1.58,6527.5,1.897,584585.0,18310829.0,10.21,11.357,1.9,8.8,,,15.64,16.02
2005-07-28 00:00:00+00:00,206.0,212.85,0.0,9441.04,,0.0,1.56,4748.1,1.897,584585.0,18310829.0,10.09,11.357,1.9,8.8,,,15.54,15.93
2005-07-29 00:00:00+00:00,195.8,202.31,0.0,8973.38,,0.0,1.48,7447.1,1.897,584585.0,18310829.0,9.59,11.357,1.9,8.8,,,14.72,15.73
2005-08-01 00:00:00+00:00,197.7,204.29,0.0,9061.06,,0.0,1.5,2350.3,1.897,584585.0,18310829.0,9.68,11.357,1.9,8.8,,,14.58,14.96
2005-08-02 00:00:00+00:00,196.5,202.97,0.0,9002.61,,0.0,1.49,6950.9,1.897,584585.0,18310829.0,9.62,11.357,1.9,8.8,,,14.82,15.44
2005-08-03 00:00:00+00:00,199.0,205.61,0.0,9119.52,,0.0,1.51,2866.1,1.897,584585.0,18310829.0,9.74,11.357,1.9,8.8,,,14.96,15.2
2005-08-04 00:00:00+00:00,194.5,200.99,0.0,8914.92,,0.0,1.47,2142.9,1.897,584585.0,18310829.0,9.52,11.357,1.9,8.8,,,14.72,15.15
2005-08-05 00:00:00+00:00,194.5,200.99,0.0,8914.92,,0.0,1.47,,1.897,584585.0,18310829.0,9.52,11.357,1.9,8.8,,,,
2005-08-08 00:00:00+00:00,194.5,200.99,0.0,8914.92,,0.0,1.47,1484.7,1.897,584585.0,18310829.0,9.52,11.357,1.9,8.8,,,14.67,14.96
2005-08-09 00:00:00+00:00,190.7,197.04,0.0,8739.54,,0.0,1.44,2905.7,1.897,584585.0,18310829.0,9.34,11.357,1.9,8.8,,,14.38,14.86
2005-08-10 00:00:00+00:00,186.9,193.09,0.0,8564.16,,0.0,1.41,1955.3,1.897,584585.0,18310829.0,9.15,11.357,1.9,8.8,,,14.14,14.58
2005-08-11 00:00:00+00:00,186.2,192.43,0.0,8534.94,,0.0,1.41,1766.8,1.897,584585.0,18310829.0,9.12,11.357,1.9,8.8,,,14.09,14.43
2005-08-12 00:00:00+00:00,188.2,194.4,0.0,8622.63,,0.0,1.42,1561.7,1.897,584585.0,18310829.0,9.21,11.357,1.9,8.8,,,14.09,14.29
2005-08-15 00:00:00+00:00,181.1,187.15,0.0,8301.1,,0.0,1.37,1704.4,1.897,584585.0,18310829.0,8.87,11.357,1.9,8.8,,,13.71,14.19
2005-08-16 00:00:00+00:00,179.2,185.18,0.0,8213.41,,0.0,1.36,1438.7,1.897,584585.0,18310829.0,8.78,11.357,1.9,8.8,,,13.51,13.85
2005-08-17 00:00:00+00:00,179.2,185.18,0.0,8213.41,,0.0,1.36,1792.9,1.897,584585.0,18310829.0,8.78,11.357,1.9,8.8,,,13.47,13.71
2005-08-18 00:00:00+00:00,178.6,184.52,0.0,8184.19,,0.0,1.35,1449.9,1.973,584585.0,18310829.0,8.74,14.542,1.97,6.88,,,13.51,13.75
2005-08-19 00:00:00+00:00,173.5,179.25,0.0,7950.35,,0.0,1.31,2509.2,1.973,584585.0,18310829.0,8.49,14.542,1.97,6.88,,,13.13,13.51
2005-08-22 00:00:00+00:00,170.3,175.95,0.0,7804.21,,0.0,1.29,2827.2,1.973,584585.0,18310829.0,8.34,14.542,1.97,6.88,,,12.5,13.32
2005-08-23 00:00:00+00:00,166.5,172.0,0.0,7628.83,,0.0,1.26,2356.4,1.973,584585.0,18310829.0,8.15,14.542,1.97,6.88,,,12.6,12.93
2005-08-24 00:00:00+00:00,159.5,164.75,0.0,7307.31,,0.0,1.21,3497.8,1.973,584585.0,18310829.0,7.81,14.542,1.97,6.88,,,11.97,12.55
2005-08-25 00:00:00+00:00,162.0,167.38,0.0,7424.23,,0.0,1.23,4416.1,1.973,584585.0,18310829.0,7.93,14.542,1.97,6.88,,,11.97,12.5
2005-08-26 00:00:00+00:00,164.6,170.02,0.0,7541.14,,0.0,1.25,2002.7,1.973,584585.0,18310829.0,8.06,14.542,1.97,6.88,,,12.11,12.5
2005-08-29 00:00:00+00:00,156.3,161.45,0.0,7161.16,,0.0,1.18,2707.2,1.973,584585.0,18310829.0,7.65,14.542,1.97,6.88,,,11.63,12.36
2005-08-30 00:00:00+00:00,159.5,164.75,0.0,7307.31,,0.0,1.21,2420.2,1.973,584585.0,18310829.0,7.81,14.542,1.97,6.88,,,11.82,12.16
2005-08-31 00:00:00+00:00,155.6,160.79,0.0,7131.93,,0.0,1.18,2375.1,1.973,584585.0,18310829.0,7.62,14.542,1.97,6.88,,,11.78,12.26
2005-09-01 00:00:00+00:00,155.6,160.79,0.0,7131.93,,0.0,1.18,,1.973,584585.0,18310829.0,7.62,14.542,1.97,6.88,,,,
2005-09-02 00:00:00+00:00,157.5,162.77,0.0,7219.62,,0.0,1.19,2118.3,1.973,584585.0,18310829.0,7.71,14.542,1.97,6.88,,,11.87,12.21
2005-09-05 00:00:00+00:00,165.8,171.34,0.0,7599.6,,0.0,1.26,4339.1,1.973,584585.0,18310829.0,8.12,14.542,1.97,6.88,,,11.97,12.69
2005-09-06 00:00:00+00:00,169.0,174.63,0.0,7745.75,,0.0,1.28,4434.0,1.973,584585.0,18310829.0,8.28,14.542,1.97,6.88,,,12.45,12.89
2005-09-07 00:00:00+00:00,172.9,178.59,0.0,7921.12,,0.0,1.31,6597.3,1.973,584585.0,18310829.0,8.46,14.542,1.97,6.88,,,12.5,13.22
2005-09-08 00:00:00+00:00,169.0,174.63,0.0,7745.75,,0.0,1.28,2339.9,1.973,584585.0,18310829.0,8.28,14.542,1.97,6.88,,,12.74,13.13
2005-09-09 00:00:00+00:00,167.8,173.32,0.0,7687.29,,0.0,1.27,3383.9,1.973,584585.0,18310829.0,8.21,14.542,1.97,6.88,,,12.4,12.93
2005-09-12 00:00:00+00:00,162.0,167.38,0.0,7424.23,,0.0,1.23,1834.6,1.973,584585.0,18310829.0,7.93,14.542,1.97,6.88,,,12.26,12.69
2005-09-13 00:00:00+00:00,158.2,163.43,0.0,7248.85,,0.0,1.2,3389.0,1.973,584585.0,18310829.0,7.74,14.542,1.97,6.88,,,11.97,12.5
2005-09-14 00:00:00+00:00,160.1,165.41,0.0,7336.54,,0.0,1.21,1405.5,1.973,584585.0,18310829.0,7.84,14.542,1.97,6.88,,,11.97,12.16
2005-09-15 00:00:00+00:00,159.5,164.75,0.0,7307.31,,0.0,1.21,1369.1,2.05,584585.0,18310829.0,7.81,17.126,2.05,5.84,,,11.92,12.16
2005-09-16 00:00:00+00:00,156.3,161.45,0.0,7161.16,,0.0,1.18,1403.9,2.05,584585.0,18310829.0,7.65,17.126,2.05,5.84,,,11.82,12.16
2005-09-19 00:00:00+00:00,156.3,161.45,0.0,7161.16,,0.0,1.18,939.6,2.05,584585.0,18310829.0,7.65,17.126,2.05,5.84,,,11.78,12.02
2005-09-20 00:00:00+00:00,162.0,167.38,0.0,7424.23,,0.0,1.23,2027.7,2.05,584585.0,18310829.0,7.93,17.126,2.05,5.84,,,11.73,12.31
2005-09-21 00:00:00+00:00,162.6,168.04,0.0,7453.46,,0.0,1.23,3575.3,2.05,584585.0,18310829.0,7.96,17.126,2.05,5.84,,,12.16,12.64
2005-09-22 00:00:00+00:00,160.7,166.07,0.0,7365.77,,0.0,1.22,2125.3,2.05,584585.0,18310829.0,7.87,17.126,2.05,5.84,,,12.11,12.45
2005-09-23 00:00:00+00:00,156.3,161.45,0.0,7161.16,,0.0,1.18,1458.1,2.05,584585.0,18310829.0,7.65,17.126,2.05,5.84,,,11.82,12.31
2005-09-26 00:00:00+00:00,160.7,166.07,0.0,7365.77,,0.0,1.22,2001.8,2.05,584585.0,18310829.0,7.87,17.126,2.05,5.84,,,11.78,12.16
2005-09-27 00:00:00+00:00,161.4,166.73,0.0,7395.0,,0.0,1.22,2335.9,2.05,584585.0,18310829.0,7.9,17.126,2.05,5.84,,,12.16,12.5
2005-09-28 00:00:00+00:00,160.7,166.07,0.0,7365.77,,0.0,1.22,1220.1,2.05,584585.0,18310829.0,7.87,17.126,2.05,5.84,,,12.07,12.36
2005-09-29 00:00:00+00:00,162.6,168.04,0.0,7453.46,,0.0,1.23,2303.0,2.05,584585.0,18310829.0,7.96,17.126,2.05,5.84,,,12.11,12.36
2005-09-30 00:00:00+00:00,163.3,168.7,0.0,7482.68,,0.0,1.24,5494.7,2.05,584585.0,18310829.0,7.99,17.126,2.05,5.84,,,12.36,12.69
2005-10-03 00:00:00+00:00,165.2,170.68,0.0,7570.37,,0.0,1.25,3173.4,2.05,584585.0,18310829.0,8.09,17.126,2.05,5.84,,,12.36,12.69
2005-10-04 00:00:00+00:00,165.2,170.68,0.0,7570.37,,0.0,1.25,2923.6,2.05,584585.0,18310829.0,8.09,17.126,2.05,5.84,,,12.45,12.69
2005-10-05 00:00:00+00:00,165.8,171.34,0.0,7599.6,,0.0,1.26,5745.4,2.05,584585.0,18310829.0,8.12,17.126,2.05,5.84,,,12.4,12.89
2005-10-06 00:00:00+00:00,167.1,172.66,0.0,7658.06,,0.0,1.27,6523.9,2.05,584585.0,18310829.0,8.18,17.126,2.05,5.84,,,12.31,12.93
2005-10-07 00:00:00+00:00,163.9,169.36,0.0,7511.91,,0.0,1.24,3190.6,2.05,584585.0,18310829.0,8.03,17.126,2.05,5.84,,,12.31,12.69
2005-10-10 00:00:00+00:00,163.9,169.36,0.0,7511.91,,0.0,1.24,,2.05,584585.0,18310829.0,8.03,17.126,2.05,5.84,,,,
2005-10-11 00:00:00+00:00,160.7,166.07,0.0,7365.77,,0.0,1.22,1198.1,2.05,584585.0,18310829.0,7.87,17.126,2.05,5.84,,,12.16,12.5
2005-10-12 00:00:00+00:00,156.9,162.11,0.0,7190.39,,0.0,1.19,1676.8,2.05,584585.0,18310829.0,7.68,17.126,2.05,5.84,,,11.87,12.31
2005-10-13 00:00:00+00:00,161.4,166.73,0.0,7395.0,,0.0,1.22,3555.5,2.05,584585.0,18310829.0,7.9,17.126,2.05,5.84,,,11.73,12.21
2005-10-14 00:00:00+00:00,160.7,166.07,0.0,7365.77,,0.0,1.22,1713.3,2.05,584585.0,18310829.0,7.87,17.126,2.05,5.84,,,12.11,12.45
2005-10-17 00:00:00+00:00,158.2,163.43,0.0,7248.85,,0.0,1.2,5136.1,2.05,584585.0,18310829.0,7.74,17.126,2.05,5.84,,,11.97,12.64
2005-10-18 00:00:00+00:00,155.6,160.79,0.0,7131.93,,0.0,1.18,1870.4,2.05,584585.0,18310829.0,7.62,17.126,2.05,5.84,,,11.78,12.21
2005-10-19 00:00:00+00:00,156.3,161.45,0.0,7161.16,,0.0,1.18,5405.1,2.05,584585.0,18310829.0,7.65,17.126,2.05,5.84,,,11.68,12.07
2005-10-20 00:00:00+00:00,155.6,160.79,0.0,7131.93,,0.0,1.18,4194.7,,584585.0,18310829.0,7.62,,2.05,5.84,,,11.0,12.11
2005-10-21 00:00:00+00:00,152.4,157.5,0.0,6985.79,,0.0,1.15,3331.5,,584585.0,18310829.0,7.46,,2.05,5.84,,,11.44,11.92
2005-10-24 00:00:00+00:00,161.4,166.73,0.0,7395.0,,0.0,1.22,7079.5,,584585.0,18310829.0,7.9,,2.05,5.84,,,11.53,12.21
2005-10-25 00:00:00+00:00,150.5,155.52,0.0,6898.1,,0.0,1.14,9111.1,,584585.0,18310829.0,7.37,,2.05,5.84,,,11.39,11.44
2005-10-26 00:00:00+00:00,140.3,144.98,0.0,6430.43,,0.0,1.06,4724.2,,584585.0,18310829.0,6.87,,2.05,5.84,,,10.62,11.15
2005-10-27 00:00:00+00:00,133.9,138.39,0.0,6138.14,,0.0,1.01,8364.7,,584585.0,18310829.0,6.56,,2.05,5.84,,,9.94,10.57
2005-10-28 00:00:00+00:00,130.8,135.09,0.0,5991.99,,0.0,0.99,9297.8,,584585.0,18310829.0,6.4,,2.05,5.84,,,9.43,10.14
2005-10-31 00:00:00+00:00,130.8,135.09,0.0,5991.99,,0.0,0.99,5465.6,,584585.0,18310829.0,6.4,,2.05,5.84,,,9.7,10.23
2005-11-01 00:00:00+00:00,127.3,131.54,0.0,5834.15,,0.0,0.96,3950.5,,584585.0,18310829.0,6.23,,2.05,5.84,,,9.48,9.99
2005-11-02 00:00:00+00:00,125.4,129.56,0.0,5746.46,,0.0,0.95,2735.0,,584585.0,18310829.0,6.14,,2.05,5.84,,,9.46,9.63
2005-11-03 00:00:00+00:00,133.9,138.39,0.0,6138.14,,0.0,1.01,10694.6,,584585.0,18310829.0,6.56,,2.05,5.84,,,9.52,10.14
2005-11-04 00:00:00+00:00,139.0,143.66,0.0,6371.97,,0.0,1.05,9193.5,,584585.0,18310829.0,6.81,,2.05,5.84,,,10.28,10.57
2005-11-07 00:00:00+00:00,143.5,148.27,0.0,6576.58,,0.0,1.09,10078.7,,584585.0,18310829.0,7.03,,2.05,5.84,,,10.62,11.0
2005-11-08 00:00:00+00:00,153.1,158.16,0.0,7015.02,,0.0,1.16,4978.4,,584585.0,18310829.0,7.5,,2.05,5.84,,,11.29,11.58
2005-11-09 00:00:00+00:00,163.3,168.7,0.0,7482.68,,0.0,1.24,25598.5,,584585.0,18310829.0,7.99,,2.05,5.84,,,12.02,12.36
2005-11-10 00:00:00+00:00,172.9,178.59,0.0,7921.12,,0.0,1.31,25040.7,,584585.0,18310829.0,8.46,,2.05,5.84,,,12.5,13.18
2005-11-11 00:00:00+00:00,174.1,179.91,0.0,7979.58,,0.0,1.32,13649.1,,584585.0,18310829.0,8.53,,2.05,5.84,,,12.89,13.32
2005-11-14 00:00:00+00:00,186.2,192.43,0.0,8534.94,,0.0,1.41,21995.9,,584585.0,18310829.0,9.12,,2.05,5.84,,,13.42,14.09
2005-11-15 00:00:00+00:00,194.5,200.99,0.0,8914.92,,0.0,1.47,38417.3,,584585.0,18310829.0,9.52,,2.05,5.84,,,14.14,14.96
2005-11-16 00:00:00+00:00,193.9,200.33,0.0,8885.69,,0.0,1.47,23566.8,,584585.0,18310829.0,9.49,,2.05,5.84,,,14.0,14.72
2005-11-17 00:00:00+00:00,200.9,207.58,0.0,9207.21,,0.0,1.52,39156.7,,584585.0,18310829.0,9.84,,2.05,5.84,,,14.82,15.35
2005-11-18 00:00:00+00:00,200.9,207.58,0.0,9207.21,,0.0,1.52,19339.0,,584585.0,18310829.0,9.84,,2.05,5.84,,,14.96,15.25
2005-11-21 00:00:00+00:00,205.4,212.2,0.0,9411.81,,0.0,1.55,23514.2,,584585.0,18310829.0,10.06,,2.05,5.84,,,15.25,15.73
2005-11-22 00:00:00+00:00,206.7,213.51,0.0,9470.27,,0.0,1.56,15411.0,,584585.0,18310829.0,10.12,,2.05,5.84,,,15.25,15.73
2005-11-23 00:00:00+00:00,200.3,206.92,0.0,9177.98,,0.0,1.52,15044.9,,584585.0,18310829.0,9.81,,2.05,5.84,,,15.15,15.97
2005-11-24 00:00:00+00:00,192.0,198.36,0.0,8798.0,,0.0,1.45,16087.4,,584585.0,18310829.0,9.4,,2.05,5.84,,,14.48,15.15
2005-11-25 00:00:00+00:00,195.2,201.65,0.0,8944.15,,0.0,1.48,14382.2,,584585.0,18310829.0,9.56,,2.05,5.84,,,14.48,15.01
2005-11-28 00:00:00+00:00,201.6,208.24,0.0,9236.44,,0.0,1.53,14327.6,,584585.0,18310829.0,9.87,,2.05,5.84,,,14.62,15.25
2005-11-29 00:00:00+00:00,197.7,204.29,0.0,9061.06,,0.0,1.5,10893.4,,584585.0,18310829.0,9.68,,2.05,5.84,,,14.91,15.44
2005-11-30 00:00:00+00:00,192.6,199.02,0.0,8827.23,,0.0,1.46,10794.7,,584585.0,18310829.0,9.43,,2.05,5.84,,,14.29,15.11
2005-12-01 00:00:00+00:00,190.1,196.38,0.0,8710.31,,0.0,1.44,7680.7,,584585.0,18310829.0,9.31,,2.05,5.84,,,14.38,14.77
2005-12-02 00:00:00+00:00,191.4,197.7,0.0,8768.77,,0.0,1.45,8580.4,,584585.0,18310829.0,9.37,,2.05,5.84,,,14.29,14.67
2005-12-05 00:00:00+00:00,204.7,211.54,0.0,9382.58,,0.0,1.55,16664.4,,584585.0,18310829.0,10.02,,2.05,5.84,,,14.58,15.49
2005-12-06 00:00:00+00:00,218.8,226.03,0.0,10025.63,,0.0,1.66,30749.8,,584585.0,18310829.0,10.71,,2.05,5.84,,,15.78,16.55
2005-12-07 00:00:00+00:00,214.3,221.42,0.0,9821.02,,0.0,1.62,31824.8,,584585.0,18310829.0,10.49,,2.05,5.84,,,16.17,17.23
2005-12-08 00:00:00+00:00,209.8,216.81,0.0,9616.42,,0.0,1.59,12039.1,,584585.0,18310829.0,10.27,,2.05,5.84,,,15.88,16.41
2005-12-09 00:00:00+00:00,218.8,226.03,0.0,10025.63,,0.0,1.66,14162.3,,584585.0,18310829.0,10.71,,2.05,5.84,,,15.59,16.55
2005-12-12 00:00:00+00:00,229.6,237.24,0.0,10522.53,,0.0,1.74,25798.1,,584585.0,18310829.0,11.24,,2.05,5.84,,,16.26,17.66
2005-12-13 00:00:00+00:00,220.7,228.01,0.0,10113.31,,0.0,1.67,12525.5,,584585.0,18310829.0,10.81,,2.05,5.84,,,16.7,17.33
2005-12-14 00:00:00+00:00,220.1,227.35,0.0,10084.09,,0.0,1.67,11616.3,,584585.0,18310829.0,10.77,,2.05,5.84,,,16.65,17.18
2005-12-15 00:00:00+00:00,218.1,225.38,0.0,9996.39,,0.0,1.65,8924.2,,584585.0,18310829.0,10.68,,2.05,5.84,,,16.51,16.89
2005-12-16 00:00:00+00:00,221.3,228.67,0.0,10142.54,,0.0,1.68,15267.9,,584585.0,18310829.0,10.84,,2.05,5.84,,,16.7,17.18
2005-12-19 00:00:00+00:00,219.4,226.69,0.0,10054.86,,0.0,1.66,9223.5,,584585.0,18310829.0,10.74,,2.05,5.84,,,16.6,17.08
2005-12-20 00:00:00+00:00,224.5,231.97,0.0,10288.69,,0.0,1.7,17920.7,,584585.0,18310829.0,10.99,,2.05,5.84,,,16.46,17.47
2005-12-21 00:00:00+00:00,224.5,231.97,0.0,10288.69,,0.0,1.7,9365.4,,584585.0,18310829.0,10.99,,2.05,5.84,,,16.84,17.23
2005-12-22 00:00:00+00:00,224.5,231.97,0.0,10288.69,,0.0,1.7,16128.4,,584585.0,18310829.0,10.99,,2.05,5.84,,,16.99,17.62
2005-12-23 00:00:00+00:00,225.2,232.62,0.0,10317.92,,0.0,1.7,9768.4,,584585.0,18310829.0,11.02,,2.05,5.84,,,16.8,17.23
2005-12-26 00:00:00+00:00,240.5,248.44,0.0,11019.42,,0.0,1.82,27457.1,,584585.0,18310829.0,11.77,,2.05,5.84,,,17.18,18.19
2005-12-27 00:00:00+00:00,248.1,256.35,0.0,11370.17,,0.0,1.88,33550.8,,584585.0,18310829.0,12.15,,2.05,5.84,,,18.77,19.4
2005-12-28 00:00:00+00:00,243.0,251.08,0.0,11136.33,,0.0,1.84,11904.7,,584585.0,18310829.0,11.9,,2.05,5.84,,,18.15,18.73
2005-12-29 00:00:00+00:00,245.6,253.71,0.0,11253.26,,0.0,1.86,12695.1,,584585.0,18310829.0,12.02,,2.05,5.84,,,18.39,19.11
2005-12-30 00:00:00+00:00,235.4,243.17,0.0,10785.59,,0.0,1.78,19069.6,,584585.0,18310829.0,11.52,,2.05,5.84,,,17.37,18.63
2006-01-02 00:00:00+00:00,232.8,240.53,0.0,10668.67,,0.0,1.57,7672.6,,584585.0,19259019.0,66.97,,2.05,5.84,,,17.18,17.62
2006-01-03 00:00:00+00:00,246.2,254.37,0.0,11282.48,,0.0,1.66,26398.3,,584585.0,19259019.0,70.83,,2.05,5.84,,,17.66,18.82
2006-01-04 00:00:00+00:00,242.4,250.42,0.0,11107.11,,0.0,1.63,20274.5,,584585.0,19259019.0,69.72,,2.05,5.84,,,18.29,19.11
2006-01-05 00:00:00+00:00,238.5,246.46,0.0,10931.73,,0.0,1.61,12577.0,,584585.0,19259019.0,68.62,,2.05,5.84,,,17.66,18.63
2006-01-06 00:00:00+00:00,236.0,243.83,0.0,10814.82,,0.0,1.59,11284.1,,584585.0,19259019.0,67.89,,2.05,5.84,,,17.86,18.63
2006-01-09 00:00:00+00:00,238.5,246.46,0.0,10931.73,,0.0,1.61,11558.6,,584585.0,19259019.0,68.62,,2.05,5.84,,,18.05,18.58
2006-01-10 00:00:00+00:00,237.9,245.8,0.0,10902.5,,0.0,1.6,6742.3,,584585.0,19259019.0,68.44,,2.05,5.84,,,17.81,18.24
2006-01-11 00:00:00+00:00,239.8,247.78,0.0,10990.19,,0.0,1.62,12018.6,,584585.0,19259019.0,68.99,,2.05,5.84,,,17.95,18.48
2006-01-12 00:00:00+00:00,238.5,246.46,0.0,10931.73,,0.0,1.61,16235.1,,584585.0,19259019.0,68.62,,2.05,5.84,,,17.95,18.82
2006-01-13 00:00:00+00:00,248.1,256.35,0.0,11370.17,,0.0,1.67,28152.3,,584585.0,19259019.0,71.38,,2.05,5.84,,,18.53,19.11
2006-01-16 00:00:00+00:00,243.7,251.74,0.0,11165.56,,0.0,1.64,10392.1,,584585.0,19259019.0,70.09,,2.05,5.84,,,18.24,19.06
2006-01-17 00:00:00+00:00,244.3,252.39,0.0,11194.8,,0.0,1.65,14112.4,,584585.0,19259019.0,70.28,,2.05,5.84,,,18.34,18.97
2006-01-18 00:00:00+00:00,244.3,252.39,0.0,11194.8,,0.0,1.65,15190.9,,584585.0,19259019.0,70.28,,2.05,5.84,,,18.24,18.82
2006-01-19 00:00:00+00:00,257.7,266.23,0.0,11808.61,,0.0,1.74,48364.6,,584585.0,19259019.0,74.13,,2.05,5.84,,,18.63,19.74
2006-01-20 00:00:00+00:00,249.4,257.67,0.0,11428.63,,0.0,1.68,16984.2,,584585.0,19259019.0,71.74,,2.05,5.84,,,18.82,19.59
2006-01-23 00:00:00+00:00,232.2,239.87,0.0,10639.44,,0.0,1.56,12848.5,,584585.0,19259019.0,66.79,,2.05,5.84,,,17.57,18.34
2006-01-24 00:00:00+00:00,229.6,237.24,0.0,10522.53,,0.0,1.55,10448.1,,584585.0,19259019.0,66.06,,2.05,5.84,,,16.89,17.76
2006-01-25 00:00:00+00:00,229.6,237.24,0.0,10522.53,,0.0,1.55,7743.1,,584585.0,19259019.0,66.06,,2.05,5.84,,,17.37,17.86
2006-01-26 00:00:00+00:00,229.6,237.24,0.0,10522.53,,0.0,1.55,,,584585.0,19259019.0,66.06,,2.05,5.84,,,,
2006-01-27 00:00:00+00:00,229.6,237.24,0.0,10522.53,,0.0,1.55,,,584585.0,19259019.0,66.06,,2.05,5.84,,,,
2006-01-30 00:00:00+00:00,229.6,237.24,0.0,10522.53,,0.0,1.55,,,584585.0,19259019.0,66.06,,2.05,5.84,,,,
2006-01-31 00:00:00+00:00,229.6,237.24,0.0,10522.53,,0.0,1.55,,,584585.0,19259019.0,66.06,,2.05,5.84,,,,
2006-02-01 00:00:00+00:00,229.6,237.24,0.0,10522.53,,0.0,1.55,,,584585.0,19259019.0,66.06,,2.05,5.84,,,,
2006-02-02 00:00:00+00:00,229.6,237.24,0.0,10522.53,,0.0,1.55,,,584585.0,19259019.0,66.06,,2.05,5.84,,,,
2006-02-03 00:00:00+00:00,237.9,245.8,0.0,10902.5,,0.0,1.6,9638.9,,584585.0,19259019.0,68.44,,2.05,5.84,,,17.37,18.15
2006-02-06 00:00:00+00:00,245.6,253.71,0.0,11253.26,,0.0,1.65,8636.1,,584585.0,19259019.0,70.64,,2.05,5.84,,,17.76,18.58
2006-02-07 00:00:00+00:00,242.4,250.42,0.0,11107.11,,0.0,1.63,6167.3,,584585.0,19259019.0,69.72,,2.05,5.84,,,18.24,18.68
2006-02-08 00:00:00+00:00,250.0,258.33,0.0,11457.86,,0.0,1.68,15812.5,,584585.0,19259019.0,71.93,,2.05,5.84,,,18.53,19.11
2006-02-09 00:00:00+00:00,246.2,254.37,0.0,11282.48,,0.0,1.66,19593.9,,584585.0,19259019.0,70.83,,2.05,5.84,,,18.63,19.45
2006-02-10 00:00:00+00:00,244.9,253.05,0.0,11224.03,,0.0,1.65,7485.1,,584585.0,19259019.0,70.46,,2.05,5.84,,,18.44,18.82
2006-02-13 00:00:00+00:00,242.4,250.42,0.0,11107.11,,0.0,1.63,3971.0,,584585.0,19259019.0,69.72,,2.05,5.84,,,18.34,18.77
2006-02-14 00:00:00+00:00,246.2,254.37,0.0,11282.48,,0.0,1.66,4130.5,,584585.0,19259019.0,70.83,,2.05,5.84,,,18.24,18.63
2006-02-15 00:00:00+00:00,244.3,252.39,0.0,11194.8,,0.0,1.65,11569.0,,584585.0,19259019.0,70.28,,2.05,5.84,,,18.48,19.16
2006-02-16 00:00:00+00:00,244.9,253.05,0.0,11224.03,,0.0,1.65,5233.9,,584585.0,19259019.0,70.46,,2.05,5.84,,,18.48,18.92
2006-02-17 00:00:00+00:00,240.5,248.44,0.0,11019.42,,0.0,1.62,4523.2,,584585.0,19259019.0,69.17,,2.05,5.84,,,18.19,18.77
2006-02-20 00:00:00+00:00,232.8,240.53,0.0,10668.67,,0.0,1.57,5766.4,,584585.0,19259019.0,66.97,,2.05,5.84,,,17.57,18.15
2006-02-21 00:00:00+00:00,232.8,240.53,0.0,10668.67,,0.0,1.57,7492.3,,584585.0,19259019.0,66.97,,2.05,5.84,,,17.47,18.05
2006-02-22 00:00:00+00:00,224.5,231.97,0.0,10288.69,,0.0,1.51,8140.9,,584585.0,19259019.0,64.59,,2.05,5.84,,,16.99,17.86
2006-02-23 00:00:00+00:00,216.9,224.06,0.0,9937.94,,0.0,1.46,7095.6,,584585.0,19259019.0,62.39,,2.05,5.84,,,16.41,17.18
2006-02-24 00:00:00+00:00,220.1,227.35,0.0,10084.09,,0.0,1.48,5816.1,,584585.0,19259019.0,63.3,,2.05,5.84,,,16.41,16.84
2006-02-27 00:00:00+00:00,218.8,226.03,0.0,10025.63,,0.0,1.47,4464.1,,584585.0,19259019.0,62.94,,2.05,5.84,,,16.41,16.89
2006-02-28 00:00:00+00:00,218.8,226.03,0.0,10025.63,,0.0,1.47,,,584585.0,19259019.0,62.94,,2.05,5.84,,,,
2006-03-01 00:00:00+00:00,229.6,237.24,0.0,10522.53,,0.0,1.55,7877.7,,584585.0,19259019.0,66.06,,2.05,5.84,,,16.41,17.37
2006-03-02 00:00:00+00:00,224.5,231.97,0.0,10288.69,,0.0,1.51,4494.2,,584585.0,19259019.0,64.59,,2.05,5.84,,,16.99,17.57
2006-03-03 00:00:00+00:00,216.9,224.06,0.0,9937.94,,0.0,1.46,4563.6,,584585.0,19259019.0,62.39,,2.05,5.84,,,16.41,17.04
2006-03-06 00:00:00+00:00,216.9,224.06,0.0,9937.94,,0.0,1.46,3731.7,,584585.0,19259019.0,62.39,,2.05,5.84,,,16.02,16.55
2006-03-07 00:00:00+00:00,220.1,227.35,0.0,10084.09,,0.0,1.48,4819.5,,584585.0,19259019.0,63.3,,2.05,5.84,,,16.12,16.8
2006-03-08 00:00:00+00:00,218.8,226.03,0.0,10025.63,,0.0,1.47,2401.4,,584585.0,19259019.0,62.94,,2.05,5.84,,,16.41,16.8
2006-03-09 00:00:00+00:00,227.7,235.26,0.0,10434.83,,0.0,1.53,11993.8,,584585.0,19259019.0,65.5,,2.05,5.84,,,16.8,17.57
2006-03-10 00:00:00+00:00,223.2,230.65,0.0,10230.23,,0.0,1.5,4122.2,,584585.0,19259019.0,64.22,,2.05,5.84,,,16.89,17.33
2006-03-13 00:00:00+00:00,227.1,234.6,0.0,10405.6,,0.0,1.53,6940.2,,584585.0,19259019.0,65.32,,2.05,5.84,,,16.99,17.52
2006-03-14 00:00:00+00:00,234.7,242.51,0.0,10756.36,,0.0,1.58,20852.6,,584585.0,19259019.0,67.52,,2.05,5.84,,,17.62,18.34
2006-03-15 00:00:00+00:00,233.4,241.19,0.0,10697.89,,0.0,1.57,10550.6,,584585.0,19259019.0,67.16,,2.05,5.84,,,17.52,18.05
2006-03-16 00:00:00+00:00,227.7,235.26,0.0,10434.83,,0.0,1.53,5371.7,,584585.0,19259019.0,65.5,,2.05,5.84,,,17.23,17.86
2006-03-17 00:00:00+00:00,227.7,235.26,0.0,10434.83,,0.0,1.53,3431.2,,584585.0,19259019.0,65.5,,2.05,5.84,,,17.18,17.47
2006-03-20 00:00:00+00:00,230.9,238.56,0.0,10580.98,,0.0,1.56,4558.4,,584585.0,19259019.0,66.42,,2.05,5.84,,,17.28,17.66
2006-03-21 00:00:00+00:00,225.8,233.28,0.0,10347.15,,0.0,1.52,3618.7,,584585.0,19259019.0,64.95,,2.05,5.84,,,16.99,17.62
2006-03-22 00:00:00+00:00,215.6,222.74,0.0,9879.48,,0.0,1.45,6015.0,,584585.0,19259019.0,62.02,,2.05,5.84,,,16.22,16.8
2006-03-23 00:00:00+00:00,211.8,218.79,0.0,9704.1,,0.0,1.43,5885.5,,584585.0,19259019.0,60.92,,2.05,5.84,,,15.93,16.6
2006-03-24 00:00:00+00:00,214.3,221.42,0.0,9821.02,,0.0,1.44,4749.0,,584585.0,19259019.0,61.65,,2.05,5.84,,,16.12,16.51
2006-03-27 00:00:00+00:00,220.1,227.35,0.0,10084.09,,0.0,1.48,6924.6,,584585.0,19259019.0,63.3,,2.05,5.84,,,16.36,16.8
2006-03-28 00:00:00+00:00,221.3,228.67,0.0,10142.54,,0.0,1.49,2242.9,,584585.0,19259019.0,63.67,,2.05,5.84,,,16.51,16.84
2006-03-29 00:00:00+00:00,219.4,226.69,0.0,10054.86,,0.0,1.48,4767.7,,584585.0,19259019.0,63.12,,2.05,5.84,,,16.55,17.04
2006-03-30 00:00:00+00:00,218.1,225.38,0.0,9996.39,,0.0,1.47,3918.2,,584585.0,19259019.0,62.75,,2.05,5.84,,,16.51,16.84
2006-03-31 00:00:00+00:00,222.6,229.99,0.0,10201.0,,0.0,1.5,4057.0,,584585.0,19259019.0,64.04,,2.05,5.84,,,16.6,16.84
2006-04-03 00:00:00+00:00,222.6,229.99,0.0,10201.0,,0.0,1.5,1902.1,,584585.0,19259019.0,64.04,,2.05,5.84,,,16.7,16.94
2006-04-04 00:00:00+00:00,215.6,222.74,0.0,9879.48,,0.0,1.45,3504.8,,584585.0,19259019.0,62.02,,2.05,5.84,,,16.22,16.89
2006-04-05 00:00:00+00:00,215.6,222.74,0.0,9879.48,,0.0,1.45,,,584585.0,19259019.0,62.02,,2.05,5.84,,,,
2006-04-06 00:00:00+00:00,220.1,227.35,0.0,10084.09,,0.0,1.48,2297.8,,584585.0,19259019.0,63.3,,2.05,5.84,,,16.41,16.7
2006-04-07 00:00:00+00:00,235.4,243.17,0.0,10785.59,,0.0,1.59,23982.4,,584585.0,19259019.0,67.71,,2.05,5.84,,,16.89,17.81
2006-04-10 00:00:00+00:00,234.7,242.51,0.0,10756.36,,0.0,1.58,10348.6,,584585.0,19259019.0,67.52,,2.05,5.84,,,17.47,18.0
2006-04-11 00:00:00+00:00,243.7,251.74,0.0,11165.56,,0.0,1.64,22178.7,,584585.0,19259019.0,70.09,,2.05,5.84,,,17.81,18.77
2006-04-12 00:00:00+00:00,253.2,261.62,0.0,11604.0,,0.0,1.71,38933.9,,584585.0,19259019.0,72.84,,2.05,5.84,,,18.29,19.5
2006-04-13 00:00:00+00:00,251.3,259.64,0.0,11516.32,,0.0,1.69,22307.1,,584585.0,19259019.0,72.29,,2.05,5.84,,,18.92,19.59
2006-04-14 00:00:00+00:00,268.5,277.44,0.0,12305.5,,0.0,1.81,39291.3,,584585.0,19259019.0,77.25,,2.05,5.84,,,18.82,20.32
2006-04-17 00:00:00+00:00,261.5,270.19,0.0,11983.99,,0.0,1.76,20365.7,,584585.0,19259019.0,75.23,,2.05,5.84,,,19.59,20.27
2006-04-18 00:00:00+00:00,265.3,274.14,0.0,12159.36,,0.0,1.79,25316.7,,584585.0,19259019.0,76.33,,2.05,5.84,,,19.64,20.56
2006-04-19 00:00:00+00:00,264.1,272.82,0.0,12100.9,,0.0,1.78,27132.8,,584585.0,19259019.0,75.96,,2.05,5.84,,,19.88,20.95
2006-04-20 00:00:00+00:00,257.0,265.57,0.0,11779.38,,0.0,1.73,22571.3,,584585.0,19259019.0,73.95,,2.05,5.84,,,19.31,20.46
2006-04-21 00:00:00+00:00,260.2,268.87,0.0,11925.53,,0.0,1.75,27808.3,,584585.0,19259019.0,74.86,,2.05,5.84,,,19.11,20.37
2006-04-24 00:00:00+00:00,253.9,262.28,0.0,11633.23,,0.0,1.71,13247.3,,584585.0,19259019.0,73.03,,2.05,5.84,,,19.21,20.13
2006-04-25 00:00:00+00:00,253.9,262.28,0.0,11633.23,,0.0,1.71,13052.6,,584585.0,19259019.0,73.03,,2.05,5.84,,,19.02,19.64
2006-04-26 00:00:00+00:00,260.2,268.87,0.0,11925.53,,0.0,1.75,24939.6,,584585.0,19259019.0,74.86,,2.05,5.84,,,19.21,19.88
2006-04-27 00:00:00+00:00,243.0,251.08,0.0,11136.33,,0.0,1.64,20136.7,,584585.0,19259019.0,69.91,,2.05,5.84,,,18.39,19.64
2006-04-28 00:00:00+00:00,245.6,253.71,0.0,11253.26,,0.0,1.65,8045.6,,584585.0,19259019.0,70.64,,2.05,5.84,,,18.15,18.63
2006-05-01 00:00:00+00:00,245.6,253.71,0.0,11253.26,,0.0,1.65,,,584585.0,19259019.0,70.64,,2.05,5.84,,,,
2006-05-02 00:00:00+00:00,238.5,246.46,0.0,10931.73,,0.0,1.61,7319.3,,584585.0,19259019.0,68.62,,2.05,5.84,,,17.81,18.68
2006-05-03 00:00:00+00:00,255.1,263.6,0.0,11691.7,,0.0,1.72,20098.4,,584585.0,19259019.0,73.39,,2.05,5.84,,,18.15,19.31
2006-05-04 00:00:00+00:00,262.8,271.51,0.0,12042.44,,0.0,1.77,26612.8,,584585.0,19259019.0,75.6,,2.05,5.84,,,19.59,20.61
2006-05-05 00:00:00+00:00,261.5,270.19,0.0,11983.99,,0.0,1.76,18289.5,,584585.0,19259019.0,75.23,,2.05,5.84,,,19.4,20.27
2006-05-08 00:00:00+00:00,278.7,287.98,0.0,12773.17,,0.0,1.88,28125.3,,584585.0,19259019.0,80.18,,2.05,5.84,,,20.08,21.09
2006-05-09 00:00:00+00:00,286.4,295.89,0.0,13123.93,,0.0,1.93,44207.1,,584585.0,19259019.0,82.39,,2.05,5.84,,,21.43,22.44
2006-05-10 00:00:00+00:00,276.8,286.0,0.0,12685.49,,0.0,1.86,30694.6,,584585.0,19259019.0,79.63,,2.05,5.84,,,20.51,22.06
2006-05-11 00:00:00+00:00,284.5,293.91,0.0,13036.23,,0.0,1.92,32070.4,,584585.0,19259019.0,81.83,,2.05,5.84,,,20.08,21.67
2006-05-12 00:00:00+00:00,274.3,283.37,0.0,12568.57,,0.0,1.85,13115.8,,584585.0,19259019.0,78.9,,2.05,5.84,,,20.75,21.77
2006-05-15 00:00:00+00:00,260.2,268.87,0.0,11925.53,,0.0,1.75,12573.9,,584585.0,19259019.0,74.86,,2.05,5.84,,,19.5,20.51
2006-05-16 00:00:00+00:00,274.3,283.37,0.0,12568.57,,0.0,1.85,16797.7,,584585.0,19259019.0,78.9,,2.05,5.84,,,19.79,20.95
2006-05-17 00:00:00+00:00,269.2,278.1,0.0,12334.73,,0.0,1.81,15424.0,,584585.0,19259019.0,77.43,,2.05,5.84,,,20.37,21.48
2006-05-18 00:00:00+00:00,265.3,274.14,0.0,12159.36,,0.0,1.79,6653.2,,584585.0,19259019.0,76.33,,2.05,5.84,,,19.88,20.56
2006-05-19 00:00:00+00:00,265.3,274.14,0.0,12159.36,,0.0,1.79,13181.0,,584585.0,19259019.0,76.33,,2.05,5.84,,,19.79,20.85
2006-05-22 00:00:00+00:00,257.7,266.23,0.0,11808.61,,0.0,1.74,10496.8,,584585.0,19259019.0,74.13,,2.05,5.84,,,19.45,20.46
2006-05-23 00:00:00+00:00,263.4,272.16,0.0,12071.67,,0.0,1.77,15127.7,,584585.0,19259019.0,75.78,,2.05,5.84,,,19.11,20.03
2006-05-24 00:00:00+00:00,250.7,258.98,0.0,11487.09,,0.0,1.69,10893.5,,584585.0,19259019.0,72.11,,2.05,5.84,,,18.97,20.03
2006-05-25 00:00:00+00:00,250.7,258.98,0.0,11487.09,,0.0,1.69,4815.3,,584585.0,19259019.0,72.11,,2.05,5.84,,,18.97,19.31
2006-05-26 00:00:00+00:00,250.7,258.98,0.0,11487.09,,0.0,1.69,7090.4,,584585.0,19259019.0,72.11,,2.05,5.84,,,18.97,19.4
2006-05-29 00:00:00+00:00,251.3,259.64,0.0,11516.32,,0.0,1.69,5567.5,,584585.0,19259019.0,72.29,,2.05,5.84,,,19.02,19.35
2006-05-30 00:00:00+00:00,256.4,264.92,0.0,11750.15,,0.0,1.73,12080.8,,584585.0,19259019.0,73.76,,2.05,5.84,,,19.06,19.59
2006-05-31 00:00:00+00:00,256.4,264.92,0.0,11750.15,,0.0,1.73,,,584585.0,19259019.0,73.76,,2.05,5.84,,,,
2006-06-01 00:00:00+00:00,260.2,268.87,0.0,11925.53,,0.0,1.75,13556.1,,584585.0,19259019.0,74.86,,2.05,5.84,,,19.45,19.98
2006-06-02 00:00:00+00:00,260.2,268.87,0.0,11925.53,,0.0,1.75,17858.6,,584585.0,19259019.0,74.86,,2.05,5.84,,,19.69,20.42
2006-06-05 00:00:00+00:00,242.4,250.42,0.0,11107.11,,0.0,1.63,9070.2,,584585.0,19259019.0,69.72,,2.05,5.84,,,18.34,19.88
2006-06-06 00:00:00+00:00,236.0,243.83,0.0,10814.82,,0.0,1.59,11120.4,,584585.0,19259019.0,67.89,,2.05,5.84,,,17.08,18.34
2006-06-07 00:00:00+00:00,220.1,227.35,0.0,10084.09,,0.0,1.48,6197.3,,584585.0,19259019.0,63.3,,2.05,5.84,,,16.65,17.66
2006-06-08 00:00:00+00:00,204.7,211.54,0.0,9382.58,,0.0,1.38,9614.1,,584585.0,19259019.0,58.9,,2.05,5.84,,,15.49,16.8
2006-06-09 00:00:00+00:00,204.1,210.88,0.0,9353.36,,0.0,1.37,11465.4,,584585.0,19259019.0,58.72,,2.05,5.84,,,14.48,15.83
2006-06-12 00:00:00+00:00,193.3,199.68,0.0,8856.46,,0.0,1.3,5403.8,,584585.0,19259019.0,55.6,,2.05,5.84,,,14.43,15.4
2006-06-13 00:00:00+00:00,193.9,200.33,0.0,8885.69,,0.0,1.31,7490.3,,584585.0,19259019.0,55.78,,2.05,5.84,,,14.19,15.2
2006-06-14 00:00:00+00:00,203.5,210.22,0.0,9324.13,,0.0,1.37,7060.3,,584585.0,19259019.0,58.53,,2.05,5.84,,,14.77,15.64
2006-06-15 00:00:00+00:00,199.6,206.27,0.0,9148.75,,0.0,1.34,3980.3,,584585.0,19259019.0,57.43,,2.05,5.84,,,15.06,15.73
2006-06-16 00:00:00+00:00,209.8,216.81,0.0,9616.42,,0.0,1.41,7202.3,,584585.0,19259019.0,60.37,,2.05,5.84,,,15.44,15.88
2006-06-19 00:00:00+00:00,208.6,215.49,0.0,9557.96,,0.0,1.4,2839.7,,584585.0,19259019.0,60.0,,2.05,5.84,,,15.59,15.93
2006-06-20 00:00:00+00:00,195.8,202.31,0.0,8973.38,,0.0,1.32,3349.4,,584585.0,19259019.0,56.33,,2.05,5.84,,,14.82,15.78
2006-06-21 00:00:00+00:00,187.5,193.74,0.0,8593.39,,0.0,1.26,6547.5,,584585.0,19259019.0,53.95,,2.05,5.84,,,14.0,15.06
2006-06-22 00:00:00+00:00,198.4,204.95,0.0,9090.29,,0.0,1.34,3155.7,,584585.0,19259019.0,57.06,,2.05,5.84,,,14.53,15.06
2006-06-23 00:00:00+00:00,198.4,204.95,0.0,9090.29,,0.0,1.34,1587.2,,584585.0,19259019.0,57.06,,2.05,5.84,,,14.77,15.2
2006-06-26 00:00:00+00:00,203.5,210.22,0.0,9324.13,,0.0,1.37,2352.8,,584585.0,19259019.0,58.53,,2.05,5.84,,,15.01,15.59
2006-06-27 00:00:00+00:00,204.1,210.88,0.0,9353.36,,0.0,1.37,2553.7,,584585.0,19259019.0,58.72,,2.05,5.84,,,15.15,15.64
2006-06-28 00:00:00+00:00,202.8,209.56,0.0,9294.9,,0.0,1.37,1587.2,,584585.0,19259019.0,58.35,,2.05,5.84,,,15.11,15.54
2006-06-29 00:00:00+00:00,201.6,208.24,0.0,9236.44,,0.0,1.36,3867.4,,584585.0,19259019.0,57.98,,2.05,5.84,,,15.15,15.64
2006-06-30 00:00:00+00:00,208.6,215.49,0.0,9557.96,,0.0,1.4,7130.8,,584585.0,19259019.0,60.0,,2.05,5.84,,,15.35,15.88
2006-07-03 00:00:00+00:00,207.9,214.83,0.0,9528.73,,0.0,1.4,2090.6,,584585.0,19259019.0,59.82,,2.05,5.84,15.73,15.64,15.54,15.93
2006-07-04 00:00:00+00:00,210.5,217.47,0.0,9645.65,,0.0,1.42,6448.1,,584585.0,19259019.0,60.55,,2.05,5.84,15.97,15.93,15.78,16.22
2006-07-05 00:00:00+00:00,211.8,218.79,0.0,9704.1,,0.0,1.43,7482.0,,584585.0,19259019.0,60.92,,2.05,5.84,16.07,16.02,15.97,16.6
2006-07-06 00:00:00+00:00,214.3,221.42,0.0,9821.02,,0.0,1.44,3335.9,,584585.0,19259019.0,61.65,,2.05,5.84,16.26,16.22,16.02,16.36
2006-07-07 00:00:00+00:00,214.3,221.42,0.0,9821.02,,0.0,1.44,6351.7,,584585.0,19259019.0,61.65,,2.05,5.84,16.26,16.22,16.07,16.6
2006-07-10 00:00:00+00:00,209.2,216.15,0.0,9587.19,,0.0,1.41,2404.6,,584585.0,19259019.0,60.18,,2.05,5.84,15.88,15.83,15.73,16.02
2006-07-11 00:00:00+00:00,208.6,215.49,0.0,9557.96,,0.0,1.4,1905.2,,584585.0,19259019.0,60.0,,2.05,5.84,15.83,15.78,15.78,16.22
2006-07-12 00:00:00+00:00,210.5,217.47,0.0,9645.65,,0.0,1.42,12218.6,,584585.0,19259019.0,60.55,,2.05,5.84,15.97,15.93,15.78,16.31
2006-07-13 00:00:00+00:00,205.4,212.2,0.0,9411.81,,0.0,1.38,2237.8,,584585.0,19259019.0,59.08,,2.05,5.84,15.64,15.54,15.54,15.93
2006-07-14 00:00:00+00:00,201.6,208.24,0.0,9236.44,,0.0,1.36,3222.0,,584585.0,19259019.0,57.98,,2.05,5.84,15.35,15.25,15.15,15.64
2006-07-17 00:00:00+00:00,189.4,195.72,0.0,8681.08,,0.0,1.28,3784.5,,584585.0,19259019.0,54.5,,2.05,5.84,14.38,14.33,14.29,15.25
2006-07-18 00:00:00+00:00,193.3,199.68,0.0,8856.46,,0.0,1.3,3131.8,,584585.0,19259019.0,55.6,,2.05,5.84,14.62,14.58,14.24,14.62
2006-07-19 00:00:00+00:00,191.4,197.7,0.0,8768.77,,0.0,1.29,2658.4,,584585.0,19259019.0,55.05,,2.05,5.84,14.48,14.43,14.48,14.86
2006-07-20 00:00:00+00:00,196.5,202.97,0.0,9002.61,,0.0,1.32,3130.8,,584585.0,19259019.0,56.51,,2.05,5.84,14.91,14.86,14.77,15.06
2006-07-21 00:00:00+00:00,205.4,212.2,0.0,9411.81,,0.0,1.38,6396.3,,584585.0,19259019.0,59.08,,2.05,5.84,15.59,15.54,14.67,15.59
2006-07-24 00:00:00+00:00,202.8,209.56,0.0,9294.9,,0.0,1.37,3577.3,,584585.0,19259019.0,58.35,,2.05,5.84,15.35,15.3,15.15,15.64
2006-07-25 00:00:00+00:00,201.6,208.24,0.0,9236.44,,0.0,1.36,3229.2,,584585.0,19259019.0,57.98,,2.05,5.84,15.3,15.25,15.25,15.73
2006-07-26 00:00:00+00:00,196.5,202.97,0.0,9002.61,,0.0,1.32,4222.7,,584585.0,19259019.0,56.51,,2.05,5.84,14.91,14.86,14.77,15.4
2006-07-27 00:00:00+00:00,197.7,204.29,0.0,9061.06,,0.0,1.33,3320.4,,584585.0,19259019.0,56.88,,2.05,5.84,15.01,14.96,14.82,15.06
2006-07-28 00:00:00+00:00,200.3,206.92,0.0,9177.98,,0.0,1.35,2917.4,,584585.0,19259019.0,57.61,,2.05,5.84,15.2,15.15,15.06,15.35
2006-07-31 00:00:00+00:00,200.9,207.58,0.0,9207.21,,0.0,1.35,3698.5,,584585.0,19259019.0,57.8,,2.05,5.84,15.25,15.2,15.2,15.59
2006-08-01 00:00:00+00:00,201.6,208.24,0.0,9236.44,,0.0,1.36,2970.2,,584585.0,19259019.0,57.98,,2.05,5.84,15.3,15.25,15.2,15.44
2006-08-02 00:00:00+00:00,214.3,221.42,0.0,9821.02,,0.0,1.44,15404.3,,584585.0,19259019.0,61.65,,2.05,5.84,16.22,16.17,15.3,16.26
2006-08-03 00:00:00+00:00,211.1,218.13,0.0,9674.87,,0.0,1.42,10411.8,,584585.0,19259019.0,60.73,,2.05,5.84,16.02,15.97,15.97,16.51
2006-08-04 00:00:00+00:00,207.3,214.17,0.0,9499.5,,0.0,1.4,4872.3,,584585.0,19259019.0,59.63,,2.05,5.84,15.73,15.69,15.69,16.31
2006-08-07 00:00:00+00:00,214.3,221.42,0.0,9821.02,,0.0,1.44,4335.7,,584585.0,19259019.0,61.65,,2.05,5.84,16.22,16.17,15.73,16.22
2006-08-08 00:00:00+00:00,229.0,236.58,0.0,10493.29,,0.0,1.54,23223.0,,584585.0,19259019.0,65.87,,2.05,5.84,,17.33,16.22,17.33
2006-08-09 00:00:00+00:00,228.3,235.92,0.0,10464.07,,0.0,1.54,33034.9,,584585.0,19259019.0,65.69,,2.05,5.84,17.28,17.23,16.89,18.15
2006-08-10 00:00:00+00:00,223.2,230.65,0.0,10230.23,,0.0,1.5,13768.4,,584585.0,19259019.0,64.22,,2.05,5.84,16.94,16.89,16.84,17.23
2006-08-11 00:00:00+00:00,224.5,231.97,0.0,10288.69,,0.0,1.51,10841.7,,584585.0,19259019.0,64.59,,2.05,5.84,17.04,16.99,16.89,17.37
2006-08-14 00:00:00+00:00,226.4,233.94,0.0,10376.38,,0.0,1.53,9934.2,,584585.0,19259019.0,65.14,,2.05,5.84,17.18,17.13,17.08,17.62
2006-08-15 00:00:00+00:00,236.6,244.49,0.0,10844.04,,0.0,1.59,17277.4,,584585.0,19259019.0,68.07,,2.05,5.84,17.91,17.86,17.52,18.05
2006-08-16 00:00:00+00:00,236.0,243.83,0.0,10814.82,,0.0,1.59,15922.3,,584585.0,19259019.0,67.89,,2.05,5.84,17.91,17.86,17.66,18.29
2006-08-17 00:00:00+00:00,234.7,242.51,0.0,10756.36,,0.0,1.58,9356.1,,584585.0,19259019.0,67.52,,2.05,5.84,17.81,17.76,17.76,18.19
2006-08-18 00:00:00+00:00,232.2,239.87,0.0,10639.44,,0.0,1.56,5603.7,,584585.0,19259019.0,66.79,,2.05,5.84,17.57,17.52,17.52,17.95
2006-08-21 00:00:00+00:00,216.2,223.4,0.0,9908.71,,0.0,1.46,9193.5,,584585.0,19259019.0,62.2,,2.05,5.84,16.36,,16.36,17.57
2006-08-22 00:00:00+00:00,217.5,224.72,0.0,9967.16,,0.0,1.46,4755.2,,584585.0,19259019.0,62.57,,2.05,5.84,16.46,16.41,16.22,16.6
2006-08-23 00:00:00+00:00,221.3,228.67,0.0,10142.54,,0.0,1.49,7465.4,,584585.0,19259019.0,63.67,,2.05,5.84,16.75,16.7,15.78,16.75
2006-08-24 00:00:00+00:00,228.3,235.92,0.0,10464.07,,0.0,1.54,12317.0,,584585.0,19259019.0,65.69,,2.05,5.84,17.33,17.28,16.6,17.28
2006-08-25 00:00:00+00:00,232.2,239.87,0.0,10639.44,,0.0,1.56,28613.3,,584585.0,19259019.0,66.79,,2.05,5.84,17.62,17.57,17.13,18.15
2006-08-28 00:00:00+00:00,216.2,223.4,0.0,9908.71,,0.0,1.46,9541.6,,584585.0,19259019.0,62.2,,2.05,5.84,16.36,,16.36,17.37
2006-08-29 00:00:00+00:00,202.8,209.56,0.0,9294.9,,0.0,1.37,15155.6,,584585.0,19259019.0,58.35,,2.05,5.84,15.44,15.35,15.25,16.31
2006-08-30 00:00:00+00:00,204.1,210.88,0.0,9353.36,,0.0,1.37,8649.6,,584585.0,19259019.0,58.72,,2.05,5.84,15.44,15.4,15.35,15.69
2006-08-31 00:00:00+00:00,205.4,212.2,0.0,9411.81,,0.0,1.38,5671.1,,584585.0,19259019.0,59.08,,2.05,5.84,15.64,15.54,15.54,15.83
2006-09-01 00:00:00+00:00,201.6,208.24,0.0,9236.44,,0.0,1.36,5771.6,,584585.0,19259019.0,57.98,,2.05,5.84,15.3,15.25,15.2,15.69
2006-09-04 00:00:00+00:00,202.8,209.56,0.0,9294.9,,0.0,1.37,6344.5,,584585.0,19259019.0,58.35,,2.05,5.84,15.44,15.35,15.35,15.64
2006-09-05 00:00:00+00:00,207.9,214.83,0.0,9528.73,,0.0,1.4,8259.0,,584585.0,19259019.0,59.82,,2.05,5.84,15.78,15.73,15.69,16.22
2006-09-06 00:00:00+00:00,206.0,212.85,0.0,9441.04,,0.0,1.39,4490.0,,584585.0,19259019.0,59.27,,2.05,5.84,15.64,15.59,15.49,15.97
2006-09-07 00:00:00+00:00,206.7,213.51,0.0,9470.27,,0.0,1.39,1730.1,,584585.0,19259019.0,59.45,,2.05,5.84,15.64,15.59,15.44,15.69
2006-09-08 00:00:00+00:00,204.7,211.54,0.0,9382.58,,0.0,1.38,2706.0,,584585.0,19259019.0,58.9,,2.05,5.84,15.54,15.49,15.49,15.78
2006-09-11 00:00:00+00:00,207.9,214.83,0.0,9528.73,,0.0,1.4,7088.3,,584585.0,19259019.0,59.82,,2.05,5.84,15.78,15.73,15.49,15.93
2006-09-12 00:00:00+00:00,202.8,209.56,0.0,9294.9,,0.0,1.37,5567.5,,584585.0,19259019.0,58.35,,2.05,5.84,15.4,15.35,15.35,15.93
2006-09-13 00:00:00+00:00,201.6,208.24,0.0,9236.44,,0.0,1.36,2957.8,,584585.0,19259019.0,57.98,,2.05,5.84,15.3,15.25,15.25,15.64
2006-09-14 00:00:00+00:00,189.4,195.72,0.0,8681.08,,0.0,1.28,5138.6,,584585.0,19259019.0,54.5,,2.05,5.84,14.33,14.29,14.29,15.44
2006-09-15 00:00:00+00:00,196.5,202.97,0.0,9002.61,,0.0,1.32,4224.8,,584585.0,19259019.0,56.51,,2.05,5.84,14.86,14.82,14.29,14.86
2006-09-18 00:00:00+00:00,208.6,215.49,0.0,9557.96,,0.0,1.4,6935.0,,584585.0,19259019.0,60.0,,2.05,5.84,15.78,15.73,15.3,15.78
2006-09-19 00:00:00+00:00,214.9,222.08,0.0,9850.25,,0.0,1.45,17793.3,,584585.0,19259019.0,61.83,,2.05,5.84,16.31,16.26,16.02,16.6
2006-09-20 00:00:00+00:00,220.1,227.35,0.0,10084.09,,0.0,1.48,17098.1,,584585.0,19259019.0,63.3,,2.05,5.84,16.7,16.65,16.65,17.18
2006-09-21 00:00:00+00:00,214.3,221.42,0.0,9821.02,,0.0,1.44,7672.6,,584585.0,19259019.0,61.65,,2.05,5.84,16.26,16.22,16.22,16.84
2006-09-22 00:00:00+00:00,220.7,228.01,0.0,10113.31,,0.0,1.49,5736.3,,584585.0,19259019.0,63.49,,2.05,5.84,16.7,16.65,16.02,16.7
2006-09-25 00:00:00+00:00,218.1,225.38,0.0,9996.39,,0.0,1.47,4350.2,,584585.0,19259019.0,62.75,,2.05,5.84,16.55,16.51,16.31,16.7
2006-09-26 00:00:00+00:00,213.0,220.1,0.0,9762.56,,0.0,1.43,3359.7,,584585.0,19259019.0,61.28,,2.05,5.84,16.12,16.07,16.12,16.65
2006-09-27 00:00:00+00:00,214.3,221.42,0.0,9821.02,,0.0,1.44,4838.1,,584585.0,19259019.0,61.65,,2.05,5.84,16.31,16.22,16.17,16.51
2006-09-28 00:00:00+00:00,213.7,220.76,0.0,9791.8,,0.0,1.44,3118.4,,584585.0,19259019.0,61.47,,2.05,5.84,16.22,16.17,16.07,16.41
2006-09-29 00:00:00+00:00,216.2,223.4,0.0,9908.71,,0.0,1.46,1900.0,,584585.0,19259019.0,62.2,,2.05,5.84,16.36,16.31,16.12,16.41
2006-10-02 00:00:00+00:00,216.9,224.06,0.0,9937.94,,0.0,1.46,2339.3,,584585.0,19259019.0,62.39,,2.05,5.84,16.41,16.36,16.12,16.46
2006-10-03 00:00:00+00:00,216.9,224.06,0.0,9937.94,,0.0,1.46,7356.6,,584585.0,19259019.0,62.39,,2.05,5.84,16.41,16.36,16.31,16.84
2006-10-04 00:00:00+00:00,211.8,218.79,0.0,9704.1,,0.0,1.43,3672.6,,584585.0,19259019.0,60.92,,2.05,5.84,16.07,16.02,16.02,16.65
2006-10-05 00:00:00+00:00,216.2,223.4,0.0,9908.71,,0.0,1.46,3849.8,,584585.0,19259019.0,62.2,,2.05,5.84,16.41,16.36,16.22,16.51
2006-10-06 00:00:00+00:00,216.2,223.4,0.0,9908.71,,0.0,1.46,,,584585.0,19259019.0,62.2,,2.05,5.84,,,,
2006-10-09 00:00:00+00:00,216.2,223.4,0.0,9908.71,,0.0,1.46,,,584585.0,19259019.0,62.2,,2.05,5.84,,,,
2006-10-10 00:00:00+00:00,216.2,223.4,0.0,9908.71,,0.0,1.46,,,584585.0,19259019.0,62.2,,2.05,5.84,,,,
2006-10-11 00:00:00+00:00,215.6,222.74,0.0,9879.48,,0.0,1.45,2806.5,,584585.0,19259019.0,62.02,,2.05,5.84,16.31,16.26,16.22,16.51
2006-10-12 00:00:00+00:00,214.3,221.42,0.0,9821.02,,0.0,1.44,2498.8,,584585.0,19259019.0,61.65,,2.05,5.84,16.22,16.17,16.07,16.55
2006-10-13 00:00:00+00:00,214.3,221.42,0.0,9821.02,,0.0,1.44,4434.1,,584585.0,19259019.0,61.65,,2.05,5.84,16.26,16.22,16.22,16.46
2006-10-16 00:00:00+00:00,228.3,235.92,0.0,10464.07,,0.0,1.54,20401.9,,584585.0,19259019.0,65.69,,2.05,5.84,,17.28,16.22,17.28
2006-10-17 00:00:00+00:00,220.7,228.01,0.0,10113.31,,0.0,1.49,14249.1,,584585.0,19259019.0,63.49,,2.05,5.84,16.75,16.7,16.7,17.66
2006-10-18 00:00:00+00:00,227.1,234.6,0.0,10405.6,,0.0,1.53,7793.8,,584585.0,19259019.0,65.32,,2.05,5.84,17.23,17.18,16.46,17.23
2006-10-19 00:00:00+00:00,223.2,230.65,0.0,10230.23,,0.0,1.5,11021.0,,584585.0,19259019.0,64.22,,2.05,5.84,17.04,16.89,16.89,17.71
2006-10-20 00:00:00+00:00,224.5,231.97,0.0,10288.69,,0.0,1.51,10427.3,,584585.0,19259019.0,64.59,,2.05,5.84,17.08,16.99,16.99,17.57
2006-10-23 00:00:00+00:00,227.7,235.26,0.0,10434.83,,0.0,1.53,8710.7,,584585.0,19259019.0,65.5,,2.05,5.84,17.28,17.23,17.08,17.52
2006-10-24 00:00:00+00:00,224.5,231.97,0.0,10288.69,,0.0,1.51,6267.8,,584585.0,19259019.0,64.59,,2.05,5.84,17.04,16.99,16.99,17.47
2006-10-25 00:00:00+00:00,223.2,230.65,0.0,10230.23,,0.0,1.5,4422.7,,584585.0,19259019.0,64.22,,2.05,5.84,16.94,16.89,16.89,17.23
2006-10-26 00:00:00+00:00,225.2,232.62,0.0,10317.92,,0.0,1.52,4935.5,,584585.0,19259019.0,64.77,,2.05,5.84,17.08,17.04,16.99,17.37
2006-10-27 00:00:00+00:00,225.8,233.28,0.0,10347.15,,0.0,1.52,9019.4,,584585.0,19259019.0,64.95,,2.05,5.84,17.13,17.08,17.04,17.52
2006-10-30 00:00:00+00:00,222.6,229.99,0.0,10201.0,,0.0,1.5,4068.4,,584585.0,19259019.0,64.04,,2.05,5.84,16.89,16.84,16.84,17.23
2006-10-31 00:00:00+00:00,220.7,228.01,0.0,10113.31,,0.0,1.49,4108.8,,584585.0,19259019.0,63.49,,2.05,5.84,16.8,16.7,16.7,16.99
2006-11-01 00:00:00+00:00,217.5,224.72,0.0,9967.16,,0.0,1.46,2493.7,,584585.0,19259019.0,62.57,,2.05,5.84,16.6,16.46,16.46,16.89
2006-11-02 00:00:00+00:00,220.7,228.01,0.0,10113.31,,0.0,1.49,4265.2,,584585.0,19259019.0,63.49,,2.05,5.84,16.75,16.7,16.31,16.8
2006-11-03 00:00:00+00:00,225.2,232.62,0.0,10317.92,,0.0,1.52,10742.3,,584585.0,19259019.0,64.77,,2.05,5.84,17.08,17.04,16.7,17.37
2006-11-06 00:00:00+00:00,229.6,237.24,0.0,10522.53,,0.0,1.55,17243.2,,584585.0,19259019.0,66.06,,2.05,5.84,17.42,17.37,16.75,17.66
2006-11-07 00:00:00+00:00,227.1,234.6,0.0,10405.6,,0.0,1.53,15267.5,,584585.0,19259019.0,65.32,,2.05,5.84,17.23,17.18,17.18,17.66
2006-11-08 00:00:00+00:00,242.4,250.42,0.0,11107.11,,0.0,1.63,40709.6,,584585.0,19259019.0,69.72,,2.05,5.84,,18.34,17.18,18.34
2006-11-09 00:00:00+00:00,250.0,258.33,0.0,11457.86,,0.0,1.68,39466.4,,584585.0,19259019.0,71.93,,2.05,5.84,19.02,18.92,18.92,19.59
2006-11-10 00:00:00+00:00,247.5,255.69,0.0,11340.94,,0.0,1.67,23499.6,,584585.0,19259019.0,71.19,,2.05,5.84,18.87,18.73,18.73,19.84
2006-11-13 00:00:00+00:00,264.7,273.48,0.0,12130.14,,0.0,1.78,26613.8,,584585.0,19259019.0,76.15,,2.05,5.84,20.03,19.98,18.92,20.03
2006-11-14 00:00:00+00:00,259.0,267.55,0.0,11867.07,,0.0,1.74,19550.3,,584585.0,19259019.0,74.5,,2.05,5.84,19.64,19.59,19.5,20.22
2006-11-15 00:00:00+00:00,258.3,266.89,0.0,11837.84,,0.0,1.74,21595.4,,584585.0,19259019.0,74.31,,2.05,5.84,19.59,19.55,19.55,20.37
2006-11-16 00:00:00+00:00,248.1,256.35,0.0,11370.17,,0.0,1.67,13201.7,,584585.0,19259019.0,71.38,,2.05,5.84,18.82,18.77,18.77,19.74
2006-11-17 00:00:00+00:00,250.0,258.33,0.0,11457.86,,0.0,1.68,11223.0,,584585.0,19259019.0,71.93,,2.05,5.84,18.97,18.92,18.87,19.55
2006-11-20 00:00:00+00:00,254.5,262.94,0.0,11662.46,,0.0,1.71,6955.7,,584585.0,19259019.0,73.21,,2.05,5.84,19.26,19.21,19.02,19.4
2006-11-21 00:00:00+00:00,257.7,266.23,0.0,11808.61,,0.0,1.74,14469.8,,584585.0,19259019.0,74.13,,2.05,5.84,19.55,19.5,19.31,19.88
2006-11-22 00:00:00+00:00,251.9,260.3,0.0,11545.55,,0.0,1.7,9684.5,,584585.0,19259019.0,72.48,,2.05,5.84,19.06,19.02,19.02,19.69
2006-11-23 00:00:00+00:00,251.9,260.3,0.0,11545.55,,0.0,1.7,8029.0,,584585.0,19259019.0,72.48,,2.05,5.84,19.11,19.06,19.06,19.45
2006-11-24 00:00:00+00:00,261.5,270.19,0.0,11983.99,,0.0,1.76,12815.3,,584585.0,19259019.0,75.23,,2.05,5.84,19.79,19.74,19.21,19.88
2006-11-27 00:00:00+00:00,260.2,268.87,0.0,11925.53,,0.0,1.75,9681.4,,584585.0,19259019.0,74.86,,2.05,5.84,19.74,19.69,19.31,19.84
2006-11-28 00:00:00+00:00,268.5,277.44,0.0,12305.5,,0.0,1.81,30743.3,,584585.0,19259019.0,77.25,,2.05,5.84,20.37,20.32,19.4,20.66
2006-11-29 00:00:00+00:00,260.9,269.53,0.0,11954.76,,0.0,1.76,16485.9,,584585.0,19259019.0,75.05,,2.05,5.84,19.79,19.74,19.4,20.32
2006-11-30 00:00:00+00:00,274.9,284.03,0.0,12597.8,,0.0,1.85,74462.4,,584585.0,19259019.0,79.08,,2.05,5.84,20.85,20.8,19.69,21.09
2006-12-01 00:00:00+00:00,257.7,266.23,0.0,11808.61,,0.0,1.74,32791.5,,584585.0,19259019.0,74.13,,2.05,5.84,19.55,19.5,19.35,20.56
2006-12-04 00:00:00+00:00,252.6,260.96,0.0,11574.77,,0.0,1.7,12389.5,,584585.0,19259019.0,72.66,,2.05,5.84,19.16,19.11,18.97,19.69
2006-12-05 00:00:00+00:00,250.0,258.33,0.0,11457.86,,0.0,1.68,12642.3,,584585.0,19259019.0,71.93,,2.05,5.84,18.97,18.92,18.87,19.64
2006-12-06 00:00:00+00:00,258.3,266.89,0.0,11837.84,,0.0,1.74,9887.6,,584585.0,19259019.0,74.31,,2.05,5.84,19.59,19.55,19.02,19.59
2006-12-07 00:00:00+00:00,250.0,258.33,0.0,11457.86,,0.0,1.68,6686.3,,584585.0,19259019.0,71.93,,2.05,5.84,19.02,18.92,18.92,19.55
2006-12-08 00:00:00+00:00,258.3,266.89,0.0,11837.84,,0.0,1.74,20585.3,,584585.0,19259019.0,74.31,,2.05,5.84,19.59,19.55,19.5,19.98
2006-12-11 00:00:00+00:00,262.1,270.85,0.0,12013.21,,0.0,1.77,18033.6,,584585.0,19259019.0,75.41,,2.05,5.84,19.88,19.84,19.5,20.17
2006-12-12 00:00:00+00:00,252.6,260.96,0.0,11574.77,,0.0,1.7,9577.8,,584585.0,19259019.0,72.66,,2.05,5.84,19.26,19.11,19.11,19.93
2006-12-13 00:00:00+00:00,256.4,264.92,0.0,11750.15,,0.0,1.73,7864.3,,584585.0,19259019.0,73.76,,2.05,5.84,19.45,19.4,19.11,19.5
2006-12-14 00:00:00+00:00,261.5,270.19,0.0,11983.99,,0.0,1.76,20960.3,,584585.0,19259019.0,75.23,,2.05,5.84,19.84,19.79,19.45,20.22
2006-12-15 00:00:00+00:00,259.0,267.55,0.0,11867.07,,0.0,1.74,14358.9,,584585.0,19259019.0,74.5,,2.05,5.84,19.59,19.55,19.55,20.37
2006-12-18 00:00:00+00:00,259.6,268.21,0.0,11896.3,,0.0,1.75,9303.3,,584585.0,19259019.0,74.68,,2.05,5.84,19.69,19.64,19.45,19.93
2006-12-19 00:00:00+00:00,269.8,278.75,0.0,12363.96,,0.0,1.82,30730.9,,584585.0,19259019.0,77.61,,2.05,5.84,20.46,20.42,19.64,20.42
2006-12-20 00:00:00+00:00,267.9,276.78,0.0,12276.28,,0.0,1.8,22369.3,,584585.0,19259019.0,77.06,,2.05,5.84,20.27,20.22,20.17,20.66
2006-12-21 00:00:00+00:00,264.1,272.82,0.0,12100.9,,0.0,1.78,10348.6,,584585.0,19259019.0,75.96,,2.05,5.84,20.03,19.98,19.93,20.66
2006-12-22 00:00:00+00:00,271.7,280.73,0.0,12451.65,,0.0,1.83,27764.8,,584585.0,19259019.0,78.17,,2.05,5.84,20.61,20.56,19.69,20.99
2006-12-25 00:00:00+00:00,259.0,267.55,0.0,11867.07,,0.0,1.74,21684.5,,584585.0,19259019.0,74.5,,2.05,5.84,19.64,19.59,19.55,20.56
2006-12-26 00:00:00+00:00,262.8,271.51,0.0,12042.44,,0.0,1.77,13082.6,,584585.0,19259019.0,75.6,,2.05,5.84,19.93,19.88,19.5,20.08
2006-12-27 00:00:00+00:00,257.7,266.23,0.0,11808.61,,0.0,1.74,10147.6,,584585.0,19259019.0,74.13,,2.05,5.84,19.59,19.5,19.5,20.13
2006-12-28 00:00:00+00:00,253.9,262.28,0.0,11633.23,,0.0,1.71,10516.4,,584585.0,19259019.0,73.03,,2.05,5.84,19.26,19.21,19.16,19.74
2006-12-29 00:00:00+00:00,256.4,264.92,0.0,11750.15,,0.0,1.73,6594.1,,584585.0,19259019.0,73.76,,2.05,5.84,19.45,19.4,19.21,19.64
2007-01-01 00:00:00+00:00,256.4,264.92,0.0,11002.37,,0.0,1.79,,,547382.0,15828425.0,-104.6,,2.05,5.84,,,,
2007-01-02 00:00:00+00:00,254.5,262.94,0.0,10920.27,,0.0,1.77,8266.2,,547382.0,15828425.0,-103.82,,2.05,5.84,19.31,19.26,19.26,19.64
2007-01-03 00:00:00+00:00,252.6,260.96,0.0,10838.15,,0.0,1.76,7737.9,,547382.0,15828425.0,-103.04,,2.05,5.84,19.21,19.11,19.11,19.55
2007-01-04 00:00:00+00:00,256.4,264.92,0.0,11002.37,,0.0,1.79,17142.7,,547382.0,15828425.0,-104.6,,2.05,5.84,19.45,19.4,19.16,19.88
2007-01-05 00:00:00+00:00,263.4,272.16,0.0,11303.43,,0.0,1.84,20052.8,,547382.0,15828425.0,-107.46,,2.05,5.84,19.93,19.88,19.55,19.93
2007-01-08 00:00:00+00:00,281.3,290.62,0.0,12069.76,,0.0,1.96,57032.8,,547382.0,15828425.0,-114.75,,2.05,5.84,,21.28,20.17,21.28
2007-01-09 00:00:00+00:00,285.7,295.23,0.0,12261.35,,0.0,1.99,61577.8,,547382.0,15828425.0,-116.57,,2.05,5.84,21.62,21.53,21.04,21.96
2007-01-10 00:00:00+00:00,285.7,295.23,0.0,12261.35,,0.0,1.99,36445.4,,547382.0,15828425.0,-116.57,,2.05,5.84,21.67,21.62,21.57,22.35
2007-01-11 00:00:00+00:00,277.5,286.66,0.0,11905.55,,0.0,1.93,25827.5,,547382.0,15828425.0,-113.19,,2.05,5.84,20.99,20.85,20.13,22.1
2007-01-12 00:00:00+00:00,277.5,286.66,0.0,11905.55,,0.0,1.93,24916.8,,547382.0,15828425.0,-113.19,,2.05,5.84,21.04,20.99,20.9,21.53
2007-01-15 00:00:00+00:00,296.6,306.43,0.0,12726.63,,0.0,2.07,20764.5,,547382.0,15828425.0,-120.99,,2.05,5.84,,22.44,22.15,22.44
2007-01-16 00:00:00+00:00,303.6,313.68,0.0,13027.68,,0.0,2.12,55877.7,,547382.0,15828425.0,-123.86,,2.05,5.84,23.02,22.97,22.39,23.5
2007-01-17 00:00:00+00:00,304.2,314.34,0.0,13055.05,,0.0,2.12,22269.8,,547382.0,15828425.0,-124.12,,2.05,5.84,23.02,22.97,22.39,23.26
2007-01-18 00:00:00+00:00,316.4,326.86,0.0,13575.06,,0.0,2.2,32327.3,,547382.0,15828425.0,-129.06,,2.05,5.84,23.94,23.89,23.07,23.94
2007-01-19 00:00:00+00:00,308.1,318.29,0.0,13219.27,,0.0,2.15,16175.1,,547382.0,15828425.0,-125.68,,2.05,5.84,23.36,23.31,23.26,24.28
2007-01-22 00:00:00+00:00,297.2,307.09,0.0,12753.99,,0.0,2.07,13645.2,,547382.0,15828425.0,-121.25,,2.05,5.84,22.54,22.49,22.39,23.75
2007-01-23 00:00:00+00:00,293.4,303.14,0.0,12589.78,,0.0,2.04,12851.6,,547382.0,15828425.0,-119.69,,2.05,5.84,22.39,22.2,21.86,22.83
2007-01-24 00:00:00+00:00,293.4,303.14,0.0,12589.78,,0.0,2.04,10160.0,,547382.0,15828425.0,-119.69,,2.05,5.84,22.3,22.2,22.1,22.68
2007-01-25 00:00:00+00:00,287.7,297.21,0.0,12343.45,,0.0,2.0,11329.7,,547382.0,15828425.0,-117.35,,2.05,5.84,21.81,21.77,21.77,22.68
2007-01-26 00:00:00+00:00,293.4,303.14,0.0,12589.78,,0.0,2.04,12165.7,,547382.0,15828425.0,-119.69,,2.05,5.84,22.25,22.2,21.77,22.59
2007-01-29 00:00:00+00:00,288.9,298.52,0.0,12334.84,,0.0,2.01,9588.2,,544585.0,15828425.0,-117.87,,2.05,5.84,21.86,21.81,21.24,22.49
2007-01-30 00:00:00+00:00,278.7,287.98,0.0,11899.17,,0.0,1.94,7053.1,,544585.0,15828425.0,-113.71,,2.05,5.84,21.19,21.09,21.04,22.01
2007-01-31 00:00:00+00:00,275.5,284.69,0.0,11763.03,,0.0,1.92,6549.6,,544585.0,15828425.0,-112.41,,2.05,5.84,20.9,20.85,20.56,21.48
2007-02-01 00:00:00+00:00,278.1,287.32,0.0,11871.94,,0.0,1.94,5638.9,,544585.0,15828425.0,-113.45,,2.05,5.84,21.09,21.04,20.9,21.48
2007-02-02 00:00:00+00:00,281.9,291.27,0.0,12035.32,,0.0,1.96,3892.3,,544585.0,15828425.0,-115.01,,2.05,5.84,21.38,21.33,21.14,21.38
2007-02-05 00:00:00+00:00,285.7,295.23,0.0,12198.7,,0.0,1.99,7801.1,,544585.0,15828425.0,-116.57,,2.05,5.84,21.72,21.62,21.43,22.01
2007-02-06 00:00:00+00:00,280.6,289.96,0.0,11980.87,,0.0,1.96,7983.4,,544585.0,15828425.0,-114.49,,2.05,5.84,21.28,21.24,20.99,21.57
2007-02-07 00:00:00+00:00,275.5,284.69,0.0,11763.03,,0.0,1.92,8770.8,,544585.0,15828425.0,-112.41,,2.05,5.84,20.9,20.85,20.85,21.81
2007-02-08 00:00:00+00:00,276.2,285.34,0.0,11790.26,,0.0,1.92,5995.3,,544585.0,15828425.0,-112.67,,2.05,5.84,20.95,20.9,20.9,21.24
2007-02-09 00:00:00+00:00,277.5,286.66,0.0,11844.72,,0.0,1.93,5981.9,,544585.0,15828425.0,-113.19,,2.05,5.84,20.99,20.95,20.95,21.43
2007-02-12 00:00:00+00:00,271.7,280.73,0.0,11599.65,,0.0,1.89,5019.4,,544585.0,15828425.0,-110.85,,2.05,5.84,20.61,20.56,20.51,21.14
2007-02-13 00:00:00+00:00,268.5,277.44,0.0,11463.5,,0.0,1.87,3961.7,,544585.0,15828425.0,-109.55,,2.05,5.84,20.42,20.32,20.32,20.8
2007-02-14 00:00:00+00:00,271.1,280.07,0.0,11572.43,,0.0,1.89,4192.7,,544585.0,15828425.0,-110.59,,2.05,5.84,20.56,20.51,20.42,20.66
2007-02-15 00:00:00+00:00,271.1,280.07,0.0,11572.43,,0.0,1.89,,,544585.0,15828425.0,-110.59,,2.05,5.84,,,,
2007-02-16 00:00:00+00:00,271.1,280.07,0.0,11572.43,,0.0,1.89,,,544585.0,15828425.0,-110.59,,2.05,5.84,,,,
2007-02-19 00:00:00+00:00,271.1,280.07,0.0,11572.43,,0.0,1.89,,,544585.0,15828425.0,-110.59,,2.05,5.84,,,,
2007-02-20 00:00:00+00:00,271.1,280.07,0.0,11572.43,,0.0,1.89,,,544585.0,15828425.0,-110.59,,2.05,5.84,,,,
2007-02-21 00:00:00+00:00,271.1,280.07,0.0,11572.43,,0.0,1.89,,,544585.0,15828425.0,-110.59,,2.05,5.84,,,,
2007-02-22 00:00:00+00:00,271.1,280.07,0.0,11572.43,,0.0,1.89,,,544585.0,15828425.0,-110.59,,2.05,5.84,,,,
2007-02-23 00:00:00+00:00,271.1,280.07,0.0,11572.43,,0.0,1.89,,,544585.0,15828425.0,-110.59,,2.05,5.84,,,,
2007-02-26 00:00:00+00:00,269.2,278.1,0.0,11490.73,,0.0,1.88,5413.1,,544585.0,15828425.0,-109.81,,2.05,5.84,20.42,20.37,20.37,20.85
2007-02-27 00:00:00+00:00,276.8,286.0,0.0,11817.49,,0.0,1.93,9720.8,,544585.0,15828425.0,-112.93,,2.05,5.84,20.95,20.9,20.32,21.24
2007-02-28 00:00:00+00:00,276.8,286.0,0.0,11817.49,,0.0,1.93,,,544585.0,15828425.0,-112.93,,2.05,5.84,,,,
2007-03-01 00:00:00+00:00,265.3,274.14,0.0,11327.36,,0.0,1.85,8443.4,,544585.0,15828425.0,-108.24,,2.05,5.84,20.08,20.03,19.74,20.56
2007-03-02 00:00:00+00:00,266.0,274.8,0.0,11354.59,,0.0,1.85,5749.8,,544585.0,15828425.0,-108.5,,2.05,5.84,20.17,20.13,20.08,20.46
2007-03-05 00:00:00+00:00,250.0,258.33,0.0,10673.86,,0.0,1.74,7167.0,,544585.0,15828425.0,-102.0,,2.05,5.84,18.92,,18.92,19.93
2007-03-06 00:00:00+00:00,250.0,258.33,0.0,10673.86,,0.0,1.74,6073.0,,544585.0,15828425.0,-102.0,,2.05,5.84,18.97,18.92,18.34,19.11
2007-03-07 00:00:00+00:00,267.3,276.12,0.0,11409.05,,0.0,1.86,14822.0,,544585.0,15828425.0,-109.03,,2.05,5.84,20.22,20.17,19.06,20.22
2007-03-08 00:00:00+00:00,269.8,278.75,0.0,11517.96,,0.0,1.88,13963.2,,544585.0,15828425.0,-110.07,,2.05,5.84,20.46,20.42,20.08,20.95
2007-03-09 00:00:00+00:00,262.1,270.85,0.0,11191.21,,0.0,1.83,6373.5,,544585.0,15828425.0,-106.94,,2.05,5.84,19.88,19.84,19.79,20.75
2007-03-12 00:00:00+00:00,263.4,272.16,0.0,11245.67,,0.0,1.84,7095.6,,544585.0,15828425.0,-107.46,,2.05,5.84,19.98,19.93,19.88,20.42
2007-03-13 00:00:00+00:00,263.4,272.16,0.0,11245.67,,0.0,1.84,5932.1,,544585.0,15828425.0,-107.46,,2.05,5.84,19.98,19.93,19.84,20.22
2007-03-14 00:00:00+00:00,267.9,276.78,0.0,11436.28,,0.0,1.87,10213.9,,544585.0,15828425.0,-109.29,,2.05,5.84,20.27,20.17,19.35,20.42
2007-03-15 00:00:00+00:00,274.3,283.37,0.0,11708.57,,0.0,1.91,19839.4,,544585.0,15828425.0,-111.89,,,,20.75,20.7,20.46,21.09
2007-03-16 00:00:00+00:00,266.6,275.46,0.0,11381.82,,0.0,1.86,8480.7,,544585.0,15828425.0,-108.76,,,,20.22,20.17,20.13,20.95
2007-03-19 00:00:00+00:00,266.6,275.46,0.0,11381.82,,0.0,1.86,5421.4,,544585.0,15828425.0,-108.76,,,,20.22,20.17,19.98,20.46
2007-03-20 00:00:00+00:00,272.4,281.39,0.0,11626.88,,0.0,1.9,17483.5,,544585.0,15828425.0,-111.11,,,,20.66,20.61,20.56,21.24
2007-03-21 00:00:00+00:00,269.2,278.1,0.0,11490.73,,0.0,1.88,6022.3,,544585.0,15828425.0,-109.81,,,,20.37,20.32,20.32,20.9
2007-03-22 00:00:00+00:00,273.6,282.71,0.0,11681.34,,0.0,1.91,16357.4,,544585.0,15828425.0,-111.63,,,,20.75,20.7,20.7,21.24
2007-03-23 00:00:00+00:00,271.7,280.73,0.0,11599.65,,0.0,1.89,6297.8,,544585.0,15828425.0,-110.85,,,,20.61,20.56,20.51,20.85
2007-03-26 00:00:00+00:00,273.6,282.71,0.0,11681.34,,0.0,1.91,7557.6,,544585.0,15828425.0,-111.63,,,,20.75,20.7,20.56,20.99
2007-03-27 00:00:00+00:00,270.4,279.41,0.0,11545.2,,0.0,1.88,11215.7,,544585.0,15828425.0,-110.33,,,,20.56,20.46,20.46,21.19
2007-03-28 00:00:00+00:00,271.7,280.73,0.0,11599.65,,0.0,1.89,5388.2,,544585.0,15828425.0,-110.85,,,,20.61,20.56,20.27,20.75
2007-03-29 00:00:00+00:00,279.4,288.64,0.0,11926.4,,0.0,1.95,30715.3,,544585.0,15828425.0,-113.97,,,,21.14,21.09,20.56,21.53
2007-03-30 00:00:00+00:00,275.5,284.69,0.0,11763.03,,0.0,1.92,9998.4,,544585.0,15828425.0,-112.41,,,,20.85,20.8,20.75,21.33
2007-04-02 00:00:00+00:00,275.5,284.69,0.0,11763.03,,0.0,1.92,11962.7,,544585.0,15828425.0,-112.41,,,,20.95,20.85,20.8,21.38
2007-04-03 00:00:00+00:00,271.7,280.73,0.0,11599.65,,0.0,1.89,6536.1,,544585.0,15828425.0,-110.85,,,,20.66,20.56,20.51,21.04
2007-04-04 00:00:00+00:00,273.0,282.05,0.0,11654.11,,0.0,1.9,8823.6,,544585.0,15828425.0,-111.37,,,,20.7,20.66,20.61,21.04
2007-04-05 00:00:00+00:00,273.0,282.05,0.0,11654.11,,0.0,1.9,,,544585.0,15828425.0,-111.37,,,,,,,
2007-04-06 00:00:00+00:00,273.0,282.05,0.0,11654.11,,0.0,1.9,,,544585.0,15828425.0,-111.37,,,,,,,
2007-04-09 00:00:00+00:00,269.2,278.1,0.0,11490.73,,0.0,1.88,6218.1,,544585.0,15828425.0,-109.81,,,,20.42,20.37,20.32,20.95
2007-04-10 00:00:00+00:00,277.5,286.66,0.0,11844.72,,0.0,1.93,7313.1,,544585.0,15828425.0,-113.19,,,,20.99,20.95,20.32,20.99
2007-04-11 00:00:00+00:00,271.7,280.73,0.0,11599.65,,0.0,1.89,4178.2,,544585.0,15828425.0,-110.85,,,,20.61,20.56,20.56,20.99
2007-04-12 00:00:00+00:00,270.4,279.41,0.0,11545.2,,0.0,1.88,6389.0,,544585.0,15828425.0,-110.33,,,,20.46,20.42,20.42,20.61
2007-04-13 00:00:00+00:00,266.0,274.8,0.0,11354.59,,0.0,1.85,5575.8,,544585.0,15828425.0,-108.5,,,,20.22,20.13,20.08,20.85
2007-04-16 00:00:00+00:00,264.1,272.82,0.0,11272.9,,0.0,1.84,9624.4,,544585.0,15828425.0,-107.72,,,,20.03,19.98,19.98,20.75
2007-04-17 00:00:00+00:00,246.2,254.37,0.0,10510.48,,0.0,1.72,17318.8,,544585.0,15828425.0,-100.44,,,,18.63,,18.63,20.27
2007-04-18 00:00:00+00:00,247.5,255.69,0.0,10564.94,,0.0,1.72,12861.9,,544585.0,15828425.0,-100.96,,,,18.77,18.73,18.58,19.06
2007-04-19 00:00:00+00:00,253.9,262.28,0.0,10837.23,,0.0,1.77,11752.4,,544585.0,15828425.0,-103.56,,,,19.26,19.21,19.02,19.59
2007-04-20 00:00:00+00:00,252.6,260.96,0.0,10782.77,,0.0,1.76,4269.4,,544585.0,15828425.0,-103.04,,,,19.16,19.11,18.92,19.5
2007-04-23 00:00:00+00:00,250.7,258.98,0.0,10701.09,,0.0,1.75,5505.3,,544585.0,15828425.0,-102.26,,,,19.02,18.97,18.97,19.4
2007-04-24 00:00:00+00:00,250.0,258.33,0.0,10673.86,,0.0,1.74,15273.7,,544585.0,15828425.0,-102.0,,,,18.97,18.92,18.77,19.4
2007-04-25 00:00:00+00:00,244.9,253.05,0.0,10456.03,,0.0,1.71,10400.4,,544585.0,15828425.0,-99.92,,,,18.53,18.48,18.53,18.97
2007-04-26 00:00:00+00:00,244.9,253.05,0.0,10456.03,,0.0,1.71,8049.7,,544585.0,15828425.0,-99.92,,,,18.63,18.53,18.53,19.02
2007-04-27 00:00:00+00:00,243.0,251.08,0.0,10374.34,,0.0,1.69,7343.2,,544585.0,15828425.0,-99.14,,,,18.44,18.39,18.39,18.87
2007-04-30 00:00:00+00:00,234.7,242.51,0.0,10020.36,,0.0,1.64,7446.8,,544585.0,15828425.0,-95.75,,,,17.81,17.76,17.71,18.58
2007-05-01 00:00:00+00:00,234.7,242.51,0.0,10020.36,,0.0,1.64,,,544585.0,15828425.0,-95.75,,,,,,,
2007-05-02 00:00:00+00:00,234.7,242.51,0.0,10020.36,,0.0,1.64,4646.5,,544585.0,15828425.0,-95.75,,,,17.81,17.71,17.76,18.15
2007-05-03 00:00:00+00:00,234.7,242.51,0.0,10020.36,422.5,0.04,1.64,7036.5,,544585.0,15828425.0,-95.75,,,,17.81,17.76,16.89,18.0
2007-05-04 00:00:00+00:00,236.0,243.83,0.0,10074.82,424.8,0.04,1.64,6359.0,,544585.0,15828425.0,-96.28,,,,17.91,17.86,17.81,18.24
2007-05-07 00:00:00+00:00,237.3,245.15,0.0,10129.27,427.1,0.04,1.65,7715.1,,544585.0,15828425.0,-96.8,,,,18.0,17.95,17.66,18.29
2007-05-08 00:00:00+00:00,243.7,251.74,0.0,10401.57,438.6,0.04,1.7,8790.5,,544585.0,15828425.0,-99.4,,,,18.48,18.44,17.91,18.58
2007-05-09 00:00:00+00:00,239.2,247.12,0.0,10210.96,430.5,0.04,1.67,7191.9,,544585.0,15828425.0,-97.58,,,,18.15,18.1,18.1,18.73
2007-05-10 00:00:00+00:00,242.4,250.42,0.0,10347.11,436.3,0.04,1.69,5455.6,,544585.0,15828425.0,-98.88,,,,18.39,18.34,18.24,18.63
2007-05-11 00:00:00+00:00,240.5,248.44,0.0,10265.42,432.8,0.04,1.68,3348.4,,544585.0,15828425.0,-98.1,,,,18.24,18.19,18.15,18.48
2007-05-14 00:00:00+00:00,242.4,250.42,0.0,10347.11,436.3,0.04,1.69,7095.6,,544585.0,15828425.0,-98.88,,,,18.39,18.34,18.19,18.68
2007-05-15 00:00:00+00:00,243.0,251.08,0.0,10374.34,437.4,0.04,1.69,5018.4,,544585.0,15828425.0,-99.14,,,,18.44,18.39,18.34,18.73
2007-05-16 00:00:00+00:00,238.5,246.46,0.0,10183.73,429.4,0.04,1.66,3021.0,,544585.0,15828425.0,-97.32,,,,18.1,18.05,18.05,18.53
2007-05-17 00:00:00+00:00,241.1,249.1,0.0,10292.65,434.0,0.04,1.68,8531.5,,544585.0,15828425.0,-98.36,,,,18.29,18.24,18.1,18.58
2007-05-18 00:00:00+00:00,239.2,247.12,0.0,10210.96,65.9,0.27,1.67,3274.8,,544585.0,15828425.0,-97.58,,,,18.15,18.1,18.0,18.44
2007-05-21 00:00:00+00:00,240.5,248.44,0.0,10265.42,66.2,0.27,1.68,5538.5,,544585.0,15828425.0,-98.1,,,,18.24,18.19,18.05,18.58
2007-05-22 00:00:00+00:00,243.0,251.08,0.0,10374.34,66.9,0.27,1.69,4184.4,,544585.0,15828425.0,-99.14,,,,18.39,18.34,18.29,18.53
2007-05-23 00:00:00+00:00,249.4,257.67,0.0,10646.63,68.7,0.27,1.74,22548.5,,544585.0,15828425.0,-101.74,,,,18.87,18.82,18.53,19.11
2007-05-24 00:00:00+00:00,246.8,255.03,0.0,10537.71,68.0,0.27,1.72,5141.7,,544585.0,15828425.0,-100.7,,,,18.73,18.68,18.63,18.92
2007-05-25 00:00:00+00:00,241.1,249.1,0.0,10292.65,66.4,0.27,1.68,6446.0,,544585.0,15828425.0,-98.36,,,,18.29,18.24,18.24,18.58
2007-05-28 00:00:00+00:00,248.8,257.01,0.0,10619.4,68.5,0.27,1.73,20869.2,,544585.0,15828425.0,-101.48,,,,18.87,18.82,18.15,18.82
2007-05-29 00:00:00+00:00,243.0,251.08,0.0,10374.34,66.9,0.27,1.69,6817.9,,544585.0,15828425.0,-99.14,,,,18.44,18.39,18.39,18.92
2007-05-30 00:00:00+00:00,241.1,249.1,0.0,10292.65,66.4,0.27,1.68,6504.0,,544585.0,15828425.0,-98.36,,,,18.29,18.24,18.24,18.58
2007-05-31 00:00:00+00:00,224.5,231.97,0.0,9584.69,61.8,0.27,1.56,21354.0,,544585.0,15828425.0,-91.59,,,,16.99,,16.99,18.58
2007-06-01 00:00:00+00:00,232.8,240.53,0.0,9938.67,64.1,0.27,1.62,14858.3,,544585.0,15828425.0,-94.97,,,,17.62,17.57,17.33,17.86
2007-06-04 00:00:00+00:00,234.7,242.51,0.0,10020.36,64.6,0.27,1.64,10067.8,,544585.0,15828425.0,-95.75,,,,17.76,17.71,17.57,17.86
2007-06-05 00:00:00+00:00,230.3,237.9,0.0,9829.75,63.4,0.27,1.6,9474.2,,544585.0,15828425.0,-93.93,,,,17.42,17.37,17.37,17.86
2007-06-06 00:00:00+00:00,233.4,241.19,0.0,9965.89,64.3,0.27,1.63,17803.6,,544585.0,15828425.0,-95.23,,,,17.71,17.66,17.57,18.05
2007-06-07 00:00:00+00:00,241.1,249.1,0.0,10292.65,66.4,0.27,1.68,25027.7,,544585.0,15828425.0,-98.36,,,,18.29,18.24,17.71,18.58
2007-06-08 00:00:00+00:00,239.2,247.12,0.0,10210.96,65.9,0.27,1.67,9334.4,,544585.0,15828425.0,-97.58,,,,18.15,18.1,18.1,18.48
2007-06-11 00:00:00+00:00,241.7,249.76,0.0,10319.88,66.6,0.27,1.68,13998.4,,544585.0,15828425.0,-98.62,,,,18.34,18.29,18.15,18.73
2007-06-12 00:00:00+00:00,238.5,246.46,0.0,10183.73,65.7,0.27,1.66,8595.7,,544585.0,15828425.0,-97.32,,,,18.05,18.0,18.0,18.58
2007-06-13 00:00:00+00:00,239.2,247.12,0.0,10210.96,65.9,0.27,1.67,12447.5,,544585.0,15828425.0,-97.58,,,,18.15,18.1,17.95,18.44
2007-06-14 00:00:00+00:00,240.5,248.44,0.0,10265.42,66.2,0.27,1.68,9832.7,,544585.0,15828425.0,-98.1,,,,18.19,18.15,18.15,18.58
2007-06-15 00:00:00+00:00,237.3,245.15,0.0,10129.27,65.4,0.27,1.65,8174.0,,544585.0,15828425.0,-96.8,,,,18.0,17.95,17.95,18.44
2007-06-18 00:00:00+00:00,237.3,245.15,0.0,10129.27,65.4,0.27,1.65,,,544585.0,15828425.0,-96.8,,,,,,,
2007-06-19 00:00:00+00:00,237.3,245.15,0.0,10129.27,65.4,0.27,1.65,,,544585.0,15828425.0,-96.8,,,,,,,
2007-06-20 00:00:00+00:00,234.7,242.51,0.0,10020.36,64.6,0.27,1.64,7011.6,,544585.0,15828425.0,-95.75,,,,17.81,17.76,17.76,18.19
2007-06-21 00:00:00+00:00,250.7,258.98,0.0,10701.09,69.0,0.27,1.75,21340.6,,544585.0,15828425.0,-102.26,,,,,18.97,17.86,18.97
2007-06-22 00:00:00+00:00,259.0,267.55,0.0,11055.06,71.3,0.27,1.8,61247.3,,544585.0,15828425.0,-105.64,,,,19.59,19.55,19.21,20.08
2007-06-25 00:00:00+00:00,263.4,272.16,0.0,11245.67,72.6,0.27,1.84,24191.6,,544585.0,15828425.0,-107.46,,,,19.98,19.88,19.88,20.51
2007-06-26 00:00:00+00:00,263.4,272.16,0.0,11245.67,72.6,0.27,1.84,19322.4,,544585.0,15828425.0,-107.46,,,,19.98,19.93,19.79,20.51
2007-06-27 00:00:00+00:00,263.4,272.16,0.0,11245.67,72.6,0.27,1.84,19720.3,,544585.0,15828425.0,-107.46,,,,19.98,19.93,19.88,20.46
2007-06-28 00:00:00+00:00,257.7,266.23,0.0,11000.61,71.0,0.27,1.8,13790.2,,544585.0,15828425.0,-105.12,,,,19.5,19.45,19.5,20.17
2007-06-29 00:00:00+00:00,257.7,266.23,0.0,11000.61,71.0,0.27,1.8,17386.1,,544585.0,15828425.0,-105.12,,,,19.55,19.5,19.31,19.93
2007-07-02 00:00:00+00:00,261.5,270.19,0.0,11163.99,72.0,0.27,1.82,10580.7,,544585.0,15828425.0,-106.68,,,,19.84,19.79,19.5,19.98
2007-07-03 00:00:00+00:00,261.5,270.19,0.0,11163.99,72.0,0.27,1.82,14683.2,,544585.0,15828425.0,-106.68,,,,19.84,19.79,19.79,20.27
2007-07-04 00:00:00+00:00,260.9,269.53,0.0,11136.76,71.9,0.27,1.82,10996.1,,544585.0,15828425.0,-106.42,,,,19.79,19.74,19.69,20.13
2007-07-05 00:00:00+00:00,274.9,284.03,0.0,11735.8,75.7,0.27,1.92,34097.9,,544585.0,15828425.0,-112.15,,,,20.8,20.75,19.74,20.85
2007-07-06 00:00:00+00:00,265.3,274.14,0.0,11327.36,73.1,0.27,1.85,29571.6,,544585.0,15828425.0,-108.24,,,,20.17,20.08,20.08,21.04
2007-07-09 00:00:00+00:00,265.3,274.14,0.0,11327.36,73.1,0.27,1.85,18563.0,,544585.0,15828425.0,-108.24,,,,20.13,20.08,20.08,20.66
2007-07-10 00:00:00+00:00,267.9,276.78,0.0,11436.28,73.8,0.27,1.87,17184.1,,544585.0,15828425.0,-109.29,,,,20.27,20.22,20.17,20.7
2007-07-11 00:00:00+00:00,286.4,295.89,0.0,12225.93,78.9,0.27,2.0,56660.9,,544585.0,15828425.0,-116.83,,,,,21.67,20.27,21.67
2007-07-12 00:00:00+00:00,278.1,287.32,0.0,11871.94,76.6,0.27,1.94,45522.9,,544585.0,15828425.0,-113.45,,,,21.09,21.04,21.04,22.15
2007-07-13 00:00:00+00:00,266.6,275.46,0.0,11381.82,73.4,0.27,1.86,25302.2,,544585.0,15828425.0,-108.76,,,,20.22,20.17,20.17,21.48
2007-07-16 00:00:00+00:00,266.0,274.8,0.0,11354.59,73.3,0.27,1.85,13990.1,,544585.0,15828425.0,-108.5,,,,20.17,20.13,20.13,20.7
2007-07-17 00:00:00+00:00,269.2,278.1,0.0,11490.73,74.1,0.27,1.88,15180.5,,544585.0,15828425.0,-109.81,,,,20.42,20.37,20.17,20.85
2007-07-18 00:00:00+00:00,268.5,277.44,0.0,11463.5,74.0,0.27,1.87,23919.2,,544585.0,15828425.0,-109.55,,,,20.37,20.32,20.17,20.95
2007-07-19 00:00:00+00:00,274.9,284.03,0.0,11735.8,75.7,0.27,1.92,20763.5,,544585.0,15828425.0,-112.15,,,,20.8,20.75,20.37,20.95
2007-07-20 00:00:00+00:00,274.3,283.37,0.0,11708.57,75.5,0.27,1.91,35156.6,,544585.0,15828425.0,-111.89,,,,20.8,20.75,20.56,21.33
2007-07-23 00:00:00+00:00,269.2,278.1,0.0,11490.73,74.1,0.27,1.88,19314.1,,544585.0,15828425.0,-109.81,,,,20.42,20.37,20.37,21.04
2007-07-24 00:00:00+00:00,268.5,277.44,0.0,11463.5,74.0,0.27,1.87,22038.8,,544585.0,15828425.0,-109.55,,,,20.32,20.27,20.32,20.95
2007-07-25 00:00:00+00:00,269.2,278.1,0.0,11490.73,74.1,0.27,1.88,13540.5,,544585.0,15828425.0,-109.81,,,,20.42,20.37,20.32,20.7
2007-07-26 00:00:00+00:00,265.3,274.14,0.0,11327.36,73.1,0.27,1.85,26199.4,,544585.0,15828425.0,-108.24,,,,20.08,20.03,20.08,20.99
2007-07-27 00:00:00+00:00,261.5,270.19,0.0,11163.99,72.0,0.27,1.82,22686.3,,544585.0,15828425.0,-106.68,,,,19.84,19.79,19.55,20.66
2007-07-30 00:00:00+00:00,255.1,263.6,0.0,10891.7,70.3,0.27,1.78,8710.7,,544585.0,15828425.0,-104.08,,,,19.4,19.31,19.31,20.17
2007-07-31 00:00:00+00:00,261.5,270.19,0.0,11163.99,72.0,0.27,1.82,15754.4,,544585.0,15828425.0,-106.68,,,,19.88,19.79,19.59,20.22
2007-08-01 00:00:00+00:00,256.4,264.92,0.0,10946.15,70.6,0.27,1.79,9944.6,,544585.0,15828425.0,-104.6,,,,19.59,19.4,19.35,20.27
2007-08-02 00:00:00+00:00,249.4,257.67,0.0,10646.63,68.7,0.27,1.74,10082.3,,544585.0,15828425.0,-101.74,,,,18.92,18.87,18.15,19.84
2007-08-03 00:00:00+00:00,257.7,266.23,0.0,11000.61,71.0,0.27,1.8,7822.8,,544585.0,15828425.0,-105.12,,,,19.5,19.45,19.06,19.74
2007-08-06 00:00:00+00:00,250.7,258.98,0.0,10701.09,69.0,0.27,1.75,5347.8,,544585.0,15828425.0,-102.26,,,,19.02,18.97,18.97,19.45
2007-08-07 00:00:00+00:00,248.8,257.01,0.0,10619.4,68.5,0.27,1.73,4839.2,,544585.0,15828425.0,-101.48,,,,18.87,18.82,18.68,19.31
2007-08-08 00:00:00+00:00,253.9,262.28,0.0,10837.23,69.9,0.27,1.77,6811.7,,544585.0,15828425.0,-103.56,,,,19.21,19.16,18.87,19.4
2007-08-09 00:00:00+00:00,255.1,263.6,0.0,10891.7,70.3,0.27,1.78,11953.4,,544585.0,15828425.0,-104.08,,,,19.35,19.31,19.31,19.79
2007-08-10 00:00:00+00:00,246.2,254.37,0.0,10510.48,67.8,0.27,1.72,4702.4,,544585.0,15828425.0,-100.44,,,,18.68,18.63,18.63,18.97
2007-08-13 00:00:00+00:00,237.9,245.8,0.0,10156.5,65.5,0.27,1.66,6201.5,,544585.0,15828425.0,-97.06,,,,18.05,18.0,18.0,19.02
2007-08-14 00:00:00+00:00,238.5,246.46,0.0,10183.73,65.7,0.27,1.66,5789.2,,544585.0,15828425.0,-97.32,,,,18.1,18.05,18.0,18.39
2007-08-15 00:00:00+00:00,223.9,231.31,0.0,9557.46,61.7,0.27,1.56,6788.9,,544585.0,15828425.0,-91.33,,,,16.99,16.94,16.8,17.91
2007-08-16 00:00:00+00:00,208.6,215.49,0.0,8903.96,57.4,0.27,1.45,11609.4,,544585.0,15828425.0,-85.09,,,,15.78,,15.78,16.6
2007-08-17 00:00:00+00:00,194.5,200.99,0.0,8304.92,53.6,0.27,1.36,17693.8,,544585.0,15828425.0,-79.36,,,,14.72,,14.72,15.78
2007-08-20 00:00:00+00:00,199.6,206.27,0.0,8522.75,55.0,0.27,1.39,9432.8,,544585.0,15828425.0,-81.44,,,,15.15,15.11,14.82,15.35
2007-08-21 00:00:00+00:00,188.8,195.06,0.0,8059.85,52.0,0.27,1.32,8037.3,,544585.0,15828425.0,-77.02,,,,14.33,14.29,14.19,15.2
2007-08-22 00:00:00+00:00,193.9,200.33,0.0,8277.69,53.4,0.27,1.35,6558.9,,544585.0,15828425.0,-79.1,,,,14.67,14.62,14.19,14.72
2007-08-23 00:00:00+00:00,200.3,206.92,0.0,8549.98,55.2,0.27,1.4,9258.7,,544585.0,15828425.0,-81.7,,,,15.25,15.15,14.82,15.35
2007-08-24 00:00:00+00:00,205.4,212.2,0.0,8767.81,56.6,0.27,1.43,8809.1,,544585.0,15828425.0,-83.79,,,,15.54,15.49,14.96,15.64
2007-08-27 00:00:00+00:00,202.8,209.56,0.0,8658.9,55.9,0.27,1.41,6952.6,,544585.0,15828425.0,-82.74,,,,15.44,15.35,15.35,15.83
2007-08-28 00:00:00+00:00,211.1,218.13,0.0,9012.87,58.1,0.27,1.47,11573.2,,544585.0,15828425.0,-86.13,,,,16.02,15.97,15.59,16.22
2007-08-29 00:00:00+00:00,204.7,211.54,0.0,8740.58,56.4,0.27,1.43,4923.1,,544585.0,15828425.0,-83.53,,,,15.54,15.49,15.44,15.93
2007-08-30 00:00:00+00:00,201.6,208.24,0.0,8604.44,55.5,0.27,1.4,7110.1,,544585.0,15828425.0,-82.22,,,,15.35,15.25,15.25,15.83
2007-08-31 00:00:00+00:00,206.7,213.51,0.0,8822.27,56.9,0.27,1.44,5977.7,,544585.0,15828425.0,-84.31,,,,15.69,15.64,15.25,15.73
2007-09-03 00:00:00+00:00,204.7,211.54,0.0,8740.58,56.4,0.27,1.43,4102.6,,544585.0,15828425.0,-83.53,,,,15.54,15.49,15.49,15.88
2007-09-04 00:00:00+00:00,210.5,217.47,0.0,8985.65,58.0,0.27,1.47,19371.1,,544585.0,15828425.0,-85.87,,,,15.97,15.93,15.64,16.12
2007-09-05 00:00:00+00:00,206.7,213.51,0.0,8822.27,56.9,0.27,1.44,6720.5,,544585.0,15828425.0,-84.31,,,,15.69,15.64,15.64,16.26
2007-09-06 00:00:00+00:00,202.8,209.56,0.0,8658.9,55.9,0.27,1.41,5315.7,,544585.0,15828425.0,-82.74,,,,15.4,15.35,15.3,15.64
2007-09-07 00:00:00+00:00,203.5,210.22,0.0,8686.13,56.0,0.27,1.42,3655.0,,544585.0,15828425.0,-83.0,,,,15.44,15.4,15.4,15.78
2007-09-10 00:00:00+00:00,200.9,207.58,0.0,8577.21,55.3,0.27,1.4,2483.3,,544585.0,15828425.0,-81.96,,,,15.25,15.2,15.15,15.35
2007-09-11 00:00:00+00:00,201.6,208.24,0.0,8604.44,55.5,0.27,1.4,3961.7,,544585.0,15828425.0,-82.22,,,,15.25,15.2,15.15,15.44
2007-09-12 00:00:00+00:00,206.0,212.85,0.0,8795.04,56.7,0.27,1.44,9973.6,,544585.0,15828425.0,-84.05,,,,15.64,15.59,15.3,15.73
2007-09-13 00:00:00+00:00,200.9,207.58,0.0,8577.21,29.7,0.51,1.4,3273.8,,544585.0,15828425.0,-81.96,,,,15.25,15.2,15.2,15.73
2007-09-14 00:00:00+00:00,200.3,206.92,0.0,8549.98,29.6,0.51,1.4,2787.9,,544585.0,15828425.0,-81.7,,,,15.2,15.15,15.15,15.44
2007-09-17 00:00:00+00:00,200.3,206.92,0.0,8549.98,29.6,0.51,1.4,1646.2,,544585.0,15828425.0,-81.7,,,,15.2,15.15,15.15,15.35
2007-09-18 00:00:00+00:00,200.3,206.92,0.0,8549.98,29.6,0.51,1.4,,,544585.0,15828425.0,-81.7,,,,,,,
2007-09-19 00:00:00+00:00,195.2,201.65,0.0,8332.14,28.9,0.51,1.36,3397.0,,544585.0,15828425.0,-79.62,,,,14.96,14.77,14.77,15.44
2007-09-20 00:00:00+00:00,195.8,202.31,0.0,8359.38,29.0,0.51,1.36,2359.0,,544585.0,15828425.0,-79.88,,,,14.86,14.82,14.77,15.2
2007-09-21 00:00:00+00:00,199.6,206.27,0.0,8522.75,29.5,0.51,1.39,2479.1,,544585.0,15828425.0,-81.44,,,,15.11,15.06,14.82,15.15
2007-09-24 00:00:00+00:00,199.6,206.27,0.0,8522.75,29.5,0.51,1.39,,,544585.0,15828425.0,-81.44,,,,,,,
2007-09-25 00:00:00+00:00,199.6,206.27,0.0,8522.75,29.5,0.51,1.39,,,544585.0,15828425.0,-81.44,,,,,,,
2007-09-26 00:00:00+00:00,200.9,207.58,0.0,8577.21,29.7,0.51,1.4,3118.4,,544585.0,15828425.0,-81.96,,,,15.2,15.15,15.06,15.4
2007-09-27 00:00:00+00:00,206.7,213.51,0.0,8822.27,30.6,0.51,1.44,6132.1,,544585.0,15828425.0,-84.31,,,,15.64,15.59,15.3,15.69
2007-09-28 00:00:00+00:00,204.7,211.54,0.0,8740.58,30.3,0.51,1.43,3981.3,,544585.0,15828425.0,-83.53,,,,15.54,15.49,15.44,15.78
2007-10-01 00:00:00+00:00,208.6,215.49,0.0,8903.96,30.8,0.51,1.45,4527.3,,544585.0,15828425.0,-85.09,,,,15.83,15.78,15.73,16.22
2007-10-02 00:00:00+00:00,215.6,222.74,0.0,9203.48,31.9,0.51,1.5,16855.7,,544585.0,15828425.0,-87.95,,,,16.31,16.26,15.88,16.51
2007-10-03 00:00:00+00:00,211.1,218.13,0.0,9012.87,31.2,0.51,1.47,6927.7,,544585.0,15828425.0,-86.13,,,,16.02,15.97,15.93,16.46
2007-10-04 00:00:00+00:00,210.5,217.47,0.0,8985.65,31.1,0.51,1.47,4497.3,,544585.0,15828425.0,-85.87,,,,15.97,15.88,15.78,16.17
2007-10-05 00:00:00+00:00,207.9,214.83,0.0,8876.72,30.7,0.51,1.45,3593.9,,544585.0,15828425.0,-84.83,,,,15.78,15.73,15.69,16.17
2007-10-08 00:00:00+00:00,207.9,214.83,0.0,8876.72,30.7,0.51,1.45,8582.2,,544585.0,15828425.0,-84.83,,,,15.73,15.69,15.73,16.12
2007-10-09 00:00:00+00:00,206.0,212.85,0.0,8795.04,30.5,0.51,1.44,2556.8,,544585.0,15828425.0,-84.05,,,,15.69,15.59,15.54,15.93
2007-10-10 00:00:00+00:00,206.0,212.85,0.0,8795.04,30.5,0.51,1.44,,,544585.0,15828425.0,-84.05,,,,,,,
2007-10-11 00:00:00+00:00,205.4,212.2,0.0,8767.81,30.4,0.51,1.43,1971.5,,544585.0,15828425.0,-83.79,,,,15.59,15.54,15.54,15.88
2007-10-12 00:00:00+00:00,204.7,211.54,0.0,8740.58,30.3,0.51,1.43,2521.6,,544585.0,15828425.0,-83.53,,,,15.54,15.49,15.49,15.78
2007-10-15 00:00:00+00:00,204.7,211.54,0.0,8740.58,30.3,0.51,1.43,1826.5,,544585.0,15828425.0,-83.53,,,,15.54,15.49,15.49,15.73
2007-10-16 00:00:00+00:00,204.7,211.54,0.0,8740.58,30.3,0.51,1.43,1941.5,,544585.0,15828425.0,-83.53,,,,15.54,15.49,15.44,15.64
2007-10-17 00:00:00+00:00,207.9,214.83,0.0,8876.72,30.7,0.51,1.45,5331.3,,544585.0,15828425.0,-84.83,,,,15.78,15.73,15.59,15.97
2007-10-18 00:00:00+00:00,222.0,229.33,0.0,9475.77,32.8,0.51,1.55,13876.2,,544585.0,15828425.0,-90.55,,,,,16.8,16.02,16.8
2007-10-19 00:00:00+00:00,222.0,229.33,0.0,9475.77,32.8,0.51,1.55,22334.1,,544585.0,15828425.0,-90.55,,,,16.84,16.8,16.7,17.23
2007-10-22 00:00:00+00:00,215.6,222.74,0.0,9203.48,31.9,0.51,1.5,6777.5,,544585.0,15828425.0,-87.95,,,,16.41,16.31,16.22,16.6
2007-10-23 00:00:00+00:00,228.3,235.92,0.0,9748.06,33.8,0.51,1.59,12585.3,,544585.0,15828425.0,-93.15,,,,17.28,17.23,16.6,17.37
2007-10-24 00:00:00+00:00,222.6,229.99,0.0,9503.0,32.9,0.51,1.55,13780.9,,544585.0,15828425.0,-90.81,,,,16.89,16.84,16.8,17.81
2007-10-25 00:00:00+00:00,226.4,233.94,0.0,9666.38,33.5,0.51,1.58,7482.0,,544585.0,15828425.0,-92.37,,,,17.18,17.13,17.04,17.52
2007-10-26 00:00:00+00:00,225.2,232.62,0.0,9611.92,33.3,0.51,1.57,4541.8,,544585.0,15828425.0,-91.85,,,,17.08,17.04,16.99,17.33
2007-10-29 00:00:00+00:00,224.5,231.97,0.0,9584.69,33.2,0.51,1.56,7528.6,,544585.0,15828425.0,-91.59,,,,17.04,16.99,16.99,17.47
2007-10-30 00:00:00+00:00,224.5,231.97,0.0,9584.69,33.2,0.51,1.56,6503.0,,544585.0,15828425.0,-91.59,,,,17.04,16.99,16.99,17.37
2007-10-31 00:00:00+00:00,218.1,225.38,0.0,9312.39,32.3,0.51,1.52,9593.4,,544585.0,15828425.0,-88.99,,,,16.55,16.51,16.46,17.13
2007-11-01 00:00:00+00:00,208.6,215.49,0.0,8903.96,30.8,0.51,1.45,7309.0,,544585.0,15828425.0,-85.09,,,,15.83,15.78,15.69,16.7
2007-11-02 00:00:00+00:00,209.8,216.81,0.0,8958.42,31.0,0.51,1.46,4383.3,,544585.0,15828425.0,-85.61,,,,15.88,15.83,15.35,16.02
2007-11-05 00:00:00+00:00,208.6,215.49,0.0,8902.79,30.8,0.51,1.45,2546.5,,544514.0,15828425.0,-85.09,,,,15.88,15.78,15.64,16.07
2007-11-06 00:00:00+00:00,208.6,215.49,0.0,8902.79,30.8,0.51,1.45,4225.8,,544514.0,15828425.0,-85.09,,,,15.88,15.78,15.49,15.97
2007-11-07 00:00:00+00:00,222.6,229.99,0.0,9501.76,58.9,0.29,1.55,2764.0,,544514.0,15828425.0,-90.81,,,,,16.84,16.84,16.84
2007-11-08 00:00:00+00:00,237.9,245.8,0.0,10155.18,63.0,0.29,1.66,5938.3,,544514.0,15828425.0,-97.06,,,,,18.0,18.0,18.0
2007-11-09 00:00:00+00:00,228.3,235.92,0.0,9746.79,60.4,0.29,1.59,26033.6,,544514.0,15828425.0,-93.15,,,,17.33,17.28,16.89,18.19
2007-11-12 00:00:00+00:00,232.2,239.87,0.0,9910.15,61.4,0.29,1.62,36048.6,,544514.0,15828425.0,-94.71,,,,17.62,17.57,17.37,17.76
2007-11-13 00:00:00+00:00,229.6,237.24,0.0,9801.25,60.8,0.29,1.6,14796.1,,544514.0,15828425.0,-93.67,,,,17.37,17.33,17.28,17.66
2007-11-14 00:00:00+00:00,233.4,241.19,0.0,9964.6,61.8,0.29,1.63,20065.2,,544514.0,15828425.0,-95.23,,,,17.71,17.66,17.57,18.05
2007-11-15 00:00:00+00:00,227.7,235.26,0.0,9719.57,60.3,0.29,1.59,4710.7,,544514.0,15828425.0,-92.89,,,,17.23,17.18,17.18,17.57
2007-11-16 00:00:00+00:00,225.8,233.28,0.0,9637.89,59.8,0.29,1.57,5850.3,,544514.0,15828425.0,-92.11,,,,17.18,17.08,16.99,17.57
2007-11-19 00:00:00+00:00,222.0,229.33,0.0,9474.54,58.7,0.29,1.55,9410.0,,544514.0,15828425.0,-90.55,,,,16.84,16.8,16.75,17.37
2007-11-20 00:00:00+00:00,225.2,232.62,0.0,9610.66,59.6,0.29,1.57,6030.6,,544514.0,15828425.0,-91.85,,,,17.08,17.04,16.7,17.18
2007-11-21 00:00:00+00:00,223.2,230.65,0.0,9528.99,59.1,0.29,1.56,3303.8,,544514.0,15828425.0,-91.07,,,,16.94,16.89,16.89,17.18
2007-11-22 00:00:00+00:00,223.2,230.65,0.0,9528.99,59.1,0.29,1.56,3838.4,,544514.0,15828425.0,-91.07,,,,16.94,16.89,16.89,17.04
2007-11-23 00:00:00+00:00,223.2,230.65,0.0,9528.99,59.1,0.29,1.56,3211.6,,544514.0,15828425.0,-91.07,,,,16.94,16.89,16.89,17.08
2007-11-26 00:00:00+00:00,224.5,231.97,0.0,9583.44,59.4,0.29,1.56,2697.7,,544514.0,15828425.0,-91.59,,,,17.04,16.99,16.89,17.13
2007-11-27 00:00:00+00:00,220.7,228.01,0.0,9420.08,58.4,0.29,1.54,5963.2,,544514.0,15828425.0,-90.03,,,,16.75,16.7,16.6,16.89
2007-11-28 00:00:00+00:00,217.5,224.72,0.0,9283.95,57.6,0.29,1.52,1831.6,,544514.0,15828425.0,-88.73,,,,16.51,16.46,16.46,16.89
2007-11-29 00:00:00+00:00,216.9,224.06,0.0,9256.73,57.4,0.29,1.51,2604.5,,544514.0,15828425.0,-88.47,,,,16.46,16.41,16.41,16.7
2007-11-30 00:00:00+00:00,220.7,228.01,0.0,9420.08,58.4,0.29,1.54,2280.2,,544514.0,15828425.0,-90.03,,,,16.75,16.7,16.46,16.89
2007-12-03 00:00:00+00:00,225.2,232.62,0.0,9610.66,59.6,0.29,1.57,3541.0,,544514.0,15828425.0,-91.85,,,,17.08,17.04,16.6,17.04
2007-12-04 00:00:00+00:00,225.8,233.28,0.0,9637.89,59.8,0.29,1.57,1919.7,,544514.0,15828425.0,-92.11,,,,17.13,17.08,16.94,17.13
2007-12-05 00:00:00+00:00,225.2,232.62,0.0,9610.66,59.6,0.29,1.57,1601.7,,544514.0,15828425.0,-91.85,,,,17.08,17.04,16.99,17.18
2007-12-06 00:00:00+00:00,222.6,229.99,0.0,9501.76,58.9,0.29,1.55,2225.3,,544514.0,15828425.0,-90.81,,,,16.89,16.84,16.84,17.18
2007-12-07 00:00:00+00:00,223.9,231.31,0.0,9556.21,59.2,0.29,1.56,1666.9,,544514.0,15828425.0,-91.33,,,,16.99,16.94,16.84,16.99
2007-12-10 00:00:00+00:00,222.0,229.33,0.0,9474.54,58.7,0.29,1.55,1004.9,,544514.0,15828425.0,-90.55,,,,16.84,16.8,16.75,16.94
2007-12-11 00:00:00+00:00,222.6,229.99,0.0,9501.76,58.9,0.29,1.55,1190.4,,544514.0,15828425.0,-90.81,,,,16.89,16.84,16.8,16.94
2007-12-12 00:00:00+00:00,223.2,230.65,0.0,9528.99,59.1,0.29,1.56,1508.4,,544514.0,15828425.0,-91.07,,,,16.94,16.89,16.8,16.94
2007-12-13 00:00:00+00:00,221.3,228.67,0.0,9447.31,58.6,0.29,1.54,3730.6,,544514.0,15828425.0,-90.29,,,,16.8,16.75,16.7,16.99
2007-12-14 00:00:00+00:00,218.1,225.38,0.0,9311.18,57.7,0.29,1.52,4471.4,,544514.0,15828425.0,-88.99,,,,16.55,16.51,16.51,16.89
2007-12-17 00:00:00+00:00,213.7,220.76,0.0,9120.61,56.5,0.29,1.49,5387.2,,544514.0,15828425.0,-87.17,,,,16.22,16.17,16.17,16.6
2007-12-18 00:00:00+00:00,210.5,217.47,0.0,8984.48,55.7,0.29,1.47,4576.0,,544514.0,15828425.0,-85.87,,,,15.97,15.93,15.88,16.17
2007-12-19 00:00:00+00:00,211.1,218.13,0.0,9011.7,55.9,0.29,1.47,2037.8,,544514.0,15828425.0,-86.13,,,,16.02,15.97,15.83,16.07
2007-12-20 00:00:00+00:00,210.5,217.47,0.0,8984.48,55.7,0.29,1.47,1818.2,,544514.0,15828425.0,-85.87,,,,15.97,15.93,15.93,16.22
2007-12-21 00:00:00+00:00,207.9,214.83,0.0,8875.57,55.0,0.29,1.45,1306.4,,544514.0,15828425.0,-84.83,,,,15.73,15.69,15.73,16.02
2007-12-24 00:00:00+00:00,209.2,216.15,0.0,8930.02,55.4,0.29,1.46,738.7,,544514.0,15828425.0,-85.35,,,,15.83,15.78,15.78,16.02
2007-12-25 00:00:00+00:00,209.8,216.81,0.0,8957.25,55.5,0.29,1.46,2081.3,,544514.0,15828425.0,-85.61,,,,15.93,15.88,15.83,16.22
2007-12-26 00:00:00+00:00,207.9,214.83,0.0,8875.57,55.0,0.29,1.45,972.8,,544514.0,15828425.0,-84.83,,,,15.83,15.73,15.73,15.97
2007-12-27 00:00:00+00:00,209.2,216.15,0.0,8930.02,55.4,0.29,1.46,1285.7,,544514.0,15828425.0,-85.35,,,,15.88,15.83,15.78,15.97
2007-12-28 00:00:00+00:00,211.8,218.79,0.0,9038.92,56.0,0.29,1.48,1907.3,,544514.0,15828425.0,-86.39,,,,16.02,15.97,15.83,16.12
2007-12-31 00:00:00+00:00,216.9,224.06,0.0,9256.73,57.4,0.29,1.51,2487.4,,544514.0,15828425.0,-88.47,,,,16.46,16.41,16.02,16.6
2008-01-01 00:00:00+00:00,216.9,224.06,0.0,9256.73,57.4,0.29,1.41,,,544514.0,19324680.0,15.47,,,,,,,
2008-01-02 00:00:00+00:00,216.9,224.06,0.0,9256.73,57.4,0.29,1.41,1679.4,,544514.0,19324680.0,15.47,,,,16.46,16.41,16.31,16.7
2008-01-03 00:00:00+00:00,217.5,224.72,0.0,9283.95,57.6,0.29,1.41,1142.7,,544514.0,19324680.0,15.51,,,,16.51,16.46,16.26,16.55
2008-01-04 00:00:00+00:00,217.5,224.72,0.0,9283.95,57.6,0.29,1.41,1135.5,,544514.0,19324680.0,15.51,,,,16.51,16.46,16.41,16.51
2008-01-07 00:00:00+00:00,213.0,220.1,0.0,9093.38,56.4,0.29,1.38,1793.3,,544514.0,19324680.0,15.2,,,,16.17,16.12,16.12,16.46
2008-01-08 00:00:00+00:00,219.4,226.69,0.0,9365.64,58.1,0.29,1.42,2339.3,,544514.0,19324680.0,15.65,,,,16.65,16.6,16.12,16.6
2008-01-09 00:00:00+00:00,218.1,225.38,0.0,9311.18,57.7,0.29,1.41,995.6,,544514.0,19324680.0,15.56,,,,16.55,16.51,16.31,16.6
2008-01-10 00:00:00+00:00,217.5,224.72,0.0,9283.95,57.6,0.29,1.41,1769.5,,544514.0,19324680.0,15.51,,,,16.51,16.46,16.46,16.65
2008-01-11 00:00:00+00:00,220.1,227.35,0.0,9392.86,58.2,0.29,1.43,1829.6,,544514.0,19324680.0,15.7,,,,16.7,16.65,16.46,16.7
2008-01-14 00:00:00+00:00,220.1,227.35,0.0,9392.86,58.2,0.29,1.43,1643.1,,544514.0,19324680.0,15.7,,,,16.7,16.65,16.51,16.8
2008-01-15 00:00:00+00:00,220.7,228.01,0.0,9420.08,58.4,0.29,1.43,4918.9,,544514.0,19324680.0,15.74,,,,16.75,16.7,16.65,16.99
2008-01-16 00:00:00+00:00,217.5,224.72,0.0,9283.95,57.6,0.29,1.41,3905.7,,544514.0,19324680.0,15.51,,,,16.6,16.46,16.41,16.8
2008-01-17 00:00:00+00:00,215.6,222.74,0.0,9202.28,57.1,0.29,1.4,1930.1,,544514.0,19324680.0,15.38,,,,16.36,16.31,16.31,16.7
2008-01-18 00:00:00+00:00,212.4,219.44,0.0,9066.15,56.2,0.29,1.38,1621.3,,544514.0,19324680.0,15.15,,,,16.17,16.07,16.07,16.31
2008-01-21 00:00:00+00:00,214.3,221.42,0.0,9147.82,56.7,0.29,1.39,1699.0,,544514.0,19324680.0,15.29,,,,16.26,16.22,16.22,16.41
2008-01-22 00:00:00+00:00,199.6,206.27,0.0,8521.64,52.8,0.29,1.29,4398.9,,544514.0,19324680.0,14.24,,,,15.11,,15.11,15.97
2008-01-23 00:00:00+00:00,186.2,192.43,0.0,7949.9,49.3,0.29,1.21,6758.9,,544514.0,19324680.0,13.28,,,,14.09,,14.09,15.35
2008-01-24 00:00:00+00:00,173.5,179.25,0.0,7405.39,45.9,0.29,1.12,7114.2,,544514.0,19324680.0,12.37,,,,13.13,,13.13,14.86
2008-01-25 00:00:00+00:00,175.4,181.22,0.0,7487.06,46.4,0.29,1.14,5535.3,,544514.0,19324680.0,12.51,,,,13.32,13.27,12.74,13.51
2008-01-28 00:00:00+00:00,163.3,168.7,0.0,6969.77,43.2,0.29,1.06,4098.4,,544514.0,19324680.0,11.65,,,,12.36,,12.36,13.18
2008-01-29 00:00:00+00:00,152.4,157.5,0.0,6506.94,40.3,0.29,0.99,6985.7,,544514.0,19324680.0,10.87,,,,11.53,,11.53,12.31
2008-01-30 00:00:00+00:00,142.2,146.96,0.0,6071.33,37.6,0.29,0.92,11322.4,,544514.0,19324680.0,10.15,,,,10.76,,10.76,11.29
2008-01-31 00:00:00+00:00,145.4,150.25,0.0,6207.46,38.5,0.29,0.94,8389.5,,544514.0,19324680.0,10.37,,,,11.05,11.0,10.86,11.44
2008-02-01 00:00:00+00:00,155.0,160.14,0.0,6615.84,41.0,0.29,1.0,8030.0,,544514.0,19324680.0,11.06,,,,,11.73,11.1,11.73
2008-02-04 00:00:00+00:00,155.0,160.14,0.0,6615.84,41.0,0.29,1.0,,,544514.0,19324680.0,11.06,,,,,,,
2008-02-05 00:00:00+00:00,155.0,160.14,0.0,6615.84,41.0,0.29,1.0,,,544514.0,19324680.0,11.06,,,,,,,
2008-02-06 00:00:00+00:00,155.0,160.14,0.0,6615.84,41.0,0.29,1.0,,,544514.0,19324680.0,11.06,,,,,,,
2008-02-07 00:00:00+00:00,155.0,160.14,0.0,6615.84,41.0,0.29,1.0,,,544514.0,19324680.0,11.06,,,,,,,
2008-02-08 00:00:00+00:00,155.0,160.14,0.0,6615.84,41.0,0.29,1.0,,,544514.0,19324680.0,11.06,,,,,,,
2008-02-11 00:00:00+00:00,155.0,160.14,0.0,6615.84,41.0,0.29,1.0,,,544514.0,19324680.0,11.06,,,,,,,
2008-02-12 00:00:00+00:00,146.1,150.91,0.0,6234.68,38.7,0.29,0.95,2663.6,,544514.0,19324680.0,10.42,,,,11.1,11.05,11.0,11.73
2008-02-13 00:00:00+00:00,140.3,144.98,0.0,5989.65,37.1,0.29,0.91,3793.8,,544514.0,19324680.0,10.01,,,,10.62,10.57,10.28,11.25
2008-02-14 00:00:00+00:00,143.5,148.27,0.0,6125.78,38.0,0.29,0.93,5330.2,,544514.0,19324680.0,10.24,,,,10.86,10.81,10.62,10.91
2008-02-15 00:00:00+00:00,142.2,146.96,0.0,6071.33,37.6,0.29,0.92,3443.7,,544514.0,19324680.0,10.15,,,,10.81,10.76,10.52,10.86
2008-02-18 00:00:00+00:00,148.0,152.89,0.0,6316.36,39.2,0.29,0.96,4266.2,,544514.0,19324680.0,10.56,,,,11.2,11.1,10.81,11.25
2008-02-19 00:00:00+00:00,153.1,158.16,0.0,6534.16,40.5,0.29,0.99,7644.6,,544514.0,19324680.0,10.92,,,,11.58,11.53,11.15,11.82
2008-02-20 00:00:00+00:00,146.7,151.57,0.0,6261.91,38.8,0.29,0.95,4882.7,,544514.0,19324680.0,10.46,,,,11.2,11.1,11.05,11.58
2008-02-21 00:00:00+00:00,149.9,154.86,0.0,6398.04,39.7,0.29,0.97,4068.4,,544514.0,19324680.0,10.69,,,,11.34,11.29,11.15,11.44
2008-02-22 00:00:00+00:00,152.4,157.5,0.0,6506.94,40.3,0.29,0.99,5483.5,,544514.0,19324680.0,10.87,,,,11.53,11.49,11.2,11.78
2008-02-25 00:00:00+00:00,150.5,155.52,0.0,6425.26,39.8,0.29,0.98,4786.3,,544514.0,19324680.0,10.74,,,,11.49,11.39,11.29,11.78
2008-02-26 00:00:00+00:00,151.8,156.84,0.0,6479.71,40.2,0.29,0.98,3470.6,,544514.0,19324680.0,10.83,,,,11.53,11.49,11.44,11.78
2008-02-27 00:00:00+00:00,155.0,160.14,0.0,6615.84,41.0,0.29,1.0,4342.9,,544514.0,19324680.0,11.06,,,,11.78,11.73,11.58,11.87
2008-02-28 00:00:00+00:00,155.0,160.14,0.0,6615.84,41.0,0.29,1.0,,,544514.0,19324680.0,11.06,,,,,,,
2008-02-29 00:00:00+00:00,161.4,166.73,0.0,6888.1,42.7,0.29,1.05,4939.6,,544514.0,19324680.0,11.51,,,,12.21,12.16,11.73,12.26
2008-03-03 00:00:00+00:00,156.3,161.45,0.0,6670.29,41.4,0.29,1.01,2428.4,,544514.0,19324680.0,11.15,,,,11.87,11.82,11.73,11.97
2008-03-04 00:00:00+00:00,158.8,164.09,0.0,6779.2,42.0,0.29,1.03,3070.7,,544514.0,19324680.0,11.33,,,,12.07,12.02,11.82,12.07
2008-03-05 00:00:00+00:00,156.9,162.11,0.0,6697.52,41.5,0.29,1.02,2875.9,,544514.0,19324680.0,11.19,,,,11.92,11.87,11.73,12.21
2008-03-06 00:00:00+00:00,160.7,166.07,0.0,6860.87,42.5,0.29,1.04,4012.4,,544514.0,19324680.0,11.46,,,,12.16,12.11,11.97,12.16
2008-03-07 00:00:00+00:00,162.0,167.38,0.0,6915.32,42.9,0.29,1.05,5829.6,,544514.0,19324680.0,11.56,,,,12.31,12.26,11.97,12.55
2008-03-10 00:00:00+00:00,157.5,162.77,0.0,6724.75,41.7,0.29,1.02,2705.0,,544514.0,19324680.0,11.24,,,,11.97,11.92,11.92,12.31
2008-03-11 00:00:00+00:00,156.9,162.11,0.0,6697.52,41.5,0.29,1.02,2186.0,,544514.0,19324680.0,11.19,,,,11.87,11.82,11.73,12.02
2008-03-12 00:00:00+00:00,158.8,164.09,0.0,6779.2,42.0,0.29,1.03,4406.1,,544514.0,19324680.0,11.33,,,,12.07,12.02,12.02,12.26
2008-03-13 00:00:00+00:00,155.0,160.14,0.0,6615.84,41.0,0.29,1.0,1908.3,,544514.0,19324680.0,11.06,,,,11.78,11.73,11.73,12.11
2008-03-14 00:00:00+00:00,152.4,157.5,0.0,6506.94,40.3,0.29,0.99,1853.4,,544514.0,19324680.0,10.87,,,,11.73,11.53,11.53,11.97
2008-03-17 00:00:00+00:00,144.8,149.59,0.0,6180.23,38.3,0.29,0.94,2422.2,,544514.0,19324680.0,10.33,,,,11.0,10.96,10.91,11.39
2008-03-18 00:00:00+00:00,150.5,155.52,0.0,6425.26,39.8,0.29,0.98,3002.3,,544514.0,19324680.0,10.74,,,,11.39,11.34,11.1,11.44
2008-03-19 00:00:00+00:00,151.8,156.84,0.0,6479.71,40.2,0.29,0.98,3228.2,,544514.0,19324680.0,10.83,,,,11.53,11.49,11.49,11.82
2008-03-20 00:00:00+00:00,156.9,162.11,0.0,6697.52,41.5,0.29,1.02,2843.8,,544514.0,19324680.0,11.19,,,,11.87,11.82,11.58,11.92
2008-03-21 00:00:00+00:00,156.3,161.45,0.0,6670.29,41.4,0.29,1.01,2907.0,,544514.0,19324680.0,11.15,,,,11.87,11.82,11.78,12.07
2008-03-24 00:00:00+00:00,157.5,162.77,0.0,6724.75,41.7,0.29,1.02,3596.0,,544514.0,19324680.0,11.24,,,,11.97,11.92,11.87,12.36
2008-03-25 00:00:00+00:00,156.3,161.45,0.0,6670.29,41.4,0.29,1.01,2824.1,,544514.0,19324680.0,11.15,,,,11.87,11.82,11.82,12.11
2008-03-26 00:00:00+00:00,153.1,158.16,0.0,6534.16,40.5,0.29,0.99,2511.3,,544514.0,19324680.0,10.92,,,,11.63,11.58,11.58,11.92
2008-03-27 00:00:00+00:00,150.5,155.52,0.0,6425.26,39.8,0.29,0.98,1627.6,,544514.0,19324680.0,10.74,,,,11.44,11.39,11.34,11.53
2008-03-28 00:00:00+00:00,151.8,156.84,0.0,6479.71,40.2,0.29,0.98,1299.1,,544514.0,19324680.0,10.83,,,,11.53,11.49,11.34,11.63
2008-03-31 00:00:00+00:00,151.8,156.84,0.0,6479.71,40.2,0.29,0.98,1074.3,,544514.0,19324680.0,10.83,,,,11.53,11.49,11.39,11.58
2008-04-01 00:00:00+00:00,151.8,156.84,0.0,6479.71,40.2,0.29,0.98,1835.8,,544514.0,19324680.0,10.83,,,,11.53,11.49,11.49,11.68
2008-04-02 00:00:00+00:00,153.7,158.82,0.0,6561.39,40.7,0.29,1.0,2313.4,,544514.0,19324680.0,10.96,,,,11.68,11.63,11.63,11.78
2008-04-03 00:00:00+00:00,159.5,164.75,0.0,6806.42,42.2,0.29,1.03,4846.4,,544514.0,19324680.0,11.37,,,,12.07,12.02,11.68,12.07
2008-04-04 00:00:00+00:00,159.5,164.75,0.0,6806.42,42.2,0.29,1.03,,,544514.0,19324680.0,11.37,,,,,,,
2008-04-07 00:00:00+00:00,158.8,164.09,0.0,6779.2,42.0,0.29,1.03,3588.7,,544514.0,19324680.0,11.33,,,,12.07,12.02,11.92,12.21
2008-04-08 00:00:00+00:00,155.0,160.14,0.0,6615.84,41.0,0.29,1.0,1964.3,,544514.0,19324680.0,11.06,,,,11.87,11.73,11.73,12.07
2008-04-09 00:00:00+00:00,153.7,158.82,0.0,6561.39,40.7,0.29,1.0,1681.4,,544514.0,19324680.0,10.96,,,,11.68,11.63,11.58,11.87
2008-04-10 00:00:00+00:00,154.4,159.48,0.0,6588.61,40.8,0.29,1.0,1342.7,,544514.0,19324680.0,11.01,,,,11.78,11.68,11.68,11.82
2008-04-11 00:00:00+00:00,154.4,159.48,0.0,6588.61,40.8,0.29,1.0,3747.2,,544514.0,19324680.0,11.01,,,,11.73,11.68,11.63,11.97
2008-04-14 00:00:00+00:00,150.5,155.52,0.0,6425.26,39.8,0.29,0.98,3039.6,,544514.0,19324680.0,10.74,,,,11.44,11.39,11.34,11.68
2008-04-15 00:00:00+00:00,153.7,158.82,0.0,6561.39,40.7,0.29,1.0,2593.1,,544514.0,19324680.0,10.96,,,,11.68,11.58,11.44,11.68
2008-04-16 00:00:00+00:00,155.0,160.14,0.0,6615.84,41.0,0.29,1.0,3734.8,,544514.0,19324680.0,11.06,,,,11.78,11.73,11.68,11.87
2008-04-17 00:00:00+00:00,155.0,160.14,0.0,6615.84,41.0,0.29,1.0,3571.1,,544514.0,19324680.0,11.06,,,,11.78,11.73,11.68,11.92
2008-04-18 00:00:00+00:00,153.7,158.82,0.0,6561.39,40.7,0.29,1.0,2319.6,,544514.0,19324680.0,10.96,,,,11.68,11.63,11.63,11.82
2008-04-21 00:00:00+00:00,163.9,169.36,0.0,6997.0,43.4,0.29,1.06,9911.4,,544514.0,19324680.0,11.69,,,,,12.4,11.73,12.4
2008-04-22 00:00:00+00:00,174.8,180.56,0.0,7459.84,46.3,0.29,1.13,21344.7,,544514.0,19324680.0,12.47,,,,,13.22,12.64,13.22
2008-04-23 00:00:00+00:00,174.8,180.56,0.0,7459.84,46.3,0.29,1.13,17815.0,,544514.0,19324680.0,12.47,,,,13.22,13.18,13.03,13.8
2008-04-24 00:00:00+00:00,172.9,178.59,0.0,7378.16,45.7,0.29,1.12,6370.4,,544514.0,19324680.0,12.33,,,,13.13,13.08,13.03,13.61
2008-04-25 00:00:00+00:00,178.6,184.52,0.0,7623.19,47.3,0.29,1.16,12158.5,,544514.0,19324680.0,12.74,,,,13.56,13.51,12.89,13.8
2008-04-28 00:00:00+00:00,172.2,177.93,0.0,7350.94,45.6,0.29,1.12,4999.7,,544514.0,19324680.0,12.28,,,,13.08,13.03,13.03,13.51
2008-04-29 00:00:00+00:00,174.8,180.56,0.0,7459.84,46.3,0.29,1.13,6938.1,,544514.0,19324680.0,12.47,,,,13.27,13.22,13.22,13.71
2008-04-30 00:00:00+00:00,162.6,168.04,0.0,6942.55,43.0,0.29,1.05,2671.0,,544514.0,19324680.0,11.6,,,,12.31,,12.31,12.31
2008-05-01 00:00:00+00:00,162.6,168.04,0.0,6942.55,43.0,0.29,1.05,,,544514.0,19324680.0,11.6,,,,,,,
2008-05-02 00:00:00+00:00,163.3,168.7,0.0,6969.77,43.2,0.29,1.06,21039.1,,544514.0,19324680.0,11.65,,,,12.4,12.36,11.87,12.45
2008-05-05 00:00:00+00:00,159.5,164.75,0.0,6806.42,42.2,0.29,1.03,4997.7,,544514.0,19324680.0,11.37,,,,12.11,12.07,12.07,12.36
2008-05-06 00:00:00+00:00,163.9,169.36,0.0,6997.0,43.4,0.29,1.06,5164.5,,544514.0,19324680.0,11.69,,,,12.45,12.4,12.07,12.64
2008-05-07 00:00:00+00:00,169.0,174.63,0.0,7214.8,44.7,0.29,1.1,5582.0,,544514.0,19324680.0,12.06,,,,12.79,12.74,12.55,12.84
2008-05-08 00:00:00+00:00,172.9,178.59,0.0,7378.16,45.7,0.29,1.12,7420.9,,544514.0,19324680.0,12.33,,,,13.08,13.03,12.79,13.22
2008-05-09 00:00:00+00:00,168.4,173.97,0.0,7187.58,44.6,0.29,1.09,4367.8,,544514.0,19324680.0,12.01,,,,12.79,12.74,12.74,13.37
2008-05-12 00:00:00+00:00,166.5,172.0,0.0,7105.9,44.1,0.29,1.08,3913.0,,544514.0,19324680.0,11.87,,,,12.6,12.55,12.5,12.93
2008-05-13 00:00:00+00:00,167.1,172.66,0.0,7133.13,44.2,0.29,1.08,3311.1,,544514.0,19324680.0,11.92,,,,12.69,12.64,12.55,12.84
2008-05-14 00:00:00+00:00,167.8,173.32,0.0,7160.36,44.4,0.29,1.09,2616.9,,544514.0,19324680.0,11.97,,,,12.74,12.69,12.64,12.93
2008-05-15 00:00:00+00:00,170.3,175.95,0.0,7269.26,,0.0,1.1,3584.6,,544514.0,19324680.0,12.15,,,,12.89,12.84,12.84,13.03
2008-05-16 00:00:00+00:00,176.7,182.54,0.0,7541.52,,0.0,1.14,9698.0,,544514.0,19324680.0,12.6,,,,13.37,13.32,13.03,13.61
2008-05-19 00:00:00+00:00,179.2,185.18,0.0,7650.42,,0.0,1.16,7343.2,,544514.0,19324680.0,12.78,,,,13.61,13.56,13.47,13.8
2008-05-20 00:00:00+00:00,174.8,180.56,0.0,7459.84,,0.0,1.13,6724.7,,544514.0,19324680.0,12.47,,,,13.22,13.18,13.18,13.8
2008-05-21 00:00:00+00:00,186.9,193.09,0.0,7977.13,,0.0,1.21,13465.9,,544514.0,19324680.0,13.33,,,,,14.14,13.13,14.14
2008-05-22 00:00:00+00:00,183.1,189.13,0.0,7813.77,,0.0,1.19,9361.3,,544514.0,19324680.0,13.06,,,,13.9,13.85,13.71,14.14
2008-05-23 00:00:00+00:00,179.2,185.18,0.0,7650.42,,0.0,1.16,9751.9,,544514.0,19324680.0,12.78,,,,13.61,13.56,13.56,14.43
2008-05-26 00:00:00+00:00,176.0,181.88,0.0,7514.29,,0.0,1.14,4735.6,,544514.0,19324680.0,12.56,,,,13.37,13.32,13.32,13.71
2008-05-27 00:00:00+00:00,178.6,184.52,0.0,7623.19,,0.0,1.16,6151.8,,544514.0,19324680.0,12.74,,,,13.61,13.51,13.47,13.9
2008-05-28 00:00:00+00:00,173.5,179.25,0.0,7405.39,,0.0,1.12,4950.0,,544514.0,19324680.0,12.37,,,,13.13,13.08,13.03,13.71
2008-05-29 00:00:00+00:00,176.0,181.88,0.0,7514.29,,0.0,1.14,4091.2,,544514.0,19324680.0,12.56,,,,13.37,13.32,13.27,13.61
2008-05-30 00:00:00+00:00,177.3,183.2,0.0,7568.74,,0.0,1.15,4130.5,,544514.0,19324680.0,12.65,,,,13.42,13.37,13.13,13.66
2008-06-02 00:00:00+00:00,177.3,183.2,0.0,7568.74,,0.0,1.15,4274.5,,544514.0,19324680.0,12.65,,,,13.42,13.37,13.37,13.8
2008-06-03 00:00:00+00:00,177.3,183.2,0.0,7568.74,,0.0,1.15,3543.1,,544514.0,19324680.0,12.65,,,,13.42,13.37,13.32,13.56
2008-06-04 00:00:00+00:00,176.7,182.54,0.0,7541.52,,0.0,1.14,2157.0,,544514.0,19324680.0,12.6,,,,13.42,13.37,13.32,13.56
2008-06-05 00:00:00+00:00,179.2,185.18,0.0,7650.42,,0.0,1.16,4180.3,,544514.0,19324680.0,12.78,,,,13.61,13.56,13.51,13.75
2008-06-06 00:00:00+00:00,181.1,187.15,0.0,7732.09,,0.0,1.17,7115.2,,544514.0,19324680.0,12.92,,,,13.71,13.66,13.56,14.0
2008-06-09 00:00:00+00:00,178.0,183.86,0.0,7595.96,,0.0,1.15,3321.4,,544514.0,19324680.0,12.69,,,,13.51,13.47,13.03,13.61
2008-06-10 00:00:00+00:00,172.2,177.93,0.0,7350.94,,0.0,1.12,2843.8,,544514.0,19324680.0,12.28,,,,13.13,13.03,13.03,13.61
2008-06-11 00:00:00+00:00,178.6,184.52,0.0,7623.19,,0.0,1.16,13274.3,,544514.0,19324680.0,12.74,,,,13.56,13.51,13.08,13.9
2008-06-12 00:00:00+00:00,167.1,172.66,0.0,7133.13,,0.0,1.08,7157.7,,544514.0,19324680.0,11.92,,,,12.69,12.64,12.6,13.37
2008-06-13 00:00:00+00:00,157.5,162.77,0.0,6724.75,,0.0,1.02,5231.8,,544514.0,19324680.0,11.24,,,,12.16,11.92,11.78,12.84
2008-06-16 00:00:00+00:00,156.9,162.11,0.0,6697.52,,0.0,1.02,5276.3,,544514.0,19324680.0,11.19,,,,11.87,11.78,11.53,12.26
2008-06-17 00:00:00+00:00,153.1,158.16,0.0,6534.16,,0.0,0.99,3251.0,,544514.0,19324680.0,10.92,,,,11.63,11.58,11.34,11.87
2008-06-18 00:00:00+00:00,163.3,168.7,0.0,6969.77,,0.0,1.06,7178.4,,544514.0,19324680.0,11.65,,,,,12.36,11.68,12.36
2008-06-19 00:00:00+00:00,160.7,166.07,0.0,6860.87,,0.0,1.04,3500.6,,544514.0,19324680.0,11.46,,,,12.16,12.11,12.02,12.4
2008-06-20 00:00:00+00:00,156.3,161.45,0.0,6670.29,,0.0,1.01,2479.1,,544514.0,19324680.0,11.15,,,,11.87,11.82,11.73,12.31
2008-06-23 00:00:00+00:00,154.4,159.48,0.0,6588.61,,0.0,1.0,2087.5,,544514.0,19324680.0,11.01,,,,11.73,11.68,11.39,11.73
2008-06-24 00:00:00+00:00,150.5,155.52,0.0,6425.26,,0.0,0.98,1703.2,,544514.0,19324680.0,10.74,,,,11.44,11.39,11.39,11.87
2008-06-25 00:00:00+00:00,152.4,157.5,0.0,6506.94,,0.0,0.99,2308.2,,544514.0,19324680.0,10.87,,,,11.58,11.53,11.25,11.58
2008-06-26 00:00:00+00:00,151.8,156.84,0.0,6479.71,,0.0,0.98,2623.2,,544514.0,19324680.0,10.83,,,,11.53,11.49,11.49,11.87
2008-06-27 00:00:00+00:00,141.6,146.3,0.0,6044.1,,0.0,0.92,4471.4,,544514.0,19324680.0,10.1,,,,10.71,,10.71,11.05
2008-06-30 00:00:00+00:00,132.0,136.41,0.0,5635.71,,0.0,0.86,4357.4,,544514.0,19324680.0,9.42,,,,9.99,,9.99,10.86
2008-07-01 00:00:00+00:00,122.8,126.92,0.0,5243.67,,0.0,0.8,5500.1,,544514.0,19324680.0,8.76,,,,9.3,,9.3,9.99
2008-07-02 00:00:00+00:00,127.2,131.4,0.0,5428.8,,0.0,0.82,3639.5,,544514.0,19324680.0,9.07,,,,9.63,9.62,9.32,9.89
2008-07-03 00:00:00+00:00,135.9,140.37,0.0,5799.07,,0.0,0.88,4396.8,,544514.0,19324680.0,9.69,,,,,10.28,9.31,10.28
2008-07-04 00:00:00+00:00,135.9,140.37,0.0,5799.07,,0.0,0.88,3861.2,,544514.0,19324680.0,9.69,,,,10.28,10.23,10.18,10.71
2008-07-07 00:00:00+00:00,140.3,144.98,0.0,5989.65,,0.0,0.91,3323.5,,544514.0,19324680.0,10.01,,,,10.67,10.62,10.47,10.81
2008-07-08 00:00:00+00:00,135.2,139.71,0.0,5771.84,,0.0,0.88,3680.9,,544514.0,19324680.0,9.65,,,,10.28,10.23,10.23,11.0
2008-07-09 00:00:00+00:00,135.9,140.37,0.0,5799.07,,0.0,0.88,3499.6,,544514.0,19324680.0,9.69,,,,10.33,10.28,10.23,10.62
2008-07-10 00:00:00+00:00,136.5,141.02,0.0,5826.29,,0.0,0.88,2902.9,,544514.0,19324680.0,9.74,,,,10.38,10.33,10.18,10.47
2008-07-11 00:00:00+00:00,139.7,144.32,0.0,5962.43,,0.0,0.91,2672.9,,544514.0,19324680.0,9.96,,,,10.62,10.57,10.28,10.62
2008-07-14 00:00:00+00:00,139.0,143.66,0.0,5935.2,,0.0,0.9,3398.1,,544514.0,19324680.0,9.92,,,,10.57,10.52,10.42,10.81
2008-07-15 00:00:00+00:00,129.5,133.78,0.0,5526.81,,0.0,0.84,3669.5,,544514.0,19324680.0,9.24,,,,9.8,,9.8,10.47
2008-07-16 00:00:00+00:00,120.4,124.42,0.0,5140.21,,0.0,0.78,5263.9,,544514.0,19324680.0,8.59,,,,9.12,9.11,9.11,9.85
2008-07-17 00:00:00+00:00,125.0,129.16,0.0,5336.23,,0.0,0.81,4068.4,,544514.0,19324680.0,8.92,,,,9.5,9.46,9.31,9.56
2008-07-18 00:00:00+00:00,116.3,120.2,0.0,4965.96,,0.0,0.75,3928.5,,544514.0,19324680.0,8.3,,,,8.8,,8.8,9.59
2008-07-21 00:00:00+00:00,110.9,114.53,0.0,4731.82,,0.0,0.72,12316.0,,544514.0,19324680.0,7.91,,,,8.4,8.39,8.19,8.96
2008-07-22 00:00:00+00:00,114.0,117.83,0.0,4867.95,,0.0,0.74,4856.8,,544514.0,19324680.0,8.13,,,,8.63,8.62,8.19,8.67
2008-07-23 00:00:00+00:00,119.9,123.89,0.0,5118.43,,0.0,0.78,4951.0,,544514.0,19324680.0,8.55,,,,9.07,9.06,8.69,9.17
2008-07-24 00:00:00+00:00,119.9,123.89,0.0,5118.43,,0.0,0.78,3781.4,,544514.0,19324680.0,8.55,,,,9.07,9.06,8.89,9.26
2008-07-25 00:00:00+00:00,116.2,120.07,0.0,4960.52,,0.0,0.75,2225.3,,544514.0,19324680.0,8.29,,,,8.8,8.79,8.71,8.89
2008-07-28 00:00:00+00:00,116.2,120.07,0.0,4960.52,,0.0,0.75,,,544514.0,19324680.0,8.29,,,,,,,
2008-07-29 00:00:00+00:00,114.3,118.09,0.0,4878.84,,0.0,0.74,1689.7,,544514.0,19324680.0,8.15,,,,8.66,8.65,8.59,8.77
2008-07-30 00:00:00+00:00,117.5,121.39,0.0,5014.97,,0.0,0.76,3683.0,,544514.0,19324680.0,8.38,,,,8.93,8.89,8.85,9.12
2008-07-31 00:00:00+00:00,114.8,118.62,0.0,4900.62,,0.0,0.74,2616.9,,544514.0,19324680.0,8.19,,,,8.69,8.68,8.6,9.12
2008-08-01 00:00:00+00:00,109.7,113.35,0.0,4682.82,,0.0,0.71,1989.1,,544514.0,19324680.0,7.83,,,,8.57,8.3,8.3,8.69
2008-08-04 00:00:00+00:00,111.2,114.93,0.0,4748.16,,0.0,0.72,1727.0,,544514.0,19324680.0,7.93,,,,8.49,8.42,8.31,8.59
2008-08-05 00:00:00+00:00,112.4,116.11,0.0,4797.16,,0.0,0.73,2253.3,,544514.0,19324680.0,8.02,,,,8.52,8.45,8.4,8.69
2008-08-06 00:00:00+00:00,117.2,121.12,0.0,5004.08,,0.0,0.76,4118.1,,544514.0,19324680.0,8.36,,,,8.88,8.87,8.7,8.98
2008-08-07 00:00:00+00:00,120.6,124.55,0.0,5145.66,,0.0,0.78,5778.8,,544514.0,19324680.0,8.6,,,,9.14,9.12,8.87,9.27
2008-08-08 00:00:00+00:00,125.1,129.29,0.0,5341.68,,0.0,0.81,5399.6,,544514.0,19324680.0,8.93,,,,9.48,9.47,9.07,9.65
2008-08-11 00:00:00+00:00,124.4,128.5,0.0,5309.01,,0.0,0.81,4000.0,,544514.0,19324680.0,8.87,,,,9.47,9.41,9.41,9.8
2008-08-12 00:00:00+00:00,125.7,129.82,0.0,5363.46,,0.0,0.81,2753.7,,544514.0,19324680.0,8.96,,,,9.54,9.51,9.42,9.64
2008-08-13 00:00:00+00:00,128.8,133.12,0.0,5499.59,,0.0,0.83,4786.3,,544514.0,19324680.0,9.19,,,,9.75,9.7,9.37,9.8
2008-08-14 00:00:00+00:00,127.2,131.4,0.0,5428.8,,0.0,0.82,2979.5,,544514.0,19324680.0,9.07,,,,9.62,9.61,9.56,9.85
2008-08-15 00:00:00+00:00,125.0,129.16,0.0,5336.23,,0.0,0.81,5340.6,,544514.0,19324680.0,8.92,,,,9.48,9.46,9.46,9.94
2008-08-18 00:00:00+00:00,116.3,120.2,0.0,4965.96,,0.0,0.75,2656.3,,544514.0,19324680.0,8.3,,,,8.88,8.8,8.8,9.58
2008-08-19 00:00:00+00:00,114.6,118.36,0.0,4889.73,,0.0,0.74,2170.4,,544514.0,19324680.0,8.17,,,,8.74,8.67,8.45,8.88
2008-08-20 00:00:00+00:00,117.1,120.99,0.0,4998.63,,0.0,0.76,2222.5,,544514.0,19324680.0,8.35,,,,8.88,8.86,8.59,8.97
2008-08-21 00:00:00+00:00,117.1,120.99,0.0,4998.63,,0.0,0.76,2081.3,,544514.0,19324680.0,8.35,,,,8.88,8.86,8.77,8.95
2008-08-22 00:00:00+00:00,117.1,120.99,0.0,4998.63,,0.0,0.76,1711.5,,544514.0,19324680.0,8.35,,,,8.86,8.83,8.69,8.92
2008-08-25 00:00:00+00:00,117.7,121.65,0.0,5025.86,,0.0,0.76,1273.2,,544514.0,19324680.0,8.4,,,,8.91,8.87,8.83,8.95
2008-08-26 00:00:00+00:00,118.0,121.91,0.0,5036.75,,0.0,0.76,1388.2,,544514.0,19324680.0,8.42,,,,8.96,8.93,8.81,9.03
2008-08-27 00:00:00+00:00,120.4,124.42,0.0,5140.21,,0.0,0.78,2417.3,,544514.0,19324680.0,8.59,,,,9.12,9.11,8.85,9.23
2008-08-28 00:00:00+00:00,128.8,133.12,0.0,5499.59,,0.0,0.83,9740.5,,544514.0,19324680.0,9.19,,,,,9.75,9.27,9.75
2008-08-29 00:00:00+00:00,127.6,131.8,0.0,5445.14,,0.0,0.83,6680.7,,544514.0,19324680.0,9.1,,,,9.7,9.65,9.56,9.89
2008-09-01 00:00:00+00:00,122.3,126.39,0.0,5221.89,,0.0,0.79,3452.0,,544514.0,19324680.0,8.73,,,,9.27,9.26,9.14,9.7
2008-09-02 00:00:00+00:00,121.2,125.21,0.0,5172.88,,0.0,0.79,2888.8,,544514.0,19324680.0,8.64,,,,9.17,9.16,9.08,9.46
2008-09-03 00:00:00+00:00,122.8,126.92,0.0,5243.67,,0.0,0.8,3062.4,,544514.0,19324680.0,8.76,,,,9.3,9.14,8.98,9.38
2008-09-04 00:00:00+00:00,114.3,118.09,0.0,4878.84,,0.0,0.74,4133.6,,544514.0,19324680.0,8.15,,,,8.65,,8.65,9.37
2008-09-05 00:00:00+00:00,109.6,113.22,0.0,4677.37,,0.0,0.71,3699.6,,544514.0,19324680.0,7.82,,,,8.3,8.29,8.11,8.57
2008-09-08 00:00:00+00:00,117.2,121.12,0.0,5004.08,,0.0,0.76,2580.9,,544514.0,19324680.0,8.36,,,,,8.87,8.32,8.87
2008-09-09 00:00:00+00:00,112.5,116.25,0.0,4802.61,,0.0,0.73,2089.9,,544514.0,19324680.0,8.03,,,,8.53,8.51,8.48,8.87
2008-09-10 00:00:00+00:00,114.6,118.36,0.0,4889.73,,0.0,0.74,1290.9,,544514.0,19324680.0,8.17,,,,8.67,8.64,8.49,8.74
2008-09-11 00:00:00+00:00,112.3,115.98,0.0,4791.72,,0.0,0.73,1361.7,,544514.0,19324680.0,8.01,,,,8.5,8.49,8.3,8.74
2008-09-12 00:00:00+00:00,115.7,119.54,0.0,4938.74,,0.0,0.75,2803.4,,544514.0,19324680.0,8.25,,,,8.78,8.75,7.93,8.93
2008-09-15 00:00:00+00:00,107.7,111.24,0.0,4595.7,,0.0,0.7,1530.2,,544514.0,19324680.0,7.68,,,,8.17,8.15,8.15,8.66
2008-09-16 00:00:00+00:00,100.1,103.46,0.0,4274.43,,0.0,0.65,1855.5,,544514.0,19324680.0,7.14,,,,7.58,,7.58,7.71
2008-09-17 00:00:00+00:00,100.1,103.46,0.0,4274.43,,0.0,0.65,6878.4,,544514.0,19324680.0,7.14,,,,7.58,7.11,7.06,7.82
2008-09-18 00:00:00+00:00,93.3,96.34,0.0,3980.4,,0.0,0.6,499.7,,544514.0,19324680.0,6.65,,,,7.06,,7.06,7.06
2008-09-19 00:00:00+00:00,97.2,100.43,0.0,4149.19,,0.0,0.63,3726.8,,544514.0,19324680.0,6.93,,,,7.37,7.36,7.14,7.47
2008-09-22 00:00:00+00:00,100.8,104.12,0.0,4301.66,,0.0,0.65,4452.4,,544514.0,19324680.0,7.19,,,,7.64,7.63,7.36,7.7
2008-09-23 00:00:00+00:00,101.0,104.38,0.0,4312.55,,0.0,0.65,2970.2,,544514.0,19324680.0,7.21,,,,7.67,7.64,7.25,7.82
2008-09-24 00:00:00+00:00,104.3,107.81,0.0,4454.12,,0.0,0.68,5481.3,,544514.0,19324680.0,7.44,,,,7.91,7.9,7.53,8.07
2008-09-25 00:00:00+00:00,102.3,105.7,0.0,4367.0,,0.0,0.66,3169.1,,544514.0,19324680.0,7.3,,,,7.77,7.74,7.72,7.97
2008-09-26 00:00:00+00:00,95.2,98.32,0.0,4062.07,,0.0,0.62,2564.7,,544514.0,19324680.0,6.79,,,,7.2,,7.2,7.82
2008-09-29 00:00:00+00:00,95.2,98.32,0.0,4062.07,,0.0,0.62,,,544514.0,19324680.0,6.79,,,,,,,
2008-09-30 00:00:00+00:00,88.5,91.47,0.0,3778.93,,0.0,0.57,949.9,,544514.0,19324680.0,6.31,,,,6.7,,6.7,6.7
2008-10-01 00:00:00+00:00,93.0,96.08,0.0,3969.51,,0.0,0.6,2022.7,,544514.0,19324680.0,6.63,,,,7.04,7.0,6.76,7.06
2008-10-02 00:00:00+00:00,91.3,94.37,0.0,3898.72,,0.0,0.59,1989.3,,544514.0,19324680.0,6.52,,,,6.92,6.91,6.85,7.19
2008-10-03 00:00:00+00:00,94.0,97.14,0.0,4013.07,,0.0,0.61,2551.7,,544514.0,19324680.0,6.71,,,,7.15,7.11,6.56,7.18
2008-10-06 00:00:00+00:00,95.7,98.85,0.0,4083.85,,0.0,0.62,2391.1,,544514.0,19324680.0,6.82,,,,7.24,7.22,6.96,7.34
2008-10-07 00:00:00+00:00,94.1,97.27,0.0,4018.51,,0.0,0.61,2116.5,,544514.0,19324680.0,6.72,,,,7.14,7.12,6.95,7.21
2008-10-08 00:00:00+00:00,87.6,90.55,0.0,3740.81,,0.0,0.57,2641.8,,544514.0,19324680.0,6.25,,,,6.66,6.63,6.63,7.08
2008-10-09 00:00:00+00:00,83.2,85.93,0.0,3550.23,,0.0,0.54,2172.1,,544514.0,19324680.0,5.93,,,,6.3,6.29,6.23,6.91
2008-10-10 00:00:00+00:00,83.2,85.93,0.0,3550.23,,0.0,0.54,,,544514.0,19324680.0,5.93,,,,,,,
2008-10-13 00:00:00+00:00,80.4,83.03,0.0,3430.44,,0.0,0.52,655.8,,544514.0,19324680.0,5.73,,,,6.08,,6.08,6.08
2008-10-14 00:00:00+00:00,86.0,88.83,0.0,3670.02,,0.0,0.56,1412.8,,544514.0,19324680.0,6.13,,,,,6.51,6.47,6.51
2008-10-15 00:00:00+00:00,86.6,89.49,0.0,3697.25,,0.0,0.56,1427.4,,544514.0,19324680.0,6.18,,,,6.56,6.55,6.38,6.74
2008-10-16 00:00:00+00:00,83.7,86.46,0.0,3572.01,,0.0,0.54,747.0,,544514.0,19324680.0,5.97,,,,6.33,,6.33,6.33
2008-10-17 00:00:00+00:00,81.0,83.69,0.0,3457.66,,0.0,0.52,1757.5,,544514.0,19324680.0,5.78,,,,6.13,6.12,6.13,6.45
2008-10-20 00:00:00+00:00,79.9,82.51,0.0,3408.66,,0.0,0.52,131.6,,544514.0,19324680.0,5.7,,,,6.04,6.03,5.92,6.1
2008-10-21 00:00:00+00:00,82.0,84.75,0.0,3501.22,,0.0,0.53,1709.4,,544514.0,19324680.0,5.85,,,,6.21,6.18,6.06,6.27
2008-10-22 00:00:00+00:00,79.2,81.85,0.0,3381.43,,0.0,0.51,2194.5,,544514.0,19324680.0,5.65,,,,5.99,,5.99,6.25
2008-10-23 00:00:00+00:00,76.5,79.08,0.0,3267.08,,0.0,0.5,403.0,,544514.0,19324680.0,5.46,,,,5.79,,5.79,5.79
2008-10-24 00:00:00+00:00,73.9,76.31,0.0,3152.73,,0.0,0.48,364.7,,544514.0,19324680.0,5.27,,,,5.59,,5.59,5.59
2008-10-27 00:00:00+00:00,68.8,71.04,0.0,2934.93,,0.0,0.45,702.7,,544514.0,19324680.0,4.9,,,,5.2,,5.2,5.2
2008-10-28 00:00:00+00:00,67.7,69.99,0.0,2891.37,,0.0,0.44,4720.8,,544514.0,19324680.0,4.83,,,,5.2,5.13,4.85,5.21
2008-10-29 00:00:00+00:00,63.0,65.11,0.0,2689.9,,0.0,0.41,3429.2,,544514.0,19324680.0,4.49,,,,4.83,4.77,4.77,5.4
2008-10-30 00:00:00+00:00,67.4,69.59,0.0,2875.03,,0.0,0.44,2241.0,,544514.0,19324680.0,4.8,,,,,5.1,4.78,5.1
2008-10-31 00:00:00+00:00,71.9,74.33,0.0,3071.06,,0.0,0.47,1114.7,,544514.0,19324680.0,5.13,,,,,5.44,5.44,5.44
2008-11-03 00:00:00+00:00,76.9,79.47,0.0,3283.42,,0.0,0.5,420.6,,544514.0,19324680.0,5.49,,,,,5.82,5.82,5.82
2008-11-04 00:00:00+00:00,82.3,85.01,0.0,3512.11,,0.0,0.53,536.6,,544514.0,19324680.0,5.87,,,,,6.23,6.23,6.23
2008-11-05 00:00:00+00:00,88.0,90.94,0.0,3757.15,,0.0,0.57,501.4,,544514.0,19324680.0,6.28,,,,,6.66,6.66,6.66
2008-11-06 00:00:00+00:00,93.9,97.0,0.0,4007.62,,0.0,0.61,27562.8,,544514.0,19324680.0,6.7,,,,7.11,7.1,6.53,7.12
2008-11-07 00:00:00+00:00,92.2,95.29,0.0,3936.83,17.7,0.39,0.6,8238.3,,544514.0,19324680.0,6.58,,,,7.0,6.98,6.68,7.22
2008-11-10 00:00:00+00:00,88.5,91.47,0.0,3778.93,17.0,0.39,0.57,5761.2,,544514.0,19324680.0,6.31,,,,6.7,6.69,6.59,6.98
2008-11-11 00:00:00+00:00,85.5,88.31,0.0,3648.24,16.4,0.39,0.55,4219.6,,544514.0,19324680.0,6.1,,,,6.47,6.46,6.3,6.66
2008-11-12 00:00:00+00:00,91.2,94.24,0.0,3893.27,17.5,0.39,0.59,7399.1,,544514.0,19324680.0,6.51,,,,6.9,6.89,6.37,6.91
2008-11-13 00:00:00+00:00,84.8,87.65,0.0,3621.01,16.3,0.39,0.55,3765.9,,544514.0,19324680.0,6.05,,,,6.42,,6.42,6.63
2008-11-14 00:00:00+00:00,80.4,83.03,0.0,3430.44,15.4,0.39,0.52,4162.6,,544514.0,19324680.0,5.73,,,,6.08,6.07,6.05,6.66
2008-11-17 00:00:00+00:00,86.0,88.83,0.0,3670.02,16.5,0.39,0.56,4132.6,,544514.0,19324680.0,6.13,,,,,6.51,6.37,6.51
2008-11-18 00:00:00+00:00,80.0,82.64,0.0,3414.1,15.4,0.39,0.52,4634.0,,544514.0,19324680.0,5.71,,,,6.05,,6.05,6.59
2008-11-19 00:00:00+00:00,77.2,79.74,0.0,3294.31,14.8,0.39,0.5,2961.9,,544514.0,19324680.0,5.51,,,,5.94,5.84,5.79,6.23
2008-11-20 00:00:00+00:00,71.8,74.2,0.0,3065.61,13.8,0.39,0.47,5354.0,,544514.0,19324680.0,5.12,,,,5.43,,5.43,5.63
2008-11-21 00:00:00+00:00,75.4,77.89,0.0,3218.08,14.5,0.39,0.49,4117.1,,544514.0,19324680.0,5.38,,,,5.7,5.69,5.12,5.72
2008-11-24 00:00:00+00:00,73.9,76.31,0.0,3152.73,14.2,0.39,0.48,2687.4,,544514.0,19324680.0,5.27,,,,5.6,5.59,5.57,5.76
2008-11-25 00:00:00+00:00,76.0,78.55,0.0,3245.3,14.6,0.39,0.49,2961.9,,544514.0,19324680.0,5.42,,,,5.75,5.74,5.69,5.87
2008-11-26 00:00:00+00:00,76.7,79.21,0.0,3272.53,14.7,0.39,0.5,1907.3,,544514.0,19324680.0,5.47,,,,5.81,5.8,5.69,5.89
2008-11-27 00:00:00+00:00,82.0,84.75,0.0,3501.22,15.7,0.39,0.53,4316.0,,544514.0,19324680.0,5.85,,,,,6.21,5.89,6.21
2008-11-28 00:00:00+00:00,81.6,84.35,0.0,3484.89,15.7,0.39,0.53,3800.0,,544514.0,19324680.0,5.82,,,,6.2,6.18,6.12,6.33
2008-12-01 00:00:00+00:00,83.7,86.46,0.0,3572.01,16.1,0.39,0.54,4601.9,,544514.0,19324680.0,5.97,,,,6.35,6.33,6.16,6.44
2008-12-02 00:00:00+00:00,78.1,80.66,0.0,3332.42,15.0,0.39,0.51,3245.8,,544514.0,19324680.0,5.57,,,,5.92,5.91,5.9,6.0
2008-12-03 00:00:00+00:00,79.2,81.85,0.0,3381.43,15.2,0.39,0.51,2356.5,,544514.0,19324680.0,5.65,,,,6.01,5.99,5.93,6.23
2008-12-04 00:00:00+00:00,84.7,87.51,0.0,3615.57,16.3,0.39,0.55,3321.4,,544514.0,19324680.0,6.04,,,,,6.41,6.41,6.41
2008-12-05 00:00:00+00:00,83.0,85.8,0.0,3544.78,15.9,0.39,0.54,5593.4,,544514.0,19324680.0,5.92,,,,6.3,6.28,6.25,6.52
2008-12-08 00:00:00+00:00,88.8,91.73,0.0,3789.82,17.0,0.39,0.58,6708.5,,544514.0,19324680.0,6.33,,,,,6.72,6.47,6.72
2008-12-09 00:00:00+00:00,89.0,92.0,0.0,3800.71,17.1,0.39,0.58,9635.2,,544514.0,19324680.0,6.35,,,,6.74,6.73,6.72,7.09
2008-12-10 00:00:00+00:00,94.4,97.53,0.0,4029.4,18.1,0.39,0.61,10022.3,,544514.0,19324680.0,6.73,,,,7.14,7.13,6.74,7.2
2008-12-11 00:00:00+00:00,93.0,96.08,0.0,3969.51,17.8,0.39,0.6,8873.3,,544514.0,19324680.0,6.63,,,,7.05,7.04,6.96,7.23
2008-12-12 00:00:00+00:00,86.5,89.36,0.0,3691.8,16.6,0.39,0.56,8044.7,,544514.0,19324680.0,6.17,,,,6.54,,6.54,7.03
2008-12-15 00:00:00+00:00,91.5,94.5,0.0,3904.16,17.6,0.39,0.59,4974.9,,544514.0,19324680.0,6.52,,,,6.92,6.85,6.71,6.92
2008-12-16 00:00:00+00:00,97.8,101.09,0.0,4176.42,18.8,0.39,0.63,11847.6,,544514.0,19324680.0,6.98,,,,,7.4,6.76,7.4
2008-12-17 00:00:00+00:00,98.2,101.49,0.0,4192.75,18.9,0.39,0.64,28575.9,,544514.0,19324680.0,7.01,,,,7.44,7.43,7.43,7.92
2008-12-18 00:00:00+00:00,99.2,102.54,0.0,4236.31,19.0,0.39,0.64,7082.5,,544514.0,19324680.0,7.08,,,,7.51,7.5,7.34,7.62
2008-12-19 00:00:00+00:00,99.2,102.54,0.0,4236.31,19.0,0.39,0.64,6051.3,,544514.0,19324680.0,7.08,,,,7.53,7.51,7.36,7.72
2008-12-22 00:00:00+00:00,98.6,101.88,0.0,4209.09,18.9,0.39,0.64,9174.0,,544514.0,19324680.0,7.03,,,,7.48,7.46,7.43,7.85
2008-12-23 00:00:00+00:00,97.3,100.56,0.0,4154.64,18.7,0.39,0.63,6024.3,,544514.0,19324680.0,6.94,,,,7.43,7.36,7.23,7.53
2008-12-24 00:00:00+00:00,99.5,102.8,0.0,4247.2,19.1,0.39,0.64,4708.6,,544514.0,19324680.0,7.1,,,,7.53,7.51,7.36,7.65
2008-12-25 00:00:00+00:00,103.2,106.63,0.0,4405.11,19.8,0.39,0.67,10091.7,,544514.0,19324680.0,7.36,,,,7.81,7.8,7.49,7.87
2008-12-26 00:00:00+00:00,101.2,104.52,0.0,4317.99,19.4,0.39,0.66,4387.5,,544514.0,19324680.0,7.22,,,,7.66,7.65,7.59,7.81
2008-12-29 00:00:00+00:00,98.9,102.14,0.0,4219.98,19.0,0.39,0.64,2945.4,,544514.0,19324680.0,7.05,,,,7.48,7.45,7.48,7.72
2008-12-30 00:00:00+00:00,105.8,109.26,0.0,4514.02,20.3,0.39,0.69,17337.0,,544514.0,19324680.0,7.54,,,,,8.0,7.54,8.0
2008-12-31 00:00:00+00:00,111.1,114.8,0.0,4742.71,21.3,0.39,0.72,43946.1,,544514.0,19324680.0,7.93,,,,8.41,8.4,8.17,8.52
2009-01-01 00:00:00+00:00,111.1,114.8,0.0,4742.71,21.3,0.39,0.61,,,544514.0,17158190.0,9.35,,,,,,,
2009-01-02 00:00:00+00:00,111.1,114.8,0.0,4742.71,21.3,0.39,0.61,,,544514.0,17158190.0,9.35,,,,,,,
2009-01-05 00:00:00+00:00,109.2,112.82,0.0,4661.04,21.0,0.39,0.59,15578.3,,544514.0,17158190.0,9.19,,,,8.27,8.26,8.25,8.57
2009-01-06 00:00:00+00:00,107.8,111.37,0.0,4601.14,20.7,0.39,0.59,8246.9,,544514.0,17158190.0,9.07,,,,8.16,8.15,8.13,8.26
2009-01-07 00:00:00+00:00,106.5,110.05,0.0,4546.69,20.4,0.39,0.58,7729.8,,544514.0,17158190.0,8.96,,,,8.11,8.06,8.06,8.36
2009-01-08 00:00:00+00:00,105.0,108.47,0.0,4481.35,20.2,0.39,0.57,14385.3,,544514.0,17158190.0,8.83,,,,7.96,7.94,7.87,8.33
2009-01-09 00:00:00+00:00,105.4,108.87,0.0,4497.68,20.2,0.39,0.57,5986.0,,544514.0,17158190.0,8.86,,,,8.0,7.97,7.96,8.16
2009-01-12 00:00:00+00:00,102.3,105.7,0.0,4367.0,19.6,0.39,0.56,2972.3,,544514.0,17158190.0,8.61,,,,7.75,7.74,7.73,7.96
2009-01-13 00:00:00+00:00,104.3,107.81,0.0,4454.12,20.0,0.39,0.57,2133.3,,544514.0,17158190.0,8.78,,,,7.9,7.87,7.72,7.9
2009-01-14 00:00:00+00:00,106.0,109.52,0.0,4524.91,20.3,0.39,0.58,6749.5,,544514.0,17158190.0,8.92,,,,8.04,8.02,7.88,8.21
2009-01-15 00:00:00+00:00,98.6,101.88,0.0,4209.09,18.9,0.39,0.54,7130.8,,544514.0,17158190.0,8.3,,,,7.46,,7.46,7.64
2009-01-16 00:00:00+00:00,93.8,96.87,0.0,4002.18,18.0,0.39,0.51,6849.3,,544514.0,17158190.0,7.89,,,,7.09,7.08,7.06,7.55
2009-01-19 00:00:00+00:00,94.8,97.93,0.0,4045.74,18.2,0.39,0.52,2611.8,,544514.0,17158190.0,7.97,,,,7.22,7.17,7.16,7.34
2009-01-20 00:00:00+00:00,91.8,94.9,0.0,3920.5,17.6,0.39,0.5,2088.6,,544514.0,17158190.0,7.73,,,,6.96,6.95,6.93,7.17
2009-01-21 00:00:00+00:00,91.3,94.37,0.0,3898.72,17.5,0.39,0.5,2883.2,,544514.0,17158190.0,7.68,,,,6.93,6.91,6.48,7.0
2009-01-22 00:00:00+00:00,91.3,94.37,0.0,3898.72,17.5,0.39,0.5,,,544514.0,17158190.0,7.68,,,,,,,
2009-01-23 00:00:00+00:00,91.3,94.37,0.0,3898.72,17.5,0.39,0.5,,,544514.0,17158190.0,7.68,,,,,,,
2009-01-26 00:00:00+00:00,91.3,94.37,0.0,3898.72,17.5,0.39,0.5,,,544514.0,17158190.0,7.68,,,,,,,
2009-01-27 00:00:00+00:00,91.3,94.37,0.0,3898.72,17.5,0.39,0.5,,,544514.0,17158190.0,7.68,,,,,,,
2009-01-28 00:00:00+00:00,91.3,94.37,0.0,3898.72,17.5,0.39,0.5,,,544514.0,17158190.0,7.68,,,,,,,
2009-01-29 00:00:00+00:00,91.3,94.37,0.0,3898.72,17.5,0.39,0.5,,,544514.0,17158190.0,7.68,,,,,,,
2009-01-30 00:00:00+00:00,91.3,94.37,0.0,3898.72,17.5,0.39,0.5,,,544514.0,17158190.0,7.68,,,,,,,
2009-02-02 00:00:00+00:00,91.3,94.37,0.0,3898.72,17.5,0.39,0.5,1978.8,,544514.0,17158190.0,7.68,,,,6.95,6.91,6.85,7.04
2009-02-03 00:00:00+00:00,95.2,98.32,0.0,4062.07,18.3,0.39,0.52,2179.7,,544514.0,17158190.0,8.01,,,,7.21,7.2,6.96,7.23
2009-02-04 00:00:00+00:00,94.7,97.79,0.0,4040.29,18.2,0.39,0.52,2380.7,,544514.0,17158190.0,7.96,,,,7.16,7.15,7.15,7.3
2009-02-05 00:00:00+00:00,94.0,97.14,0.0,4013.07,18.0,0.39,0.51,1389.3,,544514.0,17158190.0,7.91,,,,7.14,7.11,7.11,7.21
2009-02-06 00:00:00+00:00,92.5,95.55,0.0,3947.72,17.8,0.39,0.5,2256.4,,544514.0,17158190.0,7.78,,,,7.0,6.99,7.0,7.24
2009-02-09 00:00:00+00:00,90.6,93.58,0.0,3866.05,17.4,0.39,0.49,3691.3,,544514.0,17158190.0,7.62,,,,6.85,6.84,6.85,7.11
2009-02-10 00:00:00+00:00,88.9,91.86,0.0,3795.26,17.1,0.39,0.48,5730.1,,544514.0,17158190.0,7.48,,,,6.74,6.73,6.52,6.76
2009-02-11 00:00:00+00:00,95.0,98.19,0.0,4056.63,18.2,0.39,0.52,8062.1,,544514.0,17158190.0,8.0,,,,,7.19,6.73,7.19
2009-02-12 00:00:00+00:00,90.8,93.84,0.0,3876.94,17.4,0.39,0.49,8318.0,,544514.0,17158190.0,7.64,,,,6.87,6.86,6.87,7.32
2009-02-13 00:00:00+00:00,91.5,94.5,0.0,3904.16,17.6,0.39,0.5,8907.5,,544514.0,17158190.0,7.69,,,,6.98,6.92,6.87,7.14
2009-02-16 00:00:00+00:00,97.8,101.09,0.0,4176.42,18.8,0.39,0.53,1070.2,,544514.0,17158190.0,8.23,,,,,7.4,7.4,7.4
2009-02-17 00:00:00+00:00,104.6,108.07,0.0,4465.01,20.1,0.39,0.57,2459.5,,544514.0,17158190.0,8.8,,,,,7.92,7.92,7.92
2009-02-18 00:00:00+00:00,104.7,108.21,0.0,4470.45,20.1,0.39,0.57,38560.9,,544514.0,17158190.0,8.81,,,,7.92,7.92,7.89,8.47
2009-02-19 00:00:00+00:00,103.6,107.02,0.0,4421.45,19.9,0.39,0.56,7108.0,,544514.0,17158190.0,8.71,,,,7.85,7.84,7.72,7.88
2009-02-20 00:00:00+00:00,104.0,107.42,0.0,4437.79,20.0,0.39,0.57,8921.0,,544514.0,17158190.0,8.75,,,,7.87,7.86,7.8,8.09
2009-02-23 00:00:00+00:00,101.7,105.04,0.0,4339.77,19.5,0.39,0.55,4711.7,,544514.0,17158190.0,8.55,,,,7.7,7.69,7.6,7.85
2009-02-24 00:00:00+00:00,98.9,102.14,0.0,4219.98,19.0,0.39,0.54,4915.8,,544514.0,17158190.0,8.32,,,,7.53,7.48,7.41,7.64
2009-02-25 00:00:00+00:00,100.7,103.99,0.0,4296.21,19.3,0.39,0.55,5496.0,,544514.0,17158190.0,8.47,,,,7.63,7.62,7.59,7.79
2009-02-26 00:00:00+00:00,101.0,104.38,0.0,4312.55,19.4,0.39,0.55,3527.6,,544514.0,17158190.0,8.5,,,,7.65,7.64,7.59,7.76
2009-02-27 00:00:00+00:00,101.3,104.65,0.0,4323.44,19.4,0.39,0.55,3354.6,,544514.0,17158190.0,8.52,,,,7.67,7.66,7.61,7.77
2009-03-02 00:00:00+00:00,105.9,109.39,0.0,4519.46,20.3,0.39,0.58,8842.3,,544514.0,17158190.0,8.91,,,,8.01,8.0,7.36,8.01
2009-03-03 00:00:00+00:00,104.3,107.81,0.0,4454.12,20.0,0.39,0.57,6721.6,,544514.0,17158190.0,8.78,,,,7.9,7.89,7.63,8.02
2009-03-04 00:00:00+00:00,105.5,109.0,0.0,4503.13,20.2,0.39,0.57,9481.5,,544514.0,17158190.0,8.88,,,,8.01,7.98,7.9,8.19
2009-03-05 00:00:00+00:00,106.9,110.45,0.0,4563.02,20.5,0.39,0.58,8412.3,,544514.0,17158190.0,8.99,,,,8.11,8.09,7.98,8.26
2009-03-06 00:00:00+00:00,110.3,114.01,0.0,4710.04,21.2,0.39,0.6,9157.2,,544514.0,17158190.0,9.28,,,,8.35,8.34,7.92,8.48
2009-03-09 00:00:00+00:00,111.9,115.59,0.0,4775.38,21.5,0.39,0.61,7543.1,,544514.0,17158190.0,9.41,,,,8.47,8.47,8.21,8.47
2009-03-10 00:00:00+00:00,119.5,123.5,0.0,5102.09,22.9,0.39,0.65,25086.7,,544514.0,17158190.0,10.06,,,,9.04,9.02,8.56,9.05
2009-03-11 00:00:00+00:00,118.4,122.31,0.0,5053.09,22.7,0.39,0.64,16594.6,,544514.0,17158190.0,9.96,,,,8.96,8.9,8.82,9.24
2009-03-12 00:00:00+00:00,116.1,119.94,0.0,4955.07,22.3,0.39,0.63,7818.7,,544514.0,17158190.0,9.77,,,,8.78,8.77,8.69,9.07
2009-03-13 00:00:00+00:00,114.0,117.83,0.0,4867.95,21.9,0.39,0.62,9449.4,,544514.0,17158190.0,9.59,,,,8.64,8.63,8.59,8.94
2009-03-16 00:00:00+00:00,118.1,122.05,0.0,5042.2,22.7,0.39,0.64,7736.8,,544514.0,17158190.0,9.94,,,,8.95,8.94,8.67,9.02
2009-03-17 00:00:00+00:00,120.2,124.15,0.0,5129.32,23.1,0.39,0.65,9591.3,,544514.0,17158190.0,10.11,,,,9.1,9.09,8.79,9.12
2009-03-18 00:00:00+00:00,127.6,131.8,0.0,5445.14,24.5,0.39,0.69,30179.7,,544514.0,17158190.0,10.73,,,,9.65,9.64,9.27,9.7
2009-03-19 00:00:00+00:00,127.6,131.8,0.0,5445.14,24.5,0.39,0.69,14712.2,,544514.0,17158190.0,10.73,,,,9.7,9.65,9.48,9.8
2009-03-20 00:00:00+00:00,125.0,129.16,0.0,5336.23,24.0,0.39,0.68,10032.6,,544514.0,17158190.0,10.52,,,,9.47,9.46,9.41,9.85
2009-03-23 00:00:00+00:00,126.3,130.48,0.0,5390.68,24.2,0.39,0.69,7565.9,,544514.0,17158190.0,10.62,,,,9.56,9.54,9.32,9.59
2009-03-24 00:00:00+00:00,126.0,130.22,0.0,5379.79,24.2,0.39,0.69,9942.5,,544514.0,17158190.0,10.6,,,,9.56,9.54,9.51,9.8
2009-03-25 00:00:00+00:00,133.9,138.39,0.0,5717.39,25.7,0.39,0.73,19954.4,,544514.0,17158190.0,11.27,,,,10.14,10.09,9.57,10.14
2009-03-26 00:00:00+00:00,133.9,138.39,0.0,5717.39,25.7,0.39,0.73,23103.8,,544514.0,17158190.0,11.27,,,,10.14,10.09,9.65,10.14
2009-03-27 00:00:00+00:00,129.5,133.78,0.0,5526.81,24.9,0.39,0.71,20034.2,,544514.0,17158190.0,10.89,,,,9.94,9.8,9.8,10.62
2009-03-30 00:00:00+00:00,127.6,131.8,0.0,5445.14,24.5,0.39,0.69,9360.3,,544514.0,17158190.0,10.73,,,,9.7,9.65,9.65,10.09
2009-03-31 00:00:00+00:00,126.8,131.01,0.0,5402.32,24.3,0.39,0.69,6365.2,,543494.0,17158190.0,10.67,,,,9.6,9.59,9.56,9.85
2009-04-01 00:00:00+00:00,129.5,133.78,0.0,5516.46,24.9,0.39,0.71,11997.9,,543494.0,17158190.0,10.89,,,,9.85,9.8,9.75,10.04
2009-04-02 00:00:00+00:00,132.7,137.07,0.0,5652.33,25.5,0.39,0.72,16034.2,,543494.0,17158190.0,11.16,,,,10.09,10.04,9.89,10.28
2009-04-03 00:00:00+00:00,132.7,137.07,0.0,5652.33,25.5,0.39,0.72,11985.5,,543494.0,17158190.0,11.16,,,,10.09,10.04,10.04,10.38
2009-04-06 00:00:00+00:00,135.2,139.71,0.0,5761.03,26.0,0.39,0.74,13690.7,,543494.0,17158190.0,11.38,,,,10.28,10.23,10.14,10.52
2009-04-07 00:00:00+00:00,135.2,139.71,0.0,5761.03,26.0,0.39,0.74,6765.1,,543494.0,17158190.0,11.38,,,,10.28,10.23,10.04,10.33
2009-04-08 00:00:00+00:00,135.9,140.37,0.0,5788.21,26.1,0.39,0.74,20262.1,,543494.0,17158190.0,11.43,,,,10.33,10.28,10.23,10.67
2009-04-09 00:00:00+00:00,138.4,143.0,0.0,5896.9,26.6,0.39,0.75,13798.5,,543494.0,17158190.0,11.64,,,,10.47,10.42,10.33,10.57
2009-04-10 00:00:00+00:00,135.9,140.37,0.0,5788.21,26.1,0.39,0.74,13441.1,,543494.0,17158190.0,11.43,,,,10.33,10.28,10.14,10.62
2009-04-13 00:00:00+00:00,134.6,139.05,0.0,5733.86,25.8,0.39,0.73,9645.2,,543494.0,17158190.0,11.32,,,,10.23,10.18,10.14,10.42
2009-04-14 00:00:00+00:00,135.9,140.37,0.0,5788.21,26.1,0.39,0.74,7987.6,,543494.0,17158190.0,11.43,,,,10.33,10.28,10.14,10.52
2009-04-15 00:00:00+00:00,137.1,141.68,0.0,5842.55,26.3,0.39,0.75,10878.0,,543494.0,17158190.0,11.54,,,,10.42,10.38,10.23,10.62
2009-04-16 00:00:00+00:00,141.0,145.64,0.0,6005.61,27.1,0.39,0.77,22434.6,,543494.0,17158190.0,11.86,,,,10.67,10.62,10.47,11.0
2009-04-17 00:00:00+00:00,131.4,135.75,0.0,5597.98,25.2,0.39,0.72,15627.0,,543494.0,17158190.0,11.05,,,,9.94,,9.94,10.86
2009-04-20 00:00:00+00:00,126.8,131.01,0.0,5402.32,24.3,0.39,0.69,5829.6,,543494.0,17158190.0,10.67,,,,9.6,9.59,9.46,10.04
2009-04-21 00:00:00+00:00,130.1,134.43,0.0,5543.63,25.0,0.39,0.71,4688.9,,543494.0,17158190.0,10.95,,,,9.85,9.8,9.36,9.89
2009-04-22 00:00:00+00:00,130.8,135.09,0.0,5570.81,25.1,0.39,0.71,5956.0,,543494.0,17158190.0,11.0,,,,9.89,9.85,9.75,10.04
2009-04-23 00:00:00+00:00,133.3,137.73,0.0,5679.51,25.6,0.39,0.73,8673.4,,543494.0,17158190.0,11.22,,,,10.09,10.04,9.8,10.14
2009-04-24 00:00:00+00:00,130.1,134.43,0.0,5543.63,25.0,0.39,0.71,7160.8,,543494.0,17158190.0,10.95,,,,9.89,9.85,9.75,10.23
2009-04-27 00:00:00+00:00,126.3,130.48,0.0,5380.59,24.2,0.39,0.69,6938.1,,543494.0,17158190.0,10.62,,,,9.56,9.52,9.21,10.04
2009-04-28 00:00:00+00:00,125.0,129.16,0.0,5326.24,24.0,0.39,0.68,9241.1,,543494.0,17158190.0,10.52,,,,9.47,9.46,9.46,9.94
2009-04-29 00:00:00+00:00,123.7,127.84,0.0,5271.89,23.8,0.39,0.67,4800.8,,543494.0,17158190.0,10.41,,,,9.36,9.35,9.36,9.65
2009-04-30 00:00:00+00:00,132.0,136.41,0.0,5625.16,13.7,0.73,0.72,12098.4,,543494.0,17158190.0,11.11,,,,,9.99,9.7,9.99
2009-05-01 00:00:00+00:00,132.0,136.41,0.0,5625.16,13.7,0.73,0.72,,,543494.0,17158190.0,11.11,,,,,,,
2009-05-04 00:00:00+00:00,132.0,136.41,0.0,5625.16,13.7,0.73,0.72,12206.1,,543494.0,17158190.0,11.11,,,,10.04,9.99,9.94,10.42
2009-05-05 00:00:00+00:00,127.4,131.67,0.0,5429.5,13.2,0.73,0.69,7809.4,,543494.0,17158190.0,10.72,,,,9.65,9.64,9.6,10.14
2009-05-06 00:00:00+00:00,132.0,136.41,0.0,5625.16,13.7,0.73,0.72,11416.7,,543494.0,17158190.0,11.11,,,,10.04,9.99,9.37,10.18
2009-05-07 00:00:00+00:00,137.1,141.68,0.0,5842.55,14.2,0.73,0.75,15402.2,,543494.0,17158190.0,11.54,,,,10.38,10.33,9.85,10.38
2009-05-08 00:00:00+00:00,134.6,139.05,0.0,5733.86,14.0,0.73,0.73,11316.2,,543494.0,17158190.0,11.32,,,,10.23,10.18,10.18,10.47
2009-05-11 00:00:00+00:00,133.9,138.39,0.0,5706.68,13.9,0.73,0.73,8629.9,,543494.0,17158190.0,11.27,,,,10.18,10.14,10.14,10.38
2009-05-12 00:00:00+00:00,128.8,133.12,0.0,5489.29,13.4,0.73,0.7,5533.3,,543494.0,17158190.0,10.84,,,,9.8,9.75,9.75,10.14
2009-05-13 00:00:00+00:00,134.6,139.05,0.0,5733.86,14.0,0.73,0.73,12806.0,,543494.0,17158190.0,11.32,,,,10.18,10.14,9.75,10.38
2009-05-14 00:00:00+00:00,132.0,136.41,0.0,5625.16,13.7,0.73,0.72,6730.9,,543494.0,17158190.0,11.11,,,,10.04,9.99,9.99,10.33
2009-05-15 00:00:00+00:00,133.3,137.73,0.0,5679.51,13.8,0.73,0.73,7129.8,,543494.0,17158190.0,11.22,,,,10.14,10.09,10.04,10.28
2009-05-18 00:00:00+00:00,142.2,146.96,0.0,6059.95,15.8,0.68,0.77,21584.0,,543494.0,17158190.0,11.97,,,,,10.76,9.99,10.76
2009-05-19 00:00:00+00:00,142.9,147.61,0.0,6087.13,15.9,0.68,0.78,41203.8,,543494.0,17158190.0,12.02,,,,10.86,10.81,10.76,11.34
2009-05-20 00:00:00+00:00,141.0,145.64,0.0,6005.61,15.6,0.68,0.77,12816.4,,543494.0,17158190.0,11.86,,,,10.71,10.67,10.42,10.96
2009-05-21 00:00:00+00:00,142.9,147.61,0.0,6087.13,15.9,0.68,0.78,9030.8,,543494.0,17158190.0,12.02,,,,10.81,10.76,10.62,10.86
2009-05-22 00:00:00+00:00,141.6,146.3,0.0,6032.78,15.7,0.68,0.77,10908.0,,543494.0,17158190.0,11.91,,,,10.76,10.71,10.57,11.0
2009-05-25 00:00:00+00:00,144.8,149.59,0.0,6168.65,16.1,0.68,0.79,14198.4,,543494.0,17158190.0,12.18,,,,11.0,10.96,10.81,11.15
2009-05-26 00:00:00+00:00,140.3,144.98,0.0,5978.43,15.6,0.68,0.76,11017.9,,543494.0,17158190.0,11.81,,,,10.67,10.62,10.62,11.1
2009-05-27 00:00:00+00:00,144.8,149.59,0.0,6168.65,16.1,0.68,0.79,9238.0,,543494.0,17158190.0,12.18,,,,11.0,10.96,10.71,11.05
2009-05-28 00:00:00+00:00,144.8,149.59,0.0,6168.65,16.1,0.68,0.79,,,543494.0,17158190.0,12.18,,,,,,,
2009-05-29 00:00:00+00:00,144.8,149.59,0.0,6168.65,16.1,0.68,0.79,,,543494.0,17158190.0,12.18,,,,,,,
2009-06-01 00:00:00+00:00,154.4,159.48,0.0,6576.27,17.1,0.68,0.84,27306.9,,543494.0,17158190.0,12.99,,,,,11.68,11.05,11.68
2009-06-02 00:00:00+00:00,151.2,156.18,0.0,6440.4,16.8,0.68,0.82,24733.4,,543494.0,17158190.0,12.72,,,,11.49,11.44,11.39,12.26
2009-06-03 00:00:00+00:00,149.9,154.86,5.63,6386.05,16.6,0.68,0.82,11155.6,,543494.0,17158190.0,12.61,,,,11.39,11.34,11.15,11.63
2009-06-04 00:00:00+00:00,155.6,160.79,5.42,6630.63,17.3,0.68,0.85,15079.0,,543494.0,17158190.0,13.09,,,,11.78,11.73,11.44,11.92
2009-06-05 00:00:00+00:00,152.4,157.5,5.53,6494.75,16.9,0.68,0.83,12042.5,,543494.0,17158190.0,12.82,,,,11.58,11.53,11.49,12.02
2009-06-08 00:00:00+00:00,146.1,150.91,5.77,6223.0,16.2,0.68,0.8,10629.4,,543494.0,17158190.0,12.29,,,,11.1,11.05,11.0,11.87
2009-06-09 00:00:00+00:00,139.7,144.32,6.04,5951.25,15.5,0.68,0.76,8623.7,,543494.0,17158190.0,11.75,,,,10.57,10.52,10.52,11.2
2009-06-10 00:00:00+00:00,139.7,144.32,6.04,5951.25,15.5,0.68,0.76,5168.6,,543494.0,17158190.0,11.75,,,,10.62,10.57,10.47,10.76
2009-06-11 00:00:00+00:00,142.9,147.61,5.9,6087.13,15.9,0.68,0.78,4294.2,,543494.0,17158190.0,12.02,,,,10.81,10.76,10.52,10.86
2009-06-12 00:00:00+00:00,145.4,150.25,5.8,6195.83,16.1,0.68,0.79,6239.8,,543494.0,17158190.0,12.23,,,,11.0,10.96,10.76,11.1
2009-06-15 00:00:00+00:00,135.9,140.37,6.21,5788.21,15.1,0.68,0.74,9026.7,,543494.0,17158190.0,11.43,,,,10.28,,10.28,10.86
2009-06-16 00:00:00+00:00,132.7,137.07,6.36,5652.33,14.7,0.68,0.72,4646.5,,543494.0,17158190.0,11.16,,,,10.04,9.99,9.7,10.18
2009-06-17 00:00:00+00:00,135.9,140.37,6.21,5788.21,15.1,0.68,0.74,4902.3,,543494.0,17158190.0,11.43,,,,10.28,10.23,9.94,10.28
2009-06-18 00:00:00+00:00,132.7,137.07,6.36,5652.33,14.7,0.68,0.72,5617.2,,543494.0,17158190.0,11.16,,,,10.04,9.99,9.94,10.38
2009-06-19 00:00:00+00:00,124.1,136.95,6.79,5288.19,13.8,0.68,0.68,6404.6,,543494.0,17158190.0,10.44,,,,9.39,9.37,9.39,9.58
2009-06-22 00:00:00+00:00,125.9,138.92,6.7,5364.28,14.0,0.68,0.69,3093.5,,543494.0,17158190.0,10.59,,,,9.55,9.53,9.39,9.6
2009-06-23 00:00:00+00:00,124.2,137.09,6.79,5293.63,13.8,0.68,0.68,4231.0,,543494.0,17158190.0,10.45,,,,9.42,9.4,9.37,9.58
2009-06-24 00:00:00+00:00,127.6,140.75,6.61,5434.94,14.2,0.68,0.69,7974.1,,543494.0,17158190.0,10.73,,,,9.7,9.65,9.4,9.75
2009-06-25 00:00:00+00:00,131.4,144.97,6.42,5597.98,14.6,0.68,0.72,12504.5,,543494.0,17158190.0,11.05,,,,9.99,9.94,9.58,10.14
2009-06-26 00:00:00+00:00,129.5,142.86,6.51,5516.46,14.4,0.68,0.71,3615.6,,543494.0,17158190.0,10.89,,,,9.85,9.8,9.75,10.09
2009-06-29 00:00:00+00:00,127.2,140.33,6.63,5418.63,14.1,0.68,0.69,2278.2,,543494.0,17158190.0,10.7,,,,9.65,9.62,9.6,9.85
2009-06-30 00:00:00+00:00,135.9,149.9,6.21,5788.21,15.1,0.68,0.74,20883.7,,543494.0,17158190.0,11.43,,,,,10.28,9.62,10.28
2009-07-01 00:00:00+00:00,138.4,152.72,6.09,5896.9,15.4,0.68,0.75,28389.5,,543494.0,17158190.0,11.64,,,,10.52,10.47,10.28,10.71
2009-07-02 00:00:00+00:00,137.1,151.31,6.15,5842.55,15.2,0.68,0.75,8489.0,,543494.0,17158190.0,11.54,,,,10.42,10.38,10.33,10.52
2009-07-03 00:00:00+00:00,135.2,149.2,6.24,5761.03,15.0,0.68,0.74,6494.7,,543494.0,17158190.0,11.38,,,,10.23,10.18,9.94,10.28
2009-07-06 00:00:00+00:00,135.9,149.9,6.21,5788.21,15.1,0.68,0.74,6251.2,,543494.0,17158190.0,11.43,,,,10.38,10.28,10.14,10.57
2009-07-07 00:00:00+00:00,136.5,150.61,6.18,5815.38,15.2,0.68,0.74,4214.4,,543494.0,17158190.0,11.48,,,,10.33,10.28,10.28,10.52
2009-07-08 00:00:00+00:00,140.3,154.83,6.01,5978.43,15.6,0.68,0.76,18376.6,,543494.0,17158190.0,11.81,,,,10.62,10.57,10.33,10.76
2009-07-09 00:00:00+00:00,139.0,153.42,6.06,5924.08,15.4,0.68,0.76,9317.8,,543494.0,17158190.0,11.7,,,,10.57,10.52,10.47,10.81
2009-07-10 00:00:00+00:00,139.0,153.42,6.06,5924.08,15.4,0.68,0.76,8902.3,,543494.0,17158190.0,11.7,,,,10.57,10.52,10.47,10.76
2009-07-13 00:00:00+00:00,139.7,154.12,6.04,5951.25,15.5,0.68,0.76,12566.7,,543494.0,17158190.0,11.75,,,,10.62,10.57,9.94,10.67
2009-07-14 00:00:00+00:00,139.7,154.12,6.04,5951.25,15.5,0.68,0.76,22437.7,,543494.0,17158190.0,11.75,,,,10.62,10.57,10.47,10.86
2009-07-15 00:00:00+00:00,138.4,152.72,6.09,5896.9,15.4,0.68,0.75,7887.1,,543494.0,17158190.0,11.64,,,,10.52,10.47,10.47,10.67
2009-07-16 00:00:00+00:00,137.1,151.31,6.15,5842.55,15.2,0.68,0.75,7137.0,,543494.0,17158190.0,11.54,,,,10.38,10.33,10.38,10.71
2009-07-17 00:00:00+00:00,139.7,154.12,6.04,5951.25,15.5,0.68,0.76,11902.6,,543494.0,17158190.0,11.75,,,,10.62,10.57,10.42,10.76
2009-07-20 00:00:00+00:00,139.7,154.12,6.04,5951.25,15.5,0.68,0.76,8001.0,,543494.0,17158190.0,11.75,,,,10.62,10.57,10.52,10.76
2009-07-21 00:00:00+00:00,143.5,158.35,5.88,6114.3,15.9,0.68,0.78,16101.5,,543494.0,17158190.0,12.07,,,,10.86,10.81,10.57,11.1
2009-07-22 00:00:00+00:00,141.6,156.24,5.95,6032.78,15.7,0.68,0.77,8011.4,,543494.0,17158190.0,11.91,,,,10.76,10.71,10.67,11.05
2009-07-23 00:00:00+00:00,139.7,154.12,6.04,5951.25,15.5,0.68,0.76,7265.5,,543494.0,17158190.0,11.75,,,,10.62,10.57,10.57,10.86
2009-07-24 00:00:00+00:00,138.4,152.72,6.09,5896.9,15.4,0.68,0.75,6427.3,,543494.0,17158190.0,11.64,,,,10.52,10.47,10.47,10.76
2009-07-27 00:00:00+00:00,139.7,154.12,6.04,5951.25,15.5,0.68,0.76,3971.0,,543494.0,17158190.0,11.75,,,,10.62,10.57,10.47,10.71
2009-07-28 00:00:00+00:00,142.2,156.94,5.93,6059.95,15.8,0.68,0.77,11434.3,,543494.0,17158190.0,11.97,,,,10.76,10.71,10.57,11.0
2009-07-29 00:00:00+00:00,141.6,156.24,5.95,6032.78,15.7,0.68,0.77,7713.0,,543494.0,17158190.0,11.91,,,,10.76,10.71,10.67,10.91
2009-07-30 00:00:00+00:00,140.3,154.83,6.01,5978.43,15.6,0.68,0.76,5346.8,,543494.0,17158190.0,11.81,,,,10.67,10.62,10.52,10.86
2009-07-31 00:00:00+00:00,141.0,155.53,5.98,6005.61,15.6,0.68,0.77,8920.0,,543494.0,17158190.0,11.86,,,,10.71,10.67,10.67,10.96
2009-08-03 00:00:00+00:00,143.5,158.35,5.88,6114.3,15.9,0.68,0.78,7277.9,,543494.0,17158190.0,12.07,,,,10.91,10.86,10.67,10.96
2009-08-04 00:00:00+00:00,139.0,153.42,6.06,5924.08,15.4,0.68,0.76,9313.6,,543494.0,17158190.0,11.7,,,,10.57,10.52,10.52,11.05
2009-08-05 00:00:00+00:00,132.0,145.68,6.39,5625.16,14.7,0.68,0.72,9653.4,,543494.0,17158190.0,11.11,,,,10.04,9.99,9.85,10.62
2009-08-06 00:00:00+00:00,132.7,146.38,6.36,5652.33,14.7,0.68,0.72,3718.2,,543494.0,17158190.0,11.16,,,,10.09,10.04,9.94,10.18
2009-08-07 00:00:00+00:00,132.7,146.38,6.36,5652.33,14.7,0.68,0.72,,,543494.0,17158190.0,11.16,,,,,,,
2009-08-10 00:00:00+00:00,135.9,149.9,6.21,5788.21,15.1,0.68,0.74,3993.8,,543494.0,17158190.0,11.43,,,,10.33,10.28,9.99,10.38
2009-08-11 00:00:00+00:00,135.9,149.9,6.21,5788.21,15.1,0.68,0.74,7508.9,,543494.0,17158190.0,11.43,,,,10.33,10.28,9.99,10.42
2009-08-12 00:00:00+00:00,133.9,147.79,6.3,5706.68,14.9,0.68,0.73,2658.4,,543494.0,17158190.0,11.27,,,,10.23,10.14,10.14,10.38
2009-08-13 00:00:00+00:00,137.1,151.31,6.15,5842.55,15.2,0.68,0.75,4219.6,,543494.0,17158190.0,11.54,,,,10.38,10.33,10.23,10.42
2009-08-14 00:00:00+00:00,137.1,151.31,6.15,5842.55,15.2,0.68,0.75,4141.9,,543494.0,17158190.0,11.54,,,,10.42,10.38,10.33,10.47
2009-08-17 00:00:00+00:00,137.1,151.31,6.15,5842.55,15.2,0.68,0.75,8313.9,,543494.0,17158190.0,11.54,,,,10.42,10.38,10.09,10.38
2009-08-18 00:00:00+00:00,138.4,152.72,6.09,5896.9,15.4,0.68,0.75,12279.7,,543494.0,17158190.0,11.64,,,,10.47,10.42,9.99,10.47
2009-08-19 00:00:00+00:00,140.3,154.83,6.01,5978.43,15.6,0.68,0.76,29295.0,,543494.0,17158190.0,11.81,,,,10.62,10.57,10.47,10.81
2009-08-20 00:00:00+00:00,135.2,149.2,6.24,5761.03,15.0,0.68,0.74,5100.2,,543494.0,17158190.0,11.38,,,,10.28,10.23,10.23,10.57
2009-08-21 00:00:00+00:00,132.7,146.38,6.36,5652.33,14.7,0.68,0.72,4952.1,,543494.0,17158190.0,11.16,,,,10.04,9.99,9.99,10.47
2009-08-24 00:00:00+00:00,134.6,148.49,6.27,5733.86,14.9,0.68,0.73,2486.4,,543494.0,17158190.0,11.32,,,,10.23,10.18,10.14,10.28
2009-08-25 00:00:00+00:00,132.7,146.38,6.36,5652.33,14.7,0.68,0.72,2193.2,,543494.0,17158190.0,11.16,,,,10.09,10.04,10.04,10.23
2009-08-26 00:00:00+00:00,130.1,143.57,6.48,5543.63,14.4,0.68,0.71,3634.3,,543494.0,17158190.0,10.95,,,,9.89,9.85,9.85,10.14
2009-08-27 00:00:00+00:00,131.4,144.97,6.42,5597.98,14.6,0.68,0.72,3993.8,,543494.0,17158190.0,11.05,,,,9.99,9.94,9.89,10.18
2009-08-28 00:00:00+00:00,131.4,144.97,6.42,5597.98,14.6,0.68,0.72,3335.9,,543494.0,17158190.0,11.05,,,,9.99,9.94,9.89,10.14
2009-08-31 00:00:00+00:00,133.9,147.79,6.3,5706.68,14.9,0.68,0.73,5143.7,,543494.0,17158190.0,11.27,,,,10.18,10.14,10.14,10.33
2009-09-01 00:00:00+00:00,137.1,151.31,6.15,5842.55,17.3,0.6,0.75,8011.4,,543494.0,17158190.0,11.54,,,,10.38,10.33,10.09,10.52
2009-09-02 00:00:00+00:00,135.2,149.2,6.24,5761.03,17.1,0.6,0.74,4808.1,,543494.0,17158190.0,11.38,,,,10.33,10.23,10.18,10.38
2009-09-03 00:00:00+00:00,135.9,149.9,6.21,5788.21,17.1,0.6,0.74,5196.6,,543494.0,17158190.0,11.43,,,,10.33,10.28,10.23,10.47
2009-09-04 00:00:00+00:00,138.4,152.72,6.09,5896.9,17.5,0.6,0.75,10009.8,,543494.0,17158190.0,11.64,,,,10.52,10.47,10.38,10.62
2009-09-07 00:00:00+00:00,137.8,152.01,6.12,5869.73,17.4,0.6,0.75,5048.4,,543494.0,17158190.0,11.59,,,,10.42,10.38,10.38,10.62
2009-09-08 00:00:00+00:00,138.4,152.72,6.09,5896.9,17.5,0.6,0.75,11788.6,,543494.0,17158190.0,11.64,,,,10.52,10.47,10.33,10.71
2009-09-09 00:00:00+00:00,137.1,151.31,6.15,5842.55,17.3,0.6,0.75,5902.1,,543494.0,17158190.0,11.54,,,,10.42,10.38,10.23,10.57
2009-09-10 00:00:00+00:00,135.9,149.9,6.21,5788.21,17.1,0.6,0.74,4536.6,,543494.0,17158190.0,11.43,,,,10.33,10.28,10.28,10.57
2009-09-11 00:00:00+00:00,137.1,151.31,6.15,5842.55,17.3,0.6,0.75,5870.0,,543494.0,17158190.0,11.54,,,,10.42,10.38,10.28,10.57
2009-09-14 00:00:00+00:00,135.9,149.9,6.21,5788.21,17.1,0.6,0.74,3083.1,,543494.0,17158190.0,11.43,,,,10.33,10.28,10.28,10.52
2009-09-15 00:00:00+00:00,138.4,152.72,6.09,5896.9,17.5,0.6,0.75,7042.7,,543494.0,17158190.0,11.64,,,,10.52,10.47,10.28,10.57
2009-09-16 00:00:00+00:00,141.0,155.53,5.98,6005.61,17.8,0.6,0.77,12723.1,,543494.0,17158190.0,11.86,,,,10.71,10.67,10.52,10.81
2009-09-17 00:00:00+00:00,139.7,154.12,6.04,5951.25,17.6,0.6,0.76,6967.1,,543494.0,17158190.0,11.75,,,,10.62,10.57,10.52,10.86
2009-09-18 00:00:00+00:00,139.7,154.12,6.04,5951.25,17.6,0.6,0.76,4161.6,,543494.0,17158190.0,11.75,,,,10.62,10.57,10.52,10.71
2009-09-21 00:00:00+00:00,142.2,156.94,5.93,6059.95,17.9,0.6,0.77,9045.3,,543494.0,17158190.0,11.97,,,,10.81,10.76,10.57,10.86
2009-09-22 00:00:00+00:00,141.0,155.53,5.98,6005.61,17.8,0.6,0.77,6928.8,,543494.0,17158190.0,11.86,,,,10.71,10.67,10.57,10.81
2009-09-23 00:00:00+00:00,144.8,159.75,5.82,6168.65,18.3,0.6,0.79,24692.0,,543494.0,17158190.0,12.18,,,,10.96,10.91,10.71,11.29
2009-09-24 00:00:00+00:00,144.8,159.75,5.82,6168.65,18.3,0.6,0.79,7476.8,,543494.0,17158190.0,12.18,,,,11.0,10.96,10.81,11.1
2009-09-25 00:00:00+00:00,144.2,159.05,5.85,6141.48,18.2,0.6,0.78,4276.6,,543494.0,17158190.0,12.13,,,,10.96,10.91,10.81,11.05
2009-09-28 00:00:00+00:00,146.1,161.16,5.77,6223.0,18.4,0.6,0.8,10793.0,,543494.0,17158190.0,12.29,,,,11.1,11.05,10.91,11.2
2009-09-29 00:00:00+00:00,146.1,161.16,5.77,6223.0,18.4,0.6,0.8,7793.8,,543494.0,17158190.0,12.29,,,,11.1,11.05,11.0,11.25
2009-09-30 00:00:00+00:00,146.7,161.87,5.75,6250.18,18.5,0.6,0.8,10639.7,,543494.0,17158190.0,12.34,,,,11.15,11.1,11.05,11.34
2009-10-01 00:00:00+00:00,146.1,161.16,5.77,6223.0,18.4,0.6,0.8,7593.9,,543494.0,17158190.0,12.29,,,,11.1,11.05,11.0,11.2
2009-10-02 00:00:00+00:00,144.8,159.75,5.82,6168.65,18.3,0.6,0.79,6182.8,,543494.0,17158190.0,12.18,,,,11.0,10.96,10.86,11.15
2009-10-05 00:00:00+00:00,145.4,160.46,5.8,6195.83,18.3,0.6,0.79,2729.9,,543494.0,17158190.0,12.23,,,,11.05,11.0,10.96,11.15
2009-10-06 00:00:00+00:00,149.3,164.68,5.65,6358.88,18.8,0.6,0.81,9701.1,,543494.0,17158190.0,12.56,,,,11.34,11.29,11.1,11.53
2009-10-07 00:00:00+00:00,159.5,175.94,5.29,6793.67,20.1,0.6,0.87,14803.4,,543494.0,17158190.0,13.42,,,,,12.07,11.97,12.07
2009-10-08 00:00:00+00:00,153.7,169.61,5.49,6549.1,19.4,0.6,0.84,14797.2,,543494.0,17158190.0,12.93,,,,11.68,11.63,11.58,12.21
2009-10-09 00:00:00+00:00,155.0,171.01,5.44,6603.45,19.5,0.6,0.84,6942.2,,543494.0,17158190.0,13.04,,,,11.78,11.73,11.68,11.92
2009-10-12 00:00:00+00:00,156.9,173.13,5.37,6684.97,19.8,0.6,0.85,4986.3,,543494.0,17158190.0,13.2,,,,11.92,11.87,11.78,11.92
2009-10-13 00:00:00+00:00,163.9,180.87,5.14,6983.89,20.7,0.6,0.89,14573.4,,543494.0,17158190.0,13.79,,,,12.4,12.36,11.58,12.45
2009-10-14 00:00:00+00:00,163.9,180.87,5.14,6983.89,20.7,0.6,0.89,27307.9,,543494.0,17158190.0,13.79,,,,12.4,12.36,12.26,12.74
2009-10-15 00:00:00+00:00,161.4,178.05,5.23,6875.2,20.4,0.6,0.88,11564.9,,543494.0,17158190.0,13.58,,,,12.26,12.21,12.16,12.6
2009-10-16 00:00:00+00:00,162.0,178.76,5.2,6902.37,20.4,0.6,0.88,9185.2,,543494.0,17158190.0,13.63,,,,12.31,12.26,12.11,12.45
2009-10-19 00:00:00+00:00,162.6,179.46,5.18,6929.54,20.5,0.6,0.89,7537.9,,543494.0,17158190.0,13.68,,,,12.36,12.31,12.16,12.55
2009-10-20 00:00:00+00:00,163.3,180.16,5.16,6956.72,20.6,0.6,0.89,6736.1,,543494.0,17158190.0,13.74,,,,12.4,12.36,12.31,12.5
2009-10-21 00:00:00+00:00,163.9,180.87,5.14,6983.89,20.7,0.6,0.89,12792.5,,543494.0,17158190.0,13.79,,,,12.4,12.36,12.21,12.64
2009-10-22 00:00:00+00:00,161.4,178.05,5.23,6875.2,20.4,0.6,0.88,6903.9,,543494.0,17158190.0,13.58,,,,12.26,12.21,12.16,12.4
2009-10-23 00:00:00+00:00,162.6,179.46,5.18,6929.54,20.5,0.6,0.89,4869.2,,543494.0,17158190.0,13.68,,,,12.36,12.31,12.21,12.4
2009-10-26 00:00:00+00:00,162.6,179.46,5.18,6929.54,20.5,0.6,0.89,7809.4,,543494.0,17158190.0,13.68,,,,12.36,12.31,12.31,12.5
2009-10-27 00:00:00+00:00,162.0,178.76,5.2,6902.37,20.4,0.6,0.88,4945.9,,543494.0,17158190.0,13.63,,,,12.31,12.26,12.21,12.5
2009-10-28 00:00:00+00:00,161.4,178.05,5.23,6875.2,20.4,0.6,0.88,5416.2,,543494.0,17158190.0,13.58,,,,12.21,12.16,12.11,12.36
2009-10-29 00:00:00+00:00,154.4,170.31,5.46,6576.27,19.5,0.6,0.84,9329.2,,543494.0,17158190.0,12.99,,,,11.82,11.68,11.49,11.92
2009-10-30 00:00:00+00:00,157.5,173.83,5.35,6712.15,19.9,0.6,0.86,4839.2,,543494.0,17158190.0,13.25,,,,11.92,11.87,11.73,11.92
2009-11-02 00:00:00+00:00,155.6,171.72,5.42,6630.63,28.4,0.41,0.85,2265.7,,543494.0,17158190.0,13.09,,,,11.82,11.78,11.63,11.82
2009-11-03 00:00:00+00:00,155.6,171.72,5.42,6630.63,28.4,0.41,0.85,2317.5,,543494.0,17158190.0,13.09,,,,11.78,11.73,11.68,12.02
2009-11-04 00:00:00+00:00,157.5,173.83,5.35,6712.15,28.8,0.41,0.86,2842.8,,543494.0,17158190.0,13.25,,,,11.97,11.92,11.82,12.02
2009-11-05 00:00:00+00:00,154.4,170.31,5.46,6576.27,28.2,0.41,0.84,2867.6,,543494.0,17158190.0,12.99,,,,11.78,11.68,11.68,11.92
2009-11-06 00:00:00+00:00,156.3,172.42,5.4,6657.8,28.5,0.41,0.85,5158.2,,543494.0,17158190.0,13.15,,,,11.92,11.82,11.82,12.11
2009-11-09 00:00:00+00:00,155.6,171.72,5.42,6630.63,28.4,0.41,0.85,1810.9,,543494.0,17158190.0,13.09,,,,11.82,11.78,11.78,12.07
2009-11-10 00:00:00+00:00,155.6,171.72,5.42,6630.63,28.4,0.41,0.85,1733.2,,543494.0,17158190.0,13.09,,,,11.82,11.78,11.78,11.97
2009-11-11 00:00:00+00:00,156.9,173.13,5.37,6684.97,28.6,0.41,0.85,1653.5,,543494.0,17158190.0,13.2,,,,11.92,11.87,11.78,11.97
2009-11-12 00:00:00+00:00,156.9,173.13,5.37,6684.97,28.6,0.41,0.85,2817.9,,543494.0,17158190.0,13.2,,,,11.92,11.87,11.87,12.07
2009-11-13 00:00:00+00:00,157.5,173.83,5.35,6712.15,28.8,0.41,0.86,1816.1,,543494.0,17158190.0,13.25,,,,11.97,11.92,11.87,12.02
2009-11-16 00:00:00+00:00,162.6,179.46,5.18,6929.54,29.7,0.41,0.89,7942.0,,543494.0,17158190.0,13.68,,,,12.36,12.31,12.07,12.45
2009-11-17 00:00:00+00:00,162.0,178.76,5.2,6902.37,29.6,0.41,0.88,4153.3,,543494.0,17158190.0,13.63,,,,12.31,12.26,12.16,12.45
2009-11-18 00:00:00+00:00,163.9,180.87,5.14,6983.89,29.9,0.41,0.89,7935.8,,543494.0,17158190.0,13.79,,,,12.45,12.4,12.36,12.64
2009-11-19 00:00:00+00:00,166.5,183.68,5.07,7092.59,30.4,0.41,0.91,13081.6,,543494.0,17158190.0,14.01,,,,12.64,12.6,12.36,12.89
2009-11-20 00:00:00+00:00,167.1,184.39,5.05,7119.77,30.5,0.41,0.91,12296.3,,543494.0,17158190.0,14.06,,,,12.69,12.64,12.4,12.89
2009-11-23 00:00:00+00:00,164.6,181.57,5.12,7011.07,30.0,0.41,0.9,3390.8,,543494.0,17158190.0,13.84,,,,12.5,12.45,12.45,12.74
2009-11-24 00:00:00+00:00,163.9,180.87,5.14,6983.89,29.9,0.41,0.89,4752.1,,543494.0,17158190.0,13.79,,,,12.45,12.4,12.26,12.64
2009-11-25 00:00:00+00:00,163.3,180.16,5.16,6956.72,29.8,0.41,0.89,3544.2,,543494.0,17158190.0,13.74,,,,12.4,12.36,12.31,12.55
2009-11-26 00:00:00+00:00,162.0,178.76,5.2,6902.37,29.6,0.41,0.88,3858.1,,543494.0,17158190.0,13.63,,,,12.31,12.26,12.26,12.45
2009-11-27 00:00:00+00:00,156.3,172.42,5.4,6657.8,28.5,0.41,0.85,5504.3,,543494.0,17158190.0,13.15,,,,11.87,11.82,11.82,12.16
2009-11-30 00:00:00+00:00,160.1,176.64,5.27,6820.84,29.2,0.41,0.87,2871.8,,543494.0,17158190.0,13.47,,,,12.16,12.11,11.92,12.26
2009-12-01 00:00:00+00:00,160.1,176.64,5.27,6820.84,29.2,0.41,0.87,2729.9,,543494.0,17158190.0,13.47,,,,12.16,12.11,12.07,12.31
2009-12-02 00:00:00+00:00,160.7,177.35,5.25,6848.02,29.3,0.41,0.88,4483.8,,543494.0,17158190.0,13.52,,,,12.21,12.16,12.16,12.45
2009-12-03 00:00:00+00:00,163.3,180.16,5.16,6956.72,29.8,0.41,0.89,4434.1,,543494.0,17158190.0,13.74,,,,12.4,12.36,12.16,12.36
2009-12-04 00:00:00+00:00,162.6,179.46,5.18,6929.54,29.7,0.41,0.89,8258.0,,543494.0,17158190.0,13.68,,,,12.36,12.31,12.26,12.64
2009-12-07 00:00:00+00:00,163.9,180.87,5.14,6983.89,29.9,0.41,0.89,6261.6,,543494.0,17158190.0,13.79,,,,12.45,12.4,12.36,12.55
2009-12-08 00:00:00+00:00,163.9,180.87,5.14,6983.89,29.9,0.41,0.89,7695.4,,543494.0,17158190.0,13.79,,,,12.45,12.4,12.36,12.64
2009-12-09 00:00:00+00:00,163.9,180.87,5.14,6983.89,29.9,0.41,0.89,5740.5,,543494.0,17158190.0,13.79,,,,12.4,12.36,12.31,12.55
2009-12-10 00:00:00+00:00,162.0,178.76,5.2,6413.74,29.6,0.41,0.88,5732.2,,505019.0,17158190.0,13.63,,,,12.31,12.26,12.21,12.6
2009-12-11 00:00:00+00:00,163.3,180.16,5.16,6464.24,29.8,0.41,0.89,4137.8,,505019.0,17158190.0,13.74,,,,12.4,12.36,12.26,12.5
2009-12-14 00:00:00+00:00,163.9,180.87,5.14,6489.49,29.9,0.41,0.89,6111.4,,505019.0,17158190.0,13.79,,,,12.45,12.4,12.36,12.6
2009-12-15 00:00:00+00:00,174.8,192.83,4.82,6918.76,31.9,0.41,0.95,27649.8,,505019.0,17158190.0,14.7,,,,,13.22,12.5,13.22
2009-12-16 00:00:00+00:00,178.6,197.05,4.72,7070.26,32.6,0.41,0.97,26738.1,,505019.0,17158190.0,15.03,,,,13.56,13.51,13.32,13.9
2009-12-17 00:00:00+00:00,171.6,189.31,4.91,6792.5,31.3,0.41,0.93,13572.6,,505019.0,17158190.0,14.43,,,,13.03,12.98,12.98,13.8
2009-12-18 00:00:00+00:00,183.1,201.98,4.61,7247.02,33.4,0.41,1.0,21378.9,,505019.0,17158190.0,15.4,,,,,13.85,13.03,13.85
2009-12-21 00:00:00+00:00,179.2,197.76,4.7,7095.51,32.7,0.41,0.98,15256.1,,505019.0,17158190.0,15.08,,,,13.56,13.51,13.56,14.14
2009-12-22 00:00:00+00:00,177.3,195.65,4.76,7019.76,32.4,0.41,0.97,8022.8,,505019.0,17158190.0,14.92,,,,13.47,13.42,13.42,13.71
2009-12-23 00:00:00+00:00,179.9,198.46,4.69,7120.76,32.8,0.41,0.98,9738.4,,505019.0,17158190.0,15.13,,,,13.66,13.61,13.51,13.9
2009-12-24 00:00:00+00:00,176.0,194.24,4.79,6969.26,32.1,0.41,0.96,9579.9,,505019.0,17158190.0,14.81,,,,13.37,13.32,13.22,13.8
2009-12-25 00:00:00+00:00,179.2,197.76,4.7,7095.51,32.7,0.41,0.98,6451.2,,505019.0,17158190.0,15.08,,,,13.61,13.56,13.37,13.71
2009-12-28 00:00:00+00:00,181.1,199.87,4.65,7171.27,33.1,0.41,0.99,8337.7,,505019.0,17158190.0,15.24,,,,13.75,13.71,13.66,13.9
2009-12-29 00:00:00+00:00,186.2,205.5,4.53,7373.27,34.0,0.41,1.01,10356.9,,505019.0,17158190.0,15.67,,,,14.09,14.04,13.75,14.19
2009-12-30 00:00:00+00:00,199.0,219.57,4.24,7878.29,36.3,0.41,1.08,22508.1,,505019.0,17158190.0,16.74,,,,15.06,15.01,14.14,15.06
2009-12-31 00:00:00+00:00,198.4,218.87,4.25,7853.04,36.2,0.41,1.08,15871.5,,505019.0,17158190.0,16.69,,,,15.06,15.01,14.96,15.49
2010-01-01 00:00:00+00:00,198.4,218.87,4.25,7853.04,36.2,0.41,1.12,,,505019.0,22927033.0,6.7,,,,,,,
2010-01-04 00:00:00+00:00,199.0,219.57,4.24,7878.29,36.3,0.41,1.12,14868.7,,505019.0,22927033.0,6.72,,,,15.06,15.01,14.77,15.35
2010-01-05 00:00:00+00:00,197.7,218.17,4.26,7827.79,36.1,0.41,1.11,13706.3,,505019.0,22927033.0,6.68,,,,14.96,14.91,14.82,15.54
2010-01-06 00:00:00+00:00,196.5,216.76,4.29,7777.29,35.9,0.41,1.11,10360.0,,505019.0,22927033.0,6.64,,,,14.91,14.86,14.67,15.15
2010-01-07 00:00:00+00:00,195.8,216.05,4.31,7752.04,35.7,0.41,1.1,12769.7,,505019.0,22927033.0,6.61,,,,14.82,14.77,14.77,15.35
2010-01-08 00:00:00+00:00,193.9,213.94,4.35,7676.29,35.4,0.41,1.09,11593.9,,505019.0,22927033.0,6.55,,,,14.72,14.67,14.38,14.96
2010-01-11 00:00:00+00:00,192.6,212.54,4.38,7625.78,35.2,0.41,1.08,6669.8,,505019.0,22927033.0,6.51,,,,14.62,14.58,14.48,14.77
2010-01-12 00:00:00+00:00,194.5,214.65,4.33,7701.54,35.5,0.41,1.09,8886.8,,505019.0,22927033.0,6.57,,,,14.72,14.67,14.43,14.77
2010-01-13 00:00:00+00:00,193.3,213.24,4.36,7651.03,35.3,0.41,1.09,6747.5,,505019.0,22927033.0,6.53,,,,14.62,14.58,14.53,14.82
2010-01-14 00:00:00+00:00,193.3,213.24,4.36,7651.03,35.3,0.41,1.09,9447.3,,505019.0,22927033.0,6.53,,,,14.67,14.62,14.62,14.96
2010-01-15 00:00:00+00:00,192.0,211.83,4.39,7600.53,35.0,0.41,1.08,7507.9,,505019.0,22927033.0,6.48,,,,14.58,14.53,14.53,14.82
2010-01-18 00:00:00+00:00,195.8,216.05,4.31,7752.04,35.7,0.41,1.1,11508.9,,505019.0,22927033.0,6.61,,,,14.82,14.77,14.53,15.11
2010-01-19 00:00:00+00:00,195.8,216.05,4.31,7752.04,35.7,0.41,1.1,10319.6,,505019.0,22927033.0,6.61,,,,14.82,14.77,14.82,15.25
2010-01-20 00:00:00+00:00,193.9,213.94,4.35,7676.29,35.4,0.41,1.09,5983.9,,505019.0,22927033.0,6.55,,,,14.72,14.67,14.58,15.06
2010-01-21 00:00:00+00:00,187.5,206.91,4.5,7423.77,34.2,0.41,1.05,6166.3,,505019.0,22927033.0,6.33,,,,14.24,14.19,14.14,14.67
2010-01-22 00:00:00+00:00,181.1,199.87,4.65,7171.27,33.1,0.41,1.02,5701.1,,505019.0,22927033.0,6.12,,,,13.75,13.71,13.61,14.0
2010-01-25 00:00:00+00:00,179.9,198.46,4.69,7120.76,32.8,0.41,1.01,3182.6,,505019.0,22927033.0,6.08,,,,13.66,13.61,13.37,13.8
2010-01-26 00:00:00+00:00,167.8,185.09,5.03,6640.99,30.6,0.41,0.94,7199.2,,505019.0,22927033.0,5.67,,,,12.69,,12.69,13.85
2010-01-27 00:00:00+00:00,165.8,182.98,5.08,6565.24,30.3,0.41,0.93,3720.3,,505019.0,22927033.0,5.6,,,,12.6,12.55,12.45,12.84
2010-01-28 00:00:00+00:00,172.9,190.72,4.88,6843.0,31.5,0.41,0.97,3587.7,,505019.0,22927033.0,5.84,,,,13.08,13.03,12.64,13.18
2010-01-29 00:00:00+00:00,181.1,199.87,4.65,7171.27,33.1,0.41,1.02,9600.6,,505019.0,22927033.0,6.12,,,,13.71,13.66,12.69,13.71
2010-02-01 00:00:00+00:00,186.2,205.5,4.53,7373.27,34.0,0.41,1.05,9816.1,,505019.0,22927033.0,6.29,,,,14.09,14.04,13.61,14.09
2010-02-02 00:00:00+00:00,174.8,192.83,4.82,6918.76,31.9,0.41,0.98,7180.5,,505019.0,22927033.0,5.9,,,,13.42,13.22,13.13,14.24
2010-02-03 00:00:00+00:00,178.6,197.05,4.72,7070.26,32.6,0.41,1.0,3641.5,,505019.0,22927033.0,6.03,,,,13.51,13.47,13.22,13.75
2010-02-04 00:00:00+00:00,177.3,195.65,4.76,7019.76,32.4,0.41,1.0,3803.2,,505019.0,22927033.0,5.99,,,,13.51,13.42,13.42,13.85
2010-02-05 00:00:00+00:00,165.2,182.27,5.1,6539.99,30.1,0.41,0.93,6163.2,,505019.0,22927033.0,5.58,,,,12.55,12.5,12.5,12.98
2010-02-08 00:00:00+00:00,159.5,175.94,5.29,6312.73,29.1,0.41,0.9,2455.3,,505019.0,22927033.0,5.39,,,,12.11,12.07,11.87,12.31
2010-02-09 00:00:00+00:00,164.6,181.57,5.12,6514.74,30.0,0.41,0.93,2549.6,,505019.0,22927033.0,5.56,,,,12.5,12.45,11.92,12.55
2010-02-10 00:00:00+00:00,167.1,184.39,5.05,6615.75,30.5,0.41,0.94,3410.5,,505019.0,22927033.0,5.64,,,,12.64,12.6,12.55,12.84
2010-02-11 00:00:00+00:00,167.1,184.39,5.05,6615.75,30.5,0.41,0.94,,,505019.0,22927033.0,5.64,,,,,,,
2010-02-12 00:00:00+00:00,167.1,184.39,5.05,6615.75,30.5,0.41,0.94,,,505019.0,22927033.0,5.64,,,,,,,
2010-02-15 00:00:00+00:00,167.1,184.39,5.05,6615.75,30.5,0.41,0.94,,,505019.0,22927033.0,5.64,,,,,,,
2010-02-16 00:00:00+00:00,167.1,184.39,5.05,6615.75,30.5,0.41,0.94,,,505019.0,22927033.0,5.64,,,,,,,
2010-02-17 00:00:00+00:00,167.1,184.39,5.05,6615.75,30.5,0.41,0.94,,,505019.0,22927033.0,5.64,,,,,,,
2010-02-18 00:00:00+00:00,167.1,184.39,5.05,6615.75,30.5,0.41,0.94,,,505019.0,22927033.0,5.64,,,,,,,
2010-02-19 00:00:00+00:00,167.1,184.39,5.05,6615.75,30.5,0.41,0.94,,,505019.0,22927033.0,5.64,,,,,,,
2010-02-22 00:00:00+00:00,167.8,185.09,5.03,6640.99,30.6,0.41,0.94,2204.6,,505019.0,22927033.0,5.67,,,,12.69,12.64,12.64,12.93
2010-02-23 00:00:00+00:00,167.8,185.09,5.03,6640.99,30.6,0.41,0.94,1492.9,,505019.0,22927033.0,5.67,,,,12.74,12.69,12.6,12.84
2010-02-24 00:00:00+00:00,171.6,189.31,4.91,6792.5,31.3,0.41,0.97,4318.0,,505019.0,22927033.0,5.8,,,,12.98,12.93,12.5,13.03
2010-02-25 00:00:00+00:00,170.9,188.61,4.93,6767.25,31.2,0.41,0.96,7654.0,,505019.0,22927033.0,5.77,,,,12.98,12.93,12.93,13.27
2010-02-26 00:00:00+00:00,178.6,197.05,4.72,7070.26,32.6,0.41,1.0,7114.2,,505019.0,22927033.0,6.03,,,,13.51,13.47,12.64,13.51
2010-03-01 00:00:00+00:00,179.9,198.46,4.69,7120.76,32.8,0.41,1.01,13066.0,,505019.0,22927033.0,6.08,,,,13.61,13.56,13.32,13.75
2010-03-02 00:00:00+00:00,177.3,195.65,4.76,7019.76,32.4,0.41,1.0,3205.4,,505019.0,22927033.0,5.99,,,,13.47,13.42,13.42,13.71
2010-03-03 00:00:00+00:00,178.6,197.05,4.72,7070.26,32.6,0.41,1.0,5196.6,,505019.0,22927033.0,6.03,,,,13.56,13.51,13.42,13.8
2010-03-04 00:00:00+00:00,185.0,204.09,4.56,7322.77,33.8,0.41,1.04,9112.7,,505019.0,22927033.0,6.25,,,,14.0,13.95,13.42,14.0
2010-03-05 00:00:00+00:00,183.1,201.98,4.61,7247.02,33.4,0.41,1.03,12466.2,,505019.0,22927033.0,6.18,,,,13.9,13.85,13.85,14.24
2010-03-08 00:00:00+00:00,182.4,201.28,4.62,7221.77,33.3,0.41,1.03,5563.3,,505019.0,22927033.0,6.16,,,,13.85,13.8,13.8,14.0
2010-03-09 00:00:00+00:00,178.6,197.05,4.72,7070.26,32.6,0.41,1.0,4760.4,,505019.0,22927033.0,6.03,,,,13.61,13.51,13.51,13.8
2010-03-10 00:00:00+00:00,181.8,200.57,4.64,7196.52,33.2,0.41,1.02,3540.0,,505019.0,22927033.0,6.14,,,,13.8,13.75,13.56,13.95
2010-03-11 00:00:00+00:00,181.8,200.57,4.64,7196.52,33.2,0.41,1.02,5052.6,,505019.0,22927033.0,6.14,,,,13.75,13.71,13.75,14.0
2010-03-12 00:00:00+00:00,178.6,197.05,4.72,7070.26,32.6,0.41,1.0,2622.1,,505019.0,22927033.0,6.03,,,,13.56,13.51,13.51,13.8
2010-03-15 00:00:00+00:00,176.0,194.24,4.79,6969.26,32.1,0.41,0.99,2197.4,,505019.0,22927033.0,5.95,,,,13.37,13.32,13.32,13.71
2010-03-16 00:00:00+00:00,179.9,198.46,4.69,7120.76,32.8,0.41,1.01,4724.2,,505019.0,22927033.0,6.08,,,,13.66,13.61,13.56,13.9
2010-03-17 00:00:00+00:00,183.7,202.68,4.59,7272.27,33.5,0.41,1.03,8877.5,,505019.0,22927033.0,6.2,,,,13.95,13.9,13.66,14.14
2010-03-18 00:00:00+00:00,185.0,204.09,4.56,7322.77,33.8,0.41,1.04,5664.8,,505019.0,22927033.0,6.25,,,,14.04,14.0,13.95,14.14
2010-03-19 00:00:00+00:00,186.9,206.2,4.51,7398.52,34.1,0.41,1.05,5342.6,,505019.0,22927033.0,6.31,,,,14.19,14.14,14.04,14.24
2010-03-22 00:00:00+00:00,185.0,204.09,4.56,7322.77,33.8,0.41,1.04,4376.1,,505019.0,22927033.0,6.25,,,,14.04,14.0,13.9,14.19
2010-03-23 00:00:00+00:00,185.0,204.09,4.56,7322.77,33.8,0.41,1.04,6476.0,,505019.0,22927033.0,6.25,,,,14.04,14.0,14.0,14.29
2010-03-24 00:00:00+00:00,188.8,208.31,4.47,7384.07,34.5,0.41,1.06,8500.4,,498924.0,22927033.0,6.38,,,,14.29,14.24,14.0,14.33
2010-03-25 00:00:00+00:00,194.5,214.65,4.33,7608.59,35.5,0.41,1.09,12341.9,,498924.0,22927033.0,6.57,,,,14.72,14.67,14.14,14.82
2010-03-26 00:00:00+00:00,190.7,210.42,4.42,7458.91,34.8,0.41,1.07,6069.9,,498924.0,22927033.0,6.44,,,,14.48,14.43,14.38,14.67
2010-03-29 00:00:00+00:00,188.8,208.31,4.47,7384.07,34.5,0.41,1.06,3958.6,,498924.0,22927033.0,6.38,,,,14.29,14.24,14.29,14.58
2010-03-30 00:00:00+00:00,186.2,205.5,4.53,7284.29,34.0,0.41,1.05,3163.9,,498924.0,22927033.0,6.29,,,,14.29,14.09,14.09,14.53
2010-03-31 00:00:00+00:00,188.2,207.61,4.48,7359.13,34.3,0.41,1.06,2448.1,,498924.0,22927033.0,6.36,,,,14.24,14.19,14.14,14.29
2010-04-01 00:00:00+00:00,188.2,207.61,4.48,7359.13,34.3,0.41,1.06,6924.6,,498924.0,22927033.0,6.36,,,,14.29,14.24,14.24,14.58
2010-04-02 00:00:00+00:00,185.6,204.79,4.54,7259.34,33.9,0.41,1.04,5435.9,,498924.0,22927033.0,6.27,,,,14.09,14.04,14.04,14.38
2010-04-05 00:00:00+00:00,185.6,204.79,4.54,7259.34,33.9,0.41,1.04,,,498924.0,22927033.0,6.27,,,,,,,
2010-04-06 00:00:00+00:00,187.5,206.91,4.5,7334.18,34.2,0.41,1.05,3375.3,,498924.0,22927033.0,6.33,,,,14.24,14.19,14.14,14.33
2010-04-07 00:00:00+00:00,186.9,206.2,4.51,7309.23,34.1,0.41,1.05,3700.6,,498924.0,22927033.0,6.31,,,,14.19,14.14,14.14,14.33
2010-04-08 00:00:00+00:00,188.2,207.61,4.48,7359.13,34.3,0.41,1.06,8962.4,,498924.0,22927033.0,6.36,,,,14.24,14.19,14.04,14.29
2010-04-09 00:00:00+00:00,189.4,209.02,4.45,7409.02,34.6,0.41,1.07,9971.5,,498924.0,22927033.0,6.4,,,,14.33,14.29,14.14,14.38
2010-04-12 00:00:00+00:00,190.7,210.42,4.42,7458.91,34.8,0.41,1.07,8586.4,,498924.0,22927033.0,6.44,,,,14.48,14.43,14.43,14.77
2010-04-13 00:00:00+00:00,185.6,204.79,4.54,7259.34,33.9,0.41,1.04,4192.7,,498924.0,22927033.0,6.27,,,,14.04,14.0,14.04,14.48
2010-04-14 00:00:00+00:00,192.0,211.83,4.39,7508.8,35.0,0.41,1.08,11676.8,,498924.0,22927033.0,6.48,,,,14.53,14.48,14.14,14.58
2010-04-15 00:00:00+00:00,188.8,208.31,4.47,7384.07,34.5,0.41,1.06,5431.7,,498924.0,22927033.0,6.38,,,,14.33,14.29,14.24,14.62
2010-04-16 00:00:00+00:00,188.8,208.31,4.47,7384.07,34.5,0.41,1.06,3341.1,,498924.0,22927033.0,6.38,,,,14.33,14.29,14.24,14.43
2010-04-19 00:00:00+00:00,183.7,202.68,4.59,7184.5,33.5,0.41,1.03,4807.0,,498924.0,22927033.0,6.2,,,,13.95,13.9,13.51,14.24
2010-04-20 00:00:00+00:00,188.2,207.61,4.48,7359.13,34.3,0.41,1.06,6373.5,,498924.0,22927033.0,6.36,,,,14.29,14.24,14.19,14.53
2010-04-21 00:00:00+00:00,191.4,211.13,4.41,7483.86,34.9,0.41,1.08,7117.3,,498924.0,22927033.0,6.46,,,,14.53,14.48,14.38,14.67
2010-04-22 00:00:00+00:00,193.9,213.94,4.35,7583.64,35.4,0.41,1.09,11358.7,,498924.0,22927033.0,6.55,,,,14.72,14.67,14.43,14.86
2010-04-23 00:00:00+00:00,193.9,213.94,4.35,7583.64,35.4,0.41,1.09,10673.9,,498924.0,22927033.0,6.55,,,,14.67,14.62,14.62,14.96
2010-04-26 00:00:00+00:00,198.4,218.87,4.25,7758.27,12.6,1.19,1.12,13275.3,,498924.0,22927033.0,6.7,,,,15.06,15.01,14.82,15.2
2010-04-27 00:00:00+00:00,197.1,217.46,4.28,7708.38,12.6,1.19,1.11,4983.2,,498924.0,22927033.0,6.66,,,,14.96,14.91,14.86,15.15
2010-04-28 00:00:00+00:00,195.2,215.35,4.32,7633.54,12.4,1.19,1.1,4963.5,,498924.0,22927033.0,6.59,,,,14.82,14.77,14.48,14.86
2010-04-29 00:00:00+00:00,208.6,230.13,4.04,8157.4,13.3,1.19,1.17,32178.2,,498924.0,22927033.0,7.04,,,,,15.78,14.86,15.78
2010-04-30 00:00:00+00:00,211.8,233.65,3.98,8282.13,9.6,1.67,1.19,40953.1,,498924.0,22927033.0,7.15,,,,16.07,16.02,15.78,16.7
2010-05-03 00:00:00+00:00,216.2,238.58,3.9,8456.75,9.8,1.67,1.22,14167.3,,498924.0,22927033.0,7.3,,,,16.41,16.36,15.93,16.6
2010-05-04 00:00:00+00:00,211.1,232.95,3.99,8257.18,9.6,1.67,1.19,11014.8,,498924.0,22927033.0,7.13,,,,16.02,15.97,15.93,16.65
2010-05-05 00:00:00+00:00,203.5,224.5,4.14,7957.84,9.2,1.67,1.14,12318.0,,498924.0,22927033.0,6.87,,,,15.4,15.35,15.11,15.59
2010-05-06 00:00:00+00:00,202.8,223.8,4.16,7932.89,9.2,1.67,1.14,8872.3,,498924.0,22927033.0,6.85,,,,15.4,15.35,15.25,15.69
2010-05-07 00:00:00+00:00,202.2,223.09,4.17,7907.94,9.1,1.67,1.14,7667.4,,498924.0,22927033.0,6.83,,,,15.35,15.3,14.67,15.4
2010-05-10 00:00:00+00:00,209.8,231.54,4.02,8207.29,9.5,1.67,1.18,7486.1,,498924.0,22927033.0,7.09,,,,15.88,15.83,15.35,15.93
2010-05-11 00:00:00+00:00,203.5,224.5,4.14,7957.84,9.2,1.67,1.14,7940.9,,498924.0,22927033.0,6.87,,,,15.44,15.4,15.4,16.07
2010-05-12 00:00:00+00:00,202.8,223.8,4.16,7932.89,9.2,1.67,1.14,5430.7,,498924.0,22927033.0,6.85,,,,15.4,15.35,15.3,15.73
2010-05-13 00:00:00+00:00,206.0,227.32,4.09,8057.62,9.3,1.67,1.16,6464.6,,498924.0,22927033.0,6.96,,,,15.59,15.54,15.54,15.83
2010-05-14 00:00:00+00:00,206.7,228.02,4.08,8082.56,9.4,1.67,1.16,3101.8,,498924.0,22927033.0,6.98,,,,15.64,15.59,15.49,15.73
2010-05-17 00:00:00+00:00,199.6,220.28,4.22,7808.16,9.0,1.67,1.12,5867.9,,498924.0,22927033.0,6.74,,,,15.15,15.11,15.06,15.64
2010-05-18 00:00:00+00:00,200.3,220.98,4.21,7833.11,9.1,1.67,1.13,3471.6,,498924.0,22927033.0,6.76,,,,15.2,15.15,15.11,15.35
2010-05-19 00:00:00+00:00,201.6,222.39,4.18,7883.0,9.1,1.67,1.13,4421.6,,498924.0,22927033.0,6.81,,,,15.35,15.25,15.01,15.4
2010-05-20 00:00:00+00:00,199.0,219.57,4.24,7783.21,9.0,1.67,1.12,4140.9,,498924.0,22927033.0,6.72,,,,15.11,15.06,15.01,15.44
2010-05-21 00:00:00+00:00,193.3,213.24,4.36,7558.7,8.7,1.67,1.09,5525.0,,498924.0,22927033.0,6.53,,,,14.67,14.62,14.38,14.86
2010-05-24 00:00:00+00:00,193.9,213.94,4.35,7583.64,8.8,1.67,1.09,2908.1,,498924.0,22927033.0,6.55,,,,14.72,14.67,14.62,14.82
2010-05-25 00:00:00+00:00,186.9,206.2,4.51,7309.23,8.5,1.67,1.05,5122.0,,498924.0,22927033.0,6.31,,,,14.19,14.14,13.95,14.72
2010-05-26 00:00:00+00:00,189.4,209.02,4.45,7409.02,8.6,1.67,1.07,2665.6,,498924.0,22927033.0,6.4,,,,14.38,14.33,14.14,14.48
2010-05-27 00:00:00+00:00,195.2,215.35,4.32,7633.54,8.8,1.67,1.1,2963.0,,498924.0,22927033.0,6.59,,,,14.77,14.72,14.29,14.82
2010-05-28 00:00:00+00:00,197.1,217.46,4.28,7708.38,8.9,1.67,1.11,5040.1,,498924.0,22927033.0,6.66,,,,14.96,14.91,14.86,15.11
2010-05-31 00:00:00+00:00,197.1,217.46,4.28,7708.38,8.9,1.67,1.11,2443.9,,498924.0,22927033.0,6.66,,,,14.96,14.91,14.86,15.11
2010-06-01 00:00:00+00:00,200.3,220.98,4.21,7833.11,9.1,1.67,1.13,5820.2,,498924.0,22927033.0,6.76,,,,15.2,15.15,14.91,15.49
2010-06-02 00:00:00+00:00,196.5,216.76,4.29,7683.43,8.9,1.67,1.11,3174.3,,498924.0,22927033.0,6.64,,,,14.96,14.86,14.86,15.35
2010-06-03 00:00:00+00:00,199.6,220.28,4.22,7808.16,9.0,1.67,1.12,3259.3,,498924.0,22927033.0,6.74,,,,15.15,15.11,15.11,15.25
2010-06-04 00:00:00+00:00,199.6,220.28,4.22,7808.16,9.0,1.67,1.12,2888.4,,498924.0,22927033.0,6.74,,,,15.15,15.11,15.06,15.35
2010-06-07 00:00:00+00:00,195.2,215.35,4.32,7643.18,8.8,1.67,1.1,2986.8,,499555.0,22927033.0,6.59,,,,14.82,14.77,14.43,14.82
2010-06-08 00:00:00+00:00,197.7,218.17,4.26,7743.1,8.9,1.67,1.11,2615.9,,499555.0,22927033.0,6.68,,,,15.01,14.96,14.77,15.15
2010-06-09 00:00:00+00:00,194.5,214.65,4.33,7618.21,8.8,1.67,1.09,2410.8,,499555.0,22927033.0,6.57,,,,14.77,14.72,14.62,15.11
2010-06-10 00:00:00+00:00,195.2,215.35,4.32,7643.18,8.8,1.67,1.1,1693.9,,499555.0,22927033.0,6.59,,,,14.82,14.77,14.67,14.86
2010-06-11 00:00:00+00:00,200.9,221.68,4.2,7867.99,9.1,1.67,1.13,4952.1,,499555.0,22927033.0,6.79,,,,15.2,15.15,15.15,15.4
2010-06-14 00:00:00+00:00,202.2,223.09,4.17,7917.94,9.1,1.67,1.14,3209.5,,499555.0,22927033.0,6.83,,,,15.3,15.25,15.25,15.49
2010-06-15 00:00:00+00:00,209.8,231.54,4.02,8217.67,9.5,1.67,1.18,15011.6,,499555.0,22927033.0,7.09,,,,15.93,15.88,15.3,15.93
2010-06-16 00:00:00+00:00,209.8,231.54,6.66,8217.67,9.5,1.67,1.18,,,499555.0,22927033.0,7.09,,,,,,,
2010-06-17 00:00:00+00:00,207.3,228.72,6.74,8117.76,9.4,1.67,1.17,8427.9,,499555.0,22927033.0,7.0,,,,15.69,15.64,15.69,16.02
2010-06-18 00:00:00+00:00,207.3,228.72,6.74,8117.76,9.4,1.67,1.17,5347.8,,499555.0,22927033.0,7.0,,,,15.73,15.69,15.69,15.93
2010-06-21 00:00:00+00:00,207.9,229.43,6.72,8142.73,9.4,1.67,1.17,5561.2,,499555.0,22927033.0,7.02,,,,15.78,15.73,15.69,15.93
2010-06-22 00:00:00+00:00,209.2,230.83,6.68,8212.21,9.5,1.67,1.18,5603.7,,500745.0,22927033.0,7.07,,,,15.88,15.83,15.73,15.97
2010-06-23 00:00:00+00:00,210.5,232.24,6.64,8262.29,9.5,1.67,1.18,3796.9,,500745.0,22927033.0,7.11,,,,15.93,15.88,15.78,16.02
2010-06-24 00:00:00+00:00,213.0,235.06,6.56,8362.43,9.6,1.67,1.2,8146.1,,500745.0,22927033.0,7.2,,,,16.17,16.12,15.93,16.31
2010-06-25 00:00:00+00:00,210.5,232.24,6.64,8262.29,9.5,1.67,1.18,4235.2,,500745.0,22927033.0,7.11,,,,15.97,15.93,15.83,16.12
2010-06-28 00:00:00+00:00,209.2,230.83,6.68,8212.21,9.5,1.67,1.18,3673.7,,500745.0,22927033.0,7.07,,,,15.83,15.78,15.78,16.07
2010-06-29 00:00:00+00:00,205.4,226.61,6.81,8061.98,9.3,1.67,1.16,5463.9,,500745.0,22927033.0,6.94,,,,15.59,15.54,15.4,16.02
2010-06-30 00:00:00+00:00,204.7,225.91,6.83,8036.95,9.3,1.67,1.15,4535.6,,500745.0,22927033.0,6.92,,,,15.49,15.44,15.11,15.49
2010-07-01 00:00:00+00:00,206.0,227.32,6.79,8087.02,9.3,1.67,1.16,3537.9,,500745.0,22927033.0,6.96,,,,15.64,15.59,15.25,15.73
2010-07-02 00:00:00+00:00,210.5,232.24,6.64,8262.29,9.5,1.67,1.18,6304.1,,500745.0,22927033.0,7.11,,,,15.97,15.93,15.73,16.02
2010-07-05 00:00:00+00:00,213.7,235.76,6.54,8387.47,9.7,1.67,1.2,12838.1,,500745.0,22927033.0,7.22,,,,16.22,16.17,16.02,16.22
2010-07-06 00:00:00+00:00,200.3,236.41,6.98,7861.69,9.1,1.67,1.13,10935.0,,500745.0,22927033.0,6.76,,,,15.2,15.15,14.96,15.4
2010-07-07 00:00:00+00:00,200.9,237.16,6.96,7886.73,9.1,1.67,1.13,4981.1,,500745.0,22927033.0,6.79,,,,15.25,15.2,15.11,15.4
2010-07-08 00:00:00+00:00,199.0,234.9,7.03,7811.62,9.0,1.67,1.12,6477.1,,500745.0,22927033.0,6.72,,,,15.11,15.06,15.06,15.4
2010-07-09 00:00:00+00:00,198.4,234.15,7.05,7786.58,9.0,1.67,1.12,3966.8,,500745.0,22927033.0,6.7,,,,15.06,15.01,15.01,15.2
2010-07-12 00:00:00+00:00,202.2,238.67,6.91,7936.8,9.1,1.67,1.14,6627.3,,500745.0,22927033.0,6.83,,,,15.35,15.3,15.15,15.49
2010-07-13 00:00:00+00:00,198.4,234.15,7.05,7786.58,9.0,1.67,1.12,4136.7,,500745.0,22927033.0,6.7,,,,15.06,15.01,15.01,15.4
2010-07-14 00:00:00+00:00,200.3,236.41,6.98,7861.69,9.1,1.67,1.13,4041.4,,500745.0,22927033.0,6.76,,,,15.2,15.15,15.11,15.35
2010-07-15 00:00:00+00:00,201.6,237.91,6.94,7911.77,9.1,1.67,1.13,4139.9,,500745.0,22927033.0,6.81,,,,15.25,15.2,15.15,15.35
2010-07-16 00:00:00+00:00,193.3,228.13,7.23,7586.28,8.7,1.67,1.09,14731.9,,500745.0,22927033.0,6.53,,,,14.67,14.62,14.48,15.2
2010-07-19 00:00:00+00:00,193.3,228.13,7.23,7586.28,8.7,1.67,1.09,3553.5,,500745.0,22927033.0,6.53,,,,14.62,14.58,14.38,14.72
2010-07-20 00:00:00+00:00,194.5,229.63,7.19,7636.36,8.8,1.67,1.09,3844.6,,500745.0,22927033.0,6.57,,,,14.77,14.72,14.67,14.82
2010-07-21 00:00:00+00:00,193.3,228.13,7.23,7586.28,8.7,1.67,1.09,3364.9,,500745.0,22927033.0,6.53,,,,14.67,14.62,14.58,14.86
2010-07-22 00:00:00+00:00,195.2,230.38,7.16,7661.39,8.8,1.67,1.1,2187.0,,500745.0,22927033.0,6.59,,,,14.77,14.72,14.62,14.77
2010-07-23 00:00:00+00:00,198.4,234.15,7.05,7786.58,9.0,1.67,1.12,6332.0,,500745.0,22927033.0,6.7,,,,15.06,15.01,14.82,15.15
2010-07-26 00:00:00+00:00,197.1,232.64,7.09,7736.51,8.9,1.67,1.11,3345.2,,500745.0,22927033.0,6.66,,,,14.91,14.86,14.86,15.15
2010-07-27 00:00:00+00:00,196.5,231.89,7.11,7711.47,8.9,1.67,1.11,2374.5,,500745.0,22927033.0,6.64,,,,14.86,14.82,14.82,14.96
2010-07-28 00:00:00+00:00,197.1,232.64,7.09,7736.51,8.9,1.67,1.11,3045.8,,500745.0,22927033.0,6.66,,,,14.91,14.86,14.86,15.06
2010-07-29 00:00:00+00:00,204.1,240.92,6.84,8011.92,9.2,1.67,1.15,14785.8,,500745.0,22927033.0,6.89,,,,15.44,15.4,14.72,15.64
2010-07-30 00:00:00+00:00,203.5,240.17,6.87,7986.88,9.2,1.67,1.14,9402.7,,500745.0,22927033.0,6.87,,,,15.44,15.4,15.3,15.64
2010-08-02 00:00:00+00:00,202.8,239.42,6.89,7968.55,9.2,1.67,1.14,5031.8,,501167.0,22927033.0,6.85,,,,15.4,15.35,15.3,15.59
2010-08-03 00:00:00+00:00,202.2,238.67,6.91,7943.48,9.1,1.67,1.14,6527.8,,501167.0,22927033.0,6.83,,,,15.35,15.3,15.2,15.54
2010-08-04 00:00:00+00:00,204.1,240.92,6.84,8018.66,9.2,1.67,1.15,7246.8,,501167.0,22927033.0,6.89,,,,15.49,15.44,15.35,15.64
2010-08-05 00:00:00+00:00,206.0,243.18,6.78,8093.84,9.3,1.67,1.16,14222.2,,501167.0,22927033.0,6.96,,,,15.64,15.59,15.49,16.02
2010-08-06 00:00:00+00:00,213.0,251.47,6.56,8369.48,9.6,1.67,1.2,15506.8,,501167.0,22927033.0,7.2,,,,16.17,16.12,15.69,16.31
2010-08-09 00:00:00+00:00,213.0,251.47,6.56,8369.48,9.6,1.67,1.2,12120.2,,501167.0,22927033.0,7.2,,,,16.17,16.12,16.12,16.6
2010-08-10 00:00:00+00:00,207.9,245.44,6.72,8169.01,9.4,1.67,1.17,8586.4,,501167.0,22927033.0,7.02,,,,15.78,15.73,15.73,16.22
2010-08-11 00:00:00+00:00,208.6,246.19,6.7,8194.07,9.4,1.67,1.17,6481.2,,501167.0,22927033.0,7.04,,,,15.83,15.78,15.69,16.02
2010-08-12 00:00:00+00:00,211.8,249.96,6.6,8319.36,9.6,1.67,1.19,7654.0,,501167.0,22927033.0,7.15,,,,16.02,15.97,15.73,16.22
2010-08-13 00:00:00+00:00,217.5,256.74,6.42,8544.88,9.8,1.67,1.22,12009.3,,501167.0,22927033.0,7.35,,,,16.46,16.41,15.97,16.51
2010-08-16 00:00:00+00:00,216.2,255.23,6.46,8494.77,9.8,1.67,1.22,9888.6,,501167.0,22927033.0,7.3,,,,16.41,16.36,16.36,16.7
2010-08-17 00:00:00+00:00,218.1,257.49,6.4,8569.94,9.9,1.67,1.23,8014.5,,501167.0,22927033.0,7.37,,,,16.51,16.46,16.26,16.55
2010-08-18 00:00:00+00:00,214.3,252.97,6.52,8419.59,9.7,1.67,1.21,5749.8,,501167.0,22927033.0,7.24,,,,16.26,16.22,16.22,16.6
2010-08-19 00:00:00+00:00,213.0,251.47,6.56,8369.48,9.6,1.67,1.2,4512.8,,501167.0,22927033.0,7.2,,,,16.17,16.12,16.12,16.31
2010-08-20 00:00:00+00:00,214.9,253.72,6.5,8444.65,9.7,1.67,1.21,4438.2,,501167.0,22927033.0,7.26,,,,16.26,16.22,16.12,16.41
2010-08-23 00:00:00+00:00,211.8,249.96,6.6,8319.36,9.6,1.67,1.19,3363.9,,501167.0,22927033.0,7.15,,,,16.02,15.97,15.97,16.31
2010-08-24 00:00:00+00:00,218.8,258.24,6.38,8595.0,9.9,1.67,1.23,6057.5,,501167.0,22927033.0,7.39,,,,16.55,16.46,15.97,16.55
2010-08-25 00:00:00+00:00,210.5,248.45,6.64,8269.25,9.5,1.67,1.18,3729.6,,501167.0,22927033.0,7.11,,,,16.12,15.93,15.93,16.51
2010-08-26 00:00:00+00:00,207.9,245.44,6.72,8169.01,9.4,1.67,1.17,3307.9,,501167.0,22927033.0,7.02,,,,15.73,15.69,15.69,16.12
2010-08-27 00:00:00+00:00,206.0,243.18,6.78,8093.84,9.3,1.67,1.16,4725.2,,501167.0,22927033.0,6.96,,,,15.64,15.59,15.4,15.93
2010-08-30 00:00:00+00:00,215.6,254.48,6.48,8469.71,9.8,1.67,1.21,12511.8,,501167.0,22927033.0,7.28,,,,16.31,16.26,16.12,16.6
2010-08-31 00:00:00+00:00,207.3,244.69,6.74,8152.25,7.2,2.18,1.17,6523.7,,501677.0,22927033.0,7.0,,,,15.73,15.69,15.64,16.22
2010-09-01 00:00:00+00:00,209.2,246.95,6.68,8227.5,7.2,2.18,1.18,4205.1,,501677.0,22927033.0,7.07,,,,15.83,15.78,15.73,15.93
2010-09-02 00:00:00+00:00,213.7,252.22,6.54,8403.09,7.4,2.18,1.2,7065.5,,501677.0,22927033.0,7.22,,,,16.26,16.17,16.02,16.6
2010-09-03 00:00:00+00:00,215.6,254.48,6.48,8478.34,7.5,2.18,1.21,6149.7,,501677.0,22927033.0,7.28,,,,16.36,16.31,16.17,16.55
2010-09-06 00:00:00+00:00,215.6,254.48,6.48,8478.34,7.5,2.18,1.21,4942.8,,501677.0,22927033.0,7.28,,,,16.31,16.26,16.26,16.6
2010-09-07 00:00:00+00:00,216.9,255.98,6.44,8528.5,7.5,2.18,1.22,6194.2,,501677.0,22927033.0,7.32,,,,16.41,16.36,16.31,16.55
2010-09-08 00:00:00+00:00,213.0,251.47,6.56,8378.0,7.4,2.18,1.2,4242.4,,501677.0,22927033.0,7.2,,,,16.17,16.12,16.12,16.41
2010-09-09 00:00:00+00:00,212.4,250.71,6.58,8352.91,7.4,2.18,1.19,3052.1,,501677.0,22927033.0,7.17,,,,16.12,16.07,16.07,16.26
2010-09-10 00:00:00+00:00,213.7,252.22,6.54,8403.09,7.4,2.18,1.2,9646.2,,501677.0,22927033.0,7.22,,,,16.22,16.17,16.17,16.51
2010-09-13 00:00:00+00:00,215.6,254.48,6.48,8478.34,7.5,2.18,1.21,6171.4,,501677.0,22927033.0,7.28,,,,16.36,16.31,16.26,16.51
2010-09-14 00:00:00+00:00,222.0,262.01,6.29,8729.17,7.7,2.18,1.25,17406.9,,501677.0,22927033.0,7.5,,,,16.84,16.8,16.36,17.18
2010-09-15 00:00:00+00:00,222.6,262.76,6.28,8754.26,7.7,2.18,1.25,10346.5,,501677.0,22927033.0,7.52,,,,16.89,16.84,16.8,17.13
2010-09-16 00:00:00+00:00,237.9,280.83,5.87,9356.27,8.2,2.18,1.34,22171.4,,501677.0,22927033.0,8.04,,,,,18.0,17.04,18.0
2010-09-17 00:00:00+00:00,254.5,300.4,5.49,10008.45,8.8,2.18,1.43,23390.8,,501677.0,22927033.0,8.6,,,,,19.26,18.53,19.26
2010-09-20 00:00:00+00:00,266.6,314.71,5.24,10485.04,9.2,2.18,1.5,48067.3,,501677.0,22927033.0,9.0,,,,20.22,20.17,19.79,20.56
2010-09-21 00:00:00+00:00,267.9,316.21,5.21,10535.21,9.3,2.18,1.51,26203.5,,501677.0,22927033.0,9.05,,,,20.32,20.27,19.79,20.66
2010-09-22 00:00:00+00:00,267.9,316.21,5.21,10535.21,9.3,2.18,1.51,,,501677.0,22927033.0,9.05,,,,,,,
2010-09-23 00:00:00+00:00,271.1,319.98,5.15,10660.63,9.4,2.18,1.52,34549.6,,501677.0,22927033.0,9.16,,,,20.51,20.46,20.08,21.33
2010-09-24 00:00:00+00:00,282.6,333.53,4.94,11112.14,9.8,2.18,1.59,27900.5,,501677.0,22927033.0,9.54,,,,21.38,21.33,20.32,21.38
2010-09-27 00:00:00+00:00,269.2,317.72,5.19,10585.38,9.3,2.18,1.51,21849.2,,501677.0,22927033.0,9.09,,,,20.42,20.37,20.27,21.53
2010-09-28 00:00:00+00:00,266.0,313.96,5.25,10459.96,9.2,2.18,1.5,17688.7,,501677.0,22927033.0,8.98,,,,20.17,20.13,19.79,20.75
2010-09-29 00:00:00+00:00,267.9,316.21,5.21,10535.21,9.3,2.18,1.51,16021.7,,501677.0,22927033.0,9.05,,,,20.32,20.27,20.17,20.75
2010-09-30 00:00:00+00:00,276.8,326.75,5.05,10904.54,9.6,2.18,1.56,30212.9,,502513.0,22927033.0,9.35,,,,20.95,20.9,20.46,21.38
2010-10-01 00:00:00+00:00,275.5,325.25,5.07,10854.28,9.5,2.18,1.55,15734.8,,502513.0,22927033.0,9.31,,,,20.9,20.85,20.75,21.48
2010-10-04 00:00:00+00:00,262.8,310.19,5.32,10351.77,9.1,2.18,1.48,14967.1,,502513.0,22927033.0,8.88,,,,19.93,19.88,19.69,21.19
2010-10-05 00:00:00+00:00,270.4,319.23,5.17,10653.28,9.4,2.18,1.52,12107.7,,502513.0,22927033.0,9.13,,,,20.46,20.42,19.74,20.46
2010-10-06 00:00:00+00:00,272.4,321.48,5.13,10728.65,9.4,2.18,1.53,10780.6,,502513.0,22927033.0,9.2,,,,20.66,20.61,20.32,20.9
2010-10-07 00:00:00+00:00,269.8,318.47,5.18,10628.15,9.3,2.18,1.52,9372.7,,502513.0,22927033.0,9.11,,,,20.46,20.42,20.42,20.9
2010-10-08 00:00:00+00:00,276.8,326.75,5.05,10904.54,9.6,2.18,1.56,17300.2,,502513.0,22927033.0,9.35,,,,20.99,20.95,20.56,21.19
2010-10-11 00:00:00+00:00,291.5,344.07,4.79,11482.43,10.1,2.18,1.64,47935.7,,502513.0,22927033.0,9.85,,,,22.1,22.06,21.62,22.39
2010-10-12 00:00:00+00:00,297.9,351.6,4.69,11733.68,10.3,2.18,1.68,40312.8,,502513.0,22927033.0,10.06,,,,22.59,22.54,21.91,22.78
2010-10-13 00:00:00+00:00,296.6,350.09,4.71,11683.43,10.3,2.18,1.67,21731.1,,502513.0,22927033.0,10.02,,,,22.49,22.44,21.96,22.59
2010-10-14 00:00:00+00:00,292.1,344.82,4.78,11507.55,10.1,2.18,1.64,19053.1,,502513.0,22927033.0,9.87,,,,22.2,22.1,22.1,22.88
2010-10-15 00:00:00+00:00,282.6,333.53,4.94,11130.66,9.8,2.18,1.59,18753.7,,502513.0,22927033.0,9.54,,,,21.43,21.38,21.24,22.44
2010-10-18 00:00:00+00:00,273.0,322.24,5.12,10753.78,9.5,2.18,1.54,11077.9,,502513.0,22927033.0,9.22,,,,20.7,20.66,20.46,21.62
2010-10-19 00:00:00+00:00,281.9,332.78,4.95,11105.54,9.8,2.18,1.59,14593.1,,502513.0,22927033.0,9.52,,,,21.33,21.28,20.7,21.43
2010-10-20 00:00:00+00:00,292.1,344.82,4.78,11507.55,10.1,2.18,1.64,20111.9,,502513.0,22927033.0,9.87,,,,22.1,22.06,21.04,22.15
2010-10-21 00:00:00+00:00,290.9,343.32,4.8,11457.3,10.1,2.18,1.64,13164.4,,502513.0,22927033.0,9.82,,,,22.06,22.01,21.53,22.06
2010-10-22 00:00:00+00:00,304.2,359.13,4.59,11984.94,10.5,2.18,1.71,41503.2,,502513.0,22927033.0,10.28,,,,23.02,22.97,22.1,23.02
2010-10-25 00:00:00+00:00,296.0,349.34,4.72,11658.31,10.3,2.18,1.66,25648.2,,502513.0,22927033.0,10.0,,,,22.44,22.39,22.01,22.97
2010-10-26 00:00:00+00:00,292.8,345.58,4.77,11532.68,10.1,2.18,1.65,11342.1,,502513.0,22927033.0,9.89,,,,22.15,22.1,22.15,22.68
2010-10-27 00:00:00+00:00,293.4,346.33,4.76,11557.81,10.2,2.18,1.65,12835.0,,502513.0,22927033.0,9.91,,,,22.25,22.2,22.2,22.68
2010-10-28 00:00:00+00:00,284.5,335.79,4.91,11206.04,9.9,2.18,1.6,17129.2,,502513.0,22927033.0,9.61,,,,21.57,21.53,21.43,22.39
2010-10-29 00:00:00+00:00,280.6,331.27,4.98,11055.29,9.7,2.18,1.58,7371.1,,502513.0,22927033.0,9.48,,,,21.33,21.24,21.24,21.72
2010-11-01 00:00:00+00:00,275.5,325.25,5.07,10877.75,9.5,2.18,1.55,10507.1,,503600.0,22927033.0,9.31,,,,20.9,20.85,20.75,21.57
2010-11-02 00:00:00+00:00,274.9,324.5,5.08,10852.57,9.5,2.18,1.55,14555.8,,503600.0,22927033.0,9.29,,,,20.85,20.8,20.8,21.53
2010-11-03 00:00:00+00:00,258.3,304.92,5.41,10197.89,8.9,2.18,1.45,18520.6,,503600.0,22927033.0,8.72,,,,19.59,19.55,19.35,21.24
2010-11-04 00:00:00+00:00,262.8,310.19,5.32,10374.15,9.1,2.18,1.48,8009.3,,503600.0,22927033.0,8.88,,,,19.93,19.88,19.55,20.08
2010-11-05 00:00:00+00:00,268.5,316.97,5.2,10600.77,9.3,2.18,1.51,9449.4,,503600.0,22927033.0,9.07,,,,20.37,20.27,19.84,20.37
2010-11-08 00:00:00+00:00,258.3,304.92,5.41,10197.89,8.9,2.18,1.45,8094.3,,503600.0,22927033.0,8.72,,,,19.59,19.55,19.31,20.32
2010-11-09 00:00:00+00:00,262.8,310.19,5.32,10374.15,9.1,2.18,1.48,6083.4,,503600.0,22927033.0,8.88,,,,19.98,19.88,19.59,20.13
2010-11-10 00:00:00+00:00,262.1,309.44,5.33,10348.97,9.1,2.18,1.47,11584.5,,503600.0,22927033.0,8.85,,,,19.84,19.79,19.11,19.84
2010-11-11 00:00:00+00:00,262.8,310.19,5.32,10374.15,9.1,2.18,1.48,9568.5,,503600.0,22927033.0,8.88,,,,19.93,19.88,19.55,20.27
2010-11-12 00:00:00+00:00,259.6,306.43,5.38,10248.25,9.0,2.18,1.46,3601.1,,503600.0,22927033.0,8.77,,,,19.69,19.64,19.59,20.08
2010-11-15 00:00:00+00:00,260.9,307.93,5.35,10298.61,8.0,2.47,1.47,3427.1,,503600.0,22927033.0,8.81,,,,19.74,19.69,19.55,19.93
2010-11-16 00:00:00+00:00,259.0,305.67,5.39,10223.07,7.9,2.47,1.46,3166.0,,503600.0,22927033.0,8.75,,,,19.64,19.59,19.59,19.93
2010-11-17 00:00:00+00:00,257.0,303.41,5.43,10147.54,7.9,2.47,1.45,4313.9,,503600.0,22927033.0,8.68,,,,19.5,19.45,19.31,19.5
2010-11-18 00:00:00+00:00,270.4,319.23,5.17,10676.31,8.3,2.47,1.52,18002.6,,503600.0,22927033.0,9.13,,,,20.46,20.42,19.55,20.56
2010-11-19 00:00:00+00:00,273.0,322.24,5.12,10777.04,8.4,2.47,1.54,18842.8,,503600.0,22927033.0,9.22,,,,20.66,20.61,20.56,21.33
2010-11-22 00:00:00+00:00,273.0,322.24,5.12,10777.04,8.4,2.47,1.54,5292.9,,503600.0,22927033.0,9.22,,,,20.66,20.61,20.32,20.95
2010-11-23 00:00:00+00:00,270.4,319.23,5.17,10676.31,8.3,2.47,1.52,4570.8,,503600.0,22927033.0,9.13,,,,20.51,20.46,20.46,20.95
2010-11-24 00:00:00+00:00,267.9,316.21,5.21,10575.6,8.2,2.47,1.51,5604.8,,503600.0,22927033.0,9.05,,,,20.37,20.27,20.08,20.75
2010-11-25 00:00:00+00:00,267.3,315.46,5.23,10550.41,8.2,2.47,1.5,4364.7,,503600.0,22927033.0,9.03,,,,20.27,20.22,20.22,20.66
2010-11-26 00:00:00+00:00,267.9,316.21,5.21,10575.6,8.2,2.47,1.51,9613.0,,503600.0,22927033.0,9.05,,,,20.32,20.27,20.17,20.8
2010-11-29 00:00:00+00:00,273.6,322.99,5.1,10802.21,8.4,2.47,1.54,7027.2,,503600.0,22927033.0,9.24,,,,20.75,20.7,20.37,20.95
2010-11-30 00:00:00+00:00,277.5,327.51,5.03,10959.34,8.5,2.47,1.56,13151.0,,503878.0,22927033.0,9.37,,,,21.04,20.99,20.7,21.48
2010-12-01 00:00:00+00:00,279.4,329.77,5.0,11034.92,8.6,2.47,1.57,9744.6,,503878.0,22927033.0,9.44,,,,21.14,21.09,21.04,21.38
2010-12-02 00:00:00+00:00,278.1,328.26,5.02,10984.53,8.5,2.47,1.56,9818.2,,503878.0,22927033.0,9.39,,,,21.09,21.04,21.04,21.77
2010-12-03 00:00:00+00:00,279.4,329.77,5.0,11034.92,8.6,2.47,1.57,10164.2,,503878.0,22927033.0,9.44,,,,21.14,21.09,20.61,21.43
2010-12-06 00:00:00+00:00,279.4,329.77,5.0,11034.92,8.6,2.47,1.57,10461.5,,503878.0,22927033.0,9.44,,,,21.19,21.14,21.04,21.48
2010-12-07 00:00:00+00:00,278.1,328.26,5.02,10984.53,8.5,2.47,1.56,6465.7,,503878.0,22927033.0,9.39,,,,21.09,21.04,21.04,21.43
2010-12-08 00:00:00+00:00,279.4,329.77,5.0,11034.92,8.6,2.47,1.57,9155.1,,503878.0,22927033.0,9.44,,,,21.19,21.14,21.04,21.48
2010-12-09 00:00:00+00:00,293.4,346.33,4.76,11589.19,9.0,2.47,1.65,21993.2,,503878.0,22927033.0,9.91,,,,22.2,22.15,21.53,22.2
2010-12-10 00:00:00+00:00,285.7,337.29,4.89,11286.86,8.8,2.47,1.61,10058.5,,503878.0,22927033.0,9.65,,,,21.62,21.57,21.53,22.1
2010-12-13 00:00:00+00:00,284.5,335.79,4.91,11236.47,8.7,2.47,1.6,7699.5,,503878.0,22927033.0,9.61,,,,21.53,21.48,21.43,21.86
2010-12-14 00:00:00+00:00,283.2,334.28,4.93,11186.09,8.7,2.47,1.59,7858.1,,503878.0,22927033.0,9.57,,,,21.48,21.43,21.33,21.81
2010-12-15 00:00:00+00:00,275.5,325.25,5.07,10883.76,8.4,2.47,1.55,10937.0,,503878.0,22927033.0,9.31,,,,20.85,20.8,20.61,21.62
2010-12-16 00:00:00+00:00,274.3,323.74,5.09,10833.37,8.4,2.47,1.54,4593.6,,503878.0,22927033.0,9.26,,,,20.8,20.75,20.66,20.9
2010-12-17 00:00:00+00:00,274.3,323.74,5.09,10833.37,8.4,2.47,1.54,5144.8,,503878.0,22927033.0,9.26,,,,20.8,20.75,20.75,21.09
2010-12-20 00:00:00+00:00,271.1,319.98,5.15,10707.4,8.3,2.47,1.52,3329.7,,503878.0,22927033.0,9.16,,,,20.56,20.51,20.51,20.95
2010-12-21 00:00:00+00:00,274.9,324.5,5.08,10858.56,8.4,2.47,1.55,2900.8,,503878.0,22927033.0,9.29,,,,20.8,20.75,20.46,20.8
2010-12-22 00:00:00+00:00,280.6,331.27,4.98,11085.31,8.6,2.47,1.58,9699.0,,503878.0,22927033.0,9.48,,,,21.24,21.19,20.95,21.38
2010-12-23 00:00:00+00:00,280.6,331.27,4.98,11085.31,8.6,2.47,1.58,8002.1,,503878.0,22927033.0,9.48,,,,21.24,21.19,21.04,21.48
2010-12-24 00:00:00+00:00,278.7,329.01,5.01,11009.72,8.5,2.47,1.57,8412.3,,503878.0,22927033.0,9.41,,,,21.14,21.09,20.99,21.53
2010-12-27 00:00:00+00:00,271.7,320.73,5.14,10732.59,8.3,2.47,1.53,7522.4,,503878.0,22927033.0,9.18,,,,20.61,20.56,20.56,21.14
2010-12-28 00:00:00+00:00,271.7,320.73,5.14,10732.59,8.3,2.47,1.53,4712.8,,503878.0,22927033.0,9.18,,,,20.61,20.56,20.56,20.85
2010-12-29 00:00:00+00:00,265.3,313.2,5.26,10480.65,8.1,2.47,1.49,5377.9,,503878.0,22927033.0,8.96,,,,20.13,20.08,20.08,20.7
2010-12-30 00:00:00+00:00,265.3,313.2,5.26,10480.65,8.1,2.47,1.49,3539.0,,503878.0,22927033.0,8.96,,,,20.13,20.08,20.03,20.27
2010-12-31 00:00:00+00:00,260.2,307.18,5.37,10285.29,8.0,2.47,1.46,6105.1,,504181.0,22927033.0,8.79,,,,19.74,19.69,19.69,20.22
2011-01-03 00:00:00+00:00,257.7,304.17,5.42,10184.45,7.9,2.47,1.42,5488.7,,504181.0,26015746.0,7.25,,,,19.5,19.45,19.4,19.84
2011-01-04 00:00:00+00:00,269.2,317.72,5.19,10638.21,8.2,2.47,1.48,11792.8,,504181.0,26015746.0,7.58,,,,20.42,20.37,19.59,20.56
2011-01-05 00:00:00+00:00,262.8,310.19,5.32,10386.12,8.1,2.47,1.45,4983.2,,504181.0,26015746.0,7.4,,,,19.93,19.88,19.79,20.46
2011-01-06 00:00:00+00:00,267.3,315.46,5.23,10562.59,8.2,2.47,1.47,5191.4,,504181.0,26015746.0,7.52,,,,20.22,20.17,19.93,20.32
2011-01-07 00:00:00+00:00,262.1,309.44,5.33,10360.91,8.0,2.47,1.44,4012.4,,504181.0,26015746.0,7.38,,,,19.88,19.84,19.84,20.37
2011-01-10 00:00:00+00:00,264.1,311.7,5.29,10436.54,8.1,2.47,1.45,1604.8,,504181.0,26015746.0,7.43,,,,19.98,19.93,19.79,20.08
2011-01-11 00:00:00+00:00,269.8,318.47,5.18,10663.42,8.3,2.47,1.48,9476.3,,504181.0,26015746.0,7.59,,,,20.46,20.42,20.42,20.85
2011-01-12 00:00:00+00:00,267.9,316.21,5.21,10587.8,8.2,2.47,1.47,4024.9,,504181.0,26015746.0,7.54,,,,20.32,20.27,20.22,20.56
2011-01-13 00:00:00+00:00,269.2,317.72,5.19,10638.21,8.2,2.47,1.48,6103.1,,504181.0,26015746.0,7.58,,,,20.42,20.37,20.37,20.75
2011-01-14 00:00:00+00:00,267.3,315.46,5.23,10562.59,8.2,2.47,1.47,2234.7,,504181.0,26015746.0,7.52,,,,20.27,20.22,20.17,20.56
2011-01-17 00:00:00+00:00,266.6,314.71,5.24,10537.38,8.2,2.47,1.47,2609.7,,504181.0,26015746.0,7.5,,,,20.22,20.17,20.17,20.56
2011-01-18 00:00:00+00:00,266.6,314.71,5.24,10537.38,8.2,2.47,1.47,2347.6,,504181.0,26015746.0,7.5,,,,20.22,20.17,20.13,20.37
2011-01-19 00:00:00+00:00,269.8,318.47,5.18,10663.42,8.3,2.47,1.48,4549.1,,504181.0,26015746.0,7.59,,,,20.42,20.37,20.17,20.61
2011-01-20 00:00:00+00:00,273.0,322.24,5.12,10789.46,8.4,2.47,1.5,4485.9,,504181.0,26015746.0,7.68,,,,20.66,20.61,20.17,20.66
2011-01-21 00:00:00+00:00,270.4,319.23,5.17,10688.63,8.3,2.47,1.49,5112.7,,504181.0,26015746.0,7.61,,,,20.51,20.46,20.27,20.7
2011-01-24 00:00:00+00:00,266.0,313.96,5.25,10512.16,8.1,2.47,1.46,2520.6,,504181.0,26015746.0,7.49,,,,20.17,20.13,20.13,20.46
2011-01-25 00:00:00+00:00,266.0,313.96,5.25,10512.16,8.1,2.47,1.46,2635.6,,504181.0,26015746.0,7.49,,,,20.17,20.13,20.08,20.37
2011-01-26 00:00:00+00:00,269.8,318.47,5.18,10663.42,8.3,2.47,1.48,3979.3,,504181.0,26015746.0,7.59,,,,20.46,20.42,20.27,20.51
2011-01-27 00:00:00+00:00,267.3,315.46,5.23,10562.59,8.2,2.47,1.47,2597.3,,504181.0,26015746.0,7.52,,,,20.27,20.22,20.22,20.51
2011-01-28 00:00:00+00:00,269.2,317.72,5.19,10638.21,8.2,2.47,1.48,2726.8,,504181.0,26015746.0,7.58,,,,20.37,20.27,19.98,20.37
2011-01-31 00:00:00+00:00,269.2,317.72,5.19,10643.15,8.2,2.47,1.48,,,504415.0,26015746.0,7.58,,,,,,,
2011-02-01 00:00:00+00:00,269.2,317.72,5.19,10643.15,8.2,2.47,1.48,,,504415.0,26015746.0,7.58,,,,,,,
2011-02-02 00:00:00+00:00,269.2,317.72,5.19,10643.15,8.2,2.47,1.48,,,504415.0,26015746.0,7.58,,,,,,,
2011-02-03 00:00:00+00:00,269.2,317.72,5.19,10643.15,8.2,2.47,1.48,,,504415.0,26015746.0,7.58,,,,,,,
2011-02-04 00:00:00+00:00,269.2,317.72,5.19,10643.15,8.2,2.47,1.48,,,504415.0,26015746.0,7.58,,,,,,,
2011-02-07 00:00:00+00:00,269.2,317.72,5.19,10643.15,8.2,2.47,1.48,,,504415.0,26015746.0,7.58,,,,,,,
2011-02-08 00:00:00+00:00,264.1,311.7,5.29,10441.39,8.1,2.47,1.45,2374.5,,504415.0,26015746.0,7.43,,,,20.03,19.98,19.98,20.51
2011-02-09 00:00:00+00:00,260.2,307.18,5.37,10290.06,8.0,2.47,1.43,2765.1,,504415.0,26015746.0,7.32,,,,19.74,19.69,19.59,20.08
2011-02-10 00:00:00+00:00,255.1,301.16,5.47,10088.3,7.8,2.47,1.4,2492.6,,504415.0,26015746.0,7.18,,,,19.45,19.31,19.31,19.69
2011-02-11 00:00:00+00:00,255.1,301.16,5.47,10088.3,7.8,2.47,1.4,8585.3,,504415.0,26015746.0,7.18,,,,19.31,19.26,18.82,19.4
2011-02-14 00:00:00+00:00,251.9,297.39,5.54,9962.2,7.7,2.47,1.39,3763.8,,504415.0,26015746.0,7.09,,,,19.11,19.06,19.06,19.45
2011-02-15 00:00:00+00:00,251.3,296.64,5.56,9936.97,7.7,2.47,1.38,2518.5,,504415.0,26015746.0,7.07,,,,19.06,19.02,18.92,19.26
2011-02-16 00:00:00+00:00,250.7,295.89,5.57,9911.75,7.7,2.47,1.38,2694.6,,504415.0,26015746.0,7.06,,,,18.97,18.92,18.97,19.26
2011-02-17 00:00:00+00:00,243.0,286.85,5.75,9609.1,7.4,2.47,1.34,5843.0,,504415.0,26015746.0,6.84,,,,18.44,18.39,18.34,19.11
2011-02-18 00:00:00+00:00,250.0,295.13,5.59,9886.53,7.7,2.47,1.38,5446.3,,504415.0,26015746.0,7.04,,,,18.92,18.87,18.48,19.02
2011-02-21 00:00:00+00:00,247.5,292.12,5.64,9785.65,7.6,2.47,1.36,1956.0,,504415.0,26015746.0,6.97,,,,18.77,18.73,18.68,18.92
2011-02-22 00:00:00+00:00,237.9,280.83,5.87,9407.34,7.3,2.47,1.31,5303.3,,504415.0,26015746.0,6.7,,,,18.05,18.0,17.86,18.58
2011-02-23 00:00:00+00:00,229.0,270.29,6.1,9054.25,7.0,2.47,1.26,9390.3,,504415.0,26015746.0,6.44,,,,17.37,17.33,17.28,18.0
2011-02-24 00:00:00+00:00,232.8,274.8,6.0,9205.57,7.1,2.47,1.28,3462.3,,504415.0,26015746.0,6.55,,,,17.62,17.57,17.18,17.66
2011-02-25 00:00:00+00:00,231.5,273.3,6.03,9155.13,7.1,2.47,1.27,2999.2,,504415.0,26015746.0,6.52,,,,17.57,17.52,17.18,17.76
2011-02-28 00:00:00+00:00,231.5,273.3,6.03,9155.54,7.1,2.47,1.27,,,504437.0,26015746.0,6.52,,,,,,,
2011-03-01 00:00:00+00:00,247.5,292.12,5.64,9786.08,7.6,2.47,1.36,10050.2,,504437.0,26015746.0,6.97,,,,18.73,18.68,17.66,18.73
2011-03-02 00:00:00+00:00,239.8,283.09,5.82,9483.41,7.3,2.47,1.32,7068.6,,504437.0,26015746.0,6.75,,,,18.19,18.15,18.05,18.58
2011-03-03 00:00:00+00:00,241.1,284.59,5.79,9533.86,7.4,2.47,1.33,4590.5,,504437.0,26015746.0,6.79,,,,18.29,18.24,18.15,18.48
2011-03-04 00:00:00+00:00,250.7,295.89,5.57,9912.19,7.7,2.47,1.38,12403.0,,504437.0,26015746.0,7.06,,,,18.97,18.92,18.24,18.97
2011-03-07 00:00:00+00:00,249.4,294.38,5.6,9861.74,7.6,2.47,1.37,18534.0,,504437.0,26015746.0,7.02,,,,18.87,18.82,18.73,19.11
2011-03-08 00:00:00+00:00,243.7,287.6,5.73,9634.75,7.5,2.47,1.34,4751.1,,504437.0,26015746.0,6.86,,,,18.48,18.44,18.44,18.87
2011-03-09 00:00:00+00:00,243.7,287.6,5.73,9634.75,7.5,2.47,1.34,2210.8,,504437.0,26015746.0,6.86,,,,18.53,18.44,18.44,18.73
2011-03-10 00:00:00+00:00,238.5,281.58,5.86,9432.98,7.3,2.47,1.31,3299.7,,504437.0,26015746.0,6.71,,,,18.1,18.05,17.95,18.44
2011-03-11 00:00:00+00:00,236.6,279.32,5.9,9357.3,7.2,2.47,1.3,2308.2,,504437.0,26015746.0,6.66,,,,17.95,17.91,17.66,17.95
2011-03-14 00:00:00+00:00,229.0,270.29,6.1,9054.64,7.0,2.47,1.26,3742.0,,504437.0,26015746.0,6.44,,,,17.37,17.33,17.18,17.66
2011-03-15 00:00:00+00:00,213.7,252.22,6.54,8449.32,6.5,2.47,1.18,7940.9,,504437.0,26015746.0,6.01,,,,16.22,16.17,16.12,17.47
2011-03-16 00:00:00+00:00,217.5,256.74,6.42,8600.65,6.7,2.47,1.2,3589.7,,504437.0,26015746.0,6.12,,,,16.51,16.46,16.22,16.51
2011-03-17 00:00:00+00:00,219.4,258.99,6.37,8676.32,6.7,2.47,1.21,3936.8,,504437.0,26015746.0,6.18,,,,16.6,16.55,15.69,16.6
2011-03-18 00:00:00+00:00,227.7,268.78,6.13,9004.2,7.0,2.47,1.25,6674.9,,504437.0,26015746.0,6.41,,,,17.23,17.18,16.75,17.23
2011-03-21 00:00:00+00:00,227.7,268.78,6.13,9004.2,7.0,2.47,1.25,2940.2,,504437.0,26015746.0,6.41,,,,17.28,17.23,17.08,17.28
2011-03-22 00:00:00+00:00,230.3,271.79,6.07,9105.09,7.1,2.47,1.27,3344.2,,504437.0,26015746.0,6.48,,,,17.47,17.42,17.37,17.66
2011-03-23 00:00:00+00:00,230.3,271.79,6.07,9105.09,7.1,2.47,1.27,1913.5,,504437.0,26015746.0,6.48,,,,17.47,17.42,17.37,17.57
2011-03-24 00:00:00+00:00,240.5,283.84,5.81,9508.64,7.4,2.47,1.32,10073.0,,504437.0,26015746.0,6.77,,,,18.19,18.15,17.71,18.48
2011-03-25 00:00:00+00:00,235.4,277.82,5.93,9306.87,7.2,2.47,1.3,4159.5,,504437.0,26015746.0,6.62,,,,17.86,17.81,17.76,18.19
2011-03-28 00:00:00+00:00,241.1,284.59,5.79,9533.86,7.4,2.47,1.33,8035.2,,504437.0,26015746.0,6.79,,,,18.24,18.19,17.95,18.73
2011-03-29 00:00:00+00:00,244.9,289.11,5.7,9685.2,7.5,2.47,1.35,4105.7,,504437.0,26015746.0,6.89,,,,18.53,18.48,18.05,18.53
2011-03-30 00:00:00+00:00,241.1,284.59,5.79,9533.86,7.4,2.47,1.33,4749.0,,504437.0,26015746.0,6.79,,,,18.29,18.24,18.24,18.58
2011-03-31 00:00:00+00:00,242.4,286.1,5.76,9586.12,9.4,1.95,1.33,3470.6,,504533.0,26015746.0,6.82,,,,18.39,18.34,18.24,18.53
2011-04-01 00:00:00+00:00,238.5,281.58,5.86,9434.76,9.3,1.95,1.31,3198.1,,504533.0,26015746.0,6.71,,,,18.1,18.05,17.86,18.44
2011-04-04 00:00:00+00:00,238.5,281.58,5.86,9434.76,9.3,1.95,1.31,,,504533.0,26015746.0,6.71,,,,,,,
2011-04-05 00:00:00+00:00,238.5,281.58,5.86,9434.76,9.3,1.95,1.31,,,504533.0,26015746.0,6.71,,,,,,,
2011-04-06 00:00:00+00:00,242.4,286.1,5.76,9586.12,9.4,1.95,1.33,3707.8,,504533.0,26015746.0,6.82,,,,18.34,18.29,18.05,18.34
2011-04-07 00:00:00+00:00,247.5,292.12,5.64,9787.93,9.6,1.95,1.36,10939.1,,504533.0,26015746.0,6.97,,,,18.73,18.68,18.24,18.82
2011-04-08 00:00:00+00:00,242.4,286.1,5.76,9586.12,9.4,1.95,1.33,4243.5,,504533.0,26015746.0,6.82,,,,18.39,18.34,18.34,18.68
2011-04-11 00:00:00+00:00,244.3,288.36,5.72,9661.8,9.5,1.95,1.34,4784.2,,504533.0,26015746.0,6.88,,,,18.53,18.48,18.34,18.68
2011-04-12 00:00:00+00:00,244.3,288.36,5.72,9661.8,9.5,1.95,1.34,8089.1,,504533.0,26015746.0,6.88,,,,18.48,18.44,18.48,18.82
2011-04-13 00:00:00+00:00,244.3,288.36,5.72,9661.8,9.5,1.95,1.34,2743.3,,504533.0,26015746.0,6.88,,,,18.53,18.48,18.29,18.63
2011-04-14 00:00:00+00:00,244.9,289.11,5.7,9687.03,9.5,1.95,1.35,3169.1,,504533.0,26015746.0,6.89,,,,18.58,18.53,18.53,18.77
2011-04-15 00:00:00+00:00,243.0,286.85,5.75,9611.34,9.4,1.95,1.34,2974.4,,504533.0,26015746.0,6.84,,,,18.44,18.39,18.39,18.73
2011-04-18 00:00:00+00:00,239.8,283.09,5.82,9485.21,9.3,1.95,1.32,2484.3,,504533.0,26015746.0,6.75,,,,18.19,18.15,18.15,18.53
2011-04-19 00:00:00+00:00,236.0,278.57,5.92,9333.86,9.2,1.95,1.3,3425.0,,504533.0,26015746.0,6.64,,,,17.91,17.86,17.71,18.05
2011-04-20 00:00:00+00:00,243.0,286.85,5.75,9611.34,9.4,1.95,1.34,6795.1,,504533.0,26015746.0,6.84,,,,18.44,18.39,18.0,18.53
2011-04-21 00:00:00+00:00,242.4,286.1,5.76,9586.12,9.4,1.95,1.33,5669.0,,504533.0,26015746.0,6.82,,,,18.39,18.34,18.29,18.68
2011-04-22 00:00:00+00:00,242.4,286.1,5.76,9586.12,9.4,1.95,1.33,2001.6,,504533.0,26015746.0,6.82,,,,18.39,18.34,18.34,18.53
2011-04-25 00:00:00+00:00,241.1,284.59,5.79,9535.67,9.4,1.95,1.33,1803.7,,504533.0,26015746.0,6.79,,,,18.34,18.24,18.24,18.53
2011-04-26 00:00:00+00:00,241.1,284.59,5.79,9535.67,9.4,1.95,1.33,1300.2,,504533.0,26015746.0,6.79,,,,18.34,18.24,18.15,18.44
2011-04-27 00:00:00+00:00,242.4,286.1,7.44,9586.12,9.4,1.95,1.33,2841.7,,504533.0,26015746.0,6.82,,,,18.39,18.34,18.34,18.68
2011-04-28 00:00:00+00:00,243.7,287.6,7.4,9636.57,9.5,1.95,1.34,8059.0,,504533.0,26015746.0,6.86,,,,18.53,18.44,18.44,18.82
2011-04-29 00:00:00+00:00,241.1,284.59,7.48,9535.67,10.5,1.73,1.33,3943.0,,504533.0,26015746.0,6.79,,,,18.34,18.24,18.24,18.63
2011-05-02 00:00:00+00:00,241.1,284.59,7.48,9535.67,10.5,1.73,1.33,,,504533.0,26015746.0,6.79,,,,,,,
2011-05-03 00:00:00+00:00,239.8,283.09,7.52,9485.21,10.5,1.73,1.32,2265.7,,504533.0,26015746.0,6.75,,,,18.19,18.15,18.05,18.44
2011-05-04 00:00:00+00:00,241.1,284.59,7.48,9535.67,10.5,1.73,1.33,1784.0,,504533.0,26015746.0,6.79,,,,18.29,18.24,18.05,18.24
2011-05-05 00:00:00+00:00,238.5,281.58,7.56,9434.76,10.4,1.73,1.31,2718.5,,504533.0,26015746.0,6.71,,,,18.1,18.05,18.05,18.34
2011-05-06 00:00:00+00:00,238.5,281.58,7.56,9434.76,10.4,1.73,1.31,1729.1,,504533.0,26015746.0,6.71,,,,18.1,18.05,18.05,18.24
2011-05-09 00:00:00+00:00,238.5,281.58,7.56,9434.76,10.4,1.73,1.31,2105.2,,504533.0,26015746.0,6.71,,,,18.1,18.05,18.05,18.34
2011-05-10 00:00:00+00:00,234.1,276.31,7.71,9258.17,10.2,1.73,1.29,3102.8,,504533.0,26015746.0,6.59,,,,17.76,17.71,17.71,18.05
2011-05-11 00:00:00+00:00,232.8,274.8,7.75,9207.72,10.2,1.73,1.28,2213.9,,504533.0,26015746.0,6.55,,,,17.66,17.62,17.62,17.86
2011-05-12 00:00:00+00:00,239.2,282.33,7.54,9459.99,10.4,1.73,1.32,3587.7,,504533.0,26015746.0,6.73,,,,18.15,18.1,17.57,18.1
2011-05-13 00:00:00+00:00,237.9,280.83,7.58,9409.54,10.4,1.73,1.31,3627.0,,504533.0,26015746.0,6.7,,,,18.05,18.0,17.95,18.44
2011-05-16 00:00:00+00:00,238.5,281.58,7.56,9434.76,10.4,1.73,1.31,2899.8,,504533.0,26015746.0,6.71,,,,18.1,18.05,17.86,18.24
2011-05-17 00:00:00+00:00,239.2,282.33,7.54,9459.99,10.4,1.73,1.32,2313.4,,504533.0,26015746.0,6.73,,,,18.1,18.05,18.0,18.34
2011-05-18 00:00:00+00:00,242.4,286.1,7.44,9586.12,10.6,1.73,1.33,9710.4,,504533.0,26015746.0,6.82,,,,18.39,18.34,18.15,18.44
2011-05-19 00:00:00+00:00,239.8,283.09,7.52,9485.21,10.5,1.73,1.32,4211.3,,504533.0,26015746.0,6.75,,,,18.19,18.15,18.15,18.63
2011-05-20 00:00:00+00:00,239.8,283.09,7.52,9485.21,10.5,1.73,1.32,3377.4,,504533.0,26015746.0,6.75,,,,18.19,18.15,18.1,18.34
2011-05-23 00:00:00+00:00,240.5,283.84,7.5,9510.44,10.5,1.73,1.32,3024.1,,504533.0,26015746.0,6.77,,,,18.24,18.15,17.91,18.34
2011-05-24 00:00:00+00:00,241.7,285.35,7.46,9560.89,10.6,1.73,1.33,2690.5,,504533.0,26015746.0,6.8,,,,18.29,18.24,17.91,18.29
2011-05-25 00:00:00+00:00,243.7,287.6,7.4,9636.57,10.6,1.73,1.34,4803.9,,504533.0,26015746.0,6.86,,,,18.48,18.44,18.24,18.48
2011-05-26 00:00:00+00:00,246.8,291.37,7.31,9762.7,10.8,1.73,1.36,8396.8,,504533.0,26015746.0,6.95,,,,18.68,18.63,18.39,18.73
2011-05-27 00:00:00+00:00,251.3,296.64,7.18,9939.3,11.0,1.73,1.38,21149.9,,504533.0,26015746.0,7.07,,,,19.06,19.02,18.73,19.31
2011-05-30 00:00:00+00:00,253.2,298.9,7.12,10014.97,11.1,1.73,1.39,8400.9,,504533.0,26015746.0,7.13,,,,19.21,19.16,18.97,19.55
2011-05-31 00:00:00+00:00,253.2,298.9,7.12,10014.97,11.1,1.73,1.39,5469.0,,504533.0,26015746.0,7.13,,,,19.16,19.11,18.97,19.4
2011-06-01 00:00:00+00:00,250.7,295.89,7.2,9914.07,10.9,1.73,1.38,4125.3,,504533.0,26015746.0,7.06,,,,19.02,18.97,18.97,19.31
2011-06-02 00:00:00+00:00,250.0,295.13,7.21,9888.84,10.9,1.73,1.38,4768.7,,504533.0,26015746.0,7.04,,,,18.97,18.92,18.68,19.11
2011-06-03 00:00:00+00:00,248.1,292.87,7.27,9813.16,10.8,1.73,1.37,2497.8,,504533.0,26015746.0,6.98,,,,18.82,18.77,18.77,19.21
2011-06-06 00:00:00+00:00,248.1,292.87,7.27,9813.16,10.8,1.73,1.37,,,504533.0,26015746.0,6.98,,,,,,,
2011-06-07 00:00:00+00:00,252.6,298.14,7.14,9989.74,11.0,1.73,1.39,4515.9,,504533.0,26015746.0,7.11,,,,19.16,19.11,18.73,19.16
2011-06-08 00:00:00+00:00,251.3,296.64,7.18,9939.3,11.0,1.73,1.38,5369.6,,504533.0,26015746.0,7.07,,,,19.06,19.02,18.97,19.31
2011-06-09 00:00:00+00:00,248.8,293.63,7.25,9838.39,10.9,1.73,1.37,3084.2,,504533.0,26015746.0,7.0,,,,18.87,18.82,18.82,19.11
2011-06-10 00:00:00+00:00,244.9,289.11,7.37,9687.03,10.7,1.73,1.35,3363.9,,504533.0,26015746.0,6.89,,,,18.53,18.48,18.53,19.06
2011-06-13 00:00:00+00:00,240.5,283.84,7.5,9510.44,10.5,1.73,1.32,2860.4,,504533.0,26015746.0,6.77,,,,18.24,18.19,18.15,18.53
2011-06-14 00:00:00+00:00,241.1,284.59,7.48,9535.67,10.5,1.73,1.33,1822.3,,504533.0,26015746.0,6.79,,,,18.29,18.24,18.24,18.44
2011-06-15 00:00:00+00:00,244.3,288.36,7.38,9661.8,10.7,1.73,1.34,2524.7,,504533.0,26015746.0,6.88,,,,18.48,18.44,18.19,18.48
2011-06-16 00:00:00+00:00,237.9,280.83,7.58,9409.54,10.4,1.73,1.31,2460.5,,504533.0,26015746.0,6.7,,,,18.05,18.0,18.0,18.39
2011-06-17 00:00:00+00:00,240.5,283.84,7.5,9510.44,10.5,1.73,1.32,2302.0,,504533.0,26015746.0,6.77,,,,18.19,18.15,17.86,18.19
2011-06-20 00:00:00+00:00,232.2,274.05,7.77,9182.5,10.1,1.73,1.28,2666.7,,504533.0,26015746.0,6.53,,,,17.57,17.52,17.57,18.29
2011-06-21 00:00:00+00:00,234.1,276.31,7.71,9258.17,10.2,1.73,1.29,1917.6,,504533.0,26015746.0,6.59,,,,17.76,17.71,17.47,17.81
2011-06-22 00:00:00+00:00,234.7,277.06,7.69,9283.4,10.2,1.73,1.29,1197.6,,504533.0,26015746.0,6.61,,,,17.81,17.76,17.71,17.95
2011-06-23 00:00:00+00:00,232.2,274.05,7.77,9182.5,10.1,1.73,1.28,747.0,,504533.0,26015746.0,6.53,,,,17.66,17.57,17.57,17.81
2011-06-24 00:00:00+00:00,232.2,274.05,7.77,9182.5,10.1,1.73,1.28,1209.0,,504533.0,26015746.0,6.53,,,,17.57,17.52,17.47,17.62
2011-06-27 00:00:00+00:00,232.2,274.05,7.77,9182.5,10.1,1.73,1.28,1623.4,,504533.0,26015746.0,6.53,,,,17.57,17.52,17.37,17.66
2011-06-28 00:00:00+00:00,231.5,273.3,7.79,9157.27,10.1,1.73,1.27,782.2,,504533.0,26015746.0,6.52,,,,17.57,17.52,17.47,17.76
2011-06-29 00:00:00+00:00,232.8,274.8,7.75,9207.72,10.2,1.73,1.28,984.2,,504533.0,26015746.0,6.55,,,,17.66,17.62,17.57,17.76
2011-06-30 00:00:00+00:00,234.1,276.31,7.71,9305.42,10.2,1.73,1.29,1066.0,,507108.0,26015746.0,6.59,,,,17.76,17.71,17.66,17.86
2011-07-01 00:00:00+00:00,235.4,277.82,7.66,9356.13,10.3,1.73,1.3,1397.6,,507108.0,26015746.0,6.62,,,,17.86,17.81,17.71,17.86
2011-07-04 00:00:00+00:00,234.7,277.06,7.69,9330.77,10.2,1.73,1.29,1390.3,,507108.0,26015746.0,6.61,,,,17.81,17.71,17.76,18.05
2011-07-05 00:00:00+00:00,234.1,276.31,7.71,9305.42,10.2,1.73,1.29,1166.5,,507108.0,26015746.0,6.59,,,,17.71,17.66,17.62,17.86
2011-07-06 00:00:00+00:00,234.7,277.06,7.69,9330.77,10.2,1.73,1.29,2074.1,,507108.0,26015746.0,6.61,,,,17.81,17.76,17.62,17.86
2011-07-07 00:00:00+00:00,239.2,282.33,7.54,9508.26,10.4,1.73,1.32,3572.1,,507108.0,26015746.0,6.73,,,,18.15,18.05,17.81,18.24
2011-07-08 00:00:00+00:00,233.4,275.56,7.73,9280.06,10.2,1.73,1.28,3141.2,,507108.0,26015746.0,6.57,,,,17.76,17.66,17.66,18.19
2011-07-11 00:00:00+00:00,233.4,275.56,7.73,9280.06,10.2,1.73,1.28,1827.5,,507108.0,26015746.0,6.57,,,,17.71,17.66,17.66,17.81
2011-07-12 00:00:00+00:00,229.6,271.04,7.86,9127.93,10.0,1.73,1.26,2657.3,,507108.0,26015746.0,6.46,,,,17.42,17.37,17.37,17.62
2011-07-13 00:00:00+00:00,225.2,265.77,8.01,8950.44,9.8,1.73,1.24,2289.6,,507108.0,26015746.0,6.34,,,,17.08,17.04,17.04,17.57
2011-07-14 00:00:00+00:00,222.0,262.01,8.13,8823.66,9.7,1.73,1.22,2466.7,,507108.0,26015746.0,6.25,,,,16.89,16.8,16.6,17.23
2011-07-15 00:00:00+00:00,230.3,271.79,7.83,9153.28,10.0,1.73,1.27,1884.5,,507108.0,26015746.0,6.48,,,,17.42,17.37,16.89,17.47
2011-07-18 00:00:00+00:00,230.3,271.79,7.83,9153.28,10.0,1.73,1.27,1157.2,,507108.0,26015746.0,6.48,,,,17.47,17.42,17.37,17.62
2011-07-19 00:00:00+00:00,230.3,271.79,7.83,9153.28,10.0,1.73,1.27,1012.2,,507108.0,26015746.0,6.48,,,,17.47,17.42,17.42,17.57
2011-07-20 00:00:00+00:00,231.5,273.3,7.79,9204.0,10.1,1.73,1.27,2133.1,,507108.0,26015746.0,6.52,,,,17.57,17.52,17.47,17.76
2011-07-21 00:00:00+00:00,232.8,274.8,7.75,9254.71,10.2,1.73,1.28,1401.7,,507108.0,26015746.0,6.55,,,,17.62,17.57,17.52,17.71
2011-07-22 00:00:00+00:00,236.0,278.57,7.64,9381.49,10.3,1.73,1.3,4248.6,,507108.0,26015746.0,6.64,,,,17.91,17.86,17.66,18.0
2011-07-25 00:00:00+00:00,234.1,276.31,7.71,9305.42,10.2,1.73,1.29,1433.8,,507108.0,26015746.0,6.59,,,,17.76,17.71,17.66,18.0
2011-07-26 00:00:00+00:00,234.1,276.31,7.71,9305.42,10.2,1.73,1.29,2035.7,,507108.0,26015746.0,6.59,,,,17.76,17.71,17.66,17.81
2011-07-27 00:00:00+00:00,236.0,278.57,7.64,9381.49,10.3,1.73,1.3,1596.5,,507108.0,26015746.0,6.64,,,,17.86,17.81,17.66,17.86
2011-07-28 00:00:00+00:00,234.1,276.31,7.71,9305.42,10.2,1.73,1.29,1659.7,,507108.0,26015746.0,6.59,,,,17.71,17.66,17.62,17.76
2011-07-29 00:00:00+00:00,228.3,269.53,7.9,9077.22,10.0,1.73,1.26,4223.8,,507108.0,26015746.0,6.43,,,,17.28,17.23,17.18,17.71
2011-08-01 00:00:00+00:00,225.8,266.52,7.99,8992.19,9.9,1.73,1.24,6692.6,,508033.0,26015746.0,6.36,,,,17.13,17.08,16.99,17.52
2011-08-02 00:00:00+00:00,210.1,269.33,8.58,8366.32,9.2,1.73,1.16,3329.0,,526184.0,26015746.0,5.91,,,,15.95,15.9,15.8,16.1
2011-08-03 00:00:00+00:00,202.9,260.02,8.89,8076.92,8.9,1.73,1.12,2148.0,,526184.0,26015746.0,5.71,,,,15.4,15.35,15.25,15.7
2011-08-04 00:00:00+00:00,196.9,252.39,9.16,7840.14,8.6,1.73,1.08,2138.0,,526184.0,26015746.0,5.54,,,,14.9,14.85,14.9,15.5
2011-08-05 00:00:00+00:00,183.7,235.45,9.82,7313.95,8.0,1.73,1.01,2571.0,,526184.0,26015746.0,5.17,,,,13.9,,13.9,14.05
2011-08-08 00:00:00+00:00,171.1,219.36,10.54,6814.08,7.5,1.73,0.94,3011.0,,526184.0,26015746.0,4.82,,,,12.95,,12.95,13.5
2011-08-09 00:00:00+00:00,159.3,204.12,11.33,6340.52,7.0,1.73,0.88,4901.0,,526184.0,26015746.0,4.48,,,,12.05,,12.05,12.8
2011-08-10 00:00:00+00:00,169.8,217.67,10.62,6761.46,7.4,1.73,0.93,5350.0,,526184.0,26015746.0,4.78,,,,,12.85,12.5,12.85
2011-08-11 00:00:00+00:00,175.1,224.44,10.3,6971.93,7.6,1.73,0.96,4284.0,,526184.0,26015746.0,4.93,,,,13.3,13.25,12.4,13.3
2011-08-12 00:00:00+00:00,175.8,225.29,10.26,6998.25,7.7,1.73,0.97,3292.0,,526184.0,26015746.0,4.95,,,,13.35,13.3,13.3,13.8
2011-08-15 00:00:00+00:00,182.4,233.76,9.89,7261.34,8.0,1.73,1.0,3058.0,,526184.0,26015746.0,5.13,,,,13.8,13.75,13.6,13.95
2011-08-16 00:00:00+00:00,181.7,232.91,9.93,7235.03,7.9,1.73,1.0,2077.0,,526184.0,26015746.0,5.11,,,,13.75,13.7,13.6,14.0
2011-08-17 00:00:00+00:00,178.4,228.68,10.11,7103.48,7.8,1.73,0.98,1724.0,,526184.0,26015746.0,5.02,,,,13.6,13.5,13.5,13.7
2011-08-18 00:00:00+00:00,177.1,226.98,10.19,7050.86,7.7,1.73,0.97,2411.0,,526184.0,26015746.0,4.98,,,,13.45,13.4,13.4,13.8
2011-08-19 00:00:00+00:00,165.2,211.74,10.92,6577.3,7.2,1.73,0.91,2629.0,,526184.0,26015746.0,4.65,,,,12.55,12.5,12.5,13.0
2011-08-22 00:00:00+00:00,166.5,213.43,10.83,6629.91,7.3,1.73,0.92,2051.0,,526184.0,26015746.0,4.69,,,,12.6,12.55,12.3,12.9
2011-08-23 00:00:00+00:00,176.4,226.14,10.22,7024.55,7.7,1.73,0.97,2135.0,,526184.0,26015746.0,4.97,,,,13.35,13.25,12.75,13.35
2011-08-24 00:00:00+00:00,173.1,221.9,10.42,6893.01,7.6,1.73,0.95,1910.0,,526184.0,26015746.0,4.87,,,,13.15,13.1,13.1,13.5
2011-08-25 00:00:00+00:00,171.1,219.36,10.54,6814.08,7.5,1.73,0.94,1156.0,,526184.0,26015746.0,4.82,,,,13.0,12.95,12.85,13.3
2011-08-26 00:00:00+00:00,171.1,219.36,10.54,6814.08,7.5,1.73,0.94,1200.0,,526184.0,26015746.0,4.82,,,,13.0,12.95,12.75,13.25
2011-08-29 00:00:00+00:00,177.1,226.98,10.19,7050.86,7.7,1.73,0.97,2788.0,,526184.0,26015746.0,4.98,,,,13.45,13.4,13.2,13.6
2011-08-30 00:00:00+00:00,177.8,227.83,10.15,7077.17,10.4,1.29,0.98,1413.0,,526184.0,26015746.0,5.0,,,,13.45,13.4,13.45,13.7
2011-08-31 00:00:00+00:00,183.7,235.45,9.82,7313.95,10.8,1.29,1.01,2620.0,,526184.0,26015746.0,5.17,,,,13.9,13.8,13.3,13.9
2011-09-01 00:00:00+00:00,180.4,231.22,10.0,7182.41,10.6,1.29,0.99,2172.0,,526184.0,26015746.0,5.08,,,,13.7,13.65,13.65,14.0
2011-09-02 00:00:00+00:00,182.4,233.76,9.89,7261.34,10.7,1.29,1.0,2267.0,,526184.0,26015746.0,5.13,,,,13.85,13.8,13.6,13.9
2011-09-05 00:00:00+00:00,176.4,226.14,10.22,7024.55,10.3,1.29,0.97,1342.0,,526184.0,26015746.0,4.97,,,,13.4,13.35,13.2,13.6
2011-09-06 00:00:00+00:00,174.5,223.6,10.34,6945.63,10.2,1.29,0.96,1532.0,,526184.0,26015746.0,4.91,,,,13.25,13.2,13.1,13.3
2011-09-07 00:00:00+00:00,177.1,226.98,10.19,7050.86,10.4,1.29,0.97,938.0,,526184.0,26015746.0,4.98,,,,13.45,13.4,13.25,13.45
2011-09-08 00:00:00+00:00,177.1,226.98,10.19,7050.86,10.4,1.29,0.97,853.0,,526184.0,26015746.0,4.98,,,,13.45,13.4,13.35,13.6
2011-09-09 00:00:00+00:00,179.1,229.52,10.07,7129.79,10.5,1.29,0.99,1217.0,,526184.0,26015746.0,5.04,,,,13.55,13.5,13.4,13.7
2011-09-12 00:00:00+00:00,179.1,229.52,10.07,7129.79,10.5,1.29,0.99,,,526184.0,26015746.0,5.04,,,,,,,
2011-09-13 00:00:00+00:00,177.1,226.98,10.19,7050.86,10.4,1.29,0.97,1451.0,,526184.0,26015746.0,4.98,,,,13.45,13.4,13.4,13.6
2011-09-14 00:00:00+00:00,176.4,226.14,10.22,7024.55,10.3,1.29,0.97,1885.0,,526184.0,26015746.0,4.97,,,,13.35,13.3,13.05,13.6
2011-09-15 00:00:00+00:00,179.7,230.37,10.04,7156.1,10.5,1.29,0.99,1238.0,,526184.0,26015746.0,5.06,,,,13.6,13.55,13.45,13.7
2011-09-16 00:00:00+00:00,184.4,236.3,9.78,7340.26,10.8,1.29,1.01,2704.0,,526184.0,26015746.0,5.19,,,,13.95,13.9,13.7,14.05
2011-09-19 00:00:00+00:00,182.4,233.76,9.89,7261.34,10.7,1.29,1.0,1038.0,,526184.0,26015746.0,5.13,,,,13.8,13.75,13.75,14.05
2011-09-20 00:00:00+00:00,182.4,233.76,9.89,7261.34,10.7,1.29,1.0,1058.0,,526184.0,26015746.0,5.13,,,,13.85,13.8,13.6,13.9
2011-09-21 00:00:00+00:00,183.0,234.61,9.86,7287.64,10.7,1.29,1.01,1006.0,,526184.0,26015746.0,5.15,,,,13.9,13.85,13.8,13.95
2011-09-22 00:00:00+00:00,177.1,226.98,10.19,7050.86,10.4,1.29,0.97,1623.0,,526184.0,26015746.0,4.98,,,,13.4,13.35,13.35,13.7
2011-09-23 00:00:00+00:00,170.5,218.51,10.58,6787.77,10.0,1.29,0.94,2576.0,,526184.0,26015746.0,4.8,,,,12.9,12.85,12.5,12.95
2011-09-26 00:00:00+00:00,169.8,217.67,10.62,6761.46,9.9,1.29,0.93,2306.0,,526184.0,26015746.0,4.78,,,,12.9,12.85,12.75,13.0
2011-09-27 00:00:00+00:00,173.8,222.75,10.38,6919.32,10.2,1.29,0.96,1375.0,,526184.0,26015746.0,4.89,,,,13.2,13.15,12.9,13.25
2011-09-28 00:00:00+00:00,181.7,232.91,9.93,7235.03,10.6,1.29,1.0,2236.0,,526184.0,26015746.0,5.11,,,,13.75,13.7,13.1,13.75
2011-09-29 00:00:00+00:00,181.1,232.07,9.96,7208.72,10.6,1.29,1.0,4606.0,,526184.0,26015746.0,5.1,,,,13.75,13.7,13.55,13.9
2011-09-30 00:00:00+00:00,179.1,229.52,10.07,7129.82,10.5,1.29,0.99,1187.0,,526186.0,26015746.0,5.04,,,,13.6,13.55,13.5,13.8
2011-10-03 00:00:00+00:00,173.8,222.75,10.38,6919.34,10.2,1.29,0.96,841.0,,526186.0,26015746.0,4.89,,,,13.25,13.15,13.15,13.5
2011-10-04 00:00:00+00:00,177.1,226.98,10.19,7050.89,10.4,1.29,0.97,1124.0,,526186.0,26015746.0,4.98,,,,13.45,13.4,13.0,13.5
2011-10-05 00:00:00+00:00,177.1,226.98,10.19,7050.89,10.4,1.29,0.97,1049.0,,526186.0,26015746.0,4.98,,,,13.5,13.4,13.4,13.7
2011-10-06 00:00:00+00:00,179.7,230.37,10.04,7156.13,10.5,1.29,0.99,901.0,,526186.0,26015746.0,5.06,,,,13.6,13.55,13.55,13.75
2011-10-07 00:00:00+00:00,179.1,229.52,10.07,7129.82,10.5,1.29,0.99,1016.0,,526186.0,26015746.0,5.04,,,,13.6,13.55,13.5,13.85
2011-10-10 00:00:00+00:00,179.1,229.52,10.07,7129.82,10.5,1.29,0.99,,,526186.0,26015746.0,5.04,,,,,,,
2011-10-11 00:00:00+00:00,182.4,233.76,9.89,7261.36,10.7,1.29,1.0,1747.0,,526186.0,26015746.0,5.13,,,,13.8,13.75,13.7,13.9
2011-10-12 00:00:00+00:00,185.0,237.15,9.75,7366.6,10.8,1.29,1.02,2841.0,,526186.0,26015746.0,5.21,,,,14.05,14.0,13.8,14.15
2011-10-13 00:00:00+00:00,183.7,235.45,9.82,7313.98,10.8,1.29,1.01,1196.0,,526186.0,26015746.0,5.17,,,,13.95,13.9,13.9,14.2
2011-10-14 00:00:00+00:00,183.7,235.45,9.82,7313.98,10.8,1.29,1.01,783.0,,526186.0,26015746.0,5.17,,,,13.95,13.9,13.9,14.1
2011-10-17 00:00:00+00:00,185.0,237.15,9.75,7366.6,10.8,1.29,1.02,1487.0,,526186.0,26015746.0,5.21,,,,14.1,14.0,14.0,14.2
2011-10-18 00:00:00+00:00,183.7,235.45,9.82,7313.98,10.8,1.29,1.01,624.0,,526186.0,26015746.0,5.17,,,,13.95,13.85,13.8,14.0
2011-10-19 00:00:00+00:00,183.7,235.45,9.82,7313.98,10.8,1.29,1.01,886.0,,526186.0,26015746.0,5.17,,,,13.95,13.9,13.9,14.15
2011-10-20 00:00:00+00:00,181.1,232.07,9.96,7208.75,10.6,1.29,1.0,804.0,,526186.0,26015746.0,5.1,,,,13.8,13.7,13.7,14.0
2011-10-21 00:00:00+00:00,181.7,232.91,9.93,7235.05,10.6,1.29,1.0,357.0,,526186.0,26015746.0,5.11,,,,13.85,13.75,13.6,13.85
2011-10-24 00:00:00+00:00,185.7,237.99,9.72,7392.91,10.9,1.29,1.02,1628.0,,526186.0,26015746.0,5.23,,,,14.05,14.0,14.0,14.15
2011-10-25 00:00:00+00:00,183.7,235.45,9.82,7313.98,10.8,1.29,1.01,1146.0,,526186.0,26015746.0,5.17,,,,13.95,13.9,13.9,14.15
2011-10-26 00:00:00+00:00,196.3,251.55,9.19,7813.86,11.5,1.29,1.08,4800.0,,526186.0,26015746.0,5.52,,,,,14.85,14.0,14.85
2011-10-27 00:00:00+00:00,209.5,268.48,8.61,8340.05,12.3,1.29,1.15,13801.0,,526186.0,26015746.0,5.9,,,,,15.85,15.6,15.85
2011-10-28 00:00:00+00:00,208.8,267.64,8.64,8313.73,12.2,1.29,1.15,11959.0,,526186.0,26015746.0,5.88,,,,15.8,15.75,15.7,16.35
2011-10-31 00:00:00+00:00,211.5,271.03,8.53,8419.85,12.2,1.31,1.16,7985.0,,526241.0,26015746.0,5.95,,,,16.05,16.0,15.8,16.25
2011-11-01 00:00:00+00:00,212.8,272.72,8.48,8472.47,12.3,1.31,1.17,6415.0,,526241.0,26015746.0,5.99,,,,16.1,16.05,15.8,16.4
2011-11-02 00:00:00+00:00,208.8,267.64,8.64,8314.61,12.0,1.31,1.15,4451.0,,526241.0,26015746.0,5.88,,,,15.85,15.8,15.6,16.15
2011-11-03 00:00:00+00:00,202.2,259.17,8.92,8051.48,11.7,1.31,1.11,4774.0,,526241.0,26015746.0,5.69,,,,15.4,15.3,15.3,16.1
2011-11-04 00:00:00+00:00,206.2,264.25,8.75,8209.36,11.9,1.31,1.13,3434.0,,526241.0,26015746.0,5.8,,,,15.65,15.6,15.55,15.95
2011-11-07 00:00:00+00:00,220.0,282.04,8.2,8761.91,12.7,1.31,1.21,7118.0,,526241.0,26015746.0,6.19,,,,,16.65,15.6,16.65
2011-11-08 00:00:00+00:00,216.1,276.95,8.35,8604.03,12.5,1.31,1.19,13724.0,,526241.0,26015746.0,6.08,,,,16.4,16.35,16.35,17.2
2011-11-09 00:00:00+00:00,213.4,273.57,8.45,8498.79,12.3,1.31,1.17,4127.0,,526241.0,26015746.0,6.01,,,,16.2,16.15,16.1,16.65
2011-11-10 00:00:00+00:00,205.5,263.4,8.78,8183.04,11.8,1.31,1.13,4051.0,,526241.0,26015746.0,5.78,,,,15.6,15.55,15.45,15.95
2011-11-11 00:00:00+00:00,206.8,265.1,8.72,8235.67,11.9,1.31,1.14,5410.0,,526241.0,26015746.0,5.82,,,,15.65,15.6,15.05,15.85
2011-11-14 00:00:00+00:00,207.5,265.94,8.69,8261.98,12.0,1.31,1.14,2444.0,,526241.0,26015746.0,5.84,,,,15.75,15.7,15.7,16.0
2011-11-15 00:00:00+00:00,204.8,262.56,8.81,8156.73,11.8,1.31,1.13,1495.0,,526241.0,26015746.0,5.77,,,,15.55,15.5,15.5,15.8
2011-11-16 00:00:00+00:00,198.9,254.93,9.07,7919.92,11.5,1.31,1.09,2390.0,,526241.0,26015746.0,5.6,,,,15.1,15.05,15.05,15.65
2011-11-17 00:00:00+00:00,197.6,253.24,9.13,7867.3,11.4,1.31,1.09,2208.0,,526241.0,26015746.0,5.56,,,,14.95,14.9,14.55,15.0
2011-11-18 00:00:00+00:00,190.3,243.92,9.48,7577.87,11.0,1.31,1.05,2409.0,,526241.0,26015746.0,5.36,,,,14.45,14.4,14.3,14.9
2011-11-21 00:00:00+00:00,178.4,228.68,10.11,7104.25,10.3,1.31,0.98,3296.0,,526241.0,26015746.0,5.02,,,,13.55,13.5,13.5,14.5
2011-11-22 00:00:00+00:00,185.0,237.15,9.75,7367.37,10.7,1.31,1.02,3486.0,,526241.0,26015746.0,5.21,,,,14.05,14.0,13.5,14.2
2011-11-23 00:00:00+00:00,177.1,226.98,10.19,7051.63,10.2,1.31,0.97,2985.0,,526241.0,26015746.0,4.98,,,,13.4,13.35,13.3,14.0
2011-11-24 00:00:00+00:00,180.4,231.22,10.0,7183.19,10.4,1.31,0.99,1965.0,,526241.0,26015746.0,5.08,,,,13.7,13.65,13.15,13.8
2011-11-25 00:00:00+00:00,177.1,226.98,10.19,7051.63,10.2,1.31,0.97,1360.0,,526241.0,26015746.0,4.98,,,,13.45,13.4,13.35,13.8
2011-11-28 00:00:00+00:00,181.1,232.07,9.96,7209.5,10.4,1.31,1.0,925.0,,526241.0,26015746.0,5.1,,,,13.75,13.7,13.55,13.7
2011-11-29 00:00:00+00:00,187.0,239.69,9.65,7446.3,10.8,1.31,1.03,1835.0,,526241.0,26015746.0,5.26,,,,14.15,14.1,13.85,14.2
2011-11-30 00:00:00+00:00,181.1,232.07,9.96,7210.18,10.4,1.31,1.0,1289.0,,526291.0,26015746.0,5.1,,,,13.75,13.7,13.65,14.15
2011-12-01 00:00:00+00:00,189.0,242.23,9.55,7525.96,10.9,1.31,1.04,2387.0,,526291.0,26015746.0,5.32,,,,14.3,14.25,14.15,14.5
2011-12-02 00:00:00+00:00,189.0,242.23,9.55,7525.96,10.9,1.31,1.04,964.0,,526291.0,26015746.0,5.32,,,,14.3,14.25,14.15,14.35
2011-12-05 00:00:00+00:00,191.6,245.62,9.41,7631.22,11.0,1.31,1.05,1538.0,,526291.0,26015746.0,5.39,,,,14.5,14.45,14.3,14.7
2011-12-06 00:00:00+00:00,185.7,237.99,9.72,7394.39,10.7,1.31,1.02,1465.0,,526291.0,26015746.0,5.23,,,,14.05,14.0,14.0,14.5
2011-12-07 00:00:00+00:00,184.4,236.3,9.78,7341.75,10.6,1.31,1.01,915.0,,526291.0,26015746.0,5.19,,,,14.0,13.95,13.85,14.2
2011-12-08 00:00:00+00:00,181.7,232.91,9.93,7236.5,10.5,1.31,1.0,1015.0,,526291.0,26015746.0,5.11,,,,13.8,13.75,13.6,13.95
2011-12-09 00:00:00+00:00,180.4,231.22,10.0,7183.87,10.4,1.31,0.99,1145.0,,526291.0,26015746.0,5.08,,,,13.7,13.65,13.35,13.65
2011-12-12 00:00:00+00:00,180.4,231.22,10.0,7183.87,10.4,1.31,0.99,1063.0,,526291.0,26015746.0,5.08,,,,13.7,13.65,13.65,14.0
2011-12-13 00:00:00+00:00,179.1,229.52,10.07,7131.24,10.3,1.31,0.99,562.0,,526291.0,26015746.0,5.04,,,,13.6,13.55,13.35,13.6
2011-12-14 00:00:00+00:00,181.7,232.91,9.93,7236.5,10.5,1.31,1.0,648.0,,526291.0,26015746.0,5.11,,,,13.75,13.7,13.45,13.75
2011-12-15 00:00:00+00:00,178.4,228.68,10.11,7030.14,10.3,1.31,0.98,608.0,,520751.0,26015746.0,5.02,,,,13.55,13.5,13.5,13.65
2011-12-16 00:00:00+00:00,178.4,228.68,10.11,7030.14,10.3,1.31,0.98,796.0,,520751.0,26015746.0,5.02,,,,13.55,13.5,13.45,13.65
2011-12-19 00:00:00+00:00,166.5,213.43,10.83,6561.46,9.6,1.31,0.92,2540.0,,520751.0,26015746.0,4.69,,,,12.6,,12.6,13.45
2011-12-20 00:00:00+00:00,167.2,214.28,10.79,6587.5,9.6,1.31,0.92,1308.0,,520751.0,26015746.0,4.71,,,,12.7,12.65,12.5,12.9
2011-12-21 00:00:00+00:00,177.8,227.83,10.15,7004.1,10.2,1.31,0.98,1321.0,,520751.0,26015746.0,5.0,,,,13.5,13.45,13.1,13.5
2011-12-22 00:00:00+00:00,175.8,225.29,10.26,6925.98,10.1,1.31,0.97,686.0,,520751.0,26015746.0,4.95,,,,13.35,13.3,13.2,13.4
2011-12-23 00:00:00+00:00,181.7,232.91,9.93,7160.32,10.5,1.31,1.0,1179.0,,520751.0,26015746.0,5.11,,,,13.8,13.75,13.5,13.85
2011-12-26 00:00:00+00:00,187.7,240.54,9.61,7394.66,10.8,1.31,1.03,2367.0,,520751.0,26015746.0,5.28,,,,14.25,14.2,14.1,14.45
2011-12-27 00:00:00+00:00,184.4,236.3,9.78,7264.47,10.6,1.31,1.01,1150.0,,520751.0,26015746.0,5.19,,,,14.0,13.95,13.9,14.25
2011-12-28 00:00:00+00:00,182.4,233.76,9.89,7186.36,10.5,1.31,1.0,893.0,,520751.0,26015746.0,5.13,,,,13.85,13.8,13.75,14.0
2011-12-29 00:00:00+00:00,181.7,232.91,9.93,7160.32,10.5,1.31,1.0,698.0,,520751.0,26015746.0,5.11,,,,13.8,13.75,13.6,13.8
2011-12-30 00:00:00+00:00,181.7,232.91,9.93,7160.32,10.5,1.31,1.0,954.0,,520751.0,26015746.0,5.11,,,,13.8,13.75,13.75,14.0
2012-01-02 00:00:00+00:00,182.4,233.76,9.89,7186.36,10.5,1.31,1.01,827.0,,520751.0,27027276.0,5.49,,,,13.8,13.75,13.7,13.95
2012-01-03 00:00:00+00:00,183.0,234.61,9.86,7212.4,10.6,1.31,1.01,1832.0,,520751.0,27027276.0,5.51,,,,13.9,13.85,13.8,14.0
2012-01-04 00:00:00+00:00,181.7,232.91,9.93,7160.32,10.5,1.31,1.0,1765.0,,520751.0,27027276.0,5.47,,,,13.85,13.75,13.75,14.05
2012-01-05 00:00:00+00:00,182.4,233.76,9.89,7186.36,10.5,1.31,1.01,863.0,,520751.0,27027276.0,5.49,,,,13.85,13.8,13.75,13.9
2012-01-06 00:00:00+00:00,181.1,232.07,9.96,7134.29,10.4,1.31,1.0,1569.0,,520751.0,27027276.0,5.45,,,,13.8,13.7,13.7,14.0
2012-01-09 00:00:00+00:00,185.0,237.15,9.75,7290.51,10.7,1.31,1.02,3616.0,,520751.0,27027276.0,5.57,,,,14.05,14.0,13.7,14.05
2012-01-10 00:00:00+00:00,193.6,248.16,9.32,7629.0,11.2,1.31,1.07,7998.0,,520751.0,27027276.0,5.83,,,,14.65,14.6,14.15,14.7
2012-01-11 00:00:00+00:00,195.6,250.7,9.22,7707.11,11.3,1.31,1.08,5998.0,,520751.0,27027276.0,5.89,,,,14.8,14.75,14.35,14.85
2012-01-12 00:00:00+00:00,195.6,250.7,9.22,7707.11,11.3,1.31,1.08,14597.0,,520751.0,27027276.0,5.89,,,,14.85,14.8,14.7,15.45
2012-01-13 00:00:00+00:00,187.7,240.54,9.61,7394.66,10.8,1.31,1.04,5583.0,,520751.0,27027276.0,5.65,,,,14.25,14.2,14.2,15.1
2012-01-16 00:00:00+00:00,190.3,243.92,9.48,7498.81,11.0,1.31,1.05,4718.0,,520751.0,27027276.0,5.73,,,,14.4,14.35,14.15,14.6
2012-01-17 00:00:00+00:00,199.6,255.78,9.04,7863.34,11.5,1.31,1.1,8384.0,,520751.0,27027276.0,6.01,,,,15.1,15.05,14.7,15.1
2012-01-18 00:00:00+00:00,196.9,252.39,9.16,7759.19,11.4,1.31,1.09,5215.0,,520751.0,27027276.0,5.93,,,,14.95,14.9,14.85,15.35
2012-01-19 00:00:00+00:00,196.9,252.39,9.16,7759.19,11.4,1.31,1.09,,,520751.0,27027276.0,5.93,,,,,,,
2012-01-20 00:00:00+00:00,196.9,252.39,9.16,7759.19,11.4,1.31,1.09,,,520751.0,27027276.0,5.93,,,,,,,
2012-01-23 00:00:00+00:00,196.9,252.39,9.16,7759.19,11.4,1.31,1.09,,,520751.0,27027276.0,5.93,,,,,,,
2012-01-24 00:00:00+00:00,196.9,252.39,9.16,7759.19,11.4,1.31,1.09,,,520751.0,27027276.0,5.93,,,,,,,
2012-01-25 00:00:00+00:00,196.9,252.39,9.16,7759.19,11.4,1.31,1.09,,,520751.0,27027276.0,5.93,,,,,,,
2012-01-26 00:00:00+00:00,196.9,252.39,9.16,7759.19,11.4,1.31,1.09,,,520751.0,27027276.0,5.93,,,,,,,
2012-01-27 00:00:00+00:00,196.9,252.39,9.16,7759.19,11.4,1.31,1.09,,,520751.0,27027276.0,5.93,,,,,,,
2012-01-30 00:00:00+00:00,206.2,264.25,8.75,8123.71,11.9,1.31,1.14,9275.0,,520751.0,27027276.0,6.21,,,,15.65,15.6,15.15,15.7
2012-01-31 00:00:00+00:00,206.2,264.25,8.75,8123.71,11.9,1.31,1.14,5431.0,,520751.0,27027276.0,6.21,,,,15.6,15.55,15.45,15.8
2012-02-01 00:00:00+00:00,209.5,268.48,8.61,8253.9,12.1,1.31,1.16,5631.0,,520751.0,27027276.0,6.31,,,,15.9,15.85,15.6,16.0
2012-02-02 00:00:00+00:00,208.2,266.79,8.67,8201.82,12.0,1.31,1.15,6042.0,,520751.0,27027276.0,6.27,,,,15.8,15.75,15.7,16.2
2012-02-03 00:00:00+00:00,215.4,276.11,8.37,8488.23,12.4,1.31,1.19,14913.0,,520751.0,27027276.0,6.49,,,,16.35,16.3,15.7,16.5
2012-02-06 00:00:00+00:00,216.7,277.8,8.32,8540.31,12.5,1.31,1.2,4760.0,,520751.0,27027276.0,6.53,,,,16.45,16.4,16.2,16.65
2012-02-07 00:00:00+00:00,216.7,277.8,8.32,8540.31,12.5,1.31,1.2,3316.0,,520751.0,27027276.0,6.53,,,,16.4,16.35,16.2,16.55
2012-02-08 00:00:00+00:00,221.4,283.73,8.15,8722.57,12.8,1.31,1.22,6182.0,,520751.0,27027276.0,6.67,,,,16.8,16.75,16.55,16.9
2012-02-09 00:00:00+00:00,225.3,288.81,8.01,8878.79,13.0,1.31,1.24,8837.0,,520751.0,27027276.0,6.78,,,,17.05,17.0,16.75,17.15
2012-02-10 00:00:00+00:00,222.7,285.42,8.1,8774.64,12.8,1.31,1.23,4763.0,,520751.0,27027276.0,6.7,,,,16.85,16.8,16.75,17.2
2012-02-13 00:00:00+00:00,226.0,289.66,7.98,8904.84,13.0,1.31,1.25,5732.0,,520751.0,27027276.0,6.8,,,,17.1,17.05,16.7,17.2
2012-02-14 00:00:00+00:00,224.0,287.12,8.05,8826.72,12.9,1.31,1.24,3523.0,,520751.0,27027276.0,6.74,,,,17.0,16.95,16.9,17.4
2012-02-15 00:00:00+00:00,235.9,302.36,7.65,9295.4,13.6,1.31,1.3,11739.0,,520751.0,27027276.0,7.1,,,,17.85,17.8,16.95,18.0
2012-02-16 00:00:00+00:00,237.9,304.9,7.58,9373.52,13.7,1.31,1.31,22155.0,,520751.0,27027276.0,7.16,,,,18.0,17.95,17.85,18.25
2012-02-17 00:00:00+00:00,245.8,315.07,7.34,9685.96,14.2,1.31,1.36,15083.0,,520751.0,27027276.0,7.4,,,,18.65,18.6,18.3,19.0
2012-02-20 00:00:00+00:00,248.5,318.45,7.26,9790.11,14.3,1.31,1.37,11998.0,,520751.0,27027276.0,7.48,,,,18.8,18.75,18.6,19.3
2012-02-21 00:00:00+00:00,240.5,308.29,7.5,9477.66,13.9,1.31,1.33,6307.0,,520751.0,27027276.0,7.24,,,,18.25,18.2,18.1,18.7
2012-02-22 00:00:00+00:00,241.9,309.99,7.46,9529.73,13.9,1.31,1.34,4740.0,,520751.0,27027276.0,7.28,,,,18.35,18.3,18.1,18.55
2012-02-23 00:00:00+00:00,241.9,309.99,7.46,9529.73,13.9,1.31,1.34,4792.0,,520751.0,27027276.0,7.28,,,,18.35,18.3,18.15,18.65
2012-02-24 00:00:00+00:00,238.5,305.75,7.56,9399.55,13.7,1.31,1.32,3227.0,,520751.0,27027276.0,7.18,,,,18.15,18.05,18.05,18.5
2012-02-27 00:00:00+00:00,238.5,305.75,7.56,9399.55,13.7,1.31,1.32,,,520751.0,27027276.0,7.18,,,,,,,
2012-02-28 00:00:00+00:00,238.5,305.75,7.56,9399.55,13.7,1.31,1.32,,,520751.0,27027276.0,7.18,,,,,,,
2012-02-29 00:00:00+00:00,245.8,315.07,7.34,9697.49,14.2,1.31,1.36,5503.0,,521371.0,27027276.0,7.4,,,,18.6,18.55,17.95,18.6
2012-03-01 00:00:00+00:00,241.9,309.99,7.46,9541.08,13.9,1.31,1.34,6118.0,,521371.0,27027276.0,7.28,,,,18.35,18.3,18.25,18.8
2012-03-02 00:00:00+00:00,242.5,310.83,7.44,9567.15,14.0,1.31,1.34,3162.0,,521371.0,27027276.0,7.3,,,,18.4,18.35,18.25,18.5
2012-03-05 00:00:00+00:00,244.5,313.37,7.38,9645.36,14.1,1.31,1.35,7254.0,,521371.0,27027276.0,7.36,,,,18.5,18.45,18.35,18.9
2012-03-06 00:00:00+00:00,232.6,298.13,7.76,9176.12,13.4,1.31,1.28,5756.0,,521371.0,27027276.0,7.0,,,,17.6,17.55,17.25,18.55
2012-03-07 00:00:00+00:00,233.3,298.98,7.73,9202.19,13.4,1.31,1.29,3596.0,,521371.0,27027276.0,7.02,,,,17.7,17.65,16.9,17.8
2012-03-08 00:00:00+00:00,233.9,299.82,7.71,9228.26,13.5,1.31,1.29,2733.0,,521371.0,27027276.0,7.04,,,,17.75,17.7,17.7,17.95
2012-03-09 00:00:00+00:00,245.8,315.07,7.34,9697.49,14.2,1.31,1.36,8947.0,,521371.0,27027276.0,7.4,,,,18.65,18.6,18.2,18.7
2012-03-12 00:00:00+00:00,244.5,313.37,7.38,9645.36,14.1,1.31,1.35,6564.0,,521371.0,27027276.0,7.36,,,,18.5,18.45,18.4,18.9
2012-03-13 00:00:00+00:00,241.9,309.99,7.46,9541.08,13.9,1.31,1.34,3582.0,,521371.0,27027276.0,7.28,,,,18.35,18.3,18.3,18.75
2012-03-14 00:00:00+00:00,241.9,309.99,7.46,9541.08,13.9,1.31,1.34,3557.0,,521371.0,27027276.0,7.28,,,,18.4,18.3,18.3,18.65
2012-03-15 00:00:00+00:00,244.5,313.37,7.38,9645.36,14.1,1.31,1.35,3855.0,,521371.0,27027276.0,7.36,,,,18.5,18.45,18.3,18.65
2012-03-16 00:00:00+00:00,250.4,321.0,7.2,9879.97,14.4,1.31,1.38,9499.0,,521371.0,27027276.0,7.54,,,,19.0,18.95,18.45,18.95
2012-03-19 00:00:00+00:00,244.5,313.37,7.38,9645.36,14.1,1.31,1.35,10471.0,,521371.0,27027276.0,7.36,,,,18.55,18.5,18.4,19.15
2012-03-20 00:00:00+00:00,241.9,309.99,7.46,9541.08,13.9,1.31,1.34,2728.0,,521371.0,27027276.0,7.28,,,,18.35,18.3,18.3,18.55
2012-03-21 00:00:00+00:00,241.2,309.14,7.48,9515.02,13.9,1.31,1.33,1964.0,,521371.0,27027276.0,7.26,,,,18.3,18.25,18.2,18.45
2012-03-22 00:00:00+00:00,247.8,317.61,7.28,9775.7,14.3,1.31,1.37,6708.0,,521371.0,27027276.0,7.46,,,,18.8,18.75,18.55,18.95
2012-03-23 00:00:00+00:00,245.8,315.07,7.34,9697.49,14.2,1.31,1.36,3037.0,,521371.0,27027276.0,7.4,,,,18.65,18.6,18.55,18.9
2012-03-26 00:00:00+00:00,245.2,314.22,7.36,9671.42,14.1,1.31,1.35,1685.0,,521371.0,27027276.0,7.38,,,,18.6,18.55,18.5,18.75
2012-03-27 00:00:00+00:00,240.5,308.29,7.5,9488.95,13.9,1.31,1.33,3163.0,,521371.0,27027276.0,7.24,,,,18.25,18.2,18.2,18.7
2012-03-28 00:00:00+00:00,241.9,309.99,7.46,9541.08,13.9,1.31,1.34,2115.0,,521371.0,27027276.0,7.28,,,,18.35,18.3,18.25,18.55
2012-03-29 00:00:00+00:00,227.3,291.35,7.94,8967.57,13.1,1.31,1.26,7158.0,,521371.0,27027276.0,6.84,,,,17.25,17.2,17.05,18.3
2012-03-30 00:00:00+00:00,235.9,302.36,7.65,9306.46,13.6,1.31,1.3,4270.0,,521371.0,27027276.0,7.1,,,,17.9,17.85,17.25,18.0
2012-04-02 00:00:00+00:00,237.9,304.9,7.58,9389.88,10.8,1.66,1.31,2981.0,,521660.0,27027276.0,7.16,,,,18.05,18.0,17.8,18.05
2012-04-03 00:00:00+00:00,230.0,294.74,7.84,9076.88,10.5,1.66,1.27,4063.0,,521660.0,27027276.0,6.92,,,,17.4,17.35,17.25,18.15
2012-04-04 00:00:00+00:00,230.0,294.74,7.84,9076.88,10.5,1.66,1.27,,,521660.0,27027276.0,6.92,,,,,,,
2012-04-05 00:00:00+00:00,222.0,284.58,8.12,8763.88,10.1,1.66,1.23,5242.0,,521660.0,27027276.0,6.69,,,,16.85,16.8,16.2,17.05
2012-04-06 00:00:00+00:00,228.0,292.2,7.91,8998.64,10.4,1.66,1.26,3049.0,,521660.0,27027276.0,6.86,,,,17.25,17.2,16.9,17.45
2012-04-09 00:00:00+00:00,229.3,293.89,7.87,9050.8,10.5,1.66,1.27,1847.0,,521660.0,27027276.0,6.9,,,,17.35,17.3,16.8,17.4
2012-04-10 00:00:00+00:00,233.9,299.82,7.71,9233.38,10.7,1.66,1.29,4061.0,,521660.0,27027276.0,7.04,,,,17.7,17.65,17.5,18.0
2012-04-11 00:00:00+00:00,232.6,298.13,7.76,9181.21,10.6,1.66,1.28,2146.0,,521660.0,27027276.0,7.0,,,,17.6,17.55,17.3,17.75
2012-04-12 00:00:00+00:00,231.9,297.28,7.78,9155.13,10.6,1.66,1.28,2606.0,,521660.0,27027276.0,6.98,,,,17.6,17.55,17.55,17.75
2012-04-13 00:00:00+00:00,234.6,300.67,7.69,9259.47,10.7,1.66,1.3,2739.0,,521660.0,27027276.0,7.06,,,,17.8,17.75,17.65,17.85
2012-04-16 00:00:00+00:00,229.3,293.89,7.87,9050.8,10.5,1.66,1.27,1902.0,,521660.0,27027276.0,6.9,,,,17.4,17.35,17.35,17.8
2012-04-17 00:00:00+00:00,222.7,285.42,8.1,8789.97,10.2,1.66,1.23,2523.0,,521660.0,27027276.0,6.7,,,,17.0,16.85,16.85,17.55
2012-04-18 00:00:00+00:00,228.0,292.2,7.91,8998.64,10.4,1.66,1.26,2980.0,,521660.0,27027276.0,6.86,,,,17.3,17.25,17.0,17.5
2012-04-19 00:00:00+00:00,242.5,310.83,7.44,9572.46,11.1,1.66,1.34,15017.0,,521660.0,27027276.0,7.3,,,,18.35,18.3,17.6,18.45
2012-04-20 00:00:00+00:00,239.9,307.44,7.52,9468.13,10.9,1.66,1.33,7622.0,,521660.0,27027276.0,7.22,,,,18.15,18.1,17.9,18.45
2012-04-23 00:00:00+00:00,236.6,303.21,7.63,9337.71,10.8,1.66,1.31,3765.0,,521660.0,27027276.0,7.12,,,,17.9,17.85,17.75,18.3
2012-04-24 00:00:00+00:00,236.6,303.21,7.63,9337.71,10.8,1.66,1.31,3448.0,,521660.0,27027276.0,7.12,,,,17.9,17.8,17.55,18.05
2012-04-25 00:00:00+00:00,238.5,305.75,7.56,9415.96,10.9,1.66,1.32,3710.0,,521660.0,27027276.0,7.18,,,,18.1,18.05,17.95,18.15
2012-04-26 00:00:00+00:00,235.2,301.52,7.67,9285.54,10.7,1.66,1.3,4225.0,,521660.0,27027276.0,7.08,,,,17.85,17.75,17.8,18.35
2012-04-27 00:00:00+00:00,235.2,301.52,8.28,9285.54,10.7,1.66,1.3,4391.0,,521660.0,27027276.0,7.08,,,,17.85,17.8,17.8,18.2
2012-04-30 00:00:00+00:00,226.7,290.51,8.6,8952.46,10.3,1.66,1.25,5294.0,,522010.0,27027276.0,6.82,,,,17.2,17.15,17.0,17.9
2012-05-01 00:00:00+00:00,226.7,290.51,8.6,8952.46,10.3,1.66,1.25,,,522010.0,27027276.0,6.82,,,,,,,
2012-05-02 00:00:00+00:00,234.6,300.67,8.31,9265.67,10.7,1.66,1.3,4937.0,,522010.0,27027276.0,7.06,,,,17.75,17.7,17.15,17.85
2012-05-03 00:00:00+00:00,236.6,303.21,8.24,9343.97,10.8,1.66,1.31,6028.0,,522010.0,27027276.0,7.12,,,,17.95,17.9,17.65,18.25
2012-05-04 00:00:00+00:00,238.5,305.75,8.17,9422.27,10.9,1.66,1.32,2705.0,,522010.0,27027276.0,7.18,,,,18.05,18.0,17.9,18.2
2012-05-07 00:00:00+00:00,233.3,298.98,8.35,9213.47,10.6,1.66,1.29,1450.0,,522010.0,27027276.0,7.02,,,,17.7,17.65,17.5,17.75
2012-05-08 00:00:00+00:00,233.9,299.82,8.33,9239.57,10.7,1.66,1.29,1333.0,,522010.0,27027276.0,7.04,,,,17.75,17.7,17.5,17.9
2012-05-09 00:00:00+00:00,237.2,304.06,8.21,9370.07,10.8,1.66,1.31,2556.0,,522010.0,27027276.0,7.14,,,,17.95,17.85,17.5,17.95
2012-05-10 00:00:00+00:00,236.6,303.21,8.24,9343.97,10.8,1.66,1.31,5733.0,,522010.0,27027276.0,7.12,,,,17.95,17.9,17.9,18.25
2012-05-11 00:00:00+00:00,228.0,292.2,8.55,9004.67,10.4,1.66,1.26,4831.0,,522010.0,27027276.0,6.86,,,,17.3,17.25,17.25,17.75
2012-05-14 00:00:00+00:00,225.3,288.81,8.65,8900.26,10.3,1.66,1.24,1429.0,,522010.0,27027276.0,6.78,,,,17.1,17.05,17.05,17.35
2012-05-15 00:00:00+00:00,227.3,291.35,8.57,8978.57,10.5,1.64,1.26,1334.0,,522010.0,27027276.0,6.84,,,,17.2,17.15,16.8,17.2
2012-05-16 00:00:00+00:00,226.7,290.51,8.6,8952.46,10.5,1.64,1.25,1531.0,,522010.0,27027276.0,6.82,,,,17.2,17.15,17.05,17.3
2012-05-17 00:00:00+00:00,226.7,290.51,8.6,8952.46,10.5,1.64,1.25,1229.0,,522010.0,27027276.0,6.82,,,,17.2,17.15,17.0,17.4
2012-05-18 00:00:00+00:00,216.7,277.8,8.99,8560.96,10.0,1.64,1.2,2247.0,,522010.0,27027276.0,6.53,,,,16.5,16.4,16.35,17.0
2012-05-21 00:00:00+00:00,218.1,279.5,8.93,8613.16,10.1,1.64,1.2,1056.0,,522010.0,27027276.0,6.57,,,,16.55,16.5,16.5,16.7
2012-05-22 00:00:00+00:00,226.7,290.51,8.6,8952.46,10.5,1.64,1.25,1894.0,,522010.0,27027276.0,6.82,,,,17.15,17.1,16.75,17.15
2012-05-23 00:00:00+00:00,222.0,284.58,8.78,8769.76,10.2,1.64,1.23,947.0,,522010.0,27027276.0,6.69,,,,16.85,16.8,16.75,17.1
2012-05-24 00:00:00+00:00,222.7,285.42,8.75,8795.86,10.3,1.64,1.23,2229.0,,522010.0,27027276.0,6.7,,,,16.9,16.85,16.75,17.1
2012-05-25 00:00:00+00:00,218.1,279.5,8.93,8613.16,10.1,1.64,1.2,1209.0,,522010.0,27027276.0,6.57,,,,16.55,16.5,16.5,16.95
2012-05-28 00:00:00+00:00,220.0,282.04,8.85,8691.46,10.2,1.64,1.22,917.0,,522010.0,27027276.0,6.63,,,,16.65,16.6,16.45,16.7
2012-05-29 00:00:00+00:00,231.3,296.43,8.42,9135.17,10.7,1.64,1.28,2422.0,,522010.0,27027276.0,6.96,,,,17.5,17.45,16.65,17.5
2012-05-30 00:00:00+00:00,230.0,294.74,8.47,9082.96,10.6,1.64,1.27,2070.0,,522010.0,27027276.0,6.92,,,,17.45,17.4,17.25,17.6
2012-05-31 00:00:00+00:00,231.3,296.43,8.42,9135.33,10.7,1.64,1.28,1274.0,,522019.0,27027276.0,6.96,,,,17.5,17.45,17.15,17.5
2012-06-01 00:00:00+00:00,224.7,287.96,8.67,8874.32,10.4,1.64,1.24,1331.0,,522019.0,27027276.0,6.76,,,,17.05,17.0,16.95,17.45
2012-06-04 00:00:00+00:00,211.5,271.03,9.21,8352.3,9.8,1.64,1.17,2775.0,,522019.0,27027276.0,6.37,,,,16.1,16.0,15.85,16.6
2012-06-05 00:00:00+00:00,215.4,276.11,9.04,8508.9,9.9,1.64,1.19,1172.0,,522019.0,27027276.0,6.49,,,,16.3,16.25,16.2,16.45
2012-06-06 00:00:00+00:00,217.4,278.65,8.96,8587.21,10.0,1.64,1.2,1216.0,,522019.0,27027276.0,6.55,,,,16.45,16.4,16.25,16.5
2012-06-07 00:00:00+00:00,216.1,276.95,9.02,8535.0,10.0,1.64,1.19,835.0,,522019.0,27027276.0,6.51,,,,16.4,16.35,16.35,16.7
2012-06-08 00:00:00+00:00,215.4,276.11,9.04,8508.9,9.9,1.64,1.19,492.0,,522019.0,27027276.0,6.49,,,,16.35,16.3,16.3,16.5
2012-06-11 00:00:00+00:00,219.4,281.19,8.88,8665.51,10.1,1.64,1.21,1024.0,,522019.0,27027276.0,6.61,,,,16.65,16.6,16.6,16.75
2012-06-12 00:00:00+00:00,218.1,279.5,8.93,8613.31,10.1,1.64,1.2,860.0,,522019.0,27027276.0,6.57,,,,16.55,16.5,16.4,16.6
2012-06-13 00:00:00+00:00,219.4,281.19,8.88,8665.51,10.1,1.64,1.21,644.0,,522019.0,27027276.0,6.61,,,,16.65,16.6,16.5,16.7
2012-06-14 00:00:00+00:00,219.4,281.19,8.88,8665.51,10.1,1.64,1.21,692.0,,522019.0,27027276.0,6.61,,,,16.6,16.55,16.5,16.7
2012-06-15 00:00:00+00:00,209.5,268.48,9.3,8274.0,9.7,1.64,1.16,3469.0,,522019.0,27027276.0,6.31,,,,15.85,15.8,15.85,16.7
2012-06-18 00:00:00+00:00,219.4,281.19,8.88,8665.51,10.1,1.64,1.21,2046.0,,522019.0,27027276.0,6.61,,,,16.6,16.55,16.45,16.65
2012-06-19 00:00:00+00:00,218.1,279.5,8.93,8613.31,10.1,1.64,1.2,1359.0,,522019.0,27027276.0,6.57,,,,16.6,16.5,16.5,16.65
2012-06-20 00:00:00+00:00,220.0,282.04,8.85,8691.61,10.2,1.64,1.22,1240.0,,522019.0,27027276.0,6.63,,,,16.7,16.65,16.65,16.8
2012-06-21 00:00:00+00:00,220.0,282.04,8.85,8691.61,10.2,1.64,1.22,1060.0,,522019.0,27027276.0,6.63,,,,16.65,16.6,16.5,16.75
2012-06-22 00:00:00+00:00,218.7,280.34,8.91,8639.4,10.1,1.64,1.21,995.0,,522019.0,27027276.0,6.59,,,,16.6,16.55,16.3,16.55
2012-06-25 00:00:00+00:00,220.0,282.04,8.85,8691.61,10.2,1.64,1.22,531.0,,522019.0,27027276.0,6.63,,,,16.65,16.6,16.45,16.65
2012-06-26 00:00:00+00:00,216.7,277.8,8.99,8561.11,10.0,1.64,1.2,1061.0,,522019.0,27027276.0,6.53,,,,16.5,16.4,16.4,16.55
2012-06-27 00:00:00+00:00,218.1,279.5,8.93,8613.31,10.1,1.64,1.2,762.0,,522019.0,27027276.0,6.57,,,,16.55,16.5,16.35,16.6
2012-06-28 00:00:00+00:00,221.4,283.73,8.8,8743.81,10.2,1.64,1.22,3069.0,,522019.0,27027276.0,6.67,,,,16.8,16.75,16.6,17.0
2012-06-29 00:00:00+00:00,223.3,286.27,8.72,8822.11,10.3,1.64,1.23,1314.0,,522019.0,27027276.0,6.72,,,,16.9,16.85,16.7,16.9
2012-07-02 00:00:00+00:00,224.0,287.12,8.7,8848.21,10.3,1.64,1.24,1417.0,,522019.0,27027276.0,6.74,,,,17.0,16.95,16.9,17.0
2012-07-03 00:00:00+00:00,225.3,288.81,8.65,8900.41,10.4,1.64,1.24,1094.0,,522019.0,27027276.0,6.78,,,,17.1,17.05,16.95,17.15
2012-07-04 00:00:00+00:00,225.3,288.81,8.65,8900.41,10.4,1.64,1.24,1294.0,,522019.0,27027276.0,6.78,,,,17.1,17.05,17.05,17.2
2012-07-05 00:00:00+00:00,226.0,289.66,8.62,8926.52,10.4,1.64,1.25,1781.0,,522019.0,27027276.0,6.8,,,,17.15,17.1,17.05,17.35
2012-07-06 00:00:00+00:00,226.0,289.66,8.62,8926.52,10.4,1.64,1.25,1311.0,,522019.0,27027276.0,6.8,,,,17.1,17.05,17.0,17.25
2012-07-09 00:00:00+00:00,226.7,290.51,8.6,8952.62,10.5,1.64,1.25,1217.0,,522019.0,27027276.0,6.82,,,,17.2,17.15,17.05,17.3
2012-07-10 00:00:00+00:00,224.7,287.96,8.67,8874.32,10.4,1.64,1.24,815.0,,522019.0,27027276.0,6.76,,,,17.05,17.0,16.95,17.25
2012-07-11 00:00:00+00:00,224.0,287.12,8.7,8848.21,10.3,1.64,1.24,1251.0,,522019.0,27027276.0,6.74,,,,17.0,16.95,16.9,17.1
2012-07-12 00:00:00+00:00,222.0,284.58,8.78,8769.91,10.2,1.64,1.23,842.0,,522019.0,27027276.0,6.69,,,,16.9,16.8,16.8,17.05
2012-07-13 00:00:00+00:00,220.0,282.04,8.85,8691.61,10.2,1.64,1.22,862.0,,522019.0,27027276.0,6.63,,,,16.7,16.65,16.6,16.85
2012-07-16 00:00:00+00:00,221.4,283.73,8.8,8743.81,10.2,1.64,1.22,659.0,,522019.0,27027276.0,6.67,,,,16.8,16.75,16.7,16.85
2012-07-17 00:00:00+00:00,222.7,285.42,8.75,8796.01,10.3,1.64,1.23,888.0,,522019.0,27027276.0,6.7,,,,16.85,16.8,16.75,16.9
2012-07-18 00:00:00+00:00,218.7,280.34,8.91,8639.4,10.1,1.64,1.21,1949.0,,522019.0,27027276.0,6.59,,,,16.55,16.5,16.5,16.95
2012-07-19 00:00:00+00:00,220.0,282.04,8.85,8691.61,10.2,1.64,1.22,1224.0,,522019.0,27027276.0,6.63,,,,16.7,16.65,16.5,16.8
2012-07-20 00:00:00+00:00,220.0,282.04,8.85,8691.61,10.2,1.64,1.22,537.0,,522019.0,27027276.0,6.63,,,,16.7,16.65,16.6,16.75
2012-07-23 00:00:00+00:00,218.1,279.5,8.93,8613.31,10.1,1.64,1.2,1059.0,,522019.0,27027276.0,6.57,,,,16.65,16.5,16.5,16.65
2012-07-24 00:00:00+00:00,218.7,280.34,8.91,8639.4,10.1,1.64,1.21,679.0,,522019.0,27027276.0,6.59,,,,16.55,16.5,16.4,16.65
2012-07-25 00:00:00+00:00,220.0,282.04,8.85,8691.61,10.2,1.64,1.22,1045.0,,522019.0,27027276.0,6.63,,,,16.65,16.6,16.5,16.65
2012-07-26 00:00:00+00:00,219.4,281.19,8.88,8665.51,10.1,1.64,1.21,1288.0,,522019.0,27027276.0,6.61,,,,16.65,16.6,16.55,16.8
2012-07-27 00:00:00+00:00,220.0,282.04,8.85,8691.61,10.2,1.64,1.22,2329.0,,522019.0,27027276.0,6.63,,,,16.7,16.65,16.6,16.75
2012-07-30 00:00:00+00:00,224.0,287.12,8.7,8848.21,10.3,1.64,1.24,4193.7,,522019.0,27027276.0,6.74,,,,16.95,16.9,16.7,17.0
2012-07-31 00:00:00+00:00,212.1,296.84,9.19,8379.47,9.8,1.64,1.17,5445.2,,522086.0,27027276.0,6.39,,,,16.1,16.05,15.5,16.1
2012-08-01 00:00:00+00:00,209.5,293.15,9.3,8275.06,9.7,1.64,1.16,4451.8,,522086.0,27027276.0,6.31,,,,15.9,15.85,15.8,16.05
2012-08-02 00:00:00+00:00,209.5,293.15,9.3,8275.06,9.7,1.64,1.16,,,522086.0,27027276.0,6.31,,,,,,,
2012-08-03 00:00:00+00:00,212.8,297.77,9.16,8405.58,9.8,1.64,1.18,4948.4,,522086.0,27027276.0,6.41,,,,16.15,16.1,15.55,16.15
2012-08-06 00:00:00+00:00,213.4,298.69,9.13,8431.68,9.8,1.64,1.18,3635.7,,522086.0,27027276.0,6.43,,,,16.15,16.1,16.05,16.35
2012-08-07 00:00:00+00:00,210.1,294.07,9.27,8301.16,9.7,1.64,1.16,1568.0,,522086.0,27027276.0,6.33,,,,15.95,15.9,15.85,16.15
2012-08-08 00:00:00+00:00,211.5,295.92,9.21,8353.37,9.8,1.64,1.17,2017.6,,522086.0,27027276.0,6.37,,,,16.0,15.95,15.9,16.1
2012-08-09 00:00:00+00:00,212.8,297.77,9.16,8405.58,9.8,1.64,1.18,2978.3,,522086.0,27027276.0,6.41,,,,16.15,16.1,15.9,16.15
2012-08-10 00:00:00+00:00,216.1,302.39,9.02,8536.1,10.0,1.64,1.19,5603.2,,522086.0,27027276.0,6.51,,,,16.35,16.3,16.1,16.4
2012-08-13 00:00:00+00:00,210.1,294.07,9.27,8301.16,9.7,1.64,1.16,3766.7,,522086.0,27027276.0,6.33,,,,15.95,15.9,15.9,16.3
2012-08-14 00:00:00+00:00,210.8,295.0,9.24,8327.27,9.7,1.64,1.16,1220.2,,522086.0,27027276.0,6.35,,,,16.0,15.95,15.9,16.05
2012-08-15 00:00:00+00:00,208.8,292.22,9.33,8248.95,9.6,1.64,1.15,1330.4,,522086.0,27027276.0,6.29,,,,15.85,15.8,15.8,16.0
2012-08-16 00:00:00+00:00,210.1,294.07,9.27,8301.16,9.7,1.64,1.16,1538.8,,522086.0,27027276.0,6.33,,,,15.95,15.9,15.85,16.05
2012-08-17 00:00:00+00:00,212.1,296.84,9.19,8379.47,9.8,1.64,1.17,1400.6,,522086.0,27027276.0,6.39,,,,16.1,16.05,15.95,16.1
2012-08-20 00:00:00+00:00,210.1,294.07,9.27,8301.16,9.7,1.64,1.16,2024.3,,522086.0,27027276.0,6.33,,,,15.95,15.9,15.9,16.1
2012-08-21 00:00:00+00:00,209.5,293.15,9.3,8275.06,9.7,1.64,1.16,1633.3,,522086.0,27027276.0,6.31,,,,15.9,15.85,15.85,16.1
2012-08-22 00:00:00+00:00,209.5,293.15,9.3,8275.06,9.7,1.64,1.16,1366.5,,522086.0,27027276.0,6.31,,,,15.9,15.85,15.8,16.0
2012-08-23 00:00:00+00:00,210.1,294.07,9.27,8301.16,9.7,1.64,1.16,1582.3,,522086.0,27027276.0,6.33,,,,15.95,15.9,15.85,16.0
2012-08-24 00:00:00+00:00,210.1,294.07,9.27,8301.16,9.7,1.64,1.16,1141.9,,522086.0,27027276.0,6.33,,,,15.9,15.85,15.85,15.95
2012-08-27 00:00:00+00:00,210.8,295.0,9.24,8327.27,9.7,1.64,1.16,1966.2,,522086.0,27027276.0,6.35,,,,16.0,15.95,15.95,16.15
2012-08-28 00:00:00+00:00,208.8,292.22,9.33,8248.95,9.6,1.64,1.15,1849.8,,522086.0,27027276.0,6.29,,,,15.9,15.8,15.8,16.15
2012-08-29 00:00:00+00:00,208.2,291.3,9.36,8222.85,9.6,1.64,1.15,1118.5,,522086.0,27027276.0,6.27,,,,15.75,15.7,15.7,15.9
2012-08-30 00:00:00+00:00,206.2,288.52,9.45,8144.54,9.5,1.64,1.14,1612.1,,522086.0,27027276.0,6.21,,,,15.65,15.6,15.6,15.85
2012-08-31 00:00:00+00:00,204.8,286.67,9.51,8112.73,8.8,1.77,1.13,1460.8,,523402.0,27027276.0,6.17,,,,15.55,15.5,15.5,15.7
2012-09-03 00:00:00+00:00,211.5,295.92,9.21,8374.44,9.0,1.77,1.17,2930.3,,523402.0,27027276.0,6.37,,,,16.0,15.95,15.65,16.0
2012-09-04 00:00:00+00:00,210.8,295.0,9.24,8348.27,9.0,1.77,1.16,2328.8,,523402.0,27027276.0,6.35,,,,15.95,15.9,15.85,16.1
2012-09-05 00:00:00+00:00,206.8,289.45,9.42,8191.25,8.8,1.77,1.14,1720.1,,523402.0,27027276.0,6.23,,,,15.7,15.65,15.65,15.9
2012-09-06 00:00:00+00:00,205.5,287.6,9.48,8138.9,8.8,1.77,1.14,1515.6,,523402.0,27027276.0,6.19,,,,15.55,15.5,15.55,15.8
2012-09-07 00:00:00+00:00,205.5,287.6,9.48,8138.9,8.8,1.77,1.14,1018.8,,523402.0,27027276.0,6.19,,,,15.65,15.55,15.55,15.75
2012-09-10 00:00:00+00:00,205.5,287.6,9.48,8138.9,8.8,1.77,1.14,892.8,,523402.0,27027276.0,6.19,,,,15.6,15.55,15.55,15.65
2012-09-11 00:00:00+00:00,205.5,287.6,9.48,8138.9,8.8,1.77,1.14,996.3,,523402.0,27027276.0,6.19,,,,15.6,15.55,15.5,15.65
2012-09-12 00:00:00+00:00,206.8,289.45,9.42,8191.25,8.8,1.77,1.14,1379.5,,523402.0,27027276.0,6.23,,,,15.65,15.6,15.6,15.7
2012-09-13 00:00:00+00:00,211.5,295.92,9.21,8374.44,9.0,1.77,1.17,4353.5,,523402.0,27027276.0,6.37,,,,16.0,15.95,15.7,16.1
2012-09-14 00:00:00+00:00,210.8,295.0,9.24,8348.27,9.0,1.77,1.16,2834.5,,523402.0,27027276.0,6.35,,,,16.0,15.95,15.9,16.15
2012-09-17 00:00:00+00:00,213.4,298.69,9.13,8452.94,9.1,1.77,1.18,6535.5,,523402.0,27027276.0,6.43,,,,16.15,16.1,15.75,16.3
2012-09-18 00:00:00+00:00,210.8,295.0,9.24,8348.27,9.0,1.77,1.16,1906.8,,523402.0,27027276.0,6.35,,,,16.0,15.95,15.9,16.05
2012-09-19 00:00:00+00:00,211.5,295.92,9.21,8374.44,9.0,1.77,1.17,1481.5,,523402.0,27027276.0,6.37,,,,16.0,15.95,15.9,16.15
2012-09-20 00:00:00+00:00,210.1,294.07,9.27,8322.09,9.0,1.77,1.16,978.5,,523402.0,27027276.0,6.33,,,,15.95,15.9,15.9,16.1
2012-09-21 00:00:00+00:00,210.1,294.07,9.27,8322.09,9.0,1.77,1.16,1134.7,,523402.0,27027276.0,6.33,,,,15.95,15.9,15.9,16.05
2012-09-24 00:00:00+00:00,212.1,296.84,9.19,8400.6,9.1,1.77,1.17,2585.3,,523402.0,27027276.0,6.39,,,,16.15,16.05,16.05,16.2
2012-09-25 00:00:00+00:00,212.1,296.84,9.19,8400.6,9.1,1.77,1.17,2072.8,,523402.0,27027276.0,6.39,,,,16.1,16.05,15.9,16.1
2012-09-26 00:00:00+00:00,208.8,292.22,9.33,8269.75,8.9,1.77,1.15,948.6,,523402.0,27027276.0,6.29,,,,15.85,15.8,15.8,16.0
2012-09-27 00:00:00+00:00,209.5,293.15,9.3,8295.92,9.0,1.77,1.16,767.9,,523402.0,27027276.0,6.31,,,,15.9,15.85,15.8,15.9
2012-09-28 00:00:00+00:00,208.8,292.22,9.33,8269.75,8.9,1.77,1.15,964.9,,523402.0,27027276.0,6.29,,,,15.85,15.8,15.75,16.0
2012-10-01 00:00:00+00:00,208.8,292.22,9.33,8274.89,8.9,1.77,1.15,653.0,,523727.0,27027276.0,6.29,,,,15.8,15.75,15.65,15.95
2012-10-02 00:00:00+00:00,208.2,291.3,9.36,8248.7,8.9,1.77,1.15,501.6,,523727.0,27027276.0,6.27,,,,15.8,15.75,15.75,15.9
2012-10-03 00:00:00+00:00,207.5,290.37,9.39,8222.52,8.9,1.77,1.15,484.1,,523727.0,27027276.0,6.25,,,,15.75,15.7,15.7,15.85
2012-10-04 00:00:00+00:00,208.8,292.22,9.33,8274.89,8.9,1.77,1.15,937.9,,523727.0,27027276.0,6.29,,,,15.8,15.75,15.65,15.85
2012-10-05 00:00:00+00:00,207.5,290.37,9.39,8222.52,8.9,1.77,1.15,734.9,,523727.0,27027276.0,6.25,,,,15.75,15.7,15.7,15.85
2012-10-08 00:00:00+00:00,205.5,287.6,9.48,8143.96,8.8,1.77,1.14,719.9,,523727.0,27027276.0,6.19,,,,15.6,15.55,15.55,15.75
2012-10-09 00:00:00+00:00,204.8,286.67,9.51,8117.77,8.8,1.77,1.13,832.2,,523727.0,27027276.0,6.17,,,,15.55,15.5,15.45,15.65
2012-10-10 00:00:00+00:00,204.8,286.67,9.51,8117.77,8.8,1.77,1.13,,,523727.0,27027276.0,6.17,,,,,,,
2012-10-11 00:00:00+00:00,199.6,279.27,9.76,7908.28,8.5,1.77,1.1,1803.1,,523727.0,27027276.0,6.01,,,,15.1,15.05,15.0,15.4
2012-10-12 00:00:00+00:00,198.9,278.35,9.8,7882.09,8.5,1.77,1.1,666.2,,523727.0,27027276.0,5.99,,,,15.1,15.05,15.0,15.25
2012-10-15 00:00:00+00:00,194.9,272.8,9.99,7724.98,8.3,1.77,1.08,1007.6,,523727.0,27027276.0,5.87,,,,14.8,14.75,14.75,15.15
2012-10-16 00:00:00+00:00,196.3,274.65,9.93,7777.35,8.4,1.77,1.08,715.9,,523727.0,27027276.0,5.91,,,,14.85,14.8,14.8,14.95
2012-10-17 00:00:00+00:00,196.9,275.58,9.89,7803.54,8.4,1.77,1.09,744.2,,523727.0,27027276.0,5.93,,,,14.95,14.9,14.9,15.05
2012-10-18 00:00:00+00:00,198.9,278.35,9.8,7882.09,8.5,1.77,1.1,945.9,,523727.0,27027276.0,5.99,,,,15.1,15.05,14.95,15.25
2012-10-19 00:00:00+00:00,196.3,274.65,9.93,7777.35,8.4,1.77,1.08,546.4,,523727.0,27027276.0,5.91,,,,14.9,14.85,14.85,15.05
2012-10-22 00:00:00+00:00,193.6,270.95,10.06,7672.6,8.3,1.77,1.07,723.2,,523727.0,27027276.0,5.83,,,,14.65,14.6,14.45,14.7
2012-10-23 00:00:00+00:00,196.3,274.65,9.93,7777.35,8.4,1.77,1.08,776.1,,523727.0,27027276.0,5.91,,,,14.9,14.85,14.65,15.0
2012-10-24 00:00:00+00:00,194.9,272.8,9.99,7724.98,8.3,1.77,1.08,322.1,,523727.0,27027276.0,5.87,,,,14.8,14.75,14.7,14.9
2012-10-25 00:00:00+00:00,191.6,268.18,10.17,7594.04,8.2,1.77,1.06,557.8,,523727.0,27027276.0,5.77,,,,14.55,14.5,14.5,14.95
2012-10-26 00:00:00+00:00,180.4,252.46,10.8,7148.88,7.7,1.77,1.0,2566.5,,523727.0,27027276.0,5.43,,,,13.7,13.65,13.55,14.65
2012-10-29 00:00:00+00:00,175.8,245.98,11.08,6965.57,7.5,1.77,0.97,1362.6,,523727.0,27027276.0,5.29,,,,13.35,13.3,13.25,13.85
2012-10-30 00:00:00+00:00,187.7,262.63,10.38,7436.93,8.0,1.77,1.04,860.0,,523727.0,27027276.0,5.65,,,,,14.2,14.0,14.2
2012-10-31 00:00:00+00:00,191.6,268.18,10.17,7598.09,8.2,1.77,1.06,3078.7,,524006.0,27027276.0,5.77,,,,14.5,14.45,14.3,14.75
2012-11-01 00:00:00+00:00,193.0,270.03,10.1,7650.49,8.3,1.77,1.07,1943.9,,524006.0,27027276.0,5.81,,,,14.6,14.55,14.2,14.6
2012-11-02 00:00:00+00:00,192.3,269.1,10.13,7624.29,8.2,1.77,1.06,1286.1,,524006.0,27027276.0,5.79,,,,14.6,14.55,14.5,14.85
2012-11-05 00:00:00+00:00,192.3,269.1,10.13,7624.29,8.2,1.77,1.06,886.6,,524006.0,27027276.0,5.79,,,,14.6,14.55,14.35,14.55
2012-11-06 00:00:00+00:00,193.6,270.95,10.06,7676.69,8.3,1.77,1.07,519.5,,524006.0,27027276.0,5.83,,,,14.7,14.65,14.55,14.7
2012-11-07 00:00:00+00:00,194.9,272.8,9.99,7729.09,8.3,1.77,1.08,887.6,,524006.0,27027276.0,5.87,,,,14.8,14.75,14.65,14.8
2012-11-08 00:00:00+00:00,192.3,269.1,10.13,7624.29,8.2,1.77,1.06,1070.9,,524006.0,27027276.0,5.79,,,,14.6,14.55,14.45,14.65
2012-11-09 00:00:00+00:00,194.3,271.88,10.03,7702.89,8.3,1.77,1.07,872.2,,524006.0,27027276.0,5.85,,,,14.7,14.65,14.45,14.7
2012-11-12 00:00:00+00:00,191.0,267.25,10.2,7571.89,7.6,1.89,1.05,896.8,,524006.0,27027276.0,5.75,,,,14.55,14.45,14.35,14.6
2012-11-13 00:00:00+00:00,188.3,263.55,10.35,7467.09,7.5,1.89,1.04,712.6,,524006.0,27027276.0,5.67,,,,14.3,14.25,14.25,14.5
2012-11-14 00:00:00+00:00,191.0,267.25,10.2,7571.89,7.6,1.89,1.05,837.5,,524006.0,27027276.0,5.75,,,,14.45,14.4,14.1,14.45
2012-11-15 00:00:00+00:00,191.0,267.25,10.2,7571.89,7.6,1.89,1.05,687.4,,524006.0,27027276.0,5.75,,,,14.45,14.4,14.15,14.55
2012-11-16 00:00:00+00:00,190.3,266.33,10.24,7545.69,7.6,1.89,1.05,490.6,,524006.0,27027276.0,5.73,,,,14.45,14.4,14.35,14.55
2012-11-19 00:00:00+00:00,189.6,265.4,10.27,7519.49,7.6,1.89,1.05,368.7,,524006.0,27027276.0,5.71,,,,14.35,14.3,14.3,14.5
2012-11-20 00:00:00+00:00,188.3,263.55,10.35,7467.09,7.5,1.89,1.04,467.9,,524006.0,27027276.0,5.67,,,,14.3,14.25,14.2,14.5
2012-11-21 00:00:00+00:00,185.0,258.93,10.53,7336.09,7.4,1.89,1.02,1060.7,,524006.0,27027276.0,5.57,,,,14.0,13.95,13.9,14.3
2012-11-22 00:00:00+00:00,185.7,259.85,10.49,7362.29,7.4,1.89,1.03,759.0,,524006.0,27027276.0,5.59,,,,14.05,14.0,13.9,14.15
2012-11-23 00:00:00+00:00,190.3,266.33,10.24,7545.69,7.6,1.89,1.05,1285.5,,524006.0,27027276.0,5.73,,,,14.4,14.35,14.05,14.45
2012-11-26 00:00:00+00:00,193.0,270.03,10.1,7650.49,7.7,1.89,1.07,1026.7,,524006.0,27027276.0,5.81,,,,14.6,14.55,14.45,14.65
2012-11-27 00:00:00+00:00,193.0,270.03,10.1,7650.49,7.7,1.89,1.07,575.3,,524006.0,27027276.0,5.81,,,,14.6,14.55,14.5,14.65
2012-11-28 00:00:00+00:00,194.3,271.88,10.03,7702.89,7.8,1.89,1.07,962.6,,524006.0,27027276.0,5.85,,,,14.75,14.7,14.5,14.85
2012-11-29 00:00:00+00:00,198.2,277.43,9.83,7860.09,7.9,1.89,1.1,5837.0,,524006.0,27027276.0,5.97,,,,15.05,15.0,14.75,15.35
2012-11-30 00:00:00+00:00,199.6,279.27,9.76,7914.15,8.0,1.89,1.1,1754.6,,524116.0,27027276.0,6.01,,,,15.15,15.1,15.0,15.25
2012-12-03 00:00:00+00:00,199.6,279.27,9.76,7914.15,8.0,1.89,1.1,2042.7,,524116.0,27027276.0,6.01,,,,15.15,15.1,15.0,15.3
2012-12-04 00:00:00+00:00,203.5,284.82,9.57,8071.39,8.1,1.89,1.12,2313.4,,524116.0,27027276.0,6.13,,,,15.4,15.35,15.1,15.5
2012-12-05 00:00:00+00:00,202.9,283.9,9.6,8045.18,8.1,1.89,1.12,1121.9,,524116.0,27027276.0,6.11,,,,15.4,15.35,15.2,15.45
2012-12-06 00:00:00+00:00,201.5,282.05,9.67,7992.77,8.1,1.89,1.11,982.6,,524116.0,27027276.0,6.07,,,,15.3,15.25,15.25,15.45
2012-12-07 00:00:00+00:00,200.2,280.2,9.73,7940.36,8.0,1.89,1.11,1025.8,,524116.0,27027276.0,6.03,,,,15.2,15.15,15.15,15.4
2012-12-10 00:00:00+00:00,197.6,276.5,9.86,7835.54,7.9,1.89,1.09,1146.8,,524116.0,27027276.0,5.95,,,,14.95,14.9,14.8,15.25
2012-12-11 00:00:00+00:00,200.9,281.12,9.7,7966.56,8.0,1.89,1.11,1833.9,,524116.0,27027276.0,6.05,,,,15.25,15.2,14.95,15.25
2012-12-12 00:00:00+00:00,203.5,284.82,9.57,8071.39,8.1,1.89,1.12,1429.3,,524116.0,27027276.0,6.13,,,,15.4,15.35,15.25,15.45
2012-12-13 00:00:00+00:00,204.8,286.67,9.51,8123.8,8.2,1.89,1.13,1465.3,,524116.0,27027276.0,6.17,,,,15.5,15.45,15.4,15.55
2012-12-14 00:00:00+00:00,204.2,285.75,9.54,8097.59,8.2,1.89,1.13,929.4,,524116.0,27027276.0,6.15,,,,15.5,15.45,15.4,15.55
2012-12-17 00:00:00+00:00,206.8,289.45,9.42,8202.42,8.3,1.89,1.14,1529.1,,524116.0,27027276.0,6.23,,,,15.7,15.65,15.4,15.7
2012-12-18 00:00:00+00:00,206.8,289.45,9.42,8202.42,8.3,1.89,1.14,1310.8,,524116.0,27027276.0,6.23,,,,15.7,15.65,15.55,15.8
2012-12-19 00:00:00+00:00,205.5,287.6,9.48,8150.01,8.2,1.89,1.14,773.3,,524116.0,27027276.0,6.19,,,,15.65,15.55,15.55,15.8
2012-12-20 00:00:00+00:00,204.2,285.75,9.54,8097.59,8.2,1.89,1.13,947.9,,524116.0,27027276.0,6.15,,,,15.45,15.4,15.3,15.65
2012-12-21 00:00:00+00:00,203.5,284.82,9.57,8071.39,8.1,1.89,1.12,653.5,,524116.0,27027276.0,6.13,,,,15.4,15.35,15.3,15.45
2012-12-24 00:00:00+00:00,213.4,298.69,9.13,8464.47,8.5,1.89,1.18,6363.7,,524116.0,27027276.0,6.43,,,,16.2,16.15,15.8,16.4
2012-12-25 00:00:00+00:00,212.8,297.77,9.16,8438.27,8.5,1.89,1.18,2272.0,,524116.0,27027276.0,6.41,,,,16.15,16.1,16.0,16.3
2012-12-26 00:00:00+00:00,211.5,295.92,9.21,8385.86,8.5,1.89,1.17,1256.3,,524116.0,27027276.0,6.37,,,,16.05,16.0,16.0,16.2
2012-12-27 00:00:00+00:00,212.1,296.84,9.19,8412.06,8.5,1.89,1.17,918.6,,524116.0,27027276.0,6.39,,,,16.05,16.0,15.95,16.15
2012-12-28 00:00:00+00:00,213.4,298.69,9.13,8464.47,8.5,1.89,1.18,1682.7,,524116.0,27027276.0,6.43,,,,16.2,16.15,15.95,16.2
2012-12-31 00:00:00+00:00,213.4,298.69,9.13,8464.47,8.5,1.89,1.18,,,524116.0,27027276.0,6.43,,,,,,,
2013-01-01 00:00:00+00:00,213.4,298.69,9.13,8464.47,8.5,1.89,1.21,,,524116.0,22637987.0,12.6,,,,,,,
2013-01-02 00:00:00+00:00,217.4,304.24,8.96,8621.71,8.7,1.89,1.23,3783.0,,524116.0,22637987.0,12.84,,,,16.5,16.45,16.2,16.75
2013-01-03 00:00:00+00:00,216.1,302.39,9.02,8569.29,8.7,1.89,1.22,2500.2,,524116.0,22637987.0,12.76,,,,16.4,16.35,16.3,16.6
2013-01-04 00:00:00+00:00,216.1,302.39,9.02,8569.29,8.7,1.89,1.22,1212.4,,524116.0,22637987.0,12.76,,,,16.35,16.3,16.3,16.45
2013-01-07 00:00:00+00:00,216.1,302.39,9.02,8569.29,8.7,1.89,1.22,2380.8,,524116.0,22637987.0,12.76,,,,16.4,16.35,16.35,16.65
2013-01-08 00:00:00+00:00,214.8,300.54,9.07,8516.89,8.6,1.89,1.21,1454.6,,524116.0,22637987.0,12.68,,,,16.25,16.2,16.15,16.4
2013-01-09 00:00:00+00:00,214.8,300.54,9.07,8516.89,8.6,1.89,1.21,1475.7,,524116.0,22637987.0,12.68,,,,16.35,16.25,16.1,16.5
2013-01-10 00:00:00+00:00,214.1,299.62,9.1,8490.68,8.6,1.89,1.21,1997.1,,524116.0,22637987.0,12.64,,,,16.25,16.2,16.2,16.45
2013-01-11 00:00:00+00:00,215.4,301.47,9.04,8543.09,8.6,1.89,1.22,1580.8,,524116.0,22637987.0,12.72,,,,16.3,16.25,16.2,16.4
2013-01-14 00:00:00+00:00,213.4,298.69,9.13,8464.47,8.5,1.89,1.21,1124.0,,524116.0,22637987.0,12.6,,,,16.2,16.15,16.1,16.35
2013-01-15 00:00:00+00:00,213.4,298.69,9.13,8464.47,8.5,1.89,1.21,1151.4,,524116.0,22637987.0,12.6,,,,16.15,16.1,16.05,16.25
2013-01-16 00:00:00+00:00,213.4,298.69,9.13,8464.47,8.5,1.89,1.21,1129.6,,524116.0,22637987.0,12.6,,,,16.2,16.15,16.1,16.35
2013-01-17 00:00:00+00:00,207.5,290.37,9.39,8228.63,8.3,1.89,1.17,1705.2,,524116.0,22637987.0,12.25,,,,15.8,15.7,15.55,16.25
2013-01-18 00:00:00+00:00,214.1,299.62,9.1,8490.68,8.6,1.89,1.21,1876.0,,524116.0,22637987.0,12.64,,,,16.2,16.15,15.85,16.2
2013-01-21 00:00:00+00:00,212.8,297.77,9.16,8438.27,8.5,1.89,1.2,622.5,,524116.0,22637987.0,12.57,,,,16.2,16.1,15.95,16.2
2013-01-22 00:00:00+00:00,214.8,300.54,9.07,8516.89,8.6,1.89,1.21,1669.1,,524116.0,22637987.0,12.68,,,,16.25,16.2,16.15,16.3
2013-01-23 00:00:00+00:00,214.1,299.62,9.1,8490.68,8.6,1.89,1.21,762.1,,524116.0,22637987.0,12.64,,,,16.2,16.15,16.15,16.35
2013-01-24 00:00:00+00:00,212.8,297.77,9.16,8438.27,8.5,1.89,1.2,730.1,,524116.0,22637987.0,12.57,,,,16.15,16.05,16.0,16.2
2013-01-25 00:00:00+00:00,210.1,294.07,9.27,8333.45,8.4,1.89,1.19,1212.9,,524116.0,22637987.0,12.41,,,,15.95,15.9,15.85,16.2
2013-01-28 00:00:00+00:00,210.8,295.0,9.24,8359.65,8.4,1.89,1.19,464.3,,524116.0,22637987.0,12.45,,,,16.0,15.95,15.9,16.0
2013-01-29 00:00:00+00:00,214.8,300.54,9.07,8516.89,8.6,1.89,1.21,1483.6,,524116.0,22637987.0,12.68,,,,16.25,16.2,16.05,16.35
2013-01-30 00:00:00+00:00,214.1,299.62,9.1,8490.68,8.6,1.89,1.21,848.0,,524116.0,22637987.0,12.64,,,,16.2,16.15,16.1,16.3
2013-01-31 00:00:00+00:00,211.5,295.92,9.21,8390.52,8.5,1.89,1.19,1095.4,,524407.0,22637987.0,12.49,,,,16.05,16.0,16.0,16.2
2013-02-01 00:00:00+00:00,213.4,298.69,9.13,8469.17,8.5,1.89,1.21,1632.3,,524407.0,22637987.0,12.6,,,,16.2,16.15,16.05,16.3
2013-02-04 00:00:00+00:00,216.7,303.32,8.99,8600.27,8.7,1.89,1.22,4523.2,,524407.0,22637987.0,12.8,,,,16.45,16.4,16.35,16.55
2013-02-05 00:00:00+00:00,214.1,299.62,9.1,8495.39,8.6,1.89,1.21,1350.9,,524407.0,22637987.0,12.64,,,,16.25,16.2,16.15,16.4
2013-02-06 00:00:00+00:00,214.1,299.62,9.1,8495.39,8.6,1.89,1.21,975.2,,524407.0,22637987.0,12.64,,,,16.25,16.2,16.2,16.35
2013-02-07 00:00:00+00:00,214.1,299.62,9.1,8495.39,8.6,1.89,1.21,,,524407.0,22637987.0,12.64,,,,,,,
2013-02-08 00:00:00+00:00,214.1,299.62,9.1,8495.39,8.6,1.89,1.21,,,524407.0,22637987.0,12.64,,,,,,,
2013-02-11 00:00:00+00:00,214.1,299.62,9.1,8495.39,8.6,1.89,1.21,,,524407.0,22637987.0,12.64,,,,,,,
2013-02-12 00:00:00+00:00,214.1,299.62,9.1,8495.39,8.6,1.89,1.21,,,524407.0,22637987.0,12.64,,,,,,,
2013-02-13 00:00:00+00:00,214.1,299.62,9.1,8495.39,8.6,1.89,1.21,,,524407.0,22637987.0,12.64,,,,,,,
2013-02-14 00:00:00+00:00,214.1,299.62,9.1,8495.39,8.6,1.89,1.21,,,524407.0,22637987.0,12.64,,,,,,,
2013-02-15 00:00:00+00:00,214.1,299.62,9.1,8495.39,8.6,1.89,1.21,,,524407.0,22637987.0,12.64,,,,,,,
2013-02-18 00:00:00+00:00,209.5,293.15,9.3,8311.85,8.4,1.89,1.18,2680.4,,524407.0,22637987.0,12.37,,,,15.85,15.8,15.8,16.1
2013-02-19 00:00:00+00:00,208.2,291.3,9.36,8259.41,8.3,1.89,1.18,2164.7,,524407.0,22637987.0,12.29,,,,15.8,15.75,15.6,15.85
2013-02-20 00:00:00+00:00,209.5,293.15,9.3,8311.85,8.4,1.89,1.18,1620.7,,524407.0,22637987.0,12.37,,,,15.9,15.85,15.8,15.95
2013-02-21 00:00:00+00:00,210.1,294.07,9.27,8338.07,8.4,1.89,1.19,1148.1,,524407.0,22637987.0,12.41,,,,15.9,15.85,15.7,15.9
2013-02-22 00:00:00+00:00,207.5,290.37,9.39,8233.19,8.3,1.89,1.17,1564.9,,524407.0,22637987.0,12.25,,,,15.75,15.7,15.7,15.85
2013-02-25 00:00:00+00:00,209.5,293.15,9.3,8311.85,8.4,1.89,1.18,982.8,,524407.0,22637987.0,12.37,,,,15.9,15.85,15.7,15.9
2013-02-26 00:00:00+00:00,210.1,294.07,9.27,8338.07,8.4,1.89,1.19,1322.4,,524407.0,22637987.0,12.41,,,,15.9,15.85,15.75,16.05
2013-02-27 00:00:00+00:00,208.2,291.3,9.36,8259.41,8.3,1.89,1.18,1115.9,,524407.0,22637987.0,12.29,,,,15.85,15.75,15.75,16.0
2013-02-28 00:00:00+00:00,208.2,291.3,9.36,8261.46,8.3,1.89,1.18,,,524537.0,22637987.0,12.29,,,,,,,
2013-03-01 00:00:00+00:00,210.1,294.07,9.27,8340.14,8.4,1.89,1.19,1044.1,,524537.0,22637987.0,12.41,,,,15.9,15.85,15.75,15.95
2013-03-04 00:00:00+00:00,209.5,293.15,9.3,8313.91,8.4,1.89,1.18,1609.5,,524537.0,22637987.0,12.37,,,,15.9,15.85,15.75,15.95
2013-03-05 00:00:00+00:00,210.1,294.07,9.27,8340.14,8.4,1.89,1.19,1637.2,,524537.0,22637987.0,12.41,,,,15.95,15.9,15.85,16.05
2013-03-06 00:00:00+00:00,208.8,292.22,9.33,8287.69,8.4,1.89,1.18,1767.5,,524537.0,22637987.0,12.33,,,,15.85,15.8,15.7,16.0
2013-03-07 00:00:00+00:00,209.5,293.15,9.3,8313.91,8.4,1.89,1.18,982.8,,524537.0,22637987.0,12.37,,,,15.9,15.85,15.75,15.9
2013-03-08 00:00:00+00:00,212.1,296.84,9.19,8418.81,8.5,1.89,1.2,2687.7,,524537.0,22637987.0,12.53,,,,16.1,16.05,15.8,16.15
2013-03-11 00:00:00+00:00,211.5,295.92,9.21,8392.59,8.5,1.89,1.19,1708.4,,524537.0,22637987.0,12.49,,,,16.05,16.0,15.8,16.15
2013-03-12 00:00:00+00:00,212.8,297.77,9.16,8445.04,8.5,1.89,1.2,1996.1,,524537.0,22637987.0,12.57,,,,16.1,16.05,16.0,16.2
2013-03-13 00:00:00+00:00,212.1,296.84,9.19,8418.81,8.5,1.89,1.2,1289.8,,524537.0,22637987.0,12.53,,,,16.1,16.05,16.0,16.25
2013-03-14 00:00:00+00:00,212.8,297.77,9.16,8445.04,8.5,1.89,1.2,994.7,,524537.0,22637987.0,12.57,,,,16.15,16.1,16.0,16.2
2013-03-15 00:00:00+00:00,216.1,302.39,9.02,8576.18,8.7,1.89,1.22,4056.3,,524537.0,22637987.0,12.76,,,,16.35,16.3,16.05,16.5
2013-03-18 00:00:00+00:00,209.5,293.15,9.3,8313.91,8.4,1.89,1.18,2977.9,,524537.0,22637987.0,12.37,,,,15.9,15.85,15.75,16.3
2013-03-19 00:00:00+00:00,212.8,297.77,9.16,8445.04,8.5,1.89,1.2,923.8,,524537.0,22637987.0,12.57,,,,16.1,16.05,15.9,16.15
2013-03-20 00:00:00+00:00,212.8,297.77,9.16,8445.04,8.5,1.89,1.2,1988.4,,524537.0,22637987.0,12.57,,,,16.1,16.05,15.8,16.15
2013-03-21 00:00:00+00:00,212.8,297.77,9.16,8445.04,8.5,1.89,1.2,1536.5,,524537.0,22637987.0,12.57,,,,16.15,16.1,16.05,16.25
2013-03-22 00:00:00+00:00,212.1,296.84,9.19,8418.81,8.5,1.89,1.2,1495.1,,524537.0,22637987.0,12.53,,,,16.1,16.05,16.0,16.2
2013-03-25 00:00:00+00:00,212.8,297.77,9.16,8445.04,8.5,1.89,1.2,1463.2,,524537.0,22637987.0,12.57,,,,16.1,16.05,16.0,16.15
2013-03-26 00:00:00+00:00,213.4,298.69,9.25,8471.27,8.5,1.89,1.21,1915.6,,524537.0,22637987.0,12.6,,,,16.15,16.1,16.05,16.2
2013-03-27 00:00:00+00:00,228.0,319.04,8.66,9048.27,9.1,1.89,1.29,14992.7,,524537.0,22637987.0,13.46,,,,,17.25,16.65,17.25
2013-03-28 00:00:00+00:00,230.6,322.74,8.56,9153.17,9.2,1.89,1.3,16322.7,,524537.0,22637987.0,13.62,,,,17.5,17.45,17.3,17.6
2013-03-29 00:00:00+00:00,229.3,320.89,8.61,9100.71,9.2,1.89,1.29,6836.9,,524537.0,22637987.0,13.54,,,,17.4,17.35,17.1,17.45
2013-04-01 00:00:00+00:00,227.3,318.11,8.68,9025.63,10.2,1.68,1.28,4888.9,,524746.0,22637987.0,13.42,,,,17.2,17.15,17.0,17.35
2013-04-02 00:00:00+00:00,226.7,317.19,8.71,8999.39,10.2,1.68,1.28,5978.4,,524746.0,22637987.0,13.39,,,,17.2,17.15,17.05,17.45
2013-04-03 00:00:00+00:00,229.3,320.89,8.61,9104.34,10.3,1.68,1.29,3326.1,,524746.0,22637987.0,13.54,,,,17.35,17.3,17.25,17.4
2013-04-04 00:00:00+00:00,229.3,320.89,8.61,9104.34,10.3,1.68,1.29,,,524746.0,22637987.0,13.54,,,,,,,
2013-04-05 00:00:00+00:00,229.3,320.89,8.61,9104.34,10.3,1.68,1.29,,,524746.0,22637987.0,13.54,,,,,,,
2013-04-08 00:00:00+00:00,226.7,317.19,8.71,8999.39,10.2,1.68,1.28,5442.6,,524746.0,22637987.0,13.39,,,,17.2,17.15,16.75,17.35
2013-04-09 00:00:00+00:00,227.3,318.11,8.68,9025.63,10.2,1.68,1.28,2467.6,,524746.0,22637987.0,13.42,,,,17.2,17.15,17.1,17.35
2013-04-10 00:00:00+00:00,227.3,318.11,8.68,9025.63,10.2,1.68,1.28,2598.8,,524746.0,22637987.0,13.42,,,,17.2,17.15,17.15,17.35
2013-04-11 00:00:00+00:00,231.3,323.66,8.53,9183.06,10.4,1.68,1.31,5793.2,,524746.0,22637987.0,13.66,,,,17.5,17.45,17.05,17.65
2013-04-12 00:00:00+00:00,227.3,318.11,8.68,9025.63,10.2,1.68,1.28,1782.5,,524746.0,22637987.0,13.42,,,,17.25,17.2,17.2,17.5
2013-04-15 00:00:00+00:00,227.3,318.11,8.68,9025.63,10.2,1.68,1.28,1681.1,,524746.0,22637987.0,13.42,,,,17.2,17.15,17.15,17.35
2013-04-16 00:00:00+00:00,227.3,318.11,8.68,9025.63,10.2,1.68,1.28,1262.5,,524746.0,22637987.0,13.42,,,,17.25,17.2,17.0,17.3
2013-04-17 00:00:00+00:00,230.0,321.81,8.58,9130.58,10.4,1.68,1.3,1963.4,,524746.0,22637987.0,13.58,,,,17.4,17.35,17.25,17.45
2013-04-18 00:00:00+00:00,230.6,322.74,8.56,9156.82,10.4,1.68,1.3,4086.3,,524746.0,22637987.0,13.62,,,,17.5,17.45,17.35,17.75
2013-04-19 00:00:00+00:00,232.6,325.51,8.49,9235.53,10.5,1.68,1.31,2425.5,,524746.0,22637987.0,13.74,,,,17.6,17.55,17.45,17.65
2013-04-22 00:00:00+00:00,233.3,326.44,8.46,9261.77,10.5,1.68,1.32,2978.1,,524746.0,22637987.0,13.78,,,,17.7,17.65,17.6,17.8
2013-04-23 00:00:00+00:00,237.2,331.99,8.32,9419.19,10.7,1.68,1.34,7570.8,,524746.0,22637987.0,14.01,,,,18.0,17.95,17.7,18.3
2013-04-24 00:00:00+00:00,240.5,336.61,8.21,9550.38,10.8,1.68,1.36,6875.7,,524746.0,22637987.0,14.2,,,,18.2,18.15,18.0,18.5
2013-04-25 00:00:00+00:00,237.9,332.91,8.3,9445.43,10.7,1.68,1.34,3350.4,,524746.0,22637987.0,14.05,,,,18.05,18.0,17.85,18.25
2013-04-26 00:00:00+00:00,233.9,327.36,8.44,9288.0,10.5,1.68,1.32,4142.1,,524746.0,22637987.0,13.81,,,,17.75,17.7,17.7,18.2
2013-04-29 00:00:00+00:00,235.9,330.14,8.37,9366.71,10.6,1.68,1.33,1951.4,,524746.0,22637987.0,13.93,,,,17.9,17.85,17.65,17.95
2013-04-30 00:00:00+00:00,236.6,331.06,8.34,9410.58,10.7,1.68,1.34,2379.5,,525731.0,22637987.0,13.97,,,,17.9,17.85,17.9,18.1
2013-05-01 00:00:00+00:00,236.6,331.06,8.34,9410.58,10.7,1.68,1.34,,,525731.0,22637987.0,13.97,,,,,,,
2013-05-02 00:00:00+00:00,229.3,320.89,8.61,9121.43,10.3,1.68,1.29,6424.8,,525731.0,22637987.0,13.54,,,,17.4,17.35,17.1,17.7
2013-05-03 00:00:00+00:00,230.6,322.74,8.56,9174.01,10.4,1.68,1.3,2457.0,,525731.0,22637987.0,13.62,,,,17.5,17.45,17.35,17.55
2013-05-06 00:00:00+00:00,231.9,324.59,8.51,9226.57,10.4,1.68,1.31,2695.4,,525731.0,22637987.0,13.7,,,,17.6,17.55,17.45,17.7
2013-05-07 00:00:00+00:00,234.6,328.29,8.41,9331.73,10.6,1.68,1.32,3651.4,,525731.0,22637987.0,13.85,,,,17.8,17.75,17.6,18.0
2013-05-08 00:00:00+00:00,233.3,326.44,8.46,9279.15,10.5,1.68,1.32,2388.8,,525731.0,22637987.0,13.78,,,,17.7,17.65,17.65,17.95
2013-05-09 00:00:00+00:00,238.5,333.83,8.27,9489.44,10.7,1.68,1.35,6838.4,,525731.0,22637987.0,14.09,,,,18.05,18.0,17.75,18.2
2013-05-10 00:00:00+00:00,234.6,328.29,8.41,9331.73,10.6,1.68,1.32,2358.6,,525731.0,22637987.0,13.85,,,,17.75,17.7,17.65,17.85
2013-05-13 00:00:00+00:00,230.6,322.74,8.56,9174.01,10.4,1.68,1.3,2033.0,,525731.0,22637987.0,13.62,,,,17.5,17.45,17.35,17.8
2013-05-14 00:00:00+00:00,232.6,325.51,8.49,9252.86,11.4,1.55,1.31,1897.3,,525731.0,22637987.0,13.74,,,,17.6,17.55,17.45,17.65
2013-05-15 00:00:00+00:00,235.2,329.21,8.39,9358.01,11.5,1.55,1.33,1433.7,,525731.0,22637987.0,13.89,,,,17.8,17.75,17.6,17.8
2013-05-16 00:00:00+00:00,233.3,326.44,8.46,9279.15,11.4,1.55,1.32,3287.6,,525731.0,22637987.0,13.78,,,,17.7,17.65,17.65,18.0
2013-05-17 00:00:00+00:00,235.9,330.14,8.37,9384.3,11.5,1.55,1.33,2183.7,,525731.0,22637987.0,13.93,,,,17.85,17.8,17.7,17.9
2013-05-20 00:00:00+00:00,236.6,331.06,8.34,9410.58,11.5,1.55,1.34,2009.8,,525731.0,22637987.0,13.97,,,,17.9,17.85,17.8,17.95
2013-05-21 00:00:00+00:00,235.9,330.14,8.37,9384.3,11.5,1.55,1.33,1909.6,,525731.0,22637987.0,13.93,,,,17.9,17.85,17.8,18.0
2013-05-22 00:00:00+00:00,240.5,336.61,8.21,9568.3,11.7,1.55,1.36,5596.2,,525731.0,22637987.0,14.2,,,,18.2,18.15,17.9,18.25
2013-05-23 00:00:00+00:00,237.9,332.91,8.3,9463.16,11.6,1.55,1.34,3876.6,,525731.0,22637987.0,14.05,,,,18.05,18.0,18.0,18.35
2013-05-24 00:00:00+00:00,235.2,329.21,8.39,9358.01,11.5,1.55,1.33,2160.4,,525731.0,22637987.0,13.89,,,,17.85,17.8,17.7,18.05
2013-05-27 00:00:00+00:00,234.6,328.29,8.41,9331.73,11.5,1.55,1.32,853.7,,525731.0,22637987.0,13.85,,,,17.8,17.75,17.7,17.9
2013-05-28 00:00:00+00:00,234.6,328.29,8.41,9331.73,11.5,1.55,1.32,955.8,,525731.0,22637987.0,13.85,,,,17.8,17.75,17.7,17.85
2013-05-29 00:00:00+00:00,235.2,329.21,8.39,9358.01,11.5,1.55,1.33,1348.7,,525731.0,22637987.0,13.89,,,,17.85,17.8,17.8,18.0
2013-05-30 00:00:00+00:00,234.6,328.29,8.41,9331.73,11.5,1.55,1.32,1090.8,,525731.0,22637987.0,13.85,,,,17.8,17.75,17.7,17.95
2013-05-31 00:00:00+00:00,236.6,331.06,8.34,9410.58,11.5,1.55,1.34,2895.0,,525731.0,22637987.0,13.97,,,,17.9,17.85,17.8,18.15
2013-06-03 00:00:00+00:00,237.9,332.91,8.3,9463.16,11.6,1.55,1.34,1426.2,,525731.0,22637987.0,14.05,,,,18.05,18.0,17.7,18.1
2013-06-04 00:00:00+00:00,235.9,330.14,8.37,9384.3,11.5,1.55,1.33,1749.3,,525731.0,22637987.0,13.93,,,,17.9,17.85,17.8,18.05
2013-06-05 00:00:00+00:00,239.2,334.76,8.25,9515.73,11.7,1.55,1.35,2425.5,,525731.0,22637987.0,14.13,,,,18.1,18.05,17.75,18.1
2013-06-06 00:00:00+00:00,239.9,335.68,8.23,9542.02,11.7,1.55,1.35,4038.3,,525731.0,22637987.0,14.17,,,,18.15,18.1,18.0,18.2
2013-06-07 00:00:00+00:00,235.2,329.21,8.39,9358.01,11.5,1.55,1.33,2765.8,,525731.0,22637987.0,13.89,,,,17.9,17.8,17.8,18.3
2013-06-10 00:00:00+00:00,242.5,339.38,8.14,9647.16,11.8,1.55,1.37,7733.9,,525731.0,22637987.0,14.32,,,,18.35,18.3,18.1,18.65
2013-06-11 00:00:00+00:00,239.9,335.68,8.23,9542.02,11.7,1.55,1.35,2786.5,,525731.0,22637987.0,14.17,,,,18.2,18.15,18.15,18.55
2013-06-12 00:00:00+00:00,239.9,335.68,8.23,9542.02,11.7,1.55,1.35,,,525731.0,22637987.0,14.17,,,,,,,
2013-06-13 00:00:00+00:00,236.6,331.06,8.34,9410.58,11.5,1.55,1.34,2807.7,,525731.0,22637987.0,13.97,,,,17.95,17.9,17.85,18.05
2013-06-14 00:00:00+00:00,236.6,331.06,8.34,9410.58,11.5,1.55,1.34,1509.0,,525731.0,22637987.0,13.97,,,,17.9,17.85,17.85,18.1
2013-06-17 00:00:00+00:00,239.2,334.76,8.25,9515.73,11.7,1.55,1.35,1650.5,,525731.0,22637987.0,14.13,,,,18.1,18.05,18.05,18.25
2013-06-18 00:00:00+00:00,240.5,336.61,8.21,9568.3,11.7,1.55,1.36,2263.0,,525731.0,22637987.0,14.2,,,,18.25,18.2,18.05,18.35
2013-06-19 00:00:00+00:00,240.5,336.61,8.21,9568.3,11.7,1.55,1.36,2553.3,,525731.0,22637987.0,14.2,,,,18.2,18.15,18.15,18.45
2013-06-20 00:00:00+00:00,241.9,338.46,8.16,9620.88,11.8,1.55,1.37,2286.4,,525731.0,22637987.0,14.28,,,,18.3,18.25,18.0,18.35
2013-06-21 00:00:00+00:00,243.8,341.23,8.1,9699.74,11.9,1.55,1.38,3389.9,,525731.0,22637987.0,14.4,,,,18.45,18.4,17.85,18.6
2013-06-24 00:00:00+00:00,245.2,343.08,8.05,9752.31,12.0,1.55,1.38,5356.5,,525731.0,22637987.0,14.48,,,,18.6,18.55,18.4,18.9
2013-06-25 00:00:00+00:00,244.5,342.16,8.07,9726.03,11.9,1.55,1.38,3418.0,,525731.0,22637987.0,14.44,,,,18.5,18.45,18.15,18.75
2013-06-26 00:00:00+00:00,245.2,343.08,8.05,9752.31,12.0,1.55,1.38,4019.3,,525731.0,22637987.0,14.48,,,,18.55,18.5,18.4,18.8
2013-06-27 00:00:00+00:00,245.8,344.01,8.03,9778.6,12.0,1.55,1.39,3414.8,,525731.0,22637987.0,14.52,,,,18.6,18.55,18.45,18.7
2013-06-28 00:00:00+00:00,245.8,344.01,8.03,9778.6,12.0,1.55,1.39,2372.1,,525731.0,22637987.0,14.52,,,,18.65,18.6,18.55,18.8
2013-07-01 00:00:00+00:00,252.4,353.25,7.82,10050.97,12.3,1.55,1.43,5299.4,,526229.0,22637987.0,14.91,,,,19.1,19.05,18.6,19.2
2013-07-02 00:00:00+00:00,251.1,351.41,7.86,9998.35,12.3,1.55,1.42,3134.2,,526229.0,22637987.0,14.83,,,,19.05,19.0,18.8,19.2
2013-07-03 00:00:00+00:00,250.4,350.48,7.88,9972.04,12.2,1.55,1.41,1952.7,,526229.0,22637987.0,14.79,,,,19.0,18.95,18.7,19.0
2013-07-04 00:00:00+00:00,249.8,349.56,7.9,9945.73,12.2,1.55,1.41,1473.5,,526229.0,22637987.0,14.75,,,,18.95,18.9,18.85,19.0
2013-07-05 00:00:00+00:00,249.8,349.56,7.9,9945.73,12.2,1.55,1.41,1470.1,,526229.0,22637987.0,14.75,,,,18.95,18.9,18.9,19.05
2013-07-08 00:00:00+00:00,249.8,349.56,7.9,9945.73,12.2,1.55,1.41,1395.2,,526229.0,22637987.0,14.75,,,,18.9,18.85,18.8,19.05
2013-07-09 00:00:00+00:00,248.5,347.71,7.94,9893.1,12.1,1.55,1.4,1751.0,,526229.0,22637987.0,14.67,,,,18.9,18.8,18.6,18.95
2013-07-10 00:00:00+00:00,247.8,346.78,7.97,9866.8,12.1,1.55,1.4,1404.1,,526229.0,22637987.0,14.63,,,,18.85,18.75,18.7,18.95
2013-07-11 00:00:00+00:00,247.8,346.78,7.97,9866.8,12.1,1.55,1.4,2703.8,,526229.0,22637987.0,14.63,,,,18.8,18.75,18.65,18.9
2013-07-12 00:00:00+00:00,247.1,345.86,7.99,9840.48,12.1,1.55,1.4,1925.0,,526229.0,22637987.0,14.59,,,,18.7,18.65,18.65,18.8
2013-07-15 00:00:00+00:00,251.1,351.41,7.86,9998.35,12.3,1.55,1.42,3048.9,,526229.0,22637987.0,14.83,,,,19.0,18.95,18.7,19.0
2013-07-16 00:00:00+00:00,250.4,350.48,7.88,9972.04,12.2,1.55,1.41,3512.3,,526229.0,22637987.0,14.79,,,,18.95,18.9,18.85,19.0
2013-07-17 00:00:00+00:00,249.8,349.56,7.9,9945.73,12.2,1.55,1.41,5098.7,,526229.0,22637987.0,14.75,,,,18.95,18.9,18.8,19.0
2013-07-18 00:00:00+00:00,231.3,351.29,8.53,9209.01,11.3,1.55,1.31,3317.5,,526229.0,22637987.0,13.66,,,,17.55,17.5,17.5,17.8
2013-07-19 00:00:00+00:00,229.3,348.28,8.61,9130.07,11.2,1.55,1.29,2027.7,,526229.0,22637987.0,13.54,,,,17.4,17.35,17.3,17.65
2013-07-22 00:00:00+00:00,231.9,352.29,8.51,9235.31,11.3,1.55,1.31,3046.8,,526229.0,22637987.0,13.7,,,,17.55,17.5,17.35,17.7
2013-07-23 00:00:00+00:00,232.6,353.29,8.49,9261.63,11.4,1.55,1.31,1555.5,,526229.0,22637987.0,13.74,,,,17.6,17.55,17.5,17.7
2013-07-24 00:00:00+00:00,231.9,352.29,8.51,9235.31,11.3,1.55,1.31,1210.3,,526229.0,22637987.0,13.7,,,,17.6,17.55,17.5,17.7
2013-07-25 00:00:00+00:00,233.3,354.3,8.46,9287.94,11.4,1.55,1.32,2048.8,,526229.0,22637987.0,13.78,,,,17.7,17.65,17.5,17.8
2013-07-26 00:00:00+00:00,237.2,360.32,8.32,9445.81,11.6,1.55,1.34,4112.8,,526229.0,22637987.0,14.01,,,,18.0,17.95,17.75,18.1
2013-07-29 00:00:00+00:00,231.9,352.29,8.51,9235.31,11.3,1.55,1.31,2034.1,,526229.0,22637987.0,13.7,,,,17.6,17.55,17.4,17.95
2013-07-30 00:00:00+00:00,234.6,356.3,8.41,9340.57,11.5,1.55,1.32,1217.8,,526229.0,22637987.0,13.85,,,,17.75,17.7,17.45,17.75
2013-07-31 00:00:00+00:00,229.3,348.28,8.61,9157.56,11.2,1.55,1.29,1502.3,,527814.0,22637987.0,13.54,,,,17.35,17.3,17.25,17.7
2013-08-01 00:00:00+00:00,226.0,343.26,8.73,9025.61,11.0,1.55,1.28,1455.7,,527814.0,22637987.0,13.35,,,,17.1,17.05,17.1,17.4
2013-08-02 00:00:00+00:00,226.0,343.26,8.73,9025.61,11.0,1.55,1.28,1705.6,,527814.0,22637987.0,13.35,,,,17.15,17.1,17.1,17.35
2013-08-05 00:00:00+00:00,229.3,348.28,8.61,9157.56,11.2,1.55,1.29,1065.0,,527814.0,22637987.0,13.54,,,,17.4,17.35,17.15,17.4
2013-08-06 00:00:00+00:00,231.9,352.29,8.51,9263.13,11.3,1.55,1.31,2934.1,,527814.0,22637987.0,13.7,,,,17.55,17.5,17.3,17.7
2013-08-07 00:00:00+00:00,227.3,345.26,8.68,9078.39,11.1,1.55,1.28,1602.5,,527814.0,22637987.0,13.42,,,,17.2,17.15,17.1,17.45
2013-08-08 00:00:00+00:00,226.0,343.26,8.73,9025.61,11.0,1.55,1.28,1317.3,,527814.0,22637987.0,13.35,,,,17.1,17.05,17.0,17.3
2013-08-09 00:00:00+00:00,225.3,342.25,8.76,8999.22,11.0,1.55,1.27,971.5,,527814.0,22637987.0,13.31,,,,17.1,17.05,17.05,17.3
2013-08-12 00:00:00+00:00,214.1,325.19,9.22,8550.58,10.5,1.55,1.21,3070.4,,527814.0,22637987.0,12.64,,,,16.25,16.2,16.15,17.0
2013-08-13 00:00:00+00:00,214.1,325.19,9.22,8550.58,10.5,1.55,1.21,1072.5,,527814.0,22637987.0,12.64,,,,16.3,16.2,16.1,16.3
2013-08-14 00:00:00+00:00,212.8,323.18,9.28,8497.8,10.3,1.56,1.2,1140.0,,527814.0,22637987.0,12.57,,,,16.15,16.1,16.05,16.3
2013-08-15 00:00:00+00:00,214.1,325.19,9.22,8550.58,10.4,1.56,1.21,1126.0,,527814.0,22637987.0,12.64,,,,16.2,16.15,16.0,16.35
2013-08-16 00:00:00+00:00,214.1,325.19,9.22,8550.58,10.4,1.56,1.21,1204.4,,527814.0,22637987.0,12.64,,,,16.2,16.15,16.0,16.3
2013-08-19 00:00:00+00:00,213.4,324.19,9.25,8524.19,10.4,1.56,1.21,556.0,,527814.0,22637987.0,12.6,,,,16.15,16.1,16.1,16.35
2013-08-20 00:00:00+00:00,213.4,324.19,9.25,8524.19,10.4,1.56,1.21,836.0,,527814.0,22637987.0,12.6,,,,16.2,16.15,16.05,16.4
2013-08-21 00:00:00+00:00,213.4,324.19,9.25,8524.19,10.4,1.56,1.21,,,527814.0,22637987.0,12.6,,,,,,,
2013-08-22 00:00:00+00:00,214.8,326.19,9.19,8576.97,10.4,1.56,1.21,682.0,,527814.0,22637987.0,12.68,,,,16.25,16.2,16.0,16.3
2013-08-23 00:00:00+00:00,216.7,329.21,9.11,8656.14,10.5,1.56,1.22,988.3,,527814.0,22637987.0,12.8,,,,16.45,16.4,16.35,16.5
2013-08-26 00:00:00+00:00,220.0,334.22,8.97,8788.09,10.7,1.56,1.24,1160.1,,527814.0,22637987.0,12.99,,,,16.7,16.65,16.5,16.75
2013-08-27 00:00:00+00:00,218.1,331.21,9.05,8708.93,10.6,1.56,1.23,581.2,,527814.0,22637987.0,12.88,,,,16.55,16.5,16.45,16.8
2013-08-28 00:00:00+00:00,216.1,328.2,9.13,8629.75,10.5,1.56,1.22,596.7,,527814.0,22637987.0,12.76,,,,16.4,16.35,16.3,16.5
2013-08-29 00:00:00+00:00,215.4,327.2,9.16,8603.36,10.4,1.56,1.22,625.9,,527814.0,22637987.0,12.72,,,,16.35,16.3,16.3,16.45
2013-08-30 00:00:00+00:00,217.4,330.21,9.08,8682.54,10.5,1.56,1.23,660.7,,527814.0,22637987.0,12.84,,,,16.5,16.4,16.25,16.6
2013-09-02 00:00:00+00:00,217.4,330.21,9.08,8700.08,10.5,1.56,1.23,724.8,,528881.0,22637987.0,12.84,,,,16.45,16.4,16.45,16.8
2013-09-03 00:00:00+00:00,217.4,330.21,9.08,8700.08,10.5,1.56,1.23,980.6,,528881.0,22637987.0,12.84,,,,16.5,16.45,16.35,16.65
2013-09-04 00:00:00+00:00,215.4,327.2,9.16,8620.75,10.4,1.56,1.22,858.4,,528881.0,22637987.0,12.72,,,,16.35,16.3,16.2,16.55
2013-09-05 00:00:00+00:00,215.4,327.2,9.16,8620.75,10.4,1.56,1.22,1311.8,,528881.0,22637987.0,12.72,,,,16.35,16.3,16.2,16.4
2013-09-06 00:00:00+00:00,216.1,328.2,9.13,8647.2,10.5,1.56,1.22,753.7,,528881.0,22637987.0,12.76,,,,16.4,16.35,16.3,16.4
2013-09-09 00:00:00+00:00,220.0,334.22,8.97,8805.86,10.7,1.56,1.24,2235.0,,528881.0,22637987.0,12.99,,,,16.65,16.6,16.3,16.7
2013-09-10 00:00:00+00:00,216.1,328.2,9.13,8647.2,10.5,1.56,1.22,1323.8,,528881.0,22637987.0,12.76,,,,16.4,16.35,16.35,16.75
2013-09-11 00:00:00+00:00,214.1,325.19,9.22,8567.86,10.4,1.56,1.21,861.0,,528881.0,22637987.0,12.64,,,,16.2,16.15,16.1,16.35
2013-09-12 00:00:00+00:00,212.8,323.18,9.28,8514.97,10.3,1.56,1.2,1421.7,,528881.0,22637987.0,12.57,,,,16.15,16.1,16.05,16.25
2013-09-13 00:00:00+00:00,213.4,324.19,9.25,8541.42,10.4,1.56,1.21,711.6,,528881.0,22637987.0,12.6,,,,16.15,16.1,16.0,16.2
2013-09-16 00:00:00+00:00,213.4,324.19,9.25,8541.42,10.4,1.56,1.21,1030.3,,528881.0,22637987.0,12.6,,,,16.2,16.15,16.05,16.2
2013-09-17 00:00:00+00:00,212.8,323.18,9.28,8514.97,10.3,1.56,1.2,590.5,,528881.0,22637987.0,12.57,,,,16.15,16.1,16.05,16.15
2013-09-18 00:00:00+00:00,212.8,323.18,9.28,8514.97,10.3,1.56,1.2,596.0,,528881.0,22637987.0,12.57,,,,16.2,16.1,16.05,16.2
2013-09-19 00:00:00+00:00,212.8,323.18,9.28,8514.97,10.3,1.56,1.2,,,528881.0,22637987.0,12.57,,,,,,,
2013-09-20 00:00:00+00:00,212.8,323.18,9.28,8514.97,10.3,1.56,1.2,,,528881.0,22637987.0,12.57,,,,,,,
2013-09-23 00:00:00+00:00,212.8,323.18,9.28,8514.97,10.3,1.56,1.2,942.6,,528881.0,22637987.0,12.57,,,,16.15,16.1,16.1,16.25
2013-09-24 00:00:00+00:00,214.8,326.19,9.19,8594.31,10.4,1.56,1.21,632.1,,528881.0,22637987.0,12.68,,,,16.25,16.2,16.05,16.25
2013-09-25 00:00:00+00:00,214.1,325.19,9.22,8567.86,10.4,1.56,1.21,707.0,,528881.0,22637987.0,12.64,,,,16.25,16.2,16.15,16.3
2013-09-26 00:00:00+00:00,212.8,323.18,9.28,8514.97,10.3,1.56,1.2,700.9,,528881.0,22637987.0,12.57,,,,16.15,16.1,16.1,16.3
2013-09-27 00:00:00+00:00,214.1,325.19,9.22,8567.86,10.4,1.56,1.21,628.0,,528881.0,22637987.0,12.64,,,,16.2,16.15,16.05,16.2
2013-09-30 00:00:00+00:00,212.8,323.18,9.28,8519.14,10.3,1.56,1.2,521.1,,529140.0,22637987.0,12.57,,,,16.15,16.1,16.05,16.2
2013-10-01 00:00:00+00:00,212.8,323.18,9.28,8519.14,10.3,1.56,1.2,571.4,,529140.0,22637987.0,12.57,,,,16.15,16.1,16.05,16.2
2013-10-02 00:00:00+00:00,212.8,323.18,9.28,8519.14,10.3,1.56,1.2,587.3,,529140.0,22637987.0,12.57,,,,16.15,16.1,16.1,16.2
2013-10-03 00:00:00+00:00,215.4,327.2,9.16,8624.97,10.4,1.56,1.22,1349.6,,529140.0,22637987.0,12.72,,,,16.35,16.3,16.15,16.4
2013-10-04 00:00:00+00:00,214.8,326.19,9.19,8598.52,10.4,1.56,1.21,930.2,,529140.0,22637987.0,12.68,,,,16.25,16.2,16.2,16.35
2013-10-07 00:00:00+00:00,217.4,330.21,9.08,8704.35,10.5,1.56,1.23,1126.2,,529140.0,22637987.0,12.84,,,,16.5,16.45,16.3,16.5
2013-10-08 00:00:00+00:00,215.4,327.2,9.16,8624.97,10.4,1.56,1.22,898.7,,529140.0,22637987.0,12.72,,,,16.35,16.3,16.2,16.5
2013-10-09 00:00:00+00:00,213.4,324.19,9.25,8545.6,10.4,1.56,1.21,586.5,,529140.0,22637987.0,12.6,,,,16.2,16.15,16.15,16.4
2013-10-10 00:00:00+00:00,213.4,324.19,9.25,8545.6,10.4,1.56,1.21,,,529140.0,22637987.0,12.6,,,,,,,
2013-10-11 00:00:00+00:00,212.8,323.18,9.28,8519.14,10.3,1.56,1.2,853.1,,529140.0,22637987.0,12.57,,,,16.15,16.1,16.1,16.25
2013-10-14 00:00:00+00:00,206.2,313.15,9.57,8254.58,10.0,1.56,1.16,1541.5,,529140.0,22637987.0,12.18,,,,15.7,15.6,15.6,16.1
2013-10-15 00:00:00+00:00,208.2,316.16,9.48,8333.95,10.1,1.56,1.18,1023.4,,529140.0,22637987.0,12.29,,,,15.75,15.7,15.6,15.8
2013-10-16 00:00:00+00:00,208.2,316.16,9.48,8333.95,10.1,1.56,1.18,626.7,,529140.0,22637987.0,12.29,,,,15.8,15.75,15.65,15.8
2013-10-17 00:00:00+00:00,210.1,319.17,9.39,8413.32,10.2,1.56,1.19,386.0,,529140.0,22637987.0,12.41,,,,15.95,15.9,15.8,15.9
2013-10-18 00:00:00+00:00,214.1,325.19,9.22,8572.06,10.4,1.56,1.21,1033.9,,529140.0,22637987.0,12.64,,,,16.2,16.15,15.9,16.2
2013-10-21 00:00:00+00:00,212.1,322.18,9.31,8492.68,10.3,1.56,1.2,523.7,,529140.0,22637987.0,12.53,,,,16.15,16.05,16.0,16.15
2013-10-22 00:00:00+00:00,211.5,321.18,9.33,8466.23,10.3,1.56,1.19,412.5,,529140.0,22637987.0,12.49,,,,16.05,16.0,15.95,16.15
2013-10-23 00:00:00+00:00,210.1,319.17,9.39,8413.32,10.2,1.56,1.19,439.9,,529140.0,22637987.0,12.41,,,,15.95,15.9,15.9,16.05
2013-10-24 00:00:00+00:00,209.5,318.17,9.42,8386.86,10.2,1.56,1.18,799.8,,529140.0,22637987.0,12.37,,,,15.9,15.85,15.75,15.95
2013-10-25 00:00:00+00:00,208.8,317.16,9.45,8360.41,10.1,1.56,1.18,590.0,,529140.0,22637987.0,12.33,,,,15.85,15.8,15.75,16.0
2013-10-28 00:00:00+00:00,208.8,317.16,9.45,8360.41,10.1,1.56,1.18,796.6,,529140.0,22637987.0,12.33,,,,15.8,15.75,15.7,15.85
2013-10-29 00:00:00+00:00,208.8,317.16,9.45,8360.41,10.1,1.56,1.18,840.5,,529140.0,22637987.0,12.33,,,,15.8,15.7,15.6,15.8
2013-10-30 00:00:00+00:00,214.8,326.19,9.19,8598.52,10.4,1.56,1.21,2423.1,,529140.0,22637987.0,12.68,,,,16.3,16.25,15.75,16.35
2013-10-31 00:00:00+00:00,212.1,322.18,9.31,8497.8,10.3,1.56,1.2,1619.8,,529459.0,22637987.0,12.53,,,,16.1,16.05,16.05,16.4
2013-11-01 00:00:00+00:00,209.5,318.17,9.42,8391.92,10.2,1.56,1.18,768.9,,529459.0,22637987.0,12.37,,,,15.9,15.85,15.8,16.2
2013-11-04 00:00:00+00:00,207.5,315.15,9.51,8312.5,10.1,1.56,1.17,664.5,,529459.0,22637987.0,12.25,,,,15.75,15.7,15.7,15.9
2013-11-05 00:00:00+00:00,208.2,316.16,9.48,8338.98,10.1,1.56,1.18,738.2,,529459.0,22637987.0,12.29,,,,15.85,15.75,15.75,16.0
2013-11-06 00:00:00+00:00,211.5,321.18,9.33,8471.34,10.3,1.56,1.19,1486.9,,529459.0,22637987.0,12.49,,,,16.0,15.95,15.75,16.1
2013-11-07 00:00:00+00:00,212.1,322.18,9.31,8497.8,10.3,1.56,1.2,728.8,,529459.0,22637987.0,12.53,,,,16.1,16.05,15.9,16.1
2013-11-08 00:00:00+00:00,209.5,318.17,9.42,8391.92,10.2,1.56,1.18,651.5,,529459.0,22637987.0,12.37,,,,15.9,15.85,15.8,16.05
2013-11-11 00:00:00+00:00,209.5,318.17,9.42,8391.92,10.2,1.56,1.18,1222.0,,529459.0,22637987.0,12.37,,,,15.9,15.85,15.65,15.85
2013-11-12 00:00:00+00:00,210.1,319.17,9.39,8418.39,10.2,1.56,1.19,3787.2,,529459.0,22637987.0,12.41,,,,16.0,15.9,15.9,16.4
2013-11-13 00:00:00+00:00,208.8,317.16,9.45,8365.45,10.1,1.56,1.18,741.4,,529459.0,22637987.0,12.33,,,,15.8,15.75,15.7,15.9
2013-11-14 00:00:00+00:00,206.8,314.15,9.54,8286.03,14.2,1.1,1.17,1178.4,,529459.0,22637987.0,12.21,,,,15.75,15.65,15.65,15.85
2013-11-15 00:00:00+00:00,206.2,313.15,9.57,8259.55,14.1,1.1,1.16,797.1,,529459.0,22637987.0,12.18,,,,15.65,15.6,15.6,15.8
2013-11-18 00:00:00+00:00,196.9,299.1,10.02,7888.93,13.5,1.1,1.11,2172.1,,529459.0,22637987.0,11.63,,,,14.95,14.9,14.8,15.75
2013-11-19 00:00:00+00:00,200.2,304.11,9.86,8021.3,13.7,1.1,1.13,883.4,,529459.0,22637987.0,11.82,,,,15.15,15.1,14.9,15.15
2013-11-20 00:00:00+00:00,199.6,303.11,9.89,7994.82,13.7,1.1,1.13,804.2,,529459.0,22637987.0,11.79,,,,15.15,15.1,15.0,15.2
2013-11-21 00:00:00+00:00,198.2,301.1,9.96,7941.88,13.6,1.1,1.12,792.9,,529459.0,22637987.0,11.71,,,,15.05,15.0,14.9,15.1
2013-11-22 00:00:00+00:00,197.6,300.1,9.99,7915.41,13.5,1.1,1.12,460.9,,529459.0,22637987.0,11.67,,,,15.0,14.95,14.95,15.15
2013-11-25 00:00:00+00:00,198.2,301.1,9.96,7941.88,13.6,1.1,1.12,666.3,,529459.0,22637987.0,11.71,,,,15.0,14.95,14.9,15.1
2013-11-26 00:00:00+00:00,200.2,304.11,9.86,8021.3,13.7,1.1,1.13,508.8,,529459.0,22637987.0,11.82,,,,15.15,15.1,14.9,15.15
2013-11-27 00:00:00+00:00,201.5,306.12,9.79,8074.25,13.8,1.1,1.14,890.7,,529459.0,22637987.0,11.9,,,,15.3,15.25,15.25,15.35
2013-11-28 00:00:00+00:00,201.5,306.12,9.79,8074.25,13.8,1.1,1.14,613.1,,529459.0,22637987.0,11.9,,,,15.35,15.25,15.25,15.45
2013-11-29 00:00:00+00:00,202.2,307.12,9.76,8100.71,13.8,1.1,1.14,558.8,,529459.0,22637987.0,11.94,,,,15.35,15.3,15.2,15.4
2013-12-02 00:00:00+00:00,202.2,307.12,9.76,8106.79,13.8,1.1,1.14,396.3,,529856.0,22637987.0,11.94,,,,15.3,15.25,15.2,15.3
2013-12-03 00:00:00+00:00,202.2,307.12,9.76,8106.79,13.8,1.1,1.14,459.9,,529856.0,22637987.0,11.94,,,,15.3,15.25,15.2,15.4
2013-12-04 00:00:00+00:00,201.5,306.12,9.79,8080.3,13.8,1.1,1.14,865.9,,529856.0,22637987.0,11.9,,,,15.3,15.25,15.15,15.3
2013-12-05 00:00:00+00:00,200.9,305.12,9.83,8053.81,13.8,1.1,1.13,669.5,,529856.0,22637987.0,11.86,,,,15.25,15.2,15.2,15.35
2013-12-06 00:00:00+00:00,200.9,305.12,9.83,8053.81,13.8,1.1,1.13,1104.9,,529856.0,22637987.0,11.86,,,,15.25,15.2,15.15,15.3
2013-12-09 00:00:00+00:00,208.2,316.16,9.48,8345.23,14.3,1.1,1.18,3632.0,,529856.0,22637987.0,12.29,,,,15.75,15.7,15.3,15.95
2013-12-10 00:00:00+00:00,204.8,311.14,9.64,8212.76,14.0,1.1,1.16,1169.9,,529856.0,22637987.0,12.1,,,,15.55,15.5,15.4,15.8
2013-12-11 00:00:00+00:00,206.2,313.15,9.57,8265.75,14.1,1.1,1.16,893.2,,529856.0,22637987.0,12.18,,,,15.65,15.6,15.45,15.75
2013-12-12 00:00:00+00:00,203.5,309.13,9.7,8159.77,13.9,1.1,1.15,917.8,,529856.0,22637987.0,12.02,,,,15.45,15.4,15.3,15.5
2013-12-13 00:00:00+00:00,202.9,308.13,9.73,8133.29,13.9,1.1,1.15,551.9,,529856.0,22637987.0,11.98,,,,15.4,15.35,15.3,15.45
2013-12-16 00:00:00+00:00,200.2,304.11,9.86,8027.31,13.7,1.1,1.13,706.5,,529856.0,22637987.0,11.82,,,,15.2,15.15,15.15,15.4
2013-12-17 00:00:00+00:00,199.6,303.11,9.89,8000.82,13.7,1.1,1.13,1490.7,,529856.0,22637987.0,11.79,,,,15.15,15.1,15.0,15.25
2013-12-18 00:00:00+00:00,199.6,303.11,9.89,8000.82,13.7,1.1,1.13,1699.0,,529856.0,22637987.0,11.79,,,,15.1,15.05,14.95,15.15
2013-12-19 00:00:00+00:00,199.6,303.11,9.89,8000.82,13.7,1.1,1.13,672.9,,529856.0,22637987.0,11.79,,,,15.1,15.05,15.05,15.2
2013-12-20 00:00:00+00:00,200.2,304.11,9.86,8027.31,13.7,1.1,1.13,575.0,,529856.0,22637987.0,11.82,,,,15.2,15.15,15.1,15.2
2013-12-23 00:00:00+00:00,200.2,304.11,9.86,8027.31,13.7,1.1,1.13,568.6,,529856.0,22637987.0,11.82,,,,15.2,15.15,15.15,15.25
2013-12-24 00:00:00+00:00,201.5,306.12,9.79,8080.3,13.8,1.1,1.14,500.1,,529856.0,22637987.0,11.9,,,,15.25,15.2,15.15,15.25
2013-12-25 00:00:00+00:00,203.5,309.13,9.7,8159.77,13.9,1.1,1.15,1140.8,,529856.0,22637987.0,12.02,,,,15.4,15.35,15.25,15.5
2013-12-26 00:00:00+00:00,204.2,310.14,9.67,8186.27,14.0,1.1,1.15,549.1,,529856.0,22637987.0,12.06,,,,15.45,15.4,15.4,15.5
2013-12-27 00:00:00+00:00,210.1,319.17,9.39,8424.7,14.4,1.1,1.19,2476.2,,529856.0,22637987.0,12.41,,,,15.9,15.85,15.35,15.9
2013-12-30 00:00:00+00:00,208.2,316.16,9.48,8345.23,14.3,1.1,1.18,3251.7,,529856.0,22637987.0,12.29,,,,15.8,15.75,15.75,16.0
2013-12-31 00:00:00+00:00,208.2,316.16,9.48,8347.51,14.3,1.1,1.18,889.8,,530001.0,22637987.0,12.29,,,,15.8,15.75,15.75,15.9
2014-01-01 00:00:00+00:00,208.2,316.16,9.48,8347.51,14.3,1.1,1.11,,,530001.0,22847900.0,8.44,,,,,,,
2014-01-02 00:00:00+00:00,212.1,322.18,9.31,8506.5,14.5,1.1,1.13,2426.2,,530001.0,22847900.0,8.6,,,,16.1,16.05,15.8,16.15
2014-01-03 00:00:00+00:00,209.5,318.17,9.42,8400.51,14.3,1.1,1.12,1364.5,,530001.0,22847900.0,8.49,,,,15.9,15.85,15.75,16.0
2014-01-06 00:00:00+00:00,208.8,317.16,9.45,8374.01,14.3,1.1,1.11,444.2,,530001.0,22847900.0,8.47,,,,15.85,15.8,15.75,15.95
2014-01-07 00:00:00+00:00,212.8,323.18,9.28,8533.0,14.6,1.1,1.13,3184.8,,530001.0,22847900.0,8.63,,,,16.15,16.1,15.75,16.3
2014-01-08 00:00:00+00:00,215.4,327.2,9.16,8639.0,14.8,1.1,1.15,4115.2,,530001.0,22847900.0,8.74,,,,16.35,16.3,16.05,16.6
2014-01-09 00:00:00+00:00,214.1,325.19,9.22,8586.01,14.7,1.1,1.14,2840.1,,530001.0,22847900.0,8.68,,,,16.25,16.2,16.15,16.45
2014-01-10 00:00:00+00:00,219.4,333.22,9.0,8798.01,15.0,1.1,1.17,4326.2,,530001.0,22847900.0,8.9,,,,16.6,16.55,16.25,16.6
2014-01-13 00:00:00+00:00,223.3,339.24,8.84,8957.01,15.3,1.1,1.19,15064.4,,530001.0,22847900.0,9.06,,,,17.0,16.9,16.9,17.35
2014-01-14 00:00:00+00:00,224.0,340.25,8.81,8983.51,15.3,1.1,1.19,4192.6,,530001.0,22847900.0,9.08,,,,16.95,16.9,16.6,16.95
2014-01-15 00:00:00+00:00,222.0,337.23,8.89,8904.0,15.2,1.1,1.18,3816.6,,530001.0,22847900.0,9.0,,,,16.85,16.8,16.8,17.15
2014-01-16 00:00:00+00:00,220.7,335.23,8.94,8851.01,15.1,1.1,1.18,3181.9,,530001.0,22847900.0,8.95,,,,16.8,16.7,16.7,17.1
2014-01-17 00:00:00+00:00,219.4,333.22,9.0,8798.01,15.0,1.1,1.17,1886.8,,530001.0,22847900.0,8.9,,,,16.65,16.6,16.6,16.8
2014-01-20 00:00:00+00:00,217.4,330.21,9.08,8718.51,14.9,1.1,1.16,2414.3,,530001.0,22847900.0,8.82,,,,16.5,16.45,16.4,16.7
2014-01-21 00:00:00+00:00,219.4,333.22,9.0,8798.01,15.0,1.1,1.17,1924.5,,530001.0,22847900.0,8.9,,,,16.65,16.6,16.4,16.7
2014-01-22 00:00:00+00:00,224.7,341.25,8.79,9010.01,15.4,1.1,1.2,4929.6,,530001.0,22847900.0,9.11,,,,17.0,16.95,16.4,17.05
2014-01-23 00:00:00+00:00,224.7,341.25,8.79,9010.01,15.4,1.1,1.2,4147.0,,530001.0,22847900.0,9.11,,,,17.05,17.0,16.8,17.1
2014-01-24 00:00:00+00:00,221.4,336.23,8.92,8877.51,15.2,1.1,1.18,3697.9,,530001.0,22847900.0,8.98,,,,16.8,16.75,16.7,17.0
2014-01-27 00:00:00+00:00,216.1,328.2,9.13,8665.51,14.8,1.1,1.15,1567.9,,530001.0,22847900.0,8.76,,,,16.4,16.35,16.3,16.55
2014-01-28 00:00:00+00:00,216.1,328.2,9.13,8665.51,14.8,1.1,1.15,,,530001.0,22847900.0,8.76,,,,,,,
2014-01-29 00:00:00+00:00,216.1,328.2,9.13,8665.51,14.8,1.1,1.15,,,530001.0,22847900.0,8.76,,,,,,,
2014-01-30 00:00:00+00:00,216.1,328.2,9.13,8665.51,14.8,1.1,1.15,,,530001.0,22847900.0,8.76,,,,,,,
2014-01-31 00:00:00+00:00,216.1,328.2,9.13,8668.71,14.8,1.1,1.15,,,530197.0,22847900.0,8.76,,,,,,,
2014-02-03 00:00:00+00:00,216.1,328.2,9.13,8668.71,14.8,1.1,1.15,,,530197.0,22847900.0,8.76,,,,,,,
2014-02-04 00:00:00+00:00,216.1,328.2,9.13,8668.71,14.8,1.1,1.15,,,530197.0,22847900.0,8.76,,,,,,,
2014-02-05 00:00:00+00:00,213.4,324.19,9.25,8562.67,14.6,1.1,1.14,1356.0,,530197.0,22847900.0,8.66,,,,16.2,16.15,16.0,16.25
2014-02-06 00:00:00+00:00,216.1,328.2,9.13,8668.71,14.8,1.1,1.15,1157.2,,530197.0,22847900.0,8.76,,,,16.4,16.35,16.15,16.4
2014-02-07 00:00:00+00:00,219.4,333.22,9.0,8801.26,15.0,1.1,1.17,1282.3,,530197.0,22847900.0,8.9,,,,16.6,16.55,16.45,16.7
2014-02-10 00:00:00+00:00,222.7,338.24,8.86,8933.81,15.3,1.1,1.19,2244.2,,530197.0,22847900.0,9.03,,,,16.85,16.8,16.45,16.85
2014-02-11 00:00:00+00:00,220.0,334.22,8.97,8827.77,15.1,1.1,1.17,3465.8,,530197.0,22847900.0,8.92,,,,16.7,16.65,16.6,16.85
2014-02-12 00:00:00+00:00,220.7,335.23,8.94,8854.28,15.1,1.1,1.18,1079.7,,530197.0,22847900.0,8.95,,,,16.7,16.65,16.6,16.75
2014-02-13 00:00:00+00:00,220.7,335.23,8.94,8854.28,15.1,1.1,1.18,761.0,,530197.0,22847900.0,8.95,,,,16.7,16.65,16.6,16.75
2014-02-14 00:00:00+00:00,222.7,338.24,8.86,8933.81,15.3,1.1,1.19,4913.7,,530197.0,22847900.0,9.03,,,,16.9,16.85,16.75,17.15
2014-02-17 00:00:00+00:00,227.3,345.26,8.68,9119.38,15.6,1.1,1.21,6193.0,,530197.0,22847900.0,9.22,,,,17.2,17.15,16.85,17.5
2014-02-18 00:00:00+00:00,230.0,349.28,8.58,9225.42,15.7,1.1,1.23,9758.1,,530197.0,22847900.0,9.32,,,,17.4,17.35,17.15,17.8
2014-02-19 00:00:00+00:00,227.3,345.26,8.68,9119.38,15.6,1.1,1.21,2797.6,,530197.0,22847900.0,9.22,,,,17.25,17.2,17.2,17.5
2014-02-20 00:00:00+00:00,225.3,342.25,8.76,9039.85,15.4,1.1,1.2,2585.4,,530197.0,22847900.0,9.14,,,,17.15,17.05,17.05,17.45
2014-02-21 00:00:00+00:00,225.3,342.25,8.76,9039.85,15.4,1.1,1.2,1595.0,,530197.0,22847900.0,9.14,,,,17.1,17.05,17.05,17.25
2014-02-24 00:00:00+00:00,223.3,339.24,8.84,8960.32,15.3,1.1,1.19,1803.8,,530197.0,22847900.0,9.06,,,,16.95,16.9,16.9,17.15
2014-02-25 00:00:00+00:00,224.0,340.25,8.81,8986.83,15.3,1.1,1.19,1772.5,,530197.0,22847900.0,9.08,,,,17.05,16.95,16.95,17.15
2014-02-26 00:00:00+00:00,229.3,348.28,8.61,9198.91,15.7,1.1,1.22,3653.6,,530197.0,22847900.0,9.3,,,,17.4,17.35,17.0,17.45
2014-02-27 00:00:00+00:00,226.7,344.26,8.71,9092.87,15.5,1.1,1.21,2448.2,,530197.0,22847900.0,9.19,,,,17.2,17.15,17.15,17.5
2014-02-28 00:00:00+00:00,226.7,344.26,8.71,9095.87,15.5,1.1,1.21,,,530372.0,22847900.0,9.19,,,,,,,
2014-03-03 00:00:00+00:00,224.7,341.25,8.79,9016.32,15.4,1.1,1.2,1411.4,,530372.0,22847900.0,9.11,,,,17.05,17.0,17.0,17.15
2014-03-04 00:00:00+00:00,228.0,346.27,8.66,9148.91,15.6,1.1,1.21,2296.2,,530372.0,22847900.0,9.24,,,,17.3,17.25,16.85,17.35
2014-03-05 00:00:00+00:00,231.3,351.29,8.53,9281.5,15.8,1.1,1.23,7810.1,,530372.0,22847900.0,9.38,,,,17.55,17.5,17.25,17.7
2014-03-06 00:00:00+00:00,235.2,357.31,8.39,9440.61,16.1,1.1,1.25,11597.4,,530372.0,22847900.0,9.54,,,,17.9,17.8,17.5,18.5
2014-03-07 00:00:00+00:00,229.3,348.28,8.61,9201.95,15.7,1.1,1.22,3954.7,,530372.0,22847900.0,9.3,,,,17.35,17.3,17.2,18.0
2014-03-10 00:00:00+00:00,230.0,349.28,8.58,9228.46,15.7,1.1,1.23,1240.9,,530372.0,22847900.0,9.32,,,,17.4,17.35,17.2,17.45
2014-03-11 00:00:00+00:00,228.6,347.27,8.63,9175.42,15.7,1.1,1.22,1830.4,,530372.0,22847900.0,9.27,,,,17.35,17.3,17.2,17.4
2014-03-12 00:00:00+00:00,227.3,345.26,8.68,9122.39,15.6,1.1,1.21,1250.4,,530372.0,22847900.0,9.22,,,,17.25,17.2,17.1,17.3
2014-03-13 00:00:00+00:00,226.0,343.26,8.73,9069.35,15.5,1.1,1.2,1611.0,,530372.0,22847900.0,9.16,,,,17.2,17.1,17.1,17.35
2014-03-14 00:00:00+00:00,226.7,344.26,8.71,9095.87,15.5,1.1,1.21,1364.9,,530372.0,22847900.0,9.19,,,,17.2,17.15,17.0,17.4
2014-03-17 00:00:00+00:00,228.0,346.27,8.66,9148.91,15.6,1.1,1.21,781.9,,530372.0,22847900.0,9.24,,,,17.25,17.2,17.15,17.3
2014-03-18 00:00:00+00:00,227.3,345.26,8.68,9122.39,15.6,1.1,1.21,1616.3,,530372.0,22847900.0,9.22,,,,17.3,17.2,17.2,17.5
2014-03-19 00:00:00+00:00,224.7,341.25,8.79,9016.32,15.4,1.1,1.2,1390.0,,530372.0,22847900.0,9.11,,,,17.0,16.95,16.95,17.3
2014-03-20 00:00:00+00:00,222.0,337.23,8.89,8910.24,15.2,1.1,1.18,1258.3,,530372.0,22847900.0,9.0,,,,16.85,16.8,16.75,16.9
2014-03-21 00:00:00+00:00,224.7,341.25,8.79,9016.32,15.4,1.1,1.2,1700.0,,530372.0,22847900.0,9.11,,,,17.0,16.8,16.6,17.0
2014-03-24 00:00:00+00:00,222.0,337.23,8.89,8910.24,15.2,1.1,1.18,668.6,,530372.0,22847900.0,9.0,,,,16.85,16.8,16.6,16.9
2014-03-25 00:00:00+00:00,226.0,343.26,8.73,9069.35,16.1,1.06,1.2,931.3,,530372.0,22847900.0,9.16,,,,17.1,17.05,16.8,17.1
2014-03-26 00:00:00+00:00,223.3,339.24,8.84,8963.28,15.9,1.06,1.19,1015.2,,530372.0,22847900.0,9.06,,,,17.0,16.9,16.9,17.15
2014-03-27 00:00:00+00:00,226.0,343.26,8.73,9069.35,16.1,1.06,1.2,960.5,,530372.0,22847900.0,9.16,,,,17.1,17.05,16.9,17.15
2014-03-28 00:00:00+00:00,224.7,341.25,8.79,9016.32,16.0,1.06,1.2,1919.5,,530372.0,22847900.0,9.11,,,,17.05,17.0,16.9,17.3
2014-03-31 00:00:00+00:00,224.7,341.25,8.79,9026.09,16.0,1.06,1.2,3378.0,,530947.0,22847900.0,9.11,,,,17.0,16.95,16.85,17.1
2014-04-01 00:00:00+00:00,224.0,340.25,8.81,8999.55,15.9,1.06,1.19,7189.9,,530947.0,22847900.0,9.08,,,,17.0,16.95,16.95,17.25
2014-04-02 00:00:00+00:00,224.0,340.25,8.81,8999.55,15.9,1.06,1.19,2960.0,,530947.0,22847900.0,9.08,,,,17.0,16.95,16.85,17.1
2014-04-03 00:00:00+00:00,222.7,338.24,8.86,8946.45,15.8,1.06,1.19,2748.2,,530947.0,22847900.0,9.03,,,,16.9,16.85,16.8,16.95
2014-04-04 00:00:00+00:00,222.7,338.24,8.86,8946.45,15.8,1.06,1.19,,,530947.0,22847900.0,9.03,,,,,,,
2014-04-07 00:00:00+00:00,224.7,341.25,8.79,9026.09,16.0,1.06,1.2,1971.5,,530947.0,22847900.0,9.11,,,,17.0,16.95,16.7,17.05
2014-04-08 00:00:00+00:00,234.6,356.3,8.41,9424.3,16.7,1.06,1.25,13576.9,,530947.0,22847900.0,9.51,,,,17.75,17.7,16.95,17.95
2014-04-09 00:00:00+00:00,244.5,371.36,8.07,9822.51,17.4,1.06,1.3,19629.2,,530947.0,22847900.0,9.91,,,,18.55,18.5,17.9,18.65
2014-04-10 00:00:00+00:00,249.8,379.39,7.9,10034.89,17.8,1.06,1.33,17780.6,,530947.0,22847900.0,10.13,,,,18.9,18.85,18.25,19.05
2014-04-11 00:00:00+00:00,253.1,384.41,7.8,10167.63,18.0,1.06,1.35,30186.7,,530947.0,22847900.0,10.26,,,,19.2,19.15,18.55,19.75
2014-04-14 00:00:00+00:00,255.7,388.42,7.72,10273.81,18.2,1.06,1.36,12791.3,,530947.0,22847900.0,10.37,,,,19.35,19.3,19.15,19.7
2014-04-15 00:00:00+00:00,255.7,388.42,7.72,10273.81,18.2,1.06,1.36,9869.1,,530947.0,22847900.0,10.37,,,,19.35,19.3,19.05,19.5
2014-04-16 00:00:00+00:00,258.4,392.44,7.64,10380.0,18.4,1.06,1.38,12000.5,,530947.0,22847900.0,10.48,,,,19.6,19.55,19.5,20.1
2014-04-17 00:00:00+00:00,257.0,390.43,7.68,10326.91,18.3,1.06,1.37,9316.1,,530947.0,22847900.0,10.42,,,,19.5,19.45,19.4,20.0
2014-04-18 00:00:00+00:00,255.1,387.42,7.74,10247.27,18.1,1.06,1.36,6032.7,,530947.0,22847900.0,10.34,,,,19.35,19.3,19.0,19.7
2014-04-21 00:00:00+00:00,257.0,390.43,7.68,10326.91,18.3,1.06,1.37,5066.3,,530947.0,22847900.0,10.42,,,,19.45,19.4,19.0,19.45
2014-04-22 00:00:00+00:00,272.9,414.52,4.42,10964.05,19.4,1.06,1.45,38077.1,,530947.0,22847900.0,11.07,,,,20.65,20.55,19.4,20.8
2014-04-23 00:00:00+00:00,255.1,387.42,4.73,10247.27,18.1,1.06,1.36,23738.1,,530947.0,22847900.0,10.34,,,,19.35,19.3,19.3,20.1
2014-04-24 00:00:00+00:00,252.4,383.4,4.78,10141.08,17.9,1.06,1.35,9556.4,,530947.0,22847900.0,10.24,,,,19.1,19.05,18.55,19.45
2014-04-25 00:00:00+00:00,236.6,359.32,5.1,9503.94,16.8,1.06,1.26,13053.7,,530947.0,22847900.0,9.59,,,,17.95,17.9,17.8,19.2
2014-04-28 00:00:00+00:00,241.9,367.35,4.99,9716.32,17.2,1.06,1.29,6820.1,,530947.0,22847900.0,9.81,,,,18.35,18.3,17.55,18.45
2014-04-29 00:00:00+00:00,242.5,368.35,4.97,9742.87,17.2,1.06,1.29,10339.8,,530947.0,22847900.0,9.83,,,,18.35,18.3,18.05,18.7
2014-04-30 00:00:00+00:00,237.2,360.32,5.08,9545.6,16.9,1.06,1.26,4205.9,,531789.0,22847900.0,9.62,,,,18.0,17.95,17.75,18.4
2014-05-01 00:00:00+00:00,237.2,360.32,5.08,9545.6,16.9,1.06,1.26,,,531789.0,22847900.0,9.62,,,,,,,
2014-05-02 00:00:00+00:00,241.2,366.34,5.0,9705.14,17.1,1.06,1.29,3026.3,,531789.0,22847900.0,9.78,,,,18.25,18.2,18.0,18.4
2014-05-05 00:00:00+00:00,237.9,361.32,5.07,9572.2,16.9,1.06,1.27,3340.9,,531789.0,22847900.0,9.65,,,,18.05,18.0,17.9,18.5
2014-05-06 00:00:00+00:00,241.9,367.35,4.99,9731.73,17.2,1.06,1.29,5547.6,,531789.0,22847900.0,9.81,,,,18.3,18.25,17.9,18.45
2014-05-07 00:00:00+00:00,238.5,362.33,5.06,9598.78,17.0,1.06,1.27,3995.3,,531789.0,22847900.0,9.67,,,,18.1,18.05,18.0,18.3
2014-05-08 00:00:00+00:00,237.2,360.32,5.08,9545.6,16.9,1.06,1.26,3572.8,,531789.0,22847900.0,9.62,,,,18.0,17.95,17.9,18.2
2014-05-09 00:00:00+00:00,235.2,357.31,5.13,9465.83,16.7,1.06,1.25,2839.1,,531789.0,22847900.0,9.54,,,,17.85,17.8,17.8,18.15
2014-05-12 00:00:00+00:00,235.2,357.31,5.13,9465.83,16.7,1.06,1.25,3084.1,,531789.0,22847900.0,9.54,,,,17.85,17.8,17.6,18.15
2014-05-13 00:00:00+00:00,235.2,357.31,5.13,9465.83,16.7,1.06,1.25,2283.5,,531789.0,22847900.0,9.54,,,,17.8,17.75,17.65,18.1
2014-05-14 00:00:00+00:00,233.9,355.3,5.16,9412.66,13.7,1.29,1.25,1670.7,,531789.0,22847900.0,9.49,,,,17.75,17.7,17.6,17.85
2014-05-15 00:00:00+00:00,231.9,352.29,5.2,9332.88,13.6,1.29,1.24,2598.9,,531789.0,22847900.0,9.41,,,,17.6,17.55,17.35,17.8
2014-05-16 00:00:00+00:00,236.6,359.32,5.1,9519.01,13.9,1.29,1.26,4917.5,,531789.0,22847900.0,9.59,,,,17.95,17.9,17.4,18.1
2014-05-19 00:00:00+00:00,237.2,360.32,5.08,9545.6,13.9,1.29,1.26,2328.3,,531789.0,22847900.0,9.62,,,,18.0,17.95,17.85,18.15
2014-05-20 00:00:00+00:00,237.2,360.32,5.08,9545.6,13.9,1.29,1.26,1838.1,,531789.0,22847900.0,9.62,,,,17.95,17.9,17.9,18.15
2014-05-21 00:00:00+00:00,241.2,366.34,5.0,9705.14,14.2,1.29,1.29,6780.9,,531789.0,22847900.0,9.78,,,,18.3,18.25,17.9,18.3
2014-05-22 00:00:00+00:00,241.2,366.34,5.0,9705.14,14.2,1.29,1.29,4930.8,,531789.0,22847900.0,9.78,,,,18.3,18.25,18.15,18.4
2014-05-23 00:00:00+00:00,241.9,367.35,4.99,9731.73,14.2,1.29,1.29,3279.3,,531789.0,22847900.0,9.81,,,,18.3,18.25,18.15,18.4
2014-05-26 00:00:00+00:00,243.2,369.35,4.96,9784.91,14.3,1.29,1.3,4841.5,,531789.0,22847900.0,9.86,,,,18.4,18.35,18.3,18.5
2014-05-27 00:00:00+00:00,240.5,365.34,5.01,9678.55,14.1,1.29,1.28,2515.4,,531789.0,22847900.0,9.75,,,,18.25,18.2,18.2,18.5
2014-05-28 00:00:00+00:00,243.8,370.36,4.95,9811.5,14.3,1.29,1.3,3931.3,,531789.0,22847900.0,9.89,,,,18.45,18.4,18.2,18.5
2014-05-29 00:00:00+00:00,248.5,377.38,4.85,9997.62,14.6,1.29,1.32,6936.1,,531789.0,22847900.0,10.08,,,,18.8,18.75,18.4,18.9
2014-05-30 00:00:00+00:00,255.1,387.42,4.73,10263.52,15.0,1.29,1.36,17590.6,,531789.0,22847900.0,10.34,,,,19.3,19.25,19.2,19.7
2014-06-02 00:00:00+00:00,255.1,387.42,4.73,10263.52,15.0,1.29,1.36,,,531789.0,22847900.0,10.34,,,,,,,
2014-06-03 00:00:00+00:00,251.8,382.4,4.79,10130.57,14.8,1.29,1.34,4942.1,,531789.0,22847900.0,10.21,,,,19.05,19.0,18.85,19.3
2014-06-04 00:00:00+00:00,253.7,385.41,4.75,10210.34,14.9,1.29,1.35,3223.2,,531789.0,22847900.0,10.29,,,,19.2,19.15,19.05,19.4
2014-06-05 00:00:00+00:00,254.4,386.42,4.74,10236.93,14.9,1.29,1.36,4120.3,,531789.0,22847900.0,10.32,,,,19.3,19.25,19.2,19.5
2014-06-06 00:00:00+00:00,252.4,383.4,4.78,10157.16,14.8,1.29,1.35,3416.8,,531789.0,22847900.0,10.24,,,,19.15,19.1,19.1,19.5
2014-06-09 00:00:00+00:00,252.4,383.4,4.78,10157.16,14.8,1.29,1.35,3277.9,,531789.0,22847900.0,10.24,,,,19.15,19.1,19.1,19.4
2014-06-10 00:00:00+00:00,251.8,382.4,4.79,10130.57,14.8,1.29,1.34,3341.2,,531789.0,22847900.0,10.21,,,,19.1,19.05,18.9,19.25
2014-06-11 00:00:00+00:00,252.4,383.4,4.78,10157.16,14.8,1.29,1.35,3592.3,,531789.0,22847900.0,10.24,,,,19.15,19.1,19.1,19.35
2014-06-12 00:00:00+00:00,254.4,386.42,4.74,10236.93,14.9,1.29,1.36,4280.6,,531789.0,22847900.0,10.32,,,,19.3,19.25,19.1,19.3
2014-06-13 00:00:00+00:00,255.1,387.42,4.73,10263.52,15.0,1.29,1.36,3605.1,,531789.0,22847900.0,10.34,,,,19.35,19.3,19.15,19.45
2014-06-16 00:00:00+00:00,254.4,386.42,4.74,10236.93,14.9,1.29,1.36,5280.2,,531789.0,22847900.0,10.32,,,,19.3,19.25,19.15,19.6
2014-06-17 00:00:00+00:00,251.8,382.4,4.79,10130.57,14.8,1.29,1.34,3276.0,,531789.0,22847900.0,10.21,,,,19.1,19.05,18.9,19.25
2014-06-18 00:00:00+00:00,251.8,382.4,4.79,10130.57,14.8,1.29,1.34,4378.2,,531789.0,22847900.0,10.21,,,,19.1,19.05,19.0,19.25
2014-06-19 00:00:00+00:00,255.1,387.42,4.73,10263.52,15.0,1.29,1.36,3620.6,,531789.0,22847900.0,10.34,,,,19.35,19.3,19.05,19.35
2014-06-20 00:00:00+00:00,257.0,390.43,4.69,10343.29,15.1,1.29,1.37,13059.6,,531789.0,22847900.0,10.42,,,,19.5,19.45,19.35,19.8
2014-06-23 00:00:00+00:00,247.1,375.37,4.88,9944.45,14.5,1.29,1.32,6976.7,,531789.0,22847900.0,10.02,,,,18.75,18.7,18.6,19.45
2014-06-24 00:00:00+00:00,251.8,382.4,4.79,10130.57,14.8,1.29,1.34,2980.8,,531789.0,22847900.0,10.21,,,,19.05,19.0,18.7,19.15
2014-06-25 00:00:00+00:00,254.4,386.42,4.74,10236.93,14.9,1.29,1.36,3566.8,,531789.0,22847900.0,10.32,,,,19.25,19.1,18.8,19.3
2014-06-26 00:00:00+00:00,257.7,391.43,4.68,10369.88,15.1,1.29,1.37,8048.9,,531789.0,22847900.0,10.45,,,,19.55,19.5,19.45,19.8
2014-06-27 00:00:00+00:00,256.4,389.43,4.7,10316.7,15.0,1.29,1.37,2674.7,,531789.0,22847900.0,10.4,,,,19.4,19.35,19.35,19.6
2014-06-30 00:00:00+00:00,257.7,391.43,4.68,10369.88,15.1,1.29,1.37,3599.9,,531789.0,22847900.0,10.45,,,,19.5,19.45,19.25,19.6
2014-07-01 00:00:00+00:00,257.7,391.43,4.68,10369.88,15.1,1.29,1.37,4153.1,,531789.0,22847900.0,10.45,,,,19.5,19.45,19.5,19.75
2014-07-02 00:00:00+00:00,256.4,389.43,4.7,10316.7,15.0,1.29,1.37,6929.3,,531789.0,22847900.0,10.4,,,,19.4,19.35,19.15,19.65
2014-07-03 00:00:00+00:00,246.5,392.69,4.89,9917.86,14.5,1.29,1.31,5726.3,,531789.0,22847900.0,9.99,,,,18.7,18.65,18.6,18.75
2014-07-04 00:00:00+00:00,246.5,392.69,4.89,9917.86,14.5,1.29,1.31,2455.6,,531789.0,22847900.0,9.99,,,,18.7,18.65,18.5,18.75
2014-07-07 00:00:00+00:00,249.1,396.9,4.84,10024.21,14.6,1.29,1.33,5103.5,,531789.0,22847900.0,10.1,,,,18.85,18.8,18.5,19.2
2014-07-08 00:00:00+00:00,246.5,392.69,4.89,9917.86,14.5,1.29,1.31,2153.8,,531789.0,22847900.0,9.99,,,,18.7,18.65,18.6,18.85
2014-07-09 00:00:00+00:00,249.1,396.9,4.84,10024.21,14.6,1.29,1.33,7913.5,,531789.0,22847900.0,10.1,,,,18.85,18.8,18.4,18.85
2014-07-10 00:00:00+00:00,245.2,390.59,4.92,9864.67,14.4,1.29,1.31,11843.8,,531789.0,22847900.0,9.94,,,,18.6,18.55,18.55,19.1
2014-07-11 00:00:00+00:00,236.6,376.9,5.1,9519.01,13.9,1.29,1.26,4862.0,,531789.0,22847900.0,9.59,,,,17.95,17.9,17.8,18.55
2014-07-14 00:00:00+00:00,237.2,377.95,5.08,9545.6,13.9,1.29,1.26,2456.9,,531789.0,22847900.0,9.62,,,,17.95,17.9,17.75,18.1
2014-07-15 00:00:00+00:00,239.9,382.16,5.03,9651.96,14.1,1.29,1.28,1451.0,,531789.0,22847900.0,9.73,,,,18.15,18.1,18.0,18.2
2014-07-16 00:00:00+00:00,242.5,386.37,4.97,9758.32,14.2,1.29,1.29,3069.2,,531789.0,22847900.0,9.83,,,,18.35,18.3,18.05,18.4
2014-07-17 00:00:00+00:00,244.5,389.53,4.93,9838.09,14.3,1.29,1.3,2526.4,,531789.0,22847900.0,9.91,,,,18.5,18.45,18.15,18.5
2014-07-18 00:00:00+00:00,244.5,389.53,4.93,9838.09,14.3,1.29,1.3,4645.4,,531789.0,22847900.0,9.91,,,,18.55,18.5,18.3,18.6
2014-07-21 00:00:00+00:00,247.8,394.8,4.87,9971.04,14.5,1.29,1.32,9489.9,,531789.0,22847900.0,10.05,,,,18.8,18.75,18.65,19.05
2014-07-22 00:00:00+00:00,247.1,393.74,4.88,9944.45,14.5,1.29,1.32,2114.2,,531789.0,22847900.0,10.02,,,,18.75,18.7,18.6,18.85
2014-07-23 00:00:00+00:00,247.1,393.74,4.88,9944.45,14.5,1.29,1.32,,,531789.0,22847900.0,10.02,,,,,,,
2014-07-24 00:00:00+00:00,246.5,392.69,4.89,9917.86,14.5,1.29,1.31,1790.1,,531789.0,22847900.0,9.99,,,,18.7,18.65,18.6,19.0
2014-07-25 00:00:00+00:00,243.8,388.48,4.95,9811.5,14.3,1.29,1.3,2511.7,,531789.0,22847900.0,9.89,,,,18.45,18.4,18.3,18.7
2014-07-28 00:00:00+00:00,240.5,383.22,5.01,9678.55,14.1,1.29,1.28,1550.9,,531789.0,22847900.0,9.75,,,,18.25,18.2,18.2,18.4
2014-07-29 00:00:00+00:00,237.9,379.01,5.07,9572.2,14.0,1.29,1.27,1433.0,,531789.0,22847900.0,9.65,,,,18.1,18.0,18.0,18.4
2014-07-30 00:00:00+00:00,239.2,381.11,5.04,9625.37,14.0,1.29,1.27,1189.3,,531789.0,22847900.0,9.7,,,,18.15,18.1,18.0,18.15
2014-07-31 00:00:00+00:00,240.5,383.22,5.01,9695.08,14.1,1.29,1.28,964.4,,532697.0,22847900.0,9.75,,,,18.25,18.2,18.0,18.3
2014-08-01 00:00:00+00:00,238.5,380.06,5.06,9615.17,14.0,1.29,1.27,905.3,,532697.0,22847900.0,9.67,,,,18.1,18.05,17.9,18.15
2014-08-04 00:00:00+00:00,239.9,382.16,5.03,9668.44,14.1,1.29,1.28,1121.1,,532697.0,22847900.0,9.73,,,,18.2,18.15,17.85,18.2
2014-08-05 00:00:00+00:00,237.2,377.95,5.08,9561.9,13.9,1.29,1.26,1175.2,,532697.0,22847900.0,9.62,,,,18.0,17.95,17.95,18.15
2014-08-06 00:00:00+00:00,233.3,371.64,5.17,9402.09,13.7,1.29,1.24,1402.1,,532697.0,22847900.0,9.46,,,,17.7,17.65,17.5,18.0
2014-08-07 00:00:00+00:00,228.6,364.27,5.28,9215.64,13.4,1.29,1.22,1760.2,,532697.0,22847900.0,9.27,,,,17.35,17.3,17.3,17.8
2014-08-08 00:00:00+00:00,228.0,363.21,5.29,9189.02,13.4,1.29,1.21,1822.9,,532697.0,22847900.0,9.24,,,,17.3,17.25,17.0,17.35
2014-08-11 00:00:00+00:00,230.0,366.37,5.25,9268.92,13.5,1.29,1.23,989.7,,532697.0,22847900.0,9.32,,,,17.45,17.4,17.25,17.5
2014-08-12 00:00:00+00:00,230.0,366.37,5.25,9268.92,13.5,1.29,1.23,665.4,,532697.0,22847900.0,9.32,,,,17.45,17.4,17.3,17.45
2014-08-13 00:00:00+00:00,239.2,381.11,5.04,9641.8,14.0,1.29,1.27,2801.2,,532697.0,22847900.0,9.7,,,,18.15,18.1,17.4,18.1
2014-08-14 00:00:00+00:00,236.6,376.9,5.1,9535.27,14.9,1.2,1.26,3105.7,,532697.0,22847900.0,9.59,,,,17.9,17.85,17.9,18.25
2014-08-15 00:00:00+00:00,233.9,372.69,5.16,9428.73,14.7,1.2,1.25,937.9,,532697.0,22847900.0,9.49,,,,17.8,17.7,17.7,17.9
2014-08-18 00:00:00+00:00,230.0,366.37,5.25,9268.92,14.5,1.2,1.23,841.4,,532697.0,22847900.0,9.32,,,,17.45,17.4,17.3,17.85
2014-08-19 00:00:00+00:00,234.6,373.74,5.14,9455.37,14.7,1.2,1.25,958.8,,532697.0,22847900.0,9.51,,,,17.75,17.7,17.5,17.9
2014-08-20 00:00:00+00:00,232.6,370.58,5.19,9375.46,14.6,1.2,1.24,807.1,,532697.0,22847900.0,9.43,,,,17.65,17.6,17.35,17.95
2014-08-21 00:00:00+00:00,232.6,370.58,5.19,9375.46,14.6,1.2,1.24,713.5,,532697.0,22847900.0,9.43,,,,17.65,17.6,17.5,17.95
2014-08-22 00:00:00+00:00,231.9,369.53,5.2,9348.82,14.6,1.2,1.24,964.0,,532697.0,22847900.0,9.41,,,,17.6,17.55,17.4,17.7
2014-08-25 00:00:00+00:00,233.3,371.64,5.17,9402.09,14.7,1.2,1.24,858.3,,532697.0,22847900.0,9.46,,,,17.65,17.6,17.35,17.7
2014-08-26 00:00:00+00:00,235.9,375.85,5.11,9508.63,14.8,1.2,1.26,1687.3,,532697.0,22847900.0,9.57,,,,17.85,17.8,17.65,17.9
2014-08-27 00:00:00+00:00,240.5,383.22,5.01,9695.08,15.1,1.2,1.28,2715.8,,532697.0,22847900.0,9.75,,,,18.2,18.15,17.75,18.2
2014-08-28 00:00:00+00:00,241.2,384.27,5.0,9721.71,15.2,1.2,1.29,9137.3,,532697.0,22847900.0,9.78,,,,18.3,18.25,18.2,18.5
2014-08-29 00:00:00+00:00,240.5,383.22,5.01,9695.08,15.1,1.2,1.28,1441.6,,532697.0,22847900.0,9.75,,,,18.2,18.15,18.05,18.25
2014-09-01 00:00:00+00:00,239.9,382.16,5.03,9674.89,15.1,1.2,1.28,2075.8,,533052.0,22847900.0,9.73,,,,18.2,18.15,18.0,18.4
2014-09-02 00:00:00+00:00,235.9,375.85,5.11,9514.98,14.8,1.2,1.26,1465.6,,533052.0,22847900.0,9.57,,,,17.9,17.85,17.8,18.15
2014-09-03 00:00:00+00:00,237.2,377.95,5.08,9568.29,14.9,1.2,1.26,993.5,,533052.0,22847900.0,9.62,,,,18.0,17.95,17.85,18.0
2014-09-04 00:00:00+00:00,236.6,376.9,5.1,9541.63,14.9,1.2,1.26,784.5,,533052.0,22847900.0,9.59,,,,17.95,17.9,17.9,18.1
2014-09-05 00:00:00+00:00,239.9,382.16,5.03,9674.89,15.1,1.2,1.28,1087.1,,533052.0,22847900.0,9.73,,,,18.2,18.15,17.65,18.15
2014-09-08 00:00:00+00:00,239.9,382.16,5.03,9674.89,15.1,1.2,1.28,,,533052.0,22847900.0,9.73,,,,,,,
2014-09-09 00:00:00+00:00,240.5,383.22,5.01,9701.55,15.1,1.2,1.28,4688.7,,533052.0,22847900.0,9.75,,,,18.2,18.15,18.1,18.4
2014-09-10 00:00:00+00:00,244.5,389.53,4.93,9861.46,15.4,1.2,1.3,7546.0,,533052.0,22847900.0,9.91,,,,18.55,18.5,18.05,18.7
2014-09-11 00:00:00+00:00,240.5,383.22,5.01,9701.55,15.1,1.2,1.28,9129.3,,533052.0,22847900.0,9.75,,,,18.25,18.2,18.2,18.65
2014-09-12 00:00:00+00:00,235.9,375.85,5.11,9514.98,14.8,1.2,1.26,2200.7,,533052.0,22847900.0,9.57,,,,17.9,17.85,17.8,18.4
2014-09-15 00:00:00+00:00,233.3,371.64,5.17,9408.37,14.7,1.2,1.24,1394.1,,533052.0,22847900.0,9.46,,,,17.7,17.65,17.6,17.9
2014-09-16 00:00:00+00:00,232.6,370.58,5.19,9381.71,14.6,1.2,1.24,930.9,,533052.0,22847900.0,9.43,,,,17.65,17.6,17.6,17.85
2014-09-17 00:00:00+00:00,231.9,369.53,5.2,9355.06,14.6,1.2,1.24,2552.8,,533052.0,22847900.0,9.41,,,,17.55,17.5,17.4,17.9
2014-09-18 00:00:00+00:00,231.9,369.53,5.2,9355.06,14.6,1.2,1.24,824.4,,533052.0,22847900.0,9.41,,,,17.6,17.55,17.45,17.65
2014-09-19 00:00:00+00:00,234.6,373.74,5.14,9461.68,14.7,1.2,1.25,991.0,,533052.0,22847900.0,9.51,,,,17.75,17.7,17.6,17.8
2014-09-22 00:00:00+00:00,231.3,368.48,5.22,9328.41,14.5,1.2,1.23,734.6,,533052.0,22847900.0,9.38,,,,17.6,17.5,17.5,17.7
2014-09-23 00:00:00+00:00,231.3,368.48,5.22,9328.41,14.5,1.2,1.23,623.6,,533052.0,22847900.0,9.38,,,,17.5,17.45,17.5,17.75
2014-09-24 00:00:00+00:00,234.6,373.74,5.14,9461.68,14.7,1.2,1.25,835.8,,533052.0,22847900.0,9.51,,,,17.75,17.65,17.5,17.75
2014-09-25 00:00:00+00:00,233.3,371.64,5.17,9408.37,14.7,1.2,1.24,1308.4,,533052.0,22847900.0,9.46,,,,17.65,17.6,17.5,17.9
2014-09-26 00:00:00+00:00,229.3,365.32,5.26,9248.45,14.4,1.2,1.22,1173.4,,533052.0,22847900.0,9.3,,,,17.4,17.35,17.3,17.6
2014-09-29 00:00:00+00:00,231.9,369.53,5.2,9355.06,14.6,1.2,1.24,596.3,,533052.0,22847900.0,9.41,,,,17.55,17.5,17.35,17.6
2014-09-30 00:00:00+00:00,234.6,373.74,5.14,9466.06,14.7,1.2,1.25,1221.7,,533299.0,22847900.0,9.51,,,,17.75,17.65,17.3,17.8
2014-10-01 00:00:00+00:00,231.9,369.53,5.2,9359.39,14.6,1.2,1.24,691.9,,533299.0,22847900.0,9.41,,,,17.65,17.55,17.55,17.75
2014-10-02 00:00:00+00:00,231.3,368.48,5.22,9332.74,14.5,1.2,1.23,1028.7,,533299.0,22847900.0,9.38,,,,17.55,17.5,17.4,17.6
2014-10-03 00:00:00+00:00,233.9,372.69,5.16,9439.39,14.7,1.2,1.25,725.4,,533299.0,22847900.0,9.49,,,,17.7,17.65,17.55,17.8
2014-10-06 00:00:00+00:00,232.6,370.58,5.19,9386.06,14.6,1.2,1.24,710.1,,533299.0,22847900.0,9.43,,,,17.65,17.6,17.5,17.8
2014-10-07 00:00:00+00:00,231.3,368.48,5.22,9332.74,14.5,1.2,1.23,918.3,,533299.0,22847900.0,9.38,,,,17.5,17.4,17.35,17.6
2014-10-08 00:00:00+00:00,227.3,362.16,5.31,9172.75,14.3,1.2,1.21,800.3,,533299.0,22847900.0,9.22,,,,17.2,17.15,17.2,17.4
2014-10-09 00:00:00+00:00,222.0,353.74,5.43,8959.42,14.0,1.2,1.18,1582.1,,533299.0,22847900.0,9.0,,,,16.8,16.75,16.75,17.35
2014-10-10 00:00:00+00:00,222.0,353.74,5.43,8959.42,14.0,1.2,1.18,,,533299.0,22847900.0,9.0,,,,,,,
2014-10-13 00:00:00+00:00,206.8,329.52,5.83,8346.13,13.0,1.2,1.1,2896.0,,533299.0,22847900.0,8.39,,,,15.65,,15.65,16.3
2014-10-14 00:00:00+00:00,206.2,328.47,5.85,8319.46,13.0,1.2,1.1,1747.4,,533299.0,22847900.0,8.36,,,,15.65,15.6,15.1,15.65
2014-10-15 00:00:00+00:00,203.5,324.26,5.93,8212.8,12.8,1.2,1.08,763.8,,533299.0,22847900.0,8.25,,,,15.5,15.4,15.4,15.6
2014-10-16 00:00:00+00:00,201.5,321.1,5.98,8132.81,12.7,1.2,1.07,1817.6,,533299.0,22847900.0,8.17,,,,15.25,15.15,14.7,15.4
2014-10-17 00:00:00+00:00,194.3,309.52,6.21,7839.5,12.2,1.2,1.04,2860.9,,533299.0,22847900.0,7.88,,,,14.8,14.7,14.7,15.4
2014-10-20 00:00:00+00:00,196.9,313.73,6.13,7946.16,12.4,1.2,1.05,1431.2,,533299.0,22847900.0,7.99,,,,14.95,14.9,14.85,15.1
2014-10-21 00:00:00+00:00,202.2,322.15,5.97,8159.48,12.7,1.2,1.08,1048.5,,533299.0,22847900.0,8.2,,,,15.3,15.25,14.85,15.3
2014-10-22 00:00:00+00:00,204.2,325.31,5.91,8239.47,12.8,1.2,1.09,1921.4,,533299.0,22847900.0,8.28,,,,15.5,15.45,15.3,15.65
2014-10-23 00:00:00+00:00,206.8,329.52,5.83,8346.13,13.0,1.2,1.1,1596.7,,533299.0,22847900.0,8.39,,,,15.7,15.65,15.4,15.65
2014-10-24 00:00:00+00:00,198.9,316.89,6.06,8026.15,12.5,1.2,1.06,3573.6,,533299.0,22847900.0,8.07,,,,15.1,15.05,15.0,15.65
2014-10-27 00:00:00+00:00,193.6,308.47,6.23,7812.83,12.2,1.2,1.03,1458.9,,533299.0,22847900.0,7.85,,,,14.7,14.65,14.6,15.2
2014-10-28 00:00:00+00:00,198.2,315.84,6.08,7999.48,12.5,1.2,1.06,1001.1,,533299.0,22847900.0,8.04,,,,15.0,14.95,14.75,15.0
2014-10-29 00:00:00+00:00,202.2,322.15,5.97,8159.48,12.7,1.2,1.08,2685.7,,533299.0,22847900.0,8.2,,,,15.35,15.3,15.1,15.55
2014-10-30 00:00:00+00:00,202.2,322.15,5.97,8159.48,12.7,1.2,1.08,1049.3,,533299.0,22847900.0,8.2,,,,15.4,15.3,15.2,15.45
2014-10-31 00:00:00+00:00,204.8,326.37,5.89,8275.75,12.9,1.2,1.09,900.3,,533919.0,22847900.0,8.31,,,,15.5,15.45,15.35,15.55
2014-11-03 00:00:00+00:00,205.5,327.42,5.87,8302.44,12.9,1.2,1.1,1002.0,,533919.0,22847900.0,8.33,,,,15.55,15.5,15.45,15.7
2014-11-04 00:00:00+00:00,204.2,325.31,5.91,8249.05,12.8,1.2,1.09,426.5,,533919.0,22847900.0,8.28,,,,15.5,15.45,15.4,15.7
2014-11-05 00:00:00+00:00,202.9,323.21,5.95,8195.66,12.8,1.2,1.08,527.3,,533919.0,22847900.0,8.23,,,,15.4,15.35,15.35,15.55
2014-11-06 00:00:00+00:00,200.2,319.0,6.02,8088.88,12.6,1.2,1.07,453.2,,533919.0,22847900.0,8.12,,,,15.3,15.15,15.15,15.5
2014-11-07 00:00:00+00:00,203.5,324.26,5.93,8222.36,12.8,1.2,1.08,821.3,,533919.0,22847900.0,8.25,,,,15.45,15.4,15.15,15.6
2014-11-10 00:00:00+00:00,204.2,325.31,5.91,8249.05,12.8,1.2,1.09,762.2,,533919.0,22847900.0,8.28,,,,15.5,15.45,15.4,15.55
2014-11-11 00:00:00+00:00,203.5,324.26,5.93,8222.36,12.8,1.2,1.08,1249.0,,533919.0,22847900.0,8.25,,,,15.45,15.4,15.4,15.6
2014-11-12 00:00:00+00:00,199.6,317.94,6.04,8062.18,12.5,1.2,1.06,973.4,,533919.0,22847900.0,8.09,,,,15.15,15.1,15.1,15.35
2014-11-13 00:00:00+00:00,196.9,313.73,6.13,7955.39,13.9,1.07,1.05,1821.5,,533919.0,22847900.0,7.99,,,,14.9,14.85,14.7,15.0
2014-11-14 00:00:00+00:00,194.9,310.57,6.19,7875.31,13.8,1.07,1.04,1076.4,,533919.0,22847900.0,7.9,,,,14.75,14.7,14.7,14.85
2014-11-17 00:00:00+00:00,193.0,307.42,6.25,7795.22,13.7,1.07,1.03,1006.1,,533919.0,22847900.0,7.82,,,,14.65,14.6,14.6,14.85
2014-11-18 00:00:00+00:00,188.3,300.05,6.4,7608.35,13.3,1.07,1.0,1702.6,,533919.0,22847900.0,7.64,,,,14.25,14.2,14.15,14.7
2014-11-19 00:00:00+00:00,186.3,296.89,6.47,7528.26,13.2,1.07,0.99,1466.3,,533919.0,22847900.0,7.56,,,,14.15,14.1,14.1,14.45
2014-11-20 00:00:00+00:00,188.3,300.05,6.4,7608.35,13.3,1.07,1.0,1116.1,,533919.0,22847900.0,7.64,,,,14.3,14.25,14.1,14.35
2014-11-21 00:00:00+00:00,193.0,307.42,6.25,7795.22,13.7,1.07,1.03,986.8,,533919.0,22847900.0,7.82,,,,14.6,14.55,14.3,14.6
2014-11-24 00:00:00+00:00,191.0,304.26,6.32,7715.13,13.5,1.07,1.02,983.6,,533919.0,22847900.0,7.74,,,,14.5,14.45,14.4,14.7
2014-11-25 00:00:00+00:00,190.3,303.2,6.34,7688.44,13.5,1.07,1.01,724.4,,533919.0,22847900.0,7.72,,,,14.4,14.35,14.3,14.45
2014-11-26 00:00:00+00:00,188.3,300.05,6.4,7608.35,13.3,1.07,1.0,904.7,,533919.0,22847900.0,7.64,,,,14.3,14.25,14.25,14.5
2014-11-27 00:00:00+00:00,188.3,300.05,6.4,7608.35,13.3,1.07,1.0,644.2,,533919.0,22847900.0,7.64,,,,14.3,14.25,14.2,14.4
2014-11-28 00:00:00+00:00,190.3,303.2,6.34,7688.44,13.5,1.07,1.01,1913.2,,533919.0,22847900.0,7.72,,,,14.4,14.35,14.2,14.5
2014-12-01 00:00:00+00:00,188.3,300.05,6.4,7608.35,13.3,1.07,1.0,818.7,,533919.0,22847900.0,7.64,,,,14.25,14.2,14.0,14.3
2014-12-02 00:00:00+00:00,189.0,301.1,6.38,7635.04,13.4,1.07,1.01,898.5,,533919.0,22847900.0,7.66,,,,14.3,14.25,14.15,14.35
2014-12-03 00:00:00+00:00,193.6,308.47,6.23,7821.91,13.7,1.07,1.03,1827.8,,533919.0,22847900.0,7.85,,,,14.7,14.65,14.25,14.65
2014-12-04 00:00:00+00:00,194.9,310.57,6.19,7875.31,13.8,1.07,1.04,4207.8,,533919.0,22847900.0,7.9,,,,14.75,14.7,14.7,14.95
2014-12-05 00:00:00+00:00,194.3,309.52,6.21,7848.61,13.7,1.07,1.04,3568.2,,533919.0,22847900.0,7.88,,,,14.75,14.7,14.55,14.8
2014-12-08 00:00:00+00:00,194.9,310.57,6.19,7875.31,13.8,1.07,1.04,2003.9,,533919.0,22847900.0,7.9,,,,14.75,14.7,14.7,14.95
2014-12-09 00:00:00+00:00,194.9,310.57,6.19,7875.31,13.8,1.07,1.04,1540.8,,533919.0,22847900.0,7.9,,,,14.8,14.75,14.55,14.85
2014-12-10 00:00:00+00:00,197.6,314.78,6.11,7982.09,14.0,1.07,1.05,2256.7,,533919.0,22847900.0,8.01,,,,14.95,14.9,14.7,15.0
2014-12-11 00:00:00+00:00,196.3,312.68,6.15,7928.7,13.9,1.07,1.05,887.7,,533919.0,22847900.0,7.96,,,,14.9,14.85,14.8,14.95
2014-12-12 00:00:00+00:00,198.2,315.84,6.08,8008.79,14.0,1.07,1.06,2394.0,,533919.0,22847900.0,8.04,,,,15.05,15.0,14.85,15.2
2014-12-15 00:00:00+00:00,197.6,314.78,6.11,7982.09,14.0,1.07,1.05,1435.2,,533919.0,22847900.0,8.01,,,,15.0,14.95,14.8,15.05
2014-12-16 00:00:00+00:00,199.6,317.94,6.04,8062.18,14.1,1.07,1.06,2060.1,,533919.0,22847900.0,8.09,,,,15.15,15.1,14.9,15.2
2014-12-17 00:00:00+00:00,196.3,312.68,6.15,7928.7,13.9,1.07,1.05,1317.7,,533919.0,22847900.0,7.96,,,,14.9,14.85,14.85,15.2
2014-12-18 00:00:00+00:00,196.3,312.68,6.15,7928.7,13.9,1.07,1.05,871.0,,533919.0,22847900.0,7.96,,,,14.9,14.85,14.85,15.05
2014-12-19 00:00:00+00:00,196.9,313.73,6.13,7955.39,13.9,1.07,1.05,1681.0,,533919.0,22847900.0,7.99,,,,14.9,14.85,14.85,15.1
2014-12-22 00:00:00+00:00,198.2,315.84,6.08,8008.79,14.0,1.07,1.06,2869.4,,533919.0,22847900.0,8.04,,,,15.1,15.0,14.8,15.25
2014-12-23 00:00:00+00:00,198.2,315.84,6.08,8008.79,14.0,1.07,1.06,897.3,,533919.0,22847900.0,8.04,,,,15.1,15.0,15.0,15.2
2014-12-24 00:00:00+00:00,200.9,320.05,6.0,8115.57,14.2,1.07,1.07,2010.9,,533919.0,22847900.0,8.15,,,,15.25,15.2,15.05,15.35
2014-12-25 00:00:00+00:00,200.9,320.05,6.0,8115.57,14.2,1.07,1.07,873.6,,533919.0,22847900.0,8.15,,,,15.25,15.2,15.2,15.3
2014-12-26 00:00:00+00:00,202.2,322.15,5.97,8168.96,14.3,1.07,1.08,624.2,,533919.0,22847900.0,8.2,,,,15.3,15.25,15.2,15.35
2014-12-29 00:00:00+00:00,212.8,339.0,5.67,8596.1,15.1,1.07,1.13,7114.7,,533919.0,22847900.0,8.63,,,,16.1,16.05,15.35,16.2
2014-12-30 00:00:00+00:00,208.2,331.63,5.79,8409.23,14.7,1.07,1.11,3323.2,,533919.0,22847900.0,8.44,,,,15.8,15.75,15.7,16.25
2014-12-31 00:00:00+00:00,211.5,336.89,5.7,8544.31,15.0,1.07,1.13,2956.3,,534019.0,22847900.0,8.57,,,,16.0,15.95,15.65,16.15
2015-01-01 00:00:00+00:00,211.5,336.89,5.7,8544.31,15.0,1.07,1.05,,,534019.0,24738760.0,4.69,,,,,,,
2015-01-02 00:00:00+00:00,211.5,336.89,5.7,8544.31,15.0,1.07,1.05,,,534019.0,24738760.0,4.69,,,,,,,
2015-01-05 00:00:00+00:00,212.8,339.0,5.67,8597.71,15.1,1.07,1.05,1822.7,,534019.0,24738760.0,4.72,,,,16.15,16.1,15.85,16.2
2015-01-06 00:00:00+00:00,207.5,330.58,5.81,8384.1,14.7,1.07,1.03,1849.2,,534019.0,24738760.0,4.6,,,,15.75,15.7,15.7,15.9
2015-01-07 00:00:00+00:00,208.8,332.68,5.78,8437.5,14.8,1.07,1.03,950.1,,534019.0,24738760.0,4.63,,,,15.85,15.8,15.7,15.9
2015-01-08 00:00:00+00:00,208.8,332.68,5.78,8437.5,14.8,1.07,1.03,1070.1,,534019.0,24738760.0,4.63,,,,15.85,15.8,15.8,16.05
2015-01-09 00:00:00+00:00,210.8,335.84,5.72,8517.61,14.9,1.07,1.04,1012.2,,534019.0,24738760.0,4.68,,,,15.95,15.9,15.8,16.0
2015-01-12 00:00:00+00:00,208.8,332.68,5.78,8437.5,14.8,1.07,1.03,1055.1,,534019.0,24738760.0,4.63,,,,15.85,15.8,15.8,16.0
2015-01-13 00:00:00+00:00,211.5,336.89,5.7,8544.31,15.0,1.07,1.05,1887.5,,534019.0,24738760.0,4.69,,,,16.0,15.95,15.75,16.15
2015-01-14 00:00:00+00:00,210.8,335.84,5.72,8517.61,14.9,1.07,1.04,942.0,,534019.0,24738760.0,4.68,,,,15.95,15.9,15.85,16.1
2015-01-15 00:00:00+00:00,215.4,343.21,5.6,8704.52,15.2,1.07,1.07,4198.8,,534019.0,24738760.0,4.78,,,,16.35,16.3,15.95,16.6
2015-01-16 00:00:00+00:00,210.1,334.79,5.74,8490.9,14.9,1.07,1.04,2473.7,,534019.0,24738760.0,4.66,,,,15.95,15.9,15.8,16.3
2015-01-19 00:00:00+00:00,210.1,334.79,5.74,8490.9,14.9,1.07,1.04,1250.9,,534019.0,24738760.0,4.66,,,,15.9,15.85,15.8,16.1
2015-01-20 00:00:00+00:00,209.5,333.74,5.76,8464.2,14.8,1.07,1.04,2378.1,,534019.0,24738760.0,4.65,,,,15.85,15.8,15.8,15.9
2015-01-21 00:00:00+00:00,207.5,330.58,5.81,8384.1,14.7,1.07,1.03,1185.0,,534019.0,24738760.0,4.6,,,,15.75,15.7,15.65,15.95
2015-01-22 00:00:00+00:00,208.8,332.68,5.78,8437.5,14.8,1.07,1.03,808.1,,534019.0,24738760.0,4.63,,,,15.85,15.8,15.7,15.9
2015-01-23 00:00:00+00:00,208.8,332.68,5.78,8437.5,14.8,1.07,1.03,1596.6,,534019.0,24738760.0,4.63,,,,15.8,15.75,15.7,15.95
2015-01-26 00:00:00+00:00,208.8,332.68,5.78,8437.5,14.8,1.07,1.03,806.2,,534019.0,24738760.0,4.63,,,,15.85,15.8,15.75,15.9
2015-01-27 00:00:00+00:00,208.2,331.63,5.79,8410.8,14.7,1.07,1.03,903.4,,534019.0,24738760.0,4.62,,,,15.8,15.75,15.75,15.9
2015-01-28 00:00:00+00:00,209.5,333.74,5.76,8464.2,14.8,1.07,1.04,1115.7,,534019.0,24738760.0,4.65,,,,15.9,15.85,15.75,16.05
2015-01-29 00:00:00+00:00,208.8,332.68,5.78,8437.5,14.8,1.07,1.03,881.0,,534019.0,24738760.0,4.63,,,,15.85,15.8,15.75,15.9
2015-01-30 00:00:00+00:00,206.8,329.52,5.83,8357.4,14.6,1.07,1.02,775.1,,534019.0,24738760.0,4.59,,,,15.7,15.65,15.65,15.85
2015-02-02 00:00:00+00:00,206.2,328.47,5.85,8330.97,14.6,1.07,1.02,481.0,,534037.0,24738760.0,4.58,,,,15.65,15.6,15.6,15.75
2015-02-03 00:00:00+00:00,206.8,329.52,5.83,8357.67,14.6,1.07,1.02,428.5,,534037.0,24738760.0,4.59,,,,15.7,15.65,15.6,15.75
2015-02-04 00:00:00+00:00,206.8,329.52,5.83,8357.67,14.6,1.07,1.02,621.6,,534037.0,24738760.0,4.59,,,,15.7,15.65,15.6,15.8
2015-02-05 00:00:00+00:00,207.5,330.58,5.81,8384.38,14.7,1.07,1.03,315.1,,534037.0,24738760.0,4.6,,,,15.75,15.7,15.6,15.7
2015-02-06 00:00:00+00:00,214.1,341.1,5.63,8651.39,15.1,1.07,1.06,5022.2,,534037.0,24738760.0,4.75,,,,16.2,16.15,15.7,16.25
2015-02-09 00:00:00+00:00,212.1,337.95,5.69,8571.29,15.0,1.07,1.05,4818.0,,534037.0,24738760.0,4.71,,,,16.1,16.05,16.0,16.25
2015-02-10 00:00:00+00:00,208.8,332.68,5.78,8437.78,14.8,1.07,1.03,1716.6,,534037.0,24738760.0,4.63,,,,15.85,15.8,15.8,16.1
2015-02-11 00:00:00+00:00,206.2,328.47,5.85,8330.97,14.6,1.07,1.02,1803.9,,534037.0,24738760.0,4.58,,,,15.6,15.55,15.55,15.7
2015-02-12 00:00:00+00:00,205.5,327.42,5.87,8304.27,14.5,1.07,1.02,533.2,,534037.0,24738760.0,4.56,,,,15.6,15.55,15.55,15.7
2015-02-13 00:00:00+00:00,206.2,328.47,5.85,8330.97,14.6,1.07,1.02,713.2,,534037.0,24738760.0,4.58,,,,15.6,15.55,15.55,15.7
2015-02-16 00:00:00+00:00,206.2,328.47,5.85,8330.97,14.6,1.07,1.02,,,534037.0,24738760.0,4.58,,,,,,,
2015-02-17 00:00:00+00:00,206.2,328.47,5.85,8330.97,14.6,1.07,1.02,,,534037.0,24738760.0,4.58,,,,,,,
2015-02-18 00:00:00+00:00,206.2,328.47,5.85,8330.97,14.6,1.07,1.02,,,534037.0,24738760.0,4.58,,,,,,,
2015-02-19 00:00:00+00:00,206.2,328.47,5.85,8330.97,14.6,1.07,1.02,,,534037.0,24738760.0,4.58,,,,,,,
2015-02-20 00:00:00+00:00,206.2,328.47,5.85,8330.97,14.6,1.07,1.02,,,534037.0,24738760.0,4.58,,,,,,,
2015-02-23 00:00:00+00:00,206.2,328.47,5.85,8330.97,14.6,1.07,1.02,,,534037.0,24738760.0,4.58,,,,,,,
2015-02-24 00:00:00+00:00,208.2,331.63,5.79,8411.07,14.7,1.07,1.03,674.6,,534037.0,24738760.0,4.62,,,,15.8,15.75,15.65,15.8
2015-02-25 00:00:00+00:00,215.4,343.21,5.6,8704.8,15.2,1.07,1.07,4900.0,,534037.0,24738760.0,4.78,,,,16.35,16.3,15.8,16.35
2015-02-26 00:00:00+00:00,214.8,342.16,5.62,8678.1,15.2,1.07,1.06,10007.2,,534037.0,24738760.0,4.77,,,,16.25,16.2,16.2,16.5
2015-02-27 00:00:00+00:00,214.8,342.16,5.62,8678.1,15.2,1.07,1.06,,,534037.0,24738760.0,4.77,,,,,,,
2015-03-02 00:00:00+00:00,211.5,336.89,5.7,8544.59,15.0,1.07,1.05,2127.0,,534037.0,24738760.0,4.69,,,,16.05,16.0,15.95,16.25
2015-03-03 00:00:00+00:00,212.1,337.95,5.69,8571.29,15.0,1.07,1.05,1027.7,,534037.0,24738760.0,4.71,,,,16.05,16.0,15.95,16.1
2015-03-04 00:00:00+00:00,212.1,337.95,5.69,8571.29,15.0,1.07,1.05,786.9,,534037.0,24738760.0,4.71,,,,16.1,16.05,15.95,16.1
2015-03-05 00:00:00+00:00,212.8,339.0,5.67,8597.99,15.1,1.07,1.05,786.1,,534037.0,24738760.0,4.72,,,,16.15,16.1,16.05,16.2
2015-03-06 00:00:00+00:00,213.4,340.05,5.65,8624.69,15.1,1.07,1.06,721.3,,534037.0,24738760.0,4.74,,,,16.2,16.15,16.05,16.2
2015-03-09 00:00:00+00:00,213.4,340.05,5.65,8624.69,15.1,1.07,1.06,1020.1,,534037.0,24738760.0,4.74,,,,16.15,16.1,16.05,16.15
2015-03-10 00:00:00+00:00,215.4,343.21,5.6,8704.8,15.2,1.07,1.07,2924.0,,534037.0,24738760.0,4.78,,,,16.35,16.3,16.3,16.6
2015-03-11 00:00:00+00:00,214.8,342.16,5.62,8678.1,15.2,1.07,1.06,1137.2,,534037.0,24738760.0,4.77,,,,16.3,16.25,16.1,16.3
2015-03-12 00:00:00+00:00,212.8,339.0,5.67,8597.99,15.1,1.07,1.05,2069.4,,534037.0,24738760.0,4.72,,,,16.15,16.1,16.0,16.25
2015-03-13 00:00:00+00:00,212.1,337.95,5.69,8571.29,15.0,1.07,1.05,942.4,,534037.0,24738760.0,4.71,,,,16.1,16.05,16.05,16.2
2015-03-16 00:00:00+00:00,212.1,337.95,5.69,8571.29,15.0,1.07,1.05,815.2,,534037.0,24738760.0,4.71,,,,16.1,16.0,16.05,16.15
2015-03-17 00:00:00+00:00,211.5,336.89,5.7,8544.59,15.0,1.07,1.05,1046.4,,534037.0,24738760.0,4.69,,,,16.0,15.95,15.95,16.15
2015-03-18 00:00:00+00:00,210.1,334.79,5.74,8491.18,14.9,1.07,1.04,1351.7,,534037.0,24738760.0,4.66,,,,15.95,15.9,15.9,16.05
2015-03-19 00:00:00+00:00,214.8,342.16,5.62,8678.1,15.2,1.07,1.06,3529.8,,534037.0,24738760.0,4.77,,,,16.25,16.2,15.95,16.3
2015-03-20 00:00:00+00:00,212.1,337.95,6.7,8571.29,15.0,1.07,1.05,1298.0,,534037.0,24738760.0,4.71,,,,16.1,16.05,16.05,16.3
2015-03-23 00:00:00+00:00,214.1,341.1,6.64,8651.39,15.1,1.07,1.06,3232.4,,534037.0,24738760.0,4.75,,,,16.2,16.15,16.15,16.4
2015-03-24 00:00:00+00:00,218.1,347.42,6.52,8811.61,15.4,1.07,1.08,3396.8,,534037.0,24738760.0,4.84,,,,16.5,16.45,16.25,16.5
2015-03-25 00:00:00+00:00,216.1,344.26,6.58,8731.5,15.3,1.07,1.07,1932.1,,534037.0,24738760.0,4.8,,,,16.35,16.3,16.25,16.55
2015-03-26 00:00:00+00:00,216.7,345.32,6.56,8758.2,15.3,1.07,1.07,1687.6,,534037.0,24738760.0,4.81,,,,16.4,16.35,16.2,16.5
2015-03-27 00:00:00+00:00,216.7,345.32,6.56,8758.2,15.3,1.07,1.07,3069.0,,534037.0,24738760.0,4.81,,,,16.45,16.4,16.25,16.5
2015-03-30 00:00:00+00:00,215.4,343.21,6.6,8704.8,13.4,1.21,1.07,1503.0,,534037.0,24738760.0,4.78,,,,16.35,16.3,16.25,16.45
2015-03-31 00:00:00+00:00,214.8,342.16,6.62,8681.18,13.4,1.21,1.06,1882.3,,534227.0,24738760.0,4.77,,,,16.3,16.25,16.2,16.45
2015-04-01 00:00:00+00:00,213.4,340.05,6.66,8627.76,13.3,1.21,1.06,1013.0,,534227.0,24738760.0,4.74,,,,16.2,16.15,16.15,16.3
2015-04-02 00:00:00+00:00,212.8,339.0,6.68,8601.05,13.3,1.21,1.05,1714.2,,534227.0,24738760.0,4.72,,,,16.15,16.1,16.1,16.25
2015-04-03 00:00:00+00:00,212.8,339.0,6.68,8601.05,13.3,1.21,1.05,,,534227.0,24738760.0,4.72,,,,,,,
2015-04-06 00:00:00+00:00,212.8,339.0,6.68,8601.05,13.3,1.21,1.05,,,534227.0,24738760.0,4.72,,,,,,,
2015-04-07 00:00:00+00:00,212.8,339.0,6.68,8601.05,13.3,1.21,1.05,2036.2,,534227.0,24738760.0,4.72,,,,16.1,16.05,16.05,16.2
2015-04-08 00:00:00+00:00,213.4,340.05,6.66,8627.76,13.3,1.21,1.06,1078.3,,534227.0,24738760.0,4.74,,,,16.15,16.1,16.1,16.2
2015-04-09 00:00:00+00:00,213.4,340.05,6.66,8627.76,13.3,1.21,1.06,1748.4,,534227.0,24738760.0,4.74,,,,16.2,16.15,16.1,16.3
2015-04-10 00:00:00+00:00,214.8,342.16,6.62,8681.18,13.4,1.21,1.06,1235.0,,534227.0,24738760.0,4.77,,,,16.25,16.2,16.15,16.25
2015-04-13 00:00:00+00:00,214.8,342.16,6.62,8681.18,13.4,1.21,1.06,1457.2,,534227.0,24738760.0,4.77,,,,16.25,16.2,16.2,16.35
2015-04-14 00:00:00+00:00,214.1,341.1,6.64,8654.47,13.3,1.21,1.06,3935.8,,534227.0,24738760.0,4.75,,,,16.25,16.2,16.2,16.5
2015-04-15 00:00:00+00:00,214.1,341.1,6.64,8654.47,13.3,1.21,1.06,2001.0,,534227.0,24738760.0,4.75,,,,16.2,16.15,16.1,16.25
2015-04-16 00:00:00+00:00,214.8,342.16,6.62,8681.18,13.4,1.21,1.06,4025.8,,534227.0,24738760.0,4.77,,,,16.25,16.2,16.2,16.4
2015-04-17 00:00:00+00:00,213.4,340.05,6.66,8627.76,13.3,1.21,1.06,2213.3,,534227.0,24738760.0,4.74,,,,16.2,16.15,16.1,16.35
2015-04-20 00:00:00+00:00,212.8,339.0,6.68,8601.05,13.3,1.21,1.05,2508.3,,534227.0,24738760.0,4.72,,,,16.15,16.1,16.0,16.2
2015-04-21 00:00:00+00:00,211.5,336.89,6.72,8547.63,13.2,1.21,1.05,3663.7,,534227.0,24738760.0,4.69,,,,16.05,16.0,15.95,16.35
2015-04-22 00:00:00+00:00,210.8,335.84,6.74,8520.91,13.1,1.21,1.04,2188.7,,534227.0,24738760.0,4.68,,,,16.0,15.95,15.85,16.1
2015-04-23 00:00:00+00:00,212.1,337.95,6.7,8574.34,13.2,1.21,1.05,1862.7,,534227.0,24738760.0,4.71,,,,16.1,16.05,15.95,16.15
2015-04-24 00:00:00+00:00,211.5,336.89,6.72,8547.63,13.2,1.21,1.05,1315.1,,534227.0,24738760.0,4.69,,,,16.05,16.0,16.0,16.15
2015-04-27 00:00:00+00:00,211.5,336.89,6.72,8547.63,13.2,1.21,1.05,1982.0,,534227.0,24738760.0,4.69,,,,16.05,16.0,16.0,16.25
2015-04-28 00:00:00+00:00,211.5,336.89,6.72,8547.63,13.2,1.21,1.05,1409.2,,534227.0,24738760.0,4.69,,,,16.05,16.0,15.95,16.1
2015-04-29 00:00:00+00:00,210.1,334.79,6.76,8494.2,13.1,1.21,1.04,1535.5,,534227.0,24738760.0,4.66,,,,15.95,15.9,15.9,16.1
2015-04-30 00:00:00+00:00,210.8,335.84,6.74,8528.62,13.1,1.21,1.04,1032.6,,534710.0,24738760.0,4.68,,,,16.0,15.95,15.85,16.05
2015-05-01 00:00:00+00:00,210.8,335.84,6.74,8528.62,13.1,1.21,1.04,,,534710.0,24738760.0,4.68,,,,,,,
2015-05-04 00:00:00+00:00,208.8,332.68,6.8,8448.41,13.0,1.21,1.03,1203.0,,534710.0,24738760.0,4.63,,,,15.9,15.8,15.8,16.0
2015-05-05 00:00:00+00:00,208.8,332.68,6.8,8448.41,13.0,1.21,1.03,841.8,,534710.0,24738760.0,4.63,,,,15.85,15.8,15.75,15.9
2015-05-06 00:00:00+00:00,211.5,336.89,6.72,8555.36,13.2,1.21,1.05,1508.7,,534710.0,24738760.0,4.69,,,,16.0,15.9,15.7,16.0
2015-05-07 00:00:00+00:00,208.8,332.68,6.8,8448.41,13.0,1.21,1.03,786.6,,534710.0,24738760.0,4.63,,,,15.85,15.8,15.8,16.0
2015-05-08 00:00:00+00:00,207.5,330.58,6.85,8394.94,12.9,1.21,1.03,1234.9,,534710.0,24738760.0,4.6,,,,15.7,15.65,15.65,15.85
2015-05-11 00:00:00+00:00,202.9,323.21,7.0,8207.79,12.6,1.21,1.0,2387.8,,534710.0,24738760.0,4.5,,,,15.35,15.3,15.0,15.8
2015-05-12 00:00:00+00:00,202.9,323.21,7.0,8207.79,12.6,1.21,1.0,2312.7,,534710.0,24738760.0,4.5,,,,15.4,15.35,15.05,15.4
2015-05-13 00:00:00+00:00,205.5,327.42,6.91,8314.74,12.8,1.21,1.02,1569.0,,534710.0,24738760.0,4.56,,,,15.55,15.5,15.25,15.6
2015-05-14 00:00:00+00:00,203.5,324.26,6.98,8234.53,12.7,1.21,1.01,683.5,,534710.0,24738760.0,4.52,,,,15.45,15.4,15.3,15.5
2015-05-15 00:00:00+00:00,204.2,325.31,6.96,8261.27,14.5,1.06,1.01,832.4,,534710.0,24738760.0,4.53,,,,15.45,15.4,15.3,15.5
2015-05-18 00:00:00+00:00,200.2,319.0,7.1,8100.85,14.3,1.06,0.99,1891.6,,534710.0,24738760.0,4.44,,,,15.15,15.1,14.9,15.45
2015-05-19 00:00:00+00:00,202.2,322.15,7.03,8181.06,14.4,1.06,1.0,710.6,,534710.0,24738760.0,4.49,,,,15.3,15.25,15.1,15.35
2015-05-20 00:00:00+00:00,203.5,324.26,6.98,8234.53,14.5,1.06,1.01,744.8,,534710.0,24738760.0,4.52,,,,15.4,15.3,15.2,15.4
2015-05-21 00:00:00+00:00,202.2,322.15,7.03,8181.06,14.4,1.06,1.0,852.9,,534710.0,24738760.0,4.49,,,,15.3,15.25,15.2,15.3
2015-05-22 00:00:00+00:00,203.5,324.26,6.98,8234.53,14.5,1.06,1.01,686.5,,534710.0,24738760.0,4.52,,,,15.4,15.35,15.1,15.45
2015-05-25 00:00:00+00:00,202.2,322.15,7.03,8181.06,14.4,1.06,1.0,431.4,,534710.0,24738760.0,4.49,,,,15.35,15.3,15.3,15.4
2015-05-26 00:00:00+00:00,202.2,322.15,7.03,8181.06,14.4,1.06,1.0,372.9,,534710.0,24738760.0,4.49,,,,15.3,15.25,15.25,15.4
2015-05-27 00:00:00+00:00,202.9,323.21,7.0,8207.79,14.5,1.06,1.0,830.7,,534710.0,24738760.0,4.5,,,,15.35,15.3,15.25,15.4
2015-05-28 00:00:00+00:00,204.8,326.37,6.94,8288.0,14.6,1.06,1.01,916.6,,534710.0,24738760.0,4.55,,,,15.55,15.5,15.4,15.6
2015-05-29 00:00:00+00:00,204.2,325.31,6.96,8261.27,14.5,1.06,1.01,617.8,,534710.0,24738760.0,4.53,,,,15.5,15.45,15.45,15.6
2015-06-01 00:00:00+00:00,200.9,320.05,7.07,8127.59,14.3,1.06,0.99,637.4,,534710.0,24738760.0,4.46,,,,15.3,15.2,15.15,15.45
2015-06-02 00:00:00+00:00,202.2,322.15,7.03,8181.06,14.4,1.06,1.0,651.8,,534710.0,24738760.0,4.49,,,,15.3,15.25,15.1,15.4
2015-06-03 00:00:00+00:00,201.5,321.1,7.05,8154.32,14.4,1.06,1.0,931.4,,534710.0,24738760.0,4.47,,,,15.35,15.25,15.25,15.55
2015-06-04 00:00:00+00:00,199.6,317.94,7.12,8074.12,14.2,1.06,0.99,960.0,,534710.0,24738760.0,4.43,,,,15.15,15.1,15.1,15.4
2015-06-05 00:00:00+00:00,198.2,315.84,7.17,8020.64,14.1,1.06,0.98,1704.3,,534710.0,24738760.0,4.4,,,,15.05,15.0,14.9,15.2
2015-06-08 00:00:00+00:00,198.2,315.84,7.17,8020.64,14.1,1.06,0.98,692.3,,534710.0,24738760.0,4.4,,,,15.0,14.95,14.85,15.1
2015-06-09 00:00:00+00:00,186.3,296.89,7.63,7539.41,13.3,1.06,0.92,2211.3,,534710.0,24738760.0,4.14,,,,14.1,14.05,14.05,14.95
2015-06-10 00:00:00+00:00,192.3,306.36,7.39,7780.02,13.7,1.06,0.95,844.8,,534710.0,24738760.0,4.27,,,,14.55,14.5,14.3,14.6
2015-06-11 00:00:00+00:00,191.0,304.26,7.44,7726.55,13.6,1.06,0.95,580.0,,534710.0,24738760.0,4.24,,,,14.5,14.45,14.35,14.65
2015-06-12 00:00:00+00:00,189.6,302.15,7.49,7673.08,13.5,1.06,0.94,765.0,,534710.0,24738760.0,4.21,,,,14.4,14.35,14.3,14.55
2015-06-15 00:00:00+00:00,191.0,304.26,7.44,7726.55,13.6,1.06,0.95,373.6,,534710.0,24738760.0,4.24,,,,14.45,14.4,14.3,14.45
2015-06-16 00:00:00+00:00,189.0,301.1,7.52,7646.35,13.5,1.06,0.94,421.0,,534710.0,24738760.0,4.19,,,,14.35,14.3,14.25,14.45
2015-06-17 00:00:00+00:00,191.0,304.26,7.44,7726.55,13.6,1.06,0.95,771.6,,534710.0,24738760.0,4.24,,,,14.45,14.35,14.2,14.45
2015-06-18 00:00:00+00:00,191.6,305.31,7.41,7753.29,13.7,1.06,0.95,732.9,,534710.0,24738760.0,4.25,,,,14.55,14.5,14.3,14.65
2015-06-19 00:00:00+00:00,191.6,305.31,7.41,7753.29,13.7,1.06,0.95,,,534710.0,24738760.0,4.25,,,,,,,
2015-06-22 00:00:00+00:00,194.3,309.52,7.31,7860.23,13.8,1.06,0.96,696.5,,534710.0,24738760.0,4.31,,,,14.7,14.65,14.55,14.7
2015-06-23 00:00:00+00:00,195.6,311.63,7.26,7913.7,13.9,1.06,0.97,782.1,,534710.0,24738760.0,4.34,,,,14.85,14.8,14.65,14.85
2015-06-24 00:00:00+00:00,194.3,309.52,7.31,7860.23,13.8,1.06,0.96,480.0,,534710.0,24738760.0,4.31,,,,14.75,14.7,14.65,14.85
2015-06-25 00:00:00+00:00,194.9,310.57,7.29,7886.97,13.9,1.06,0.97,405.0,,534710.0,24738760.0,4.33,,,,14.8,14.75,14.7,14.85
2015-06-26 00:00:00+00:00,194.9,310.57,7.29,7886.97,13.9,1.06,0.97,447.1,,534710.0,24738760.0,4.33,,,,14.75,14.7,14.7,14.85
2015-06-29 00:00:00+00:00,193.0,307.42,7.36,7806.76,13.7,1.06,0.96,772.9,,534710.0,24738760.0,4.28,,,,14.6,14.55,14.55,14.7
2015-06-30 00:00:00+00:00,194.3,309.52,7.31,7862.61,13.8,1.06,0.96,508.0,,534872.0,24738760.0,4.31,,,,14.75,14.7,14.6,14.8
2015-07-01 00:00:00+00:00,196.9,313.73,7.22,7969.59,14.0,1.06,0.98,931.0,,534872.0,24738760.0,4.37,,,,14.9,14.85,14.7,14.95
2015-07-02 00:00:00+00:00,196.9,313.73,7.22,7969.59,14.0,1.06,0.98,486.8,,534872.0,24738760.0,4.37,,,,14.95,14.9,14.85,15.0
2015-07-03 00:00:00+00:00,196.9,313.73,7.22,7969.59,14.0,1.06,0.98,905.5,,534872.0,24738760.0,4.37,,,,14.95,14.85,14.8,15.0
2015-07-06 00:00:00+00:00,194.3,309.52,7.31,7862.61,13.8,1.06,0.96,653.8,,534872.0,24738760.0,4.31,,,,14.7,14.65,14.7,14.8
2015-07-07 00:00:00+00:00,195.6,311.63,7.26,7916.1,13.9,1.06,0.97,1359.0,,534872.0,24738760.0,4.34,,,,14.85,14.8,14.7,14.85
2015-07-08 00:00:00+00:00,189.0,301.1,7.52,7648.66,13.5,1.06,0.94,2714.3,,534872.0,24738760.0,4.19,,,,14.35,14.3,14.3,14.75
2015-07-09 00:00:00+00:00,175.8,302.68,8.08,7113.79,12.5,1.06,0.87,2081.7,,534872.0,24738760.0,3.9,,,,13.35,13.3,12.7,13.35
2015-07-10 00:00:00+00:00,175.8,302.68,8.08,7113.79,12.5,1.06,0.87,,,534872.0,24738760.0,3.9,,,,,,,
2015-07-13 00:00:00+00:00,178.4,307.23,7.96,7220.77,12.7,1.06,0.88,1171.4,,534872.0,24738760.0,3.96,,,,13.5,13.45,13.45,13.65
2015-07-14 00:00:00+00:00,177.1,304.96,8.02,7167.28,12.6,1.06,0.88,1574.7,,534872.0,24738760.0,3.93,,,,13.45,13.4,13.4,13.7
2015-07-15 00:00:00+00:00,177.8,306.09,7.99,7194.02,12.7,1.06,0.88,786.1,,534872.0,24738760.0,3.94,,,,13.5,13.45,13.3,13.55
2015-07-16 00:00:00+00:00,178.4,307.23,7.96,7220.77,12.7,1.06,0.88,776.5,,534872.0,24738760.0,3.96,,,,13.5,13.45,13.4,13.55
2015-07-17 00:00:00+00:00,178.4,307.23,7.96,7220.77,12.7,1.06,0.88,364.2,,534872.0,24738760.0,3.96,,,,13.55,13.5,13.45,13.6
2015-07-20 00:00:00+00:00,179.1,308.37,7.93,7247.51,12.8,1.06,0.89,393.3,,534872.0,24738760.0,3.97,,,,13.6,13.5,13.45,13.65
2015-07-21 00:00:00+00:00,177.8,306.09,7.99,7194.02,12.7,1.06,0.88,489.4,,534872.0,24738760.0,3.94,,,,13.5,13.45,13.4,13.55
2015-07-22 00:00:00+00:00,175.8,302.68,8.08,7113.79,12.5,1.06,0.87,554.4,,534872.0,24738760.0,3.9,,,,13.35,13.3,13.3,13.45
2015-07-23 00:00:00+00:00,173.1,298.13,8.21,7006.82,12.3,1.06,0.86,571.3,,534872.0,24738760.0,3.84,,,,13.15,13.1,13.05,13.3
2015-07-24 00:00:00+00:00,171.1,294.72,8.3,6926.59,12.2,1.06,0.85,604.2,,534872.0,24738760.0,3.8,,,,13.0,12.95,12.9,13.15
2015-07-27 00:00:00+00:00,166.5,286.75,8.53,6739.38,11.9,1.06,0.82,1608.6,,534872.0,24738760.0,3.7,,,,12.65,12.6,12.4,13.0
2015-07-28 00:00:00+00:00,168.5,290.16,8.43,6819.61,12.0,1.06,0.83,615.1,,534872.0,24738760.0,3.74,,,,12.8,12.75,12.6,12.85
2015-07-29 00:00:00+00:00,168.5,290.16,8.43,6819.61,12.0,1.06,0.83,728.6,,534872.0,24738760.0,3.74,,,,12.8,12.75,12.65,12.9
2015-07-30 00:00:00+00:00,171.1,294.72,8.3,6926.59,12.2,1.06,0.85,538.3,,534872.0,24738760.0,3.8,,,,12.95,12.9,12.8,12.95
2015-07-31 00:00:00+00:00,172.5,296.99,8.24,6980.07,12.3,1.06,0.85,445.4,,534872.0,24738760.0,3.83,,,,13.05,13.0,12.85,13.1
2015-08-03 00:00:00+00:00,171.8,295.85,8.27,6953.33,12.2,1.06,0.85,408.3,,534872.0,24738760.0,3.81,,,,13.0,12.95,12.85,13.1
2015-08-04 00:00:00+00:00,169.2,291.3,8.4,6846.36,12.1,1.06,0.84,603.9,,534872.0,24738760.0,3.75,,,,12.85,12.8,12.8,13.1
2015-08-05 00:00:00+00:00,173.1,298.13,8.21,7006.82,12.3,1.06,0.86,1405.7,,534872.0,24738760.0,3.84,,,,13.15,13.1,12.7,13.15
2015-08-06 00:00:00+00:00,169.8,292.44,8.37,6873.1,12.1,1.06,0.84,499.7,,534872.0,24738760.0,3.77,,,,12.9,12.85,12.8,13.1
2015-08-07 00:00:00+00:00,170.5,293.58,8.33,6899.84,12.1,1.06,0.84,436.3,,534872.0,24738760.0,3.78,,,,12.9,12.85,12.6,12.95
2015-08-10 00:00:00+00:00,172.5,296.99,8.24,6980.07,12.3,1.06,0.85,646.4,,534872.0,24738760.0,3.83,,,,13.1,13.05,12.95,13.2
2015-08-11 00:00:00+00:00,171.1,294.72,8.3,6926.59,12.2,1.06,0.85,1021.7,,534872.0,24738760.0,3.8,,,,13.0,12.95,12.9,13.15
2015-08-12 00:00:00+00:00,175.1,301.54,8.11,7087.05,12.5,1.06,0.87,1912.1,,534872.0,24738760.0,3.89,,,,13.3,13.25,13.2,13.4
2015-08-13 00:00:00+00:00,177.1,304.96,8.02,7167.28,12.6,1.06,0.88,965.1,,534872.0,24738760.0,3.93,,,,13.45,13.4,13.25,13.45
2015-08-14 00:00:00+00:00,178.4,307.23,7.96,7220.77,12.7,1.06,0.88,481.9,,534872.0,24738760.0,3.96,,,,13.5,13.45,13.3,13.5
2015-08-17 00:00:00+00:00,182.4,314.06,7.79,7381.23,11.5,1.19,0.9,1013.7,,534872.0,24738760.0,4.05,,,,13.8,13.75,13.45,13.8
2015-08-18 00:00:00+00:00,181.1,311.78,7.85,7327.74,11.5,1.19,0.9,2800.9,,534872.0,24738760.0,4.02,,,,13.75,13.7,13.7,14.0
2015-08-19 00:00:00+00:00,178.4,307.23,7.96,7220.77,11.3,1.19,0.88,1372.6,,534872.0,24738760.0,3.96,,,,13.6,13.5,13.5,13.8
2015-08-20 00:00:00+00:00,180.4,310.65,7.88,7301.0,11.4,1.19,0.89,972.7,,534872.0,24738760.0,4.0,,,,13.75,13.65,13.45,13.85
2015-08-21 00:00:00+00:00,181.7,312.92,7.82,7354.48,11.5,1.19,0.9,1892.6,,534872.0,24738760.0,4.03,,,,13.75,13.7,13.5,13.9
2015-08-24 00:00:00+00:00,169.8,292.44,8.37,6873.1,10.8,1.19,0.84,4740.9,,534872.0,24738760.0,3.77,,,,12.85,12.75,12.4,13.85
2015-08-25 00:00:00+00:00,172.5,296.99,8.24,6980.07,10.9,1.19,0.85,1562.1,,534872.0,24738760.0,3.83,,,,13.1,13.05,12.5,13.15
2015-08-26 00:00:00+00:00,173.1,298.13,8.21,7006.82,11.0,1.19,0.86,1043.4,,534872.0,24738760.0,3.84,,,,13.15,13.1,12.8,13.15
2015-08-27 00:00:00+00:00,178.4,307.23,7.96,7220.77,11.3,1.19,0.88,2162.3,,534872.0,24738760.0,3.96,,,,13.55,13.5,13.35,13.65
2015-08-28 00:00:00+00:00,179.1,308.37,7.93,7247.51,11.3,1.19,0.89,1689.5,,534872.0,24738760.0,3.97,,,,13.55,13.5,13.55,13.8
2015-08-31 00:00:00+00:00,181.7,312.92,7.82,7354.48,11.5,1.19,0.9,1532.1,,534872.0,24738760.0,4.03,,,,13.8,13.75,13.55,13.85
2015-09-01 00:00:00+00:00,183.0,315.2,7.76,7407.97,11.6,1.19,0.91,1516.1,,534872.0,24738760.0,4.06,,,,13.9,13.85,13.75,14.05
2015-09-02 00:00:00+00:00,183.0,315.2,7.76,7407.97,11.6,1.19,0.91,1229.6,,534872.0,24738760.0,4.06,,,,13.85,13.8,13.5,13.85
2015-09-03 00:00:00+00:00,184.4,317.47,7.71,7461.46,11.7,1.19,0.91,1828.8,,534872.0,24738760.0,4.09,,,,13.95,13.9,13.75,14.0
2015-09-04 00:00:00+00:00,180.4,310.65,7.88,7301.0,11.4,1.19,0.89,1049.9,,534872.0,24738760.0,4.0,,,,13.7,13.65,13.65,14.0
2015-09-07 00:00:00+00:00,180.4,310.65,7.88,7301.0,11.4,1.19,0.89,659.2,,534872.0,24738760.0,4.0,,,,13.7,13.65,13.55,13.75
2015-09-08 00:00:00+00:00,180.4,310.65,7.88,7301.0,11.4,1.19,0.89,422.7,,534872.0,24738760.0,4.0,,,,13.7,13.65,13.6,13.9
2015-09-09 00:00:00+00:00,183.7,316.34,7.73,7434.71,11.6,1.19,0.91,1317.2,,534872.0,24738760.0,4.08,,,,13.95,13.9,13.75,13.95
2015-09-10 00:00:00+00:00,189.0,325.44,7.52,7648.66,12.0,1.19,0.94,2873.4,,534872.0,24738760.0,4.19,,,,14.3,14.25,13.95,14.4
2015-09-11 00:00:00+00:00,190.3,327.71,7.47,7702.15,12.1,1.19,0.94,1799.4,,534872.0,24738760.0,4.22,,,,14.4,14.35,14.3,14.5
2015-09-14 00:00:00+00:00,186.3,320.89,7.63,7541.69,11.8,1.19,0.92,1655.0,,534872.0,24738760.0,4.14,,,,14.15,14.1,14.05,14.45
2015-09-15 00:00:00+00:00,187.7,323.16,7.57,7595.18,11.9,1.19,0.93,732.4,,534872.0,24738760.0,4.16,,,,14.25,14.2,14.1,14.35
2015-09-16 00:00:00+00:00,189.0,325.44,7.52,7648.66,12.0,1.19,0.94,939.6,,534872.0,24738760.0,4.19,,,,14.3,14.25,14.15,14.4
2015-09-17 00:00:00+00:00,189.0,325.44,7.52,7648.66,12.0,1.19,0.94,1401.3,,534872.0,24738760.0,4.19,,,,14.35,14.3,14.25,14.4
2015-09-18 00:00:00+00:00,191.6,329.99,7.41,7755.64,12.1,1.19,0.95,2746.9,,534872.0,24738760.0,4.25,,,,14.5,14.45,14.25,14.65
2015-09-21 00:00:00+00:00,194.3,334.54,7.31,7862.61,12.3,1.19,0.96,2038.9,,534872.0,24738760.0,4.31,,,,14.75,14.7,14.3,14.8
2015-09-22 00:00:00+00:00,198.2,341.37,7.17,8023.07,12.6,1.19,0.98,2465.7,,534872.0,24738760.0,4.4,,,,15.0,14.95,14.7,15.0
2015-09-23 00:00:00+00:00,198.2,341.37,7.17,8023.07,12.6,1.19,0.98,3017.3,,534872.0,24738760.0,4.4,,,,15.0,14.95,14.85,15.15
2015-09-24 00:00:00+00:00,196.9,339.09,7.22,7969.59,12.5,1.19,0.98,3061.4,,534872.0,24738760.0,4.37,,,,14.95,14.9,14.75,15.25
2015-09-25 00:00:00+00:00,196.9,339.09,7.22,7969.59,12.5,1.19,0.98,1375.7,,534872.0,24738760.0,4.37,,,,14.9,14.85,14.85,15.1
2015-09-28 00:00:00+00:00,196.9,339.09,7.22,7969.59,12.5,1.19,0.98,,,534872.0,24738760.0,4.37,,,,,,,
2015-09-29 00:00:00+00:00,196.9,339.09,7.22,7969.59,12.5,1.19,0.98,,,534872.0,24738760.0,4.37,,,,,,,
2015-09-30 00:00:00+00:00,204.2,351.61,6.96,8263.77,12.9,1.19,1.01,3788.8,,534872.0,24738760.0,4.53,,,,15.5,15.45,14.75,15.55
2015-10-01 00:00:00+00:00,204.8,352.75,6.94,8290.51,13.0,1.19,1.01,2145.9,,534872.0,24738760.0,4.55,,,,15.55,15.5,15.4,15.7
2015-10-02 00:00:00+00:00,206.8,356.16,6.87,8370.74,13.1,1.19,1.02,2701.1,,534872.0,24738760.0,4.59,,,,15.7,15.65,15.35,15.85
2015-10-05 00:00:00+00:00,208.2,358.44,6.83,8424.23,13.2,1.19,1.03,1947.8,,534872.0,24738760.0,4.62,,,,15.8,15.75,15.7,15.95
2015-10-06 00:00:00+00:00,208.8,359.58,6.8,8450.97,13.2,1.19,1.03,1763.9,,534872.0,24738760.0,4.63,,,,15.85,15.8,15.65,16.0
2015-10-07 00:00:00+00:00,210.1,361.85,6.76,8504.46,13.3,1.19,1.04,1634.8,,534872.0,24738760.0,4.66,,,,15.95,15.9,15.8,16.0
2015-10-08 00:00:00+00:00,206.2,355.02,6.89,8344.0,13.1,1.19,1.02,2118.0,,534872.0,24738760.0,4.58,,,,15.65,15.6,15.5,16.0
2015-10-09 00:00:00+00:00,206.2,355.02,6.89,8344.0,13.1,1.19,1.02,,,534872.0,24738760.0,4.58,,,,,,,
2015-10-12 00:00:00+00:00,214.1,368.68,6.64,8664.92,13.6,1.19,1.06,4968.1,,534872.0,24738760.0,4.75,,,,16.25,16.2,16.0,16.4
2015-10-13 00:00:00+00:00,220.7,380.06,6.44,8932.36,14.0,1.19,1.09,5591.7,,534872.0,24738760.0,4.9,,,,16.7,16.65,16.3,16.7
2015-10-14 00:00:00+00:00,220.0,378.92,6.46,8905.61,13.9,1.19,1.09,4299.3,,534872.0,24738760.0,4.88,,,,16.7,16.65,16.6,16.95
2015-10-15 00:00:00+00:00,224.7,386.89,6.32,9092.82,14.2,1.19,1.11,6129.8,,534872.0,24738760.0,4.99,,,,17.0,16.95,16.7,17.2
2015-10-16 00:00:00+00:00,225.3,388.02,6.31,9119.56,14.3,1.19,1.12,5118.8,,534872.0,24738760.0,5.0,,,,17.05,17.0,16.75,17.2
2015-10-19 00:00:00+00:00,224.7,386.89,6.32,9092.82,14.2,1.19,1.11,3678.9,,534872.0,24738760.0,4.99,,,,17.05,17.0,16.85,17.2
2015-10-20 00:00:00+00:00,233.9,402.82,6.07,9467.23,14.8,1.19,1.16,11560.6,,534872.0,24738760.0,5.19,,,,17.75,17.7,17.2,18.1
2015-10-21 00:00:00+00:00,243.2,418.75,5.84,9841.64,15.4,1.19,1.2,11906.6,,534872.0,24738760.0,5.4,,,,18.4,18.35,17.9,18.6
2015-10-22 00:00:00+00:00,245.2,422.16,5.8,9921.87,15.5,1.19,1.21,10699.5,,534872.0,24738760.0,5.44,,,,18.6,18.55,18.35,18.95
2015-10-23 00:00:00+00:00,251.1,432.4,5.66,10162.56,15.9,1.19,1.24,12230.6,,534872.0,24738760.0,5.57,,,,19.0,18.95,18.7,19.1
2015-10-26 00:00:00+00:00,264.3,455.16,5.38,10697.43,16.7,1.19,1.31,15325.9,,534872.0,24738760.0,5.87,,,,20.0,19.95,19.4,20.3
2015-10-27 00:00:00+00:00,267.6,460.85,5.31,10831.15,16.9,1.19,1.33,13655.4,,534872.0,24738760.0,5.94,,,,20.3,20.25,19.7,20.45
2015-10-28 00:00:00+00:00,267.0,459.71,5.32,10804.41,16.9,1.19,1.32,10845.7,,534872.0,24738760.0,5.92,,,,20.2,20.15,19.85,20.65
2015-10-29 00:00:00+00:00,257.7,443.78,5.51,10430.0,16.3,1.19,1.28,11524.6,,534872.0,24738760.0,5.72,,,,19.5,19.45,19.35,20.45
2015-10-30 00:00:00+00:00,269.6,464.26,5.27,10911.38,17.1,1.19,1.33,15992.7,,534872.0,24738760.0,5.98,,,,20.4,20.35,19.3,20.6
2015-11-02 00:00:00+00:00,275.6,474.5,5.16,11166.82,17.4,1.19,1.36,11536.7,,535579.0,24738760.0,6.12,,,,20.9,20.85,20.5,21.1
2015-11-03 00:00:00+00:00,264.3,455.16,5.38,10711.57,16.7,1.19,1.31,12079.8,,535579.0,24738760.0,5.87,,,,20.05,20.0,19.85,20.7
2015-11-04 00:00:00+00:00,272.2,468.81,5.22,11032.93,17.2,1.19,1.35,16276.3,,535579.0,24738760.0,6.04,,,,20.65,20.6,20.15,20.95
2015-11-05 00:00:00+00:00,293.4,505.23,4.84,11889.85,18.6,1.19,1.45,31638.6,,535579.0,24738760.0,6.51,,,,22.25,22.2,20.9,22.65
2015-11-06 00:00:00+00:00,303.3,522.3,4.68,12291.53,19.2,1.19,1.5,22240.5,,535579.0,24738760.0,6.73,,,,22.95,22.9,21.75,23.05
2015-11-09 00:00:00+00:00,304.0,523.43,4.67,12318.31,19.2,1.19,1.51,26500.4,,535579.0,24738760.0,6.75,,,,23.05,23.0,22.05,23.8
2015-11-10 00:00:00+00:00,296.7,510.92,4.79,12023.74,18.8,1.19,1.47,14798.1,,535579.0,24738760.0,6.58,,,,22.5,22.45,21.5,22.65
2015-11-11 00:00:00+00:00,296.0,509.78,4.8,11996.96,18.7,1.19,1.47,13298.1,,535579.0,24738760.0,6.57,,,,22.45,22.4,22.4,23.25
2015-11-12 00:00:00+00:00,300.7,517.74,4.73,12184.41,19.0,1.19,1.49,15540.8,,535579.0,24738760.0,6.67,,,,22.75,22.7,21.5,22.95
2015-11-13 00:00:00+00:00,325.1,559.85,4.37,13175.24,13.8,1.79,1.61,46294.0,,535579.0,24738760.0,7.21,,,,24.65,24.6,22.7,25.0
2015-11-16 00:00:00+00:00,356.8,614.47,3.98,14460.63,15.1,1.79,1.77,32611.6,,535579.0,24738760.0,7.92,,,,27.0,26.95,24.5,27.0
2015-11-17 00:00:00+00:00,348.9,600.81,4.07,14139.27,14.8,1.79,1.73,24593.8,,535579.0,24738760.0,7.74,,,,26.45,26.4,26.0,26.85
2015-11-18 00:00:00+00:00,337.0,580.33,4.22,13657.26,14.3,1.79,1.67,24735.8,,535579.0,24738760.0,7.48,,,,25.55,25.5,25.15,26.35
2015-11-19 00:00:00+00:00,343.6,591.71,4.14,13925.05,14.6,1.79,1.7,18972.3,,535579.0,24738760.0,7.63,,,,26.0,25.95,25.75,26.55
2015-11-20 00:00:00+00:00,344.9,593.98,4.12,13978.61,14.6,1.79,1.71,16207.5,,535579.0,24738760.0,7.65,,,,26.1,26.05,25.35,26.3
2015-11-23 00:00:00+00:00,331.1,570.09,4.29,13416.25,14.0,1.79,1.64,28863.1,,535579.0,24738760.0,7.35,,,,25.1,25.05,25.05,27.2
2015-11-24 00:00:00+00:00,339.0,583.74,4.19,13737.59,14.4,1.79,1.68,26106.1,,535579.0,24738760.0,7.52,,,,25.65,25.6,24.2,26.0
2015-11-25 00:00:00+00:00,372.7,641.77,3.81,15103.32,15.8,1.79,1.85,42952.7,,535579.0,24738760.0,8.27,,,,28.2,28.15,26.4,28.2
2015-11-26 00:00:00+00:00,370.0,637.22,3.84,14996.21,15.7,1.79,1.83,24413.4,,535579.0,24738760.0,8.21,,,,28.05,28.0,27.6,28.95
2015-11-27 00:00:00+00:00,362.8,624.71,3.92,14701.64,15.4,1.79,1.8,13078.9,,535579.0,24738760.0,8.05,,,,27.45,27.4,27.0,27.7
2015-11-30 00:00:00+00:00,360.1,620.16,3.95,14620.16,15.3,1.79,1.78,12538.1,,536520.0,24738760.0,7.99,,,,27.3,27.25,26.85,28.2
2015-12-01 00:00:00+00:00,366.1,630.4,3.88,14861.59,15.5,1.79,1.81,9625.4,,536520.0,24738760.0,8.12,,,,27.7,27.65,27.05,27.9
2015-12-02 00:00:00+00:00,371.4,639.5,3.83,15076.21,15.7,1.79,1.84,20951.2,,536520.0,24738760.0,8.24,,,,28.15,28.1,27.7,29.7
2015-12-03 00:00:00+00:00,368.7,634.95,3.85,14968.9,15.6,1.79,1.83,8975.8,,536520.0,24738760.0,8.18,,,,27.95,27.9,27.5,28.35
2015-12-04 00:00:00+00:00,368.7,634.95,3.85,14968.9,15.6,1.79,1.83,6344.2,,536520.0,24738760.0,8.18,,,,27.95,27.9,27.7,28.25
2015-12-07 00:00:00+00:00,374.0,644.05,3.8,15183.51,15.8,1.79,1.85,5954.8,,536520.0,24738760.0,8.3,,,,28.3,28.25,28.0,28.5
2015-12-08 00:00:00+00:00,383.3,659.98,3.71,15559.07,16.2,1.79,1.9,14275.7,,536520.0,24738760.0,8.51,,,,29.0,28.95,28.35,29.75
2015-12-09 00:00:00+00:00,362.8,624.71,3.92,14727.46,15.4,1.79,1.8,12469.7,,536520.0,24738760.0,8.05,,,,27.5,27.45,27.25,29.0
2015-12-10 00:00:00+00:00,380.6,655.43,3.73,15451.77,16.1,1.79,1.88,17547.1,,536520.0,24738760.0,8.45,,,,28.8,28.75,28.0,29.2
2015-12-11 00:00:00+00:00,368.1,633.81,3.86,14942.08,15.6,1.79,1.82,9304.5,,536520.0,24738760.0,8.17,,,,27.9,27.85,27.85,29.5
2015-12-14 00:00:00+00:00,354.2,609.91,4.01,14378.73,15.0,1.79,1.75,16213.7,,536520.0,24738760.0,7.86,,,,26.8,26.75,26.35,27.45
2015-12-15 00:00:00+00:00,384.6,662.26,3.69,15612.73,16.3,1.79,1.9,16473.0,,536520.0,24738760.0,8.53,,,,29.1,29.05,27.15,29.4
2015-12-16 00:00:00+00:00,422.9,728.26,3.36,17168.63,17.9,1.79,2.09,36337.6,,536520.0,24738760.0,9.39,,,,,32.0,28.9,32.0
2015-12-17 00:00:00+00:00,425.6,732.81,3.34,17275.93,18.0,1.79,2.11,19916.0,3.18,536520.0,24738760.0,9.44,10.928,3.18,9.15,32.2,32.15,31.1,32.4
2015-12-18 00:00:00+00:00,425.6,732.81,3.34,17275.93,18.0,1.79,2.11,13738.2,3.18,536520.0,24738760.0,9.44,10.928,3.18,9.15,32.2,32.1,31.25,32.55
2015-12-21 00:00:00+00:00,417.6,719.15,3.4,16954.03,17.7,1.79,2.07,8572.6,3.18,536520.0,24738760.0,9.27,10.928,3.18,9.15,31.65,31.6,31.4,32.45
2015-12-22 00:00:00+00:00,409.7,705.5,3.47,16632.11,17.4,1.79,2.03,7450.6,3.18,536520.0,24738760.0,9.09,10.928,3.18,9.15,31.05,31.0,30.8,31.95
2015-12-23 00:00:00+00:00,430.2,740.77,3.3,17463.72,18.2,1.79,2.13,20221.9,3.18,536520.0,24738760.0,9.55,10.928,3.18,9.15,32.6,32.55,31.3,33.55
2015-12-24 00:00:00+00:00,418.9,721.43,3.39,17007.67,17.7,1.79,2.07,7642.2,3.18,536520.0,24738760.0,9.3,10.928,3.18,9.15,31.75,31.7,31.2,32.8
2015-12-25 00:00:00+00:00,422.9,728.26,3.36,17168.63,17.9,1.79,2.09,4067.6,3.18,536520.0,24738760.0,9.39,10.928,3.18,9.15,32.0,31.95,31.05,32.15
2015-12-28 00:00:00+00:00,420.3,723.7,3.38,17061.33,17.8,1.79,2.08,3000.1,3.18,536520.0,24738760.0,9.33,10.928,3.18,9.15,31.85,31.8,31.6,32.25
2015-12-29 00:00:00+00:00,407.7,702.08,3.49,16551.64,17.3,1.79,2.02,5708.8,3.18,536520.0,24738760.0,9.05,10.928,3.18,9.15,30.9,30.85,30.6,31.8
2015-12-30 00:00:00+00:00,412.3,710.05,3.45,16739.41,17.5,1.79,2.04,6052.2,3.18,536520.0,24738760.0,9.15,10.928,3.18,9.15,31.35,31.2,30.8,31.95
2015-12-31 00:00:00+00:00,422.2,727.12,3.37,17154.43,17.9,1.79,2.09,4838.6,3.18,536915.0,24738760.0,9.37,10.928,3.18,9.15,31.95,31.9,31.15,32.15
2016-01-01 00:00:00+00:00,422.2,727.12,3.37,17154.43,17.9,1.79,1.97,,3.18,536915.0,29368753.0,6.27,10.928,3.18,9.15,,,,
2016-01-04 00:00:00+00:00,422.2,727.12,3.37,17154.43,17.9,1.79,1.97,5044.1,3.18,536915.0,29368753.0,6.27,10.928,3.18,9.15,32.0,31.95,31.6,32.45
2016-01-05 00:00:00+00:00,439.4,756.7,3.23,17852.42,18.6,1.79,2.05,12820.3,3.18,536915.0,29368753.0,6.53,10.928,3.18,9.15,33.3,33.25,31.45,34.0
2016-01-06 00:00:00+00:00,466.5,803.36,3.05,18953.09,19.8,1.79,2.18,20475.7,3.18,536915.0,29368753.0,6.93,10.928,3.18,9.15,35.3,35.2,33.2,35.95
2016-01-07 00:00:00+00:00,431.5,743.05,3.29,17530.26,18.3,1.79,2.01,18553.1,3.18,536915.0,29368753.0,6.41,10.928,3.18,9.15,32.7,32.65,31.8,35.05
2016-01-08 00:00:00+00:00,442.7,762.39,3.21,17986.64,18.8,1.79,2.07,15056.5,3.18,536915.0,29368753.0,6.58,10.928,3.18,9.15,33.55,33.5,31.35,33.75
2016-01-11 00:00:00+00:00,438.1,754.43,3.24,17798.72,18.6,1.79,2.04,11220.1,3.18,536915.0,29368753.0,6.51,10.928,3.18,9.15,33.2,33.15,32.15,34.35
2016-01-12 00:00:00+00:00,420.9,724.84,3.38,17100.74,17.8,1.79,1.96,10595.5,3.18,536915.0,29368753.0,6.25,10.928,3.18,9.15,32.0,31.85,31.65,33.8
2016-01-13 00:00:00+00:00,432.2,744.19,3.29,17557.11,18.3,1.79,2.02,8026.8,3.18,536915.0,29368753.0,6.42,10.928,3.18,9.15,32.75,32.7,32.4,33.2
2016-01-14 00:00:00+00:00,410.4,706.64,3.46,16671.2,17.4,1.79,1.91,11861.9,3.18,536915.0,29368753.0,6.1,9.984,3.18,10.02,31.1,31.05,30.5,32.15
2016-01-15 00:00:00+00:00,386.6,665.67,3.68,15704.75,16.4,1.79,1.8,15890.7,3.18,536915.0,29368753.0,5.74,9.984,3.18,10.02,29.3,29.25,29.2,31.85
2016-01-18 00:00:00+00:00,424.9,731.67,3.34,17261.81,18.0,1.79,1.98,15249.9,3.18,536915.0,29368753.0,6.31,9.984,3.18,10.02,,32.15,29.1,32.15
2016-01-19 00:00:00+00:00,462.6,796.53,3.07,18792.02,19.6,1.79,2.16,20517.9,3.18,536915.0,29368753.0,6.87,9.984,3.18,10.02,35.0,34.95,32.7,35.3
2016-01-20 00:00:00+00:00,428.2,737.36,3.32,17396.04,18.1,1.79,2.0,13228.6,3.18,536915.0,29368753.0,6.36,9.984,3.18,10.02,32.45,32.4,32.1,35.0
2016-01-21 00:00:00+00:00,449.3,773.77,3.16,18255.1,19.0,1.79,2.1,16555.3,3.18,536915.0,29368753.0,6.68,9.984,3.18,10.02,34.05,34.0,32.45,34.65
2016-01-22 00:00:00+00:00,449.3,773.77,3.16,18255.1,19.0,1.79,2.1,14031.9,3.18,536915.0,29368753.0,6.68,9.984,3.18,10.02,34.0,33.95,33.1,35.55
2016-01-25 00:00:00+00:00,459.9,791.98,3.09,18684.64,19.5,1.79,2.15,10096.2,3.18,536915.0,29368753.0,6.83,9.984,3.18,10.02,34.8,34.75,33.6,35.35
2016-01-26 00:00:00+00:00,465.9,802.22,3.05,18926.25,19.7,1.79,2.17,15245.3,3.18,536915.0,29368753.0,6.92,9.984,3.18,10.02,35.35,35.25,34.6,36.25
2016-01-27 00:00:00+00:00,480.4,827.25,2.96,19516.86,20.3,1.79,2.24,14597.7,3.18,536915.0,29368753.0,7.14,9.984,3.18,10.02,36.4,36.35,34.75,36.45
2016-01-28 00:00:00+00:00,470.5,810.18,3.02,19114.17,19.9,1.79,2.19,11704.2,3.18,536915.0,29368753.0,6.99,9.984,3.18,10.02,35.6,35.55,35.55,36.7
2016-01-29 00:00:00+00:00,449.3,773.77,3.16,18255.1,19.0,1.79,2.1,13133.0,3.18,536915.0,29368753.0,6.68,9.984,3.18,10.02,34.05,34.0,33.85,35.6
2016-02-01 00:00:00+00:00,433.5,746.46,3.28,17623.76,18.4,1.79,2.02,12538.7,3.18,537310.0,29368753.0,6.44,9.984,3.18,10.02,32.85,32.8,32.8,33.95
2016-02-02 00:00:00+00:00,432.2,744.19,3.29,17570.03,18.3,1.79,2.02,10767.2,3.18,537310.0,29368753.0,6.42,9.984,3.18,10.02,32.7,32.65,32.6,33.75
2016-02-03 00:00:00+00:00,439.4,756.7,3.23,17865.55,18.6,1.79,2.05,8091.0,3.18,537310.0,29368753.0,6.53,9.984,3.18,10.02,33.25,33.2,32.5,33.3
2016-02-04 00:00:00+00:00,439.4,756.7,3.23,17865.55,18.6,1.79,2.05,,3.18,537310.0,29368753.0,6.53,9.984,3.18,10.02,,,,
2016-02-05 00:00:00+00:00,439.4,756.7,3.23,17865.55,18.6,1.79,2.05,,3.18,537310.0,29368753.0,6.53,9.984,3.18,10.02,,,,
2016-02-08 00:00:00+00:00,439.4,756.7,3.23,17865.55,18.6,1.79,2.05,,3.18,537310.0,29368753.0,6.53,9.984,3.18,10.02,,,,
2016-02-09 00:00:00+00:00,439.4,756.7,3.23,17865.55,18.6,1.79,2.05,,3.18,537310.0,29368753.0,6.53,9.984,3.18,10.02,,,,
2016-02-10 00:00:00+00:00,439.4,756.7,3.23,17865.55,18.6,1.79,2.05,,3.18,537310.0,29368753.0,6.53,9.984,3.18,10.02,,,,
2016-02-11 00:00:00+00:00,439.4,756.7,3.23,17865.55,18.6,1.79,2.05,,3.18,537310.0,29368753.0,6.53,9.984,3.18,10.02,,,,
2016-02-12 00:00:00+00:00,439.4,756.7,3.23,17865.55,18.6,1.79,2.05,,3.18,537310.0,29368753.0,6.53,9.984,3.18,10.02,,,,
2016-02-15 00:00:00+00:00,417.6,719.15,3.4,16978.99,17.7,1.79,1.95,12627.7,3.18,537310.0,29368753.0,6.2,9.984,3.18,10.02,31.65,31.6,31.35,32.9
2016-02-16 00:00:00+00:00,425.6,732.81,3.34,17301.38,18.0,1.79,1.98,9302.7,3.18,537310.0,29368753.0,6.32,9.984,3.18,10.02,32.2,32.15,31.55,32.45
2016-02-17 00:00:00+00:00,422.9,728.26,3.36,17193.91,17.9,1.79,1.97,6733.8,3.18,537310.0,29368753.0,6.28,9.984,3.18,10.02,32.0,31.95,31.8,32.55
2016-02-18 00:00:00+00:00,452.0,778.32,3.14,18376.0,19.1,1.79,2.11,18619.7,3.18,537310.0,29368753.0,6.71,9.876,3.18,10.13,34.25,34.2,32.0,34.3
2016-02-19 00:00:00+00:00,435.5,749.88,3.26,17704.36,18.4,1.79,2.03,10226.2,3.18,537310.0,29368753.0,6.47,9.876,3.18,10.13,33.0,32.95,32.85,33.7
2016-02-22 00:00:00+00:00,434.1,747.6,3.27,17650.63,18.4,1.79,2.03,7717.9,3.18,537310.0,29368753.0,6.45,9.876,3.18,10.13,32.9,32.85,32.75,33.85
2016-02-23 00:00:00+00:00,432.8,745.32,3.28,17596.9,18.3,1.79,2.02,5533.7,3.18,537310.0,29368753.0,6.43,9.876,3.18,10.13,32.8,32.75,32.7,33.3
2016-02-24 00:00:00+00:00,423.6,729.39,3.35,17220.78,17.9,1.79,1.98,6740.6,3.18,537310.0,29368753.0,6.29,9.876,3.18,10.13,32.1,32.05,32.0,33.2
2016-02-25 00:00:00+00:00,418.3,720.29,3.4,17005.85,17.7,1.79,1.95,6805.8,3.18,537310.0,29368753.0,6.21,9.876,3.18,10.13,31.7,31.65,31.65,32.5
2016-02-26 00:00:00+00:00,427.5,736.22,3.32,17381.98,18.1,1.79,1.99,8340.1,3.18,537310.0,29368753.0,6.35,9.876,3.18,10.13,32.4,32.35,31.9,32.65
2016-02-29 00:00:00+00:00,427.5,736.22,3.32,17391.44,18.1,1.79,1.99,,3.18,537602.0,29368753.0,6.35,9.876,3.18,10.13,,,,
2016-03-01 00:00:00+00:00,452.0,778.32,3.14,18386.0,19.1,1.79,2.11,18865.6,3.18,537602.0,29368753.0,6.71,9.876,3.18,10.13,34.25,34.2,32.4,34.8
2016-03-02 00:00:00+00:00,452.0,778.32,3.14,18386.0,19.1,1.79,2.11,23326.7,3.18,537602.0,29368753.0,6.71,9.876,3.18,10.13,34.25,34.2,34.2,35.7
2016-03-03 00:00:00+00:00,437.4,753.29,3.25,17794.64,18.5,1.79,2.04,8617.0,3.18,537602.0,29368753.0,6.5,9.876,3.18,10.13,33.15,33.1,33.05,34.2
2016-03-04 00:00:00+00:00,455.9,785.15,3.12,18547.28,19.3,1.79,2.13,11947.2,3.18,537602.0,29368753.0,6.77,9.876,3.18,10.13,34.5,34.45,33.05,34.6
2016-03-07 00:00:00+00:00,470.5,810.18,3.02,19138.64,19.9,1.79,2.19,21603.9,3.18,537602.0,29368753.0,6.99,9.876,3.18,10.13,35.65,35.6,34.5,36.45
2016-03-08 00:00:00+00:00,454.0,781.74,3.13,18466.64,19.2,1.79,2.12,12401.0,3.18,537602.0,29368753.0,6.74,9.876,3.18,10.13,34.35,34.3,34.0,35.65
2016-03-09 00:00:00+00:00,459.9,791.98,3.09,18708.56,19.5,1.79,2.15,16439.5,3.18,537602.0,29368753.0,6.83,9.876,3.18,10.13,34.8,34.75,34.5,35.95
2016-03-10 00:00:00+00:00,461.2,794.25,3.08,18762.32,19.5,1.79,2.15,8715.8,3.18,537602.0,29368753.0,6.85,9.876,3.18,10.13,34.95,34.9,34.65,35.7
2016-03-11 00:00:00+00:00,462.6,796.53,3.07,18816.08,19.6,1.79,2.16,6759.3,3.18,537602.0,29368753.0,6.87,9.876,3.18,10.13,35.0,34.95,34.2,35.4
2016-03-14 00:00:00+00:00,463.9,798.81,3.06,18869.84,19.6,1.79,2.16,7084.4,3.18,537602.0,29368753.0,6.89,9.876,3.18,10.13,35.2,35.1,34.7,35.8
2016-03-15 00:00:00+00:00,449.3,773.77,3.16,18278.48,19.0,1.79,2.1,7388.8,3.18,537602.0,29368753.0,6.68,9.876,3.18,10.13,34.0,33.95,33.8,35.5
2016-03-16 00:00:00+00:00,461.2,794.25,3.08,18762.32,19.5,1.79,2.15,5884.0,3.18,537602.0,29368753.0,6.85,9.876,3.18,10.13,34.95,34.9,33.7,35.15
2016-03-17 00:00:00+00:00,446.7,769.22,3.18,18170.96,18.9,1.79,2.08,6863.7,3.18,537602.0,29368753.0,6.64,9.353,3.18,10.69,33.85,33.8,33.55,35.2
2016-03-18 00:00:00+00:00,452.0,778.32,3.14,18386.0,19.1,1.79,2.11,10404.4,3.18,537602.0,29368753.0,6.71,9.353,3.18,10.69,34.2,34.15,32.8,34.3
2016-03-21 00:00:00+00:00,461.9,795.39,3.08,18789.2,19.6,1.79,2.15,7788.9,3.18,537602.0,29368753.0,6.86,9.353,3.18,10.69,34.95,34.9,33.7,35.2
2016-03-22 00:00:00+00:00,501.5,863.67,2.83,20402.0,21.2,1.79,2.34,43482.3,3.18,537602.0,29368753.0,7.45,9.353,3.18,10.69,37.95,37.9,34.85,38.4
2016-03-23 00:00:00+00:00,491.6,846.6,5.28,19998.8,20.8,1.79,2.29,19173.3,3.18,537602.0,29368753.0,7.3,9.353,3.18,10.69,37.3,37.2,37.2,39.0
2016-03-24 00:00:00+00:00,479.7,826.11,5.41,19514.96,20.3,1.79,2.24,18887.5,3.18,537602.0,29368753.0,7.13,9.353,3.18,10.69,36.3,36.25,36.0,38.1
2016-03-25 00:00:00+00:00,488.3,840.91,5.31,19864.4,20.7,1.79,2.28,12292.1,3.18,537602.0,29368753.0,7.25,9.353,3.18,10.69,36.95,36.8,36.35,37.85
2016-03-28 00:00:00+00:00,484.4,834.08,5.36,19703.12,20.5,1.79,2.26,5628.2,3.18,537602.0,29368753.0,7.2,9.353,3.18,10.69,36.7,36.65,36.65,37.5
2016-03-29 00:00:00+00:00,465.2,801.08,5.58,18923.6,16.1,2.19,2.17,11898.3,3.18,537602.0,29368753.0,6.91,9.353,3.18,10.69,35.25,35.2,34.55,36.65
2016-03-30 00:00:00+00:00,465.2,801.08,5.58,18923.6,16.1,2.19,2.17,8160.2,3.18,537602.0,29368753.0,6.91,9.353,3.18,10.69,35.25,35.2,35.05,35.95
2016-03-31 00:00:00+00:00,465.2,801.08,5.58,18926.84,16.1,2.19,2.17,9834.8,3.18,537694.0,29368753.0,6.91,9.353,3.18,10.69,35.25,35.2,34.25,35.5
2016-04-01 00:00:00+00:00,463.9,798.81,5.59,18873.07,16.0,2.19,2.16,5996.9,3.18,537694.0,29368753.0,6.89,9.353,3.18,10.69,35.15,35.1,34.65,35.25
2016-04-04 00:00:00+00:00,463.9,798.81,5.59,18873.07,16.0,2.19,2.16,,3.18,537694.0,29368753.0,6.89,9.353,3.18,10.69,,,,
2016-04-05 00:00:00+00:00,463.9,798.81,5.59,18873.07,16.0,2.19,2.16,,3.18,537694.0,29368753.0,6.89,9.353,3.18,10.69,,,,
2016-04-06 00:00:00+00:00,459.3,790.84,5.65,18684.88,15.9,2.19,2.14,5596.0,3.18,537694.0,29368753.0,6.82,9.353,3.18,10.69,34.8,34.75,34.45,35.1
2016-04-07 00:00:00+00:00,458.6,789.7,5.66,18657.99,15.8,2.19,2.14,5003.2,3.18,537694.0,29368753.0,6.81,9.353,3.18,10.69,34.75,34.7,34.35,35.15
2016-04-08 00:00:00+00:00,458.6,789.7,5.66,18657.99,15.8,2.19,2.14,7789.9,3.18,537694.0,29368753.0,6.81,9.353,3.18,10.69,34.75,34.7,34.6,35.35
2016-04-11 00:00:00+00:00,444.1,764.67,5.84,18066.53,15.3,2.19,2.07,11305.3,3.18,537694.0,29368753.0,6.6,9.353,3.18,10.69,33.6,33.55,33.05,34.45
2016-04-12 00:00:00+00:00,413.7,712.32,6.27,16829.83,14.3,2.19,1.93,17447.6,3.18,537694.0,29368753.0,6.15,9.353,3.18,10.69,31.3,31.0,30.25,34.0
2016-04-13 00:00:00+00:00,431.5,743.05,6.01,17555.71,14.9,2.19,2.01,7281.3,3.18,537694.0,29368753.0,6.41,9.353,3.18,10.69,32.7,32.65,31.65,32.85
2016-04-14 00:00:00+00:00,427.5,736.22,6.07,17394.41,14.8,2.19,1.99,3907.5,3.18,537694.0,29368753.0,6.35,10.16,3.18,9.84,32.4,32.35,32.2,33.3
2016-04-15 00:00:00+00:00,412.3,710.05,6.29,16776.06,14.3,2.19,1.92,9469.5,3.18,537694.0,29368753.0,6.13,10.16,3.18,9.84,31.25,31.2,30.65,31.9
2016-04-18 00:00:00+00:00,410.4,706.64,6.32,16695.41,14.2,2.19,1.91,6489.4,3.18,537694.0,29368753.0,6.1,10.16,3.18,9.84,31.1,31.05,30.9,31.9
2016-04-19 00:00:00+00:00,418.9,721.43,6.19,17044.91,14.5,2.19,1.95,10125.1,3.18,537694.0,29368753.0,6.22,10.16,3.18,9.84,31.75,31.7,30.8,32.2
2016-04-20 00:00:00+00:00,410.4,706.64,6.32,16695.41,14.2,2.19,1.91,7407.1,3.18,537694.0,29368753.0,6.1,10.16,3.18,9.84,31.05,31.0,30.85,31.7
2016-04-21 00:00:00+00:00,397.8,685.02,6.52,16184.6,13.7,2.19,1.86,11348.5,3.18,537694.0,29368753.0,5.91,10.16,3.18,9.84,30.15,30.1,29.8,31.05
2016-04-22 00:00:00+00:00,396.5,682.74,6.54,16130.83,13.7,2.19,1.85,10676.7,3.18,537694.0,29368753.0,5.89,10.16,3.18,9.84,30.0,29.95,29.1,30.5
2016-04-25 00:00:00+00:00,400.4,689.57,6.48,16292.14,13.8,2.19,1.87,5422.9,3.18,537694.0,29368753.0,5.95,10.16,3.18,9.84,30.35,30.3,30.1,30.8
2016-04-26 00:00:00+00:00,412.3,710.05,6.29,16776.06,14.3,2.19,1.92,6330.1,3.18,537694.0,29368753.0,6.13,10.16,3.18,9.84,31.2,31.15,30.55,31.25
2016-04-27 00:00:00+00:00,413.7,712.32,6.27,16829.83,14.3,2.19,1.93,5810.4,3.18,537694.0,29368753.0,6.15,10.16,3.18,9.84,31.35,31.3,31.0,31.8
2016-04-28 00:00:00+00:00,407.1,700.95,6.37,16560.98,14.1,2.19,1.9,4790.4,3.18,537694.0,29368753.0,6.05,10.16,3.18,9.84,30.9,30.8,30.8,31.75
2016-04-29 00:00:00+00:00,399.8,688.43,6.49,16265.25,13.8,2.19,1.86,5030.2,3.18,537694.0,29368753.0,5.94,10.16,3.18,9.84,30.25,30.2,30.15,30.9
2016-05-02 00:00:00+00:00,399.8,688.43,6.49,16265.25,13.8,2.19,1.86,,3.18,537694.0,29368753.0,5.94,10.16,3.18,9.84,,,,
2016-05-03 00:00:00+00:00,387.2,666.81,6.7,15754.45,13.4,2.19,1.81,7198.4,3.18,537694.0,29368753.0,5.75,10.16,3.18,9.84,29.35,29.3,29.2,30.25
2016-05-04 00:00:00+00:00,383.3,659.98,6.77,15593.13,13.2,2.19,1.79,11183.5,3.18,537694.0,29368753.0,5.69,10.16,3.18,9.84,29.0,28.95,28.3,29.65
2016-05-05 00:00:00+00:00,395.2,680.46,6.57,16077.05,13.7,2.19,1.84,4584.1,3.18,537694.0,29368753.0,5.87,10.16,3.18,9.84,29.9,29.85,28.9,29.9
2016-05-06 00:00:00+00:00,414.3,713.46,6.26,16856.72,14.3,2.19,1.93,13439.6,3.18,537694.0,29368753.0,6.16,10.16,3.18,9.84,31.35,31.3,29.6,31.9
2016-05-09 00:00:00+00:00,418.9,721.43,6.19,17044.91,14.5,2.19,1.95,10729.4,3.18,537694.0,29368753.0,6.22,10.16,3.18,9.84,31.75,31.7,31.3,32.8
2016-05-10 00:00:00+00:00,421.6,725.98,6.15,17152.45,14.6,2.19,1.97,6554.4,3.18,537694.0,29368753.0,6.26,10.16,3.18,9.84,31.9,31.85,31.25,32.5
2016-05-11 00:00:00+00:00,463.2,797.67,5.6,18846.19,16.0,2.19,2.16,26370.8,3.18,537694.0,29368753.0,6.88,10.16,3.18,9.84,,35.05,33.6,35.05
2016-05-12 00:00:00+00:00,482.4,830.67,5.38,19625.84,16.7,2.19,2.25,32971.1,3.18,537694.0,29368753.0,7.17,10.16,3.18,9.84,36.5,36.45,35.6,37.15
2016-05-13 00:00:00+00:00,480.4,827.25,5.4,19545.19,13.3,2.73,2.24,13324.3,3.18,537694.0,29368753.0,7.14,10.16,3.18,9.84,36.35,36.3,35.8,36.8
2016-05-16 00:00:00+00:00,515.4,887.56,5.03,20970.08,14.3,2.73,2.4,22219.8,3.18,537694.0,29368753.0,7.66,10.16,3.18,9.84,39.0,38.95,36.45,39.5
2016-05-17 00:00:00+00:00,528.6,910.32,4.91,21507.77,14.7,2.73,2.47,21171.2,3.18,537694.0,29368753.0,7.85,10.16,3.18,9.84,40.0,39.95,38.55,40.0
2016-05-18 00:00:00+00:00,526.7,906.91,4.93,21427.12,14.6,2.73,2.46,16009.4,3.18,537694.0,29368753.0,7.82,10.16,3.18,9.84,39.85,39.8,38.9,40.25
2016-05-19 00:00:00+00:00,516.7,889.84,5.02,21023.85,14.3,2.73,2.41,9906.6,3.658,537694.0,29368753.0,7.68,9.144,3.66,10.94,39.15,39.1,38.9,39.8
2016-05-20 00:00:00+00:00,522.7,900.08,4.96,21265.81,14.5,2.73,2.44,10470.0,3.658,537694.0,29368753.0,7.77,9.144,3.66,10.94,39.6,39.55,38.6,39.85
2016-05-23 00:00:00+00:00,537.2,925.11,4.83,21857.27,14.9,2.73,2.51,15752.7,3.658,537694.0,29368753.0,7.98,9.144,3.66,10.94,40.7,40.65,38.7,41.0
2016-05-24 00:00:00+00:00,528.6,910.32,4.91,21507.77,14.7,2.73,2.47,12715.9,3.658,537694.0,29368753.0,7.85,9.144,3.66,10.94,40.05,40.0,39.65,40.35
2016-05-25 00:00:00+00:00,553.7,953.56,4.68,22529.39,15.4,2.73,2.58,20739.3,3.658,537694.0,29368753.0,8.23,9.144,3.66,10.94,41.9,41.85,39.9,43.2
2016-05-26 00:00:00+00:00,543.2,935.35,4.78,22099.24,15.1,2.73,2.53,13562.6,3.658,537694.0,29368753.0,8.07,9.144,3.66,10.94,41.2,41.1,41.05,42.1
2016-05-27 00:00:00+00:00,535.2,921.7,4.85,21776.62,14.9,2.73,2.5,10281.0,3.658,537694.0,29368753.0,7.95,9.144,3.66,10.94,40.55,40.5,40.15,41.0
2016-05-30 00:00:00+00:00,572.9,986.56,4.53,23309.05,15.9,2.73,2.67,17784.7,3.658,537694.0,29368753.0,8.51,9.144,3.66,10.94,43.35,43.3,40.6,43.75
2016-05-31 00:00:00+00:00,568.3,978.59,4.57,23123.48,15.8,2.73,2.65,8932.2,3.658,537755.0,29368753.0,8.44,9.144,3.66,10.94,43.0,42.85,42.35,43.55
2016-06-01 00:00:00+00:00,562.3,968.35,4.61,22881.49,15.6,2.73,2.62,12165.7,3.658,537755.0,29368753.0,8.35,9.144,3.66,10.94,42.7,42.55,42.55,44.45
2016-06-02 00:00:00+00:00,551.8,950.15,4.7,22451.28,15.3,2.73,2.57,9234.6,3.658,537755.0,29368753.0,8.2,9.144,3.66,10.94,41.85,41.75,41.45,42.8
2016-06-03 00:00:00+00:00,547.8,943.32,4.74,22289.95,15.2,2.73,2.56,6089.6,3.658,537755.0,29368753.0,8.14,9.144,3.66,10.94,41.5,41.45,41.1,42.2
2016-06-06 00:00:00+00:00,582.8,1003.63,4.45,23715.01,16.2,2.73,2.72,7081.7,3.658,537755.0,29368753.0,8.66,9.144,3.66,10.94,44.2,44.1,43.7,44.85
2016-06-07 00:00:00+00:00,581.5,1001.35,4.46,23661.23,16.1,2.73,2.71,8849.0,3.658,537755.0,29368753.0,8.64,9.144,3.66,10.94,44.1,44.0,44.0,45.25
2016-06-08 00:00:00+00:00,602.6,1037.76,4.3,24521.64,16.7,2.73,2.81,12259.5,3.658,537755.0,29368753.0,8.95,9.144,3.66,10.94,45.65,45.6,44.1,45.7
2016-06-09 00:00:00+00:00,602.6,1037.76,4.3,24521.64,16.7,2.73,2.81,,3.658,537755.0,29368753.0,8.95,9.144,3.66,10.94,,,,
2016-06-10 00:00:00+00:00,602.6,1037.76,4.3,24521.64,16.7,2.73,2.81,,3.658,537755.0,29368753.0,8.95,9.144,3.66,10.94,,,,
2016-06-13 00:00:00+00:00,607.3,1045.73,4.27,24709.85,16.9,2.73,2.83,13754.5,3.658,537755.0,29368753.0,9.02,9.144,3.66,10.94,45.95,45.9,45.0,47.15
2016-06-14 00:00:00+00:00,624.5,1075.31,4.15,25408.94,17.3,2.73,2.91,10888.1,3.658,537755.0,29368753.0,9.28,9.144,3.66,10.94,47.25,47.2,45.25,47.25
2016-06-15 00:00:00+00:00,644.9,1110.59,4.02,26242.46,17.9,2.73,3.01,18000.7,3.658,537755.0,29368753.0,9.58,9.144,3.66,10.94,48.8,48.75,47.25,49.1
2016-06-16 00:00:00+00:00,628.4,1082.14,4.13,25570.27,17.4,2.73,2.93,11744.1,3.665,537755.0,29368753.0,9.34,7.757,3.66,12.89,47.6,47.55,47.35,48.7
2016-06-17 00:00:00+00:00,605.9,1043.45,4.28,24656.08,16.8,2.73,2.83,15603.4,3.665,537755.0,29368753.0,9.0,7.757,3.66,12.89,45.85,45.8,45.7,48.0
2016-06-20 00:00:00+00:00,593.4,1021.83,4.37,24145.21,16.5,2.73,2.77,15875.4,3.665,537755.0,29368753.0,8.82,7.757,3.66,12.89,44.95,44.9,44.3,46.0
2016-06-21 00:00:00+00:00,602.6,1037.76,4.3,24521.64,16.7,2.73,2.81,10565.9,3.665,537755.0,29368753.0,8.95,7.757,3.66,12.89,45.7,45.6,45.2,46.4
2016-06-22 00:00:00+00:00,604.0,1040.04,4.3,24575.41,16.8,2.73,2.82,6618.3,3.665,537755.0,29368753.0,8.97,7.757,3.66,12.89,45.75,45.7,45.3,46.05
2016-06-23 00:00:00+00:00,595.4,1025.25,4.36,24225.88,16.5,2.73,2.78,9075.7,3.665,537755.0,29368753.0,8.84,7.757,3.66,12.89,45.05,45.0,44.35,45.6
2016-06-24 00:00:00+00:00,573.6,987.7,4.52,23338.57,15.9,2.73,2.68,8070.6,3.665,537755.0,29368753.0,8.52,7.757,3.66,12.89,43.45,43.4,42.75,45.5
2016-06-27 00:00:00+00:00,575.6,991.11,4.51,23419.24,16.0,2.73,2.68,5180.5,3.665,537755.0,29368753.0,8.55,7.757,3.66,12.89,43.7,43.55,43.1,44.1
2016-06-28 00:00:00+00:00,594.1,1022.97,4.37,24172.1,16.5,2.73,2.77,9230.8,3.665,537755.0,29368753.0,8.83,7.757,3.66,12.89,45.0,44.95,42.45,45.2
2016-06-29 00:00:00+00:00,569.6,980.87,4.55,23177.25,15.8,2.73,2.66,10879.3,3.665,537755.0,29368753.0,8.46,7.757,3.66,12.89,43.2,43.1,43.1,45.4
2016-06-30 00:00:00+00:00,570.9,983.14,4.54,23245.54,15.8,2.73,2.66,7765.2,3.665,538091.0,29368753.0,8.48,7.757,3.66,12.89,43.2,43.15,42.6,43.6
2016-07-01 00:00:00+00:00,571.6,984.28,4.54,23272.45,15.9,2.73,2.67,5285.1,3.665,538091.0,29368753.0,8.49,7.757,3.66,12.89,43.3,43.25,43.25,44.35
2016-07-04 00:00:00+00:00,628.4,1082.14,4.13,25586.24,17.4,2.73,2.93,19871.9,3.665,538091.0,29368753.0,9.34,7.757,3.66,12.89,,47.55,43.45,47.55
2016-07-05 00:00:00+00:00,629.1,1083.28,4.12,25613.15,17.5,2.73,2.93,15909.7,3.665,538091.0,29368753.0,9.35,7.757,3.66,12.89,47.8,47.6,47.6,48.7
2016-07-06 00:00:00+00:00,641.0,1103.76,4.05,26097.43,17.8,2.73,2.99,13814.9,3.665,538091.0,29368753.0,9.52,7.757,3.66,12.89,48.55,48.5,46.8,48.5
2016-07-07 00:00:00+00:00,611.2,1052.56,4.24,24886.72,17.0,2.73,2.85,11187.8,3.665,538091.0,29368753.0,9.08,7.757,3.66,12.89,46.35,46.25,46.25,48.45
2016-07-08 00:00:00+00:00,611.2,1052.56,4.24,24886.72,17.0,2.73,2.85,,3.665,538091.0,29368753.0,9.08,7.757,3.66,12.89,,,,
2016-07-11 00:00:00+00:00,629.1,1083.28,4.12,25613.15,17.5,2.73,2.93,14526.5,3.665,538091.0,29368753.0,9.35,7.757,3.66,12.89,47.7,47.6,47.0,49.0
2016-07-12 00:00:00+00:00,602.6,1082.44,4.3,24536.96,16.7,2.73,2.81,10185.2,3.665,538091.0,29368753.0,8.95,7.757,3.66,12.89,45.65,45.6,45.6,46.65
2016-07-13 00:00:00+00:00,633.0,1137.03,4.1,25774.57,17.6,2.73,2.95,17057.5,3.665,538091.0,29368753.0,9.4,7.757,3.66,12.89,47.95,47.9,45.7,48.6
2016-07-14 00:00:00+00:00,644.9,1158.4,4.02,26258.86,17.9,2.73,3.01,14573.6,3.678,538091.0,29368753.0,9.58,8.067,3.68,12.4,48.8,48.75,47.65,49.6
2016-07-15 00:00:00+00:00,652.9,1172.64,3.97,26581.71,18.1,2.73,3.05,9561.9,3.678,538091.0,29368753.0,9.7,8.067,3.68,12.4,49.4,49.35,48.35,49.8
2016-07-18 00:00:00+00:00,654.2,1175.01,3.97,26635.52,18.2,2.73,3.05,5115.0,3.678,538091.0,29368753.0,9.72,8.067,3.68,12.4,49.55,49.5,48.85,49.75
2016-07-19 00:00:00+00:00,674.0,1210.62,3.85,27442.66,18.7,2.73,3.14,9226.8,3.678,538091.0,29368753.0,10.01,8.067,3.68,12.4,51.0,50.9,48.75,51.4
2016-07-20 00:00:00+00:00,675.3,1213.0,3.84,27496.47,18.7,2.73,3.15,5793.1,3.678,538091.0,29368753.0,10.03,8.067,3.68,12.4,51.2,51.1,50.2,51.2
2016-07-21 00:00:00+00:00,700.4,1258.1,3.7,28518.84,19.4,2.73,3.27,11486.8,3.678,538091.0,29368753.0,10.41,8.067,3.68,12.4,53.1,53.0,51.4,53.7
2016-07-22 00:00:00+00:00,697.8,1253.35,3.72,28411.22,19.4,2.73,3.25,7346.4,3.678,538091.0,29368753.0,10.37,8.067,3.68,12.4,52.8,52.7,52.0,53.0
2016-07-25 00:00:00+00:00,716.3,1286.58,3.62,29164.55,19.9,2.73,3.34,9059.5,3.678,538091.0,29368753.0,10.64,8.067,3.68,12.4,54.3,54.2,52.4,54.2
2016-07-26 00:00:00+00:00,754.6,1355.42,3.44,30725.02,20.9,2.73,3.52,14047.5,3.678,538091.0,29368753.0,11.21,8.067,3.68,12.4,57.1,57.0,53.7,57.5
2016-07-27 00:00:00+00:00,741.4,1331.68,3.5,30186.93,20.6,2.73,3.46,10869.4,3.678,538091.0,29368753.0,11.01,8.067,3.68,12.4,56.4,56.1,55.9,57.9
2016-07-28 00:00:00+00:00,722.9,1298.45,3.59,29433.59,20.1,2.73,3.37,13174.6,3.678,538091.0,29368753.0,10.74,8.067,3.68,12.4,54.7,54.6,53.0,55.8
2016-07-29 00:00:00+00:00,730.8,1312.69,3.55,29756.45,20.3,2.73,3.41,10341.0,3.678,538091.0,29368753.0,10.86,8.067,3.68,12.4,55.4,55.3,54.7,56.1
2016-08-01 00:00:00+00:00,721.6,1296.08,3.6,29379.79,20.0,2.73,3.37,7834.9,3.678,538091.0,29368753.0,10.72,8.067,3.68,12.4,54.7,54.6,54.2,55.3
2016-08-02 00:00:00+00:00,695.2,1248.6,3.73,28303.61,19.3,2.73,3.24,19007.1,3.678,538091.0,29368753.0,10.33,8.067,3.68,12.4,52.7,52.6,52.2,56.2
2016-08-03 00:00:00+00:00,707.1,1269.97,3.67,28787.88,19.6,2.73,3.3,11172.3,3.678,538091.0,29368753.0,10.5,8.067,3.68,12.4,53.5,53.4,51.3,53.5
2016-08-04 00:00:00+00:00,693.8,1246.23,3.74,28249.79,19.3,2.73,3.24,5759.1,3.678,538091.0,29368753.0,10.31,8.067,3.68,12.4,52.6,52.5,52.2,53.8
2016-08-05 00:00:00+00:00,675.3,1213.0,3.84,27496.47,18.7,2.73,3.15,14529.6,3.678,538091.0,29368753.0,10.03,8.067,3.68,12.4,51.1,51.0,50.5,53.7
2016-08-08 00:00:00+00:00,663.4,1191.63,3.91,27012.18,18.4,2.73,3.09,14688.7,3.678,538091.0,29368753.0,9.86,8.067,3.68,12.4,50.3,50.2,49.5,50.9
2016-08-09 00:00:00+00:00,674.0,1210.62,3.85,27442.66,18.7,2.73,3.14,8687.1,3.678,538091.0,29368753.0,10.01,8.067,3.68,12.4,51.1,51.0,50.7,52.1
2016-08-10 00:00:00+00:00,634.4,1139.41,4.09,25828.38,17.6,2.73,2.96,18615.6,3.678,538091.0,29368753.0,9.42,8.067,3.68,12.4,48.05,48.0,47.9,50.6
2016-08-11 00:00:00+00:00,637.0,1144.16,4.07,25936.0,17.7,2.73,2.97,9685.5,3.678,538091.0,29368753.0,9.46,8.067,3.68,12.4,48.2,48.15,47.3,48.75
2016-08-12 00:00:00+00:00,634.4,1139.41,4.09,25828.38,15.0,3.2,2.96,7467.2,3.678,538091.0,29368753.0,9.42,8.067,3.68,12.4,48.1,48.0,48.0,49.55
2016-08-15 00:00:00+00:00,652.9,1172.64,3.97,26581.71,15.4,3.2,3.05,6746.2,3.678,538091.0,29368753.0,9.7,8.067,3.68,12.4,49.45,49.4,48.1,49.5
2016-08-16 00:00:00+00:00,660.8,1186.88,3.93,26904.56,15.6,3.2,3.08,8238.6,3.678,538091.0,29368753.0,9.82,8.067,3.68,12.4,50.1,50.0,49.15,50.4
2016-08-17 00:00:00+00:00,660.1,1185.7,3.93,26877.66,15.6,3.2,3.08,5445.2,3.678,538091.0,29368753.0,9.81,8.067,3.68,12.4,49.95,49.9,49.15,50.2
2016-08-18 00:00:00+00:00,655.5,1177.39,3.96,26689.33,15.5,3.2,3.06,7544.7,4.22,538091.0,29368753.0,9.74,8.44,4.22,11.85,49.7,49.6,49.5,51.4
2016-08-19 00:00:00+00:00,659.5,1184.51,3.93,26850.75,15.6,3.2,3.08,4966.0,4.22,538091.0,29368753.0,9.8,8.44,4.22,11.85,49.9,49.85,49.85,50.6
2016-08-22 00:00:00+00:00,656.2,1178.58,3.95,26716.23,15.5,3.2,3.06,3826.6,4.22,538091.0,29368753.0,9.75,8.44,4.22,11.85,49.65,49.6,49.2,50.5
2016-08-23 00:00:00+00:00,660.8,1186.88,3.93,26904.56,15.6,3.2,3.08,2993.7,4.22,538091.0,29368753.0,9.82,8.44,4.22,11.85,50.1,50.0,49.45,50.3
2016-08-24 00:00:00+00:00,654.2,1175.01,3.97,26635.52,15.5,3.2,3.05,3389.6,4.22,538091.0,29368753.0,9.72,8.44,4.22,11.85,49.55,49.5,49.3,50.2
2016-08-25 00:00:00+00:00,663.4,1191.63,3.91,27012.18,15.7,3.2,3.09,4918.4,4.22,538091.0,29368753.0,9.86,8.44,4.22,11.85,50.2,50.1,48.65,50.2
2016-08-26 00:00:00+00:00,676.7,1215.37,3.83,27550.27,16.0,3.2,3.16,7978.2,4.22,538091.0,29368753.0,10.05,8.44,4.22,11.85,51.3,51.2,50.5,51.7
2016-08-29 00:00:00+00:00,655.5,1177.39,3.96,26689.33,15.5,3.2,3.06,6588.8,4.22,538091.0,29368753.0,9.74,8.44,4.22,11.85,49.65,49.6,49.1,51.3
2016-08-30 00:00:00+00:00,663.4,1191.63,3.91,27012.18,15.7,3.2,3.09,5437.1,4.22,538091.0,29368753.0,9.86,8.44,4.22,11.85,50.3,50.2,49.2,50.7
2016-08-31 00:00:00+00:00,659.5,1184.51,3.93,26850.75,15.6,3.2,3.08,5032.8,4.22,538091.0,29368753.0,9.8,8.44,4.22,11.85,50.0,49.9,49.8,50.7
2016-09-01 00:00:00+00:00,647.6,1163.15,4.01,26366.47,15.3,3.2,3.02,6577.9,4.22,538091.0,29368753.0,9.62,8.44,4.22,11.85,49.1,49.0,48.6,49.9
2016-09-02 00:00:00+00:00,610.6,1096.68,4.25,24859.82,14.4,3.2,2.85,11901.9,4.22,538091.0,29368753.0,9.07,8.44,4.22,11.85,46.25,46.2,46.2,48.95
2016-09-05 00:00:00+00:00,635.7,1141.78,4.08,25882.2,15.0,3.2,2.97,7494.8,4.22,538091.0,29368753.0,9.44,8.44,4.22,11.85,48.15,48.1,46.15,48.15
2016-09-06 00:00:00+00:00,652.9,1172.64,3.97,26581.71,15.4,3.2,3.05,8421.4,4.22,538091.0,29368753.0,9.7,8.44,4.22,11.85,49.4,49.35,48.1,49.4
2016-09-07 00:00:00+00:00,653.5,1173.83,3.97,26608.61,15.5,3.2,3.05,8619.4,4.22,538091.0,29368753.0,9.71,8.44,4.22,11.85,49.45,49.4,48.3,50.0
2016-09-08 00:00:00+00:00,660.1,1185.7,3.93,26877.66,15.6,3.2,3.08,3708.0,4.22,538091.0,29368753.0,9.81,8.44,4.22,11.85,50.0,49.95,48.9,49.95
2016-09-09 00:00:00+00:00,662.1,1189.26,3.92,26958.38,15.7,3.2,3.09,3812.2,4.22,538091.0,29368753.0,9.84,8.44,4.22,11.85,50.1,50.0,49.05,50.3
2016-09-12 00:00:00+00:00,621.1,1115.67,4.18,25290.29,14.7,3.2,2.9,9782.8,4.22,538091.0,29368753.0,9.23,8.44,4.22,11.85,47.05,47.0,47.0,49.7
2016-09-13 00:00:00+00:00,652.9,1172.64,3.97,26581.71,15.4,3.2,3.05,12383.5,4.22,538091.0,29368753.0,9.7,8.44,4.22,11.85,49.4,49.35,47.1,49.4
2016-09-14 00:00:00+00:00,644.3,1157.21,4.03,26231.95,15.2,3.2,3.01,9787.5,4.22,538091.0,29368753.0,9.57,8.44,4.22,11.85,48.95,48.75,48.6,49.35
2016-09-15 00:00:00+00:00,644.3,1157.21,4.03,26231.95,15.2,3.2,3.01,,4.28,538091.0,29368753.0,9.57,8.664,4.28,11.54,,,,
2016-09-16 00:00:00+00:00,644.3,1157.21,4.03,26231.95,15.2,3.2,3.01,,4.28,538091.0,29368753.0,9.57,8.664,4.28,11.54,,,,
2016-09-19 00:00:00+00:00,664.8,1194.0,3.9,27066.0,15.7,3.2,3.1,9054.6,4.28,538091.0,29368753.0,9.88,8.664,4.28,11.54,50.4,50.3,49.1,51.4
2016-09-20 00:00:00+00:00,664.8,1194.0,3.9,27066.0,15.7,3.2,3.1,3904.8,4.28,538091.0,29368753.0,9.88,8.664,4.28,11.54,50.3,50.2,49.8,50.9
2016-09-21 00:00:00+00:00,662.1,1189.26,3.92,26958.38,15.7,3.2,3.09,5894.5,4.28,538091.0,29368753.0,9.84,8.664,4.28,11.54,50.2,50.1,50.0,51.5
2016-09-22 00:00:00+00:00,648.9,1165.52,4.0,26420.29,15.4,3.2,3.03,5191.4,4.28,538091.0,29368753.0,9.64,8.664,4.28,11.54,49.15,49.1,49.05,50.9
2016-09-23 00:00:00+00:00,644.9,1158.4,4.02,26258.86,15.3,3.2,3.01,3841.8,4.28,538091.0,29368753.0,9.58,8.664,4.28,11.54,48.8,48.75,48.6,49.4
2016-09-26 00:00:00+00:00,635.0,1140.6,4.09,25855.29,15.0,3.2,2.96,3442.9,4.28,538091.0,29368753.0,9.43,8.664,4.28,11.54,48.1,48.05,48.05,48.55
2016-09-27 00:00:00+00:00,635.0,1140.6,4.09,25855.29,15.0,3.2,2.96,,4.28,538091.0,29368753.0,9.43,8.664,4.28,11.54,,,,
2016-09-28 00:00:00+00:00,635.0,1140.6,4.09,25855.29,15.0,3.2,2.96,,4.28,538091.0,29368753.0,9.43,8.664,4.28,11.54,,,,
2016-09-29 00:00:00+00:00,635.0,1140.6,4.09,25855.29,15.0,3.2,2.96,4304.7,4.28,538091.0,29368753.0,9.43,8.664,4.28,11.54,48.1,48.05,47.85,48.8
2016-09-30 00:00:00+00:00,644.9,1158.4,4.02,26260.46,15.3,3.2,3.01,5109.0,4.28,538124.0,29368753.0,9.58,8.664,4.28,11.54,48.8,48.6,47.2,48.8
2016-10-03 00:00:00+00:00,631.7,1134.66,4.11,25722.34,14.9,3.2,2.95,3306.3,4.28,538124.0,29368753.0,9.38,8.664,4.28,11.54,47.85,47.8,47.75,49.0
2016-10-04 00:00:00+00:00,627.1,1126.35,4.14,25533.99,14.8,3.2,2.93,4055.0,4.28,538124.0,29368753.0,9.32,8.664,4.28,11.54,47.45,47.4,47.45,48.3
2016-10-05 00:00:00+00:00,607.3,1090.75,4.27,24726.81,14.4,3.2,2.83,11644.3,4.28,538124.0,29368753.0,9.02,8.664,4.28,11.54,46.0,45.9,45.9,47.2
2016-10-06 00:00:00+00:00,619.2,1112.11,4.19,25211.13,14.7,3.2,2.89,5715.5,4.28,538124.0,29368753.0,9.2,8.664,4.28,11.54,46.9,46.85,45.2,46.85
2016-10-07 00:00:00+00:00,619.2,1112.11,4.19,25211.13,14.7,3.2,2.89,3948.2,4.28,538124.0,29368753.0,9.2,8.664,4.28,11.54,46.9,46.85,46.3,47.1
2016-10-10 00:00:00+00:00,619.2,1112.11,4.19,25211.13,14.7,3.2,2.89,,4.28,538124.0,29368753.0,9.2,8.664,4.28,11.54,,,,
2016-10-11 00:00:00+00:00,636.3,1142.97,4.08,25910.68,15.1,3.2,2.97,10248.6,4.28,538124.0,29368753.0,9.45,8.664,4.28,11.54,48.2,48.15,46.85,48.2
2016-10-12 00:00:00+00:00,633.7,1138.22,4.09,25803.06,15.0,3.2,2.96,5596.0,4.28,538124.0,29368753.0,9.41,8.664,4.28,11.54,47.95,47.9,47.5,48.35
2016-10-13 00:00:00+00:00,628.4,1128.73,4.13,25587.81,14.9,3.2,2.93,5086.9,4.28,538124.0,29368753.0,9.34,8.664,4.28,11.54,47.6,47.55,47.3,48.5
2016-10-14 00:00:00+00:00,608.6,1093.12,4.26,24780.63,14.4,3.2,2.84,6676.2,4.28,538124.0,29368753.0,9.04,8.664,4.28,11.54,46.1,46.05,45.6,47.95
2016-10-17 00:00:00+00:00,615.2,1104.99,4.22,25049.68,14.6,3.2,2.87,4671.7,4.28,538124.0,29368753.0,9.14,8.664,4.28,11.54,46.55,46.5,45.0,46.55
2016-10-18 00:00:00+00:00,619.2,1112.11,4.19,25211.13,14.7,3.2,2.89,2206.1,4.28,538124.0,29368753.0,9.2,8.664,4.28,11.54,46.9,46.85,46.25,47.25
2016-10-19 00:00:00+00:00,615.9,1106.18,4.21,25076.59,14.6,3.2,2.87,2870.1,4.28,538124.0,29368753.0,9.15,8.664,4.28,11.54,46.65,46.6,46.45,47.2
2016-10-20 00:00:00+00:00,610.6,1096.68,4.25,24861.34,14.4,3.2,2.85,3452.0,4.34,538124.0,29368753.0,9.07,9.264,4.34,10.79,46.2,46.15,45.8,46.6
2016-10-21 00:00:00+00:00,610.6,1096.68,4.25,24861.34,14.4,3.2,2.85,3873.8,4.34,538124.0,29368753.0,9.07,9.264,4.34,10.79,46.35,46.2,45.6,46.6
2016-10-24 00:00:00+00:00,620.5,1114.48,4.18,25264.93,14.7,3.2,2.89,3096.9,4.34,538124.0,29368753.0,9.22,9.264,4.34,10.79,46.95,46.9,46.05,47.0
2016-10-25 00:00:00+00:00,617.8,1109.74,4.2,25157.31,14.6,3.2,2.88,3552.4,4.34,538124.0,29368753.0,9.18,9.264,4.34,10.79,46.8,46.75,46.7,47.25
2016-10-26 00:00:00+00:00,618.5,1110.92,4.19,25184.21,14.6,3.2,2.88,2365.4,4.34,538124.0,29368753.0,9.19,9.264,4.34,10.79,46.8,46.75,46.3,47.25
2016-10-27 00:00:00+00:00,643.6,1156.02,4.03,26206.65,15.2,3.2,3.0,9717.6,4.34,538124.0,29368753.0,9.56,9.264,4.34,10.79,48.7,48.65,46.7,49.1
2016-10-28 00:00:00+00:00,653.5,1173.83,3.97,26610.24,15.5,3.2,3.05,13537.8,4.34,538124.0,29368753.0,9.71,9.264,4.34,10.79,49.5,49.45,48.2,50.3
2016-10-31 00:00:00+00:00,666.1,1196.38,3.89,27121.46,15.8,3.2,3.11,7980.3,4.34,538124.0,29368753.0,9.9,9.264,4.34,10.79,50.4,50.3,48.85,50.7
2016-11-01 00:00:00+00:00,652.9,1172.64,3.97,26583.34,15.4,3.2,3.05,6905.8,4.34,538124.0,29368753.0,9.7,9.264,4.34,10.79,49.45,49.4,49.4,50.9
2016-11-02 00:00:00+00:00,638.3,1146.53,4.06,25991.4,15.1,3.2,2.98,4698.4,4.34,538124.0,29368753.0,9.48,9.264,4.34,10.79,48.4,48.3,48.3,49.5
2016-11-03 00:00:00+00:00,618.5,1110.92,4.19,25184.21,14.6,3.2,2.88,7531.9,4.34,538124.0,29368753.0,9.19,9.264,4.34,10.79,46.95,46.8,46.2,48.75
2016-11-04 00:00:00+00:00,626.4,1125.17,4.14,25507.09,14.8,3.2,2.92,4705.3,4.34,538124.0,29368753.0,9.31,9.264,4.34,10.79,47.45,47.35,45.8,47.85
2016-11-07 00:00:00+00:00,653.5,1173.83,3.97,26610.24,15.5,3.2,3.05,7866.1,4.34,538124.0,29368753.0,9.71,9.264,4.34,10.79,49.5,49.45,47.5,49.95
2016-11-08 00:00:00+00:00,652.2,1171.45,3.98,26556.43,15.4,3.2,3.04,9468.4,4.34,538124.0,29368753.0,9.69,9.264,4.34,10.79,49.45,49.35,49.05,50.2
2016-11-09 00:00:00+00:00,628.4,1128.73,4.13,25587.81,14.9,3.2,2.93,11935.8,4.34,538124.0,29368753.0,9.34,9.264,4.34,10.79,47.55,47.5,46.85,50.3
2016-11-10 00:00:00+00:00,641.0,1151.28,4.05,26099.03,15.2,3.2,2.99,12317.0,4.34,538124.0,29368753.0,9.52,9.264,4.34,10.79,48.5,48.45,47.5,49.1
2016-11-11 00:00:00+00:00,607.9,1091.93,4.27,24753.71,14.4,3.2,2.84,13527.4,4.34,538124.0,29368753.0,9.03,9.264,4.34,10.79,46.05,46.0,45.25,47.6
2016-11-14 00:00:00+00:00,584.1,1049.21,4.44,23785.09,13.1,3.38,2.72,9905.3,4.34,538124.0,29368753.0,8.68,9.264,4.34,10.79,44.2,44.15,43.6,45.9
2016-11-15 00:00:00+00:00,576.9,1036.15,4.5,23489.12,12.9,3.38,2.69,7969.5,4.34,538124.0,29368753.0,8.57,9.264,4.34,10.79,43.65,43.6,43.2,44.2
2016-11-16 00:00:00+00:00,574.2,1031.4,4.52,23381.5,12.9,3.38,2.68,7270.9,4.34,538124.0,29368753.0,8.53,9.264,4.34,10.79,43.5,43.45,43.4,44.85
2016-11-17 00:00:00+00:00,555.7,998.17,4.67,22628.13,12.5,3.38,2.59,10441.9,4.193,538124.0,29368753.0,8.26,9.607,4.19,10.41,42.1,42.05,41.9,43.8
2016-11-18 00:00:00+00:00,563.7,1012.41,4.6,22951.0,12.6,3.38,2.63,6013.5,4.193,538124.0,29368753.0,8.37,9.607,4.19,10.41,42.7,42.65,42.1,43.15
2016-11-21 00:00:00+00:00,565.6,1015.97,4.59,23031.72,12.7,3.38,2.64,2534.4,4.193,538124.0,29368753.0,8.4,9.607,4.19,10.41,42.85,42.8,42.65,43.15
2016-11-22 00:00:00+00:00,582.8,1046.83,4.45,23731.28,13.1,3.38,2.72,7096.8,4.193,538124.0,29368753.0,8.66,9.607,4.19,10.41,44.25,44.1,43.0,44.7
2016-11-23 00:00:00+00:00,579.5,1040.9,4.48,23596.75,13.0,3.38,2.7,6000.6,4.193,538124.0,29368753.0,8.61,9.607,4.19,10.41,44.0,43.85,43.8,44.85
2016-11-24 00:00:00+00:00,565.0,1014.79,4.59,23243.51,12.7,3.38,2.64,6693.0,4.193,543708.0,29368753.0,8.39,9.607,4.19,10.41,42.8,42.75,42.4,43.7
2016-11-25 00:00:00+00:00,571.6,1026.65,4.54,23515.36,12.8,3.38,2.67,3776.1,4.193,543708.0,29368753.0,8.49,9.607,4.19,10.41,43.25,43.2,42.3,43.3
2016-11-28 00:00:00+00:00,581.5,1044.46,4.46,23923.14,13.0,3.38,2.71,3389.8,4.193,543708.0,29368753.0,8.64,9.607,4.19,10.41,44.05,43.95,43.6,44.4
2016-11-29 00:00:00+00:00,581.5,1044.46,4.46,23923.14,13.0,3.38,2.71,3189.3,4.193,543708.0,29368753.0,8.64,9.607,4.19,10.41,44.0,43.95,43.6,44.75
2016-11-30 00:00:00+00:00,574.9,1032.59,4.51,23651.29,12.9,3.38,2.68,2782.6,4.193,543708.0,29368753.0,8.54,9.607,4.19,10.41,43.6,43.5,43.5,44.35
2016-12-01 00:00:00+00:00,594.7,1068.2,4.36,24466.85,13.3,3.38,2.77,7050.0,4.193,543708.0,29368753.0,8.84,9.607,4.19,10.41,45.0,44.95,43.5,45.2
2016-12-02 00:00:00+00:00,582.8,1046.83,4.45,23977.52,13.1,3.38,2.72,4125.4,4.193,543708.0,29368753.0,8.66,9.607,4.19,10.41,44.2,44.1,44.1,44.9
2016-12-05 00:00:00+00:00,588.1,1056.33,4.41,24195.0,13.2,3.38,2.74,2402.3,4.193,543708.0,29368753.0,8.74,9.607,4.19,10.41,44.5,44.45,43.85,45.0
2016-12-06 00:00:00+00:00,594.7,1068.2,4.36,24466.85,13.3,3.38,2.77,4040.3,4.193,543708.0,29368753.0,8.84,9.607,4.19,10.41,45.05,45.0,44.7,45.6
2016-12-07 00:00:00+00:00,594.7,1068.2,4.36,24466.85,13.3,3.38,2.77,5330.6,4.193,543708.0,29368753.0,8.84,9.607,4.19,10.41,45.05,45.0,44.8,45.6
2016-12-08 00:00:00+00:00,613.2,1101.43,4.23,25228.04,13.7,3.38,2.86,7857.9,4.193,543708.0,29368753.0,9.11,9.607,4.19,10.41,46.4,46.35,45.0,46.4
2016-12-09 00:00:00+00:00,619.8,1113.3,4.19,25499.89,13.9,3.38,2.89,9622.6,4.193,543708.0,29368753.0,9.21,9.607,4.19,10.41,46.9,46.85,45.6,47.4
2016-12-12 00:00:00+00:00,607.9,1091.93,4.27,25010.56,13.6,3.38,2.84,4773.5,4.193,543708.0,29368753.0,9.03,9.607,4.19,10.41,46.05,46.0,46.0,47.45
2016-12-13 00:00:00+00:00,616.5,1107.36,4.21,25363.96,13.8,3.38,2.88,4009.5,4.193,543708.0,29368753.0,9.16,9.607,4.19,10.41,46.65,46.6,45.9,47.0
2016-12-14 00:00:00+00:00,619.8,1113.3,4.19,25499.89,13.9,3.38,2.89,5398.7,4.193,543708.0,29368753.0,9.21,9.607,4.19,10.41,47.0,46.9,46.8,47.6
2016-12-15 00:00:00+00:00,621.8,1116.86,4.17,25581.45,13.9,3.38,2.9,1496.4,4.25,543708.0,29368753.0,9.24,9.11,4.25,10.98,47.1,47.05,46.5,47.2
2016-12-16 00:00:00+00:00,622.5,1118.04,4.17,25608.64,13.9,3.38,2.9,6026.1,4.25,543708.0,29368753.0,9.25,9.11,4.25,10.98,47.25,47.1,46.8,47.9
2016-12-19 00:00:00+00:00,619.2,1112.11,4.19,25472.71,13.9,3.38,2.89,2454.4,4.25,543708.0,29368753.0,9.2,9.11,4.25,10.98,46.85,46.8,46.8,47.75
2016-12-20 00:00:00+00:00,636.3,1142.97,4.08,26179.53,14.3,3.38,2.97,5001.3,4.25,543708.0,29368753.0,9.45,9.11,4.25,10.98,48.15,48.1,46.85,48.3
2016-12-21 00:00:00+00:00,653.5,1173.83,3.97,26886.35,14.6,3.38,3.05,10723.8,4.25,543708.0,29368753.0,9.71,9.11,4.25,10.98,49.45,49.4,47.6,49.8
2016-12-22 00:00:00+00:00,653.5,1173.83,3.97,26886.35,14.6,3.38,3.05,7501.7,4.25,543708.0,29368753.0,9.71,9.11,4.25,10.98,49.5,49.4,49.0,50.0
2016-12-23 00:00:00+00:00,645.6,1159.59,4.02,26560.13,14.5,3.38,3.01,4070.2,4.25,543708.0,29368753.0,9.59,9.11,4.25,10.98,48.9,48.85,48.65,49.9
2016-12-26 00:00:00+00:00,660.8,1186.88,3.93,27185.39,14.8,3.38,3.08,4981.8,4.25,543708.0,29368753.0,9.82,9.11,4.25,10.98,50.0,49.95,48.85,50.0
2016-12-27 00:00:00+00:00,672.7,1208.25,3.86,27674.72,15.1,3.38,3.14,10406.4,4.25,543708.0,29368753.0,9.99,9.11,4.25,10.98,50.9,50.8,50.0,51.3
2016-12-28 00:00:00+00:00,678.0,1217.74,3.83,27892.21,15.2,3.38,3.16,6351.1,4.25,543708.0,29368753.0,10.07,9.11,4.25,10.98,51.3,51.2,50.4,51.5
2016-12-29 00:00:00+00:00,676.7,1215.37,3.83,27837.84,15.2,3.38,3.16,4086.6,4.25,543708.0,29368753.0,10.05,9.11,4.25,10.98,51.2,51.0,50.5,51.3
2016-12-30 00:00:00+00:00,672.7,1208.25,3.86,27674.72,15.1,3.38,3.14,4513.8,4.25,543708.0,29368753.0,9.99,9.11,4.25,10.98,51.0,50.9,50.9,51.5
2017-01-02 00:00:00+00:00,672.7,1208.25,3.86,27674.72,15.1,3.38,2.92,,4.25,543708.0,36446757.0,9.82,9.11,4.25,10.98,,,,
2017-01-03 00:00:00+00:00,683.3,1227.24,3.8,28109.69,15.3,3.38,2.96,4595.8,4.25,543708.0,36446757.0,9.97,9.11,4.25,10.98,51.7,51.6,50.6,51.7
2017-01-04 00:00:00+00:00,707.1,1269.97,3.67,29088.37,15.8,3.38,3.06,11160.1,4.25,543708.0,36446757.0,10.32,9.11,4.25,10.98,53.5,53.4,51.8,53.8
2017-01-05 00:00:00+00:00,713.7,1281.83,3.64,29360.22,16.0,3.38,3.09,5473.2,4.25,543708.0,36446757.0,10.42,9.11,4.25,10.98,54.0,53.9,53.0,54.0
2017-01-06 00:00:00+00:00,725.6,1303.2,3.58,29849.55,16.3,3.38,3.14,5347.0,4.25,543708.0,36446757.0,10.59,9.11,4.25,10.98,54.9,54.8,53.8,54.9
2017-01-09 00:00:00+00:00,707.1,1269.97,3.67,29088.37,15.8,3.38,3.06,6258.9,4.25,543708.0,36446757.0,10.32,9.11,4.25,10.98,53.6,53.5,52.4,54.7
2017-01-10 00:00:00+00:00,733.5,1317.44,3.54,30175.78,16.4,3.38,3.18,14240.3,4.25,543708.0,36446757.0,10.7,9.11,4.25,10.98,55.5,55.4,53.8,55.7
2017-01-11 00:00:00+00:00,754.6,1355.42,3.44,31045.72,16.9,3.38,3.27,10873.5,4.25,543708.0,36446757.0,11.01,9.11,4.25,10.98,57.1,57.0,55.9,57.4
2017-01-12 00:00:00+00:00,746.7,1341.18,3.47,30719.49,16.7,3.38,3.24,5564.5,4.25,543708.0,36446757.0,10.9,9.11,4.25,10.98,56.5,56.4,55.6,56.8
2017-01-13 00:00:00+00:00,752.0,1350.67,3.45,30936.97,16.9,3.38,3.26,6395.8,4.25,543708.0,36446757.0,10.97,9.11,4.25,10.98,56.9,56.8,55.5,57.0
2017-01-16 00:00:00+00:00,750.7,1348.3,3.46,30882.61,16.8,3.38,3.25,5973.3,4.25,543708.0,36446757.0,10.96,9.11,4.25,10.98,56.8,56.7,55.2,57.0
2017-01-17 00:00:00+00:00,737.4,1324.56,3.52,30338.89,16.5,3.38,3.2,4503.7,4.25,543708.0,36446757.0,10.76,9.11,4.25,10.98,55.9,55.8,55.8,57.7
2017-01-18 00:00:00+00:00,721.6,1296.08,3.6,29686.45,16.2,3.38,3.13,8868.9,4.25,543708.0,36446757.0,10.53,9.11,4.25,10.98,54.7,54.6,54.2,55.8
2017-01-19 00:00:00+00:00,729.5,1310.32,3.56,30012.67,16.3,3.38,3.16,4094.9,4.291,543708.0,36446757.0,10.65,7.69,4.29,13.0,55.2,55.1,54.3,55.4
2017-01-20 00:00:00+00:00,717.6,1288.96,3.62,29523.33,16.1,3.38,3.11,4252.4,4.291,543708.0,36446757.0,10.47,7.69,4.29,13.0,54.3,54.2,54.3,55.4
2017-01-23 00:00:00+00:00,750.7,1348.3,3.46,30882.61,16.8,3.38,3.25,8788.6,4.291,543708.0,36446757.0,10.96,7.69,4.29,13.0,56.9,56.8,54.5,57.7
2017-01-24 00:00:00+00:00,746.7,1341.18,3.47,30719.49,16.7,3.38,3.24,5326.5,4.291,543708.0,36446757.0,10.9,7.69,4.29,13.0,56.5,56.4,56.1,57.4
2017-01-25 00:00:00+00:00,746.7,1341.18,3.47,30719.49,16.7,3.38,3.24,,4.291,543708.0,36446757.0,10.9,7.69,4.29,13.0,,,,
2017-01-26 00:00:00+00:00,746.7,1341.18,3.47,30719.49,16.7,3.38,3.24,,4.291,543708.0,36446757.0,10.9,7.69,4.29,13.0,,,,
2017-01-27 00:00:00+00:00,746.7,1341.18,3.47,30719.49,16.7,3.38,3.24,,4.291,543708.0,36446757.0,10.9,7.69,4.29,13.0,,,,
2017-01-30 00:00:00+00:00,746.7,1341.18,3.47,30719.49,16.7,3.38,3.24,,4.291,543708.0,36446757.0,10.9,7.69,4.29,13.0,,,,
2017-01-31 00:00:00+00:00,746.7,1341.18,3.47,30719.49,16.7,3.38,3.24,,4.291,543708.0,36446757.0,10.9,7.69,4.29,13.0,,,,
2017-02-01 00:00:00+00:00,746.7,1341.18,3.47,30719.49,16.7,3.38,3.24,,4.291,543708.0,36446757.0,10.9,7.69,4.29,13.0,,,,
2017-02-02 00:00:00+00:00,746.7,1341.18,3.47,30719.49,16.7,3.38,3.24,8693.1,4.291,543708.0,36446757.0,10.9,7.69,4.29,13.0,56.6,56.5,56.2,57.4
2017-02-03 00:00:00+00:00,740.1,1329.31,3.51,30447.64,16.6,3.38,3.21,3828.6,4.291,543708.0,36446757.0,10.8,7.69,4.29,13.0,56.0,55.9,55.2,57.0
2017-02-06 00:00:00+00:00,725.6,1303.2,3.58,29849.55,16.3,3.38,3.14,8790.1,4.291,543708.0,36446757.0,10.59,7.69,4.29,13.0,54.9,54.8,54.2,56.1
2017-02-07 00:00:00+00:00,718.9,1291.33,3.61,29577.7,16.1,3.38,3.12,6098.8,4.291,543708.0,36446757.0,10.49,7.69,4.29,13.0,54.5,54.4,53.5,55.0
2017-02-08 00:00:00+00:00,773.1,1388.65,3.36,31806.91,17.3,3.38,3.35,15853.3,4.291,543708.0,36446757.0,11.28,7.69,4.29,13.0,58.5,58.4,54.0,59.3
2017-02-09 00:00:00+00:00,802.2,1440.88,3.23,33003.06,18.0,3.38,3.48,15995.1,4.291,543708.0,36446757.0,11.71,7.69,4.29,13.0,60.7,60.6,58.0,61.2
2017-02-10 00:00:00+00:00,782.4,1405.27,3.32,32187.5,17.5,3.38,3.39,9540.2,4.291,543708.0,36446757.0,11.42,7.69,4.29,13.0,59.2,59.1,58.4,60.6
2017-02-13 00:00:00+00:00,781.1,1402.9,3.32,32133.13,17.5,3.38,3.39,5670.7,4.291,543708.0,36446757.0,11.4,7.69,4.29,13.0,59.1,59.0,58.3,60.7
2017-02-14 00:00:00+00:00,766.5,1376.78,3.38,31535.05,17.2,3.38,3.32,5683.9,4.291,543708.0,36446757.0,11.19,7.69,4.29,13.0,58.0,57.9,57.0,59.6
2017-02-15 00:00:00+00:00,777.1,1395.78,3.34,31970.02,17.4,3.38,3.37,4022.9,4.291,543708.0,36446757.0,11.34,7.69,4.29,13.0,58.9,58.8,58.0,59.3
2017-02-16 00:00:00+00:00,767.8,1379.16,3.38,31589.43,17.2,3.38,3.33,2357.3,4.272,543708.0,36446757.0,11.21,7.365,4.27,13.58,58.2,58.1,58.0,59.0
2017-02-17 00:00:00+00:00,755.9,1357.79,3.43,31100.08,16.9,3.38,3.28,5415.1,4.272,543708.0,36446757.0,11.03,7.365,4.27,13.58,57.3,57.2,57.1,58.1
2017-02-20 00:00:00+00:00,749.3,1345.93,3.46,30828.23,16.8,3.38,3.25,4831.4,4.272,543708.0,36446757.0,10.94,7.365,4.27,13.58,56.8,56.7,56.6,58.6
2017-02-21 00:00:00+00:00,728.2,1307.95,3.56,29958.3,16.3,3.38,3.16,10118.7,4.272,543708.0,36446757.0,10.63,7.365,4.27,13.58,55.2,55.1,54.3,57.4
2017-02-22 00:00:00+00:00,749.3,1345.93,3.46,30828.23,16.8,3.38,3.25,6727.0,4.272,543708.0,36446757.0,10.94,7.365,4.27,13.58,56.8,56.7,55.1,57.0
2017-02-23 00:00:00+00:00,746.7,1341.18,3.47,30719.49,16.7,3.38,3.24,5358.3,4.272,543708.0,36446757.0,10.9,7.365,4.27,13.58,56.6,56.5,56.1,57.5
2017-02-24 00:00:00+00:00,746.7,1341.18,3.47,30719.49,16.7,3.38,3.24,4140.7,4.272,543708.0,36446757.0,10.9,7.365,4.27,13.58,56.7,56.5,55.8,57.0
2017-02-27 00:00:00+00:00,746.7,1341.18,3.47,30719.49,16.7,3.38,3.24,,4.272,543708.0,36446757.0,10.9,7.365,4.27,13.58,,,,
2017-02-28 00:00:00+00:00,746.7,1341.18,3.47,30741.11,16.7,3.38,3.24,,4.272,544090.0,36446757.0,10.9,7.365,4.27,13.58,,,,
2017-03-01 00:00:00+00:00,757.3,1360.17,3.43,31176.38,17.0,3.38,3.28,5863.7,4.272,544090.0,36446757.0,11.05,7.365,4.27,13.58,57.4,57.3,56.1,58.6
2017-03-02 00:00:00+00:00,769.2,1381.53,3.37,31666.05,17.2,3.38,3.33,6899.6,4.272,544090.0,36446757.0,11.23,7.365,4.27,13.58,58.2,58.1,57.1,58.3
2017-03-03 00:00:00+00:00,818.1,1469.36,3.17,33679.19,18.3,3.38,3.55,18701.3,4.272,544090.0,36446757.0,11.94,7.365,4.27,13.58,61.9,61.7,58.0,62.3
2017-03-06 00:00:00+00:00,808.8,1452.75,3.21,33298.33,18.1,3.38,3.51,9081.0,4.272,544090.0,36446757.0,11.8,7.365,4.27,13.58,61.2,61.1,60.6,62.6
2017-03-07 00:00:00+00:00,808.8,1452.75,3.21,33298.33,18.1,3.38,3.51,3634.9,4.272,544090.0,36446757.0,11.8,7.365,4.27,13.58,61.2,61.1,60.1,61.3
2017-03-08 00:00:00+00:00,818.1,1469.36,3.17,33679.19,18.3,3.38,3.55,5610.1,4.272,544090.0,36446757.0,11.94,7.365,4.27,13.58,62.0,61.9,61.0,62.3
2017-03-09 00:00:00+00:00,787.7,1414.77,3.29,32427.79,17.7,3.38,3.41,7672.2,4.272,544090.0,36446757.0,11.5,7.365,4.27,13.58,59.6,59.5,59.2,61.5
2017-03-10 00:00:00+00:00,778.4,1398.15,3.33,32046.92,17.4,3.38,3.37,7799.1,4.272,544090.0,36446757.0,11.36,7.365,4.27,13.58,59.0,58.9,57.3,59.6
2017-03-13 00:00:00+00:00,778.4,1398.15,3.33,32046.92,17.4,3.38,3.37,6802.1,4.272,544090.0,36446757.0,11.36,7.365,4.27,13.58,59.0,58.9,57.8,59.9
2017-03-14 00:00:00+00:00,793.0,1424.26,3.27,32645.42,17.8,3.38,3.44,3943.1,4.272,544090.0,36446757.0,11.57,7.365,4.27,13.58,60.0,59.9,58.2,60.3
2017-03-15 00:00:00+00:00,785.0,1410.02,3.3,32318.96,17.6,3.38,3.4,5400.6,4.272,544090.0,36446757.0,11.46,7.365,4.27,13.58,59.5,59.4,59.4,61.0
2017-03-16 00:00:00+00:00,800.9,1438.5,3.24,32971.88,17.9,3.38,3.47,7975.9,4.253,544090.0,36446757.0,11.69,7.088,4.25,14.11,60.7,60.6,60.1,61.6
2017-03-17 00:00:00+00:00,812.8,1459.87,3.19,33461.55,18.2,3.38,3.52,5516.5,4.253,544090.0,36446757.0,11.86,7.088,4.25,14.11,61.5,61.4,60.3,61.9
2017-03-20 00:00:00+00:00,845.8,1519.21,3.07,34821.79,19.0,3.38,3.67,13748.0,4.253,544090.0,36446757.0,12.34,7.088,4.25,14.11,64.0,63.9,61.5,65.0
2017-03-21 00:00:00+00:00,872.3,1566.69,4.7,35909.96,19.5,3.38,3.78,16974.7,4.253,544090.0,36446757.0,12.73,7.088,4.25,14.11,66.1,66.0,64.1,68.0
2017-03-22 00:00:00+00:00,857.7,1540.57,4.78,35311.46,19.2,3.38,3.72,12446.7,4.253,544090.0,36446757.0,12.52,7.088,4.25,14.11,65.0,64.9,63.6,65.3
2017-03-23 00:00:00+00:00,840.5,1509.72,4.88,34604.15,18.8,3.38,3.64,8734.5,4.253,544090.0,36446757.0,12.27,7.088,4.25,14.11,63.7,63.6,63.6,65.2
2017-03-24 00:00:00+00:00,851.1,1528.71,4.82,35039.41,19.1,3.38,3.69,6513.6,4.253,544090.0,36446757.0,12.42,7.088,4.25,14.11,64.4,64.3,63.2,65.2
2017-03-27 00:00:00+00:00,836.6,1502.59,4.9,34440.92,18.7,3.38,3.63,4749.0,4.253,544090.0,36446757.0,12.21,7.088,4.25,14.11,63.4,63.3,63.2,65.4
2017-03-28 00:00:00+00:00,845.8,1519.21,4.85,34821.79,19.0,3.38,3.67,9203.8,4.253,544090.0,36446757.0,12.34,7.088,4.25,14.11,64.1,64.0,61.5,64.7
2017-03-29 00:00:00+00:00,867.0,1557.19,4.73,35692.33,19.4,3.38,3.76,8622.0,4.253,544090.0,36446757.0,12.65,7.088,4.25,14.11,65.7,65.6,64.0,66.4
2017-03-30 00:00:00+00:00,893.4,1604.67,4.59,36780.51,20.0,3.38,3.87,9175.6,4.253,544090.0,36446757.0,13.04,7.088,4.25,14.11,67.6,67.5,65.4,67.7
2017-03-31 00:00:00+00:00,884.1,1588.05,4.64,36490.12,19.1,3.51,3.83,9669.9,4.253,545443.0,36446757.0,12.9,7.088,4.25,14.11,66.9,66.8,66.7,69.9
2017-04-03 00:00:00+00:00,884.1,1588.05,4.64,36490.12,19.1,3.51,3.83,,4.253,545443.0,36446757.0,12.9,7.088,4.25,14.11,,,,
2017-04-04 00:00:00+00:00,884.1,1588.05,4.64,36490.12,19.1,3.51,3.83,,4.253,545443.0,36446757.0,12.9,7.088,4.25,14.11,,,,
2017-04-05 00:00:00+00:00,933.0,1675.88,4.39,38508.27,20.1,3.51,4.04,9912.1,4.253,545443.0,36446757.0,13.62,7.088,4.25,14.11,70.6,70.5,67.2,70.6
2017-04-06 00:00:00+00:00,915.9,1645.02,4.48,37799.19,19.7,3.51,3.97,10248.6,4.253,545443.0,36446757.0,13.37,7.088,4.25,14.11,69.4,69.3,68.9,71.9
2017-04-07 00:00:00+00:00,951.5,1709.11,4.31,39271.89,20.5,3.51,4.12,9519.0,4.253,545443.0,36446757.0,13.89,7.088,4.25,14.11,72.0,71.9,69.1,72.0
2017-04-10 00:00:00+00:00,923.8,1659.26,4.44,38126.45,19.9,3.51,4.0,6366.0,4.253,545443.0,36446757.0,13.48,7.088,4.25,14.11,70.0,69.9,69.5,72.9
2017-04-11 00:00:00+00:00,877.5,1576.18,4.67,36217.4,18.9,3.51,3.8,10296.8,4.253,545443.0,36446757.0,12.81,7.088,4.25,14.11,66.5,66.4,66.3,70.5
2017-04-12 00:00:00+00:00,900.0,1616.54,4.56,37144.66,19.4,3.51,3.9,12159.5,4.253,545443.0,36446757.0,13.13,7.088,4.25,14.11,68.2,68.1,66.7,70.5
2017-04-13 00:00:00+00:00,931.7,1673.51,4.4,38453.72,20.1,3.51,4.04,7522.8,4.253,545443.0,36446757.0,13.6,7.088,4.25,14.11,70.5,70.3,67.8,70.5
2017-04-14 00:00:00+00:00,901.3,1618.91,4.55,37199.2,19.4,3.51,3.91,4981.7,4.253,545443.0,36446757.0,13.15,7.088,4.25,14.11,68.4,68.2,68.0,70.2
2017-04-17 00:00:00+00:00,896.0,1609.41,4.58,36981.03,19.3,3.51,3.88,5160.1,4.253,545443.0,36446757.0,13.08,7.088,4.25,14.11,67.8,67.7,66.6,69.1
2017-04-18 00:00:00+00:00,915.9,1645.02,4.48,37799.19,19.7,3.51,3.97,4537.2,4.253,545443.0,36446757.0,13.37,7.088,4.25,14.11,69.3,69.2,68.2,69.8
2017-04-19 00:00:00+00:00,910.6,1635.53,4.5,37581.01,19.6,3.51,3.95,2971.3,4.253,545443.0,36446757.0,13.29,7.088,4.25,14.11,68.9,68.8,68.3,69.5
2017-04-20 00:00:00+00:00,885.5,1590.42,4.63,36544.67,19.1,3.51,3.84,6210.6,4.74,545443.0,36446757.0,12.92,6.84,4.74,14.62,67.0,66.9,66.0,68.9
2017-04-21 00:00:00+00:00,882.8,1585.68,4.64,36435.58,19.0,3.51,3.83,5514.4,4.74,545443.0,36446757.0,12.88,6.84,4.74,14.62,66.8,66.7,65.6,67.8
2017-04-24 00:00:00+00:00,853.7,1533.45,4.8,35235.61,18.4,3.51,3.7,5972.9,4.74,545443.0,36446757.0,12.46,6.84,4.74,14.62,64.7,64.6,64.5,67.1
2017-04-25 00:00:00+00:00,881.5,1583.3,4.65,36381.04,19.0,3.51,3.82,7023.5,4.74,545443.0,36446757.0,12.86,6.84,4.74,14.62,66.9,66.7,65.0,67.4
2017-04-26 00:00:00+00:00,915.9,1645.02,4.48,37799.19,19.7,3.51,3.97,7688.2,4.74,545443.0,36446757.0,13.37,6.84,4.74,14.62,69.3,69.2,66.8,69.4
2017-04-27 00:00:00+00:00,898.7,1614.16,4.56,37090.11,19.4,3.51,3.9,5846.0,4.74,545443.0,36446757.0,13.12,6.84,4.74,14.62,68.1,68.0,67.6,69.4
2017-04-28 00:00:00+00:00,905.3,1626.03,4.53,37362.84,19.5,3.51,3.92,5661.6,4.74,545443.0,36446757.0,13.21,6.84,4.74,14.62,68.6,68.5,67.4,69.2
2017-05-01 00:00:00+00:00,905.3,1626.03,4.53,37362.84,19.5,3.51,3.92,,4.74,545443.0,36446757.0,13.21,6.84,4.74,14.62,,,,
2017-05-02 00:00:00+00:00,861.7,1547.7,4.76,35562.87,18.6,3.51,3.73,11587.2,4.74,545443.0,36446757.0,12.58,6.84,4.74,14.62,65.3,65.2,64.7,68.9
2017-05-03 00:00:00+00:00,814.1,1462.24,5.04,33599.28,17.5,3.51,3.53,18002.0,4.74,545443.0,36446757.0,11.88,6.84,4.74,14.62,61.8,61.6,61.3,64.5
2017-05-04 00:00:00+00:00,847.1,1521.58,4.84,34962.89,18.3,3.51,3.67,19120.7,4.74,545443.0,36446757.0,12.36,6.84,4.74,14.62,64.1,64.0,59.7,64.2
2017-05-05 00:00:00+00:00,845.8,1519.21,4.85,34908.34,18.2,3.51,3.67,5148.4,4.74,545443.0,36446757.0,12.34,6.84,4.74,14.62,64.1,64.0,63.3,64.5
2017-05-08 00:00:00+00:00,852.4,1531.08,4.81,35181.06,18.4,3.51,3.69,6626.1,4.74,545443.0,36446757.0,12.44,6.84,4.74,14.62,64.6,64.5,63.1,65.3
2017-05-09 00:00:00+00:00,847.1,1521.58,4.84,34962.89,18.3,3.51,3.67,4885.2,4.74,545443.0,36446757.0,12.36,6.84,4.74,14.62,64.2,64.1,63.8,65.0
2017-05-10 00:00:00+00:00,873.6,1569.06,4.69,36053.77,18.8,3.51,3.79,12729.0,4.74,545443.0,36446757.0,12.75,6.84,4.74,14.62,66.1,66.0,65.6,67.3
2017-05-11 00:00:00+00:00,877.5,1576.18,4.67,36217.4,18.9,3.51,3.8,6564.2,4.74,545443.0,36446757.0,12.81,6.84,4.74,14.62,66.5,66.4,65.6,67.4
2017-05-12 00:00:00+00:00,870.9,1564.31,4.71,35944.68,16.7,3.96,3.77,4236.6,4.74,545443.0,36446757.0,12.71,6.84,4.74,14.62,65.9,65.8,65.7,67.1
2017-05-15 00:00:00+00:00,885.5,1590.42,4.63,36544.67,16.9,3.96,3.84,4829.3,4.74,545443.0,36446757.0,12.92,6.84,4.74,14.62,67.0,66.9,65.8,67.5
2017-05-16 00:00:00+00:00,865.6,1554.82,4.74,35726.5,16.6,3.96,3.75,5833.6,4.74,545443.0,36446757.0,12.63,6.84,4.74,14.62,65.6,65.5,64.5,67.8
2017-05-17 00:00:00+00:00,852.4,1531.08,4.81,35181.06,16.3,3.96,3.69,5429.3,4.74,545443.0,36446757.0,12.44,6.84,4.74,14.62,64.5,64.4,64.2,65.5
2017-05-18 00:00:00+00:00,857.7,1540.57,4.78,35399.23,16.4,3.96,3.72,6849.7,4.937,545443.0,36446757.0,12.52,7.537,4.94,13.27,64.9,64.7,63.1,65.1
2017-05-19 00:00:00+00:00,864.3,1552.44,4.74,35671.96,16.5,3.96,3.75,3064.0,4.937,545443.0,36446757.0,12.61,7.537,4.94,13.27,65.4,65.3,65.0,65.6
2017-05-22 00:00:00+00:00,861.7,1547.7,4.76,35562.87,16.5,3.96,3.73,1786.4,4.937,545443.0,36446757.0,12.58,7.537,4.94,13.27,65.2,65.1,64.8,65.7
2017-05-23 00:00:00+00:00,867.0,1557.19,4.73,35781.05,16.6,3.96,3.76,4543.6,4.937,545443.0,36446757.0,12.65,7.537,4.94,13.27,65.7,65.6,65.2,67.1
2017-05-24 00:00:00+00:00,874.9,1571.43,4.69,36108.31,16.7,3.96,3.79,5743.8,4.937,545443.0,36446757.0,12.77,7.537,4.94,13.27,66.3,66.2,64.7,66.2
2017-05-25 00:00:00+00:00,898.7,1614.16,4.56,37167.8,17.2,3.96,3.9,13161.9,4.937,546585.0,36446757.0,13.12,7.537,4.94,13.27,68.0,67.9,65.9,68.7
2017-05-26 00:00:00+00:00,892.1,1602.29,4.6,36894.5,17.1,3.96,3.87,5137.5,4.937,546585.0,36446757.0,13.02,7.537,4.94,13.27,67.5,67.4,67.3,68.7
2017-05-29 00:00:00+00:00,892.1,1602.29,4.6,36894.5,17.1,3.96,3.87,,4.937,546585.0,36446757.0,13.02,7.537,4.94,13.27,,,,
2017-05-30 00:00:00+00:00,892.1,1602.29,4.6,36894.5,17.1,3.96,3.87,,4.937,546585.0,36446757.0,13.02,7.537,4.94,13.27,,,,
2017-05-31 00:00:00+00:00,886.8,1592.8,4.62,36675.87,17.0,3.96,3.84,3272.8,4.937,546585.0,36446757.0,12.94,7.537,4.94,13.27,67.3,67.1,67.0,68.2
2017-06-01 00:00:00+00:00,898.7,1614.16,4.56,37167.8,17.2,3.96,3.9,3915.7,4.937,546585.0,36446757.0,13.12,7.537,4.94,13.27,68.0,67.9,67.3,68.4
2017-06-02 00:00:00+00:00,902.6,1621.28,4.54,37331.77,17.3,3.96,3.91,3205.8,4.937,546585.0,36446757.0,13.17,7.537,4.94,13.27,68.3,68.2,67.6,68.4
2017-06-05 00:00:00+00:00,938.3,1685.37,4.37,38807.55,17.9,3.96,4.07,6984.3,4.937,546585.0,36446757.0,13.69,7.537,4.94,13.27,71.0,70.9,70.0,71.2
2017-06-06 00:00:00+00:00,944.9,1697.24,4.34,39080.84,18.1,3.96,4.1,4197.1,4.937,546585.0,36446757.0,13.79,7.537,4.94,13.27,71.5,71.4,70.2,71.6
2017-06-07 00:00:00+00:00,923.8,1659.26,4.44,38206.3,17.7,3.96,4.0,5733.5,4.937,546585.0,36446757.0,13.48,7.537,4.94,13.27,70.0,69.9,69.9,72.4
2017-06-08 00:00:00+00:00,925.1,1661.64,4.43,38260.97,17.7,3.96,4.01,2860.1,4.937,546585.0,36446757.0,13.5,7.537,4.94,13.27,70.1,70.0,69.4,70.7
2017-06-09 00:00:00+00:00,941.0,1690.12,4.36,38916.87,18.0,3.96,4.08,6554.4,4.937,546585.0,36446757.0,13.73,7.537,4.94,13.27,71.2,71.1,70.4,71.9
2017-06-12 00:00:00+00:00,1034.8,1858.66,3.96,42797.63,19.8,3.96,4.49,26634.8,4.937,546585.0,36446757.0,15.1,7.537,4.94,13.27,,78.3,72.1,78.3
2017-06-13 00:00:00+00:00,1028.2,1846.79,3.99,42524.33,19.7,3.96,4.46,15284.6,4.937,546585.0,36446757.0,15.01,7.537,4.94,13.27,77.9,77.8,77.2,79.8
2017-06-14 00:00:00+00:00,984.6,1768.46,4.16,40720.6,18.8,3.96,4.27,12266.0,4.937,546585.0,36446757.0,14.37,7.537,4.94,13.27,74.6,74.5,73.0,77.7
2017-06-15 00:00:00+00:00,978.0,1756.59,4.19,40447.31,18.7,3.96,4.24,11116.2,5.145,546585.0,36446757.0,14.27,6.613,5.15,15.12,74.0,73.9,72.2,75.0
2017-06-16 00:00:00+00:00,993.8,1785.07,4.12,41103.21,19.0,3.96,4.31,12527.2,5.145,546585.0,36446757.0,14.5,6.613,5.15,15.12,75.3,75.2,73.0,77.4
2017-06-19 00:00:00+00:00,1018.9,1830.17,4.02,42141.73,19.5,3.96,4.42,6353.1,5.145,546585.0,36446757.0,14.87,6.613,5.15,15.12,77.1,76.9,75.5,77.3
2017-06-20 00:00:00+00:00,1011.0,1815.93,4.05,41813.77,19.3,3.96,4.38,4281.3,5.145,546585.0,36446757.0,14.75,6.613,5.15,15.12,76.6,76.5,76.0,77.6
2017-06-21 00:00:00+00:00,1034.8,1858.66,3.96,42797.63,19.8,3.96,4.49,6159.5,5.145,546585.0,36446757.0,15.1,6.613,5.15,15.12,78.3,78.2,75.1,78.4
2017-06-22 00:00:00+00:00,1082.4,1944.12,3.79,44765.3,20.7,3.96,4.69,19289.4,5.145,546585.0,36446757.0,15.8,6.613,5.15,15.12,81.9,81.8,78.4,85.6
2017-06-23 00:00:00+00:00,1070.5,1922.75,3.83,44273.38,20.5,3.96,4.64,11423.0,5.145,546585.0,36446757.0,15.62,6.613,5.15,15.12,81.0,80.9,80.1,83.8
2017-06-26 00:00:00+00:00,1077.1,1934.62,3.81,44546.66,20.6,3.96,4.67,4358.8,5.145,546585.0,36446757.0,15.72,6.613,5.15,15.12,81.5,81.4,80.3,82.5
2017-06-27 00:00:00+00:00,1078.4,1936.99,3.8,44601.34,20.6,3.96,4.67,5473.3,5.145,546585.0,36446757.0,15.74,6.613,5.15,15.12,81.7,81.6,80.5,82.3
2017-06-28 00:00:00+00:00,1028.2,1846.79,3.99,42524.33,19.7,3.96,4.46,10668.5,5.145,546585.0,36446757.0,15.01,6.613,5.15,15.12,78.0,77.8,77.5,81.4
2017-06-29 00:00:00+00:00,1037.4,1863.41,3.95,42906.94,19.8,3.96,4.5,4333.2,5.145,546585.0,36446757.0,15.14,6.613,5.15,15.12,78.5,78.4,78.0,79.2
2017-06-30 00:00:00+00:00,1025.6,1842.04,4.0,42447.88,19.6,3.96,4.44,4839.9,5.145,547009.0,36446757.0,14.97,6.613,5.15,15.12,77.6,77.5,76.5,77.9
2017-07-03 00:00:00+00:00,1030.8,1851.54,3.98,42666.68,19.7,3.96,4.47,3571.0,5.145,547009.0,36446757.0,15.04,6.613,5.15,15.12,78.1,78.0,77.5,78.5
2017-07-04 00:00:00+00:00,1003.1,1801.69,4.09,41517.96,19.2,3.96,4.35,5147.5,5.145,547009.0,36446757.0,14.64,6.613,5.15,15.12,76.0,75.9,75.8,78.4
2017-07-05 00:00:00+00:00,1017.6,1827.8,4.03,42119.68,19.5,3.96,4.41,4342.1,5.145,547009.0,36446757.0,14.85,6.613,5.15,15.12,77.0,76.9,75.2,77.3
2017-07-06 00:00:00+00:00,1008.4,1811.18,4.07,41736.77,19.3,3.96,4.37,3737.8,5.145,547009.0,36446757.0,14.72,6.613,5.15,15.12,76.5,76.3,76.3,78.6
2017-07-07 00:00:00+00:00,1015.0,1823.05,4.04,42010.27,19.4,3.96,4.4,2415.9,5.145,547009.0,36446757.0,14.81,6.613,5.15,15.12,76.8,76.7,75.5,77.2
2017-07-10 00:00:00+00:00,1001.8,1799.32,4.09,41463.27,19.2,3.96,4.34,6554.2,5.145,547009.0,36446757.0,14.62,6.613,5.15,15.12,75.9,75.8,75.3,76.9
2017-07-11 00:00:00+00:00,966.1,1808.76,4.24,39986.34,18.5,3.96,4.19,9325.4,5.145,547009.0,36446757.0,14.1,6.613,5.15,15.12,73.2,73.1,73.0,75.4
2017-07-12 00:00:00+00:00,995.2,1863.19,4.12,41189.76,19.0,3.96,4.31,9401.8,5.145,547009.0,36446757.0,14.52,6.613,5.15,15.12,75.4,75.3,73.6,76.0
2017-07-13 00:00:00+00:00,1057.3,1979.49,3.88,43760.68,20.2,3.96,4.58,12759.2,5.145,547009.0,36446757.0,15.43,6.613,5.15,15.12,80.0,79.9,76.5,80.3
2017-07-14 00:00:00+00:00,1042.7,1952.27,3.93,43158.98,19.9,3.96,4.52,6357.7,5.145,547009.0,36446757.0,15.22,6.613,5.15,15.12,78.9,78.8,78.6,80.1
2017-07-17 00:00:00+00:00,1089.0,2038.87,3.76,45073.49,20.8,3.96,4.72,14273.2,5.145,547009.0,36446757.0,15.89,6.613,5.15,15.12,82.5,82.4,78.9,83.6
2017-07-18 00:00:00+00:00,1103.5,2066.09,3.71,45675.23,21.1,3.96,4.78,7428.1,5.145,547009.0,36446757.0,16.11,6.613,5.15,15.12,83.6,83.5,81.8,83.9
2017-07-19 00:00:00+00:00,1093.0,2046.3,3.75,45237.61,20.9,3.96,4.74,4789.0,5.145,547009.0,36446757.0,15.95,6.613,5.15,15.12,82.8,82.7,82.5,84.2
2017-07-20 00:00:00+00:00,1069.2,2001.76,3.83,44252.98,20.5,3.96,4.63,6215.8,5.297,547009.0,36446757.0,15.6,6.343,5.3,15.76,81.0,80.9,80.9,83.3
2017-07-21 00:00:00+00:00,1053.3,1972.07,3.89,43596.59,20.1,3.96,4.57,6932.5,5.297,547009.0,36446757.0,15.37,6.343,5.3,15.76,79.8,79.7,79.6,82.2
2017-07-24 00:00:00+00:00,1083.7,2028.98,3.78,44854.68,20.7,3.96,4.7,6361.1,5.297,547009.0,36446757.0,15.82,6.343,5.3,15.76,82.0,81.9,79.1,82.0
2017-07-25 00:00:00+00:00,1070.5,2004.23,3.83,44307.7,20.5,3.96,4.64,3991.8,5.297,547009.0,36446757.0,15.62,6.343,5.3,15.76,81.1,81.0,81.0,82.8
2017-07-26 00:00:00+00:00,1079.7,2021.55,3.8,44690.59,20.7,3.96,4.68,4446.6,5.297,547009.0,36446757.0,15.76,6.343,5.3,15.76,81.8,81.7,80.4,82.6
2017-07-27 00:00:00+00:00,1079.7,2021.55,3.8,44690.59,20.7,3.96,4.68,4692.7,5.297,547009.0,36446757.0,15.76,6.343,5.3,15.76,81.9,81.7,81.5,82.8
2017-07-28 00:00:00+00:00,1082.4,2026.5,3.79,44800.0,20.7,3.96,4.69,6123.5,5.297,547009.0,36446757.0,15.8,6.343,5.3,15.76,82.0,81.9,81.7,83.5
2017-07-31 00:00:00+00:00,1063.9,1991.86,3.85,44034.17,20.3,3.96,4.61,3691.9,5.297,547009.0,36446757.0,15.53,6.343,5.3,15.76,80.6,80.5,80.5,82.8
2017-08-01 00:00:00+00:00,1070.5,2004.23,3.83,44307.7,20.5,3.96,4.64,4113.0,5.297,547009.0,36446757.0,15.62,6.343,5.3,15.76,81.0,80.9,79.6,81.3
2017-08-02 00:00:00+00:00,1073.1,2009.18,3.82,44417.11,20.5,3.96,4.65,8074.7,5.297,547009.0,36446757.0,15.66,6.343,5.3,15.76,81.5,81.2,80.9,82.8
2017-08-03 00:00:00+00:00,1044.1,1954.75,3.93,43213.66,20.0,3.96,4.53,7356.8,5.297,547009.0,36446757.0,15.24,6.343,5.3,15.76,79.0,78.9,79.0,80.8
2017-08-04 00:00:00+00:00,1042.7,1952.27,3.93,43158.98,19.9,3.96,4.52,5567.0,5.297,547009.0,36446757.0,15.22,6.343,5.3,15.76,78.9,78.8,78.2,79.9
2017-08-07 00:00:00+00:00,1034.8,1937.43,3.96,42830.79,19.8,3.96,4.49,4442.4,5.297,547009.0,36446757.0,15.1,6.343,5.3,15.76,78.4,78.3,78.3,80.1
2017-08-08 00:00:00+00:00,1037.4,1942.37,3.95,42940.19,19.8,3.96,4.5,6511.4,5.297,547009.0,36446757.0,15.14,6.343,5.3,15.76,78.5,78.4,77.4,78.7
2017-08-09 00:00:00+00:00,1017.6,1905.26,4.03,42119.68,19.5,3.96,4.41,6416.5,5.297,547009.0,36446757.0,14.85,6.343,5.3,15.76,77.0,76.9,77.0,79.7
2017-08-10 00:00:00+00:00,1042.7,1952.27,3.93,43158.98,19.9,3.96,4.52,15259.0,5.297,547009.0,36446757.0,15.22,6.343,5.3,15.76,78.9,78.8,77.9,80.3
2017-08-11 00:00:00+00:00,1057.3,1979.49,3.88,43760.68,20.2,3.96,4.58,6527.6,5.297,547009.0,36446757.0,15.43,6.343,5.3,15.76,80.0,79.9,78.2,80.3
2017-08-14 00:00:00+00:00,1017.6,1905.26,4.03,42119.68,18.2,4.23,4.41,5138.4,5.297,547009.0,36446757.0,14.85,6.343,5.3,15.76,77.1,77.0,76.7,81.0
2017-08-15 00:00:00+00:00,1041.4,1949.8,3.94,43104.25,18.6,4.23,4.51,3746.0,5.297,547009.0,36446757.0,15.2,6.343,5.3,15.76,78.8,78.7,77.8,79.3
2017-08-16 00:00:00+00:00,1026.9,1922.58,3.99,42502.58,18.4,4.23,4.45,4789.3,5.297,547009.0,36446757.0,14.99,6.343,5.3,15.76,77.7,77.6,77.1,79.3
2017-08-17 00:00:00+00:00,1024.2,1917.63,4.0,42393.18,18.3,4.23,4.44,3995.0,5.473,547009.0,36446757.0,14.95,6.946,5.47,14.4,77.6,77.5,77.1,78.3
2017-08-18 00:00:00+00:00,1011.0,1892.89,4.05,41846.17,18.1,4.23,4.38,5311.6,5.473,547009.0,36446757.0,14.75,6.946,5.47,14.4,76.5,76.4,75.6,76.8
2017-08-21 00:00:00+00:00,997.8,1868.14,4.11,41299.16,17.8,4.23,4.32,3824.7,5.473,547009.0,36446757.0,14.56,6.946,5.47,14.4,75.6,75.5,75.2,77.3
2017-08-22 00:00:00+00:00,1001.8,1875.57,4.09,41463.27,17.9,4.23,4.34,2617.9,5.473,547009.0,36446757.0,14.62,6.946,5.47,14.4,75.9,75.8,75.6,76.6
2017-08-23 00:00:00+00:00,1037.4,1942.37,3.95,42940.19,18.5,4.23,4.5,9073.2,5.473,547009.0,36446757.0,15.14,6.946,5.47,14.4,78.6,78.5,76.0,80.0
2017-08-24 00:00:00+00:00,1045.4,1957.22,3.92,43268.38,18.7,4.23,4.53,5465.2,5.473,547009.0,36446757.0,15.26,6.946,5.47,14.4,79.2,79.1,78.5,80.0
2017-08-25 00:00:00+00:00,1032.2,1932.48,3.97,42721.39,18.5,4.23,4.47,4332.1,5.473,547009.0,36446757.0,15.06,6.946,5.47,14.4,78.2,78.1,77.5,79.6
2017-08-28 00:00:00+00:00,1048.0,1962.17,3.91,43377.79,18.7,4.23,4.54,4016.8,5.473,547009.0,36446757.0,15.29,6.946,5.47,14.4,79.3,79.2,77.6,79.8
2017-08-29 00:00:00+00:00,1034.8,1937.43,3.96,42830.79,18.5,4.23,4.49,1945.8,5.473,547009.0,36446757.0,15.1,6.946,5.47,14.4,78.4,78.3,77.8,79.3
2017-08-30 00:00:00+00:00,1040.1,1947.32,3.94,43049.57,18.6,4.23,4.51,2960.0,5.473,547009.0,36446757.0,15.18,6.946,5.47,14.4,78.7,78.6,78.6,79.8
2017-08-31 00:00:00+00:00,1044.1,1954.75,3.93,43213.66,18.7,4.23,4.53,3036.4,5.473,547009.0,36446757.0,15.24,6.946,5.47,14.4,79.0,78.9,78.3,79.8
2017-09-01 00:00:00+00:00,1116.7,2090.84,3.67,46222.21,20.0,4.23,4.84,26796.3,5.473,547009.0,36446757.0,16.3,6.946,5.47,14.4,84.6,84.5,79.7,86.6
2017-09-04 00:00:00+00:00,1135.2,2125.48,3.61,46988.04,20.3,4.23,4.92,10387.6,5.473,547009.0,36446757.0,16.57,6.946,5.47,14.4,85.9,85.8,83.1,86.0
2017-09-05 00:00:00+00:00,1182.8,2214.55,3.47,48957.27,21.1,4.23,5.13,13155.2,5.473,547009.0,36446757.0,17.26,6.946,5.47,14.4,89.6,89.5,87.0,91.9
2017-09-06 00:00:00+00:00,1178.9,2207.13,3.48,48793.15,21.1,4.23,5.11,8748.0,5.473,547009.0,36446757.0,17.2,6.946,5.47,14.4,89.3,89.2,87.3,90.9
2017-09-07 00:00:00+00:00,1165.6,2182.39,3.52,48246.17,20.8,4.23,5.05,8216.5,5.473,547009.0,36446757.0,17.01,6.946,5.47,14.4,88.3,88.2,88.2,92.5
2017-09-08 00:00:00+00:00,1189.4,2226.93,3.45,49230.77,21.3,4.23,5.16,5660.5,5.473,547009.0,36446757.0,17.36,6.946,5.47,14.4,90.1,90.0,88.0,90.4
2017-09-11 00:00:00+00:00,1182.8,2214.55,3.47,48957.27,21.1,4.23,5.13,3777.7,5.473,547009.0,36446757.0,17.26,6.946,5.47,14.4,89.6,89.5,89.0,91.5
2017-09-12 00:00:00+00:00,1186.8,2221.98,3.45,49121.36,21.2,4.23,5.14,5378.2,5.473,547009.0,36446757.0,17.32,6.946,5.47,14.4,90.0,89.8,89.6,91.9
2017-09-13 00:00:00+00:00,1221.2,2286.31,3.36,50543.57,21.8,4.23,5.29,9270.4,5.473,547009.0,36446757.0,17.82,6.946,5.47,14.4,92.5,92.4,90.0,94.9
2017-09-14 00:00:00+00:00,1229.1,2301.16,3.34,50871.79,22.0,4.23,5.33,5244.0,5.635,547009.0,36446757.0,17.94,6.275,5.64,15.94,93.0,92.9,90.5,93.3
2017-09-15 00:00:00+00:00,1300.4,2434.77,3.15,53825.66,23.2,4.23,5.64,14697.3,5.635,547009.0,36446757.0,18.98,6.275,5.64,15.94,98.4,98.0,92.6,98.4
2017-09-18 00:00:00+00:00,1264.8,2367.96,3.24,52348.72,22.6,4.23,5.48,8341.6,5.635,547009.0,36446757.0,18.46,6.275,5.64,15.94,95.8,95.7,94.7,97.7
2017-09-19 00:00:00+00:00,1211.9,2268.99,3.38,50160.68,21.7,4.23,5.25,7481.4,5.635,547009.0,36446757.0,17.69,6.275,5.64,15.94,92.0,91.7,91.5,96.0
2017-09-20 00:00:00+00:00,1214.5,2273.94,3.38,50270.08,21.7,4.23,5.26,4341.9,5.635,547009.0,36446757.0,17.73,6.275,5.64,15.94,92.0,91.9,91.3,93.7
2017-09-21 00:00:00+00:00,1247.6,2335.8,3.29,51637.61,22.3,4.23,5.41,3397.7,5.635,547009.0,36446757.0,18.21,6.275,5.64,15.94,94.4,94.1,91.0,94.4
2017-09-22 00:00:00+00:00,1230.4,2303.63,3.33,50926.51,22.0,4.23,5.33,3534.2,5.635,547009.0,36446757.0,17.96,6.275,5.64,15.94,93.2,93.1,92.0,94.0
2017-09-25 00:00:00+00:00,1197.4,2241.77,3.42,49558.98,21.4,4.23,5.19,4254.2,5.635,547009.0,36446757.0,17.47,6.275,5.64,15.94,90.7,90.6,89.6,92.9
2017-09-26 00:00:00+00:00,1214.5,2273.94,3.38,50270.08,21.7,4.23,5.26,4520.1,5.635,547009.0,36446757.0,17.73,6.275,5.64,15.94,91.9,91.4,89.9,93.0
2017-09-27 00:00:00+00:00,1260.8,2360.54,3.25,52184.59,22.5,4.23,5.46,11460.5,5.635,547009.0,36446757.0,18.4,6.275,5.64,15.94,95.4,95.3,93.2,96.1
2017-09-28 00:00:00+00:00,1268.7,2375.39,3.23,52512.81,22.7,4.23,5.5,5554.4,5.635,547009.0,36446757.0,18.52,6.275,5.64,15.94,96.0,95.8,94.8,96.6
2017-09-29 00:00:00+00:00,1288.6,2412.5,3.18,53333.32,23.0,4.23,5.58,19211.9,5.635,547009.0,36446757.0,18.81,6.275,5.64,15.94,97.5,97.2,96.3,101.5
2017-10-02 00:00:00+00:00,1315.0,2461.99,3.12,55010.63,23.5,4.23,5.7,4326.1,5.635,552871.0,36446757.0,19.19,6.275,5.64,15.94,99.5,99.4,97.6,99.9
2017-10-03 00:00:00+00:00,1321.6,2474.36,3.1,55287.07,23.6,4.23,5.73,7352.4,5.635,552871.0,36446757.0,19.29,6.275,5.64,15.94,100.0,99.9,98.0,101.0
2017-10-04 00:00:00+00:00,1321.6,2474.36,3.1,55287.07,23.6,4.23,5.73,,5.635,552871.0,36446757.0,19.29,6.275,5.64,15.94,,,,
2017-10-05 00:00:00+00:00,1320.3,2471.89,3.11,55231.77,23.6,4.23,5.72,5428.6,5.635,552871.0,36446757.0,19.27,6.275,5.64,15.94,99.9,99.8,99.0,102.0
2017-10-06 00:00:00+00:00,1289.9,2414.98,3.18,53960.17,23.1,4.23,5.59,5162.4,5.635,552871.0,36446757.0,18.82,6.275,5.64,15.94,97.7,97.6,96.9,100.5
2017-10-09 00:00:00+00:00,1289.9,2414.98,3.18,53960.17,23.1,4.23,5.59,,5.635,552871.0,36446757.0,18.82,6.275,5.64,15.94,,,,
2017-10-10 00:00:00+00:00,1289.9,2414.98,3.18,53960.17,23.1,4.23,5.59,,5.635,552871.0,36446757.0,18.82,6.275,5.64,15.94,,,,
2017-10-11 00:00:00+00:00,1299.1,2432.3,3.16,54347.2,23.2,4.23,5.63,5565.7,5.635,552871.0,36446757.0,18.96,6.275,5.64,15.94,98.4,98.3,96.0,98.5
2017-10-12 00:00:00+00:00,1328.2,2486.73,3.09,55563.51,23.7,4.23,5.76,5933.6,5.635,552871.0,36446757.0,19.38,6.275,5.64,15.94,100.5,100.0,97.5,101.0
2017-10-13 00:00:00+00:00,1316.3,2464.46,3.11,55065.93,23.5,4.23,5.71,3065.1,5.635,552871.0,36446757.0,19.21,6.275,5.64,15.94,99.7,99.5,98.9,100.5
2017-10-16 00:00:00+00:00,1303.1,2439.72,3.15,54513.05,23.3,4.23,5.65,7336.9,5.635,552871.0,36446757.0,19.02,6.275,5.64,15.94,98.7,98.6,98.6,103.5
2017-10-17 00:00:00+00:00,1275.3,2387.76,3.21,53352.04,22.8,4.23,5.53,4502.3,5.635,552871.0,36446757.0,18.61,6.275,5.64,15.94,96.7,96.5,96.5,99.3
2017-10-18 00:00:00+00:00,1243.6,2328.37,3.3,52025.14,22.2,4.23,5.39,6056.5,5.635,552871.0,36446757.0,18.15,6.275,5.64,15.94,94.2,94.1,93.5,97.5
2017-10-19 00:00:00+00:00,1276.7,2390.23,3.21,53407.29,22.8,4.23,5.53,5134.4,5.74,552871.0,36446757.0,18.63,5.948,5.74,16.81,96.6,96.5,95.0,97.9
2017-10-20 00:00:00+00:00,1266.1,2370.44,3.24,52965.0,22.6,4.23,5.49,3208.6,5.74,552871.0,36446757.0,18.48,5.948,5.74,16.81,96.0,95.8,95.8,96.9
2017-10-23 00:00:00+00:00,1315.0,2461.99,3.12,55010.63,23.5,4.23,5.7,6958.3,5.74,552871.0,36446757.0,19.19,5.948,5.74,16.81,99.5,99.4,97.5,99.7
2017-10-24 00:00:00+00:00,1289.9,2414.98,3.18,53960.17,23.1,4.23,5.59,10462.1,5.74,552871.0,36446757.0,18.82,5.948,5.74,16.81,97.7,97.6,97.5,102.5
2017-10-25 00:00:00+00:00,1283.3,2402.61,3.19,53683.73,22.9,4.23,5.56,4562.3,5.74,552871.0,36446757.0,18.73,5.948,5.74,16.81,97.2,97.1,96.5,98.9
2017-10-26 00:00:00+00:00,1278.0,2392.71,3.21,53462.59,22.8,4.23,5.54,5344.4,5.74,552871.0,36446757.0,18.65,5.948,5.74,16.81,96.8,96.7,94.8,97.7
2017-10-27 00:00:00+00:00,1231.7,2306.1,3.33,51527.55,22.0,4.23,5.34,7825.1,5.74,552871.0,36446757.0,17.98,5.948,5.74,16.81,93.7,93.2,93.0,97.9
2017-10-30 00:00:00+00:00,1297.8,2429.82,3.16,54291.91,23.2,4.23,5.62,7099.5,5.74,552871.0,36446757.0,18.94,5.948,5.74,16.81,98.2,98.1,94.0,98.2
2017-10-31 00:00:00+00:00,1284.6,2405.08,3.19,53775.93,23.0,4.23,5.57,3594.2,5.74,553250.0,36446757.0,18.75,5.948,5.74,16.81,97.5,97.2,96.7,98.8
2017-11-01 00:00:00+00:00,1291.2,2417.45,3.18,54052.54,23.1,4.23,5.6,2274.3,5.74,553250.0,36446757.0,18.84,5.948,5.74,16.81,97.7,97.6,97.3,99.5
2017-11-02 00:00:00+00:00,1308.4,2449.62,3.13,54771.75,23.4,4.23,5.67,4322.4,5.74,553250.0,36446757.0,19.09,5.948,5.74,16.81,99.0,98.9,97.7,99.7
2017-11-03 00:00:00+00:00,1287.2,2410.03,3.18,53886.56,23.0,4.23,5.58,3914.3,5.74,553250.0,36446757.0,18.79,5.948,5.74,16.81,97.4,97.3,96.5,99.6
2017-11-06 00:00:00+00:00,1275.3,2387.76,3.21,53388.66,22.8,4.23,5.53,1848.2,5.74,553250.0,36446757.0,18.61,5.948,5.74,16.81,96.8,96.5,96.1,97.7
2017-11-07 00:00:00+00:00,1288.6,2412.5,3.18,53941.9,23.0,4.23,5.58,2039.8,5.74,553250.0,36446757.0,18.81,5.948,5.74,16.81,97.5,97.2,96.5,97.9
2017-11-08 00:00:00+00:00,1274.0,2385.28,3.22,53333.32,22.8,4.23,5.52,2136.7,5.74,553250.0,36446757.0,18.59,5.948,5.74,16.81,96.5,96.4,96.2,97.5
2017-11-09 00:00:00+00:00,1244.9,2330.85,3.29,52116.15,22.3,4.23,5.4,4314.4,5.74,553250.0,36446757.0,18.17,5.948,5.74,16.81,94.3,94.2,93.0,96.2
2017-11-10 00:00:00+00:00,1271.4,2380.34,3.22,53222.68,22.7,4.23,5.51,3136.1,5.74,553250.0,36446757.0,18.55,5.948,5.74,16.81,96.3,96.2,92.2,96.2
2017-11-13 00:00:00+00:00,1233.0,2308.58,3.32,51618.24,20.6,4.53,5.34,6119.0,5.74,553250.0,36446757.0,18.0,5.948,5.74,16.81,93.4,93.3,93.3,98.4
2017-11-14 00:00:00+00:00,1321.6,2474.36,3.1,55325.0,22.1,4.53,5.73,24888.7,5.74,553250.0,36446757.0,19.29,5.948,5.74,16.81,100.5,100.0,95.0,102.5
2017-11-15 00:00:00+00:00,1308.4,2449.62,3.13,54771.75,21.8,4.53,5.67,12719.4,5.74,553250.0,36446757.0,19.09,5.948,5.74,16.81,99.1,99.0,99.0,102.5
2017-11-16 00:00:00+00:00,1354.6,2536.22,3.03,56708.14,22.6,4.53,5.87,16813.5,6.096,553250.0,36446757.0,19.77,6.096,6.1,16.4,102.5,102.0,98.8,104.0
2017-11-17 00:00:00+00:00,1381.1,2585.71,2.97,57814.63,23.0,4.53,5.99,13947.9,6.096,553250.0,36446757.0,20.16,6.096,6.1,16.4,105.0,104.5,104.0,106.5
2017-11-20 00:00:00+00:00,1374.5,2573.34,2.98,57538.03,22.9,4.53,5.96,5985.7,6.096,553250.0,36446757.0,20.06,6.096,6.1,16.4,104.5,104.0,103.5,107.0
2017-11-21 00:00:00+00:00,1381.1,2585.71,2.97,57814.63,23.0,4.53,5.99,4898.4,6.096,553250.0,36446757.0,20.16,6.096,6.1,16.4,105.0,104.5,103.5,106.0
2017-11-22 00:00:00+00:00,1387.7,2598.08,2.95,58091.27,23.2,4.53,6.01,7259.0,6.096,553250.0,36446757.0,20.25,6.096,6.1,16.4,105.0,104.5,103.5,106.5
2017-11-23 00:00:00+00:00,1407.5,2635.2,2.91,58921.16,23.5,4.53,6.1,8256.5,6.096,553250.0,36446757.0,20.54,6.096,6.1,16.4,107.0,106.5,104.0,108.5
2017-11-24 00:00:00+00:00,1447.1,2709.43,2.83,60580.9,24.2,4.53,6.27,8824.8,6.096,553250.0,36446757.0,21.12,6.096,6.1,16.4,110.0,109.5,106.0,111.0
2017-11-27 00:00:00+00:00,1420.7,2659.94,2.89,59474.41,23.7,4.53,6.16,9298.1,6.096,553250.0,36446757.0,20.73,6.096,6.1,16.4,108.0,107.5,105.5,113.0
2017-11-28 00:00:00+00:00,1427.3,2672.31,2.87,59751.01,23.8,4.53,6.19,3641.5,6.096,553250.0,36446757.0,20.83,6.096,6.1,16.4,108.0,107.5,105.0,108.0
2017-11-29 00:00:00+00:00,1447.1,2709.43,2.83,60580.9,24.2,4.53,6.27,7337.9,6.096,553250.0,36446757.0,21.12,6.096,6.1,16.4,109.5,109.0,107.5,112.5
2017-11-30 00:00:00+00:00,1453.8,2721.8,2.82,60908.95,24.3,4.53,6.3,8973.0,6.096,553718.0,36446757.0,21.22,6.096,6.1,16.4,110.0,109.5,104.0,110.0
2017-12-01 00:00:00+00:00,1387.7,2598.08,2.95,58140.34,23.2,4.53,6.01,7462.2,6.096,553718.0,36446757.0,20.25,6.096,6.1,16.4,105.5,105.0,103.0,110.0
2017-12-04 00:00:00+00:00,1381.1,2585.71,2.97,57863.49,23.0,4.53,5.99,2746.2,6.096,553718.0,36446757.0,20.16,6.096,6.1,16.4,104.5,104.0,103.5,106.0
2017-12-05 00:00:00+00:00,1328.2,2486.73,3.09,55648.62,22.2,4.53,5.76,6521.6,6.096,553718.0,36446757.0,19.38,6.096,6.1,16.4,100.5,100.0,99.7,104.0
2017-12-06 00:00:00+00:00,1321.6,2474.36,3.1,55371.77,22.1,4.53,5.73,5182.5,6.096,553718.0,36446757.0,19.29,6.096,6.1,16.4,100.5,100.0,100.0,103.5
2017-12-07 00:00:00+00:00,1341.4,2511.48,3.06,56202.36,22.4,4.53,5.81,5039.0,6.096,553718.0,36446757.0,19.58,6.096,6.1,16.4,101.5,101.0,97.5,101.5
2017-12-08 00:00:00+00:00,1361.2,2548.59,3.01,57032.91,22.7,4.53,5.9,6037.2,6.096,553718.0,36446757.0,19.87,6.096,6.1,16.4,103.5,103.0,98.1,103.0
2017-12-11 00:00:00+00:00,1321.6,2474.36,3.1,55371.77,22.1,4.53,5.73,6478.1,6.096,553718.0,36446757.0,19.29,6.096,6.1,16.4,100.5,100.0,99.5,104.0
2017-12-12 00:00:00+00:00,1374.5,2573.34,2.98,57586.64,22.9,4.53,5.96,6235.5,6.096,553718.0,36446757.0,20.06,6.096,6.1,16.4,104.0,103.5,99.4,104.5
2017-12-13 00:00:00+00:00,1315.0,2461.99,3.12,55094.93,21.9,4.53,5.7,6510.3,6.096,553718.0,36446757.0,19.19,6.096,6.1,16.4,99.6,99.5,99.2,104.0
2017-12-14 00:00:00+00:00,1281.9,2400.13,3.2,53710.6,21.4,4.53,5.56,6581.0,6.2,553718.0,36446757.0,18.71,5.962,6.2,16.77,97.3,97.0,96.6,101.0
2017-12-15 00:00:00+00:00,1293.8,2422.4,3.17,54208.96,21.6,4.53,5.61,15920.5,6.2,553718.0,36446757.0,18.88,5.962,6.2,16.77,97.9,97.0,93.8,97.9
2017-12-18 00:00:00+00:00,1309.7,2452.09,3.13,54873.41,21.9,4.53,5.68,7491.0,6.2,553718.0,36446757.0,19.11,5.962,6.2,16.77,99.4,99.1,96.6,100.5
2017-12-19 00:00:00+00:00,1279.3,2395.18,3.2,53599.89,21.3,4.53,5.54,4405.4,6.2,553718.0,36446757.0,18.67,5.962,6.2,16.77,96.9,96.8,96.4,100.5
2017-12-20 00:00:00+00:00,1315.0,2461.99,3.12,55094.93,21.9,4.53,5.7,4798.1,6.2,553718.0,36446757.0,19.19,5.962,6.2,16.77,99.5,99.0,97.0,100.5
2017-12-21 00:00:00+00:00,1316.3,2464.46,3.11,55150.3,22.0,4.53,5.71,3751.2,6.2,553718.0,36446757.0,19.21,5.962,6.2,16.77,99.8,99.6,98.2,101.0
2017-12-22 00:00:00+00:00,1307.1,2447.14,3.14,54762.66,21.8,4.53,5.67,1655.9,6.2,553718.0,36446757.0,19.08,5.962,6.2,16.77,98.9,98.7,98.2,99.5
2017-12-25 00:00:00+00:00,1334.8,2499.11,3.07,55925.47,22.3,4.53,5.79,3126.2,6.2,553718.0,36446757.0,19.48,5.962,6.2,16.77,101.0,100.5,99.7,102.0
2017-12-26 00:00:00+00:00,1308.4,2449.62,3.13,54818.04,21.8,4.53,5.67,2372.0,6.2,553718.0,36446757.0,19.09,5.962,6.2,16.77,99.4,99.0,99.0,101.5
2017-12-27 00:00:00+00:00,1348.0,2523.85,3.04,56479.21,22.5,4.53,5.84,2942.8,6.2,553718.0,36446757.0,19.67,5.962,6.2,16.77,102.0,101.5,99.1,102.0
2017-12-28 00:00:00+00:00,1420.7,2659.94,2.89,59524.67,23.7,4.53,6.16,9163.2,6.2,553718.0,36446757.0,20.73,5.962,6.2,16.77,107.5,107.0,101.5,107.5
2017-12-29 00:00:00+00:00,1400.9,2622.82,2.93,58694.08,23.4,4.53,6.07,6608.3,6.2,553718.0,36446757.0,20.44,5.962,6.2,16.77,106.5,106.0,104.5,108.5
2018-01-01 00:00:00+00:00,1400.9,2622.82,2.93,58776.45,23.4,4.53,5.73,,6.2,554495.0,43092155.0,18.72,5.962,6.2,16.77,,,,
2018-01-02 00:00:00+00:00,1473.6,2758.91,2.78,61826.17,24.6,4.53,6.03,9286.6,6.2,554495.0,43092155.0,19.69,5.962,6.2,16.77,112.0,111.5,105.0,112.5
2018-01-03 00:00:00+00:00,1493.4,2796.03,2.75,62657.9,24.9,4.53,6.11,7569.3,6.2,554495.0,43092155.0,19.96,5.962,6.2,16.77,113.5,113.0,110.5,114.5
2018-01-04 00:00:00+00:00,1592.5,2981.61,2.57,66816.56,26.6,4.53,6.52,14865.7,6.2,554495.0,43092155.0,21.28,5.962,6.2,16.77,120.5,120.0,115.0,122.5
2018-01-05 00:00:00+00:00,1605.7,3006.35,2.55,67371.06,26.8,4.53,6.57,9089.9,6.2,554495.0,43092155.0,21.46,5.962,6.2,16.77,121.5,121.0,120.0,123.5
2018-01-08 00:00:00+00:00,1605.7,3006.35,2.55,67371.06,26.8,4.53,6.57,4633.5,6.2,554495.0,43092155.0,21.46,5.962,6.2,16.77,121.5,121.0,118.5,123.0
2018-01-09 00:00:00+00:00,1572.7,2944.49,2.61,65984.88,26.2,4.53,6.43,5002.1,6.2,554495.0,43092155.0,21.02,5.962,6.2,16.77,119.0,118.5,117.0,121.0
2018-01-10 00:00:00+00:00,1539.7,2882.63,2.66,64598.63,25.7,4.53,6.3,7266.9,6.2,554495.0,43092155.0,20.57,5.962,6.2,16.77,117.0,116.0,113.0,118.0
2018-01-11 00:00:00+00:00,1506.6,2820.77,2.72,63212.38,25.1,4.53,6.16,5840.3,6.2,554495.0,43092155.0,20.13,5.962,6.2,16.77,114.5,114.0,114.0,119.0
2018-01-12 00:00:00+00:00,1427.3,2672.31,2.87,59885.44,23.8,4.53,5.84,15856.6,6.2,554495.0,43092155.0,19.07,5.962,6.2,16.77,108.5,108.0,107.0,113.5
2018-01-15 00:00:00+00:00,1427.3,2672.31,2.87,59885.44,23.8,4.53,5.84,9803.9,6.2,554495.0,43092155.0,19.07,5.962,6.2,16.77,108.5,108.0,104.0,109.0
2018-01-16 00:00:00+00:00,1374.5,2573.34,2.98,57667.46,22.9,4.53,5.62,5977.2,6.2,554495.0,43092155.0,18.37,5.962,6.2,16.77,104.5,104.0,103.5,107.5
2018-01-17 00:00:00+00:00,1394.3,2610.45,2.94,58499.19,23.3,4.53,5.7,8578.0,6.2,554495.0,43092155.0,18.63,5.962,6.2,16.77,106.0,105.5,104.5,110.0
2018-01-18 00:00:00+00:00,1427.3,2672.31,2.87,59885.44,23.8,4.53,5.84,5529.1,6.253,554495.0,43092155.0,19.07,6.013,6.25,16.63,108.0,107.5,106.0,108.5
2018-01-19 00:00:00+00:00,1447.1,2709.43,2.83,60717.18,24.2,4.53,5.92,6219.4,6.253,554495.0,43092155.0,19.34,6.013,6.25,16.63,110.0,109.5,106.5,111.0
2018-01-22 00:00:00+00:00,1519.8,2845.52,2.7,63766.89,25.4,4.53,6.22,9289.0,6.253,554495.0,43092155.0,20.31,6.013,6.25,16.63,115.0,114.5,108.5,115.0
2018-01-23 00:00:00+00:00,1519.8,2845.52,2.7,63766.89,25.4,4.53,6.22,9109.8,6.253,554495.0,43092155.0,20.31,6.013,6.25,16.63,115.0,114.5,113.5,118.5
2018-01-24 00:00:00+00:00,1486.8,2783.66,2.76,62380.64,24.8,4.53,6.08,5782.6,6.253,554495.0,43092155.0,19.87,6.013,6.25,16.63,112.5,112.0,111.0,114.5
2018-01-25 00:00:00+00:00,1420.7,2659.94,2.89,59608.18,23.7,4.53,5.81,7486.0,6.253,554495.0,43092155.0,18.99,6.013,6.25,16.63,108.0,107.5,107.0,113.0
2018-01-26 00:00:00+00:00,1533.0,2870.26,2.67,64321.37,25.6,4.53,6.27,10897.0,6.253,554495.0,43092155.0,20.49,6.013,6.25,16.63,116.0,115.5,106.0,116.0
2018-01-29 00:00:00+00:00,1519.8,2845.52,2.7,63766.89,25.4,4.53,6.22,6215.6,6.253,554495.0,43092155.0,20.31,6.013,6.25,16.63,115.5,115.0,113.0,117.5
2018-01-30 00:00:00+00:00,1473.6,2758.91,2.78,61826.17,24.6,4.53,6.03,6106.6,6.253,554495.0,43092155.0,19.69,6.013,6.25,16.63,112.0,111.5,111.0,115.0
2018-01-31 00:00:00+00:00,1546.3,2895.0,2.65,64982.22,25.8,4.53,6.33,6290.9,6.253,555404.0,43092155.0,20.66,6.013,6.25,16.63,117.0,116.5,109.5,119.0
2018-02-01 00:00:00+00:00,1546.3,2895.0,2.65,64982.22,25.8,4.53,6.33,4142.9,6.253,555404.0,43092155.0,20.66,6.013,6.25,16.63,117.0,116.5,115.0,118.0
2018-02-02 00:00:00+00:00,1513.2,2833.14,2.71,63593.71,25.3,4.53,6.19,4134.6,6.253,555404.0,43092155.0,20.22,6.013,6.25,16.63,115.0,114.5,113.5,116.0
2018-02-05 00:00:00+00:00,1533.0,2870.26,2.67,64426.84,25.6,4.53,6.27,5300.4,6.253,555404.0,43092155.0,20.49,6.013,6.25,16.63,116.0,115.5,110.0,116.5
2018-02-06 00:00:00+00:00,1400.9,2622.82,2.93,58872.79,23.4,4.53,5.73,11887.1,6.253,555404.0,43092155.0,18.72,6.013,6.25,16.63,106.5,106.0,104.5,113.5
2018-02-07 00:00:00+00:00,1440.5,2697.05,2.85,60539.0,24.0,4.53,5.89,6236.8,6.253,555404.0,43092155.0,19.25,6.013,6.25,16.63,109.5,109.0,108.5,113.0
2018-02-08 00:00:00+00:00,1374.5,2573.34,2.98,57762.0,22.9,4.53,5.62,6668.3,6.253,555404.0,43092155.0,18.37,6.013,6.25,16.63,105.0,104.0,102.5,109.0
2018-02-09 00:00:00+00:00,1394.3,2610.45,2.94,58595.08,23.3,4.53,5.7,5855.2,6.253,555404.0,43092155.0,18.63,6.013,6.25,16.63,105.5,105.0,97.4,105.5
2018-02-12 00:00:00+00:00,1361.2,2548.59,3.01,57206.58,22.7,4.53,5.57,4752.3,6.253,555404.0,43092155.0,18.19,6.013,6.25,16.63,103.0,102.5,101.5,107.5
2018-02-13 00:00:00+00:00,1361.2,2548.59,3.01,57206.58,22.7,4.53,5.57,,6.253,555404.0,43092155.0,18.19,6.013,6.25,16.63,,,,
2018-02-14 00:00:00+00:00,1361.2,2548.59,3.01,57206.58,22.7,4.53,5.57,,6.253,555404.0,43092155.0,18.19,6.013,6.25,16.63,,,,
2018-02-15 00:00:00+00:00,1361.2,2548.59,3.01,57206.58,22.7,4.53,5.57,,6.387,555404.0,43092155.0,18.19,6.201,6.39,16.13,,,,
2018-02-16 00:00:00+00:00,1361.2,2548.59,3.01,57206.58,22.7,4.53,5.57,,6.387,555404.0,43092155.0,18.19,6.201,6.39,16.13,,,,
2018-02-19 00:00:00+00:00,1361.2,2548.59,3.01,57206.58,22.7,4.53,5.57,,6.387,555404.0,43092155.0,18.19,6.201,6.39,16.13,,,,
2018-02-20 00:00:00+00:00,1361.2,2548.59,3.01,57206.58,22.7,4.53,5.57,,6.387,555404.0,43092155.0,18.19,6.201,6.39,16.13,,,,
2018-02-21 00:00:00+00:00,1433.9,2684.68,2.86,60261.29,23.9,4.53,5.87,5053.6,6.387,555404.0,43092155.0,19.16,6.201,6.39,16.13,108.5,108.0,104.5,109.0
2018-02-22 00:00:00+00:00,1387.7,2598.08,2.95,58317.37,23.2,4.53,5.68,5337.5,6.387,555404.0,43092155.0,18.54,6.201,6.39,16.13,105.0,104.5,104.0,107.5
2018-02-23 00:00:00+00:00,1420.7,2659.94,2.89,59705.88,23.7,4.53,5.81,3022.4,6.387,555404.0,43092155.0,18.99,6.201,6.39,16.13,107.5,107.0,106.0,108.0
2018-02-26 00:00:00+00:00,1447.1,2709.43,2.83,60816.71,24.2,4.53,5.92,3980.6,6.387,555404.0,43092155.0,19.34,6.201,6.39,16.13,110.0,109.5,109.0,111.0
2018-02-27 00:00:00+00:00,1480.2,2771.29,2.77,62205.21,24.7,4.53,6.06,8884.2,6.387,555404.0,43092155.0,19.78,6.201,6.39,16.13,112.5,112.0,111.5,115.0
2018-02-28 00:00:00+00:00,1480.2,2771.29,2.77,62262.39,24.7,4.53,6.06,,6.387,555914.0,43092155.0,19.78,6.201,6.39,16.13,,,,
2018-03-01 00:00:00+00:00,1539.7,2882.63,2.66,64764.02,25.7,4.53,6.3,6563.8,6.387,555914.0,43092155.0,20.57,6.201,6.39,16.13,116.5,116.0,110.0,116.5
2018-03-02 00:00:00+00:00,1546.3,2895.0,2.65,65041.98,25.8,4.53,6.33,4967.2,6.387,555914.0,43092155.0,20.66,6.201,6.39,16.13,117.5,117.0,113.5,118.0
2018-03-05 00:00:00+00:00,1467.0,2746.54,2.79,61706.48,24.5,4.53,6.0,4515.9,6.387,555914.0,43092155.0,19.6,6.201,6.39,16.13,111.5,111.0,111.0,117.5
2018-03-06 00:00:00+00:00,1493.4,2796.03,2.75,62818.3,24.9,4.53,6.11,2567.4,6.387,555914.0,43092155.0,19.96,6.201,6.39,16.13,113.0,112.5,111.5,114.0
2018-03-07 00:00:00+00:00,1480.2,2771.29,2.77,62262.39,24.7,4.53,6.06,2424.6,6.387,555914.0,43092155.0,19.78,6.201,6.39,16.13,112.0,111.5,111.0,115.0
2018-03-08 00:00:00+00:00,1480.2,2771.29,2.77,62262.39,24.7,4.53,6.06,5855.5,6.387,555914.0,43092155.0,19.78,6.201,6.39,16.13,112.5,112.0,112.0,117.0
2018-03-09 00:00:00+00:00,1513.2,2833.14,2.71,63652.16,25.3,4.53,6.19,3949.4,6.387,555914.0,43092155.0,20.22,6.201,6.39,16.13,114.5,114.0,113.0,115.5
2018-03-12 00:00:00+00:00,1519.8,2845.52,2.7,63930.12,25.4,4.53,6.22,3379.6,6.387,555914.0,43092155.0,20.31,6.201,6.39,16.13,115.5,115.0,115.0,118.0
2018-03-13 00:00:00+00:00,1533.0,2870.26,2.67,64486.03,25.6,4.53,6.27,2381.6,6.387,555914.0,43092155.0,20.49,6.201,6.39,16.13,116.0,115.5,114.0,116.0
2018-03-14 00:00:00+00:00,1493.4,2796.03,2.75,62818.3,24.9,4.53,6.11,2759.2,6.387,555914.0,43092155.0,19.96,6.201,6.39,16.13,113.5,113.0,112.0,115.5
2018-03-15 00:00:00+00:00,1486.8,2783.66,2.76,62540.35,24.8,4.53,6.08,3516.9,6.52,555914.0,43092155.0,19.87,5.621,6.52,17.79,112.5,112.0,111.5,113.5
2018-03-16 00:00:00+00:00,1460.4,2734.17,2.81,61428.53,24.4,4.53,5.97,3474.7,6.52,555914.0,43092155.0,19.52,5.621,6.52,17.79,111.0,110.5,110.0,114.0
2018-03-19 00:00:00+00:00,1467.0,2746.54,2.79,61706.48,24.5,4.53,6.0,1779.2,6.52,555914.0,43092155.0,19.6,5.621,6.52,17.79,111.0,110.5,110.0,112.5
2018-03-20 00:00:00+00:00,1500.0,2808.4,2.73,63096.26,25.0,4.53,6.14,2986.6,6.52,555914.0,43092155.0,20.04,5.621,6.52,17.79,113.5,113.0,109.0,114.0
2018-03-21 00:00:00+00:00,1467.0,2746.54,3.73,61706.48,24.5,4.53,6.0,6245.5,6.52,555914.0,43092155.0,19.6,5.621,6.52,17.79,111.5,111.0,110.0,114.5
2018-03-22 00:00:00+00:00,1453.8,2721.8,3.76,61150.57,24.3,4.53,5.95,5949.4,6.52,555914.0,43092155.0,19.43,5.621,6.52,17.79,110.5,110.0,110.0,114.0
2018-03-23 00:00:00+00:00,1387.7,2598.08,3.94,58370.99,23.2,4.53,5.68,8546.9,6.52,555914.0,43092155.0,18.54,5.621,6.52,17.79,105.5,105.0,102.0,107.0
2018-03-26 00:00:00+00:00,1255.5,2350.64,4.35,52811.86,21.0,4.53,5.14,20930.8,6.52,555914.0,43092155.0,16.78,5.621,6.52,17.79,95.1,95.0,94.5,104.0
2018-03-27 00:00:00+00:00,1248.9,2338.27,4.38,52533.9,20.8,4.53,5.11,21462.7,6.52,555914.0,43092155.0,16.69,5.621,6.52,17.79,94.7,94.5,91.7,96.1
2018-03-28 00:00:00+00:00,1192.1,2231.87,4.58,50143.43,19.9,4.53,4.88,11817.8,6.52,555914.0,43092155.0,15.93,5.621,6.52,17.79,90.3,90.2,90.2,93.7
2018-03-29 00:00:00+00:00,1255.5,2350.64,4.35,52811.86,21.0,4.53,5.14,15714.4,6.52,555914.0,43092155.0,16.78,5.621,6.52,17.79,95.1,95.0,91.1,96.4
2018-03-30 00:00:00+00:00,1303.1,2439.72,4.19,54813.12,21.1,4.68,5.33,12222.9,6.52,555914.0,43092155.0,17.41,5.621,6.52,17.79,98.6,98.5,95.6,99.2
2018-04-02 00:00:00+00:00,1239.7,2320.95,4.41,52176.98,20.0,4.68,5.07,5630.3,6.52,556258.0,43092155.0,16.57,5.621,6.52,17.79,94.0,93.8,93.7,97.3
2018-04-03 00:00:00+00:00,1222.5,2288.78,4.47,51453.83,19.8,4.68,5.0,8197.1,6.52,556258.0,43092155.0,16.34,5.621,6.52,17.79,92.5,92.3,90.6,92.6
2018-04-04 00:00:00+00:00,1222.5,2288.78,4.47,51453.83,19.8,4.68,5.0,,6.52,556258.0,43092155.0,16.34,5.621,6.52,17.79,,,,
2018-04-05 00:00:00+00:00,1222.5,2288.78,4.47,51453.83,19.8,4.68,5.0,,6.52,556258.0,43092155.0,16.34,5.621,6.52,17.79,,,,
2018-04-06 00:00:00+00:00,1222.5,2288.78,4.47,51453.83,19.8,4.68,5.0,,6.52,556258.0,43092155.0,16.34,5.621,6.52,17.79,,,,
2018-04-09 00:00:00+00:00,1136.6,2127.95,4.81,47838.16,18.4,4.68,4.65,16441.0,6.52,556258.0,43092155.0,15.19,5.621,6.52,17.79,86.0,85.9,85.1,92.4
2018-04-10 00:00:00+00:00,1123.4,2103.21,4.87,47281.89,18.2,4.68,4.6,12043.1,6.52,556258.0,43092155.0,15.01,5.621,6.52,17.79,85.1,85.0,83.3,89.2
2018-04-11 00:00:00+00:00,1139.2,2132.9,4.8,47949.41,18.4,4.68,4.66,7464.2,6.52,556258.0,43092155.0,15.22,5.621,6.52,17.79,86.8,86.2,86.2,89.5
2018-04-12 00:00:00+00:00,1151.1,2155.17,4.75,48450.03,18.6,4.68,4.71,5591.9,6.52,556258.0,43092155.0,15.38,5.621,6.52,17.79,87.1,87.0,86.1,88.5
2018-04-13 00:00:00+00:00,1152.4,2157.64,4.74,48505.65,18.6,4.68,4.71,2883.7,6.52,556258.0,43092155.0,15.4,5.621,6.52,17.79,87.4,87.2,86.5,87.9
2018-04-16 00:00:00+00:00,1126.0,2108.16,4.85,47393.13,18.2,4.68,4.61,4079.9,6.52,556258.0,43092155.0,15.05,5.621,6.52,17.79,85.5,85.2,85.1,88.1
2018-04-17 00:00:00+00:00,1091.6,2043.82,5.01,45946.88,17.6,4.68,4.47,11187.8,6.52,556258.0,43092155.0,14.59,5.621,6.52,17.79,82.7,82.6,80.9,85.2
2018-04-18 00:00:00+00:00,1120.7,2098.26,4.88,47170.64,18.1,4.68,4.58,6167.8,6.52,556258.0,43092155.0,14.98,5.621,6.52,17.79,85.0,84.7,83.3,85.4
2018-04-19 00:00:00+00:00,1104.9,2068.57,4.95,46503.16,17.9,4.68,4.52,4732.7,6.34,556258.0,43092155.0,14.76,7.676,6.34,13.03,83.7,83.6,83.5,85.7
2018-04-20 00:00:00+00:00,1009.7,1890.41,5.41,42498.1,16.3,4.68,4.13,17417.9,6.34,556258.0,43092155.0,13.49,7.676,6.34,13.03,76.5,76.4,76.4,83.0
2018-04-23 00:00:00+00:00,910.6,1704.83,6.0,38326.16,14.7,4.68,3.73,29656.0,6.34,556258.0,43092155.0,12.17,7.676,6.34,13.03,68.9,68.8,68.8,75.2
2018-04-24 00:00:00+00:00,911.9,1707.31,5.99,38381.79,14.7,4.68,3.73,17482.4,6.34,556258.0,43092155.0,12.19,7.676,6.34,13.03,69.1,69.0,68.1,70.5
2018-04-25 00:00:00+00:00,929.1,1739.48,5.88,39104.93,15.0,4.68,3.8,9723.5,6.34,556258.0,43092155.0,12.42,7.676,6.34,13.03,70.3,70.2,68.5,71.5
2018-04-26 00:00:00+00:00,935.7,1751.85,5.84,39383.06,15.1,4.68,3.83,23101.2,6.34,556258.0,43092155.0,12.5,7.676,6.34,13.03,70.9,70.8,70.3,74.5
2018-04-27 00:00:00+00:00,951.5,1781.54,5.74,40050.57,15.4,4.68,3.89,9603.9,6.34,556258.0,43092155.0,12.72,7.676,6.34,13.03,72.1,72.0,71.5,73.4
2018-04-30 00:00:00+00:00,904.0,1692.46,6.05,38048.04,14.6,4.68,3.7,18614.9,6.34,556258.0,43092155.0,12.08,7.676,6.34,13.03,68.4,68.3,67.9,72.3
2018-05-01 00:00:00+00:00,904.0,1692.46,6.05,38048.04,14.6,4.68,3.7,,6.34,556258.0,43092155.0,12.08,7.676,6.34,13.03,,,,
2018-05-02 00:00:00+00:00,954.2,1786.49,5.73,40161.82,15.4,4.68,3.9,17947.8,6.34,556258.0,43092155.0,12.75,7.676,6.34,13.03,72.3,72.2,70.0,73.5
2018-05-03 00:00:00+00:00,1026.9,1922.58,5.32,43221.23,16.6,4.68,4.2,26239.0,6.34,556258.0,43092155.0,13.72,7.676,6.34,13.03,77.7,77.5,73.6,79.3
2018-05-04 00:00:00+00:00,987.2,1848.35,5.54,41552.46,16.0,4.68,4.04,18156.7,6.34,556258.0,43092155.0,13.19,7.676,6.34,13.03,74.7,74.6,74.7,79.5
2018-05-07 00:00:00+00:00,995.2,1863.19,5.49,41886.22,16.1,4.68,4.07,7368.6,6.34,556258.0,43092155.0,13.3,7.676,6.34,13.03,75.4,75.3,74.7,77.2
2018-05-08 00:00:00+00:00,1036.1,1939.9,5.27,43610.6,16.7,4.68,4.24,17022.5,6.34,556258.0,43092155.0,13.85,7.676,6.34,13.03,78.4,78.3,71.0,78.5
2018-05-09 00:00:00+00:00,995.2,1863.19,5.49,41886.22,16.1,4.68,4.07,13831.3,6.34,556258.0,43092155.0,13.3,7.676,6.34,13.03,75.4,75.3,75.0,79.0
2018-05-10 00:00:00+00:00,984.6,1843.4,5.55,41441.21,15.9,4.68,4.03,6855.4,6.34,556258.0,43092155.0,13.16,7.676,6.34,13.03,74.5,74.4,74.1,76.6
2018-05-11 00:00:00+00:00,962.1,1801.34,5.68,40495.57,15.5,4.68,3.94,8779.4,6.34,556258.0,43092155.0,12.86,7.676,6.34,13.03,72.9,72.8,72.8,75.9
2018-05-14 00:00:00+00:00,964.8,1806.28,5.66,40606.82,15.6,4.68,3.95,7247.3,6.34,556258.0,43092155.0,12.89,7.676,6.34,13.03,73.0,72.9,72.5,74.6
2018-05-15 00:00:00+00:00,947.6,1774.12,5.77,39883.69,16.2,4.43,3.88,11534.2,6.34,556258.0,43092155.0,12.66,7.676,6.34,13.03,71.8,71.7,71.4,74.7
2018-05-16 00:00:00+00:00,955.5,1788.96,5.72,40217.45,16.3,4.43,3.91,6113.9,6.34,556258.0,43092155.0,12.77,7.676,6.34,13.03,72.3,72.2,72.0,73.0
2018-05-17 00:00:00+00:00,978.0,1831.03,5.59,41163.08,16.7,4.43,4.0,6066.0,5.765,556258.0,43092155.0,13.07,8.04,5.77,12.44,74.1,74.0,72.6,74.3
2018-05-18 00:00:00+00:00,955.5,1788.96,5.72,40217.45,16.3,4.43,3.91,5640.0,5.765,556258.0,43092155.0,12.77,8.04,5.77,12.44,72.4,72.3,71.9,74.7
2018-05-21 00:00:00+00:00,991.2,1855.77,5.51,41719.34,16.9,4.43,4.06,9028.5,5.765,556258.0,43092155.0,13.25,8.04,5.77,12.44,75.2,75.0,72.4,76.0
2018-05-22 00:00:00+00:00,1059.9,1984.44,5.16,44611.87,18.1,4.43,4.34,18439.2,5.765,556258.0,43092155.0,14.16,8.04,5.77,12.44,80.3,80.2,75.3,82.3
2018-05-23 00:00:00+00:00,1132.6,2120.53,4.83,47671.29,19.3,4.43,4.63,24922.0,5.765,556258.0,43092155.0,15.14,8.04,5.77,12.44,85.8,85.6,81.0,87.2
2018-05-24 00:00:00+00:00,1120.7,2098.26,4.88,47170.64,19.1,4.43,4.58,9409.1,5.765,556258.0,43092155.0,14.98,8.04,5.77,12.44,84.9,84.8,83.8,87.5
2018-05-25 00:00:00+00:00,1126.0,2108.16,4.85,47393.13,19.2,4.43,4.61,6627.4,5.765,556258.0,43092155.0,15.05,8.04,5.77,12.44,85.2,85.1,83.5,86.3
2018-05-28 00:00:00+00:00,1110.1,2078.46,4.92,46725.65,18.9,4.43,4.54,6396.8,5.765,556258.0,43092155.0,14.83,8.04,5.77,12.44,84.1,84.0,83.8,86.5
2018-05-29 00:00:00+00:00,1127.3,2110.63,4.85,47448.8,19.2,4.43,4.61,10024.7,5.765,556258.0,43092155.0,15.06,8.04,5.77,12.44,85.4,85.3,84.8,87.8
2018-05-30 00:00:00+00:00,1095.6,2051.25,4.99,46113.75,18.7,4.43,4.48,7734.4,5.765,556258.0,43092155.0,14.64,8.04,5.77,12.44,83.0,82.9,82.0,85.0
2018-05-31 00:00:00+00:00,1140.5,2135.37,4.79,48005.04,19.5,4.43,4.67,8300.8,5.765,556258.0,43092155.0,15.24,8.04,5.77,12.44,86.3,86.2,84.2,86.5
2018-06-01 00:00:00+00:00,1192.1,2231.87,4.58,50174.44,20.3,4.43,4.88,17746.0,5.765,556258.0,43092155.0,15.93,8.04,5.77,12.44,90.3,90.2,88.0,91.9
2018-06-04 00:00:00+00:00,1192.1,2231.87,4.58,50174.44,20.3,4.43,4.88,12694.7,5.765,556258.0,43092155.0,15.93,8.04,5.77,12.44,90.3,90.1,88.9,92.0
2018-06-05 00:00:00+00:00,1215.9,2276.41,4.49,51175.71,20.7,4.43,4.97,8953.4,5.765,556258.0,43092155.0,16.25,8.04,5.77,12.44,92.1,92.0,89.9,92.3
2018-06-06 00:00:00+00:00,1218.5,2281.36,4.49,51286.96,20.8,4.43,4.99,11832.5,5.765,556258.0,43092155.0,16.28,8.04,5.77,12.44,92.4,92.2,92.2,95.2
2018-06-07 00:00:00+00:00,1211.9,2268.99,4.51,51008.84,20.7,4.43,4.96,7859.0,5.765,556258.0,43092155.0,16.19,8.04,5.77,12.44,91.8,91.7,91.5,94.3
2018-06-08 00:00:00+00:00,1202.6,2251.67,4.54,50619.43,20.5,4.43,4.92,6415.6,5.765,556258.0,43092155.0,16.07,8.04,5.77,12.44,91.1,91.0,91.0,93.8
2018-06-11 00:00:00+00:00,1215.9,2276.41,4.49,51175.71,20.7,4.43,4.97,3434.5,5.765,556258.0,43092155.0,16.25,8.04,5.77,12.44,92.0,91.9,89.6,92.0
2018-06-12 00:00:00+00:00,1202.6,2251.67,4.54,50619.43,20.5,4.43,4.92,6864.1,5.765,556258.0,43092155.0,16.07,8.04,5.77,12.44,91.1,91.0,91.0,94.8
2018-06-13 00:00:00+00:00,1182.8,2214.55,4.62,49785.07,20.2,4.43,4.84,7151.5,5.765,556258.0,43092155.0,15.81,8.04,5.77,12.44,89.6,89.5,88.7,91.8
2018-06-14 00:00:00+00:00,1178.9,2207.13,4.64,49618.16,20.1,4.43,4.82,6087.6,5.55,556258.0,43092155.0,15.75,6.099,5.55,16.4,89.3,89.2,88.8,90.6
2018-06-15 00:00:00+00:00,1178.9,2207.13,4.64,49618.16,20.1,4.43,4.82,4833.3,5.55,556258.0,43092155.0,15.75,6.099,5.55,16.4,89.2,89.1,88.5,90.0
2018-06-18 00:00:00+00:00,1178.9,2207.13,4.64,49618.16,20.1,4.43,4.82,,5.55,556258.0,43092155.0,15.75,6.099,5.55,16.4,,,,
2018-06-19 00:00:00+00:00,1163.0,2177.44,4.7,48950.68,19.8,4.43,4.76,4465.3,5.55,556258.0,43092155.0,15.54,6.099,5.55,16.4,88.2,88.0,87.9,90.6
2018-06-20 00:00:00+00:00,1096.9,2053.72,4.98,46169.37,18.7,4.43,4.49,10716.6,5.55,556258.0,43092155.0,14.66,6.099,5.55,16.4,83.0,82.9,81.0,88.5
2018-06-21 00:00:00+00:00,1128.6,2113.1,4.84,47504.38,19.3,4.43,4.62,7350.8,5.55,556258.0,43092155.0,15.08,6.099,5.55,16.4,85.5,85.4,83.5,86.3
2018-06-22 00:00:00+00:00,1100.9,2061.14,4.96,46336.24,18.8,4.43,4.5,7109.4,5.55,556258.0,43092155.0,14.71,6.099,5.55,16.4,83.3,83.1,82.0,84.4
2018-06-25 00:00:00+00:00,1091.6,2043.82,5.01,45946.88,18.6,4.43,4.47,3598.6,5.55,556258.0,43092155.0,14.59,6.099,5.55,16.4,82.7,82.6,82.0,84.4
2018-06-26 00:00:00+00:00,1063.9,1991.86,5.14,44778.74,18.2,4.43,4.35,7664.3,5.55,556258.0,43092155.0,14.22,6.099,5.55,16.4,80.6,80.5,80.1,81.4
2018-06-27 00:00:00+00:00,1065.2,1994.34,5.13,44834.36,18.2,4.43,4.36,3819.3,5.55,556258.0,43092155.0,14.23,6.099,5.55,16.4,80.8,80.6,80.4,81.6
2018-06-28 00:00:00+00:00,1110.1,2078.46,4.92,46725.65,18.9,4.43,4.54,7144.1,5.55,556258.0,43092155.0,14.83,6.099,5.55,16.4,84.1,84.0,80.7,85.1
2018-06-29 00:00:00+00:00,1165.6,2182.39,4.69,49061.93,19.9,4.43,4.77,11041.0,5.55,556258.0,43092155.0,15.58,6.099,5.55,16.4,88.2,88.1,85.5,89.9
2018-07-02 00:00:00+00:00,1157.7,2167.54,4.72,48763.7,19.8,4.43,4.74,6105.1,5.55,556663.0,43092155.0,15.47,6.099,5.55,16.4,87.7,87.6,87.5,90.4
2018-07-03 00:00:00+00:00,1190.8,2229.4,4.59,50155.36,20.3,4.43,4.87,12557.8,5.55,556663.0,43092155.0,15.91,6.099,5.55,16.4,90.2,90.1,87.6,91.0
2018-07-04 00:00:00+00:00,1170.9,2192.28,4.67,49320.34,20.0,4.43,4.79,7649.1,5.55,556663.0,43092155.0,15.65,6.099,5.55,16.4,89.0,88.6,88.4,91.5
2018-07-05 00:00:00+00:00,1182.8,2214.55,4.62,49821.37,20.2,4.43,4.84,6360.8,5.55,556663.0,43092155.0,15.81,6.099,5.55,16.4,89.6,89.5,88.6,90.3
2018-07-06 00:00:00+00:00,1239.7,2320.95,4.41,52214.99,21.2,4.43,5.07,19652.2,5.55,556663.0,43092155.0,16.57,6.099,5.55,16.4,93.9,93.8,90.5,96.0
2018-07-09 00:00:00+00:00,1272.7,2382.81,4.29,53606.64,21.7,4.43,5.21,12478.2,5.55,556663.0,43092155.0,17.01,6.099,5.55,16.4,96.6,96.3,94.8,97.5
2018-07-10 00:00:00+00:00,1284.6,2405.08,4.25,54107.67,21.9,4.43,5.26,10901.3,5.55,556663.0,43092155.0,17.17,6.099,5.55,16.4,97.2,97.1,96.5,99.8
2018-07-11 00:00:00+00:00,1222.5,2391.0,4.47,51491.35,20.9,4.43,5.0,12797.4,5.55,556663.0,43092155.0,16.34,6.099,5.55,16.4,92.6,92.5,91.5,95.5
2018-07-12 00:00:00+00:00,1260.8,2465.96,4.33,53105.66,21.5,4.43,5.16,8395.8,5.55,556663.0,43092155.0,16.85,6.099,5.55,16.4,95.5,95.4,91.6,95.9
2018-07-13 00:00:00+00:00,1321.6,2584.87,4.14,55666.32,22.6,4.43,5.41,20473.7,5.55,556663.0,43092155.0,17.66,6.099,5.55,16.4,100.5,100.0,95.4,103.5
2018-07-16 00:00:00+00:00,1367.8,2675.34,4.0,57614.62,23.3,4.43,5.6,26224.3,5.55,556663.0,43092155.0,18.28,6.099,5.55,16.4,104.0,103.5,102.0,109.0
2018-07-17 00:00:00+00:00,1374.5,2688.26,3.98,57892.98,23.5,4.43,5.62,15430.0,5.55,556663.0,43092155.0,18.37,6.099,5.55,16.4,104.0,103.5,102.0,107.5
2018-07-18 00:00:00+00:00,1367.8,2675.34,4.0,57614.62,23.3,4.43,5.6,13397.8,5.55,556663.0,43092155.0,18.28,6.099,5.55,16.4,104.0,103.5,100.0,107.0
2018-07-19 00:00:00+00:00,1321.6,2584.87,4.14,55666.32,22.6,4.43,5.41,15047.6,5.443,556663.0,43092155.0,17.66,5.234,5.44,19.11,100.5,100.0,98.3,102.5
2018-07-20 00:00:00+00:00,1348.0,2636.57,4.05,56779.65,23.0,4.43,5.51,12175.8,5.443,556663.0,43092155.0,18.01,5.234,5.44,19.11,102.0,101.5,99.5,103.0
2018-07-23 00:00:00+00:00,1313.7,2569.36,4.16,55332.33,22.4,4.43,5.37,11992.7,5.443,556663.0,43092155.0,17.55,5.234,5.44,19.11,99.4,99.3,97.6,102.0
2018-07-24 00:00:00+00:00,1400.9,2739.96,3.9,59006.28,23.9,4.43,5.73,11787.5,5.443,556663.0,43092155.0,18.72,5.234,5.44,19.11,106.0,105.5,99.6,106.0
2018-07-25 00:00:00+00:00,1341.4,2623.64,4.07,56501.33,22.9,4.43,5.49,9140.7,5.443,556663.0,43092155.0,17.93,5.234,5.44,19.11,101.5,101.0,101.0,105.5
2018-07-26 00:00:00+00:00,1341.4,2623.64,4.07,56501.33,22.9,4.43,5.49,5619.0,5.443,556663.0,43092155.0,17.93,5.234,5.44,19.11,101.5,101.0,99.9,103.5
2018-07-27 00:00:00+00:00,1374.5,2688.26,3.98,57892.98,23.5,4.43,5.62,9816.2,5.443,556663.0,43092155.0,18.37,5.234,5.44,19.11,104.5,104.0,102.5,106.0
2018-07-30 00:00:00+00:00,1361.2,2662.41,4.01,57336.3,23.2,4.43,5.57,6205.3,5.443,556663.0,43092155.0,18.19,5.234,5.44,19.11,103.5,103.0,102.5,106.0
2018-07-31 00:00:00+00:00,1348.0,2636.57,4.05,56779.65,23.0,4.43,5.51,4333.4,5.443,556663.0,43092155.0,18.01,5.234,5.44,19.11,102.0,101.5,100.5,104.0
2018-08-01 00:00:00+00:00,1387.7,2714.11,3.94,58449.63,23.7,4.43,5.68,9077.1,5.443,556663.0,43092155.0,18.54,5.234,5.44,19.11,105.0,104.5,102.5,106.0
2018-08-02 00:00:00+00:00,1312.3,2566.77,4.16,55276.66,22.4,4.43,5.37,12189.5,5.443,556663.0,43092155.0,17.54,5.234,5.44,19.11,99.4,99.3,98.5,106.0
2018-08-03 00:00:00+00:00,1312.3,2566.77,4.16,55276.66,22.4,4.43,5.37,7307.6,5.443,556663.0,43092155.0,17.54,5.234,5.44,19.11,99.4,99.3,96.9,101.5
2018-08-06 00:00:00+00:00,1317.6,2577.11,4.15,55499.32,22.5,4.43,5.39,2864.3,5.443,556663.0,43092155.0,17.61,5.234,5.44,19.11,99.8,99.7,99.3,101.0
2018-08-07 00:00:00+00:00,1289.9,2522.83,4.24,54330.32,22.0,4.43,5.28,5001.0,5.443,556663.0,43092155.0,17.24,5.234,5.44,19.11,97.7,97.6,97.3,100.5
2018-08-08 00:00:00+00:00,1334.8,2610.72,4.09,56222.96,22.8,4.43,5.46,10541.2,5.443,556663.0,43092155.0,17.84,5.234,5.44,19.11,101.5,101.0,97.7,103.0
2018-08-09 00:00:00+00:00,1328.2,2597.79,4.11,55944.64,22.7,4.43,5.43,3414.8,5.443,556663.0,43092155.0,17.75,5.234,5.44,19.11,100.5,100.0,99.1,101.0
2018-08-10 00:00:00+00:00,1367.8,2675.34,4.0,57614.62,23.3,4.43,5.6,8900.8,5.443,556663.0,43092155.0,18.28,5.234,5.44,19.11,104.0,103.5,99.8,105.0
2018-08-13 00:00:00+00:00,1387.7,2714.11,3.94,58449.63,23.7,4.43,5.68,8828.7,5.443,556663.0,43092155.0,18.54,5.234,5.44,19.11,105.0,104.5,101.0,105.5
2018-08-14 00:00:00+00:00,1400.9,2739.96,3.9,59006.28,22.5,4.7,5.73,5750.8,5.443,556663.0,43092155.0,18.72,5.234,5.44,19.11,106.0,105.5,103.5,106.5
2018-08-15 00:00:00+00:00,1270.0,2484.06,4.3,53495.32,20.4,4.7,5.2,31137.6,5.443,556663.0,43092155.0,16.97,5.234,5.44,19.11,96.4,96.1,96.0,110.5
2018-08-16 00:00:00+00:00,1308.4,2559.02,4.18,55109.63,21.0,4.7,5.35,20766.6,5.767,556663.0,43092155.0,17.48,5.44,5.77,18.38,99.0,98.9,89.6,99.5
2018-08-17 00:00:00+00:00,1341.4,2623.64,4.07,56501.33,21.6,4.7,5.49,10528.7,5.767,556663.0,43092155.0,17.93,5.44,5.77,18.38,101.5,101.0,98.0,101.5
2018-08-20 00:00:00+00:00,1361.2,2662.41,4.01,57336.3,21.9,4.7,5.57,6312.3,5.767,556663.0,43092155.0,18.19,5.44,5.77,18.38,103.0,102.5,101.0,104.0
2018-08-21 00:00:00+00:00,1348.0,2636.57,4.05,56779.65,21.7,4.7,5.51,4119.6,5.767,556663.0,43092155.0,18.01,5.44,5.77,18.38,102.0,101.5,101.0,103.0
2018-08-22 00:00:00+00:00,1321.6,2584.87,4.14,55666.32,21.3,4.7,5.41,5038.7,5.767,556663.0,43092155.0,17.66,5.44,5.77,18.38,100.0,99.9,98.6,102.5
2018-08-23 00:00:00+00:00,1361.2,2662.41,4.01,57336.3,21.9,4.7,5.57,5456.0,5.767,556663.0,43092155.0,18.19,5.44,5.77,18.38,103.0,102.5,99.7,103.0
2018-08-24 00:00:00+00:00,1361.2,2662.41,4.01,57336.3,21.9,4.7,5.57,3893.9,5.767,556663.0,43092155.0,18.19,5.44,5.77,18.38,103.5,103.0,100.5,103.0
2018-08-27 00:00:00+00:00,1381.1,2701.19,3.96,58171.31,22.2,4.7,5.65,4628.3,5.767,556663.0,43092155.0,18.46,5.44,5.77,18.38,105.0,104.5,103.5,105.5
2018-08-28 00:00:00+00:00,1381.1,2701.19,3.96,58171.31,22.2,4.7,5.65,4556.8,5.767,556663.0,43092155.0,18.46,5.44,5.77,18.38,105.0,104.5,103.5,107.0
2018-08-29 00:00:00+00:00,1387.7,2714.11,3.94,58449.63,22.3,4.7,5.68,2930.8,5.767,556663.0,43092155.0,18.54,5.44,5.77,18.38,105.5,105.0,104.5,106.0
2018-08-30 00:00:00+00:00,1420.7,2778.73,3.85,59841.29,22.9,4.7,5.81,5270.7,5.767,556663.0,43092155.0,18.99,5.44,5.77,18.38,108.0,107.5,104.5,108.0
2018-08-31 00:00:00+00:00,1447.1,2830.43,3.78,60954.62,23.3,4.7,5.92,7895.2,5.767,556663.0,43092155.0,19.34,5.44,5.77,18.38,109.5,109.0,107.5,109.5
2018-09-03 00:00:00+00:00,1440.5,2817.51,3.79,60676.3,23.2,4.7,5.89,17286.5,5.767,556663.0,43092155.0,19.25,5.44,5.77,18.38,109.0,108.5,106.0,114.0
2018-09-04 00:00:00+00:00,1440.5,2817.51,3.79,60676.3,23.2,4.7,5.89,4413.1,5.767,556663.0,43092155.0,19.25,5.44,5.77,18.38,109.5,109.0,107.5,110.5
2018-09-05 00:00:00+00:00,1453.8,2843.35,3.76,61232.95,23.4,4.7,5.95,8945.2,5.767,556663.0,43092155.0,19.43,5.44,5.77,18.38,110.5,110.0,108.0,112.0
2018-09-06 00:00:00+00:00,1453.8,2843.35,3.76,61232.95,23.4,4.7,5.95,5338.1,5.767,556663.0,43092155.0,19.43,5.44,5.77,18.38,110.0,109.5,107.0,110.0
2018-09-07 00:00:00+00:00,1387.7,2714.11,3.94,58449.63,22.3,4.7,5.68,14710.4,5.767,556663.0,43092155.0,18.54,5.44,5.77,18.38,105.0,104.5,103.0,109.5
2018-09-10 00:00:00+00:00,1299.1,2540.93,4.21,54719.98,20.9,4.7,5.31,11228.8,5.767,556663.0,43092155.0,17.36,5.44,5.77,18.38,98.3,98.2,98.0,105.0
2018-09-11 00:00:00+00:00,1268.7,2481.47,4.31,53439.65,20.4,4.7,5.19,16601.2,5.767,556663.0,43092155.0,16.95,5.44,5.77,18.38,96.0,95.5,90.8,99.5
2018-09-12 00:00:00+00:00,1202.6,2352.23,4.54,50656.34,19.3,4.7,4.92,12849.1,5.767,556663.0,43092155.0,16.07,5.44,5.77,18.38,91.3,91.0,90.2,94.9
2018-09-13 00:00:00+00:00,1209.3,2365.15,4.52,50934.66,19.5,4.7,4.95,7344.7,5.767,556663.0,43092155.0,16.16,5.44,5.77,18.38,91.7,91.5,91.5,93.9
2018-09-14 00:00:00+00:00,1287.2,2517.66,4.25,54219.0,20.7,4.7,5.27,10796.4,5.767,556663.0,43092155.0,17.2,5.44,5.77,18.38,97.5,97.4,92.6,98.4
2018-09-17 00:00:00+00:00,1307.1,2556.43,4.18,55053.96,21.0,4.7,5.35,3871.3,5.767,556663.0,43092155.0,17.47,5.44,5.77,18.38,98.9,98.6,95.1,99.0
2018-09-18 00:00:00+00:00,1275.3,2494.4,4.29,53717.97,20.5,4.7,5.22,4523.0,5.767,556663.0,43092155.0,17.04,5.44,5.77,18.38,96.6,96.5,95.5,97.8
2018-09-19 00:00:00+00:00,1272.7,2489.23,4.29,53606.64,20.5,4.7,5.21,12007.4,5.767,556663.0,43092155.0,17.01,5.44,5.77,18.38,96.4,96.3,93.1,98.5
2018-09-20 00:00:00+00:00,1145.8,2241.08,4.77,48262.68,18.4,4.7,4.69,25675.9,5.813,556663.0,43092155.0,15.31,6.023,5.81,16.6,86.7,,86.7,97.7
2018-09-21 00:00:00+00:00,1215.9,2378.08,4.49,51213.02,19.6,4.7,4.97,16747.2,5.813,556663.0,43092155.0,16.25,6.023,5.81,16.6,92.0,91.6,84.7,92.0
2018-09-24 00:00:00+00:00,1215.9,2378.08,4.49,51213.02,19.6,4.7,4.97,,5.813,556663.0,43092155.0,16.25,6.023,5.81,16.6,,,,
2018-09-25 00:00:00+00:00,1214.5,2375.49,4.5,51157.32,19.5,4.7,4.97,8403.1,5.813,556663.0,43092155.0,16.23,6.023,5.81,16.6,91.9,91.8,88.2,92.5
2018-09-26 00:00:00+00:00,1157.7,2264.34,4.72,48763.7,18.6,4.7,4.74,14336.6,5.813,556663.0,43092155.0,15.47,6.023,5.81,16.6,87.7,87.6,86.8,91.1
2018-09-27 00:00:00+00:00,1087.7,2127.35,5.02,45813.39,17.5,4.7,4.45,24035.0,5.813,556663.0,43092155.0,14.53,6.023,5.81,16.6,82.5,82.3,82.1,87.3
2018-09-28 00:00:00+00:00,1123.4,2197.14,4.87,47316.38,18.1,4.7,4.6,16868.2,5.813,556663.0,43092155.0,15.01,6.023,5.81,16.6,85.1,85.0,81.5,86.3
2018-10-01 00:00:00+00:00,1152.4,2254.0,4.74,48612.55,18.5,4.7,4.71,8679.8,5.813,557484.0,43092155.0,15.4,6.023,5.81,16.6,87.2,87.1,82.8,87.5
2018-10-02 00:00:00+00:00,1169.6,2287.61,4.67,49337.3,18.8,4.7,4.79,7882.3,5.813,557484.0,43092155.0,15.63,6.023,5.81,16.6,88.5,88.2,85.5,88.8
2018-10-03 00:00:00+00:00,1100.9,2153.2,4.96,46438.4,17.7,4.7,4.5,11909.0,5.813,557484.0,43092155.0,14.71,6.023,5.81,16.6,83.3,83.2,83.3,88.5
2018-10-04 00:00:00+00:00,1116.7,2184.21,4.89,47107.36,18.0,4.7,4.57,7524.1,5.813,557484.0,43092155.0,14.92,6.023,5.81,16.6,84.5,84.4,81.3,84.8
2018-10-05 00:00:00+00:00,1095.6,2142.86,4.99,46215.37,17.6,4.7,4.48,11129.8,5.813,557484.0,43092155.0,14.64,6.023,5.81,16.6,82.9,82.8,79.0,84.0
2018-10-08 00:00:00+00:00,1114.1,2179.04,4.91,46995.86,17.9,4.7,4.56,6103.8,5.813,557484.0,43092155.0,14.89,6.023,5.81,16.6,84.3,84.2,81.8,84.7
2018-10-09 00:00:00+00:00,1086.3,2124.76,5.03,45825.14,17.5,4.7,4.44,7119.5,5.813,557484.0,43092155.0,14.52,6.023,5.81,16.6,82.3,82.2,80.6,85.2
2018-10-10 00:00:00+00:00,1086.3,2124.76,5.03,45825.14,17.5,4.7,4.44,,5.813,557484.0,43092155.0,14.52,6.023,5.81,16.6,,,,
2018-10-11 00:00:00+00:00,1102.2,2155.78,4.96,46494.14,17.7,4.7,4.51,16817.6,5.813,557484.0,43092155.0,14.73,6.023,5.81,16.6,83.4,83.0,75.1,83.4
2018-10-12 00:00:00+00:00,1081.1,2114.42,5.06,45602.16,17.4,4.7,4.42,11418.5,5.813,557484.0,43092155.0,14.45,6.023,5.81,16.6,81.9,81.8,80.8,84.2
2018-10-15 00:00:00+00:00,1111.5,2173.87,4.92,46884.37,17.9,4.7,4.55,5611.2,5.813,557484.0,43092155.0,14.85,6.023,5.81,16.6,84.1,84.0,81.9,84.7
2018-10-16 00:00:00+00:00,1132.6,2215.23,4.83,47776.36,18.2,4.7,4.63,8864.7,5.813,557484.0,43092155.0,15.14,6.023,5.81,16.6,85.8,85.7,84.2,87.4
2018-10-17 00:00:00+00:00,1202.6,2352.23,4.54,50731.01,19.3,4.7,4.92,12629.8,5.813,557484.0,43092155.0,16.07,6.023,5.81,16.6,91.0,90.9,86.8,91.7
2018-10-18 00:00:00+00:00,1209.3,2365.15,4.52,51009.74,19.5,4.7,4.95,12208.2,5.837,557484.0,43092155.0,16.16,6.811,5.84,14.68,91.5,91.4,88.2,92.3
2018-10-19 00:00:00+00:00,1165.6,2279.85,4.69,49170.06,18.7,4.7,4.77,8035.2,5.837,557484.0,43092155.0,15.58,6.811,5.84,14.68,88.2,88.0,87.3,89.4
2018-10-22 00:00:00+00:00,1157.7,2264.34,4.72,48835.58,18.6,4.7,4.74,5734.6,5.837,557484.0,43092155.0,15.47,6.811,5.84,14.68,87.7,87.6,86.7,90.0
2018-10-23 00:00:00+00:00,1156.4,2261.76,4.73,48779.79,18.6,4.7,4.73,4410.0,5.837,557484.0,43092155.0,15.45,6.811,5.84,14.68,87.6,87.5,86.7,89.2
2018-10-24 00:00:00+00:00,1172.3,2292.78,4.66,49448.79,18.9,4.7,4.8,7735.4,5.837,557484.0,43092155.0,15.67,6.811,5.84,14.68,88.7,88.6,87.1,90.7
2018-10-25 00:00:00+00:00,1132.6,2215.23,4.83,47776.36,18.2,4.7,4.63,8327.4,5.837,557484.0,43092155.0,15.14,6.811,5.84,14.68,85.7,85.3,83.3,87.3
2018-10-26 00:00:00+00:00,1110.1,2171.29,4.92,46828.63,17.9,4.7,4.54,7691.8,5.837,557484.0,43092155.0,14.83,6.811,5.84,14.68,84.1,84.0,82.6,88.5
2018-10-29 00:00:00+00:00,1036.1,2026.54,5.27,43706.7,16.7,4.7,4.24,13420.9,5.837,557484.0,43092155.0,13.85,6.811,5.84,14.68,78.5,78.4,75.9,84.9
2018-10-30 00:00:00+00:00,1049.3,2052.39,5.21,44264.2,16.9,4.7,4.29,9478.2,5.837,557484.0,43092155.0,14.02,6.811,5.84,14.68,79.5,79.4,75.1,80.3
2018-10-31 00:00:00+00:00,1126.0,2202.31,4.85,47497.58,18.1,4.7,4.61,7422.4,5.837,557484.0,43092155.0,15.05,6.811,5.84,14.68,85.2,85.1,80.7,85.2
2018-11-01 00:00:00+00:00,1176.2,2300.53,4.65,49616.04,18.9,4.7,4.81,8879.6,5.837,557484.0,43092155.0,15.72,6.811,5.84,14.68,89.0,88.9,86.0,90.3
2018-11-02 00:00:00+00:00,1177.5,2303.12,4.64,49671.78,18.9,4.7,4.82,5711.5,5.837,557484.0,43092155.0,15.74,6.811,5.84,14.68,89.1,89.0,87.6,90.5
2018-11-05 00:00:00+00:00,1178.9,2305.7,4.64,49727.53,19.0,4.7,4.82,4509.5,5.837,557484.0,43092155.0,15.75,6.811,5.84,14.68,89.3,89.2,87.6,90.7
2018-11-06 00:00:00+00:00,1155.1,2259.17,4.73,48724.05,18.6,4.7,4.73,5278.2,5.837,557484.0,43092155.0,15.44,6.811,5.84,14.68,87.5,87.3,87.4,91.8
2018-11-07 00:00:00+00:00,1193.4,2334.14,4.58,50340.78,19.2,4.7,4.88,6099.5,5.837,557484.0,43092155.0,15.95,6.811,5.84,14.68,90.3,90.2,88.8,90.9
2018-11-08 00:00:00+00:00,1192.1,2331.55,4.58,50285.04,19.2,4.7,4.88,5659.1,5.837,557484.0,43092155.0,15.93,6.811,5.84,14.68,90.3,90.2,90.0,93.0
2018-11-09 00:00:00+00:00,1210.6,2367.74,4.51,51065.48,19.5,4.7,4.95,4366.6,5.837,557484.0,43092155.0,16.18,6.811,5.84,14.68,91.6,91.3,89.6,91.9
2018-11-12 00:00:00+00:00,1209.3,2365.15,4.52,51009.74,19.5,4.7,4.95,4124.5,5.837,557484.0,43092155.0,16.16,6.811,5.84,14.68,91.5,91.3,90.3,92.8
2018-11-13 00:00:00+00:00,1223.8,2393.59,4.47,51622.99,18.5,5.01,5.01,4721.9,5.837,557484.0,43092155.0,16.35,6.811,5.84,14.68,92.7,92.6,88.2,92.6
2018-11-14 00:00:00+00:00,1226.4,2398.76,4.46,51734.48,18.5,5.01,5.02,6044.0,5.837,557484.0,43092155.0,16.39,6.811,5.84,14.68,93.0,92.8,92.7,95.0
2018-11-15 00:00:00+00:00,1244.9,2434.95,4.39,52514.94,18.8,5.01,5.09,3592.9,5.917,557484.0,43092155.0,16.64,6.39,5.92,15.65,94.2,94.1,92.8,94.6
2018-11-16 00:00:00+00:00,1258.2,2460.79,4.34,53072.45,19.0,5.01,5.15,4068.1,5.917,557484.0,43092155.0,16.81,6.39,5.92,15.65,95.2,95.1,94.2,95.8
2018-11-19 00:00:00+00:00,1341.4,2623.64,4.07,56584.6,20.2,5.01,5.49,9908.0,5.917,557484.0,43092155.0,17.93,6.39,5.92,15.65,101.5,101.0,95.6,102.0
2018-11-20 00:00:00+00:00,1244.9,2434.95,4.39,52514.94,18.8,5.01,5.09,11898.5,5.917,557484.0,43092155.0,16.64,6.39,5.92,15.65,94.5,94.2,94.0,100.0
2018-11-21 00:00:00+00:00,1255.5,2455.62,4.35,52960.95,18.9,5.01,5.14,10743.3,5.917,557484.0,43092155.0,16.78,6.39,5.92,15.65,95.0,94.9,93.0,96.7
2018-11-22 00:00:00+00:00,1229.1,2403.93,4.45,51845.98,18.6,5.01,5.03,5634.9,5.917,557484.0,43092155.0,16.42,6.39,5.92,15.65,93.0,92.9,92.5,96.9
2018-11-23 00:00:00+00:00,1222.5,2391.0,4.47,51567.25,18.5,5.01,5.0,2496.1,5.917,557484.0,43092155.0,16.34,6.39,5.92,15.65,92.6,92.5,92.5,94.4
2018-11-26 00:00:00+00:00,1242.3,2429.78,4.4,52403.45,18.8,5.01,5.08,2982.1,5.917,557484.0,43092155.0,16.6,6.39,5.92,15.65,94.0,93.9,92.5,94.2
2018-11-27 00:00:00+00:00,1287.2,2517.66,4.25,54298.91,19.4,5.01,5.27,5354.1,5.917,557484.0,43092155.0,17.2,6.39,5.92,15.65,97.4,97.3,94.5,97.4
2018-11-28 00:00:00+00:00,1271.4,2486.64,4.3,53629.91,19.2,5.01,5.2,6376.5,5.917,557484.0,43092155.0,16.99,6.39,5.92,15.65,96.3,96.2,95.5,99.3
2018-11-29 00:00:00+00:00,1272.7,2489.23,4.29,53685.66,19.2,5.01,5.21,10393.7,5.917,557484.0,43092155.0,17.01,6.39,5.92,15.65,96.4,96.3,96.0,99.7
2018-11-30 00:00:00+00:00,1288.6,2520.25,4.24,54354.66,19.4,5.01,5.27,4186.1,5.917,557484.0,43092155.0,17.22,6.39,5.92,15.65,97.7,97.5,97.1,98.4
2018-12-03 00:00:00+00:00,1341.4,2623.64,4.07,56584.6,20.2,5.01,5.49,11413.3,5.917,557484.0,43092155.0,17.93,6.39,5.92,15.65,102.0,101.5,99.9,104.0
2018-12-04 00:00:00+00:00,1348.0,2636.57,4.05,56863.33,20.3,5.01,5.51,6023.7,5.917,557484.0,43092155.0,18.01,6.39,5.92,15.65,102.5,102.0,100.5,104.0
2018-12-05 00:00:00+00:00,1304.4,2551.26,4.19,55023.61,19.7,5.01,5.34,8862.0,5.917,557484.0,43092155.0,17.43,6.39,5.92,15.65,98.8,98.7,98.0,103.5
2018-12-06 00:00:00+00:00,1307.1,2556.43,4.18,55135.11,19.7,5.01,5.35,6576.3,5.917,557484.0,43092155.0,17.47,6.39,5.92,15.65,98.9,98.8,94.3,98.9
2018-12-07 00:00:00+00:00,1266.1,2476.3,4.32,53406.92,19.1,5.01,5.18,11919.6,5.917,557484.0,43092155.0,16.92,6.39,5.92,15.65,96.0,95.8,95.5,102.5
2018-12-10 00:00:00+00:00,1215.9,2378.08,4.49,51288.47,18.4,5.01,4.97,10784.6,5.917,557484.0,43092155.0,16.25,6.39,5.92,15.65,92.3,92.0,90.5,96.4
2018-12-11 00:00:00+00:00,1297.8,2538.34,4.21,54744.88,19.6,5.01,5.31,8867.6,5.917,557484.0,43092155.0,17.34,6.39,5.92,15.65,98.2,98.1,93.7,98.2
2018-12-12 00:00:00+00:00,1309.7,2561.6,4.17,55246.64,19.8,5.01,5.36,6758.4,5.917,557484.0,43092155.0,17.5,6.39,5.92,15.65,99.1,99.0,98.2,101.5
2018-12-13 00:00:00+00:00,1316.3,2574.53,4.15,55525.38,19.9,5.01,5.39,6993.6,5.917,557484.0,43092155.0,17.59,6.39,5.92,15.65,99.7,99.6,98.7,101.5
2018-12-14 00:00:00+00:00,1308.4,2559.02,4.18,55190.89,19.7,5.01,5.35,3747.3,5.917,557484.0,43092155.0,17.48,6.39,5.92,15.65,99.0,98.9,98.3,100.0
2018-12-17 00:00:00+00:00,1284.6,2512.49,4.25,54187.41,19.4,5.01,5.26,3918.1,5.917,557484.0,43092155.0,17.17,6.39,5.92,15.65,97.3,97.2,97.1,100.5
2018-12-18 00:00:00+00:00,1279.3,2502.15,4.27,53964.43,19.3,5.01,5.23,4279.9,5.917,557484.0,43092155.0,17.1,6.39,5.92,15.65,96.9,96.8,95.4,98.5
2018-12-19 00:00:00+00:00,1255.5,2455.62,4.35,52960.95,18.9,5.01,5.14,5261.5,5.917,557484.0,43092155.0,16.78,6.39,5.92,15.65,95.0,94.9,94.4,97.9
2018-12-20 00:00:00+00:00,1287.2,2517.66,4.25,54298.91,19.4,5.01,5.27,4611.0,5.98,557484.0,43092155.0,17.2,6.178,5.98,16.19,97.4,97.3,93.7,97.4
2018-12-21 00:00:00+00:00,1280.6,2504.74,4.27,54020.18,19.3,5.01,5.24,7540.0,5.98,557484.0,43092155.0,17.11,6.178,5.98,16.19,97.3,96.9,96.4,99.0
2018-12-24 00:00:00+00:00,1244.9,2434.95,4.39,52514.94,18.8,5.01,5.09,6923.4,5.98,557484.0,43092155.0,16.64,6.178,5.98,16.19,94.3,94.2,94.2,98.2
2018-12-25 00:00:00+00:00,1197.4,2341.89,4.56,50508.02,18.1,5.01,4.9,8596.8,5.98,557484.0,43092155.0,16.0,6.178,5.98,16.19,90.7,90.6,90.6,93.7
2018-12-26 00:00:00+00:00,1242.3,2429.78,4.4,52403.45,18.8,5.01,5.08,9727.6,5.98,557484.0,43092155.0,16.6,6.178,5.98,16.19,94.1,94.0,91.4,95.3
2018-12-27 00:00:00+00:00,1296.5,2535.76,4.22,54689.13,19.6,5.01,5.3,18408.8,5.98,557484.0,43092155.0,17.33,6.178,5.98,16.19,98.2,98.1,96.5,100.5
2018-12-28 00:00:00+00:00,1303.1,2548.68,4.19,54967.87,19.7,5.01,5.33,10182.4,5.98,557484.0,43092155.0,17.41,6.178,5.98,16.19,98.6,98.5,97.5,99.5
2018-12-31 00:00:00+00:00,1303.1,2548.68,4.19,54967.87,19.7,5.01,5.33,,5.98,557484.0,43092155.0,17.41,6.178,5.98,16.19,,,,
2019-01-01 00:00:00+00:00,1303.1,2548.68,4.19,54967.87,19.7,5.01,4.28,,5.98,557484.0,55401047.0,9.56,6.178,5.98,16.19,,,,
2019-01-02 00:00:00+00:00,1297.8,2538.34,4.21,54744.88,19.6,5.01,4.26,13834.8,5.98,557484.0,55401047.0,9.52,6.178,5.98,16.19,98.2,98.0,96.2,102.0
2019-01-03 00:00:00+00:00,1320.3,2582.28,4.14,55692.61,19.9,5.01,4.34,11445.9,5.98,557484.0,55401047.0,9.69,6.178,5.98,16.19,99.9,99.8,97.7,100.5
2019-01-04 00:00:00+00:00,1334.8,2610.72,4.09,56305.82,20.1,5.01,4.39,10003.0,5.98,557484.0,55401047.0,9.8,6.178,5.98,16.19,101.0,100.5,98.2,101.0
2019-01-07 00:00:00+00:00,1317.6,2577.11,4.15,55581.12,19.9,5.01,4.33,10098.9,5.98,557484.0,55401047.0,9.67,6.178,5.98,16.19,99.8,99.7,99.5,103.5
2019-01-08 00:00:00+00:00,1348.0,2636.57,4.05,56863.33,20.3,5.01,4.43,9941.5,5.98,557484.0,55401047.0,9.89,6.178,5.98,16.19,102.0,101.5,99.7,103.0
2019-01-09 00:00:00+00:00,1354.6,2649.49,4.03,57142.07,20.4,5.01,4.45,11321.8,5.98,557484.0,55401047.0,9.94,6.178,5.98,16.19,103.0,102.5,102.0,105.0
2019-01-10 00:00:00+00:00,1321.6,2584.87,4.14,55748.36,19.9,5.01,4.34,5532.4,5.98,557484.0,55401047.0,9.7,6.178,5.98,16.19,100.5,100.0,99.5,103.5
2019-01-11 00:00:00+00:00,1361.2,2662.41,4.01,57420.8,20.5,5.01,4.47,6965.1,5.98,557484.0,55401047.0,9.99,6.178,5.98,16.19,103.0,102.5,100.5,103.0
2019-01-14 00:00:00+00:00,1387.7,2714.11,3.94,58535.77,20.9,5.01,4.56,7784.1,5.98,557484.0,55401047.0,10.18,6.178,5.98,16.19,105.0,104.5,103.0,105.0
2019-01-15 00:00:00+00:00,1433.9,2804.58,3.81,60486.98,21.6,5.01,4.71,28171.7,5.98,557484.0,55401047.0,10.52,6.178,5.98,16.19,109.0,108.5,106.0,115.0
2019-01-16 00:00:00+00:00,1480.2,2895.05,3.69,62438.15,22.3,5.01,4.86,14443.7,5.98,557484.0,55401047.0,10.86,6.178,5.98,16.19,112.0,111.5,107.5,112.5
2019-01-17 00:00:00+00:00,1381.1,2701.19,3.96,58257.04,20.8,5.01,4.54,15343.7,6.279,557484.0,55401047.0,10.14,5.787,6.28,17.28,105.0,104.5,104.5,111.5
2019-01-18 00:00:00+00:00,1414.1,2765.81,3.86,59650.74,21.3,5.01,4.65,6103.1,6.279,557484.0,55401047.0,10.38,5.787,6.28,17.28,107.0,106.5,104.0,107.0
2019-01-21 00:00:00+00:00,1414.1,2765.81,3.86,59650.74,21.3,5.01,4.65,5462.8,6.279,557484.0,55401047.0,10.38,5.787,6.28,17.28,107.0,106.5,105.5,108.5
2019-01-22 00:00:00+00:00,1381.1,2701.19,3.96,58257.04,20.8,5.01,4.54,9492.0,6.279,557484.0,55401047.0,10.14,5.787,6.28,17.28,104.5,104.0,102.5,109.0
2019-01-23 00:00:00+00:00,1414.1,2765.81,3.86,59650.74,21.3,5.01,4.65,7156.6,6.279,557484.0,55401047.0,10.38,5.787,6.28,17.28,107.5,107.0,104.0,107.0
2019-01-24 00:00:00+00:00,1407.5,2752.88,3.88,59372.01,21.2,5.01,4.62,4247.6,6.279,557484.0,55401047.0,10.33,5.787,6.28,17.28,107.0,106.5,106.5,108.5
2019-01-25 00:00:00+00:00,1407.5,2752.88,3.88,59372.01,21.2,5.01,4.62,4336.2,6.279,557484.0,55401047.0,10.33,5.787,6.28,17.28,106.5,106.0,105.5,108.5
2019-01-28 00:00:00+00:00,1407.5,2752.88,3.88,59372.01,21.2,5.01,4.62,2328.8,6.279,557484.0,55401047.0,10.33,5.787,6.28,17.28,106.5,106.0,106.0,107.5
2019-01-29 00:00:00+00:00,1374.5,2688.26,3.98,57978.3,20.7,5.01,4.52,6107.2,6.279,557484.0,55401047.0,10.09,5.787,6.28,17.28,104.5,104.0,103.0,105.5
2019-01-30 00:00:00+00:00,1420.7,2778.73,3.85,59929.48,21.4,5.01,4.67,11051.0,6.279,557484.0,55401047.0,10.43,5.787,6.28,17.28,107.5,107.0,104.5,109.0
2019-01-31 00:00:00+00:00,1420.7,2778.73,3.85,59929.48,21.4,5.01,4.67,,6.279,557484.0,55401047.0,10.43,5.787,6.28,17.28,,,,
2019-02-01 00:00:00+00:00,1420.7,2778.73,3.85,59929.48,21.4,5.01,4.67,,6.279,557484.0,55401047.0,10.43,5.787,6.28,17.28,,,,
2019-02-04 00:00:00+00:00,1420.7,2778.73,3.85,59929.48,21.4,5.01,4.67,,6.279,557484.0,55401047.0,10.43,5.787,6.28,17.28,,,,
2019-02-05 00:00:00+00:00,1420.7,2778.73,3.85,59929.48,21.4,5.01,4.67,,6.279,557484.0,55401047.0,10.43,5.787,6.28,17.28,,,,
2019-02-06 00:00:00+00:00,1420.7,2778.73,3.85,59929.48,21.4,5.01,4.67,,6.279,557484.0,55401047.0,10.43,5.787,6.28,17.28,,,,
2019-02-07 00:00:00+00:00,1420.7,2778.73,3.85,59929.48,21.4,5.01,4.67,,6.279,557484.0,55401047.0,10.43,5.787,6.28,17.28,,,,
2019-02-08 00:00:00+00:00,1420.7,2778.73,3.85,59929.48,21.4,5.01,4.67,,6.279,557484.0,55401047.0,10.43,5.787,6.28,17.28,,,,
2019-02-11 00:00:00+00:00,1440.5,2817.51,3.79,60765.71,21.7,5.01,4.73,13021.6,6.279,557484.0,55401047.0,10.57,5.787,6.28,17.28,109.0,108.5,107.5,111.5
2019-02-12 00:00:00+00:00,1447.1,2830.43,3.78,61044.45,21.8,5.01,4.75,6208.6,6.279,557484.0,55401047.0,10.62,5.787,6.28,17.28,109.5,109.0,109.0,110.5
2019-02-13 00:00:00+00:00,1400.9,2739.96,3.9,59093.28,21.1,5.01,4.6,9547.7,6.279,557484.0,55401047.0,10.28,5.787,6.28,17.28,106.0,105.5,105.0,111.5
2019-02-14 00:00:00+00:00,1361.2,2662.41,4.01,57420.8,20.5,5.01,4.47,7170.4,6.478,557484.0,55401047.0,9.99,5.916,6.48,16.9,103.5,103.0,102.5,106.5
2019-02-15 00:00:00+00:00,1315.0,2571.94,4.16,55469.63,19.8,5.01,4.32,14184.1,6.478,557484.0,55401047.0,9.65,5.916,6.48,16.9,99.7,99.5,99.0,105.5
2019-02-18 00:00:00+00:00,1328.2,2597.79,4.11,56027.09,20.0,5.01,4.36,6602.0,6.478,557484.0,55401047.0,9.75,5.916,6.48,16.9,100.5,100.0,99.9,102.0
2019-02-19 00:00:00+00:00,1341.4,2623.64,4.07,56584.6,20.2,5.01,4.41,4142.4,6.478,557484.0,55401047.0,9.84,5.916,6.48,16.9,102.0,101.5,100.5,102.0
2019-02-20 00:00:00+00:00,1341.4,2623.64,4.07,56584.6,20.2,5.01,4.41,3976.9,6.478,557484.0,55401047.0,9.84,5.916,6.48,16.9,102.0,101.5,101.0,103.0
2019-02-21 00:00:00+00:00,1348.0,2636.57,4.05,56863.33,20.3,5.01,4.43,6307.9,6.478,557484.0,55401047.0,9.89,5.916,6.48,16.9,102.0,101.5,99.5,102.5
2019-02-22 00:00:00+00:00,1407.5,2752.88,3.88,59372.01,21.2,5.01,4.62,14312.0,6.478,557484.0,55401047.0,10.33,5.916,6.48,16.9,107.0,106.5,101.0,107.0
2019-02-25 00:00:00+00:00,1433.9,2804.58,3.81,60486.98,21.6,5.01,4.71,10888.2,6.478,557484.0,55401047.0,10.52,5.916,6.48,16.9,108.5,108.0,105.0,109.0
2019-02-26 00:00:00+00:00,1427.3,2791.66,3.83,60208.25,21.5,5.01,4.69,5885.4,6.478,557484.0,55401047.0,10.47,5.916,6.48,16.9,108.5,108.0,107.5,109.5
2019-02-27 00:00:00+00:00,1433.9,2804.58,3.81,60486.98,21.6,5.01,4.71,7042.3,6.478,557484.0,55401047.0,10.52,5.916,6.48,16.9,109.0,108.5,105.5,109.5
2019-02-28 00:00:00+00:00,1433.9,2804.58,3.81,60486.98,21.6,5.01,4.71,,6.478,557484.0,55401047.0,10.52,5.916,6.48,16.9,,,,
2019-03-01 00:00:00+00:00,1433.9,2804.58,3.81,60486.98,21.6,5.01,4.71,,6.478,557484.0,55401047.0,10.52,5.916,6.48,16.9,,,,
2019-03-04 00:00:00+00:00,1427.3,2791.66,3.83,60208.25,21.5,5.01,4.69,8321.4,6.478,557484.0,55401047.0,10.47,5.916,6.48,16.9,108.5,108.0,107.5,110.5
2019-03-05 00:00:00+00:00,1414.1,2765.81,3.86,59650.74,21.3,5.01,4.65,5556.3,6.478,557484.0,55401047.0,10.38,5.916,6.48,16.9,107.5,107.0,106.5,108.5
2019-03-06 00:00:00+00:00,1394.3,2727.04,3.92,58814.5,21.0,5.01,4.58,4196.7,6.478,557484.0,55401047.0,10.23,5.916,6.48,16.9,106.0,105.5,105.0,108.0
2019-03-07 00:00:00+00:00,1407.5,2752.88,3.88,59372.01,21.2,5.01,4.62,6431.6,6.478,557484.0,55401047.0,10.33,5.916,6.48,16.9,106.5,106.0,103.5,107.0
2019-03-08 00:00:00+00:00,1427.3,2791.66,3.83,60208.25,21.5,5.01,4.69,5929.1,6.478,557484.0,55401047.0,10.47,5.916,6.48,16.9,108.5,108.0,104.5,108.5
2019-03-11 00:00:00+00:00,1433.9,2804.58,3.81,60486.98,21.6,5.01,4.71,3144.1,6.478,557484.0,55401047.0,10.52,5.916,6.48,16.9,108.5,108.0,106.5,108.5
2019-03-12 00:00:00+00:00,1400.9,2739.96,3.9,59093.28,21.1,5.01,4.6,3276.0,6.478,557484.0,55401047.0,10.28,5.916,6.48,16.9,106.5,106.0,106.0,109.5
2019-03-13 00:00:00+00:00,1440.5,2817.51,3.79,60765.71,21.7,5.01,4.73,4496.4,6.478,557484.0,55401047.0,10.57,5.916,6.48,16.9,109.0,108.5,106.0,109.5
2019-03-14 00:00:00+00:00,1427.3,2791.66,3.83,60208.25,21.5,5.01,4.69,3716.5,6.677,557484.0,55401047.0,10.47,6.3,6.68,15.87,108.5,108.0,107.5,111.0
2019-03-15 00:00:00+00:00,1453.8,2843.35,3.76,61323.18,21.9,5.01,4.78,5757.0,6.677,557484.0,55401047.0,10.67,6.3,6.68,15.87,110.5,110.0,108.0,112.0
2019-03-18 00:00:00+00:00,1566.1,3063.07,3.49,66061.75,23.6,5.01,5.15,20463.3,6.677,557484.0,55401047.0,11.49,6.3,6.68,15.87,118.5,118.0,110.5,119.0
2019-03-19 00:00:00+00:00,1539.7,3011.37,3.55,64946.83,23.2,5.01,5.06,14226.1,6.677,557484.0,55401047.0,11.3,6.3,6.68,15.87,117.0,116.5,116.0,121.5
2019-03-20 00:00:00+00:00,1585.9,3101.84,3.45,66898.0,23.9,5.01,5.21,9362.4,6.677,557484.0,55401047.0,11.64,6.3,6.68,15.87,120.5,120.0,117.5,121.0
2019-03-21 00:00:00+00:00,1566.1,3063.07,3.37,66061.75,23.6,5.01,5.15,6372.9,6.677,557484.0,55401047.0,11.49,6.3,6.68,15.87,119.0,118.5,118.5,122.5
2019-03-22 00:00:00+00:00,1566.1,3063.07,3.37,66061.75,23.6,5.01,5.15,11522.4,6.677,557484.0,55401047.0,11.49,6.3,6.68,15.87,119.0,118.5,117.0,122.5
2019-03-25 00:00:00+00:00,1585.9,3101.84,3.33,66898.0,23.9,5.01,5.21,5252.1,6.677,557484.0,55401047.0,11.64,6.3,6.68,15.87,120.0,119.5,115.5,120.0
2019-03-26 00:00:00+00:00,1599.1,3127.69,3.3,67455.5,24.1,5.01,5.25,11652.4,6.677,557484.0,55401047.0,11.74,6.3,6.68,15.87,121.5,121.0,120.0,126.0
2019-03-27 00:00:00+00:00,1599.1,3127.69,3.3,67455.5,24.1,5.01,5.25,4509.8,6.677,557484.0,55401047.0,11.74,6.3,6.68,15.87,121.0,120.5,119.0,122.0
2019-03-28 00:00:00+00:00,1618.9,3166.46,3.26,68291.69,23.0,5.33,5.32,4358.2,6.677,557484.0,55401047.0,11.88,6.3,6.68,15.87,122.5,122.0,120.5,124.0
2019-03-29 00:00:00+00:00,1645.4,3218.16,3.21,69419.88,23.4,5.33,5.41,8104.8,6.677,557590.0,55401047.0,12.07,6.3,6.68,15.87,124.5,124.0,123.0,127.0
2019-04-01 00:00:00+00:00,1724.7,3373.25,3.06,72765.44,24.5,5.33,5.67,10256.5,6.677,557590.0,55401047.0,12.66,6.3,6.68,15.87,130.5,130.0,124.5,130.5
2019-04-02 00:00:00+00:00,1704.9,3334.48,3.1,71929.06,24.2,5.33,5.6,9396.1,6.677,557590.0,55401047.0,12.51,6.3,6.68,15.87,129.0,128.5,126.5,135.0
2019-04-03 00:00:00+00:00,1711.5,3347.4,3.09,72207.88,24.3,5.33,5.62,4434.2,6.677,557590.0,55401047.0,12.56,6.3,6.68,15.87,129.5,129.0,126.0,129.5
2019-04-04 00:00:00+00:00,1711.5,3347.4,3.09,72207.88,24.3,5.33,5.62,,6.677,557590.0,55401047.0,12.56,6.3,6.68,15.87,,,,
2019-04-05 00:00:00+00:00,1711.5,3347.4,3.09,72207.88,24.3,5.33,5.62,,6.677,557590.0,55401047.0,12.56,6.3,6.68,15.87,,,,
2019-04-08 00:00:00+00:00,1704.9,3334.48,3.1,71929.06,24.2,5.33,5.6,3881.3,6.677,557590.0,55401047.0,12.51,6.3,6.68,15.87,130.0,129.0,128.0,132.0
2019-04-09 00:00:00+00:00,1737.9,3399.1,3.04,73323.06,24.7,5.33,5.71,5499.0,6.677,557590.0,55401047.0,12.75,6.3,6.68,15.87,132.0,131.5,129.5,135.0
2019-04-10 00:00:00+00:00,1757.7,3437.87,3.01,74159.38,25.0,5.33,5.78,6322.6,6.677,557590.0,55401047.0,12.9,6.3,6.68,15.87,133.0,132.5,130.5,135.0
2019-04-11 00:00:00+00:00,1724.7,3373.25,3.06,72765.44,24.5,5.33,5.67,4873.0,6.677,557590.0,55401047.0,12.66,6.3,6.68,15.87,131.0,130.5,129.0,134.0
2019-04-12 00:00:00+00:00,1757.7,3437.87,3.01,74159.38,25.0,5.33,5.78,4162.0,6.677,557590.0,55401047.0,12.9,6.3,6.68,15.87,133.5,133.0,129.0,133.0
2019-04-15 00:00:00+00:00,1731.3,3386.18,3.05,73044.25,24.6,5.33,5.69,5508.0,6.677,557590.0,55401047.0,12.71,6.3,6.68,15.87,131.5,131.0,130.5,137.5
2019-04-16 00:00:00+00:00,1751.1,3424.95,3.02,73880.63,24.9,5.33,5.75,2986.5,6.677,557590.0,55401047.0,12.85,6.3,6.68,15.87,132.5,132.0,131.0,133.5
2019-04-17 00:00:00+00:00,1737.9,3399.1,3.04,73323.06,24.7,5.33,5.71,2917.6,6.677,557590.0,55401047.0,12.75,6.3,6.68,15.87,132.0,131.5,131.5,134.5
2019-04-18 00:00:00+00:00,1691.6,3308.63,3.12,71371.44,24.0,5.33,5.56,4429.0,7.087,557590.0,55401047.0,12.41,5.348,7.09,18.7,129.0,128.0,128.0,132.0
2019-04-19 00:00:00+00:00,1698.2,3321.56,3.11,71650.25,24.1,5.33,5.58,3518.9,7.087,557590.0,55401047.0,12.46,5.348,7.09,18.7,129.0,128.5,127.5,131.5
2019-04-22 00:00:00+00:00,1731.3,3386.18,3.05,73044.25,24.6,5.33,5.69,3093.1,7.087,557590.0,55401047.0,12.71,5.348,7.09,18.7,131.5,131.0,129.0,132.0
2019-04-23 00:00:00+00:00,1843.6,3605.89,2.87,77783.75,26.2,5.33,6.06,13157.3,7.087,557590.0,55401047.0,13.53,5.348,7.09,18.7,139.5,139.0,130.0,139.5
2019-04-24 00:00:00+00:00,1804.0,3528.34,2.93,76111.0,25.6,5.33,5.93,7064.0,7.087,557590.0,55401047.0,13.24,5.348,7.09,18.7,137.0,136.5,136.0,141.5
2019-04-25 00:00:00+00:00,1757.7,3437.87,3.01,74159.38,25.0,5.33,5.78,4805.9,7.087,557590.0,55401047.0,12.9,5.348,7.09,18.7,133.5,133.0,133.0,137.5
2019-04-26 00:00:00+00:00,1698.2,3321.56,3.11,71650.25,24.1,5.33,5.58,9721.6,7.087,557590.0,55401047.0,12.46,5.348,7.09,18.7,129.0,128.5,125.5,133.0
2019-04-29 00:00:00+00:00,1711.5,3347.4,3.09,72207.88,24.3,5.33,5.62,6167.3,7.087,557590.0,55401047.0,12.56,5.348,7.09,18.7,130.0,129.5,123.5,131.0
2019-04-30 00:00:00+00:00,1731.3,3386.18,3.05,73044.25,24.6,5.33,5.69,3258.4,7.087,557590.0,55401047.0,12.71,5.348,7.09,18.7,131.0,130.5,126.5,131.0
2019-05-01 00:00:00+00:00,1731.3,3386.18,3.05,73044.25,24.6,5.33,5.69,,7.087,557590.0,55401047.0,12.71,5.348,7.09,18.7,,,,
2019-05-02 00:00:00+00:00,1770.9,3463.72,2.98,74717.0,25.2,5.33,5.82,4777.3,7.087,557590.0,55401047.0,13.0,5.348,7.09,18.7,134.0,133.5,129.5,134.5
2019-05-03 00:00:00+00:00,1804.0,3528.34,2.93,76111.0,25.6,5.33,5.93,5042.2,7.087,557590.0,55401047.0,13.24,5.348,7.09,18.7,137.0,136.5,134.0,137.0
2019-05-06 00:00:00+00:00,1764.3,3450.8,3.0,74438.19,25.1,5.33,5.8,4908.0,7.087,557590.0,55401047.0,12.95,5.348,7.09,18.7,133.5,133.0,132.0,134.5
2019-05-07 00:00:00+00:00,1784.1,3489.57,2.96,75274.56,25.4,5.33,5.86,8591.1,7.087,557590.0,55401047.0,13.09,5.348,7.09,18.7,135.5,135.0,133.5,138.5
2019-05-08 00:00:00+00:00,1764.3,3450.8,3.0,74438.19,25.1,5.33,5.8,7201.3,7.087,557590.0,55401047.0,12.95,5.348,7.09,18.7,134.0,133.5,130.0,135.5
2019-05-09 00:00:00+00:00,1704.9,3334.48,3.1,71929.06,24.2,5.33,5.6,5352.7,7.087,557590.0,55401047.0,12.51,5.348,7.09,18.7,129.5,129.0,128.5,135.5
2019-05-10 00:00:00+00:00,1718.1,3360.33,3.08,72486.63,24.4,5.33,5.65,8118.0,7.087,557590.0,55401047.0,12.61,5.348,7.09,18.7,130.5,130.0,125.5,133.5
2019-05-13 00:00:00+00:00,1724.7,3373.25,3.06,72765.44,24.5,5.33,5.67,4126.0,7.087,557590.0,55401047.0,12.66,5.348,7.09,18.7,131.0,130.5,127.5,131.5
2019-05-14 00:00:00+00:00,1665.2,3256.93,3.17,70256.25,21.9,5.75,5.47,9665.7,7.087,557590.0,55401047.0,12.22,5.348,7.09,18.7,126.0,125.5,117.5,126.5
2019-05-15 00:00:00+00:00,1731.3,3386.18,3.05,73044.25,22.8,5.75,5.69,5298.3,7.087,557590.0,55401047.0,12.71,5.348,7.09,18.7,131.0,130.5,126.5,132.0
2019-05-16 00:00:00+00:00,1658.6,3244.01,3.19,69977.44,21.8,5.75,5.45,3808.5,7.627,557590.0,55401047.0,12.17,6.053,7.63,16.52,126.0,125.5,125.5,132.5
2019-05-17 00:00:00+00:00,1605.7,3140.61,3.29,67747.13,21.1,5.75,5.28,9189.4,7.627,557590.0,55401047.0,11.78,6.053,7.63,16.52,122.0,121.5,120.0,128.5
2019-05-20 00:00:00+00:00,1566.1,3063.07,3.37,66074.38,20.6,5.75,5.15,6049.4,7.627,557590.0,55401047.0,11.49,6.053,7.63,16.52,119.0,118.5,117.0,123.0
2019-05-21 00:00:00+00:00,1612.3,3153.54,3.28,68025.94,21.2,5.75,5.3,4116.0,7.627,557590.0,55401047.0,11.83,6.053,7.63,16.52,122.5,122.0,116.5,122.5
2019-05-22 00:00:00+00:00,1572.7,3075.99,3.36,66353.19,20.7,5.75,5.17,3104.7,7.627,557590.0,55401047.0,11.54,6.053,7.63,16.52,119.5,119.0,119.0,124.5
2019-05-23 00:00:00+00:00,1579.3,3088.92,3.35,66631.94,20.8,5.75,5.19,3336.7,7.627,557590.0,55401047.0,11.59,6.053,7.63,16.52,120.0,119.5,115.5,120.5
2019-05-24 00:00:00+00:00,1566.1,3063.07,3.37,66074.38,20.6,5.75,5.15,2803.7,7.627,557590.0,55401047.0,11.49,6.053,7.63,16.52,119.0,118.5,118.0,121.5
2019-05-27 00:00:00+00:00,1473.6,2882.13,3.59,62171.26,19.4,5.75,4.84,8273.7,7.627,557590.0,55401047.0,10.81,6.053,7.63,16.52,112.0,111.5,111.0,118.5
2019-05-28 00:00:00+00:00,1539.7,3011.37,3.43,64959.2,20.3,5.75,5.06,5645.8,7.627,557590.0,55401047.0,11.3,6.053,7.63,16.52,116.5,116.0,112.0,116.5
2019-05-29 00:00:00+00:00,1539.7,3011.37,3.43,64959.2,20.3,5.75,5.06,2695.6,7.627,557590.0,55401047.0,11.3,6.053,7.63,16.52,117.0,116.5,113.5,117.5
2019-05-30 00:00:00+00:00,1572.7,3075.99,3.36,66353.19,20.7,5.75,5.17,3774.1,7.627,557590.0,55401047.0,11.54,6.053,7.63,16.52,119.5,119.0,116.0,119.5
2019-05-31 00:00:00+00:00,1618.9,3166.46,3.26,68316.56,21.3,5.75,5.32,5732.3,7.627,557686.0,55401047.0,11.88,6.053,7.63,16.52,122.5,122.0,117.0,122.5
2019-06-03 00:00:00+00:00,1592.5,3114.77,3.32,67201.19,21.0,5.75,5.23,3878.8,7.627,557686.0,55401047.0,11.69,6.053,7.63,16.52,120.5,120.0,119.0,122.0
2019-06-04 00:00:00+00:00,1559.5,3050.14,3.39,65806.94,20.5,5.75,5.12,5735.8,7.627,557686.0,55401047.0,11.44,6.053,7.63,16.52,118.5,118.0,118.0,124.0
2019-06-05 00:00:00+00:00,1585.9,3101.84,3.33,66922.31,20.9,5.75,5.21,2835.5,7.627,557686.0,55401047.0,11.64,6.053,7.63,16.52,120.0,119.5,118.5,121.5
2019-06-06 00:00:00+00:00,1552.9,3037.22,3.4,65528.13,20.4,5.75,5.1,4876.5,7.627,557686.0,55401047.0,11.4,6.053,7.63,16.52,117.5,117.0,115.0,120.5
2019-06-07 00:00:00+00:00,1552.9,3037.22,3.4,65528.13,20.4,5.75,5.1,,7.627,557686.0,55401047.0,11.4,6.053,7.63,16.52,,,,
2019-06-10 00:00:00+00:00,1632.2,3192.31,3.24,68874.19,21.5,5.75,5.36,6478.1,7.627,557686.0,55401047.0,11.98,6.053,7.63,16.52,123.5,123.0,119.5,124.0
2019-06-11 00:00:00+00:00,1632.2,3192.31,3.24,68874.19,21.5,5.75,5.36,5084.2,7.627,557686.0,55401047.0,11.98,6.053,7.63,16.52,123.5,123.0,121.5,125.0
2019-06-12 00:00:00+00:00,1638.8,3205.24,3.22,69153.06,21.6,5.75,5.38,3138.2,7.627,557686.0,55401047.0,12.03,6.053,7.63,16.52,124.0,123.5,123.0,125.0
2019-06-13 00:00:00+00:00,1665.2,3256.93,3.17,70268.44,21.9,5.75,5.47,4833.4,7.627,557686.0,55401047.0,12.22,6.053,7.63,16.52,126.5,126.0,123.5,127.5
2019-06-14 00:00:00+00:00,1599.1,3127.69,3.3,67480.0,21.1,5.75,5.25,7468.5,7.627,557686.0,55401047.0,11.74,6.053,7.63,16.52,121.0,120.5,120.0,127.0
2019-06-17 00:00:00+00:00,1572.7,3075.99,3.36,66364.63,20.7,5.75,5.17,4788.2,7.627,557686.0,55401047.0,11.54,6.053,7.63,16.52,119.5,119.0,118.0,121.5
2019-06-18 00:00:00+00:00,1605.7,3140.61,3.29,67758.81,21.1,5.75,5.28,3909.8,7.627,557686.0,55401047.0,11.78,6.053,7.63,16.52,121.5,121.0,118.5,121.5
2019-06-19 00:00:00+00:00,1645.4,3218.16,3.21,69431.94,21.7,5.75,5.41,6422.6,7.627,557686.0,55401047.0,12.07,6.053,7.63,16.52,125.0,124.5,122.0,126.0
2019-06-20 00:00:00+00:00,1658.6,3244.01,3.19,69989.56,21.8,5.75,5.45,5133.3,7.765,557686.0,55401047.0,12.17,6.391,7.77,15.65,125.5,125.0,123.0,126.0
2019-06-21 00:00:00+00:00,1625.6,3179.39,3.25,68595.38,21.4,5.75,5.34,5259.9,7.765,557686.0,55401047.0,11.93,6.391,7.77,15.65,123.0,122.5,121.0,127.0
2019-06-24 00:00:00+00:00,1612.3,3153.54,3.28,68037.69,21.2,5.75,5.3,2811.1,7.765,557686.0,55401047.0,11.83,6.391,7.77,15.65,122.5,122.0,120.0,123.0
2019-06-25 00:00:00+00:00,1704.9,3334.48,3.1,71941.5,22.4,5.75,5.6,19359.8,7.765,557686.0,55401047.0,12.51,6.391,7.77,15.65,129.0,128.5,125.0,130.5
2019-06-26 00:00:00+00:00,1731.3,3386.18,3.05,73056.88,22.8,5.75,5.69,9585.1,7.765,557686.0,55401047.0,12.71,6.391,7.77,15.65,131.0,130.5,127.0,131.0
2019-06-27 00:00:00+00:00,1698.2,3321.56,3.11,71662.63,22.4,5.75,5.58,6944.8,7.765,557686.0,55401047.0,12.46,6.391,7.77,15.65,129.0,128.5,128.5,133.5
2019-06-28 00:00:00+00:00,1737.9,3399.1,3.04,73335.69,22.9,5.75,5.71,3862.7,7.765,557686.0,55401047.0,12.75,6.391,7.77,15.65,131.5,131.0,128.0,131.5
2019-07-01 00:00:00+00:00,1770.9,3463.72,2.98,74729.94,23.3,5.75,5.82,8854.9,7.765,557686.0,55401047.0,13.0,6.391,7.77,15.65,134.0,133.5,133.0,137.5
2019-07-02 00:00:00+00:00,1804.0,3528.34,2.93,76124.13,23.7,5.75,5.93,12466.3,7.765,557686.0,55401047.0,13.24,6.391,7.77,15.65,137.0,136.5,133.5,138.0
2019-07-03 00:00:00+00:00,1685.0,3295.71,3.14,71105.0,22.2,5.75,5.54,13041.5,7.765,557686.0,55401047.0,12.37,6.391,7.77,15.65,128.0,127.5,127.0,135.0
2019-07-04 00:00:00+00:00,1718.1,3360.33,3.08,72499.19,22.6,5.75,5.65,3505.4,7.765,557686.0,55401047.0,12.61,6.391,7.77,15.65,130.0,129.5,128.5,130.5
2019-07-05 00:00:00+00:00,1724.7,3373.25,3.06,72778.0,22.7,5.75,5.67,3958.2,7.765,557686.0,55401047.0,12.66,6.391,7.77,15.65,130.5,130.0,128.0,131.0
2019-07-08 00:00:00+00:00,1718.1,3360.33,3.08,72499.19,22.6,5.75,5.65,3281.9,7.765,557686.0,55401047.0,12.61,6.391,7.77,15.65,130.5,130.0,130.0,133.0
2019-07-09 00:00:00+00:00,1718.1,3360.33,3.08,72499.19,22.6,5.75,5.65,1770.2,7.765,557686.0,55401047.0,12.61,6.391,7.77,15.65,130.5,130.0,129.0,131.5
2019-07-10 00:00:00+00:00,1757.7,3437.87,3.01,74172.25,23.1,5.75,5.78,4227.8,7.765,557686.0,55401047.0,12.9,6.391,7.77,15.65,133.0,132.5,129.5,133.0
2019-07-11 00:00:00+00:00,1704.9,3437.83,3.1,71941.5,22.4,5.75,5.6,4506.9,7.765,557686.0,55401047.0,12.51,6.391,7.77,15.65,129.5,129.0,129.0,131.5
2019-07-12 00:00:00+00:00,1698.2,3424.51,3.11,71662.63,22.4,5.75,5.58,2612.2,7.765,557686.0,55401047.0,12.46,6.391,7.77,15.65,129.0,128.5,128.5,130.5
2019-07-15 00:00:00+00:00,1704.9,3437.83,3.1,71941.5,22.4,5.75,5.6,2741.7,7.765,557686.0,55401047.0,12.51,6.391,7.77,15.65,129.0,128.5,126.0,129.0
2019-07-16 00:00:00+00:00,1698.2,3424.51,3.11,71662.63,22.4,5.75,5.58,2985.6,7.765,557686.0,55401047.0,12.46,6.391,7.77,15.65,128.5,128.0,127.0,130.5
2019-07-17 00:00:00+00:00,1718.1,3464.48,3.08,72499.19,22.6,5.75,5.65,2759.1,7.765,557686.0,55401047.0,12.61,6.391,7.77,15.65,130.0,129.5,128.0,130.5
2019-07-18 00:00:00+00:00,1698.2,3424.51,3.11,71662.63,22.4,5.75,5.58,2239.7,8.139,557686.0,55401047.0,12.46,6.334,8.14,15.79,129.0,128.5,128.5,130.5
2019-07-19 00:00:00+00:00,1744.5,3517.78,3.03,73614.56,23.0,5.75,5.73,3865.0,8.139,557686.0,55401047.0,12.8,6.334,8.14,15.79,132.0,131.5,129.0,132.0
2019-07-22 00:00:00+00:00,1804.0,3637.71,2.93,76124.13,23.7,5.75,5.93,8551.1,8.139,557686.0,55401047.0,13.24,6.334,8.14,15.79,136.5,136.0,132.0,136.5
2019-07-23 00:00:00+00:00,1770.9,3571.08,2.98,74729.94,23.3,5.75,5.82,6088.6,8.139,557686.0,55401047.0,13.0,6.334,8.14,15.79,134.5,134.0,134.0,140.0
2019-07-24 00:00:00+00:00,1797.4,3624.38,2.94,75845.31,23.7,5.75,5.91,3400.0,8.139,557686.0,55401047.0,13.19,6.334,8.14,15.79,136.0,135.5,133.0,136.0
2019-07-25 00:00:00+00:00,1777.5,3584.41,2.97,75008.81,23.4,5.75,5.84,4210.7,8.139,557686.0,55401047.0,13.04,6.334,8.14,15.79,135.0,134.5,134.5,138.5
2019-07-26 00:00:00+00:00,1804.0,3637.71,2.93,76124.13,23.7,5.75,5.93,3740.0,8.139,557686.0,55401047.0,13.24,6.334,8.14,15.79,136.5,136.0,133.0,137.5
2019-07-29 00:00:00+00:00,1817.2,3664.36,2.91,76681.81,23.9,5.75,5.97,3099.9,8.139,557686.0,55401047.0,13.34,6.334,8.14,15.79,137.5,137.0,136.0,138.0
2019-07-30 00:00:00+00:00,1757.7,3544.43,3.01,74172.25,23.1,5.75,5.78,7333.9,8.139,557686.0,55401047.0,12.9,6.334,8.14,15.79,133.5,133.0,132.0,141.0
2019-07-31 00:00:00+00:00,1770.9,3571.08,2.98,74729.94,23.3,5.75,5.82,3204.6,8.139,557686.0,55401047.0,13.0,6.334,8.14,15.79,134.5,134.0,131.0,135.0
2019-08-01 00:00:00+00:00,1804.0,3637.71,2.93,76124.13,23.7,5.75,5.93,3696.3,8.139,557686.0,55401047.0,13.24,6.334,8.14,15.79,136.5,136.0,131.5,137.0
2019-08-02 00:00:00+00:00,1757.7,3544.43,3.01,74172.25,23.1,5.75,5.78,5760.4,8.139,557686.0,55401047.0,12.9,6.334,8.14,15.79,133.5,133.0,129.0,135.0
2019-08-05 00:00:00+00:00,1823.8,3677.68,2.9,76960.63,24.0,5.75,5.99,10660.6,8.139,557686.0,55401047.0,13.38,6.334,8.14,15.79,138.0,137.5,131.5,139.5
2019-08-06 00:00:00+00:00,1856.8,3744.31,2.85,78354.88,24.4,5.75,6.1,9577.2,8.139,557686.0,55401047.0,13.63,6.334,8.14,15.79,141.0,140.5,133.0,141.0
2019-08-07 00:00:00+00:00,1949.3,3930.86,2.71,82258.69,25.7,5.75,6.41,15054.7,8.139,557686.0,55401047.0,14.31,6.334,8.14,15.79,147.5,147.0,139.5,148.0
2019-08-08 00:00:00+00:00,1995.6,4024.13,2.65,84210.56,26.3,5.75,6.56,11035.6,8.139,557686.0,55401047.0,14.64,6.334,8.14,15.79,151.0,150.5,144.5,151.0
2019-08-09 00:00:00+00:00,1995.6,4024.13,2.65,84210.56,26.3,5.75,6.56,,8.139,557686.0,55401047.0,14.64,6.334,8.14,15.79,,,,
2019-08-12 00:00:00+00:00,2061.7,4157.38,2.56,86999.0,27.1,5.75,6.77,13271.9,8.139,557686.0,55401047.0,15.13,6.334,8.14,15.79,156.0,155.5,143.0,156.0
2019-08-13 00:00:00+00:00,1969.2,3970.83,2.68,83095.25,21.9,6.8,6.47,9423.1,8.139,557686.0,55401047.0,14.45,6.334,8.14,15.79,149.5,149.0,149.0,154.0
2019-08-14 00:00:00+00:00,1989.0,4010.81,2.66,83931.75,22.1,6.8,6.54,4260.8,8.139,557686.0,55401047.0,14.6,6.334,8.14,15.79,150.5,150.0,149.0,153.0
2019-08-15 00:00:00+00:00,2008.8,4050.78,2.63,84768.31,22.4,6.8,6.6,6444.0,8.497,557686.0,55401047.0,14.74,5.702,8.5,17.54,152.0,151.5,147.0,154.0
2019-08-16 00:00:00+00:00,2022.0,4077.43,2.61,85325.94,22.5,6.8,6.64,3836.2,8.497,557686.0,55401047.0,14.84,5.702,8.5,17.54,153.5,153.0,151.0,153.5
2019-08-19 00:00:00+00:00,2008.8,4050.78,2.63,84768.31,22.4,6.8,6.6,4011.2,8.497,557686.0,55401047.0,14.74,5.702,8.5,17.54,152.5,152.0,151.5,153.5
2019-08-20 00:00:00+00:00,2022.0,4077.43,2.61,85357.31,22.5,6.8,6.64,6220.0,8.497,557891.0,55401047.0,14.84,5.702,8.5,17.54,153.0,152.5,151.5,155.0
2019-08-21 00:00:00+00:00,2061.7,4157.38,2.56,87031.0,23.0,6.8,6.77,5793.2,8.497,557891.0,55401047.0,15.13,5.702,8.5,17.54,156.5,155.5,151.5,156.0
2019-08-22 00:00:00+00:00,2048.5,4130.73,2.58,86473.13,22.8,6.8,6.73,5443.4,8.497,557891.0,55401047.0,15.03,5.702,8.5,17.54,155.0,154.5,154.0,160.5
2019-08-23 00:00:00+00:00,2028.6,4090.76,2.6,85636.25,22.6,6.8,6.67,3876.1,8.497,557891.0,55401047.0,14.89,5.702,8.5,17.54,154.0,153.5,152.5,156.0
2019-08-26 00:00:00+00:00,2022.0,4077.43,2.61,85357.31,22.5,6.8,6.64,5715.8,8.497,557891.0,55401047.0,14.84,5.702,8.5,17.54,153.5,153.0,151.0,156.5
2019-08-27 00:00:00+00:00,2068.3,4170.7,2.55,87309.94,23.0,6.8,6.8,11730.0,8.497,557891.0,55401047.0,15.18,5.702,8.5,17.54,157.0,156.5,153.5,161.5
2019-08-28 00:00:00+00:00,2134.4,4303.95,2.48,90099.38,23.8,6.8,7.01,10463.4,8.497,557891.0,55401047.0,15.66,5.702,8.5,17.54,161.5,161.0,155.5,163.5
2019-08-29 00:00:00+00:00,2147.6,4330.6,2.46,90657.31,23.9,6.8,7.06,5011.2,8.497,557891.0,55401047.0,15.76,5.702,8.5,17.54,162.5,162.0,160.0,163.0
2019-08-30 00:00:00+00:00,2187.2,4410.55,2.42,92331.0,24.4,6.8,7.19,8773.5,8.497,557891.0,55401047.0,16.05,5.702,8.5,17.54,165.5,165.0,162.0,169.5
2019-09-02 00:00:00+00:00,2167.4,4370.58,2.44,91494.13,24.1,6.8,7.12,9964.0,8.497,557891.0,55401047.0,15.91,5.702,8.5,17.54,164.5,164.0,161.5,170.0
2019-09-03 00:00:00+00:00,2134.4,4303.95,2.48,90099.38,23.8,6.8,7.01,8470.8,8.497,557891.0,55401047.0,15.66,5.702,8.5,17.54,161.5,161.0,159.5,167.0
2019-09-04 00:00:00+00:00,2154.2,4343.93,2.45,90936.25,24.0,6.8,7.08,4598.5,8.497,557891.0,55401047.0,15.81,5.702,8.5,17.54,163.5,163.0,161.0,164.5
2019-09-05 00:00:00+00:00,2147.6,4330.6,2.46,90657.31,23.9,6.8,7.06,5332.6,8.497,557891.0,55401047.0,15.76,5.702,8.5,17.54,163.0,162.5,159.5,165.0
2019-09-06 00:00:00+00:00,2167.4,4370.58,2.44,91494.13,24.1,6.8,7.12,3944.9,8.497,557891.0,55401047.0,15.91,5.702,8.5,17.54,164.5,164.0,162.0,166.0
2019-09-09 00:00:00+00:00,2193.8,4423.88,2.41,92609.94,24.4,6.8,7.21,8075.9,8.497,557891.0,55401047.0,16.1,5.702,8.5,17.54,166.5,166.0,163.0,169.0
2019-09-10 00:00:00+00:00,2220.3,4477.18,2.38,93725.69,24.7,6.8,7.3,5587.5,8.497,557891.0,55401047.0,16.29,5.702,8.5,17.54,168.0,167.5,164.5,168.5
2019-09-11 00:00:00+00:00,2193.8,4423.88,2.41,92609.94,24.4,6.8,7.21,6657.7,8.497,557891.0,55401047.0,16.1,5.702,8.5,17.54,166.5,166.0,165.5,170.5
2019-09-12 00:00:00+00:00,2253.3,4543.8,2.35,95120.44,25.1,6.8,7.4,5425.9,8.497,557891.0,55401047.0,16.54,5.702,8.5,17.54,171.0,170.5,166.5,171.0
2019-09-13 00:00:00+00:00,2253.3,4543.8,2.35,95120.44,25.1,6.8,7.4,,8.497,557891.0,55401047.0,16.54,5.702,8.5,17.54,,,,
2019-09-16 00:00:00+00:00,2259.9,4557.13,2.34,95399.38,25.2,6.8,7.43,4846.5,8.497,557891.0,55401047.0,16.58,5.702,8.5,17.54,171.5,171.0,169.0,172.5
2019-09-17 00:00:00+00:00,2279.7,4597.1,2.32,96236.25,25.4,6.8,7.49,4750.5,8.497,557891.0,55401047.0,16.73,5.702,8.5,17.54,173.0,172.5,170.0,175.0
2019-09-18 00:00:00+00:00,2345.8,4730.35,2.25,99025.69,26.1,6.8,7.71,7994.5,8.497,557891.0,55401047.0,17.22,5.702,8.5,17.54,177.5,177.0,172.5,178.0
2019-09-19 00:00:00+00:00,2273.1,4583.78,2.32,95957.25,25.3,6.8,7.47,11495.2,8.748,557891.0,55401047.0,16.68,5.071,8.75,19.72,172.5,172.0,168.0,177.5
2019-09-20 00:00:00+00:00,2233.5,4503.83,2.37,94283.56,24.9,6.8,7.34,8127.7,8.748,557891.0,55401047.0,16.39,5.071,8.75,19.72,169.0,168.5,168.0,173.0
2019-09-23 00:00:00+00:00,2160.8,4357.25,2.45,91215.19,24.1,6.8,7.1,10478.4,8.748,557891.0,55401047.0,15.86,5.071,8.75,19.72,164.0,163.5,163.0,169.0
2019-09-24 00:00:00+00:00,2180.6,4397.23,2.42,92052.06,24.3,6.8,7.16,5418.3,8.748,557891.0,55401047.0,16.0,5.071,8.75,19.72,165.0,164.5,164.0,166.5
2019-09-25 00:00:00+00:00,2147.6,4330.6,2.46,90657.31,23.9,6.8,7.06,7451.5,8.748,557891.0,55401047.0,15.76,5.071,8.75,19.72,163.0,162.5,161.0,164.0
2019-09-26 00:00:00+00:00,2180.6,4397.23,2.42,92052.06,24.3,6.8,7.16,5582.6,8.748,557891.0,55401047.0,16.0,5.071,8.75,19.72,165.0,164.5,163.5,165.5
2019-09-27 00:00:00+00:00,2160.8,4357.25,2.45,91215.19,24.1,6.8,7.1,3481.0,8.748,557891.0,55401047.0,15.86,5.071,8.75,19.72,164.0,163.5,163.5,165.5
2019-09-30 00:00:00+00:00,2160.8,4357.25,2.45,91215.19,24.1,6.8,7.1,,8.748,557891.0,55401047.0,15.86,5.071,8.75,19.72,,,,
2019-10-01 00:00:00+00:00,2141.0,4317.28,2.47,90378.31,23.8,6.8,7.03,5448.3,8.748,557891.0,55401047.0,15.71,5.071,8.75,19.72,162.0,161.5,160.5,165.5
2019-10-02 00:00:00+00:00,2207.1,4450.53,2.39,93167.81,24.6,6.8,7.25,7262.4,8.748,557891.0,55401047.0,16.2,5.071,8.75,19.72,167.0,166.5,162.5,167.5
2019-10-03 00:00:00+00:00,2312.8,4663.73,2.28,97630.94,25.7,6.8,7.6,10287.3,8.748,557891.0,55401047.0,16.97,5.071,8.75,19.72,175.0,174.5,165.5,175.0
2019-10-04 00:00:00+00:00,2279.7,4597.1,2.32,96236.25,25.4,6.8,7.49,5433.4,8.748,557891.0,55401047.0,16.73,5.071,8.75,19.72,173.0,172.5,172.5,177.0
2019-10-07 00:00:00+00:00,2339.2,4717.02,2.26,98746.69,26.0,6.8,7.69,8114.5,8.748,557891.0,55401047.0,17.17,5.071,8.75,19.72,177.5,177.0,174.5,181.5
2019-10-08 00:00:00+00:00,2378.9,4796.98,2.22,100420.4,26.5,6.8,7.82,6205.4,8.748,557891.0,55401047.0,17.46,5.071,8.75,19.72,180.0,179.5,176.5,181.0
2019-10-09 00:00:00+00:00,2444.9,4930.22,2.16,103209.8,27.2,6.8,8.03,8970.8,8.748,557891.0,55401047.0,17.94,5.071,8.75,19.72,185.0,184.5,178.5,185.0
2019-10-10 00:00:00+00:00,2444.9,4930.22,2.16,103209.8,27.2,6.8,8.03,,8.748,557891.0,55401047.0,17.94,5.071,8.75,19.72,,,,
2019-10-11 00:00:00+00:00,2444.9,4930.22,2.16,103209.8,27.2,6.8,8.03,,8.748,557891.0,55401047.0,17.94,5.071,8.75,19.72,,,,
2019-10-14 00:00:00+00:00,2464.8,4970.2,2.14,104046.7,27.4,6.8,8.1,7348.2,8.748,557891.0,55401047.0,18.09,5.071,8.75,19.72,186.5,186.0,183.5,189.5
2019-10-15 00:00:00+00:00,2577.1,5196.72,2.05,108788.8,28.7,6.8,8.47,8943.1,8.748,557891.0,55401047.0,18.91,5.071,8.75,19.72,195.0,194.0,186.0,195.0
2019-10-16 00:00:00+00:00,2511.0,5063.47,2.1,105999.3,28.0,6.8,8.25,7060.2,8.748,557891.0,55401047.0,18.43,5.071,8.75,19.72,190.0,189.5,186.0,193.5
2019-10-17 00:00:00+00:00,2471.4,4983.52,2.14,104325.6,27.5,6.8,8.12,7744.6,9.955,557891.0,55401047.0,18.14,5.105,9.95,19.59,187.0,186.5,184.5,189.5
2019-10-18 00:00:00+00:00,2504.4,5050.15,2.11,105720.4,27.9,6.8,8.23,7708.8,9.955,557891.0,55401047.0,18.38,5.105,9.95,19.59,189.5,189.0,187.5,190.5
2019-10-21 00:00:00+00:00,2471.4,4983.52,2.14,104325.6,27.5,6.8,8.12,2477.4,9.955,557891.0,55401047.0,18.14,5.105,9.95,19.59,187.5,187.0,186.0,189.5
2019-10-22 00:00:00+00:00,2491.2,5023.5,2.12,105162.5,27.7,6.8,8.19,4525.1,9.955,557891.0,55401047.0,18.28,5.105,9.95,19.59,189.5,188.5,187.5,191.5
2019-10-23 00:00:00+00:00,2524.2,5090.13,2.09,106557.2,28.1,6.8,8.29,2759.4,9.955,557891.0,55401047.0,18.52,5.105,9.95,19.59,191.0,190.5,187.5,191.5
2019-10-24 00:00:00+00:00,2491.2,5023.5,2.12,105162.5,27.7,6.8,8.19,3337.1,9.955,557891.0,55401047.0,18.28,5.105,9.95,19.59,189.0,188.5,187.0,192.0
2019-10-25 00:00:00+00:00,2484.6,5010.17,2.13,104883.6,27.7,6.8,8.16,2201.6,9.955,557891.0,55401047.0,18.23,5.105,9.95,19.59,188.0,187.5,185.5,189.0
2019-10-28 00:00:00+00:00,2497.8,5036.82,2.12,105441.4,27.8,6.8,8.21,2028.3,9.955,557891.0,55401047.0,18.33,5.105,9.95,19.59,189.5,189.0,188.0,191.0
2019-10-29 00:00:00+00:00,2411.9,4863.6,2.19,101815.1,26.9,6.8,7.92,6810.3,9.955,557891.0,55401047.0,17.7,5.105,9.95,19.59,183.0,182.5,181.0,189.0
2019-10-30 00:00:00+00:00,2411.9,4863.6,2.19,101815.1,26.9,6.8,7.92,6502.8,9.955,557891.0,55401047.0,17.7,5.105,9.95,19.59,182.5,182.0,181.0,187.5
2019-10-31 00:00:00+00:00,2398.7,4836.95,2.2,101257.3,26.7,6.8,7.88,4190.1,9.955,557891.0,55401047.0,17.6,5.105,9.95,19.59,182.0,181.5,181.5,186.0
2019-11-01 00:00:00+00:00,2306.2,4650.4,2.29,97352.0,25.7,6.8,7.58,10903.5,9.955,557891.0,55401047.0,16.92,5.105,9.95,19.59,175.0,174.5,173.5,183.0
2019-11-04 00:00:00+00:00,2286.4,4610.43,2.31,96515.19,25.5,6.8,7.51,12176.6,9.955,557891.0,55401047.0,16.78,5.105,9.95,19.59,173.0,172.5,168.5,177.5
2019-11-05 00:00:00+00:00,2319.4,4677.05,2.28,97909.88,25.8,6.8,7.62,6847.9,9.955,557891.0,55401047.0,17.02,5.105,9.95,19.59,175.5,175.0,173.0,177.0
2019-11-06 00:00:00+00:00,2385.5,4810.3,2.22,100699.4,26.6,6.8,7.84,8506.1,9.955,557891.0,55401047.0,17.51,5.105,9.95,19.59,180.5,180.0,176.0,181.0
2019-11-07 00:00:00+00:00,2299.6,4637.07,2.3,97073.06,25.6,6.8,7.56,11554.5,9.955,557891.0,55401047.0,16.88,5.105,9.95,19.59,174.5,174.0,171.0,177.0
2019-11-08 00:00:00+00:00,2273.1,4583.78,2.32,95957.25,25.3,6.8,7.47,14182.0,9.955,557891.0,55401047.0,16.68,5.105,9.95,19.59,172.5,172.0,172.0,181.0
2019-11-11 00:00:00+00:00,2286.4,4610.43,2.31,96515.19,25.5,6.8,7.51,6402.6,9.955,557891.0,55401047.0,16.78,5.105,9.95,19.59,173.5,173.0,170.5,176.0
2019-11-12 00:00:00+00:00,2299.6,4637.07,2.3,97073.06,25.6,6.8,7.56,7419.5,9.955,557891.0,55401047.0,16.88,5.105,9.95,19.59,174.0,173.5,169.0,176.0
2019-11-13 00:00:00+00:00,2326.0,4690.38,2.27,98188.81,20.9,8.41,7.64,6040.4,9.955,557891.0,55401047.0,17.07,5.105,9.95,19.59,176.0,175.5,174.0,178.0
2019-11-14 00:00:00+00:00,2319.4,4677.05,2.28,97909.88,20.9,8.41,7.62,4750.1,10.093,557891.0,55401047.0,17.02,5.801,10.09,17.24,176.0,175.0,173.5,178.5
2019-11-15 00:00:00+00:00,2352.4,4743.68,2.25,99304.63,21.2,8.41,7.73,4984.8,10.093,557891.0,55401047.0,17.26,5.801,10.09,17.24,178.0,177.5,174.5,178.5
2019-11-18 00:00:00+00:00,2259.9,4557.13,2.34,95399.38,20.3,8.41,7.43,7744.8,10.093,557891.0,55401047.0,16.58,5.801,10.09,17.24,171.5,171.0,171.0,178.0
2019-11-19 00:00:00+00:00,2286.4,4610.43,2.31,96515.19,20.6,8.41,7.51,5252.3,10.093,557891.0,55401047.0,16.78,5.801,10.09,17.24,173.0,172.5,169.5,174.0
2019-11-20 00:00:00+00:00,2233.5,4503.83,2.37,94283.56,20.1,8.41,7.34,5139.0,10.093,557891.0,55401047.0,16.39,5.801,10.09,17.24,169.5,169.0,168.0,173.0
2019-11-21 00:00:00+00:00,2200.5,4437.2,2.4,92888.88,19.8,8.41,7.23,6333.4,10.093,557891.0,55401047.0,16.15,5.801,10.09,17.24,167.0,166.5,165.0,169.5
2019-11-22 00:00:00+00:00,2200.5,4437.2,2.4,92888.88,19.8,8.41,7.23,9005.5,10.093,557891.0,55401047.0,16.15,5.801,10.09,17.24,166.5,166.0,163.0,168.5
2019-11-25 00:00:00+00:00,2259.9,4557.13,2.34,95399.38,20.3,8.41,7.43,7233.7,10.093,557891.0,55401047.0,16.58,5.801,10.09,17.24,171.0,170.0,167.0,171.0
2019-11-26 00:00:00+00:00,2246.7,4530.48,2.35,94854.94,20.2,8.41,7.38,57549.2,10.093,557970.0,55401047.0,16.49,5.801,10.09,17.24,170.5,170.0,166.0,173.5
2019-11-27 00:00:00+00:00,2160.8,4357.25,2.45,91228.13,19.4,8.41,7.1,10612.6,10.093,557970.0,55401047.0,15.86,5.801,10.09,17.24,164.0,163.5,163.0,169.0
2019-11-28 00:00:00+00:00,2114.5,4263.98,2.5,89275.19,19.0,8.41,6.95,7832.5,10.093,557970.0,55401047.0,15.52,5.801,10.09,17.24,160.5,160.0,160.0,165.0
2019-11-29 00:00:00+00:00,2101.3,4237.33,2.51,88717.25,18.9,8.41,6.9,5817.8,10.093,557970.0,55401047.0,15.42,5.801,10.09,17.24,159.0,158.5,158.5,162.5
2019-12-02 00:00:00+00:00,2088.1,4210.68,2.53,88159.31,18.8,8.41,6.86,5054.7,10.093,557970.0,55401047.0,15.32,5.801,10.09,17.24,158.0,157.5,154.5,160.5
2019-12-03 00:00:00+00:00,2074.9,4184.03,2.55,87601.31,18.7,8.41,6.82,4424.5,10.093,557970.0,55401047.0,15.23,5.801,10.09,17.24,157.5,157.0,156.5,160.0
2019-12-04 00:00:00+00:00,2081.5,4197.35,2.54,87880.31,18.7,8.41,6.84,6406.1,10.093,557970.0,55401047.0,15.28,5.801,10.09,17.24,158.0,157.5,156.5,161.5
2019-12-05 00:00:00+00:00,2174.0,4383.9,2.43,91786.06,19.6,8.41,7.14,8206.3,10.093,557970.0,55401047.0,15.95,5.801,10.09,17.24,164.5,164.0,159.0,165.0
2019-12-06 00:00:00+00:00,2121.2,4277.3,2.49,89554.19,19.1,8.41,6.97,10010.4,10.093,557970.0,55401047.0,15.57,5.801,10.09,17.24,161.0,160.5,159.5,166.5
2019-12-09 00:00:00+00:00,2174.0,4383.9,2.43,91786.06,19.6,8.41,7.14,7461.9,10.093,557970.0,55401047.0,15.95,5.801,10.09,17.24,165.0,164.5,159.5,165.5
2019-12-10 00:00:00+00:00,2174.0,4383.9,2.43,91786.06,19.6,8.41,7.14,3948.4,10.093,557970.0,55401047.0,15.95,5.801,10.09,17.24,165.0,164.5,163.0,166.0
2019-12-11 00:00:00+00:00,2187.2,4410.55,2.42,92344.06,19.7,8.41,7.19,4473.9,10.093,557970.0,55401047.0,16.05,5.801,10.09,17.24,165.5,165.0,163.0,166.0
2019-12-12 00:00:00+00:00,2167.4,4370.58,2.44,91507.13,19.5,8.41,7.12,4385.3,10.093,557970.0,55401047.0,15.91,5.801,10.09,17.24,164.5,164.0,163.0,166.5
2019-12-13 00:00:00+00:00,2174.0,4383.9,2.43,91786.06,19.6,8.41,7.14,3147.8,10.093,557970.0,55401047.0,15.95,5.801,10.09,17.24,165.0,164.5,162.5,165.5
2019-12-16 00:00:00+00:00,2200.5,4437.2,2.4,92902.0,19.8,8.41,7.23,3107.5,10.093,557970.0,55401047.0,16.15,5.801,10.09,17.24,166.5,166.0,163.5,166.5
2019-12-17 00:00:00+00:00,2193.8,4423.88,2.41,92623.0,19.7,8.41,7.21,4742.6,10.093,557970.0,55401047.0,16.1,5.801,10.09,17.24,166.5,166.0,165.0,168.0
2019-12-18 00:00:00+00:00,2187.2,4410.55,2.42,92344.06,19.7,8.41,7.19,3263.8,10.093,557970.0,55401047.0,16.05,5.801,10.09,17.24,165.5,165.0,164.0,167.0
2019-12-19 00:00:00+00:00,2207.1,4450.53,2.39,93181.0,19.9,8.41,7.25,1973.1,10.46,557970.0,55401047.0,16.2,6.301,10.46,15.87,167.0,166.5,165.5,167.0
2019-12-20 00:00:00+00:00,2226.9,4490.5,2.37,94017.94,20.0,8.41,7.32,3579.7,10.46,557970.0,55401047.0,16.34,6.301,10.46,15.87,168.5,168.0,166.0,168.5
2019-12-23 00:00:00+00:00,2220.3,4477.18,2.38,93739.0,20.0,8.41,7.3,2127.7,10.46,557970.0,55401047.0,16.29,6.301,10.46,15.87,168.0,167.5,167.0,170.0
2019-12-24 00:00:00+00:00,2121.2,4277.3,2.49,89554.19,19.1,8.41,6.97,6905.6,10.46,557970.0,55401047.0,15.57,6.301,10.46,15.87,161.0,160.5,160.0,168.5
2019-12-25 00:00:00+00:00,2114.5,4263.98,2.5,89275.19,19.0,8.41,6.95,4271.7,10.46,557970.0,55401047.0,15.52,6.301,10.46,15.87,160.5,160.0,158.0,161.0
2019-12-26 00:00:00+00:00,2081.5,4197.35,2.54,87880.31,18.7,8.41,6.84,4486.9,10.46,557970.0,55401047.0,15.28,6.301,10.46,15.87,158.0,157.5,157.0,162.0
2019-12-27 00:00:00+00:00,2147.6,4330.6,2.46,90670.13,19.3,8.41,7.06,4844.8,10.46,557970.0,55401047.0,15.76,6.301,10.46,15.87,162.5,162.0,158.0,163.0
2019-12-30 00:00:00+00:00,2167.4,4370.58,2.44,91507.13,19.5,8.41,7.12,3498.6,10.46,557970.0,55401047.0,15.91,6.301,10.46,15.87,164.0,163.5,160.5,165.0
2019-12-31 00:00:00+00:00,2220.3,4477.18,2.38,93739.0,20.0,8.41,7.3,11519.1,10.46,557970.0,55401047.0,16.29,6.301,10.46,15.87,168.5,168.0,164.0,171.5
2020-01-01 00:00:00+00:00,2220.3,4477.18,2.38,93739.0,20.0,8.41,6.47,,10.46,557970.0,54462872.0,15.05,6.301,10.46,15.87,,,,
2020-01-02 00:00:00+00:00,2312.8,4663.73,2.28,97644.75,20.8,8.41,6.73,7847.2,10.46,557970.0,54462872.0,15.67,6.301,10.46,15.87,175.0,174.5,170.0,175.0
2020-01-03 00:00:00+00:00,2266.5,4570.45,2.33,95691.88,20.4,8.41,6.6,7772.1,10.46,557970.0,54462872.0,15.36,6.301,10.46,15.87,172.0,171.5,169.5,178.0
2020-01-06 00:00:00+00:00,2246.7,4530.48,2.35,94854.94,20.2,8.41,6.54,2383.0,10.46,557970.0,54462872.0,15.23,6.301,10.46,15.87,170.0,169.5,168.5,171.0
2020-01-07 00:00:00+00:00,2141.0,4317.28,2.47,90391.13,19.3,8.41,6.23,6863.2,10.46,557970.0,54462872.0,14.51,6.301,10.46,15.87,162.5,162.0,162.0,172.5
2020-01-08 00:00:00+00:00,2180.6,4397.23,2.42,92065.06,19.6,8.41,6.35,4033.2,10.46,557970.0,54462872.0,14.78,6.301,10.46,15.87,165.0,164.5,158.0,165.5
2020-01-09 00:00:00+00:00,2220.3,4477.18,2.38,93739.0,20.0,8.41,6.47,5416.9,10.46,557970.0,54462872.0,15.05,6.301,10.46,15.87,168.0,167.5,164.0,168.5
2020-01-10 00:00:00+00:00,2187.2,4410.55,2.42,92344.06,19.7,8.41,6.37,4697.6,10.46,557970.0,54462872.0,14.82,6.301,10.46,15.87,166.0,165.5,164.0,171.0
2020-01-13 00:00:00+00:00,2220.3,4477.18,2.38,93739.0,20.0,8.41,6.47,2675.5,10.46,557970.0,54462872.0,15.05,6.301,10.46,15.87,168.0,167.5,164.5,168.0
2020-01-14 00:00:00+00:00,2226.9,4490.5,2.37,94017.94,20.0,8.41,6.48,5346.8,10.46,557970.0,54462872.0,15.09,6.301,10.46,15.87,168.5,168.0,167.5,173.0
2020-01-15 00:00:00+00:00,2220.3,4477.18,2.38,93739.0,20.0,8.41,6.47,4804.5,10.46,557970.0,54462872.0,15.05,6.301,10.46,15.87,168.5,168.0,166.0,169.5
2020-01-16 00:00:00+00:00,2226.9,4490.5,2.37,94017.94,20.0,8.41,6.48,3190.5,10.651,557970.0,54462872.0,15.09,6.321,10.65,15.82,169.0,168.5,167.5,170.5
2020-01-17 00:00:00+00:00,2293.0,4623.75,2.3,96807.81,20.6,8.41,6.68,6814.6,10.651,557970.0,54462872.0,15.54,6.321,10.65,15.82,173.5,173.0,170.0,174.0
2020-01-20 00:00:00+00:00,2299.6,4637.07,2.3,97086.81,20.7,8.41,6.7,5288.4,10.651,557970.0,54462872.0,15.59,6.321,10.65,15.82,174.5,174.0,171.5,175.5
2020-01-21 00:00:00+00:00,2299.6,4637.07,2.3,97086.81,20.7,8.41,6.7,,10.651,557970.0,54462872.0,15.59,6.321,10.65,15.82,,,,
2020-01-22 00:00:00+00:00,2299.6,4637.07,2.3,97086.81,20.7,8.41,6.7,,10.651,557970.0,54462872.0,15.59,6.321,10.65,15.82,,,,
2020-01-23 00:00:00+00:00,2299.6,4637.07,2.3,97086.81,20.7,8.41,6.7,,10.651,557970.0,54462872.0,15.59,6.321,10.65,15.82,,,,
2020-01-24 00:00:00+00:00,2299.6,4637.07,2.3,97086.81,20.7,8.41,6.7,,10.651,557970.0,54462872.0,15.59,6.321,10.65,15.82,,,,
2020-01-27 00:00:00+00:00,2299.6,4637.07,2.3,97086.81,20.7,8.41,6.7,,10.651,557970.0,54462872.0,15.59,6.321,10.65,15.82,,,,
2020-01-28 00:00:00+00:00,2299.6,4637.07,2.3,97086.81,20.7,8.41,6.7,,10.651,557970.0,54462872.0,15.59,6.321,10.65,15.82,,,,
2020-01-29 00:00:00+00:00,2299.6,4637.07,2.3,97086.81,20.7,8.41,6.7,,10.651,557970.0,54462872.0,15.59,6.321,10.65,15.82,,,,
2020-01-30 00:00:00+00:00,2101.3,4237.33,2.51,88717.25,18.9,8.41,6.12,7847.0,10.651,557970.0,54462872.0,14.24,6.321,10.65,15.82,159.0,158.5,158.0,167.5
2020-01-31 00:00:00+00:00,2154.2,4343.93,2.45,90949.13,19.4,8.41,6.27,5199.1,10.651,557970.0,54462872.0,14.6,6.321,10.65,15.82,163.5,163.0,161.0,165.5
2020-02-03 00:00:00+00:00,2167.4,4370.58,2.44,91507.13,19.5,8.41,6.31,6575.1,10.651,557970.0,54462872.0,14.69,6.321,10.65,15.82,164.0,163.5,151.0,165.0
2020-02-04 00:00:00+00:00,2259.9,4557.13,2.34,95412.88,20.3,8.41,6.58,6144.9,10.651,557970.0,54462872.0,15.32,6.321,10.65,15.82,171.0,170.5,162.0,171.0
2020-02-05 00:00:00+00:00,2293.0,4623.75,2.3,96807.81,20.6,8.41,6.68,6116.0,10.651,557970.0,54462872.0,15.54,6.321,10.65,15.82,173.5,173.0,168.5,175.0
2020-02-06 00:00:00+00:00,2326.0,4690.38,2.27,98202.75,20.9,8.41,6.77,5316.3,10.651,557970.0,54462872.0,15.76,6.321,10.65,15.82,176.0,175.5,174.5,177.5
2020-02-07 00:00:00+00:00,2299.6,4637.07,2.3,97086.81,20.7,8.41,6.7,9352.5,10.651,557970.0,54462872.0,15.59,6.321,10.65,15.82,174.5,174.0,173.5,179.5
2020-02-10 00:00:00+00:00,2398.7,4836.95,2.2,101271.6,21.6,8.41,6.98,10084.3,10.651,557970.0,54462872.0,16.26,6.321,10.65,15.82,181.5,181.0,170.5,181.5
2020-02-11 00:00:00+00:00,2431.7,4903.57,2.17,102666.5,21.9,8.41,7.08,9742.2,10.651,557970.0,54462872.0,16.48,6.321,10.65,15.82,184.5,184.0,181.0,186.0
2020-02-12 00:00:00+00:00,2418.5,4876.93,2.18,102108.6,21.8,8.41,7.04,10819.0,10.651,557970.0,54462872.0,16.39,6.321,10.65,15.82,183.5,183.0,181.0,189.5
2020-02-13 00:00:00+00:00,2372.3,4783.65,2.23,100155.6,21.3,8.41,6.91,7100.0,10.651,557970.0,54462872.0,16.08,6.321,10.65,15.82,180.0,179.5,178.5,184.5
2020-02-14 00:00:00+00:00,2411.9,4863.6,2.19,101829.6,21.7,8.41,7.02,4398.7,10.651,557970.0,54462872.0,16.35,6.321,10.65,15.82,182.5,182.0,179.0,182.5
2020-02-17 00:00:00+00:00,2425.1,4890.25,2.18,102387.5,21.8,8.41,7.06,4799.2,10.651,557970.0,54462872.0,16.44,6.321,10.65,15.82,184.0,183.5,179.5,184.0
2020-02-18 00:00:00+00:00,2385.5,4810.3,2.22,100713.6,21.5,8.41,6.95,4910.0,10.651,557970.0,54462872.0,16.17,6.321,10.65,15.82,181.0,180.5,180.0,185.0
2020-02-19 00:00:00+00:00,2405.3,4850.27,2.2,101550.6,21.6,8.41,7.0,4340.2,10.651,557970.0,54462872.0,16.3,6.321,10.65,15.82,182.0,181.5,181.0,184.5
2020-02-20 00:00:00+00:00,2425.1,4890.25,2.18,102387.5,21.8,8.41,7.06,8661.6,11.195,557970.0,54462872.0,16.44,6.202,11.19,16.12,184.0,183.5,182.5,188.0
2020-02-21 00:00:00+00:00,2372.3,4783.65,2.23,100155.6,21.3,8.41,6.91,5610.9,11.195,557970.0,54462872.0,16.08,6.202,11.19,16.12,180.0,179.5,179.5,186.5
2020-02-24 00:00:00+00:00,2326.0,4690.38,2.27,98202.75,20.9,8.41,6.77,5812.1,11.195,557970.0,54462872.0,15.76,6.202,11.19,16.12,176.5,176.0,173.0,177.5
2020-02-25 00:00:00+00:00,2319.4,4677.05,2.28,97923.75,20.9,8.41,6.75,4049.8,11.195,557970.0,54462872.0,15.72,6.202,11.19,16.12,176.0,175.5,172.5,177.5
2020-02-26 00:00:00+00:00,2266.5,4570.45,2.33,95691.88,20.4,8.41,6.6,5020.0,11.195,557970.0,54462872.0,15.36,6.202,11.19,16.12,172.0,171.5,171.5,175.5
2020-02-27 00:00:00+00:00,2160.8,4357.25,2.45,91228.13,19.4,8.41,6.29,8680.8,11.195,557970.0,54462872.0,14.64,6.202,11.19,16.12,164.0,163.5,163.5,174.5
2020-02-28 00:00:00+00:00,2160.8,4357.25,2.45,91228.13,19.4,8.41,6.29,,11.195,557970.0,54462872.0,14.64,6.202,11.19,16.12,,,,
2020-03-02 00:00:00+00:00,2141.0,4317.28,2.47,90391.13,19.3,8.41,6.23,6307.8,11.195,557970.0,54462872.0,14.51,6.202,11.19,16.12,162.5,162.0,158.0,165.5
2020-03-03 00:00:00+00:00,2187.2,4410.55,2.42,92344.06,19.7,8.41,6.37,5954.5,11.195,557970.0,54462872.0,14.82,6.202,11.19,16.12,165.5,165.0,163.5,167.5
2020-03-04 00:00:00+00:00,2226.9,4490.5,2.37,94017.94,20.0,8.41,6.48,4559.3,11.195,557970.0,54462872.0,15.09,6.202,11.19,16.12,168.5,168.0,162.5,168.5
2020-03-05 00:00:00+00:00,2365.6,4770.32,2.23,99876.69,21.3,8.41,6.89,9883.7,11.195,557970.0,54462872.0,16.03,6.202,11.19,16.12,179.0,178.5,171.5,179.0
2020-03-06 00:00:00+00:00,2352.4,4743.68,2.25,99318.69,21.2,8.41,6.85,5509.4,11.195,557970.0,54462872.0,15.94,6.202,11.19,16.12,178.0,177.5,173.0,179.0
2020-03-09 00:00:00+00:00,2220.3,4477.18,2.38,93739.0,20.0,8.41,6.47,6904.8,11.195,557970.0,54462872.0,15.05,6.202,11.19,16.12,168.5,168.0,168.0,175.5
2020-03-10 00:00:00+00:00,2259.9,4557.13,2.34,95412.88,20.3,8.41,6.58,4730.5,11.195,557970.0,54462872.0,15.32,6.202,11.19,16.12,171.5,171.0,165.0,172.0
2020-03-11 00:00:00+00:00,2279.7,4597.1,2.32,96249.81,20.5,8.41,6.64,5659.0,11.195,557970.0,54462872.0,15.45,6.202,11.19,16.12,172.5,172.0,171.5,176.0
2020-03-12 00:00:00+00:00,2167.4,4370.58,2.44,91507.13,19.5,8.41,6.31,10202.9,11.195,557970.0,54462872.0,14.69,6.202,11.19,16.12,164.0,163.5,159.5,172.5
2020-03-13 00:00:00+00:00,2233.5,4503.83,2.37,94296.94,20.1,8.41,6.5,13247.5,11.195,557970.0,54462872.0,15.14,6.202,11.19,16.12,169.0,168.5,150.0,170.0
2020-03-16 00:00:00+00:00,2154.2,4343.93,2.45,90949.13,19.4,8.41,6.27,6361.2,11.195,557970.0,54462872.0,14.6,6.202,11.19,16.12,163.5,163.0,163.0,172.5
2020-03-17 00:00:00+00:00,2226.9,4490.5,2.37,94017.94,20.0,8.41,6.48,10554.7,11.195,557970.0,54462872.0,15.09,6.202,11.19,16.12,168.5,168.0,156.0,169.5
2020-03-18 00:00:00+00:00,2187.2,4410.55,2.42,92344.06,19.7,8.41,6.37,9022.8,11.195,557970.0,54462872.0,14.82,6.202,11.19,16.12,165.5,165.0,165.0,172.5
2020-03-19 00:00:00+00:00,1969.2,3970.83,4.16,83137.56,17.7,8.41,5.73,11555.4,10.698,557970.0,54462872.0,13.35,6.349,10.7,15.75,149.0,,149.0,165.5
2020-03-20 00:00:00+00:00,2008.8,4050.78,4.08,84811.44,18.1,8.41,5.85,23792.1,10.698,557970.0,54462872.0,13.61,6.349,10.7,15.75,152.0,151.0,140.5,161.0
2020-03-23 00:00:00+00:00,1810.6,3651.03,4.53,76441.88,15.4,8.91,5.27,11110.3,10.698,557970.0,54462872.0,12.27,6.349,10.7,15.75,137.0,,137.0,142.0
2020-03-24 00:00:00+00:00,1903.1,3837.58,4.31,80347.69,16.2,8.91,5.54,11866.3,10.698,557970.0,54462872.0,12.9,6.349,10.7,15.75,144.0,143.5,138.5,145.0
2020-03-25 00:00:00+00:00,2035.3,4104.08,4.03,85927.38,17.3,8.91,5.93,11728.8,10.698,557970.0,54462872.0,13.79,6.349,10.7,15.75,154.0,153.5,148.0,155.5
2020-03-26 00:00:00+00:00,2048.5,4130.73,4.0,86485.38,17.4,8.91,5.96,6539.0,10.698,557970.0,54462872.0,13.88,6.349,10.7,15.75,155.0,154.5,148.0,155.0
2020-03-27 00:00:00+00:00,2068.3,4170.7,3.96,87322.31,17.6,8.91,6.02,8192.8,10.698,557970.0,54462872.0,14.02,6.349,10.7,15.75,156.5,156.0,155.0,161.0
2020-03-30 00:00:00+00:00,2088.1,4210.68,3.92,88159.31,17.7,8.91,6.08,4444.9,10.698,557970.0,54462872.0,14.15,6.349,10.7,15.75,158.0,157.5,151.0,158.0
2020-03-31 00:00:00+00:00,2154.2,4343.93,3.8,90949.13,18.3,8.91,6.27,6998.5,10.698,557970.0,54462872.0,14.6,6.349,10.7,15.75,163.0,162.0,158.0,163.5
2020-04-01 00:00:00+00:00,2200.5,4437.2,3.72,92915.5,18.7,8.91,6.41,6395.2,10.698,558051.0,54462872.0,14.91,6.349,10.7,15.75,166.5,166.0,161.0,167.0
2020-04-02 00:00:00+00:00,2200.5,4437.2,3.72,92915.5,18.7,8.91,6.41,,10.698,558051.0,54462872.0,14.91,6.349,10.7,15.75,,,,
2020-04-03 00:00:00+00:00,2200.5,4437.2,3.72,92915.5,18.7,8.91,6.41,,10.698,558051.0,54462872.0,14.91,6.349,10.7,15.75,,,,
2020-04-06 00:00:00+00:00,2326.0,4690.38,3.52,98217.0,19.8,8.91,6.77,9270.2,10.698,558051.0,54462872.0,15.76,6.349,10.7,15.75,176.0,175.5,167.5,176.0
2020-04-07 00:00:00+00:00,2306.2,4650.4,3.55,97379.94,19.6,8.91,6.72,10970.6,10.698,558051.0,54462872.0,15.63,6.349,10.7,15.75,175.0,174.5,172.5,181.0
2020-04-08 00:00:00+00:00,2345.8,4730.35,3.49,99054.06,19.9,8.91,6.83,6321.7,10.698,558051.0,54462872.0,15.9,6.349,10.7,15.75,177.5,177.0,174.0,179.0
2020-04-09 00:00:00+00:00,2306.2,4650.4,3.55,97379.94,19.6,8.91,6.72,5426.8,10.698,558051.0,54462872.0,15.63,6.349,10.7,15.75,174.5,174.0,172.5,180.5
2020-04-10 00:00:00+00:00,2359.0,4757.0,3.47,99612.13,20.0,8.91,6.87,10597.4,10.698,558051.0,54462872.0,15.99,6.349,10.7,15.75,179.0,178.5,175.0,181.0
2020-04-13 00:00:00+00:00,2352.4,4743.68,3.48,99333.06,20.0,8.91,6.85,4506.6,10.698,558051.0,54462872.0,15.94,6.349,10.7,15.75,179.0,178.0,175.5,182.0
2020-04-14 00:00:00+00:00,2372.3,4783.65,3.45,100170.1,20.1,8.91,6.91,4703.5,10.698,558051.0,54462872.0,16.08,6.349,10.7,15.75,180.0,179.5,178.5,183.0
2020-04-15 00:00:00+00:00,2418.5,4876.93,3.39,102123.4,20.5,8.91,7.04,5783.2,10.698,558051.0,54462872.0,16.39,6.349,10.7,15.75,183.0,182.5,180.5,185.0
2020-04-16 00:00:00+00:00,2484.6,5010.17,3.3,104913.6,21.1,8.91,7.23,7967.4,10.457,558051.0,54462872.0,16.84,5.825,10.46,17.17,188.0,187.5,182.0,188.5
2020-04-17 00:00:00+00:00,2722.5,5489.87,3.01,114958.5,23.1,8.91,7.93,19219.9,10.457,558051.0,54462872.0,18.45,5.825,10.46,17.17,206.0,205.5,194.0,206.5
2020-04-20 00:00:00+00:00,2550.7,5143.42,3.21,107703.9,21.7,8.91,7.43,18753.4,10.457,558051.0,54462872.0,17.29,5.825,10.46,17.17,193.5,193.0,191.5,201.5
2020-04-21 00:00:00+00:00,2431.7,4903.57,3.37,102681.4,20.7,8.91,7.08,13037.7,10.457,558051.0,54462872.0,16.48,5.825,10.46,17.17,184.5,184.0,181.0,194.5
2020-04-22 00:00:00+00:00,2464.8,4970.2,3.32,104076.6,20.9,8.91,7.18,9777.5,10.457,558051.0,54462872.0,16.7,5.825,10.46,17.17,186.5,186.0,181.5,188.0
2020-04-23 00:00:00+00:00,2511.0,5063.47,3.26,106029.8,21.3,8.91,7.31,11966.5,10.457,558051.0,54462872.0,17.02,5.825,10.46,17.17,190.5,190.0,189.0,198.0
2020-04-24 00:00:00+00:00,2577.1,5196.72,3.18,108819.9,21.9,8.91,7.5,8956.0,10.457,558051.0,54462872.0,17.47,5.825,10.46,17.17,195.5,195.0,188.5,196.0
2020-04-27 00:00:00+00:00,2596.9,5236.7,3.16,109657.1,22.1,8.91,7.56,9537.1,10.457,558051.0,54462872.0,17.6,5.825,10.46,17.17,196.5,196.0,194.0,201.5
2020-04-28 00:00:00+00:00,2808.4,5663.09,2.92,118585.9,23.9,8.91,8.18,18327.3,10.457,558051.0,54462872.0,19.03,5.825,10.46,17.17,213.0,212.5,198.0,216.0
2020-04-29 00:00:00+00:00,2953.8,5956.24,2.77,124724.4,25.1,8.91,8.6,20917.2,10.457,558051.0,54462872.0,20.02,5.825,10.46,17.17,223.5,223.0,213.5,229.0
2020-04-30 00:00:00+00:00,2874.5,5796.34,2.85,121376.1,24.4,8.91,8.37,8799.4,10.457,558051.0,54462872.0,19.48,5.825,10.46,17.17,217.5,217.0,216.0,226.0
2020-05-01 00:00:00+00:00,2874.5,5796.34,2.85,121376.1,24.4,8.91,8.37,,10.457,558051.0,54462872.0,19.48,5.825,10.46,17.17,,,,
2020-05-04 00:00:00+00:00,2755.5,5556.5,2.97,116353.6,23.4,8.91,8.02,7595.7,10.457,558051.0,54462872.0,18.68,5.825,10.46,17.17,208.5,208.0,206.0,212.0
2020-05-05 00:00:00+00:00,2768.7,5583.14,2.96,116911.8,23.5,8.91,8.06,7534.9,10.457,558051.0,54462872.0,18.76,5.825,10.46,17.17,210.0,209.5,206.5,215.5
2020-05-06 00:00:00+00:00,2808.4,5663.09,2.92,118585.9,23.9,8.91,8.18,6747.9,10.457,558051.0,54462872.0,19.03,5.825,10.46,17.17,212.5,212.0,207.5,215.0
2020-05-07 00:00:00+00:00,2795.2,5636.45,2.93,118027.8,23.7,8.91,8.14,4476.7,10.457,558051.0,54462872.0,18.94,5.825,10.46,17.17,211.5,211.0,209.5,216.0
2020-05-08 00:00:00+00:00,2768.7,5583.14,2.96,116911.8,23.5,8.91,8.06,5225.8,10.457,558051.0,54462872.0,18.76,5.825,10.46,17.17,209.5,209.0,207.0,214.5
2020-05-11 00:00:00+00:00,2762.1,5569.82,2.97,116632.7,23.5,8.91,8.04,4316.4,10.457,558051.0,54462872.0,18.72,5.825,10.46,17.17,209.5,209.0,207.5,214.0
2020-05-12 00:00:00+00:00,2702.7,5449.9,3.03,114121.4,23.0,8.91,7.87,6640.7,10.457,558051.0,54462872.0,18.32,5.825,10.46,17.17,204.5,204.0,201.0,207.5
2020-05-13 00:00:00+00:00,2768.7,5583.14,2.96,116911.8,23.5,8.91,8.06,4716.5,10.457,558051.0,54462872.0,18.76,5.825,10.46,17.17,209.5,209.0,203.5,209.5
2020-05-14 00:00:00+00:00,2788.6,5623.12,2.94,117748.8,22.4,9.4,8.12,7617.6,10.562,558051.0,54462872.0,18.9,5.165,10.56,19.36,211.5,211.0,208.0,216.0
2020-05-15 00:00:00+00:00,2762.1,5569.82,2.97,116632.7,22.2,9.4,8.04,5724.8,10.562,558051.0,54462872.0,18.72,5.165,10.56,19.36,209.5,209.0,208.0,217.0
2020-05-18 00:00:00+00:00,2881.1,5809.67,2.84,121655.1,23.2,9.4,8.39,11068.2,10.562,558051.0,54462872.0,19.53,5.165,10.56,19.36,218.5,218.0,209.5,225.0
2020-05-19 00:00:00+00:00,2801.8,5649.77,2.92,118306.8,22.6,9.4,8.16,7815.6,10.562,558051.0,54462872.0,18.99,5.165,10.56,19.36,212.0,211.5,210.0,224.5
2020-05-20 00:00:00+00:00,2841.4,5729.72,2.88,119981.0,22.9,9.4,8.27,4186.3,10.562,558051.0,54462872.0,19.26,5.165,10.56,19.36,215.0,214.5,210.5,215.5
2020-05-21 00:00:00+00:00,2861.2,5769.7,2.86,120818.1,23.0,9.4,8.33,3161.9,10.562,558051.0,54462872.0,19.39,5.165,10.56,19.36,217.0,216.5,216.0,220.0
2020-05-22 00:00:00+00:00,2874.5,5796.34,2.85,121376.1,23.1,9.4,8.37,4649.7,10.562,558051.0,54462872.0,19.48,5.165,10.56,19.36,217.5,217.0,214.5,221.5
2020-05-25 00:00:00+00:00,3026.4,6102.82,2.71,127793.7,24.4,9.4,8.81,10969.9,10.562,558051.0,54462872.0,20.51,5.165,10.56,19.36,229.0,228.5,217.5,230.0
2020-05-26 00:00:00+00:00,3026.4,6102.82,2.71,127793.7,24.4,9.4,8.81,5544.7,10.562,558051.0,54462872.0,20.51,5.165,10.56,19.36,229.0,228.5,227.5,234.0
2020-05-27 00:00:00+00:00,3026.4,6102.82,2.71,127900.0,24.4,9.4,8.81,3178.3,10.562,558515.0,54462872.0,20.51,5.165,10.56,19.36,229.5,229.0,225.5,235.0
2020-05-28 00:00:00+00:00,3119.0,6289.37,2.63,131809.6,25.1,9.4,9.08,9884.1,10.562,558515.0,54462872.0,21.14,5.165,10.56,19.36,236.0,235.5,231.5,247.0
2020-05-29 00:00:00+00:00,3191.6,6435.94,2.57,134881.4,25.7,9.4,9.29,6912.5,10.562,558515.0,54462872.0,21.63,5.165,10.56,19.36,241.5,241.0,231.0,241.5
2020-06-01 00:00:00+00:00,3204.9,6462.59,2.56,135439.9,25.8,9.4,9.33,3389.5,10.562,558515.0,54462872.0,21.72,5.165,10.56,19.36,242.5,242.0,239.5,245.0
2020-06-02 00:00:00+00:00,3013.2,6076.17,2.72,127341.4,24.3,9.4,8.77,11222.2,10.562,558515.0,54462872.0,20.42,5.165,10.56,19.36,228.0,227.5,222.5,242.5
2020-06-03 00:00:00+00:00,2953.8,5956.24,2.77,124828.1,23.8,9.4,8.6,8714.8,10.562,558515.0,54462872.0,20.02,5.165,10.56,19.36,223.5,223.0,222.5,228.5
2020-06-04 00:00:00+00:00,3000.0,6049.52,2.73,126782.9,24.2,9.4,8.74,6358.1,10.562,558515.0,54462872.0,20.33,5.165,10.56,19.36,227.0,226.5,221.0,227.5
2020-06-05 00:00:00+00:00,2953.8,5956.24,2.77,124828.1,23.8,9.4,8.6,4579.1,10.562,558515.0,54462872.0,20.02,5.165,10.56,19.36,224.0,223.5,223.0,227.0
2020-06-08 00:00:00+00:00,2815.0,5676.42,2.91,118963.7,22.7,9.4,8.2,12800.5,10.562,558515.0,54462872.0,19.08,5.165,10.56,19.36,213.5,213.0,212.0,220.5
2020-06-09 00:00:00+00:00,2768.7,5583.14,2.96,117008.9,22.3,9.4,8.06,8986.0,10.562,558515.0,54462872.0,18.76,5.165,10.56,19.36,210.0,209.5,209.0,217.5
2020-06-10 00:00:00+00:00,2874.5,5796.34,2.85,121477.1,23.1,9.4,8.37,6768.0,10.562,558515.0,54462872.0,19.48,5.165,10.56,19.36,217.5,217.0,209.5,218.0
2020-06-11 00:00:00+00:00,2953.8,5956.24,2.77,124828.1,23.8,9.4,8.6,7863.6,10.562,558515.0,54462872.0,20.02,5.165,10.56,19.36,224.0,223.5,216.5,227.0
2020-06-12 00:00:00+00:00,2993.4,6036.2,2.74,126503.7,24.1,9.4,8.72,5373.0,10.562,558515.0,54462872.0,20.29,5.165,10.56,19.36,226.5,226.0,216.0,227.0
2020-06-15 00:00:00+00:00,2914.1,5876.29,2.81,123152.6,23.5,9.4,8.49,3603.4,10.562,558515.0,54462872.0,19.75,5.165,10.56,19.36,220.5,220.0,219.0,227.0
2020-06-16 00:00:00+00:00,2993.4,6036.2,2.74,126503.7,24.1,9.4,8.72,3459.8,10.562,558515.0,54462872.0,20.29,5.165,10.56,19.36,226.5,226.0,222.0,227.0
2020-06-17 00:00:00+00:00,2967.0,5982.89,2.76,125386.6,23.9,9.4,8.64,3388.1,10.562,558515.0,54462872.0,20.11,5.165,10.56,19.36,224.5,224.0,221.0,227.5
2020-06-18 00:00:00+00:00,2947.1,5942.92,2.78,124548.9,23.7,9.4,8.58,2281.3,10.795,558515.0,54462872.0,19.97,4.766,10.8,20.98,223.5,223.0,220.5,225.0
2020-06-19 00:00:00+00:00,3039.7,6129.47,2.7,128458.5,24.5,9.4,8.85,8627.1,10.795,558515.0,54462872.0,20.6,4.766,10.8,20.98,230.5,230.0,222.5,234.0
2020-06-22 00:00:00+00:00,3026.4,6102.82,2.71,127900.0,24.4,9.4,8.81,2049.3,10.795,558515.0,54462872.0,20.51,4.766,10.8,20.98,229.0,228.5,226.5,230.5
2020-06-23 00:00:00+00:00,2973.6,5996.22,2.76,125665.9,23.9,9.4,8.66,2577.9,10.795,558515.0,54462872.0,20.15,4.766,10.8,20.98,225.5,225.0,225.0,234.0
2020-06-24 00:00:00+00:00,2953.8,5956.24,2.77,124828.1,23.8,9.4,8.6,3156.6,10.795,558515.0,54462872.0,20.02,4.766,10.8,20.98,224.0,223.5,223.5,230.5
2020-06-25 00:00:00+00:00,2953.8,5956.24,2.77,124828.1,23.8,9.4,8.6,,10.795,558515.0,54462872.0,20.02,4.766,10.8,20.98,,,,
2020-06-26 00:00:00+00:00,2953.8,5956.24,2.77,124828.1,23.8,9.4,8.6,,10.795,558515.0,54462872.0,20.02,4.766,10.8,20.98,,,,
2020-06-29 00:00:00+00:00,2980.2,6009.54,2.75,125945.2,24.0,9.4,8.68,4100.1,10.795,558515.0,54462872.0,20.2,4.766,10.8,20.98,226.0,225.5,218.5,228.0
2020-06-30 00:00:00+00:00,3013.2,6076.17,2.72,127341.4,24.3,9.4,8.77,3693.9,10.795,558515.0,54462872.0,20.42,4.766,10.8,20.98,228.5,228.0,224.0,231.0
2020-07-01 00:00:00+00:00,3046.3,6142.79,2.69,128737.8,24.5,9.4,8.87,3776.4,10.795,558515.0,54462872.0,20.65,4.766,10.8,20.98,231.0,230.5,228.0,234.5
2020-07-02 00:00:00+00:00,3138.8,6329.34,2.61,132647.3,25.3,9.4,9.14,4856.1,10.795,558515.0,54462872.0,21.27,4.766,10.8,20.98,237.5,237.0,228.0,237.5
2020-07-03 00:00:00+00:00,3198.3,6449.27,2.56,135160.7,25.7,9.4,9.31,8184.3,10.795,558515.0,54462872.0,21.68,4.766,10.8,20.98,242.5,242.0,239.0,245.5
2020-07-06 00:00:00+00:00,3389.9,6835.69,2.42,143259.1,27.3,9.4,9.87,7733.9,10.795,558515.0,54462872.0,22.97,4.766,10.8,20.98,256.5,256.0,248.0,266.0
2020-07-07 00:00:00+00:00,3389.9,6835.69,2.42,143259.1,27.3,9.4,9.87,5530.6,10.795,558515.0,54462872.0,22.97,4.766,10.8,20.98,257.0,256.5,253.5,267.5
2020-07-08 00:00:00+00:00,3376.7,6809.04,2.43,142700.6,27.2,9.4,9.83,4148.0,10.795,558515.0,54462872.0,22.89,4.766,10.8,20.98,255.5,255.0,251.5,259.5
2020-07-09 00:00:00+00:00,3409.7,6875.66,2.4,144096.9,27.5,9.4,9.93,3204.1,10.795,558515.0,54462872.0,23.11,4.766,10.8,20.98,258.0,257.5,255.0,262.0
2020-07-10 00:00:00+00:00,3370.1,6795.71,2.43,142421.4,27.1,9.4,9.81,3031.6,10.795,558515.0,54462872.0,22.84,4.766,10.8,20.98,255.0,254.5,252.0,260.5
2020-07-13 00:00:00+00:00,3456.0,6968.94,2.37,146051.7,27.8,9.4,10.06,3653.5,10.795,558515.0,54462872.0,23.42,4.766,10.8,20.98,262.0,261.5,256.0,264.5
2020-07-14 00:00:00+00:00,3422.9,6902.32,2.39,144655.4,27.6,9.4,9.97,2600.4,10.795,558515.0,54462872.0,23.2,4.766,10.8,20.98,259.0,258.5,256.0,261.5
2020-07-15 00:00:00+00:00,3337.0,6729.09,2.46,141025.1,26.9,9.4,9.72,4138.0,10.795,558515.0,54462872.0,22.62,4.766,10.8,20.98,253.0,252.5,252.5,267.0
2020-07-16 00:00:00+00:00,3191.6,6435.94,2.57,134881.4,25.7,9.4,9.29,4670.2,10.835,558515.0,54462872.0,21.63,4.183,10.84,23.9,242.0,241.5,241.5,249.0
2020-07-17 00:00:00+00:00,3125.6,6302.69,2.62,132088.8,25.2,9.4,9.1,3803.4,10.835,558515.0,54462872.0,21.18,4.183,10.84,23.9,237.0,236.5,235.5,245.0
2020-07-20 00:00:00+00:00,3138.8,6329.34,2.61,132647.3,25.3,9.4,9.14,2544.4,10.835,558515.0,54462872.0,21.27,4.183,10.84,23.9,239.5,237.5,231.0,241.0
2020-07-21 00:00:00+00:00,3198.3,6449.27,2.56,135160.7,25.7,9.4,9.31,2629.7,10.835,558515.0,54462872.0,21.68,4.183,10.84,23.9,242.5,242.0,241.5,245.5
2020-07-22 00:00:00+00:00,3264.3,6582.52,2.51,137953.3,26.3,9.4,9.51,3273.3,10.835,558515.0,54462872.0,22.12,4.183,10.84,23.9,247.5,247.0,243.0,249.5
2020-07-23 00:00:00+00:00,3178.4,6574.26,2.58,134322.9,25.6,9.4,9.26,2706.7,10.835,558515.0,54462872.0,21.54,4.183,10.84,23.9,241.0,240.5,238.0,244.0
2020-07-24 00:00:00+00:00,3125.6,6464.92,2.62,132088.8,25.2,9.4,9.1,2845.3,10.835,558515.0,54462872.0,21.18,4.183,10.84,23.9,236.5,236.0,236.5,243.5
2020-07-27 00:00:00+00:00,3105.7,6423.91,2.64,131251.1,25.0,9.4,9.04,2242.3,10.835,558515.0,54462872.0,21.05,4.183,10.84,23.9,236.0,235.0,235.0,242.0
2020-07-28 00:00:00+00:00,3026.4,6259.9,2.71,127900.0,24.4,9.4,8.81,3573.8,10.835,558515.0,54462872.0,20.51,4.183,10.84,23.9,231.0,229.0,226.0,237.0
2020-07-29 00:00:00+00:00,3066.1,6341.91,2.67,129575.5,24.7,9.4,8.93,4158.8,10.835,558515.0,54462872.0,20.78,4.183,10.84,23.9,232.5,232.0,227.5,239.0
2020-07-30 00:00:00+00:00,3066.1,6341.91,2.67,129575.5,24.7,9.4,8.93,3247.8,10.835,558515.0,54462872.0,20.78,4.183,10.84,23.9,232.5,232.0,231.5,236.0
2020-07-31 00:00:00+00:00,3033.1,6273.57,2.7,128179.2,24.4,9.4,8.83,2572.2,10.835,558515.0,54462872.0,20.56,4.183,10.84,23.9,229.5,229.0,229.5,235.0
2020-08-03 00:00:00+00:00,3079.3,6369.24,2.66,130134.0,24.8,9.4,8.97,4513.2,10.835,558515.0,54462872.0,20.87,4.183,10.84,23.9,233.0,232.5,231.5,240.5
2020-08-04 00:00:00+00:00,3244.5,6710.94,2.53,137115.4,26.1,9.4,9.45,4583.8,10.835,558515.0,54462872.0,21.99,4.183,10.84,23.9,245.5,245.0,235.5,245.5
2020-08-05 00:00:00+00:00,3264.3,6751.95,2.51,137953.3,26.3,9.4,9.51,3890.9,10.835,558515.0,54462872.0,22.12,4.183,10.84,23.9,247.5,247.0,247.0,251.0
2020-08-06 00:00:00+00:00,3132.2,6478.59,2.62,132368.1,25.2,9.4,9.12,3473.0,10.835,558515.0,54462872.0,21.23,4.183,10.84,23.9,237.5,237.0,236.5,249.5
2020-08-07 00:00:00+00:00,2986.8,6177.89,2.74,126224.4,24.0,9.4,8.7,4777.4,10.835,558515.0,54462872.0,20.24,4.183,10.84,23.9,226.0,225.5,226.0,234.5
2020-08-10 00:00:00+00:00,2907.5,6013.88,2.82,122873.3,23.4,9.4,8.47,3286.3,10.835,558515.0,54462872.0,19.71,4.183,10.84,23.9,220.0,219.5,218.0,226.0
2020-08-11 00:00:00+00:00,2762.1,5713.18,2.97,116729.7,22.2,9.4,8.04,8093.1,10.835,558515.0,54462872.0,18.72,4.183,10.84,23.9,209.5,209.0,207.0,220.5
2020-08-12 00:00:00+00:00,2841.4,5877.2,2.88,120080.8,22.9,9.4,8.27,5617.2,10.835,558515.0,54462872.0,19.26,4.183,10.84,23.9,215.5,215.0,207.5,216.5
2020-08-13 00:00:00+00:00,2907.5,6013.88,2.82,122873.3,24.5,8.99,8.47,6483.5,10.835,558515.0,54462872.0,19.71,4.183,10.84,23.9,220.0,219.5,209.5,221.0
2020-08-14 00:00:00+00:00,3019.8,6246.23,2.71,127620.8,25.4,8.99,8.79,7392.8,10.835,558515.0,54462872.0,20.47,4.183,10.84,23.9,228.5,228.0,222.0,228.5
2020-08-17 00:00:00+00:00,3145.4,6505.92,2.61,132926.6,26.5,8.99,9.16,6386.4,10.835,558515.0,54462872.0,21.32,4.183,10.84,23.9,238.0,237.5,226.0,239.0
2020-08-18 00:00:00+00:00,3105.7,6423.91,2.64,131251.1,26.1,8.99,9.04,4140.7,10.835,558515.0,54462872.0,21.05,4.183,10.84,23.9,235.0,234.5,233.5,239.5
2020-08-19 00:00:00+00:00,3072.7,6355.57,2.67,129854.8,25.9,8.99,8.95,3392.8,10.835,558515.0,54462872.0,20.83,4.183,10.84,23.9,233.0,232.5,232.0,240.0
2020-08-20 00:00:00+00:00,2933.9,6068.55,2.79,123990.4,24.7,8.99,8.54,5911.8,10.657,558515.0,54462872.0,19.88,4.535,10.66,22.05,222.0,221.5,220.0,233.5
2020-08-21 00:00:00+00:00,3013.2,6232.57,2.72,127341.4,25.4,8.99,8.77,3692.1,10.657,558515.0,54462872.0,20.42,4.535,10.66,22.05,228.0,227.5,223.5,232.0
2020-08-24 00:00:00+00:00,3224.7,6669.94,2.54,136277.7,27.1,8.99,9.39,6413.6,10.657,558515.0,54462872.0,21.86,4.535,10.66,22.05,244.0,243.5,225.5,244.0
2020-08-25 00:00:00+00:00,3138.8,6492.25,2.61,132852.1,26.4,8.99,9.14,5351.8,10.657,559377.0,54462872.0,21.27,4.535,10.66,22.05,238.0,237.5,236.5,248.0
2020-08-26 00:00:00+00:00,3039.7,6287.24,2.7,128656.8,25.6,8.99,8.85,9115.4,10.657,559377.0,54462872.0,20.6,4.535,10.66,22.05,230.5,230.0,227.5,236.0
2020-08-27 00:00:00+00:00,3119.0,6451.25,2.63,132013.0,26.3,8.99,9.08,4452.6,10.657,559377.0,54462872.0,21.14,4.535,10.66,22.05,236.5,236.0,230.5,239.5
2020-08-28 00:00:00+00:00,3185.0,6587.93,2.57,134809.9,26.8,8.99,9.27,6542.2,10.657,559377.0,54462872.0,21.59,4.535,10.66,22.05,241.5,241.0,232.0,243.0
2020-08-31 00:00:00+00:00,3092.5,6396.58,2.65,130894.3,26.0,8.99,9.01,7972.6,10.657,559377.0,54462872.0,20.96,4.535,10.66,22.05,234.5,234.0,232.5,242.0
2020-09-01 00:00:00+00:00,3132.2,6478.59,2.62,132572.4,26.4,8.99,9.12,3985.7,10.657,559377.0,54462872.0,21.23,4.535,10.66,22.05,237.5,237.0,234.0,239.5
2020-09-02 00:00:00+00:00,3171.8,6560.59,2.58,134250.5,26.7,8.99,9.24,3328.7,10.657,559377.0,54462872.0,21.5,4.535,10.66,22.05,240.0,239.5,236.5,240.0
2020-09-03 00:00:00+00:00,3085.9,6382.91,2.66,130614.5,26.0,8.99,8.99,2837.5,10.657,559377.0,54462872.0,20.91,4.535,10.66,22.05,234.0,233.5,233.0,241.5
2020-09-04 00:00:00+00:00,3039.7,6287.24,2.7,128656.8,25.6,8.99,8.85,4349.1,10.657,559377.0,54462872.0,20.6,4.535,10.66,22.05,230.0,229.5,220.0,232.5
2020-09-07 00:00:00+00:00,2960.4,6123.22,2.77,125300.4,24.9,8.99,8.62,2321.9,10.657,559377.0,54462872.0,20.06,4.535,10.66,22.05,224.5,224.0,223.5,230.0
2020-09-08 00:00:00+00:00,2940.5,6082.22,2.79,124461.4,24.8,8.99,8.56,3603.5,10.657,559377.0,54462872.0,19.93,4.535,10.66,22.05,222.5,222.0,220.5,227.0
2020-09-09 00:00:00+00:00,2887.7,5972.88,2.84,122223.9,24.3,8.99,8.41,3390.6,10.657,559377.0,54462872.0,19.57,4.535,10.66,22.05,219.0,218.5,215.5,220.0
2020-09-10 00:00:00+00:00,2933.9,6068.55,2.79,124181.7,24.7,8.99,8.54,5310.7,10.657,559377.0,54462872.0,19.88,4.535,10.66,22.05,222.5,222.0,220.5,231.5
2020-09-11 00:00:00+00:00,2848.0,5890.87,2.88,120545.8,24.0,8.99,8.29,3822.9,10.657,559377.0,54462872.0,19.3,4.535,10.66,22.05,216.0,215.5,215.5,223.0
2020-09-14 00:00:00+00:00,2887.7,5972.88,2.84,122223.9,24.3,8.99,8.41,4038.8,10.657,559377.0,54462872.0,19.57,4.535,10.66,22.05,219.0,218.5,217.5,223.0
2020-09-15 00:00:00+00:00,2914.1,6027.55,2.81,123342.6,24.5,8.99,8.49,6706.7,10.657,559377.0,54462872.0,19.75,4.535,10.66,22.05,220.5,220.0,218.5,223.0
2020-09-16 00:00:00+00:00,2900.9,6000.21,2.82,122783.3,24.4,8.99,8.45,1975.3,10.657,559377.0,54462872.0,19.66,4.535,10.66,22.05,220.0,219.5,219.0,223.0
2020-09-17 00:00:00+00:00,2854.6,5904.54,2.87,120825.4,24.0,8.99,8.31,3014.6,10.807,559377.0,54462872.0,19.35,4.901,10.81,20.4,217.0,216.0,216.0,220.0
2020-09-18 00:00:00+00:00,2900.9,6000.21,2.82,122783.3,24.4,8.99,8.45,2431.8,10.807,559377.0,54462872.0,19.66,4.901,10.81,20.4,219.5,219.0,216.5,220.5
2020-09-21 00:00:00+00:00,2881.1,5959.21,2.84,121944.2,24.3,8.99,8.39,1565.4,10.807,559377.0,54462872.0,19.53,4.901,10.81,20.4,218.5,218.0,216.0,219.5
2020-09-22 00:00:00+00:00,2861.2,5918.2,2.86,121105.1,24.1,8.99,8.33,1838.3,10.807,559377.0,54462872.0,19.39,4.901,10.81,20.4,217.0,216.5,216.5,221.0
2020-09-23 00:00:00+00:00,2775.3,5740.52,2.95,117469.2,23.4,8.99,8.08,6513.2,10.807,559377.0,54462872.0,18.81,4.901,10.81,20.4,210.0,209.5,207.0,218.0
2020-09-24 00:00:00+00:00,2729.1,5644.84,3.0,115511.4,23.0,8.99,7.95,6698.1,10.807,559377.0,54462872.0,18.5,4.901,10.81,20.4,207.0,206.5,202.0,214.0
2020-09-25 00:00:00+00:00,2795.2,5781.52,2.93,118308.3,23.5,8.99,8.14,3709.6,10.807,559377.0,54462872.0,18.94,4.901,10.81,20.4,211.5,211.0,206.0,213.0
2020-09-28 00:00:00+00:00,2894.3,5986.54,2.83,122503.6,24.4,8.99,8.43,5076.1,10.807,559377.0,54462872.0,19.62,4.901,10.81,20.4,219.5,219.0,214.0,221.0
2020-09-29 00:00:00+00:00,2920.7,6041.21,2.81,123622.3,24.6,8.99,8.5,4975.0,10.807,559377.0,54462872.0,19.8,4.901,10.81,20.4,221.5,221.0,218.0,225.5
2020-09-30 00:00:00+00:00,2940.5,6082.22,2.79,124461.4,24.8,8.99,8.56,2696.9,10.807,559377.0,54462872.0,19.93,4.901,10.81,20.4,223.0,222.5,219.5,224.5
2020-10-01 00:00:00+00:00,2940.5,6082.22,2.79,124461.4,24.8,8.99,8.56,,10.807,559377.0,54462872.0,19.93,4.901,10.81,20.4,,,,
2020-10-02 00:00:00+00:00,2940.5,6082.22,2.79,124461.4,24.8,8.99,8.56,,10.807,559377.0,54462872.0,19.93,4.901,10.81,20.4,,,,
2020-10-05 00:00:00+00:00,2887.7,5972.88,2.84,122223.9,24.3,8.99,8.41,6216.3,10.807,559377.0,54462872.0,19.57,4.901,10.81,20.4,219.0,218.5,218.0,229.5
2020-10-06 00:00:00+00:00,2986.8,6177.89,2.74,126419.2,25.1,8.99,8.7,3825.7,10.807,559377.0,54462872.0,20.24,4.901,10.81,20.4,226.5,226.0,219.5,227.0
2020-10-07 00:00:00+00:00,2894.3,5986.54,2.83,122503.6,24.4,8.99,8.43,3399.2,10.807,559377.0,54462872.0,19.62,4.901,10.81,20.4,219.5,219.0,219.0,225.0
2020-10-08 00:00:00+00:00,2894.3,5986.54,2.83,122503.6,24.4,8.99,8.43,2732.4,10.807,559377.0,54462872.0,19.62,4.901,10.81,20.4,219.5,219.0,217.0,222.0
2020-10-09 00:00:00+00:00,2894.3,5986.54,2.83,122503.6,24.4,8.99,8.43,,10.807,559377.0,54462872.0,19.62,4.901,10.81,20.4,,,,
2020-10-12 00:00:00+00:00,2874.5,5945.54,2.85,121664.5,24.2,8.99,8.37,2722.4,10.807,559377.0,54462872.0,19.48,4.901,10.81,20.4,218.0,217.5,215.5,221.0
2020-10-13 00:00:00+00:00,2894.3,5986.54,2.83,122503.6,24.4,8.99,8.43,2175.7,10.807,559377.0,54462872.0,19.62,4.901,10.81,20.4,219.0,218.5,213.0,221.0
2020-10-14 00:00:00+00:00,2907.5,6013.88,2.82,123062.9,24.5,8.99,8.47,2292.0,10.807,559377.0,54462872.0,19.71,4.901,10.81,20.4,220.0,219.5,217.5,223.0
2020-10-15 00:00:00+00:00,2927.3,6054.88,2.8,123902.0,24.6,8.99,8.52,1647.9,10.773,559377.0,54462872.0,19.84,4.919,10.77,20.33,221.5,220.5,217.5,221.5
2020-10-16 00:00:00+00:00,2881.1,5959.21,2.84,121944.2,24.3,8.99,8.39,1853.5,10.773,559377.0,54462872.0,19.53,4.919,10.77,20.33,218.5,218.0,218.0,223.0
2020-10-19 00:00:00+00:00,2920.7,6041.21,2.81,123622.3,24.6,8.99,8.5,1468.5,10.773,559377.0,54462872.0,19.8,4.919,10.77,20.33,221.5,220.5,217.5,223.0
2020-10-20 00:00:00+00:00,2933.9,6068.55,2.79,124181.7,24.7,8.99,8.54,1177.9,10.773,559377.0,54462872.0,19.88,4.919,10.77,20.33,222.5,222.0,220.0,224.0
2020-10-21 00:00:00+00:00,2881.1,5959.21,2.84,121944.2,24.3,8.99,8.39,1519.3,10.773,559377.0,54462872.0,19.53,4.919,10.77,20.33,218.5,218.0,218.0,223.5
2020-10-22 00:00:00+00:00,2828.2,5849.86,2.9,119706.7,23.8,8.99,8.24,2369.6,10.773,559377.0,54462872.0,19.17,4.919,10.77,20.33,214.0,213.5,212.0,219.0
2020-10-23 00:00:00+00:00,2755.5,5699.52,2.97,116630.1,23.2,8.99,8.02,4476.6,10.773,559377.0,54462872.0,18.68,4.919,10.77,20.33,209.0,208.5,208.0,214.5
2020-10-26 00:00:00+00:00,2828.2,5849.86,2.9,119706.7,23.8,8.99,8.24,2342.8,10.773,559377.0,54462872.0,19.17,4.919,10.77,20.33,214.0,213.5,210.0,214.5
2020-10-27 00:00:00+00:00,2775.3,5740.52,2.95,117469.2,23.4,8.99,8.08,2350.7,10.773,559377.0,54462872.0,18.81,4.919,10.77,20.33,210.0,209.5,208.0,212.0
2020-10-28 00:00:00+00:00,2762.1,5713.18,2.97,116909.8,23.3,8.99,8.04,1278.7,10.773,559377.0,54462872.0,18.72,4.919,10.77,20.33,209.0,208.5,207.5,210.0
2020-10-29 00:00:00+00:00,2729.1,5644.84,3.0,115511.4,23.0,8.99,7.95,1908.9,10.773,559377.0,54462872.0,18.5,4.919,10.77,20.33,207.5,206.5,203.0,208.5
2020-10-30 00:00:00+00:00,2742.3,5672.18,2.99,116070.8,23.1,8.99,7.99,1723.5,10.773,559377.0,54462872.0,18.59,4.919,10.77,20.33,207.5,207.0,206.5,209.5
2020-11-02 00:00:00+00:00,2722.5,5631.18,3.01,115231.7,22.9,8.99,7.93,1238.0,10.773,559377.0,54462872.0,18.45,4.919,10.77,20.33,207.0,206.0,206.0,210.5
2020-11-03 00:00:00+00:00,2768.7,5726.85,2.96,117189.5,23.3,8.99,8.06,1143.2,10.773,559377.0,54462872.0,18.76,4.919,10.77,20.33,209.5,209.0,207.5,210.0
2020-11-04 00:00:00+00:00,2782.0,5754.19,2.95,117748.9,23.4,8.99,8.1,1460.5,10.773,559377.0,54462872.0,18.85,4.919,10.77,20.33,211.0,210.5,208.0,213.0
2020-11-05 00:00:00+00:00,2801.8,5795.19,2.92,118587.9,23.6,8.99,8.16,1035.1,10.773,559377.0,54462872.0,18.99,4.919,10.77,20.33,212.5,212.0,211.0,213.5
2020-11-06 00:00:00+00:00,2834.8,5863.53,2.89,119986.4,23.9,8.99,8.25,1413.2,10.773,559377.0,54462872.0,19.21,4.919,10.77,20.33,214.5,214.0,211.5,214.5
2020-11-09 00:00:00+00:00,2874.5,5945.54,2.85,121664.5,24.2,8.99,8.37,1396.0,10.773,559377.0,54462872.0,19.48,4.919,10.77,20.33,217.5,217.0,215.0,218.0
2020-11-10 00:00:00+00:00,2874.5,5945.54,2.85,121664.5,24.2,8.99,8.37,3081.0,10.773,559377.0,54462872.0,19.48,4.919,10.77,20.33,218.0,217.5,216.0,223.0
2020-11-11 00:00:00+00:00,2907.5,6013.88,2.82,123062.9,24.5,8.99,8.47,1912.7,10.773,559377.0,54462872.0,19.71,4.919,10.77,20.33,220.0,219.0,211.5,220.0
2020-11-12 00:00:00+00:00,2947.1,6095.89,2.78,124741.1,24.8,8.99,8.58,8001.9,10.773,559377.0,54462872.0,19.97,4.919,10.77,20.33,223.5,223.0,222.0,234.5
2020-11-13 00:00:00+00:00,3033.1,6273.57,2.7,128377.1,26.8,8.56,8.83,3405.4,10.773,559377.0,54462872.0,20.56,4.919,10.77,20.33,230.0,229.5,224.0,231.0
2020-11-16 00:00:00+00:00,3158.6,6533.26,2.59,133691.1,27.9,8.56,9.2,4746.8,10.773,559377.0,54462872.0,21.41,4.919,10.77,20.33,239.0,238.5,232.5,239.0
2020-11-17 00:00:00+00:00,3224.7,6669.94,2.54,136488.0,28.5,8.56,9.39,4775.0,10.773,559377.0,54462872.0,21.86,4.919,10.77,20.33,244.0,243.5,238.5,245.0
2020-11-18 00:00:00+00:00,3251.1,6724.61,2.52,137606.8,28.7,8.56,9.47,3175.2,10.773,559377.0,54462872.0,22.03,4.919,10.77,20.33,246.0,245.5,240.0,246.0
2020-11-19 00:00:00+00:00,3204.9,6628.93,2.56,135648.9,28.3,8.56,9.33,2922.8,11.055,559377.0,54462872.0,21.72,4.531,11.05,22.07,243.0,242.5,240.5,249.5
2020-11-20 00:00:00+00:00,3218.1,6656.27,2.55,136222.3,28.4,8.56,9.37,1329.2,11.055,559434.0,54462872.0,21.81,4.531,11.05,22.07,244.0,243.0,242.0,245.5
2020-11-23 00:00:00+00:00,3138.8,6492.25,2.61,132865.6,27.7,8.56,9.14,2826.2,11.055,559434.0,54462872.0,21.27,4.531,11.05,22.07,237.5,237.0,235.5,243.5
2020-11-24 00:00:00+00:00,3125.6,6464.92,2.62,132306.2,27.6,8.56,9.1,1230.4,11.055,559434.0,54462872.0,21.18,4.531,11.05,22.07,236.5,236.0,234.5,239.0
2020-11-25 00:00:00+00:00,3013.2,6232.57,2.72,127551.0,26.6,8.56,8.77,3931.0,11.055,559434.0,54462872.0,20.42,4.531,11.05,22.07,229.0,228.0,228.0,236.0
2020-11-26 00:00:00+00:00,3132.2,6478.59,2.62,132585.9,27.7,8.56,9.12,3831.3,11.055,559434.0,54462872.0,21.23,4.531,11.05,22.07,237.0,236.5,229.0,237.0
2020-11-27 00:00:00+00:00,3218.1,6656.27,2.55,136222.3,28.4,8.56,9.37,2468.2,11.055,559434.0,54462872.0,21.81,4.531,11.05,22.07,243.5,243.0,235.0,243.5
2020-11-30 00:00:00+00:00,3158.6,6533.26,2.59,133704.8,27.9,8.56,9.2,4233.7,11.055,559434.0,54462872.0,21.41,4.531,11.05,22.07,239.0,238.5,237.0,247.0
2020-12-01 00:00:00+00:00,3211.5,6642.6,2.55,135942.5,28.4,8.56,9.35,2171.5,11.055,559434.0,54462872.0,21.77,4.531,11.05,22.07,243.0,242.5,237.0,244.5
2020-12-02 00:00:00+00:00,3237.9,6697.27,2.53,137061.4,28.6,8.56,9.43,1715.9,11.055,559434.0,54462872.0,21.94,4.531,11.05,22.07,245.0,244.5,239.5,245.5
2020-12-03 00:00:00+00:00,3330.4,6888.63,2.46,140977.4,29.4,8.56,9.7,4675.8,11.055,559434.0,54462872.0,22.57,4.531,11.05,22.07,252.0,251.5,243.5,253.5
2020-12-04 00:00:00+00:00,3304.0,6833.95,2.48,139858.6,29.2,8.56,9.62,2858.7,11.055,559434.0,54462872.0,22.39,4.531,11.05,22.07,250.0,249.5,247.5,251.5
2020-12-07 00:00:00+00:00,3383.3,6997.97,2.42,143215.2,29.9,8.56,9.85,2703.4,11.055,559434.0,54462872.0,22.93,4.531,11.05,22.07,256.0,255.5,249.0,258.0
2020-12-08 00:00:00+00:00,3422.9,7079.98,2.39,144893.5,30.2,8.56,9.97,2484.7,11.055,559434.0,54462872.0,23.2,4.531,11.05,22.07,259.0,258.5,254.0,262.5
2020-12-09 00:00:00+00:00,3422.9,7079.98,2.39,144893.5,30.2,8.56,9.97,1683.9,11.055,559434.0,54462872.0,23.2,4.531,11.05,22.07,259.5,259.0,257.0,262.5
2020-12-10 00:00:00+00:00,3502.2,7243.99,2.34,148250.1,30.9,8.56,10.2,5483.6,11.055,559434.0,54462872.0,23.74,4.531,11.05,22.07,265.0,264.5,260.5,273.0
2020-12-11 00:00:00+00:00,3660.8,7572.02,2.24,154963.3,32.3,8.56,10.66,5749.8,11.055,559434.0,54462872.0,24.81,4.531,11.05,22.07,277.5,277.0,268.5,279.0
2020-12-14 00:00:00+00:00,3766.5,7790.71,2.18,159438.8,33.3,8.56,10.97,4878.4,11.055,559434.0,54462872.0,25.53,4.531,11.05,22.07,285.5,285.0,273.0,289.5
2020-12-15 00:00:00+00:00,3806.2,7872.71,2.15,161117.1,33.6,8.56,11.08,5162.8,11.055,559434.0,54462872.0,25.8,4.531,11.05,22.07,288.0,287.5,280.5,293.0
2020-12-16 00:00:00+00:00,4030.9,8337.42,2.03,170627.4,35.6,8.56,11.74,5604.8,11.055,559434.0,54462872.0,27.32,4.531,11.05,22.07,305.0,304.0,288.0,306.0
2020-12-17 00:00:00+00:00,3799.6,7859.05,2.16,160837.4,33.6,8.56,11.06,7708.5,11.32,559434.0,54462872.0,25.75,3.931,11.32,25.44,287.5,287.0,285.5,304.0
2020-12-18 00:00:00+00:00,3878.9,8023.06,2.11,164193.9,34.3,8.56,11.29,4507.5,11.32,559434.0,54462872.0,26.29,3.931,11.32,25.44,293.5,293.0,289.0,298.5
2020-12-21 00:00:00+00:00,3799.6,7859.05,2.16,160837.4,33.6,8.56,11.06,3605.6,11.32,559434.0,54462872.0,25.75,3.931,11.32,25.44,287.5,287.0,284.5,293.5
2020-12-22 00:00:00+00:00,3773.1,7804.38,2.17,159718.4,33.3,8.56,10.99,1731.9,11.32,559434.0,54462872.0,25.57,3.931,11.32,25.44,285.5,285.0,284.5,290.5
2020-12-23 00:00:00+00:00,3773.1,7804.38,2.17,159718.4,33.3,8.56,10.99,1874.2,11.32,559434.0,54462872.0,25.57,3.931,11.32,25.44,286.5,285.5,282.0,288.0
2020-12-24 00:00:00+00:00,3819.4,7900.05,2.15,161676.5,33.7,8.56,11.12,1444.0,11.32,559434.0,54462872.0,25.89,3.931,11.32,25.44,289.0,288.5,285.0,293.0
2020-12-25 00:00:00+00:00,3799.6,7859.05,2.16,160837.4,33.6,8.56,11.06,620.2,11.32,559434.0,54462872.0,25.75,3.931,11.32,25.44,288.0,287.5,287.0,293.0
2020-12-28 00:00:00+00:00,3945.0,8159.74,2.08,166991.1,34.9,8.56,11.49,3980.8,11.32,559434.0,54462872.0,26.74,3.931,11.32,25.44,299.0,298.5,288.5,304.0
2020-12-29 00:00:00+00:00,4050.7,8378.43,2.02,171466.6,35.8,8.56,11.8,2780.1,11.32,559434.0,54462872.0,27.45,3.931,11.32,25.44,306.5,306.0,300.0,308.0
2020-12-30 00:00:00+00:00,4176.2,8638.12,1.96,176781.2,36.9,8.56,12.16,3335.9,11.32,559434.0,54462872.0,28.3,3.931,11.32,25.44,316.0,315.0,306.5,317.0
2020-12-31 00:00:00+00:00,4176.2,8638.12,1.96,176788.2,36.9,8.56,12.16,2739.1,11.32,559456.0,54462872.0,28.3,3.931,11.32,25.44,316.0,315.5,308.0,320.5
2021-01-01 00:00:00+00:00,4176.2,8638.12,1.96,176788.2,36.9,8.56,11.33,,11.32,559456.0,59598681.0,34.45,3.931,11.32,25.44,,,,
2021-01-04 00:00:00+00:00,3978.0,8228.08,2.06,168396.3,35.1,8.56,10.79,3339.8,11.32,559456.0,59598681.0,32.81,3.931,11.32,25.44,301.5,301.0,299.5,324.0
2021-01-05 00:00:00+00:00,3931.7,8132.41,2.08,166438.2,34.7,8.56,10.67,3856.3,11.32,559456.0,59598681.0,32.43,3.931,11.32,25.44,297.5,297.0,295.0,302.5
2021-01-06 00:00:00+00:00,3911.9,8091.4,2.09,165599.1,34.6,8.56,10.61,3124.7,11.32,559456.0,59598681.0,32.27,3.931,11.32,25.44,296.0,295.5,290.5,300.5
2021-01-07 00:00:00+00:00,3911.9,8091.4,2.09,165599.1,34.6,8.56,10.61,2604.1,11.32,559456.0,59598681.0,32.27,3.931,11.32,25.44,296.5,296.0,294.0,299.5
2021-01-08 00:00:00+00:00,3852.4,7968.39,2.13,163081.5,34.0,8.56,10.45,2878.6,11.32,559456.0,59598681.0,31.78,3.931,11.32,25.44,292.0,291.5,290.5,296.0
2021-01-11 00:00:00+00:00,3885.5,8036.73,2.11,164480.1,34.3,8.56,10.54,4374.1,11.32,559456.0,59598681.0,32.05,3.931,11.32,25.44,294.0,293.5,289.0,297.5
2021-01-12 00:00:00+00:00,3793.0,7845.38,2.16,160563.9,33.5,8.56,10.29,2830.0,11.32,559456.0,59598681.0,31.29,3.931,11.32,25.44,287.5,287.0,287.0,294.0
2021-01-13 00:00:00+00:00,3852.4,7968.39,2.13,163081.5,34.0,8.56,10.45,4900.4,11.32,559456.0,59598681.0,31.78,3.931,11.32,25.44,291.5,291.0,285.5,293.5
2021-01-14 00:00:00+00:00,3733.5,7722.37,2.19,158046.3,33.0,8.56,10.13,3322.0,11.54,559456.0,59598681.0,30.8,4.021,11.54,24.87,283.5,282.5,282.5,291.0
2021-01-15 00:00:00+00:00,3660.8,7572.02,2.24,154969.3,32.3,8.56,9.93,3719.2,11.54,559456.0,59598681.0,30.2,4.021,11.54,24.87,277.5,277.0,275.5,287.5
2021-01-18 00:00:00+00:00,3726.9,7708.7,2.2,157766.6,32.9,8.56,10.11,2649.2,11.54,559456.0,59598681.0,30.74,4.021,11.54,24.87,282.5,282.0,273.5,284.0
2021-01-19 00:00:00+00:00,3740.1,7736.04,2.19,158326.1,33.0,8.56,10.15,1192.6,11.54,559456.0,59598681.0,30.85,4.021,11.54,24.87,283.5,283.0,280.5,285.0
2021-01-20 00:00:00+00:00,3713.7,7681.36,2.21,157207.2,32.8,8.56,10.08,2188.6,11.54,559456.0,59598681.0,30.63,4.021,11.54,24.87,281.0,280.5,277.0,286.0
2021-01-21 00:00:00+00:00,3773.1,7804.38,2.17,159724.7,33.3,8.56,10.24,3274.3,11.54,559456.0,59598681.0,31.12,4.021,11.54,24.87,286.0,285.5,283.0,291.5
2021-01-22 00:00:00+00:00,3852.4,7968.39,2.13,163081.5,34.0,8.56,10.45,3349.0,11.54,559456.0,59598681.0,31.78,4.021,11.54,24.87,292.0,291.5,281.0,294.0
2021-01-25 00:00:00+00:00,3812.8,7886.38,2.15,161403.1,33.7,8.56,10.35,2437.9,11.54,559456.0,59598681.0,31.45,4.021,11.54,24.87,289.0,288.5,287.0,295.0
2021-01-26 00:00:00+00:00,3845.8,7954.72,2.13,162801.8,34.0,8.56,10.43,3091.5,11.54,559456.0,59598681.0,31.72,4.021,11.54,24.87,291.0,290.5,287.5,297.0
2021-01-27 00:00:00+00:00,3806.2,7872.71,2.15,161123.4,33.6,8.56,10.33,2167.6,11.54,559456.0,59598681.0,31.4,4.021,11.54,24.87,288.0,287.5,286.0,295.0
2021-01-28 00:00:00+00:00,3607.9,7462.68,2.27,152731.6,31.9,8.56,9.79,4444.3,11.54,559456.0,59598681.0,29.76,4.021,11.54,24.87,273.0,272.0,270.0,283.0
2021-01-29 00:00:00+00:00,3561.7,7367.0,2.3,150773.4,31.5,8.56,9.66,8162.6,11.54,559456.0,59598681.0,29.38,4.021,11.54,24.87,269.5,269.0,268.5,278.0
2021-02-01 00:00:00+00:00,3634.4,7517.35,2.25,153850.4,32.1,8.56,9.86,4855.2,11.54,559456.0,59598681.0,29.98,4.021,11.54,24.87,275.5,275.0,271.0,277.5
2021-02-02 00:00:00+00:00,3872.3,8009.39,2.12,163920.7,34.2,8.56,10.51,4834.0,11.54,559456.0,59598681.0,31.94,4.021,11.54,24.87,293.0,292.5,274.0,293.0
2021-02-03 00:00:00+00:00,3707.1,7667.7,2.21,156927.4,32.8,8.56,10.06,3245.4,11.54,559456.0,59598681.0,30.58,4.021,11.54,24.87,281.0,280.0,280.0,291.0
2021-02-04 00:00:00+00:00,3594.7,7435.34,2.28,152172.1,31.8,8.56,9.75,3029.3,11.54,559456.0,59598681.0,29.65,4.021,11.54,24.87,272.0,271.5,270.0,277.0
2021-02-05 00:00:00+00:00,3588.1,7421.67,2.28,151892.4,31.7,8.56,9.74,1645.8,11.54,559456.0,59598681.0,29.6,4.021,11.54,24.87,272.0,271.5,271.0,275.5
2021-02-08 00:00:00+00:00,3588.1,7421.67,2.28,151892.4,31.7,8.56,9.74,,11.54,559456.0,59598681.0,29.6,4.021,11.54,24.87,,,,
2021-02-09 00:00:00+00:00,3588.1,7421.67,2.28,151892.4,31.7,8.56,9.74,,11.54,559456.0,59598681.0,29.6,4.021,11.54,24.87,,,,
2021-02-10 00:00:00+00:00,3588.1,7421.67,2.28,151892.4,31.7,8.56,9.74,,11.54,559456.0,59598681.0,29.6,4.021,11.54,24.87,,,,
2021-02-11 00:00:00+00:00,3588.1,7421.67,2.28,151892.4,31.7,8.56,9.74,,11.54,559456.0,59598681.0,29.6,4.021,11.54,24.87,,,,
2021-02-12 00:00:00+00:00,3588.1,7421.67,2.28,151892.4,31.7,8.56,9.74,,11.54,559456.0,59598681.0,29.6,4.021,11.54,24.87,,,,
2021-02-15 00:00:00+00:00,3588.1,7421.67,2.28,151892.4,31.7,8.56,9.74,,11.54,559456.0,59598681.0,29.6,4.021,11.54,24.87,,,,
2021-02-16 00:00:00+00:00,3588.1,7421.67,2.28,151892.4,31.7,8.56,9.74,,11.54,559456.0,59598681.0,29.6,4.021,11.54,24.87,,,,
2021-02-17 00:00:00+00:00,3561.7,7367.0,2.3,150773.4,31.5,8.56,9.66,6145.5,11.54,559456.0,59598681.0,29.38,4.021,11.54,24.87,270.0,269.5,258.5,272.0
2021-02-18 00:00:00+00:00,3641.0,7531.02,2.25,154130.1,32.2,8.56,9.88,2115.4,11.78,559456.0,59598681.0,30.03,4.339,11.78,23.05,276.0,275.5,269.5,278.0
2021-02-19 00:00:00+00:00,3641.0,7531.02,2.25,154130.1,32.2,8.56,9.88,2148.5,11.78,559456.0,59598681.0,30.03,4.339,11.78,23.05,276.0,275.5,271.0,280.0
2021-02-22 00:00:00+00:00,3621.2,7490.01,2.26,153290.9,32.0,8.56,9.83,2600.9,11.78,559456.0,59598681.0,29.87,4.339,11.78,23.05,274.5,274.0,271.5,281.0
2021-02-23 00:00:00+00:00,3594.7,7435.34,2.28,152172.1,31.8,8.56,9.75,1566.4,11.78,559456.0,59598681.0,29.65,4.339,11.78,23.05,272.5,272.0,270.5,274.0
2021-02-24 00:00:00+00:00,3548.5,7339.66,2.31,150214.0,31.4,8.56,9.63,2776.2,11.78,559456.0,59598681.0,29.27,4.339,11.78,23.05,269.0,268.5,267.0,278.0
2021-02-25 00:00:00+00:00,3594.7,7435.34,2.28,152172.1,31.8,8.56,9.75,1475.7,11.78,559456.0,59598681.0,29.65,4.339,11.78,23.05,272.5,272.0,269.0,275.0
2021-02-26 00:00:00+00:00,3469.2,7175.65,2.36,146857.2,30.7,8.56,9.41,3813.1,11.78,559456.0,59598681.0,28.62,4.339,11.78,23.05,263.0,262.5,260.0,272.0
2021-03-01 00:00:00+00:00,3469.2,7175.65,2.36,146857.2,30.7,8.56,9.41,,11.78,559456.0,59598681.0,28.62,4.339,11.78,23.05,,,,
2021-03-02 00:00:00+00:00,3522.0,7284.99,2.33,149095.1,31.1,8.56,9.56,2849.8,11.78,559456.0,59598681.0,29.05,4.339,11.78,23.05,266.5,266.0,266.0,274.0
2021-03-03 00:00:00+00:00,3508.8,7257.66,2.34,148535.6,31.0,8.56,9.52,3060.3,11.78,559456.0,59598681.0,28.94,4.339,11.78,23.05,266.0,265.5,258.0,270.0
2021-03-04 00:00:00+00:00,3389.9,7011.64,2.42,143500.5,29.9,8.56,9.2,3817.0,11.78,559456.0,59598681.0,27.96,4.339,11.78,23.05,256.5,256.0,253.5,265.0
2021-03-05 00:00:00+00:00,3383.3,6997.97,2.42,143220.8,29.9,8.56,9.18,2498.4,11.78,559456.0,59598681.0,27.91,4.339,11.78,23.05,256.0,255.5,246.5,259.0
2021-03-08 00:00:00+00:00,3429.5,7093.64,2.39,145178.9,30.3,8.56,9.31,2135.1,11.78,559456.0,59598681.0,28.29,4.339,11.78,23.05,259.5,259.0,257.5,264.0
2021-03-09 00:00:00+00:00,3317.2,6861.29,2.47,140423.4,29.3,8.56,9.0,1428.2,11.78,559456.0,59598681.0,27.36,4.339,11.78,23.05,251.0,250.5,250.0,258.5
2021-03-10 00:00:00+00:00,3350.2,6929.63,2.45,141822.1,29.6,8.56,9.09,1717.5,11.78,559456.0,59598681.0,27.64,4.339,11.78,23.05,254.0,253.5,252.0,263.0
2021-03-11 00:00:00+00:00,3363.5,6956.96,2.44,142381.6,29.7,8.56,9.13,1403.0,11.78,559456.0,59598681.0,27.74,4.339,11.78,23.05,255.5,254.5,251.0,256.5
2021-03-12 00:00:00+00:00,3469.2,7175.65,2.36,146857.2,30.7,8.56,9.41,2817.4,11.78,559456.0,59598681.0,28.62,4.339,11.78,23.05,262.5,262.0,255.0,264.0
2021-03-15 00:00:00+00:00,3462.6,7161.98,2.37,146577.5,30.6,8.56,9.4,1150.1,11.78,559456.0,59598681.0,28.56,4.339,11.78,23.05,262.5,262.0,258.0,264.0
2021-03-16 00:00:00+00:00,3508.8,7257.66,2.34,148535.6,31.0,8.56,9.52,1292.5,11.78,559456.0,59598681.0,28.94,4.339,11.78,23.05,265.5,265.0,261.5,266.5
2021-03-17 00:00:00+00:00,3508.8,7257.66,2.34,148535.6,31.0,8.56,9.52,2014.5,11.78,559456.0,59598681.0,28.94,4.339,11.78,23.05,266.0,265.5,261.0,267.5
2021-03-18 00:00:00+00:00,3469.2,7175.65,2.48,146857.2,30.7,8.56,9.41,2446.4,11.807,559456.0,59598681.0,28.62,4.447,11.81,22.49,262.5,262.0,261.0,268.0
2021-03-19 00:00:00+00:00,3614.6,7476.34,2.38,153011.3,31.9,8.56,9.81,4321.2,11.807,559456.0,59598681.0,29.82,4.447,11.81,22.49,274.0,273.5,264.0,275.0
2021-03-22 00:00:00+00:00,3515.4,7271.32,2.44,148815.4,31.1,8.56,9.54,3148.8,11.807,559456.0,59598681.0,29.0,4.447,11.81,22.49,266.5,266.0,265.5,274.0
2021-03-23 00:00:00+00:00,3555.1,7353.33,2.42,150493.7,31.4,8.56,9.65,1853.3,11.807,559456.0,59598681.0,29.33,4.447,11.81,22.49,269.0,268.5,265.0,272.0
2021-03-24 00:00:00+00:00,3541.9,7326.0,2.43,149934.3,31.3,8.56,9.61,1365.6,11.807,559456.0,59598681.0,29.22,4.447,11.81,22.49,268.0,267.5,266.0,272.5
2021-03-25 00:00:00+00:00,3568.3,7380.67,2.41,151053.2,31.5,8.56,9.68,2604.4,11.807,559456.0,59598681.0,29.43,4.447,11.81,22.49,270.0,269.5,261.0,270.5
2021-03-26 00:00:00+00:00,3541.9,7326.0,2.43,149934.3,29.5,9.07,9.61,2441.4,11.807,559456.0,59598681.0,29.22,4.447,11.81,22.49,268.0,267.5,263.0,270.0
2021-03-29 00:00:00+00:00,3693.8,7640.36,2.33,156368.0,30.8,9.07,10.02,4203.1,11.807,559456.0,59598681.0,30.47,4.447,11.81,22.49,279.5,279.0,267.5,280.0
2021-03-30 00:00:00+00:00,3680.6,7613.02,2.33,155808.6,30.7,9.07,9.99,1994.6,11.807,559456.0,59598681.0,30.36,4.447,11.81,22.49,278.5,278.0,275.0,279.5
2021-03-31 00:00:00+00:00,3647.6,7544.68,2.36,154409.9,30.4,9.07,9.9,3546.9,11.807,559456.0,59598681.0,30.09,4.447,11.81,22.49,276.0,275.5,275.0,282.0
2021-04-01 00:00:00+00:00,3641.0,7531.02,2.36,154130.1,30.4,9.07,9.88,2963.5,11.807,559456.0,59598681.0,30.03,4.447,11.81,22.49,277.5,275.5,275.0,285.0
2021-04-02 00:00:00+00:00,3641.0,7531.02,2.36,154130.1,30.4,9.07,9.88,,11.807,559456.0,59598681.0,30.03,4.447,11.81,22.49,,,,
2021-04-05 00:00:00+00:00,3641.0,7531.02,2.36,154130.1,30.4,9.07,9.88,,11.807,559456.0,59598681.0,30.03,4.447,11.81,22.49,,,,
2021-04-06 00:00:00+00:00,3647.6,7544.68,2.36,154409.9,30.4,9.07,9.9,2129.5,11.807,559456.0,59598681.0,30.09,4.447,11.81,22.49,276.0,275.5,273.0,279.5
2021-04-07 00:00:00+00:00,3693.8,7640.36,2.33,156368.0,30.8,9.07,10.02,1627.3,11.807,559456.0,59598681.0,30.47,4.447,11.81,22.49,280.0,279.5,276.5,280.5
2021-04-08 00:00:00+00:00,3660.8,7572.02,2.35,154969.3,30.5,9.07,9.93,2121.8,11.807,559456.0,59598681.0,30.2,4.447,11.81,22.49,277.5,277.0,275.0,283.0
2021-04-09 00:00:00+00:00,3693.8,7640.36,2.33,156368.0,30.8,9.07,10.02,1301.4,11.807,559456.0,59598681.0,30.47,4.447,11.81,22.49,280.0,279.5,278.0,283.0
2021-04-12 00:00:00+00:00,3574.9,7394.34,2.4,151332.9,29.8,9.07,9.7,2203.6,11.807,559456.0,59598681.0,29.49,4.447,11.81,22.49,271.0,270.5,270.0,280.5
2021-04-13 00:00:00+00:00,3515.4,7271.32,2.44,148815.4,29.3,9.07,9.54,1595.6,11.807,559456.0,59598681.0,29.0,4.447,11.81,22.49,267.0,266.0,266.0,274.5
2021-04-14 00:00:00+00:00,3515.4,7271.32,2.44,148815.4,29.3,9.07,9.54,1586.6,11.807,559456.0,59598681.0,29.0,4.447,11.81,22.49,266.5,266.0,264.5,269.5
2021-04-15 00:00:00+00:00,3535.3,7312.33,2.43,149654.5,29.5,9.07,9.59,1129.2,12.177,559456.0,59598681.0,29.16,4.578,12.18,21.85,267.5,267.0,265.0,269.5
2021-04-16 00:00:00+00:00,3641.0,7531.02,2.36,154130.1,30.4,9.07,9.88,1958.4,12.177,559456.0,59598681.0,30.03,4.578,12.18,21.85,275.5,275.0,267.5,278.0
2021-04-19 00:00:00+00:00,3614.6,7476.34,2.38,153011.3,30.1,9.07,9.81,2581.8,12.177,559456.0,59598681.0,29.82,4.578,12.18,21.85,274.0,273.5,272.0,278.5
2021-04-20 00:00:00+00:00,3647.6,7544.68,2.36,154409.9,30.4,9.07,9.9,942.6,12.177,559456.0,59598681.0,30.09,4.578,12.18,21.85,276.0,275.5,272.5,276.0
2021-04-21 00:00:00+00:00,3581.5,7408.0,2.4,151612.6,29.9,9.07,9.72,1375.4,12.177,559456.0,59598681.0,29.54,4.578,12.18,21.85,271.5,271.0,270.5,276.0
2021-04-22 00:00:00+00:00,3634.4,7517.35,2.36,153850.4,30.3,9.07,9.86,2506.6,12.177,559456.0,59598681.0,29.98,4.578,12.18,21.85,275.0,274.5,274.0,284.0
2021-04-23 00:00:00+00:00,3852.4,7968.39,2.23,163081.5,32.1,9.07,10.45,5142.3,12.177,559456.0,59598681.0,31.78,4.578,12.18,21.85,291.5,291.0,276.0,291.5
2021-04-26 00:00:00+00:00,3911.9,8091.4,2.2,165599.1,32.6,9.07,10.61,6664.5,12.177,559456.0,59598681.0,32.27,4.578,12.18,21.85,296.0,295.5,286.0,299.5
2021-04-27 00:00:00+00:00,3911.9,8091.4,2.2,165599.1,32.6,9.07,10.61,4164.2,12.177,559456.0,59598681.0,32.27,4.578,12.18,21.85,296.5,296.0,291.0,299.5
2021-04-28 00:00:00+00:00,4011.0,8296.42,2.14,169794.9,33.4,9.07,10.88,3861.1,12.177,559456.0,59598681.0,33.09,4.578,12.18,21.85,303.5,303.0,295.0,306.0
2021-04-29 00:00:00+00:00,4202.7,8692.79,2.04,177907.1,35.0,9.07,11.4,4861.4,12.177,559456.0,59598681.0,34.67,4.578,12.18,21.85,318.0,317.5,304.0,320.0
2021-04-30 00:00:00+00:00,4202.7,8692.79,2.04,177907.1,35.0,9.07,11.4,,12.177,559456.0,59598681.0,34.67,4.578,12.18,21.85,,,,
2021-05-03 00:00:00+00:00,4169.6,8624.45,2.06,176508.4,34.8,9.07,11.31,6412.6,12.177,559456.0,59598681.0,34.39,4.578,12.18,21.85,315.5,314.5,302.5,318.5
2021-05-04 00:00:00+00:00,4004.4,8282.75,2.15,169515.3,33.4,9.07,10.87,4269.2,12.177,559456.0,59598681.0,33.03,4.578,12.18,21.85,303.0,302.5,291.5,323.0
2021-05-05 00:00:00+00:00,3845.8,7954.72,2.23,162801.8,32.1,9.07,10.43,2341.9,12.177,559456.0,59598681.0,31.72,4.578,12.18,21.85,291.5,291.0,289.0,304.5
2021-05-06 00:00:00+00:00,3845.8,7954.72,2.23,162801.8,32.1,9.07,10.43,2528.8,12.177,559456.0,59598681.0,31.72,4.578,12.18,21.85,291.0,290.5,285.5,302.5
2021-05-07 00:00:00+00:00,3832.6,7927.39,2.24,162242.3,32.0,9.07,10.4,1926.7,12.177,559456.0,59598681.0,31.61,4.578,12.18,21.85,290.5,290.0,289.0,301.5
2021-05-10 00:00:00+00:00,3773.1,7804.38,2.28,159724.7,31.5,9.07,10.24,1366.6,12.177,559456.0,59598681.0,31.12,4.578,12.18,21.85,286.0,285.5,285.0,298.0
2021-05-11 00:00:00+00:00,3422.9,7079.98,2.51,144899.1,28.5,9.07,9.29,4056.5,12.177,559456.0,59598681.0,28.23,4.578,12.18,21.85,259.0,258.5,257.0,275.0
2021-05-12 00:00:00+00:00,3489.0,7216.66,2.46,147696.4,29.1,9.07,9.47,5780.8,12.177,559456.0,59598681.0,28.78,4.578,12.18,21.85,264.0,263.5,251.5,274.0
2021-05-13 00:00:00+00:00,3561.7,7367.0,2.41,150773.4,29.7,9.07,9.66,3315.1,12.177,559456.0,59598681.0,29.38,4.578,12.18,21.85,269.5,269.0,255.5,273.0
2021-05-14 00:00:00+00:00,3588.1,7421.67,2.39,151892.4,29.4,9.23,9.74,3471.0,12.177,559456.0,59598681.0,29.6,4.578,12.18,21.85,271.5,271.0,265.0,284.0
2021-05-17 00:00:00+00:00,3607.9,7462.68,2.38,152731.6,29.6,9.23,9.79,2603.6,12.177,559456.0,59598681.0,29.76,4.578,12.18,21.85,273.0,272.0,260.5,273.0
2021-05-18 00:00:00+00:00,3898.7,8064.07,2.2,165039.6,32.0,9.23,10.58,3653.5,12.177,559456.0,59598681.0,32.16,4.578,12.18,21.85,295.0,294.5,276.5,295.0
2021-05-19 00:00:00+00:00,3905.3,8077.73,2.2,165319.3,32.0,9.23,10.6,2462.3,12.177,559456.0,59598681.0,32.21,4.578,12.18,21.85,296.5,295.5,293.5,303.0
2021-05-20 00:00:00+00:00,3905.3,8077.73,2.2,165319.3,32.0,9.23,10.6,1721.4,12.347,559456.0,59598681.0,32.21,4.186,12.35,23.89,296.0,295.0,288.0,300.5
2021-05-21 00:00:00+00:00,3898.7,8064.07,2.2,165039.6,32.0,9.23,10.58,1553.5,12.347,559456.0,59598681.0,32.16,4.186,12.35,23.89,295.5,295.0,291.0,303.5
2021-05-24 00:00:00+00:00,4063.9,8405.76,2.11,172032.8,33.3,9.23,11.03,2048.2,12.347,559456.0,59598681.0,33.52,4.186,12.35,23.89,307.5,307.0,295.0,307.5
2021-05-25 00:00:00+00:00,4004.4,8282.75,2.15,169515.3,32.8,9.23,10.87,1668.1,12.347,559456.0,59598681.0,33.03,4.186,12.35,23.89,303.5,303.0,302.5,309.0
2021-05-26 00:00:00+00:00,3964.8,8200.74,2.17,167836.9,32.5,9.23,10.76,1212.9,12.347,559456.0,59598681.0,32.7,4.186,12.35,23.89,302.0,299.5,296.5,306.5
2021-05-27 00:00:00+00:00,3898.7,8064.07,2.2,165039.6,32.0,9.23,10.58,3713.8,12.347,559456.0,59598681.0,32.16,4.186,12.35,23.89,297.5,295.0,295.0,304.0
2021-05-28 00:00:00+00:00,3872.3,8009.39,2.22,163920.7,31.7,9.23,10.51,1818.8,12.347,559456.0,59598681.0,31.94,4.186,12.35,23.89,293.5,293.0,289.0,296.0
2021-05-31 00:00:00+00:00,4063.9,8405.76,2.11,172036.1,33.3,9.23,11.03,2151.1,12.347,559467.0,59598681.0,33.52,4.186,12.35,23.89,307.5,307.0,294.0,307.5
2021-06-01 00:00:00+00:00,4050.7,8378.43,2.12,171476.7,33.2,9.23,10.99,854.6,12.347,559467.0,59598681.0,33.41,4.186,12.35,23.89,307.0,306.5,305.0,310.5
2021-06-02 00:00:00+00:00,3925.1,8118.74,2.19,166161.8,32.2,9.23,10.65,1109.3,12.347,559467.0,59598681.0,32.38,4.186,12.35,23.89,297.5,297.0,296.5,312.0
2021-06-03 00:00:00+00:00,3872.3,8009.39,2.22,163923.9,31.7,9.23,10.51,1792.3,12.347,559467.0,59598681.0,31.94,4.186,12.35,23.89,293.0,292.5,290.5,297.0
2021-06-04 00:00:00+00:00,3845.8,7954.72,2.23,162804.9,31.5,9.23,10.43,1083.3,12.347,559467.0,59598681.0,31.72,4.186,12.35,23.89,291.5,291.0,288.0,292.0
2021-06-07 00:00:00+00:00,3878.9,8023.06,2.21,164203.6,31.8,9.23,10.52,2715.8,12.347,559467.0,59598681.0,32.0,4.186,12.35,23.89,294.0,293.5,281.0,294.5
2021-06-08 00:00:00+00:00,3786.4,7831.71,2.27,160287.4,31.0,9.23,10.27,1792.9,12.347,559467.0,59598681.0,31.23,4.186,12.35,23.89,287.0,286.5,283.5,294.5
2021-06-09 00:00:00+00:00,3806.2,7872.71,2.26,161126.6,31.2,9.23,10.33,1484.4,12.347,559467.0,59598681.0,31.4,4.186,12.35,23.89,288.0,287.5,281.5,288.5
2021-06-10 00:00:00+00:00,3865.7,7995.73,2.22,163644.1,31.7,9.23,10.49,1816.5,12.347,559467.0,59598681.0,31.89,4.186,12.35,23.89,292.5,292.0,287.0,295.5
2021-06-11 00:00:00+00:00,3898.7,8064.07,2.2,165042.8,32.0,9.23,10.58,2002.2,12.347,559467.0,59598681.0,32.16,4.186,12.35,23.89,295.5,295.0,289.5,298.0
2021-06-14 00:00:00+00:00,3898.7,8064.07,2.2,165042.8,32.0,9.23,10.58,,12.347,559467.0,59598681.0,32.16,4.186,12.35,23.89,,,,
2021-06-15 00:00:00+00:00,3938.3,8146.07,2.18,166721.2,32.3,9.23,10.69,1796.9,12.347,559467.0,59598681.0,32.49,4.186,12.35,23.89,298.0,297.5,293.0,300.5
2021-06-16 00:00:00+00:00,3898.7,8064.07,2.2,165042.8,32.0,9.23,10.58,1507.1,12.347,559467.0,59598681.0,32.16,4.186,12.35,23.89,295.5,295.0,293.5,302.0
2021-06-17 00:00:00+00:00,3872.3,8009.39,2.22,163923.9,31.7,9.23,10.51,1186.3,12.54,559467.0,59598681.0,31.94,4.208,12.54,23.76,293.5,293.0,288.0,296.0
2021-06-18 00:00:00+00:00,3898.7,8064.07,2.2,165042.8,32.0,9.23,10.58,3637.0,12.54,559467.0,59598681.0,32.16,4.208,12.54,23.76,295.0,294.5,290.0,297.0
2021-06-21 00:00:00+00:00,3938.3,8146.07,2.18,166721.2,32.3,9.23,10.69,1796.4,12.54,559467.0,59598681.0,32.49,4.208,12.54,23.76,298.0,297.5,290.0,299.5
2021-06-22 00:00:00+00:00,3964.8,8200.74,2.17,167840.2,32.5,9.23,10.76,1653.6,12.54,559467.0,59598681.0,32.7,4.208,12.54,23.76,300.0,299.5,293.0,300.5
2021-06-23 00:00:00+00:00,4169.6,8624.45,2.06,176511.9,34.2,9.23,11.31,3672.2,12.54,559467.0,59598681.0,34.39,4.208,12.54,23.76,315.5,315.0,300.5,316.0
2021-06-24 00:00:00+00:00,4149.8,8583.45,2.07,175672.7,34.0,9.23,11.26,1742.8,12.54,559467.0,59598681.0,34.23,4.208,12.54,23.76,315.0,314.0,312.5,318.0
2021-06-25 00:00:00+00:00,4374.5,9048.15,1.96,185183.6,35.9,9.23,11.87,5061.6,12.54,559467.0,59598681.0,36.08,4.208,12.54,23.76,331.5,331.0,318.0,342.0
2021-06-28 00:00:00+00:00,4374.5,9048.15,1.96,185183.6,35.9,9.23,11.87,2777.3,12.54,559467.0,59598681.0,36.08,4.208,12.54,23.76,331.0,330.5,327.0,337.0
2021-06-29 00:00:00+00:00,4361.3,9020.82,1.97,184624.2,35.7,9.23,11.83,2553.4,12.54,559467.0,59598681.0,35.97,4.208,12.54,23.76,330.5,330.0,325.0,337.5
2021-06-30 00:00:00+00:00,4367.9,9034.49,1.97,184903.9,35.8,9.23,11.85,2103.6,12.54,559467.0,59598681.0,36.03,4.208,12.54,23.76,330.5,330.0,327.0,333.0
2021-07-01 00:00:00+00:00,4229.1,8747.46,2.03,179029.5,34.7,9.23,11.47,1816.4,12.54,559467.0,59598681.0,34.88,4.208,12.54,23.76,320.0,319.5,313.0,330.5
2021-07-02 00:00:00+00:00,4308.4,8911.48,1.99,182386.3,35.3,9.23,11.69,2751.0,12.54,559467.0,59598681.0,35.54,4.208,12.54,23.76,327.0,326.0,324.0,335.0
2021-07-05 00:00:00+00:00,4334.8,8966.15,1.98,183505.3,35.5,9.23,11.76,1538.7,12.54,559467.0,59598681.0,35.76,4.208,12.54,23.76,328.0,327.0,320.0,330.5
2021-07-06 00:00:00+00:00,4420.7,9143.83,1.94,187141.8,36.2,9.23,11.99,1831.1,12.54,559467.0,59598681.0,36.47,4.208,12.54,23.76,335.0,334.5,329.0,340.5
2021-07-07 00:00:00+00:00,4394.3,9089.16,1.95,186022.8,36.0,9.23,11.92,2529.5,12.54,559467.0,59598681.0,36.25,4.208,12.54,23.76,332.5,331.5,322.5,336.0
2021-07-08 00:00:00+00:00,4420.7,9143.83,1.94,187141.8,36.2,9.23,11.99,2033.6,12.54,559467.0,59598681.0,36.47,4.208,12.54,23.76,334.5,333.5,325.5,336.0
2021-07-09 00:00:00+00:00,4374.5,9048.15,1.96,185183.6,35.9,9.23,11.87,1396.0,12.54,559467.0,59598681.0,36.08,4.208,12.54,23.76,332.0,331.0,326.5,334.0
2021-07-12 00:00:00+00:00,4519.8,9348.85,1.9,191337.8,37.0,9.23,12.26,1562.1,12.54,559467.0,59598681.0,37.28,4.208,12.54,23.76,342.5,342.0,329.0,347.0
2021-07-13 00:00:00+00:00,4619.0,9553.87,1.86,195533.8,37.9,9.23,12.53,3106.7,12.54,559467.0,59598681.0,38.1,4.208,12.54,23.76,349.5,348.0,342.0,354.0
2021-07-14 00:00:00+00:00,4427.3,9157.5,1.94,187421.5,36.3,9.23,12.01,4447.4,12.54,559467.0,59598681.0,36.52,4.208,12.54,23.76,335.0,334.0,326.5,349.0
2021-07-15 00:00:00+00:00,4585.9,9485.53,1.87,194135.1,37.6,9.23,12.44,1932.3,12.758,559467.0,59598681.0,37.83,3.65,12.76,27.39,347.0,346.5,332.0,347.0
2021-07-16 00:00:00+00:00,4625.6,9567.54,1.86,195813.5,37.9,9.23,12.55,1966.6,12.758,559467.0,59598681.0,38.16,3.65,12.76,27.39,350.0,349.0,339.0,350.5
2021-07-19 00:00:00+00:00,4493.4,9294.18,1.91,190218.9,36.8,9.23,12.19,1559.3,12.758,559467.0,59598681.0,37.07,3.65,12.76,27.39,340.5,340.0,337.5,346.0
2021-07-20 00:00:00+00:00,4533.1,9376.18,1.9,191897.3,37.2,9.23,12.3,934.9,12.758,559467.0,59598681.0,37.39,3.65,12.76,27.39,343.0,342.0,337.5,352.0
2021-07-21 00:00:00+00:00,4513.2,9335.18,1.9,191058.1,37.0,9.23,12.25,1064.3,12.758,559467.0,59598681.0,37.23,3.65,12.76,27.39,342.0,341.5,338.0,350.0
2021-07-22 00:00:00+00:00,4506.6,9321.51,1.91,190778.3,36.9,9.23,12.23,1306.9,12.758,559467.0,59598681.0,37.17,3.65,12.76,27.39,341.5,341.0,339.0,350.5
2021-07-23 00:00:00+00:00,4460.4,9225.84,1.93,188820.2,36.6,9.23,12.1,1658.9,12.758,559467.0,59598681.0,36.79,3.65,12.76,27.39,337.5,337.0,332.0,346.0
2021-07-26 00:00:00+00:00,4513.2,9335.18,1.9,191058.1,37.0,9.23,12.25,692.4,12.758,559467.0,59598681.0,37.23,3.65,12.76,27.39,342.0,341.0,337.5,343.5
2021-07-27 00:00:00+00:00,4433.9,9171.16,1.94,187701.3,36.3,9.23,12.03,1158.2,12.758,559467.0,59598681.0,36.57,3.65,12.76,27.39,335.5,335.0,330.0,345.0
2021-07-28 00:00:00+00:00,4328.2,8952.48,1.98,183225.5,35.5,9.23,11.74,1218.0,12.758,559467.0,59598681.0,35.7,3.65,12.76,27.39,328.0,327.5,325.0,335.0
2021-07-29 00:00:00+00:00,4433.9,9171.16,1.94,187701.3,36.3,9.23,12.03,1178.2,12.758,559467.0,59598681.0,36.57,3.65,12.76,27.39,335.5,335.0,329.0,341.0
2021-07-30 00:00:00+00:00,4308.4,8911.48,1.99,182386.3,35.3,9.23,11.69,1248.8,12.758,559467.0,59598681.0,35.54,3.65,12.76,27.39,327.0,326.0,325.0,339.0
2021-08-02 00:00:00+00:00,4268.7,8829.47,2.01,180707.9,35.0,9.23,11.58,2590.8,12.758,559467.0,59598681.0,35.21,3.65,12.76,27.39,324.0,323.0,310.0,325.0
2021-08-03 00:00:00+00:00,4381.1,9061.82,1.96,185463.4,35.9,9.23,11.89,1087.9,12.758,559467.0,59598681.0,36.14,3.65,12.76,27.39,332.0,331.0,324.0,337.0
2021-08-04 00:00:00+00:00,4387.7,9075.49,1.96,185743.1,36.0,9.23,11.91,471.4,12.758,559467.0,59598681.0,36.19,3.65,12.76,27.39,333.5,332.0,330.5,338.0
2021-08-05 00:00:00+00:00,4400.9,9102.82,1.95,186302.6,36.1,9.23,11.94,929.7,12.758,559467.0,59598681.0,36.3,3.65,12.76,27.39,333.5,333.0,331.0,336.0
2021-08-06 00:00:00+00:00,4394.3,9089.16,1.95,186022.8,36.0,9.23,11.92,1146.2,12.758,559467.0,59598681.0,36.25,3.65,12.76,27.39,333.0,332.5,328.5,337.0
2021-08-09 00:00:00+00:00,4301.8,9075.37,2.0,182106.6,35.3,9.23,11.67,1318.8,12.758,559467.0,59598681.0,35.48,3.65,12.76,27.39,326.0,325.5,315.0,328.0
2021-08-10 00:00:00+00:00,4328.2,9131.13,1.98,183225.5,35.5,9.23,11.74,510.7,12.758,559467.0,59598681.0,35.7,3.65,12.76,27.39,327.5,327.0,325.0,329.0
2021-08-11 00:00:00+00:00,4295.2,9061.43,2.0,181826.9,35.2,9.23,11.65,873.7,12.758,559467.0,59598681.0,35.43,3.65,12.76,27.39,325.5,325.0,322.0,329.0
2021-08-12 00:00:00+00:00,4361.3,9200.84,1.97,184624.2,35.7,9.23,11.83,645.1,12.758,559467.0,59598681.0,35.97,3.65,12.76,27.39,330.0,329.5,321.5,331.5
2021-08-13 00:00:00+00:00,3925.1,8280.75,2.19,166161.8,33.4,8.88,10.65,3993.2,12.758,559467.0,59598681.0,32.38,3.65,12.76,27.39,297.0,,297.0,310.0
2021-08-16 00:00:00+00:00,3535.3,7458.25,2.43,149657.5,30.1,8.88,9.59,8124.6,12.758,559467.0,59598681.0,29.16,3.65,12.76,27.39,267.5,,267.5,276.5
2021-08-17 00:00:00+00:00,3581.5,7555.84,2.4,151615.6,30.5,8.88,9.72,7299.5,12.758,559467.0,59598681.0,29.54,3.65,12.76,27.39,271.5,271.0,262.0,274.5
2021-08-18 00:00:00+00:00,3779.8,7974.06,2.27,160007.6,32.2,8.88,10.26,4918.4,12.758,559467.0,59598681.0,31.18,3.65,12.76,27.39,286.0,285.5,268.0,288.0
2021-08-19 00:00:00+00:00,3819.4,8057.7,2.25,161686.0,32.5,8.88,10.36,4772.0,11.803,559467.0,59598681.0,31.51,4.355,11.8,22.96,289.5,288.5,279.5,290.5
2021-08-20 00:00:00+00:00,3759.9,7932.23,2.28,159168.4,32.0,8.88,10.2,2108.3,11.803,559467.0,59598681.0,31.01,4.355,11.8,22.96,285.0,284.5,282.5,288.0
2021-08-23 00:00:00+00:00,3806.2,8029.82,2.26,161233.4,32.4,8.88,10.33,1847.9,11.803,559838.0,59598681.0,31.4,4.355,11.8,22.96,288.0,287.5,284.0,291.5
2021-08-24 00:00:00+00:00,3911.9,8252.87,2.2,165712.1,33.3,8.88,10.61,2457.9,11.803,559838.0,59598681.0,32.27,4.355,11.8,22.96,296.5,296.0,290.0,299.0
2021-08-25 00:00:00+00:00,3878.9,8183.17,2.21,164312.5,33.1,8.88,10.52,1943.0,11.803,559838.0,59598681.0,32.0,4.355,11.8,22.96,294.0,293.0,290.0,297.5
2021-08-26 00:00:00+00:00,3806.2,8029.82,2.26,161233.4,32.4,8.88,10.33,2217.7,11.803,559838.0,59598681.0,31.4,4.355,11.8,22.96,288.0,287.5,283.0,293.5
2021-08-27 00:00:00+00:00,3852.4,8127.41,2.23,163192.8,32.8,8.88,10.45,1675.5,11.803,559838.0,59598681.0,31.78,4.355,11.8,22.96,292.0,291.5,285.0,294.0
2021-08-30 00:00:00+00:00,3793.0,8001.94,2.26,160673.6,32.3,8.88,10.29,2355.6,11.803,559838.0,59598681.0,31.29,4.355,11.8,22.96,287.5,287.0,284.5,292.0
2021-08-31 00:00:00+00:00,3707.1,7820.71,2.32,157034.6,31.6,8.88,10.06,4609.9,11.803,559838.0,59598681.0,30.58,4.355,11.8,22.96,280.5,280.0,272.5,285.0
2021-09-01 00:00:00+00:00,3700.5,7806.77,2.32,156754.7,31.5,8.88,10.04,3152.3,11.803,559838.0,59598681.0,30.52,4.355,11.8,22.96,280.5,280.0,273.5,284.0
2021-09-02 00:00:00+00:00,3766.5,7946.18,2.28,159553.9,32.1,8.88,10.22,8342.5,11.803,559838.0,59598681.0,31.07,4.355,11.8,22.96,285.0,284.5,277.0,303.0
2021-09-03 00:00:00+00:00,3740.1,7890.41,2.3,158434.3,31.9,8.88,10.15,3409.6,11.803,559838.0,59598681.0,30.85,4.355,11.8,22.96,283.5,283.0,276.5,288.0
2021-09-06 00:00:00+00:00,3786.4,7988.0,2.27,160393.6,32.3,8.88,10.27,1989.1,11.803,559838.0,59598681.0,31.23,4.355,11.8,22.96,287.0,286.5,282.0,290.5
2021-09-07 00:00:00+00:00,3674.0,7751.01,2.34,155635.0,31.3,8.88,9.97,3769.8,11.803,559838.0,59598681.0,30.31,4.355,11.8,22.96,278.0,277.5,268.5,289.5
2021-09-08 00:00:00+00:00,3607.9,7611.6,2.38,152835.8,30.7,8.88,9.79,2562.0,11.803,559838.0,59598681.0,29.76,4.355,11.8,22.96,273.5,273.0,271.5,281.0
2021-09-09 00:00:00+00:00,3647.6,7695.25,2.36,154515.3,31.1,8.88,9.9,1203.8,11.803,559838.0,59598681.0,30.09,4.355,11.8,22.96,276.5,276.0,271.0,280.0
2021-09-10 00:00:00+00:00,3647.6,7695.25,2.36,154515.3,31.1,8.88,9.9,2351.7,11.803,559838.0,59598681.0,30.09,4.355,11.8,22.96,276.5,276.0,270.0,276.5
2021-09-13 00:00:00+00:00,3641.0,7681.3,2.36,154235.4,31.0,8.88,9.88,8751.7,11.803,559838.0,59598681.0,30.03,4.355,11.8,22.96,275.5,275.0,271.5,281.0
2021-09-14 00:00:00+00:00,3680.6,7764.95,2.33,155914.9,31.4,8.88,9.99,1286.9,11.803,559838.0,59598681.0,30.36,4.355,11.8,22.96,278.5,278.0,276.0,280.0
2021-09-15 00:00:00+00:00,3561.7,7514.02,2.41,150876.4,30.3,8.88,9.66,2684.5,11.803,559838.0,59598681.0,29.38,4.355,11.8,22.96,269.5,269.0,269.5,278.0
2021-09-16 00:00:00+00:00,3541.9,7472.2,2.43,150036.6,30.2,8.88,9.61,3588.7,12.138,559838.0,59598681.0,29.22,4.358,12.14,22.95,268.5,268.0,267.5,272.0
2021-09-17 00:00:00+00:00,3515.4,7416.43,2.44,148917.0,30.0,8.88,9.54,4032.4,12.138,559838.0,59598681.0,29.0,4.358,12.14,22.95,267.0,266.0,264.0,271.0
2021-09-20 00:00:00+00:00,3515.4,7416.43,2.44,148917.0,30.0,8.88,9.54,,12.138,559838.0,59598681.0,29.0,4.358,12.14,22.95,,,,
2021-09-21 00:00:00+00:00,3515.4,7416.43,2.44,148917.0,30.0,8.88,9.54,,12.138,559838.0,59598681.0,29.0,4.358,12.14,22.95,,,,
2021-09-22 00:00:00+00:00,3561.7,7514.02,2.41,150876.4,30.3,8.88,9.66,2736.8,12.138,559838.0,59598681.0,29.38,4.358,12.14,22.95,269.5,269.0,260.5,271.5
2021-09-23 00:00:00+00:00,3581.5,7555.84,2.4,151716.1,30.5,8.88,9.72,3082.4,12.138,559838.0,59598681.0,29.54,4.358,12.14,22.95,272.0,271.0,267.0,275.0
2021-09-24 00:00:00+00:00,3627.8,7653.42,2.37,153675.6,30.9,8.88,9.84,1299.7,12.138,559838.0,59598681.0,29.92,4.358,12.14,22.95,275.0,274.5,271.0,276.0
2021-09-27 00:00:00+00:00,3588.1,7569.78,2.39,151996.1,30.6,8.88,9.74,1520.7,12.138,559838.0,59598681.0,29.6,4.358,12.14,22.95,272.0,271.5,271.0,277.0
2021-09-28 00:00:00+00:00,3535.3,7458.25,2.43,149756.8,30.1,8.88,9.59,1381.0,12.138,559838.0,59598681.0,29.16,4.358,12.14,22.95,267.5,267.0,263.5,271.5
2021-09-29 00:00:00+00:00,3462.6,7304.91,2.48,146677.6,29.5,8.88,9.4,2441.1,12.138,559838.0,59598681.0,28.56,4.358,12.14,22.95,262.5,262.0,262.0,270.0
2021-09-30 00:00:00+00:00,3475.8,7332.79,2.47,147237.4,29.6,8.88,9.43,1606.7,12.138,559838.0,59598681.0,28.67,4.358,12.14,22.95,263.5,262.5,262.0,269.0
2021-10-01 00:00:00+00:00,3356.8,7081.86,2.56,142198.9,28.6,8.88,9.11,5085.0,12.138,559838.0,59598681.0,27.69,4.358,12.14,22.95,254.0,253.5,251.5,267.0
2021-10-04 00:00:00+00:00,3270.9,6900.63,2.63,138559.9,27.9,8.88,8.88,3194.2,12.138,559838.0,59598681.0,26.98,4.358,12.14,22.95,248.0,247.5,243.0,258.5
2021-10-05 00:00:00+00:00,3257.7,6872.75,2.64,138000.1,27.8,8.88,8.84,1418.1,12.138,559838.0,59598681.0,26.87,4.358,12.14,22.95,246.5,246.0,241.0,248.0
2021-10-06 00:00:00+00:00,3026.4,6384.82,2.84,128202.9,25.8,8.88,8.21,4011.4,12.138,559838.0,59598681.0,24.96,4.358,12.14,22.95,229.0,228.5,226.0,250.0
2021-10-07 00:00:00+00:00,3310.6,6984.27,2.59,140239.5,28.2,8.88,8.98,5052.4,12.138,559838.0,59598681.0,27.31,4.358,12.14,22.95,250.5,250.0,242.5,251.5
2021-10-08 00:00:00+00:00,3403.1,7179.44,2.52,144158.3,29.0,8.88,9.23,2881.7,12.138,559838.0,59598681.0,28.07,4.358,12.14,22.95,258.0,257.5,245.0,260.0
2021-10-11 00:00:00+00:00,3403.1,7179.44,2.52,144158.3,29.0,8.88,9.23,,12.138,559838.0,59598681.0,28.07,4.358,12.14,22.95,,,,
2021-10-12 00:00:00+00:00,3403.1,7179.44,2.52,144158.3,29.0,8.88,9.23,3258.4,12.138,559838.0,59598681.0,28.07,4.358,12.14,22.95,257.5,257.0,249.0,260.0
2021-10-13 00:00:00+00:00,3376.7,7123.68,2.54,143038.7,28.8,8.88,9.16,2028.9,12.138,559838.0,59598681.0,27.85,4.358,12.14,22.95,255.5,255.0,252.5,265.0
2021-10-14 00:00:00+00:00,3323.8,7012.15,2.58,140799.3,28.3,8.88,9.02,1161.1,12.27,559838.0,59598681.0,27.42,4.765,12.27,20.99,252.0,251.5,247.5,259.5
2021-10-15 00:00:00+00:00,3237.9,6830.92,2.65,137160.4,27.6,8.88,8.79,3009.9,12.27,559838.0,59598681.0,26.71,4.765,12.27,20.99,245.0,244.5,242.0,255.0
2021-10-18 00:00:00+00:00,3079.3,6496.35,2.79,130442.3,26.2,8.88,8.36,4113.6,12.27,559838.0,59598681.0,25.4,4.765,12.27,20.99,233.5,233.0,232.0,250.5
2021-10-19 00:00:00+00:00,3185.0,6719.4,2.7,134921.0,27.1,8.88,8.64,2514.7,12.27,559838.0,59598681.0,26.27,4.765,12.27,20.99,241.5,241.0,233.0,243.0
2021-10-20 00:00:00+00:00,3125.6,6593.93,2.75,132401.8,26.6,8.88,8.48,2138.6,12.27,559838.0,59598681.0,25.78,4.765,12.27,20.99,237.0,236.5,234.0,240.5
2021-10-21 00:00:00+00:00,3125.6,6593.93,2.75,132401.8,26.6,8.88,8.48,1486.4,12.27,559838.0,59598681.0,25.78,4.765,12.27,20.99,236.5,236.0,234.5,238.5
2021-10-22 00:00:00+00:00,3178.4,6705.46,2.7,134641.1,27.1,8.88,8.62,2170.5,12.27,559838.0,59598681.0,26.22,4.765,12.27,20.99,241.0,240.5,236.0,242.0
2021-10-25 00:00:00+00:00,3092.5,6524.23,2.78,131002.1,26.4,8.88,8.39,1056.4,12.27,559838.0,59598681.0,25.51,4.765,12.27,20.99,234.5,234.0,234.0,240.0
2021-10-26 00:00:00+00:00,3237.9,6830.92,2.65,137160.4,27.6,8.88,8.79,3014.8,12.27,559838.0,59598681.0,26.71,4.765,12.27,20.99,245.0,244.5,235.5,246.5
2021-10-27 00:00:00+00:00,3304.0,6970.33,2.6,139959.6,28.2,8.88,8.96,4531.5,12.27,559838.0,59598681.0,27.25,4.765,12.27,20.99,250.0,249.5,242.5,254.5
2021-10-28 00:00:00+00:00,3277.5,6914.57,2.62,138839.9,27.9,8.88,8.89,3248.3,12.27,559838.0,59598681.0,27.04,4.765,12.27,20.99,248.5,248.0,244.0,253.0
2021-10-29 00:00:00+00:00,3218.1,6789.1,2.67,136320.6,27.4,8.88,8.73,3747.1,12.27,559838.0,59598681.0,26.55,4.765,12.27,20.99,243.5,243.0,242.0,251.5
2021-11-01 00:00:00+00:00,3330.4,7026.09,2.58,141079.3,28.4,8.88,9.04,2160.6,12.27,559838.0,59598681.0,27.47,4.765,12.27,20.99,252.0,251.5,247.0,254.5
2021-11-02 00:00:00+00:00,3317.2,6998.21,2.59,140519.4,28.3,8.88,9.0,2703.4,12.27,559838.0,59598681.0,27.36,4.765,12.27,20.99,251.0,250.5,249.0,261.0
2021-11-03 00:00:00+00:00,3442.7,7263.08,2.5,145837.9,29.3,8.88,9.34,3796.6,12.27,559838.0,59598681.0,28.4,4.765,12.27,20.99,260.5,260.0,252.0,265.0
2021-11-04 00:00:00+00:00,3588.1,7569.78,2.39,151996.1,30.6,8.88,9.74,5622.9,12.27,559838.0,59598681.0,29.6,4.765,12.27,20.99,271.5,271.0,260.0,274.5
2021-11-05 00:00:00+00:00,3740.1,7890.41,2.3,158434.3,31.9,8.88,10.15,9051.0,12.27,559838.0,59598681.0,30.85,4.765,12.27,20.99,283.5,283.0,274.0,298.0
2021-11-08 00:00:00+00:00,3733.5,7876.47,2.3,158154.3,31.8,8.88,10.13,4949.9,12.27,559838.0,59598681.0,30.8,4.765,12.27,20.99,283.0,282.5,279.0,291.0
2021-11-09 00:00:00+00:00,3832.6,8085.58,2.24,162353.1,32.7,8.88,10.4,3313.3,12.27,559838.0,59598681.0,31.61,4.765,12.27,20.99,290.0,288.5,281.0,290.0
2021-11-10 00:00:00+00:00,3911.9,8252.87,2.2,165712.1,33.3,8.88,10.61,4364.5,12.27,559838.0,59598681.0,32.27,4.765,12.27,20.99,296.0,295.5,280.5,298.0
2021-11-11 00:00:00+00:00,3845.8,8113.46,2.23,162912.9,32.8,8.88,10.43,2125.2,12.27,559838.0,59598681.0,31.72,4.765,12.27,20.99,291.0,290.5,289.5,295.5
2021-11-12 00:00:00+00:00,3806.2,8029.82,2.26,161233.4,32.4,8.88,10.33,4149.0,12.27,559838.0,59598681.0,31.4,4.765,12.27,20.99,288.0,287.0,273.5,289.0
2021-11-15 00:00:00+00:00,3707.1,7820.71,2.32,157034.6,34.4,8.15,10.06,3240.7,12.27,559838.0,59598681.0,30.58,4.765,12.27,20.99,280.5,280.0,279.0,287.0
2021-11-16 00:00:00+00:00,3859.0,8141.34,2.23,163472.8,35.8,8.15,10.47,4428.8,12.27,559838.0,59598681.0,31.83,4.765,12.27,20.99,292.5,292.0,280.0,297.0
2021-11-17 00:00:00+00:00,3852.4,8127.41,2.23,163192.8,35.8,8.15,10.45,1984.6,12.27,559838.0,59598681.0,31.78,4.765,12.27,20.99,292.0,291.5,290.0,300.0
2021-11-18 00:00:00+00:00,3885.5,8197.11,2.21,164592.4,36.1,8.15,10.54,1203.0,11.362,559838.0,59598681.0,32.05,3.891,11.36,25.7,294.0,293.5,289.0,295.5
2021-11-19 00:00:00+00:00,3859.0,8141.34,2.23,163472.8,35.8,8.15,10.47,1393.5,11.362,559838.0,59598681.0,31.83,3.891,11.36,25.7,292.5,292.0,290.0,295.5
2021-11-22 00:00:00+00:00,3859.0,8141.34,2.23,163472.8,35.8,8.15,10.47,931.7,11.362,559838.0,59598681.0,31.83,3.891,11.36,25.7,292.5,292.0,288.5,296.0
2021-11-23 00:00:00+00:00,3898.7,8224.99,2.2,165152.3,36.2,8.15,10.58,1575.2,11.362,559838.0,59598681.0,32.16,3.891,11.36,25.7,295.5,295.0,287.0,297.5
2021-11-24 00:00:00+00:00,3964.8,8364.39,2.17,167951.4,36.8,8.15,10.76,2190.1,11.362,559838.0,59598681.0,32.7,3.891,11.36,25.7,300.5,300.0,295.5,311.0
2021-11-25 00:00:00+00:00,3978.0,8392.28,2.16,168511.3,36.9,8.15,10.79,837.0,11.362,559838.0,59598681.0,32.81,3.891,11.36,25.7,301.5,301.0,299.0,305.0
2021-11-26 00:00:00+00:00,3958.2,8350.46,2.17,167671.5,36.7,8.15,10.74,1093.8,11.362,559838.0,59598681.0,32.65,3.891,11.36,25.7,300.0,299.0,296.0,305.0
2021-11-29 00:00:00+00:00,3839.2,8099.52,2.24,162633.0,35.6,8.15,10.42,1695.0,11.362,559838.0,59598681.0,31.67,3.891,11.36,25.7,291.5,290.5,286.5,295.0
2021-11-30 00:00:00+00:00,3812.8,8043.76,2.25,161513.3,35.4,8.15,10.35,2747.6,11.362,559838.0,59598681.0,31.45,3.891,11.36,25.7,291.5,288.5,288.5,297.5
2021-12-01 00:00:00+00:00,3898.7,8224.99,2.2,165154.9,36.2,8.15,10.58,1309.4,11.362,559847.0,59598681.0,32.16,3.891,11.36,25.7,295.5,295.0,288.0,297.0
2021-12-02 00:00:00+00:00,3753.3,7918.29,2.29,158996.6,34.8,8.15,10.18,2055.0,11.362,559847.0,59598681.0,30.96,3.891,11.36,25.7,285.0,284.0,284.0,294.0
2021-12-03 00:00:00+00:00,3660.8,7723.13,2.35,155077.7,34.0,8.15,9.93,2748.5,11.362,559847.0,59598681.0,30.2,3.891,11.36,25.7,278.0,277.0,276.0,289.0
2021-12-06 00:00:00+00:00,3746.7,7904.36,2.29,158716.7,34.8,8.15,10.17,1629.5,11.362,559847.0,59598681.0,30.91,3.891,11.36,25.7,284.0,283.5,276.0,286.0
2021-12-07 00:00:00+00:00,3872.3,8169.23,2.22,164035.3,35.9,8.15,10.51,3042.5,11.362,559847.0,59598681.0,31.94,3.891,11.36,25.7,293.0,292.5,280.5,294.0
2021-12-08 00:00:00+00:00,3918.5,8266.81,2.19,165994.7,36.4,8.15,10.63,1404.1,11.362,559847.0,59598681.0,32.32,3.891,11.36,25.7,296.5,296.0,290.5,297.5
2021-12-09 00:00:00+00:00,3997.8,8434.1,2.15,169353.8,37.1,8.15,10.85,2007.9,11.362,559847.0,59598681.0,32.98,3.891,11.36,25.7,302.5,302.0,294.0,305.0
2021-12-10 00:00:00+00:00,4017.6,8475.92,2.14,170193.6,37.3,8.15,10.9,1655.6,11.362,559847.0,59598681.0,33.14,3.891,11.36,25.7,304.5,304.0,297.0,307.0
2021-12-13 00:00:00+00:00,3925.1,8280.75,2.19,166274.6,36.4,8.15,10.65,1304.7,11.362,559847.0,59598681.0,32.38,3.891,11.36,25.7,297.5,297.0,295.5,307.0
2021-12-14 00:00:00+00:00,3938.3,8308.63,2.18,166834.5,36.6,8.15,10.69,2200.1,11.362,559847.0,59598681.0,32.49,3.891,11.36,25.7,298.0,297.5,290.0,302.5
2021-12-15 00:00:00+00:00,3865.7,8155.29,2.22,163755.3,35.9,8.15,10.49,1485.7,11.362,559847.0,59598681.0,31.89,3.891,11.36,25.7,293.0,292.5,290.5,301.0
2021-12-16 00:00:00+00:00,3641.0,7681.3,2.36,154237.9,33.8,8.15,9.88,6870.2,11.36,559847.0,59598681.0,30.03,3.812,11.36,26.23,276.0,275.5,275.0,283.0
2021-12-17 00:00:00+00:00,3403.1,7179.44,2.52,144160.6,31.6,8.15,9.23,9317.5,11.36,559847.0,59598681.0,28.07,3.812,11.36,26.23,258.0,257.5,252.5,270.0
2021-12-20 00:00:00+00:00,3442.7,7263.08,2.5,145840.2,32.0,8.15,9.34,4227.4,11.36,559847.0,59598681.0,28.4,3.812,11.36,26.23,260.5,260.0,253.5,263.0
2021-12-21 00:00:00+00:00,3422.9,7221.26,2.51,145000.4,31.8,8.15,9.29,1744.6,11.36,559847.0,59598681.0,28.23,3.812,11.36,26.23,259.0,258.5,258.5,262.5
2021-12-22 00:00:00+00:00,3403.1,7179.44,2.52,144160.6,31.6,8.15,9.23,2051.7,11.36,559847.0,59598681.0,28.07,3.812,11.36,26.23,258.0,257.0,256.0,266.5
2021-12-23 00:00:00+00:00,3436.1,7249.14,2.5,145560.3,31.9,8.15,9.32,2431.2,11.36,559847.0,59598681.0,28.34,3.812,11.36,26.23,261.0,260.0,255.5,265.0
2021-12-24 00:00:00+00:00,3422.9,7221.26,2.51,145000.4,31.8,8.15,9.29,1079.1,11.36,559847.0,59598681.0,28.23,3.812,11.36,26.23,259.5,259.0,258.5,262.5
2021-12-27 00:00:00+00:00,3429.5,7235.2,2.5,145280.3,31.8,8.15,9.31,1042.4,11.36,559847.0,59598681.0,28.29,3.812,11.36,26.23,260.0,259.5,258.5,263.5
2021-12-28 00:00:00+00:00,3462.6,7304.91,2.48,146679.9,32.1,8.15,9.4,1414.9,11.36,559847.0,59598681.0,28.56,3.812,11.36,26.23,262.0,261.5,258.0,264.0
2021-12-29 00:00:00+00:00,3429.5,7235.2,2.5,145280.3,31.8,8.15,9.31,965.1,11.36,559847.0,59598681.0,28.29,3.812,11.36,26.23,260.5,259.5,259.5,264.0
2021-12-30 00:00:00+00:00,3436.1,7249.14,2.5,145560.3,31.9,8.15,9.32,1145.8,11.36,559847.0,59598681.0,28.34,3.812,11.36,26.23,261.0,260.0,259.5,261.5
2021-12-31 00:00:00+00:00,3436.1,7249.14,2.5,145560.3,31.9,8.15,9.32,,11.36,559847.0,59598681.0,28.34,3.812,11.36,26.23,,,,
2022-01-03 00:00:00+00:00,3449.4,7277.02,2.49,146120.1,32.0,8.15,7.13,1025.1,11.36,559847.0,77205223.0,13.93,3.812,11.36,26.23,261.5,260.5,260.0,263.0
2022-01-04 00:00:00+00:00,3522.0,7430.37,2.44,149199.3,32.7,8.15,7.28,1947.7,11.36,559847.0,77205223.0,14.22,3.812,11.36,26.23,266.5,265.5,261.0,268.0
2022-01-05 00:00:00+00:00,3621.2,7639.48,2.37,153398.1,33.6,8.15,7.48,3347.1,11.36,559847.0,77205223.0,14.62,3.812,11.36,26.23,274.0,273.5,262.5,275.0
2022-01-06 00:00:00+00:00,3515.4,7416.43,2.44,148919.4,32.6,8.15,7.26,2144.7,11.36,559847.0,77205223.0,14.19,3.812,11.36,26.23,266.5,266.0,265.0,271.0
2022-01-07 00:00:00+00:00,3422.9,7221.26,2.51,145000.4,31.8,8.15,7.07,1600.3,11.36,559847.0,77205223.0,13.82,3.812,11.36,26.23,259.5,259.0,259.0,268.5
2022-01-10 00:00:00+00:00,3469.2,7318.85,2.48,146959.9,32.2,8.15,7.17,5037.0,11.36,559847.0,77205223.0,14.01,3.812,11.36,26.23,262.5,262.0,256.5,270.0
2022-01-11 00:00:00+00:00,3403.1,7179.44,2.52,144160.6,31.6,8.15,7.03,2021.7,11.36,559847.0,77205223.0,13.74,3.812,11.36,26.23,259.0,257.5,257.5,267.0
2022-01-12 00:00:00+00:00,3376.7,7123.68,2.54,143040.9,31.3,8.15,6.98,2395.9,11.36,559847.0,77205223.0,13.63,3.812,11.36,26.23,256.0,255.5,253.0,260.0
2022-01-13 00:00:00+00:00,3515.4,7416.43,2.44,148919.4,32.6,8.15,7.26,2506.2,11.36,559847.0,77205223.0,14.19,3.812,11.36,26.23,266.5,266.0,256.0,266.0
2022-01-14 00:00:00+00:00,3436.1,7249.14,2.5,145560.3,31.9,8.15,7.1,1055.5,11.36,559847.0,77205223.0,13.87,3.812,11.36,26.23,260.0,259.5,259.5,265.0
2022-01-17 00:00:00+00:00,3574.9,7541.9,2.4,151438.7,33.2,8.15,7.39,1589.4,11.36,559847.0,77205223.0,14.43,3.812,11.36,26.23,270.5,270.0,258.0,270.5
2022-01-18 00:00:00+00:00,3555.1,7500.07,2.42,150598.9,33.0,8.15,7.35,1184.3,11.36,559847.0,77205223.0,14.35,3.812,11.36,26.23,269.5,269.0,267.5,273.5
2022-01-19 00:00:00+00:00,3535.3,7458.25,2.43,149759.1,32.8,8.15,7.31,1049.9,11.36,559847.0,77205223.0,14.27,3.812,11.36,26.23,267.5,267.0,266.0,270.0
2022-01-20 00:00:00+00:00,3482.4,7346.73,2.47,147519.8,32.3,8.15,7.2,1962.8,11.458,559847.0,77205223.0,14.06,4.26,11.46,23.48,264.0,263.5,262.0,269.0
2022-01-21 00:00:00+00:00,3482.4,7346.73,2.47,147519.8,32.3,8.15,7.2,1669.4,11.458,559847.0,77205223.0,14.06,4.26,11.46,23.48,264.0,263.5,257.0,265.0
2022-01-24 00:00:00+00:00,3515.4,7416.43,2.44,148919.4,32.6,8.15,7.26,1526.1,11.458,559847.0,77205223.0,14.19,4.26,11.46,23.48,266.0,265.5,255.0,266.5
2022-01-25 00:00:00+00:00,3627.8,7653.42,2.37,153678.1,33.7,8.15,7.5,4200.4,11.458,559847.0,77205223.0,14.65,4.26,11.46,23.48,274.5,274.0,263.5,279.0
2022-01-26 00:00:00+00:00,3502.2,7388.55,2.45,148359.5,32.5,8.15,7.24,2905.3,11.458,559847.0,77205223.0,14.14,4.26,11.46,23.48,265.5,265.0,265.0,279.0
2022-01-27 00:00:00+00:00,3502.2,7388.55,2.45,148359.5,32.5,8.15,7.24,,11.458,559847.0,77205223.0,14.14,4.26,11.46,23.48,,,,
2022-01-28 00:00:00+00:00,3502.2,7388.55,2.45,148359.5,32.5,8.15,7.24,,11.458,559847.0,77205223.0,14.14,4.26,11.46,23.48,,,,
2022-01-31 00:00:00+00:00,3502.2,7388.55,2.45,148359.5,32.5,8.15,7.24,,11.458,559847.0,77205223.0,14.14,4.26,11.46,23.48,,,,
2022-02-01 00:00:00+00:00,3502.2,7388.55,2.45,148359.5,32.5,8.15,7.24,,11.458,559847.0,77205223.0,14.14,4.26,11.46,23.48,,,,
2022-02-02 00:00:00+00:00,3502.2,7388.55,2.45,148359.5,32.5,8.15,7.24,,11.458,559847.0,77205223.0,14.14,4.26,11.46,23.48,,,,
2022-02-03 00:00:00+00:00,3502.2,7388.55,2.45,148359.5,32.5,8.15,7.24,,11.458,559847.0,77205223.0,14.14,4.26,11.46,23.48,,,,
2022-02-04 00:00:00+00:00,3502.2,7388.55,2.45,148359.5,32.5,8.15,7.24,,11.458,559847.0,77205223.0,14.14,4.26,11.46,23.48,,,,
2022-02-07 00:00:00+00:00,3416.3,7207.32,2.51,144720.5,31.7,8.15,7.06,3802.5,11.458,559847.0,77205223.0,13.79,4.26,11.46,23.48,259.0,258.5,257.0,269.5
2022-02-08 00:00:00+00:00,3442.7,7263.08,2.5,145840.2,32.0,8.15,7.11,2574.0,11.458,559847.0,77205223.0,13.9,4.26,11.46,23.48,261.0,260.5,258.5,263.5
2022-02-09 00:00:00+00:00,3495.6,7374.61,2.46,148079.6,32.4,8.15,7.22,1508.9,11.458,559847.0,77205223.0,14.11,4.26,11.46,23.48,265.5,264.5,260.5,267.0
2022-02-10 00:00:00+00:00,3627.8,7653.42,2.37,153678.1,33.7,8.15,7.5,1778.5,11.458,559847.0,77205223.0,14.65,4.26,11.46,23.48,274.5,274.0,265.0,275.0
2022-02-11 00:00:00+00:00,3588.1,7569.78,2.39,151998.5,33.3,8.15,7.42,1114.0,11.458,559847.0,77205223.0,14.49,4.26,11.46,23.48,271.5,271.0,267.5,273.0
2022-02-14 00:00:00+00:00,3383.3,7137.62,2.54,143320.9,31.4,8.15,6.99,1629.3,11.458,559847.0,77205223.0,13.66,4.26,11.46,23.48,256.5,256.0,256.0,269.0
2022-02-15 00:00:00+00:00,3429.5,7235.2,2.5,145280.3,31.8,8.15,7.09,847.7,11.458,559847.0,77205223.0,13.85,4.26,11.46,23.48,259.5,259.0,258.0,262.0
2022-02-16 00:00:00+00:00,3621.2,7639.48,2.37,153398.1,33.6,8.15,7.48,2241.5,11.458,559847.0,77205223.0,14.62,4.26,11.46,23.48,274.0,273.5,262.5,274.5
2022-02-17 00:00:00+00:00,3601.3,7597.66,2.39,152558.4,33.4,8.15,7.44,1263.5,11.74,559847.0,77205223.0,14.54,4.524,11.74,22.1,273.0,272.5,270.0,277.5
2022-02-18 00:00:00+00:00,3634.4,7667.36,2.36,153957.9,33.7,8.15,7.51,860.0,11.74,559847.0,77205223.0,14.67,4.524,11.74,22.1,275.0,274.5,268.5,275.0
2022-02-21 00:00:00+00:00,3607.9,7611.6,2.38,152838.3,33.5,8.15,7.46,860.9,11.74,559847.0,77205223.0,14.57,4.524,11.74,22.1,273.5,273.0,266.5,274.0
2022-02-22 00:00:00+00:00,3462.6,7304.91,2.48,146679.9,32.1,8.15,7.16,1387.0,11.74,559847.0,77205223.0,13.98,4.524,11.74,22.1,262.5,262.0,260.0,270.5
2022-02-23 00:00:00+00:00,3502.2,7388.55,2.45,148359.5,32.5,8.15,7.24,581.2,11.74,559847.0,77205223.0,14.14,4.524,11.74,22.1,265.5,265.0,264.0,268.5
2022-02-24 00:00:00+00:00,3363.5,7095.8,2.55,142481.1,31.2,8.15,6.95,1959.0,11.74,559847.0,77205223.0,13.58,4.524,11.74,22.1,255.0,254.5,253.0,266.0
2022-02-25 00:00:00+00:00,3330.4,7026.09,2.58,141081.5,30.9,8.15,6.88,1361.7,11.74,559847.0,77205223.0,13.45,4.524,11.74,22.1,252.5,252.0,250.5,258.0
2022-02-28 00:00:00+00:00,3330.4,7026.09,2.58,141081.5,30.9,8.15,6.88,,11.74,559847.0,77205223.0,13.45,4.524,11.74,22.1,,,,
2022-03-01 00:00:00+00:00,3528.6,7444.31,2.43,149479.2,32.8,8.15,7.29,1816.9,11.74,559847.0,77205223.0,14.25,4.524,11.74,22.1,267.0,266.5,255.5,267.0
2022-03-02 00:00:00+00:00,3462.6,7304.91,2.48,146679.9,32.1,8.15,7.16,1073.9,11.74,559847.0,77205223.0,13.98,4.524,11.74,22.1,262.5,261.5,260.0,265.0
2022-03-03 00:00:00+00:00,3528.6,7444.31,2.43,149479.2,32.8,8.15,7.29,1367.0,11.74,559847.0,77205223.0,14.25,4.524,11.74,22.1,267.0,265.5,260.0,267.0
2022-03-04 00:00:00+00:00,3350.2,7067.91,2.56,141921.3,31.1,8.15,6.92,2343.4,11.74,559847.0,77205223.0,13.53,4.524,11.74,22.1,253.5,253.0,253.5,262.0
2022-03-07 00:00:00+00:00,3132.2,6607.87,2.74,132683.8,29.1,8.15,6.47,3560.1,11.74,559847.0,77205223.0,12.65,4.524,11.74,22.1,238.0,237.0,236.0,251.0
2022-03-08 00:00:00+00:00,2993.4,6315.12,2.87,126805.4,27.8,8.15,6.19,4108.1,11.74,559847.0,77205223.0,12.09,4.524,11.74,22.1,227.0,226.5,225.0,239.5
2022-03-09 00:00:00+00:00,3013.2,6356.94,2.85,127645.1,28.0,8.15,6.23,2830.9,11.74,559847.0,77205223.0,12.17,4.524,11.74,22.1,229.0,228.0,225.0,236.0
2022-03-10 00:00:00+00:00,3112.3,6566.05,2.76,131844.0,28.9,8.15,6.43,2145.3,11.74,559847.0,77205223.0,12.57,4.524,11.74,22.1,236.0,235.5,232.0,240.5
2022-03-11 00:00:00+00:00,3099.1,6538.17,2.77,131284.1,28.8,8.15,6.4,2450.7,11.74,559847.0,77205223.0,12.51,4.524,11.74,22.1,234.5,234.0,231.0,238.0
2022-03-14 00:00:00+00:00,3033.1,6398.76,2.83,128484.9,28.2,8.15,6.27,1505.3,11.74,559847.0,77205223.0,12.25,4.524,11.74,22.1,230.0,229.5,227.0,238.0
2022-03-15 00:00:00+00:00,2894.3,6106.01,2.97,122606.5,26.9,8.15,5.98,1648.9,11.74,559847.0,77205223.0,11.69,4.524,11.74,22.1,219.0,218.5,218.0,228.5
2022-03-16 00:00:00+00:00,2900.9,6119.95,2.96,122886.4,26.9,8.15,5.99,1957.3,11.74,559847.0,77205223.0,11.71,4.524,11.74,22.1,220.5,219.5,214.0,226.5
2022-03-17 00:00:00+00:00,3125.6,6593.93,2.54,132403.9,29.0,8.15,6.46,2719.0,11.69,559847.0,77205223.0,12.62,5.338,11.69,18.73,237.0,236.5,230.0,237.0
2022-03-18 00:00:00+00:00,2854.6,6022.36,2.78,120927.0,26.5,8.15,5.9,6251.7,11.69,559847.0,77205223.0,11.53,5.338,11.69,18.73,216.0,215.5,213.5,236.0
2022-03-21 00:00:00+00:00,2894.3,6106.01,2.74,122606.5,26.9,8.15,5.98,3839.5,11.69,559847.0,77205223.0,11.69,5.338,11.69,18.73,219.0,218.5,217.0,222.0
2022-03-22 00:00:00+00:00,2874.5,6064.19,2.76,121766.8,26.7,8.15,5.94,3120.4,11.69,559847.0,77205223.0,11.61,5.338,11.69,18.73,217.5,217.0,213.5,224.0
2022-03-23 00:00:00+00:00,2861.2,6036.3,2.77,121206.9,26.6,8.15,5.91,2479.0,11.69,559847.0,77205223.0,11.55,5.338,11.69,18.73,216.5,216.0,213.5,220.0
2022-03-24 00:00:00+00:00,2848.0,6008.43,2.78,120647.1,26.4,8.15,5.89,2437.0,11.69,559847.0,77205223.0,11.5,5.338,11.69,18.73,216.0,215.5,213.5,217.5
2022-03-25 00:00:00+00:00,2682.8,5659.91,2.96,113649.0,24.1,8.44,5.54,4958.2,11.69,559847.0,77205223.0,10.83,5.338,11.69,18.73,203.5,203.0,203.0,215.0
2022-03-28 00:00:00+00:00,2696.0,5687.79,2.94,114208.8,24.2,8.44,5.57,5314.4,11.69,559847.0,77205223.0,10.89,5.338,11.69,18.73,204.0,203.5,196.0,205.0
2022-03-29 00:00:00+00:00,2735.7,5771.43,2.9,115888.3,24.5,8.44,5.65,2006.5,11.69,559847.0,77205223.0,11.05,5.338,11.69,18.73,207.0,206.5,202.5,207.5
2022-03-30 00:00:00+00:00,2841.4,5994.48,2.79,120367.1,25.5,8.44,5.87,6192.0,11.69,559847.0,77205223.0,11.47,5.338,11.69,18.73,215.5,215.0,208.0,217.0
2022-03-31 00:00:00+00:00,2940.5,6203.59,2.7,124582.3,26.4,8.44,6.08,6920.0,11.69,559920.0,77205223.0,11.87,5.338,11.69,18.73,222.5,222.0,218.5,230.0
2022-04-01 00:00:00+00:00,3039.7,6412.7,2.61,128781.6,27.3,8.44,6.28,5838.9,11.69,559920.0,77205223.0,12.27,5.338,11.69,18.73,230.0,229.5,218.0,231.0
2022-04-04 00:00:00+00:00,3039.7,6412.7,2.61,128781.6,27.3,8.44,6.28,,11.69,559920.0,77205223.0,12.27,5.338,11.69,18.73,,,,
2022-04-05 00:00:00+00:00,3039.7,6412.7,2.61,128781.6,27.3,8.44,6.28,,11.69,559920.0,77205223.0,12.27,5.338,11.69,18.73,,,,
2022-04-06 00:00:00+00:00,3152.0,6649.7,2.52,133540.9,28.3,8.44,6.51,6048.1,11.69,559920.0,77205223.0,12.73,5.338,11.69,18.73,238.5,238.0,229.0,239.0
2022-04-07 00:00:00+00:00,3052.9,6440.59,2.6,129341.6,27.4,8.44,6.31,3800.0,11.69,559920.0,77205223.0,12.33,5.338,11.69,18.73,231.5,231.0,229.5,238.0
2022-04-08 00:00:00+00:00,2986.8,6301.18,2.65,126541.9,26.8,8.44,6.17,3281.8,11.69,559920.0,77205223.0,12.06,5.338,11.69,18.73,227.0,226.0,223.5,233.0
2022-04-11 00:00:00+00:00,2861.2,6036.3,2.77,121222.7,25.7,8.44,5.91,4287.3,11.69,559920.0,77205223.0,11.55,5.338,11.69,18.73,217.0,216.5,216.5,233.0
2022-04-12 00:00:00+00:00,2841.4,5994.48,2.79,120382.8,25.5,8.44,5.87,3575.8,11.69,559920.0,77205223.0,11.47,5.338,11.69,18.73,216.5,215.0,211.5,221.5
2022-04-13 00:00:00+00:00,2933.9,6189.65,2.7,124302.3,26.3,8.44,6.06,1863.3,11.69,559920.0,77205223.0,11.85,5.338,11.69,18.73,222.0,221.5,216.5,224.0
2022-04-14 00:00:00+00:00,2986.8,6301.18,2.65,126541.9,26.8,8.44,6.17,1603.7,11.623,559920.0,77205223.0,12.06,5.406,11.62,18.5,226.5,226.0,219.5,227.5
2022-04-15 00:00:00+00:00,2960.4,6245.41,2.68,125422.1,26.5,8.44,6.12,1478.6,11.623,559920.0,77205223.0,11.95,5.406,11.62,18.5,224.5,224.0,222.5,228.0
2022-04-18 00:00:00+00:00,2894.3,6106.01,2.74,122622.5,25.9,8.44,5.98,901.1,11.623,559920.0,77205223.0,11.69,5.406,11.62,18.5,219.5,219.0,218.0,224.0
2022-04-19 00:00:00+00:00,2927.3,6175.71,2.71,124022.3,26.2,8.44,6.05,1509.9,11.623,559920.0,77205223.0,11.82,5.406,11.62,18.5,222.0,221.5,219.5,227.5
2022-04-20 00:00:00+00:00,2947.1,6217.54,2.69,124862.2,26.4,8.44,6.09,1681.7,11.623,559920.0,77205223.0,11.9,5.406,11.62,18.5,223.5,223.0,221.5,226.0
2022-04-21 00:00:00+00:00,2980.2,6287.24,2.66,126262.0,26.7,8.44,6.16,1077.5,11.623,559920.0,77205223.0,12.03,5.406,11.62,18.5,226.0,225.5,225.0,230.0
2022-04-22 00:00:00+00:00,2927.3,6175.71,2.71,124022.3,26.2,8.44,6.05,1330.0,11.623,559920.0,77205223.0,11.82,5.406,11.62,18.5,222.0,221.5,219.0,225.0
2022-04-25 00:00:00+00:00,2788.6,5882.96,2.84,118143.1,25.0,8.44,5.76,1682.3,11.623,559920.0,77205223.0,11.26,5.406,11.62,18.5,212.0,211.0,209.5,218.5
2022-04-26 00:00:00+00:00,2920.7,6161.77,2.71,123742.3,26.2,8.44,6.04,2268.6,11.623,559920.0,77205223.0,11.79,5.406,11.62,18.5,222.0,221.0,214.0,224.0
2022-04-27 00:00:00+00:00,2848.0,6008.43,2.78,120662.8,25.5,8.44,5.89,2739.8,11.623,559920.0,77205223.0,11.5,5.406,11.62,18.5,216.0,215.5,210.5,218.5
2022-04-28 00:00:00+00:00,2900.9,6119.95,2.73,122902.4,26.0,8.44,5.99,1519.7,11.623,559920.0,77205223.0,11.71,5.406,11.62,18.5,219.5,219.0,217.0,222.5
2022-04-29 00:00:00+00:00,3079.3,6496.35,2.58,130461.4,27.6,8.44,6.36,5541.0,11.623,559920.0,77205223.0,12.43,5.406,11.62,18.5,233.0,232.0,223.0,238.0
2022-05-02 00:00:00+00:00,3079.3,6496.35,2.58,130461.4,27.6,8.44,6.36,,11.623,559920.0,77205223.0,12.43,5.406,11.62,18.5,,,,
2022-05-03 00:00:00+00:00,3072.7,6482.41,2.58,130181.4,27.5,8.44,6.35,2845.5,11.623,559920.0,77205223.0,12.41,5.406,11.62,18.5,233.0,232.5,228.0,234.5
2022-05-04 00:00:00+00:00,3092.5,6524.23,2.56,131021.3,27.7,8.44,6.39,2003.0,11.623,559920.0,77205223.0,12.49,5.406,11.62,18.5,234.0,233.5,230.0,236.0
2022-05-05 00:00:00+00:00,3066.1,6468.46,2.59,129901.4,27.5,8.44,6.34,1676.3,11.623,559920.0,77205223.0,12.38,5.406,11.62,18.5,232.5,232.0,232.0,239.5
2022-05-06 00:00:00+00:00,2986.8,6301.18,2.65,126541.9,26.8,8.44,6.17,2168.5,11.623,559920.0,77205223.0,12.06,5.406,11.62,18.5,226.0,225.5,222.0,227.0
2022-05-09 00:00:00+00:00,2887.7,6092.07,2.75,122342.6,25.9,8.44,5.97,1870.9,11.623,559920.0,77205223.0,11.66,5.406,11.62,18.5,219.0,218.5,218.0,224.0
2022-05-10 00:00:00+00:00,2735.7,5771.43,2.9,115903.4,24.5,8.44,5.65,4185.5,11.623,559920.0,77205223.0,11.05,5.406,11.62,18.5,207.5,207.0,203.5,213.0
2022-05-11 00:00:00+00:00,2894.3,6106.01,2.74,122622.5,25.9,8.44,5.98,5707.5,11.623,559920.0,77205223.0,11.69,5.406,11.62,18.5,219.0,218.5,207.0,222.0
2022-05-12 00:00:00+00:00,2953.8,6231.47,2.68,125142.1,26.5,8.44,6.1,3852.6,11.623,559920.0,77205223.0,11.93,5.406,11.62,18.5,224.0,223.5,215.0,228.0
2022-05-13 00:00:00+00:00,3099.1,6538.17,2.56,131301.3,26.9,8.73,6.4,4915.9,11.623,559920.0,77205223.0,12.51,5.406,11.62,18.5,235.0,234.5,221.0,236.5
2022-05-16 00:00:00+00:00,3112.3,6566.05,2.55,131861.2,27.0,8.73,6.43,2993.6,11.623,559920.0,77205223.0,12.57,5.406,11.62,18.5,236.0,235.5,233.5,239.0
2022-05-17 00:00:00+00:00,2980.2,6287.24,2.66,126262.0,25.8,8.73,6.16,3824.0,11.623,559920.0,77205223.0,12.03,5.406,11.62,18.5,225.5,225.0,225.0,234.0
2022-05-18 00:00:00+00:00,3039.7,6412.7,2.61,128781.6,26.3,8.73,6.28,2181.0,11.623,559920.0,77205223.0,12.27,5.406,11.62,18.5,230.5,230.0,226.5,231.5
2022-05-19 00:00:00+00:00,2973.6,6273.3,2.67,125982.1,25.8,8.73,6.15,2936.4,11.825,559920.0,77205223.0,12.01,5.244,11.82,19.07,225.5,225.0,223.0,234.5
2022-05-20 00:00:00+00:00,2887.7,6092.07,2.75,122342.6,25.0,8.73,5.97,2353.8,11.825,559920.0,77205223.0,11.66,5.244,11.82,19.07,218.5,218.0,218.5,226.5
2022-05-23 00:00:00+00:00,2821.6,5952.66,2.81,119542.9,24.5,8.73,5.83,2351.9,11.825,559920.0,77205223.0,11.39,5.244,11.82,19.07,214.0,213.0,213.0,221.5
2022-05-24 00:00:00+00:00,2788.6,5882.96,2.84,118143.1,24.2,8.73,5.76,2152.6,11.825,559920.0,77205223.0,11.26,5.244,11.82,19.07,212.0,211.0,211.0,217.5
2022-05-25 00:00:00+00:00,2815.0,5938.72,2.82,119263.0,24.4,8.73,5.82,2339.8,11.825,559920.0,77205223.0,11.37,5.244,11.82,19.07,214.0,213.0,208.0,215.0
2022-05-26 00:00:00+00:00,2722.5,5743.55,2.91,115369.9,23.6,8.73,5.63,4059.7,11.825,560048.0,77205223.0,10.99,5.244,11.82,19.07,206.5,206.0,206.0,218.0
2022-05-27 00:00:00+00:00,2748.9,5799.31,2.88,116490.0,23.8,8.73,5.68,2639.3,11.825,560048.0,77205223.0,11.1,5.244,11.82,19.07,208.5,208.0,206.5,212.0
2022-05-30 00:00:00+00:00,2874.5,6064.19,2.76,121810.4,24.9,8.73,5.94,4023.6,11.825,560048.0,77205223.0,11.61,5.244,11.82,19.07,217.5,217.0,210.0,224.0
2022-05-31 00:00:00+00:00,3066.1,6468.46,2.59,129931.1,26.6,8.73,6.34,5975.1,11.825,560048.0,77205223.0,12.38,5.244,11.82,19.07,232.0,231.5,218.0,232.0
2022-06-01 00:00:00+00:00,2980.2,6287.24,2.66,126290.8,25.8,8.73,6.16,2406.4,11.825,560048.0,77205223.0,12.03,5.244,11.82,19.07,226.0,225.5,225.5,233.0
2022-06-02 00:00:00+00:00,2986.8,6301.18,2.65,126570.9,25.9,8.73,6.17,1637.4,11.825,560048.0,77205223.0,12.06,5.244,11.82,19.07,226.5,226.0,222.0,228.5
2022-06-03 00:00:00+00:00,2986.8,6301.18,2.65,126570.9,25.9,8.73,6.17,,11.825,560048.0,77205223.0,12.06,5.244,11.82,19.07,,,,
2022-06-06 00:00:00+00:00,2900.9,6119.95,2.73,122930.6,25.1,8.73,5.99,2228.2,11.825,560048.0,77205223.0,11.71,5.244,11.82,19.07,220.0,219.5,215.0,221.5
2022-06-07 00:00:00+00:00,2953.8,6231.47,2.68,125170.8,25.6,8.73,6.1,2686.1,11.825,560048.0,77205223.0,11.93,5.244,11.82,19.07,223.5,223.0,216.0,225.0
2022-06-08 00:00:00+00:00,3019.8,6370.88,2.63,127971.0,26.2,8.73,6.24,4058.3,11.825,560048.0,77205223.0,12.19,5.244,11.82,19.07,229.0,228.5,226.0,233.0
2022-06-09 00:00:00+00:00,3092.5,6524.23,2.56,131051.3,26.8,8.73,6.39,3989.0,11.825,560048.0,77205223.0,12.49,5.244,11.82,19.07,234.0,233.0,226.5,234.0
2022-06-10 00:00:00+00:00,3198.3,6747.28,2.48,135531.6,27.7,8.73,6.61,5457.0,11.825,560048.0,77205223.0,12.91,5.244,11.82,19.07,242.0,241.5,228.5,245.0
2022-06-13 00:00:00+00:00,3119.0,6579.99,2.54,132171.3,27.0,8.73,6.45,3574.5,11.825,560048.0,77205223.0,12.59,5.244,11.82,19.07,236.5,236.0,235.0,241.5
2022-06-14 00:00:00+00:00,3145.4,6635.75,2.52,133291.4,27.3,8.73,6.5,4152.1,11.825,560048.0,77205223.0,12.7,5.244,11.82,19.07,238.0,237.5,235.0,244.0
2022-06-15 00:00:00+00:00,3171.8,6691.52,2.5,134411.6,27.5,8.73,6.55,4153.1,11.825,560048.0,77205223.0,12.81,5.244,11.82,19.07,240.5,240.0,238.0,244.0
2022-06-16 00:00:00+00:00,3204.9,6761.22,2.47,135811.6,27.8,8.73,6.62,6763.4,12.235,560048.0,77205223.0,12.94,5.141,12.24,19.45,242.5,242.0,242.0,254.0
2022-06-17 00:00:00+00:00,3006.6,6343.0,2.64,127410.9,26.1,8.73,6.21,4536.7,12.235,560048.0,77205223.0,12.14,5.141,12.24,19.45,228.0,227.5,227.0,240.0
2022-06-20 00:00:00+00:00,3085.9,6510.29,2.57,130771.3,26.7,8.73,6.38,4548.4,12.235,560048.0,77205223.0,12.46,5.141,12.24,19.45,234.0,233.5,228.0,238.0
2022-06-21 00:00:00+00:00,3330.4,7026.09,2.38,141132.1,28.9,8.73,6.88,5479.8,12.235,560048.0,77205223.0,13.45,5.141,12.24,19.45,252.5,252.0,235.5,252.0
2022-06-22 00:00:00+00:00,3237.9,6830.92,2.45,137211.8,28.1,8.73,6.69,3593.4,12.235,560048.0,77205223.0,13.07,5.141,12.24,19.45,245.0,244.0,240.0,253.0
2022-06-23 00:00:00+00:00,3171.8,6691.52,2.5,134411.6,27.5,8.73,6.55,3699.0,12.235,560048.0,77205223.0,12.81,5.141,12.24,19.45,241.0,240.0,238.0,249.0
2022-06-24 00:00:00+00:00,3204.9,6761.22,2.47,135811.6,27.8,8.73,6.62,2545.1,12.235,560048.0,77205223.0,12.94,5.141,12.24,19.45,243.0,242.5,239.0,247.5
2022-06-27 00:00:00+00:00,3244.5,6844.86,2.44,137491.8,28.1,8.73,6.71,3101.0,12.235,560048.0,77205223.0,13.1,5.141,12.24,19.45,246.0,245.5,243.0,251.0
2022-06-28 00:00:00+00:00,3178.4,6705.46,2.49,134691.6,27.5,8.73,6.57,1776.6,12.235,560048.0,77205223.0,12.83,5.141,12.24,19.45,241.0,240.5,239.5,248.5
2022-06-29 00:00:00+00:00,3218.1,6789.1,2.46,136371.7,27.9,8.73,6.65,2122.8,12.235,560048.0,77205223.0,12.99,5.141,12.24,19.45,243.5,243.0,237.0,244.5
2022-06-30 00:00:00+00:00,3152.0,6649.7,2.52,133571.5,27.3,8.73,6.51,2885.5,12.235,560048.0,77205223.0,12.73,5.141,12.24,19.45,238.5,238.0,235.5,243.0
2022-07-01 00:00:00+00:00,2841.4,5994.48,2.79,120410.3,24.6,8.73,5.87,4423.1,12.235,560048.0,77205223.0,11.47,5.141,12.24,19.45,215.0,,215.0,235.5
2022-07-04 00:00:00+00:00,2696.0,5687.79,2.94,114249.8,23.4,8.73,5.57,5394.5,12.235,560048.0,77205223.0,10.89,5.141,12.24,19.45,204.0,203.5,199.5,214.5
2022-07-05 00:00:00+00:00,2815.0,5938.72,2.82,119290.3,24.4,8.73,5.82,6295.6,12.235,560048.0,77205223.0,11.37,5.141,12.24,19.45,213.0,212.5,205.5,214.0
2022-07-06 00:00:00+00:00,2748.9,5799.31,2.88,116490.0,23.8,8.73,5.68,3847.6,12.235,560048.0,77205223.0,11.1,5.141,12.24,19.45,208.5,208.0,207.5,217.5
2022-07-07 00:00:00+00:00,2933.9,6189.65,2.7,124330.7,25.4,8.73,6.06,6212.9,12.235,560048.0,77205223.0,11.85,5.141,12.24,19.45,222.0,221.5,213.0,225.0
2022-07-08 00:00:00+00:00,3039.7,6412.7,2.61,128811.1,26.3,8.73,6.28,3807.6,12.235,560048.0,77205223.0,12.27,5.141,12.24,19.45,230.0,229.5,227.0,235.0
2022-07-11 00:00:00+00:00,2933.9,6189.65,2.7,124330.7,25.4,8.73,6.06,2937.7,12.235,560048.0,77205223.0,11.85,5.141,12.24,19.45,222.5,222.0,220.5,234.0
2022-07-12 00:00:00+00:00,2795.2,5896.9,2.84,118450.2,24.2,8.73,5.78,2898.7,12.235,560048.0,77205223.0,11.29,5.141,12.24,19.45,211.5,211.0,208.0,219.0
2022-07-13 00:00:00+00:00,3072.7,6482.41,2.58,130211.2,26.6,8.73,6.35,3954.7,12.235,560048.0,77205223.0,12.41,5.141,12.24,19.45,,232.5,219.0,232.5
2022-07-14 00:00:00+00:00,3290.8,6942.45,2.41,139452.0,28.5,8.73,6.8,8276.2,12.505,560048.0,77205223.0,13.29,5.913,12.51,16.91,249.0,248.0,223.5,252.5
2022-07-15 00:00:00+00:00,3264.3,6886.69,2.43,138331.9,28.3,8.73,6.75,10260.0,12.505,560048.0,77205223.0,13.18,5.913,12.51,16.91,247.0,246.5,243.0,253.0
2022-07-18 00:00:00+00:00,3502.2,7388.55,2.26,148412.8,30.3,8.73,7.24,8049.9,12.505,560048.0,77205223.0,14.14,5.913,12.51,16.91,265.0,264.5,249.5,265.0
2022-07-19 00:00:00+00:00,3436.1,7249.14,2.31,145612.5,29.8,8.73,7.1,3532.9,12.505,560048.0,77205223.0,13.87,5.913,12.51,16.91,260.0,258.0,256.0,262.0
2022-07-20 00:00:00+00:00,3350.2,7067.91,2.37,141972.2,29.0,8.73,6.92,7090.3,12.505,560048.0,77205223.0,13.53,5.913,12.51,16.91,253.5,252.0,251.0,265.0
2022-07-21 00:00:00+00:00,3310.6,6984.27,2.4,140292.1,28.7,8.73,6.84,4057.7,12.505,560048.0,77205223.0,13.37,5.913,12.51,16.91,250.5,250.0,249.0,259.0
2022-07-22 00:00:00+00:00,3277.5,6914.57,2.42,138891.9,28.4,8.73,6.77,3198.4,12.505,560048.0,77205223.0,13.23,5.913,12.51,16.91,248.5,248.0,245.5,253.0
2022-07-25 00:00:00+00:00,3297.4,6956.39,2.4,139732.0,28.6,8.73,6.81,2696.9,12.505,560048.0,77205223.0,13.31,5.913,12.51,16.91,249.5,249.0,244.0,252.5
2022-07-26 00:00:00+00:00,3237.9,6830.92,2.45,137211.8,28.1,8.73,6.69,1537.1,12.505,560048.0,77205223.0,13.07,5.913,12.51,16.91,245.5,245.0,243.0,248.5
2022-07-27 00:00:00+00:00,3264.3,6886.69,2.43,138331.9,28.3,8.73,6.75,1885.6,12.505,560048.0,77205223.0,13.18,5.913,12.51,16.91,247.0,246.0,242.5,247.5
2022-07-28 00:00:00+00:00,3277.5,6914.57,2.42,138891.9,28.4,8.73,6.77,3403.2,12.505,560048.0,77205223.0,13.23,5.913,12.51,16.91,248.5,248.0,244.0,254.5
2022-07-29 00:00:00+00:00,3277.5,6914.57,2.42,138891.9,28.4,8.73,6.77,3459.8,12.505,560048.0,77205223.0,13.23,5.913,12.51,16.91,248.0,247.5,246.0,257.0
2022-08-01 00:00:00+00:00,3343.6,7053.97,2.37,141692.2,29.0,8.73,6.91,4546.3,12.505,560048.0,77205223.0,13.5,5.913,12.51,16.91,253.5,253.0,243.5,257.5
2022-08-02 00:00:00+00:00,3370.1,7109.73,2.35,142812.3,29.2,8.73,6.96,5610.7,12.505,560048.0,77205223.0,13.61,5.913,12.51,16.91,256.0,255.0,248.5,258.5
2022-08-03 00:00:00+00:00,3343.6,7053.97,2.37,141692.2,29.0,8.73,6.91,3085.8,12.505,560048.0,77205223.0,13.5,5.913,12.51,16.91,253.0,252.5,252.0,261.5
2022-08-04 00:00:00+00:00,3350.2,7235.16,2.37,141972.2,29.0,8.73,6.92,4746.1,12.505,560048.0,77205223.0,13.53,5.913,12.51,16.91,254.5,253.5,250.0,260.5
2022-08-05 00:00:00+00:00,3403.1,7349.33,2.33,144212.4,29.5,8.73,7.03,4175.2,12.505,560048.0,77205223.0,13.74,5.913,12.51,16.91,258.0,257.5,255.0,262.0
2022-08-08 00:00:00+00:00,3456.0,7463.5,2.29,146452.6,29.9,8.73,7.14,3863.9,12.505,560048.0,77205223.0,13.95,5.913,12.51,16.91,262.0,261.5,256.0,267.5
2022-08-09 00:00:00+00:00,3700.5,7991.5,2.14,156813.5,32.1,8.73,7.65,11195.1,12.505,560048.0,77205223.0,14.94,5.913,12.51,16.91,280.0,279.5,259.5,286.5
2022-08-10 00:00:00+00:00,3700.5,7991.5,2.14,156813.5,32.1,8.73,7.65,7450.3,12.505,560048.0,77205223.0,14.94,5.913,12.51,16.91,280.0,278.5,273.5,283.0
2022-08-11 00:00:00+00:00,3680.6,7948.7,2.15,155973.4,26.0,10.73,7.61,9148.1,12.505,560048.0,77205223.0,14.86,5.913,12.51,16.91,278.5,278.0,268.0,287.0
2022-08-12 00:00:00+00:00,3654.2,7891.61,2.17,154853.3,25.8,10.73,7.55,5690.2,12.505,560048.0,77205223.0,14.75,5.913,12.51,16.91,277.0,276.5,271.5,278.5
2022-08-15 00:00:00+00:00,3687.2,7962.96,2.15,156253.4,26.0,10.73,7.62,3307.0,12.505,560048.0,77205223.0,14.89,5.913,12.51,16.91,279.5,279.0,272.5,283.0
2022-08-16 00:00:00+00:00,3693.8,7977.23,2.15,156533.4,26.1,10.73,7.63,3576.9,12.505,560048.0,77205223.0,14.91,5.913,12.51,16.91,280.0,279.5,275.0,283.0
2022-08-17 00:00:00+00:00,3759.9,8119.94,2.11,159333.7,26.5,10.73,7.77,3922.5,12.505,560048.0,77205223.0,15.18,5.913,12.51,16.91,285.0,284.5,277.0,285.0
2022-08-18 00:00:00+00:00,3773.1,8148.48,2.1,159893.8,26.6,10.73,7.8,3809.2,13.987,560048.0,77205223.0,15.23,5.004,13.99,19.98,286.0,285.5,280.5,286.5
2022-08-19 00:00:00+00:00,3740.1,8077.13,2.12,158493.6,26.4,10.73,7.73,5618.4,13.987,560048.0,77205223.0,15.1,5.004,13.99,19.98,283.5,283.0,281.5,295.0
2022-08-22 00:00:00+00:00,3654.2,7891.61,2.17,154853.3,25.8,10.73,7.55,3675.1,13.987,560048.0,77205223.0,14.75,5.004,13.99,19.98,276.5,276.0,273.0,281.0
2022-08-23 00:00:00+00:00,3641.0,7863.07,2.18,154293.3,25.7,10.73,7.52,3065.2,13.987,560048.0,77205223.0,14.7,5.004,13.99,19.98,276.0,275.5,270.5,279.0
2022-08-24 00:00:00+00:00,3614.6,7805.99,2.19,153173.2,25.5,10.73,7.47,1937.9,13.987,560048.0,77205223.0,14.59,5.004,13.99,19.98,274.0,273.5,272.0,278.5
2022-08-25 00:00:00+00:00,3799.6,8205.56,2.09,161013.9,26.8,10.73,7.85,3591.8,13.987,560048.0,77205223.0,15.34,5.004,13.99,19.98,287.5,286.5,276.0,289.0
2022-08-26 00:00:00+00:00,3773.1,8148.48,2.1,159893.8,26.6,10.73,7.8,3319.1,13.987,560048.0,77205223.0,15.23,5.004,13.99,19.98,285.5,284.5,283.0,291.0
2022-08-29 00:00:00+00:00,3647.6,7877.34,2.17,154573.3,25.7,10.73,7.54,1681.2,13.987,560048.0,77205223.0,14.73,5.004,13.99,19.98,276.5,276.0,272.0,280.0
2022-08-30 00:00:00+00:00,3786.4,8177.02,2.09,160453.8,26.7,10.73,7.82,3082.3,13.987,560048.0,77205223.0,15.29,5.004,13.99,19.98,287.0,286.5,276.5,290.0
2022-08-31 00:00:00+00:00,3746.7,8091.4,2.12,158773.7,26.4,10.73,7.74,3575.8,13.987,560048.0,77205223.0,15.13,5.004,13.99,19.98,283.5,283.0,278.0,287.0
2022-09-01 00:00:00+00:00,3515.4,7591.93,2.26,148972.8,24.8,10.73,7.26,8739.9,13.987,560048.0,77205223.0,14.19,5.004,13.99,19.98,266.5,266.0,256.0,274.5
2022-09-02 00:00:00+00:00,3462.6,7477.77,2.29,146732.6,24.4,10.73,7.16,6560.7,13.987,560048.0,77205223.0,13.98,5.004,13.99,19.98,262.5,262.0,257.0,264.5
2022-09-05 00:00:00+00:00,3482.4,7520.58,2.28,147572.7,24.6,10.73,7.2,3528.2,13.987,560048.0,77205223.0,14.06,5.004,13.99,19.98,263.5,263.0,261.0,269.5
2022-09-06 00:00:00+00:00,3462.6,7477.77,2.29,146732.6,24.4,10.73,7.16,2684.5,13.987,560048.0,77205223.0,13.98,5.004,13.99,19.98,262.5,262.0,258.5,271.0
2022-09-07 00:00:00+00:00,3489.0,7534.85,2.27,147852.7,24.6,10.73,7.21,3812.3,13.987,560048.0,77205223.0,14.09,5.004,13.99,19.98,264.0,263.5,258.0,268.0
2022-09-08 00:00:00+00:00,3574.9,7720.36,2.22,151493.0,25.2,10.73,7.39,4032.5,13.987,560048.0,77205223.0,14.43,5.004,13.99,19.98,271.0,270.5,265.0,273.0
2022-09-09 00:00:00+00:00,3574.9,7720.36,2.22,151493.0,25.2,10.73,7.39,,13.987,560048.0,77205223.0,14.43,5.004,13.99,19.98,,,,
2022-09-12 00:00:00+00:00,3759.9,8119.94,2.11,159333.7,26.5,10.73,7.77,5614.2,13.987,560048.0,77205223.0,15.18,5.004,13.99,19.98,285.0,284.5,278.0,288.5
2022-09-13 00:00:00+00:00,3700.5,7991.5,2.14,156813.5,26.1,10.73,7.65,3019.7,13.987,560048.0,77205223.0,14.94,5.004,13.99,19.98,280.0,279.5,278.5,289.0
2022-09-14 00:00:00+00:00,3786.4,8177.02,2.09,160453.8,26.7,10.73,7.82,3744.1,13.987,560048.0,77205223.0,15.29,5.004,13.99,19.98,286.5,286.0,272.5,288.0
2022-09-15 00:00:00+00:00,3759.9,8119.94,2.11,159333.7,26.5,10.73,7.77,3388.7,14.158,560048.0,77205223.0,15.18,5.056,14.16,19.78,285.0,284.0,281.5,289.5
2022-09-16 00:00:00+00:00,3753.3,8105.67,2.11,159053.7,26.5,10.73,7.76,3043.8,14.158,560048.0,77205223.0,15.15,5.056,14.16,19.78,284.0,283.5,280.5,286.5
2022-09-19 00:00:00+00:00,3713.7,8020.05,2.14,157373.6,26.2,10.73,7.67,2217.1,14.158,560048.0,77205223.0,14.99,5.056,14.16,19.78,281.5,281.0,276.5,284.5
2022-09-20 00:00:00+00:00,3839.2,8291.19,2.07,162694.0,27.1,10.73,7.93,4021.9,14.158,560048.0,77205223.0,15.5,5.056,14.16,19.78,290.5,290.0,282.0,291.5
2022-09-21 00:00:00+00:00,3733.5,8062.86,2.12,158213.6,26.3,10.73,7.72,2133.6,14.158,560048.0,77205223.0,15.07,5.056,14.16,19.78,283.0,282.5,281.5,288.5
2022-09-22 00:00:00+00:00,3793.0,8191.29,2.09,160733.8,26.8,10.73,7.84,3856.8,14.158,560048.0,77205223.0,15.31,5.056,14.16,19.78,287.0,286.5,278.0,290.0
2022-09-23 00:00:00+00:00,3733.5,8062.86,2.12,158213.6,26.3,10.73,7.72,2883.3,14.158,560048.0,77205223.0,15.07,5.056,14.16,19.78,283.0,282.5,278.5,289.5
2022-09-26 00:00:00+00:00,3621.2,7820.26,2.19,153453.2,25.5,10.73,7.48,3196.0,14.158,560048.0,77205223.0,14.62,5.056,14.16,19.78,274.0,273.5,269.0,279.0
2022-09-27 00:00:00+00:00,3693.8,7977.23,2.15,156533.4,26.1,10.73,7.63,2928.5,14.158,560048.0,77205223.0,14.91,5.056,14.16,19.78,280.0,279.5,273.5,283.0
2022-09-28 00:00:00+00:00,3462.6,7477.77,2.29,146732.6,24.4,10.73,7.16,4047.0,14.158,560048.0,77205223.0,13.98,5.056,14.16,19.78,262.5,262.0,262.0,284.0
2022-09-29 00:00:00+00:00,3594.7,7763.18,2.21,152333.1,25.4,10.73,7.43,4341.8,14.158,560048.0,77205223.0,14.51,5.056,14.16,19.78,272.5,271.5,269.5,275.0
2022-09-30 00:00:00+00:00,3601.3,7777.45,2.2,152613.1,25.4,10.73,7.44,2759.9,14.158,560048.0,77205223.0,14.54,5.056,14.16,19.78,273.0,272.5,262.5,274.5
2022-10-03 00:00:00+00:00,3522.0,7606.2,2.25,149252.8,24.8,10.73,7.28,2437.5,14.158,560048.0,77205223.0,14.22,5.056,14.16,19.78,267.0,266.5,263.0,271.5
2022-10-04 00:00:00+00:00,3740.1,8077.13,2.12,158493.6,26.4,10.73,7.73,4258.8,14.158,560048.0,77205223.0,15.1,5.056,14.16,19.78,283.0,282.5,276.0,284.0
2022-10-05 00:00:00+00:00,3766.5,8134.21,2.11,159613.7,26.6,10.73,7.78,4901.3,14.158,560048.0,77205223.0,15.21,5.056,14.16,19.78,285.5,285.0,284.0,291.0
2022-10-06 00:00:00+00:00,3819.4,8248.38,2.08,161853.9,26.9,10.73,7.89,2545.4,14.158,560048.0,77205223.0,15.42,5.056,14.16,19.78,289.0,288.5,283.5,290.0
2022-10-07 00:00:00+00:00,3779.8,8162.75,2.1,160173.8,26.7,10.73,7.81,4397.3,14.158,560048.0,77205223.0,15.26,5.056,14.16,19.78,286.5,286.0,283.0,292.0
2022-10-10 00:00:00+00:00,3779.8,8162.75,2.1,160173.8,26.7,10.73,7.81,,14.158,560048.0,77205223.0,15.26,5.056,14.16,19.78,,,,
2022-10-11 00:00:00+00:00,3574.9,7720.36,2.22,151493.0,25.2,10.73,7.39,4186.8,14.158,560048.0,77205223.0,14.43,5.056,14.16,19.78,271.0,270.5,268.0,283.0
2022-10-12 00:00:00+00:00,3522.0,7606.2,2.25,149252.8,24.8,10.73,7.28,4078.8,14.158,560048.0,77205223.0,14.22,5.056,14.16,19.78,266.5,266.0,259.0,271.5
2022-10-13 00:00:00+00:00,3363.5,7263.71,2.36,142532.3,23.7,10.73,6.95,3002.0,14.158,560048.0,77205223.0,13.58,5.056,14.16,19.78,255.0,254.5,252.0,268.5
2022-10-14 00:00:00+00:00,3270.9,7063.92,2.42,138611.9,23.1,10.73,6.76,4385.7,14.158,560048.0,77205223.0,13.21,5.056,14.16,19.78,248.0,247.5,247.0,262.5
2022-10-17 00:00:00+00:00,3218.1,6949.75,2.46,136371.7,22.7,10.73,6.65,5540.1,14.158,560048.0,77205223.0,12.99,5.056,14.16,19.78,244.0,243.5,237.5,250.0
2022-10-18 00:00:00+00:00,3290.8,7106.73,2.41,139452.0,23.2,10.73,6.8,3034.3,14.158,560048.0,77205223.0,13.29,5.056,14.16,19.78,249.0,248.5,245.0,252.0
2022-10-19 00:00:00+00:00,3191.6,6892.67,2.48,135251.6,22.5,10.73,6.6,2658.2,14.158,560048.0,77205223.0,12.89,5.056,14.16,19.78,242.0,241.5,241.5,248.5
2022-10-20 00:00:00+00:00,3079.3,6650.07,2.58,130491.2,21.7,10.73,6.36,5232.3,14.393,560048.0,77205223.0,12.43,5.78,14.39,17.3,233.5,233.0,229.0,235.5
2022-10-21 00:00:00+00:00,2973.6,6421.75,2.67,126010.8,21.0,10.73,6.15,5845.6,14.393,560048.0,77205223.0,12.01,5.78,14.39,17.3,226.0,225.0,225.0,232.5
2022-10-24 00:00:00+00:00,2980.2,6436.02,2.66,126290.8,21.0,10.73,6.16,3313.3,14.393,560048.0,77205223.0,12.03,5.78,14.39,17.3,225.5,225.0,224.0,231.5
2022-10-25 00:00:00+00:00,2920.7,6307.58,2.71,123770.6,20.6,10.73,6.04,3528.3,14.393,560048.0,77205223.0,11.79,5.78,14.39,17.3,222.0,221.0,218.0,225.0
2022-10-26 00:00:00+00:00,2848.0,6150.61,2.78,120690.4,20.1,10.73,5.89,8487.1,14.393,560048.0,77205223.0,11.5,5.78,14.39,17.3,215.5,215.0,207.0,220.0
2022-10-27 00:00:00+00:00,3079.3,6650.07,2.58,130491.2,21.7,10.73,6.36,10857.1,14.393,560048.0,77205223.0,12.43,5.78,14.39,17.3,233.5,233.0,223.0,236.5
2022-10-28 00:00:00+00:00,3132.2,6764.24,2.53,132731.4,22.1,10.73,6.47,3929.4,14.393,560048.0,77205223.0,12.65,5.78,14.39,17.3,237.0,236.5,231.0,239.5
2022-10-31 00:00:00+00:00,3211.5,6935.48,2.47,136091.7,22.7,10.73,6.64,3871.5,14.393,560048.0,77205223.0,12.97,5.78,14.39,17.3,243.0,242.5,239.5,245.5
2022-11-01 00:00:00+00:00,3224.7,6964.03,2.46,136651.8,22.7,10.73,6.66,1994.6,14.393,560048.0,77205223.0,13.02,5.78,14.39,17.3,244.0,243.5,240.0,248.0
2022-11-02 00:00:00+00:00,3204.9,6921.21,2.47,135811.6,22.6,10.73,6.62,1650.2,14.393,560048.0,77205223.0,12.94,5.78,14.39,17.3,242.5,242.0,239.0,245.5
2022-11-03 00:00:00+00:00,3270.9,7063.92,2.42,138611.9,23.1,10.73,6.76,2184.5,14.393,560048.0,77205223.0,13.21,5.78,14.39,17.3,247.5,247.0,237.0,249.0
2022-11-04 00:00:00+00:00,3304.0,7135.27,2.4,140012.0,23.3,10.73,6.83,1831.8,14.393,560048.0,77205223.0,13.34,5.78,14.39,17.3,250.0,249.5,243.5,252.0
2022-11-07 00:00:00+00:00,3297.4,7121.0,2.4,139732.0,23.3,10.73,6.81,2954.1,14.393,560048.0,77205223.0,13.31,5.78,14.39,17.3,250.0,249.5,245.0,251.5
2022-11-08 00:00:00+00:00,3290.8,7106.73,2.41,139452.0,23.2,10.73,6.8,1937.1,14.393,560048.0,77205223.0,13.29,5.78,14.39,17.3,249.5,248.5,248.0,255.0
2022-11-09 00:00:00+00:00,3356.8,7249.44,2.36,142252.2,23.7,10.73,6.94,2091.5,14.393,560048.0,77205223.0,13.55,5.78,14.39,17.3,254.0,253.5,251.5,256.0
2022-11-10 00:00:00+00:00,3237.9,6992.57,2.45,137211.8,22.8,10.73,6.69,4180.1,14.393,560048.0,77205223.0,13.07,5.78,14.39,17.3,245.5,245.0,239.5,251.0
2022-11-11 00:00:00+00:00,3456.0,7463.5,2.29,146452.6,24.4,10.73,7.14,4114.6,14.393,560048.0,77205223.0,13.95,5.78,14.39,17.3,261.5,261.0,255.0,263.0
2022-11-14 00:00:00+00:00,3356.8,7249.44,2.36,142252.2,19.3,13.17,6.94,3280.7,14.393,560048.0,77205223.0,13.55,5.78,14.39,17.3,254.5,254.0,253.0,262.5
2022-11-15 00:00:00+00:00,3389.9,7320.79,2.34,143652.3,19.5,13.17,7.01,2154.0,14.393,560048.0,77205223.0,13.69,5.78,14.39,17.3,257.0,256.5,252.0,258.0
2022-11-16 00:00:00+00:00,3449.4,7449.22,2.3,146172.6,19.8,13.17,7.13,2698.8,14.393,560048.0,77205223.0,13.93,5.78,14.39,17.3,261.5,261.0,255.5,262.5
2022-11-17 00:00:00+00:00,3422.9,7392.14,2.32,145052.5,19.7,13.17,7.07,1975.0,14.676,560048.0,77205223.0,13.82,5.722,14.68,17.48,259.0,258.5,258.5,266.0
2022-11-18 00:00:00+00:00,3429.5,7406.41,2.31,145332.5,19.7,13.17,7.09,2134.3,14.676,560048.0,77205223.0,13.85,5.722,14.68,17.48,259.5,259.0,257.0,263.5
2022-11-21 00:00:00+00:00,3389.9,7320.79,2.34,143652.3,19.5,13.17,7.01,2278.2,14.676,560048.0,77205223.0,13.69,5.722,14.68,17.48,256.5,256.0,252.5,260.5
2022-11-22 00:00:00+00:00,3442.7,7434.95,2.3,145892.5,19.8,13.17,7.11,2026.4,14.676,560048.0,77205223.0,13.9,5.722,14.68,17.48,260.5,260.0,254.0,263.0
2022-11-23 00:00:00+00:00,3469.2,7492.04,2.29,147012.6,19.9,13.17,7.17,1062.9,14.676,560048.0,77205223.0,14.01,5.722,14.68,17.48,262.5,262.0,261.0,264.5
2022-11-24 00:00:00+00:00,3555.1,7677.55,2.23,150652.9,20.4,13.17,7.35,2405.4,14.676,560048.0,77205223.0,14.35,5.722,14.68,17.48,269.0,268.0,263.5,271.0
2022-11-25 00:00:00+00:00,3508.8,7577.66,2.26,148695.4,20.2,13.17,7.25,1354.9,14.676,560058.0,77205223.0,14.17,5.722,14.68,17.48,266.0,265.5,264.5,272.0
2022-11-28 00:00:00+00:00,3522.0,7606.2,2.25,149255.5,20.2,13.17,7.28,1013.9,14.676,560058.0,77205223.0,14.22,5.722,14.68,17.48,266.5,266.0,260.5,269.0
2022-11-29 00:00:00+00:00,3541.9,7649.01,2.24,150095.6,20.3,13.17,7.32,974.1,14.676,560058.0,77205223.0,14.3,5.722,14.68,17.48,268.0,267.5,266.0,270.0
2022-11-30 00:00:00+00:00,3588.1,7748.91,2.21,152055.8,20.6,13.17,7.42,2871.1,14.676,560058.0,77205223.0,14.49,5.722,14.68,17.48,271.5,271.0,269.0,274.5
2022-12-01 00:00:00+00:00,3594.7,7763.18,2.21,152335.8,20.6,13.17,7.43,2503.0,14.676,560058.0,77205223.0,14.51,5.722,14.68,17.48,273.0,272.0,271.5,279.5
2022-12-02 00:00:00+00:00,3422.9,7392.14,2.32,145055.1,19.7,13.17,7.07,6467.5,14.676,560058.0,77205223.0,13.82,5.722,14.68,17.48,259.5,259.0,255.5,270.5
2022-12-05 00:00:00+00:00,3409.7,7363.6,2.33,144495.0,19.6,13.17,7.05,4860.7,14.676,560058.0,77205223.0,13.77,5.722,14.68,17.48,258.0,257.5,254.5,261.0
2022-12-06 00:00:00+00:00,3436.1,7420.68,2.31,145615.1,19.7,13.17,7.1,3395.1,14.676,560058.0,77205223.0,13.87,5.722,14.68,17.48,260.5,260.0,255.5,262.5
2022-12-07 00:00:00+00:00,3284.2,7092.46,2.41,139174.5,18.9,13.17,6.79,3796.8,14.676,560058.0,77205223.0,13.26,5.722,14.68,17.48,248.5,248.0,248.0,259.0
2022-12-08 00:00:00+00:00,3284.2,7092.46,2.41,139174.5,18.9,13.17,6.79,2286.3,14.676,560058.0,77205223.0,13.26,5.722,14.68,17.48,248.5,248.0,245.0,252.0
2022-12-09 00:00:00+00:00,3310.6,7149.54,2.4,140294.6,19.0,13.17,6.84,3077.5,14.676,560058.0,77205223.0,13.37,5.722,14.68,17.48,250.5,250.0,244.0,253.5
2022-12-12 00:00:00+00:00,3290.8,7106.73,2.41,139454.5,18.9,13.17,6.8,1830.0,14.676,560058.0,77205223.0,13.29,5.722,14.68,17.48,249.5,249.0,246.0,251.0
2022-12-13 00:00:00+00:00,3277.5,7078.19,2.42,138894.4,18.8,13.17,6.77,2110.7,14.676,560058.0,77205223.0,13.23,5.722,14.68,17.48,248.0,247.5,247.0,254.5
2022-12-14 00:00:00+00:00,3409.7,7363.6,2.33,144495.0,19.6,13.17,7.05,2428.0,14.676,560058.0,77205223.0,13.77,5.722,14.68,17.48,258.0,257.5,249.5,258.0
2022-12-15 00:00:00+00:00,3469.2,7492.04,2.29,147015.3,19.9,13.17,7.17,2074.5,14.94,560058.0,77205223.0,14.01,6.024,14.94,16.6,262.5,262.0,256.5,263.0
2022-12-16 00:00:00+00:00,3370.1,7277.98,2.35,142814.8,19.4,13.17,6.96,2190.5,14.94,560058.0,77205223.0,13.61,6.024,14.94,16.6,255.0,254.5,254.0,260.0
2022-12-19 00:00:00+00:00,3383.3,7306.52,2.34,143374.9,19.4,13.17,6.99,790.4,14.94,560058.0,77205223.0,13.66,6.024,14.94,16.6,256.0,255.5,251.0,257.0
2022-12-20 00:00:00+00:00,3244.5,7006.84,2.44,137494.3,18.6,13.17,6.71,1745.2,14.94,560058.0,77205223.0,13.1,6.024,14.94,16.6,246.0,245.5,245.5,257.5
2022-12-21 00:00:00+00:00,3343.6,7220.89,2.37,141694.8,19.2,13.17,6.91,1873.3,14.94,560058.0,77205223.0,13.5,6.024,14.94,16.6,253.0,252.5,249.0,255.0
2022-12-22 00:00:00+00:00,3356.8,7249.44,2.36,142254.8,19.3,13.17,6.94,1166.0,14.94,560058.0,77205223.0,13.55,6.024,14.94,16.6,254.5,254.0,253.0,257.5
2022-12-23 00:00:00+00:00,3138.8,6778.51,2.53,133013.8,18.0,13.17,6.49,4084.7,14.94,560058.0,77205223.0,12.67,6.024,14.94,16.6,237.5,237.0,233.0,248.5
2022-12-26 00:00:00+00:00,3125.6,6749.97,2.54,132453.8,18.0,13.17,6.46,2276.7,14.94,560058.0,77205223.0,12.62,6.024,14.94,16.6,236.5,236.0,232.0,239.0
2022-12-27 00:00:00+00:00,3145.4,6792.78,2.52,133293.9,18.1,13.17,6.5,1486.7,14.94,560058.0,77205223.0,12.7,6.024,14.94,16.6,238.5,238.0,237.5,240.5
2022-12-28 00:00:00+00:00,3085.9,6664.34,2.57,130773.6,17.7,13.17,6.38,1756.1,14.94,560058.0,77205223.0,12.46,6.024,14.94,16.6,234.0,233.5,232.5,240.0
2022-12-29 00:00:00+00:00,3072.7,6635.8,2.58,130213.5,17.6,13.17,6.35,1327.7,14.94,560058.0,77205223.0,12.41,6.024,14.94,16.6,233.0,232.5,230.0,234.0
2022-12-30 00:00:00+00:00,3099.1,6692.89,2.56,131333.7,17.8,13.17,6.4,951.8,14.94,560058.0,77205223.0,12.51,6.024,14.94,16.6,235.0,234.5,234.5,239.0
2023-01-02 00:00:00+00:00,3099.1,6692.89,2.56,131333.7,17.8,13.17,6.4,,14.94,560058.0,,12.51,6.024,14.94,16.6,,,,
2023-01-03 00:00:00+00:00,3198.3,6906.95,2.48,135534.1,18.4,13.17,6.61,1553.9,14.94,560058.0,,12.91,6.024,14.94,16.6,242.5,242.0,237.5,243.0
2023-01-04 00:00:00+00:00,3231.3,6978.3,2.45,136934.3,18.6,13.17,6.68,1982.3,14.94,560058.0,,13.05,6.024,14.94,16.6,245.0,244.5,241.0,246.5
2023-01-05 00:00:00+00:00,3284.2,7092.46,2.41,139174.5,18.9,13.17,6.79,2398.8,14.94,560058.0,,13.26,6.024,14.94,16.6,248.5,248.0,243.5,249.0
2023-01-06 00:00:00+00:00,3376.7,7292.25,2.35,143094.9,19.4,13.17,6.98,4782.6,14.94,560058.0,,13.63,6.024,14.94,16.6,255.5,255.0,248.5,257.5
2023-01-09 00:00:00+00:00,3277.5,7078.19,2.42,138894.4,18.8,13.17,6.77,6112.7,14.94,560058.0,,13.23,6.024,14.94,16.6,248.0,247.5,243.0,254.0
2023-01-10 00:00:00+00:00,3343.6,7220.89,2.37,141694.8,19.2,13.17,6.91,4213.1,14.94,560058.0,,13.5,6.024,14.94,16.6,253.0,252.5,249.0,258.5
2023-01-11 00:00:00+00:00,3350.2,7235.16,2.37,141974.8,19.2,13.17,6.92,2235.5,14.94,560058.0,,13.53,6.024,14.94,16.6,253.5,252.0,251.5,257.0
2023-01-12 00:00:00+00:00,3343.6,7220.89,2.37,141694.8,19.2,13.17,6.91,2098.5,14.94,560058.0,,13.5,6.024,14.94,16.6,253.0,252.5,251.5,256.0
2023-01-13 00:00:00+00:00,3211.5,6935.48,2.47,136094.2,18.4,13.17,6.64,2790.5,14.94,560058.0,,12.97,6.024,14.94,16.6,243.5,243.0,243.0,256.0
2023-01-16 00:00:00+00:00,3270.9,7063.92,2.42,138614.4,18.8,13.17,6.76,2014.3,14.94,560058.0,,13.21,6.024,14.94,16.6,247.5,247.0,244.0,248.0
2023-01-17 00:00:00+00:00,3337.0,7206.63,2.38,141414.7,19.2,13.17,6.9,1772.9,14.94,560058.0,,13.47,6.024,14.94,16.6,252.5,252.0,247.0,253.0
2023-01-18 00:00:00+00:00,3337.0,7206.63,2.38,141414.7,19.2,13.17,6.9,,14.94,560058.0,,13.47,6.024,14.94,16.6,,,,
2023-01-19 00:00:00+00:00,3337.0,7206.63,2.38,141414.7,19.2,13.17,6.9,,15.517,560058.0,,13.47,6.145,15.52,16.27,,,,
2023-01-20 00:00:00+00:00,3337.0,7206.63,2.38,141414.7,19.2,13.17,6.9,,15.517,560058.0,,13.47,6.145,15.52,16.27,,,,
2023-01-23 00:00:00+00:00,3337.0,7206.63,2.38,141414.7,19.2,13.17,6.9,,15.517,560058.0,,13.47,6.145,15.52,16.27,,,,
2023-01-24 00:00:00+00:00,3337.0,7206.63,2.38,141414.7,19.2,13.17,6.9,,15.517,560058.0,,13.47,6.145,15.52,16.27,,,,
2023-01-25 00:00:00+00:00,3337.0,7206.63,2.38,141414.7,19.2,13.17,6.9,,15.517,560058.0,,13.47,6.145,15.52,16.27,,,,
2023-01-26 00:00:00+00:00,3337.0,7206.63,2.38,141414.7,19.2,13.17,6.9,,15.517,560058.0,,13.47,6.145,15.52,16.27,,,,
2023-01-27 00:00:00+00:00,3337.0,7206.63,2.38,141414.7,19.2,13.17,6.9,,15.517,560058.0,,13.47,6.145,15.52,16.27,,,,
2023-01-30 00:00:00+00:00,3323.8,7178.08,2.39,140854.6,19.1,13.17,6.87,5448.7,15.517,560058.0,,13.42,6.145,15.52,16.27,251.5,251.0,250.5,262.0
2023-01-31 00:00:00+00:00,3218.1,6949.75,2.46,136374.2,18.5,13.17,6.65,5733.0,15.517,560058.0,,12.99,6.145,15.52,16.27,243.5,243.0,243.0,257.5
2023-02-01 00:00:00+00:00,3270.9,7063.92,2.42,138614.4,18.8,13.17,6.76,4523.1,15.517,560058.0,,13.21,6.145,15.52,16.27,247.5,247.0,245.0,251.5
2023-02-02 00:00:00+00:00,3376.7,7292.25,2.35,143094.9,19.4,13.17,6.98,5289.1,15.517,560058.0,,13.63,6.145,15.52,16.27,256.0,255.5,250.0,257.0
2023-02-03 00:00:00+00:00,3389.9,7320.79,2.34,143654.9,19.5,13.17,7.01,2267.4,15.517,560058.0,,13.69,6.145,15.52,16.27,257.0,256.5,251.5,258.0
2023-02-06 00:00:00+00:00,3403.1,7349.33,2.33,144214.9,19.5,13.17,7.03,1762.6,15.517,560058.0,,13.74,6.145,15.52,16.27,258.0,257.5,253.5,259.5
2023-02-07 00:00:00+00:00,3607.9,7791.72,2.2,152895.9,20.7,13.17,7.46,7520.7,15.517,560058.0,,14.57,6.145,15.52,16.27,273.5,273.0,259.0,273.5
2023-02-08 00:00:00+00:00,3621.2,7820.26,2.19,153455.9,20.8,13.17,7.48,4881.5,15.517,560058.0,,14.62,6.145,15.52,16.27,274.0,273.5,270.5,277.5
2023-02-09 00:00:00+00:00,3621.2,7820.26,2.19,153455.9,20.8,13.17,7.48,2667.4,15.517,560058.0,,14.62,6.145,15.52,16.27,274.0,273.0,270.5,275.5
2023-02-10 00:00:00+00:00,3614.6,7805.99,2.19,153175.9,20.8,13.17,7.47,3859.3,15.517,560058.0,,14.59,6.145,15.52,16.27,273.5,273.0,267.5,275.5
2023-02-13 00:00:00+00:00,3581.5,7734.64,2.21,151775.8,20.6,13.17,7.4,1685.6,15.517,560058.0,,14.46,6.145,15.52,16.27,271.5,271.0,268.5,273.0
2023-02-14 00:00:00+00:00,3660.8,7905.88,2.17,155136.1,21.0,13.17,7.57,2715.5,15.517,560058.0,,14.78,6.145,15.52,16.27,277.0,276.5,272.0,277.0
2023-02-15 00:00:00+00:00,3627.8,7834.53,2.19,153736.0,20.8,13.17,7.5,2873.3,15.517,560058.0,,14.65,6.145,15.52,16.27,275.0,274.5,273.5,279.5
2023-02-16 00:00:00+00:00,3746.7,8091.4,2.12,158776.5,21.5,13.17,7.74,3174.1,15.685,560058.0,,15.13,5.662,15.69,17.66,284.0,283.5,276.0,285.0
2023-02-17 00:00:00+00:00,3740.1,8077.13,2.12,158496.5,21.5,13.17,7.73,5392.1,15.685,560058.0,,15.1,5.662,15.69,17.66,284.0,283.0,280.5,290.0
2023-02-20 00:00:00+00:00,3654.2,7891.61,2.17,154856.1,21.0,13.17,7.55,3056.7,15.685,560058.0,,14.75,5.662,15.69,17.66,277.0,276.5,274.0,283.0
2023-02-21 00:00:00+00:00,3654.2,7891.61,2.17,154856.1,21.0,13.17,7.55,1585.2,15.685,560058.0,,14.75,5.662,15.69,17.66,277.0,276.5,274.0,278.5
2023-02-22 00:00:00+00:00,3647.6,7877.34,2.17,154576.1,21.0,13.17,7.54,3168.1,15.685,560058.0,,14.73,5.662,15.69,17.66,276.0,275.0,268.0,276.0
2023-02-23 00:00:00+00:00,3746.7,8091.4,2.12,158776.5,21.5,13.17,7.74,3419.0,15.685,560058.0,,15.13,5.662,15.69,17.66,283.5,283.0,274.5,284.5
2023-02-24 00:00:00+00:00,3740.1,8077.13,2.12,158496.5,21.5,13.17,7.73,3225.5,15.685,560058.0,,15.1,5.662,15.69,17.66,283.5,283.0,279.5,288.0
2023-02-27 00:00:00+00:00,3740.1,8077.13,2.12,158496.5,21.5,13.17,7.73,,15.685,560058.0,,15.1,5.662,15.69,17.66,,,,
2023-02-28 00:00:00+00:00,3740.1,8077.13,2.12,158496.5,21.5,13.17,7.73,,15.685,560058.0,,15.1,5.662,15.69,17.66,,,,
2023-03-01 00:00:00+00:00,3799.6,8205.56,2.09,161016.8,21.8,13.17,7.85,3386.9,15.685,560058.0,,15.34,5.662,15.69,17.66,288.0,287.5,272.0,290.0
2023-03-02 00:00:00+00:00,3759.9,8119.94,2.11,159336.6,21.6,13.17,7.77,2141.2,15.685,560058.0,,15.18,5.662,15.69,17.66,284.5,283.5,283.0,291.5
2023-03-03 00:00:00+00:00,3773.1,8148.48,2.1,159896.6,21.7,13.17,7.8,2493.2,15.685,560058.0,,15.23,5.662,15.69,17.66,286.0,285.5,284.0,290.0
2023-03-06 00:00:00+00:00,4037.5,8719.3,1.96,171097.8,23.2,13.17,8.34,6397.6,15.685,560058.0,,16.3,5.662,15.69,17.66,305.5,305.0,290.5,309.0
2023-03-07 00:00:00+00:00,4011.0,8662.22,1.98,169977.7,23.0,13.17,8.29,7040.3,15.685,560058.0,,16.2,5.662,15.69,17.66,304.0,303.5,301.5,317.5
2023-03-08 00:00:00+00:00,3964.8,8562.33,2.0,168017.5,22.8,13.17,8.19,3224.6,15.685,560058.0,,16.01,5.662,15.69,17.66,300.0,299.5,295.0,302.0
2023-03-09 00:00:00+00:00,4037.5,8719.3,1.96,171097.8,23.2,13.17,8.34,3388.2,15.685,560058.0,,16.3,5.662,15.69,17.66,305.5,304.5,302.5,306.5
2023-03-10 00:00:00+00:00,3938.3,8505.25,2.01,166897.4,22.6,13.17,8.14,3807.7,15.685,560058.0,,15.9,5.662,15.69,17.66,298.5,298.0,297.0,308.0
2023-03-13 00:00:00+00:00,3971.4,8576.6,2.0,168297.5,22.8,13.17,8.21,3312.1,15.685,560058.0,,16.04,5.662,15.69,17.66,300.5,300.0,291.5,301.0
2023-03-14 00:00:00+00:00,3839.2,8291.19,2.07,162696.9,19.8,14.64,7.93,4698.5,15.685,560058.0,,15.5,5.662,15.69,17.66,290.5,290.0,289.5,295.0
2023-03-15 00:00:00+00:00,3991.2,8619.41,1.99,169137.6,20.6,14.64,8.25,5453.7,15.685,560058.0,,16.12,5.662,15.69,17.66,302.0,301.5,294.5,309.0
2023-03-16 00:00:00+00:00,3905.3,8433.89,2.03,165497.2,20.2,14.64,8.07,5074.2,16.143,560058.0,,15.77,5.557,16.14,18.0,296.0,295.5,292.0,304.5
2023-03-17 00:00:00+00:00,3892.1,8405.35,2.04,164937.2,20.1,14.64,8.04,4490.5,16.143,560058.0,,15.72,5.557,16.14,18.0,295.0,294.5,292.5,301.0
2023-03-20 00:00:00+00:00,3892.1,8405.35,2.04,164937.2,20.1,14.64,8.04,2208.0,16.143,560058.0,,15.72,5.557,16.14,18.0,295.0,294.5,291.5,298.0
2023-03-21 00:00:00+00:00,4024.2,8690.76,1.97,170537.8,20.8,14.64,8.32,5750.8,16.143,560058.0,,16.25,5.557,16.14,18.0,305.0,304.5,297.0,308.0
2023-03-22 00:00:00+00:00,4090.3,8833.47,1.94,173363.2,21.1,14.64,8.45,4784.0,16.143,560140.0,,16.52,5.557,16.14,18.0,309.5,309.0,304.0,312.5
2023-03-23 00:00:00+00:00,4136.6,8933.36,1.92,175323.8,21.4,14.64,8.55,2077.4,16.143,560140.0,,16.7,5.557,16.14,18.0,313.5,313.0,308.0,313.5
2023-03-24 00:00:00+00:00,4169.6,9004.71,1.9,176724.1,21.6,14.64,8.62,3472.8,16.143,560140.0,,16.84,5.557,16.14,18.0,315.5,315.0,310.0,319.0
2023-03-27 00:00:00+00:00,4030.9,8705.03,1.97,170842.6,20.8,14.64,8.33,3218.1,16.143,560140.0,,16.28,5.557,16.14,18.0,305.5,305.0,304.0,317.0
2023-03-28 00:00:00+00:00,4037.5,8719.3,1.96,171122.7,20.9,14.64,8.34,5492.5,16.143,560140.0,,16.3,5.557,16.14,18.0,306.0,305.5,301.5,312.0
2023-03-29 00:00:00+00:00,4057.3,8762.11,1.95,171962.9,21.0,14.64,8.38,1846.6,16.143,560140.0,,16.38,5.557,16.14,18.0,307.0,306.0,303.5,311.0
2023-03-30 00:00:00+00:00,4123.4,8904.82,1.92,174763.6,21.3,14.64,8.52,4011.0,16.143,560140.0,,16.65,5.557,16.14,18.0,312.0,311.0,307.0,313.0
2023-03-31 00:00:00+00:00,4215.9,9104.61,1.88,178684.6,21.8,14.64,8.71,5404.5,16.143,560140.0,,17.02,5.557,16.14,18.0,319.0,318.0,311.0,319.0
2023-04-03 00:00:00+00:00,4215.9,9104.61,1.88,178684.6,21.8,14.64,8.71,,16.143,560140.0,,17.02,5.557,16.14,18.0,,,,
2023-04-04 00:00:00+00:00,4215.9,9104.61,1.88,178684.6,21.8,14.64,8.71,,16.143,560140.0,,17.02,5.557,16.14,18.0,,,,
2023-04-05 00:00:00+00:00,4215.9,9104.61,1.88,178684.6,21.8,14.64,8.71,,16.143,560140.0,,17.02,5.557,16.14,18.0,,,,
2023-04-06 00:00:00+00:00,4182.8,9033.25,1.9,177284.2,21.6,14.64,8.64,7459.5,16.143,560140.0,,16.89,5.557,16.14,18.0,317.0,316.5,305.5,323.5
2023-04-07 00:00:00+00:00,4083.7,8819.2,1.94,173083.2,21.1,14.64,8.44,3932.8,16.143,560140.0,,16.49,5.557,16.14,18.0,309.5,309.0,306.5,323.5
2023-04-10 00:00:00+00:00,4077.1,8804.93,1.94,172803.1,21.1,14.64,8.43,3302.3,16.143,560140.0,,16.46,5.557,16.14,18.0,308.5,308.0,303.5,309.0
2023-04-11 00:00:00+00:00,4116.8,8890.55,1.93,174483.5,21.3,14.64,8.51,4100.4,16.143,560140.0,,16.62,5.557,16.14,18.0,311.5,311.0,307.5,313.5
2023-04-12 00:00:00+00:00,4136.6,8933.36,1.92,175323.8,21.4,14.64,8.55,3305.0,16.143,560140.0,,16.7,5.557,16.14,18.0,313.0,312.5,309.5,314.0
2023-04-13 00:00:00+00:00,3997.8,8633.68,1.98,169442.3,20.7,14.64,8.26,4536.6,16.143,560140.0,,16.14,5.557,16.14,18.0,303.0,302.5,301.5,316.5
2023-04-14 00:00:00+00:00,4169.6,9004.71,1.9,176724.1,21.6,14.64,8.62,3125.0,16.143,560140.0,,16.84,5.557,16.14,18.0,315.5,315.0,304.5,316.0
2023-04-17 00:00:00+00:00,4136.6,8933.36,1.92,175323.8,21.4,14.64,8.55,1968.4,16.143,560140.0,,16.7,5.557,16.14,18.0,313.0,312.5,311.5,315.5
2023-04-18 00:00:00+00:00,4143.2,8947.63,1.91,175603.8,21.4,14.64,8.56,2373.3,16.143,560140.0,,16.73,5.557,16.14,18.0,314.0,313.0,308.0,316.5
2023-04-19 00:00:00+00:00,4222.5,9118.88,1.88,178964.6,21.8,14.64,8.73,2449.2,16.143,560140.0,,17.05,5.557,16.14,18.0,319.5,319.0,315.5,322.5
2023-04-20 00:00:00+00:00,3945.0,8519.52,2.01,167201.7,20.4,14.64,8.15,4602.0,16.33,560140.0,,15.93,5.209,16.33,19.2,299.0,298.5,298.0,316.0
2023-04-21 00:00:00+00:00,3905.3,8433.89,2.03,165521.3,20.2,14.64,8.07,3980.9,16.33,560140.0,,15.77,5.209,16.33,19.2,295.5,295.0,289.0,302.0
2023-04-24 00:00:00+00:00,3945.0,8519.52,2.01,167201.7,20.4,14.64,8.15,1399.1,16.33,560140.0,,15.93,5.209,16.33,19.2,299.0,298.5,291.5,300.0
2023-04-25 00:00:00+00:00,3799.6,8205.56,2.09,161040.1,19.6,14.64,7.85,2630.5,16.33,560140.0,,15.34,5.209,16.33,19.2,288.0,287.5,286.5,297.5
2023-04-26 00:00:00+00:00,3865.7,8348.27,2.05,163840.9,20.0,14.64,7.99,3755.5,16.33,560140.0,,15.61,5.209,16.33,19.2,292.5,292.0,285.0,293.5
2023-04-27 00:00:00+00:00,3819.4,8248.38,2.08,161880.4,19.7,14.64,7.89,3462.2,16.33,560140.0,,15.42,5.209,16.33,19.2,289.5,289.0,287.0,294.5
2023-04-28 00:00:00+00:00,3951.6,8533.79,2.01,167481.8,20.4,14.64,8.17,2436.5,16.33,560140.0,,15.96,5.209,16.33,19.2,299.5,299.0,291.0,299.0
2023-05-01 00:00:00+00:00,3951.6,8533.79,2.01,167481.8,20.4,14.64,8.17,,16.33,560140.0,,15.96,5.209,16.33,19.2,,,,
2023-05-02 00:00:00+00:00,3938.3,8505.25,2.01,166921.6,20.4,14.64,8.14,2460.5,16.33,560140.0,,15.9,5.209,16.33,19.2,298.5,298.0,297.0,304.5
2023-05-03 00:00:00+00:00,3898.7,8419.62,2.03,165241.2,20.2,14.64,8.06,3009.3,16.33,560140.0,,15.74,5.209,16.33,19.2,296.0,295.0,288.5,296.5
2023-05-04 00:00:00+00:00,3938.3,8505.25,2.01,166921.6,20.4,14.64,8.14,2239.2,16.33,560140.0,,15.9,5.209,16.33,19.2,298.0,297.0,291.5,299.5
2023-05-05 00:00:00+00:00,3812.8,8234.11,2.08,161600.3,19.7,14.64,7.88,5361.1,16.33,560140.0,,15.39,5.209,16.33,19.2,289.0,288.5,285.5,295.5
2023-05-08 00:00:00+00:00,3898.7,8419.62,2.03,165241.2,20.2,14.64,8.06,2370.4,16.33,560140.0,,15.74,5.209,16.33,19.2,295.0,294.5,290.5,297.0
2023-05-09 00:00:00+00:00,3865.7,8348.27,2.05,163840.9,20.0,14.64,7.99,2241.3,16.33,560140.0,,15.61,5.209,16.33,19.2,292.5,292.0,291.5,296.0
2023-05-10 00:00:00+00:00,3786.4,8177.02,2.09,160480.0,19.6,14.64,7.82,2020.9,16.33,560140.0,,15.29,5.209,16.33,19.2,287.0,286.5,283.5,289.5
2023-05-11 00:00:00+00:00,3726.9,8048.59,2.13,157959.4,19.3,14.64,7.7,2287.6,16.33,560140.0,,15.05,5.209,16.33,19.2,282.0,281.0,279.5,287.0
2023-05-12 00:00:00+00:00,3806.2,8219.83,2.08,161320.3,18.0,15.98,7.87,2256.8,16.33,560140.0,,15.37,5.209,16.33,19.2,288.0,287.5,281.0,288.5
2023-05-15 00:00:00+00:00,3799.6,8205.56,2.09,161040.1,18.0,15.98,7.85,2102.7,16.33,560140.0,,15.34,5.209,16.33,19.2,287.5,287.0,283.5,292.5
2023-05-16 00:00:00+00:00,3905.3,8433.89,2.03,165521.3,18.5,15.98,8.07,2216.5,16.33,560140.0,,15.77,5.209,16.33,19.2,295.5,295.0,290.5,296.5
2023-05-17 00:00:00+00:00,3905.3,8433.89,2.03,165521.3,18.5,15.98,8.07,2018.9,16.33,560140.0,,15.77,5.209,16.33,19.2,296.0,295.5,294.0,300.0
2023-05-18 00:00:00+00:00,3918.5,8462.43,2.02,166081.4,18.6,15.98,8.1,2183.4,16.582,560140.0,,15.82,5.611,16.58,17.82,297.0,296.5,296.5,301.0
2023-05-19 00:00:00+00:00,3845.8,8305.46,2.06,163000.7,18.2,15.98,7.95,3115.0,16.582,560140.0,,15.53,5.611,16.58,17.82,291.0,290.0,287.5,299.5
2023-05-22 00:00:00+00:00,3753.3,8105.67,2.11,159079.7,17.8,15.98,7.76,2660.9,16.582,560140.0,,15.15,5.611,16.58,17.82,285.0,284.0,281.0,289.0
2023-05-23 00:00:00+00:00,3779.8,8162.75,2.1,160205.4,17.9,15.98,7.81,1433.5,16.582,560159.0,,15.26,5.611,16.58,17.82,286.5,286.0,286.0,289.0
2023-05-24 00:00:00+00:00,3740.1,8077.13,2.12,158524.9,17.7,15.98,7.73,1819.9,16.582,560159.0,,15.1,5.611,16.58,17.82,283.5,283.0,281.0,287.5
2023-05-25 00:00:00+00:00,3905.3,8433.89,2.03,165526.9,18.5,15.98,8.07,4416.7,16.582,560159.0,,15.77,5.611,16.58,17.82,297.0,295.5,283.5,298.5
2023-05-26 00:00:00+00:00,4295.2,9275.86,1.85,182051.6,20.3,15.98,8.88,10731.9,16.582,560159.0,,17.34,5.611,16.58,17.82,,325.0,310.0,325.0
2023-05-29 00:00:00+00:00,4724.7,10203.44,1.68,200256.8,22.4,15.98,9.76,9468.8,16.582,560159.0,,19.08,5.611,16.58,17.82,,357.5,346.5,357.5
2023-05-30 00:00:00+00:00,4678.4,10103.55,1.69,198296.2,22.2,15.98,9.67,17296.3,16.582,560159.0,,18.89,5.611,16.58,17.82,354.5,354.0,346.5,378.5
2023-05-31 00:00:00+00:00,4665.2,10075.0,1.7,197736.1,22.1,15.98,9.64,9987.4,16.582,560159.0,,18.84,5.611,16.58,17.82,354.0,353.0,343.5,364.5
2023-06-01 00:00:00+00:00,4519.8,9761.05,1.75,191574.3,21.4,15.98,9.34,8853.9,16.699,560159.0,,18.25,4.883,16.7,20.48,342.5,342.0,336.5,347.5
2023-06-02 00:00:00+00:00,4533.1,9789.59,1.75,192134.4,21.5,15.98,9.37,6963.2,16.699,560159.0,,18.3,4.883,16.7,20.48,343.0,342.5,333.0,348.0
2023-06-05 00:00:00+00:00,,,,,,,9.42,3187.0,16.699,560159.0,,18.41,4.883,16.7,20.48,345.5,345.0,339.0,348.0
2023-06-06 00:00:00+00:00,,,,,,,,,,,,,,16.7,20.48,354.5,354.0,345.5,359.5
